Hobby,Country,Student,FormalEducation,UndergradMajor,DevType,YearsCoding,HoursComputer,Exercise,Gender,SexualOrientation,EducationParents,RaceEthnicity,Dependents,Continent,ConvertedSalary,HDI,GDP,GINI,TempTreatment
1,1,1,1,1,1,1,1,1,1,1,1,1,1,1,420,1,1,1,0
2,2,1,2,1,2,2,2,1,2,1,1,1,1,2,10958,2,2,2,0
2,3,1,2,1,3,3,1,2,1,1,2,2,2,1,72611,1,1,3,0
1,4,1,1,2,1,2,1,3,1,1,3,1,1,3,900000,1,3,2,0
1,5,1,3,1,1,2,2,3,1,1,3,1,1,1,30000,2,2,1,0
1,4,1,1,1,4,2,2,3,2,1,2,1,1,3,60000,1,3,2,0
2,4,1,1,1,1,3,1,1,1,1,3,1,2,3,80000,1,3,2,0
2,4,1,1,3,1,1,2,3,1,1,4,1,1,3,74000,1,3,2,0
2,2,1,2,1,1,2,2,1,1,1,3,3,2,2,6576,2,2,2,0
2,4,1,2,1,1,4,2,4,1,1,1,1,1,3,115000,1,3,2,0
2,4,1,4,1,1,4,2,1,2,2,1,1,1,3,90000,1,3,2,0
2,4,1,2,1,1,3,2,1,1,1,5,1,1,3,120000,1,3,2,0
2,4,1,1,4,1,5,2,2,1,1,1,1,1,3,36000,1,3,2,0
2,1,1,1,1,1,4,3,2,1,1,1,1,1,1,45144,1,1,1,0
2,1,1,2,5,1,6,2,2,1,1,1,1,2,1,82648,1,1,1,0
2,4,1,1,1,3,1,3,1,1,1,1,1,1,3,78000,1,3,2,0
1,6,1,3,6,1,2,3,3,1,1,6,1,1,1,42456,2,2,2,0
1,5,1,2,1,1,7,2,4,1,1,2,1,1,1,30000,2,2,1,0
2,2,1,2,1,5,7,1,3,1,1,7,3,1,2,34440,2,2,2,0
2,4,1,1,2,3,7,1,1,1,1,6,1,1,3,141625,1,3,2,0
2,1,1,2,1,6,3,1,4,1,1,1,1,2,1,71095,1,1,1,0
1,7,1,3,1,1,7,2,3,1,1,3,1,1,1,35244,1,1,1,0
1,2,1,2,3,7,2,2,2,1,1,1,3,1,2,4696,2,2,2,0
2,4,1,1,1,1,1,2,2,1,1,1,1,1,3,120000,1,3,2,0
2,1,1,5,1,6,2,2,3,1,3,3,1,1,1,63896,1,1,1,0
2,3,1,1,1,3,2,2,4,1,1,2,1,1,1,63628,1,1,3,0
2,4,1,1,1,1,8,2,1,1,1,1,1,1,3,110000,1,3,2,0
2,2,2,2,1,2,2,2,3,1,1,7,1,1,2,9768,2,2,2,0
2,1,1,3,1,4,4,2,2,1,1,2,1,2,1,916764,1,1,1,0
2,8,1,1,1,8,1,2,3,1,1,3,1,1,1,30597,1,1,1,0
1,9,2,1,1,1,2,2,3,1,1,1,4,1,2,228888,2,2,2,0
2,5,1,2,1,1,2,3,4,1,1,2,1,1,1,42348,2,2,1,0
2,2,1,1,1,1,4,1,1,1,1,2,5,1,2,37572,2,2,2,0
2,3,1,2,1,1,7,2,4,1,1,1,1,1,1,55392,1,1,3,0
2,2,1,1,1,2,1,2,3,1,1,3,6,2,2,27708,2,2,2,0
2,4,1,1,2,8,1,2,3,1,2,4,1,1,3,70000,1,3,2,0
2,10,1,2,3,1,7,1,1,1,1,3,1,1,4,59980,1,1,1,0
2,10,1,1,3,7,4,1,1,1,1,5,1,1,4,91969,1,1,1,0
2,11,3,1,1,1,7,1,2,1,1,4,1,1,1,55075,1,1,1,0
2,2,2,2,1,1,7,3,1,1,1,3,1,1,2,7512,2,2,2,0
1,4,1,1,1,1,7,2,1,1,1,6,1,1,3,105000,1,3,2,0
2,4,1,4,1,2,7,2,2,1,1,3,1,1,3,105000,1,3,2,0
2,11,1,6,1,1,1,2,3,1,1,2,1,1,1,42836,1,1,1,0
1,11,1,2,1,1,3,2,3,1,1,2,1,2,1,64866,1,1,1,0
2,4,1,3,1,4,1,2,2,1,1,1,1,1,3,97000,1,3,2,0
2,1,1,1,1,1,1,2,2,1,1,8,1,1,1,45838,1,1,1,0
1,7,1,5,3,1,7,2,4,1,1,2,1,1,1,48955,1,1,1,0
2,4,1,2,3,4,7,1,3,1,1,4,1,1,3,125000,1,3,2,0
2,12,1,1,1,1,1,2,3,1,1,5,1,1,3,72469,1,1,1,0
1,7,1,5,7,1,3,1,2,1,1,7,1,1,1,39648,1,1,1,0
2,1,1,1,1,9,1,2,3,1,1,2,1,2,1,62507,1,1,1,0
2,13,3,3,1,1,7,2,3,1,1,7,1,1,1,29373,1,1,1,0
2,1,3,1,1,10,3,2,4,1,1,3,1,2,1,90288,1,1,1,0
2,7,1,1,1,1,4,2,3,1,1,1,2,2,1,122388,1,1,1,0
2,7,2,5,1,7,1,2,3,1,1,2,1,1,1,11748,1,1,1,0
1,10,1,1,1,1,7,1,4,1,1,1,1,2,4,61580,1,1,1,0
2,2,1,1,3,8,2,3,2,1,1,1,6,1,2,26612,2,2,2,0
2,2,1,1,1,3,2,2,1,1,1,1,3,1,2,18780,2,2,2,0
2,2,1,2,1,2,2,2,3,2,1,5,1,2,2,3569,2,2,2,0
2,2,2,1,1,1,2,2,2,1,1,2,3,2,2,1879,2,2,2,0
1,2,1,1,1,11,4,2,4,2,1,1,3,2,2,46963,2,2,2,0
2,2,2,2,1,1,4,3,4,1,1,3,3,1,2,8140,2,2,2,0
2,4,2,1,8,1,4,2,3,1,1,1,1,2,3,81000,1,3,2,0
2,5,1,2,3,1,2,2,2,1,1,3,1,2,1,33528,2,2,1,0
2,4,1,1,2,6,2,2,3,2,2,8,1,1,3,65000,1,3,2,0
2,14,1,1,1,1,1,2,2,1,1,1,2,1,5,21708,3,2,2,0
2,7,1,5,8,1,4,2,2,1,1,5,1,1,1,58746,1,1,1,0
1,1,1,1,1,1,3,1,4,1,1,8,1,1,1,52783,1,1,1,0
2,2,2,1,1,1,7,1,4,1,1,3,3,2,2,38510,2,2,2,0
2,4,1,1,7,1,2,2,2,1,1,3,1,2,3,105000,1,3,2,0
2,1,1,1,4,12,1,3,3,1,1,1,1,1,1,47227,1,1,1,0
1,4,1,2,1,1,7,1,4,1,1,2,1,2,3,100000,1,3,2,0
2,13,1,1,1,3,2,2,2,1,1,1,1,1,1,29373,1,1,1,0
1,6,1,2,1,2,2,2,1,1,3,3,1,1,1,33972,2,2,2,0
2,4,1,2,8,13,1,2,3,1,1,5,1,1,3,140000,1,3,2,0
2,2,1,1,3,1,2,2,3,1,1,2,3,2,2,7140,2,2,2,0
2,4,1,1,1,1,7,2,3,1,1,3,1,1,3,59500,1,3,2,0
2,15,1,4,1,1,2,2,2,1,1,3,4,1,2,56172,1,1,2,0
2,1,1,2,1,1,7,2,4,1,1,3,1,1,1,51394,1,1,1,0
2,16,2,1,1,1,1,3,3,1,1,3,1,1,1,40392,1,1,3,0
2,6,1,2,1,1,1,2,1,1,1,3,1,1,1,42456,2,2,2,0
1,4,1,1,3,1,2,1,2,1,1,3,1,1,3,72500,1,3,2,0
2,1,1,1,1,1,4,3,2,1,1,1,1,1,1,65285,1,1,1,0
2,4,1,1,9,3,3,2,3,2,1,1,1,1,3,75000,1,3,2,0
1,11,1,6,5,9,2,3,2,1,1,5,1,1,1,37940,1,1,1,0
2,4,1,2,2,1,2,2,2,1,1,6,6,2,3,125000,1,3,2,0
2,4,1,1,1,1,1,2,3,1,1,8,1,1,3,25000,1,3,2,0
2,1,1,2,5,1,9,2,3,1,4,1,1,1,1,75504,1,1,1,0
2,14,1,1,1,1,2,2,2,1,1,2,1,1,5,187152,3,2,2,0
2,7,2,2,1,8,7,2,2,1,1,3,1,1,1,52872,1,1,1,0
1,1,1,1,1,4,4,2,2,1,1,6,1,1,1,55562,1,1,1,0
2,4,1,1,1,3,1,2,2,1,1,1,1,1,3,125000,1,3,2,0
2,11,1,3,1,6,1,1,2,1,1,8,2,1,1,36716,1,1,1,0
1,13,1,2,1,1,7,1,1,1,1,7,2,1,1,10572,1,1,1,0
2,4,1,3,1,1,4,2,3,1,1,3,1,2,3,155000,1,3,2,0
2,12,1,3,1,1,1,1,3,1,1,8,1,2,3,52339,1,1,1,0
1,4,1,1,1,12,1,3,2,1,1,6,1,1,3,90000,1,3,2,0
1,12,1,4,1,1,4,1,3,1,1,1,1,2,3,43482,1,1,1,0
2,4,1,1,1,10,3,2,3,1,1,1,1,2,3,140000,1,3,2,0
1,12,1,1,8,1,4,2,4,1,1,1,2,1,3,48313,1,1,1,0
1,6,1,1,1,1,3,2,2,1,1,1,1,2,1,42456,2,2,2,0
2,11,1,2,1,1,1,1,2,2,1,3,1,2,1,39776,1,1,1,0
2,4,1,1,1,1,3,2,3,1,1,3,1,1,3,94600,1,3,2,0
2,15,1,1,1,1,7,2,4,1,1,6,4,1,2,87768,1,1,2,0
2,1,1,2,7,1,7,2,3,1,1,1,1,1,1,62507,1,1,1,0
2,1,1,7,1,8,3,1,1,2,1,3,6,2,1,59729,1,1,1,0
2,4,1,7,3,1,7,2,4,1,1,1,3,1,3,80000,1,3,2,0
1,11,1,7,7,8,1,2,4,1,1,1,4,1,1,36720,1,1,1,0
2,4,1,1,1,1,3,2,3,1,1,1,1,1,3,106000,1,3,2,0
2,1,1,1,1,1,1,1,2,1,1,1,1,1,1,86120,1,1,1,0
2,4,1,1,2,14,2,3,4,2,1,1,1,1,3,2000000,1,3,2,0
2,17,1,1,8,1,7,2,3,1,1,3,1,1,1,587460,1,1,3,0
2,18,1,3,1,1,3,2,3,1,1,2,1,2,1,93840,1,1,3,0
2,4,1,2,3,1,7,2,3,1,1,3,1,2,3,91000,1,3,2,0
2,1,1,1,1,6,3,2,3,1,1,8,1,2,1,58340,1,1,1,0
2,16,1,1,1,7,1,1,1,1,1,1,1,1,1,51408,1,1,3,0
2,17,1,3,1,1,2,2,4,1,1,3,1,1,1,30840,1,1,3,0
2,11,1,2,1,4,7,2,1,1,1,2,1,1,1,41612,1,1,1,0
2,4,1,1,8,12,3,3,3,1,1,1,1,1,3,55000,1,3,2,0
2,4,1,1,8,1,1,2,2,1,1,6,1,1,3,75000,1,3,2,0
2,12,2,4,1,1,3,2,3,1,1,1,1,1,3,60391,1,1,1,0
2,16,1,3,1,1,2,3,3,1,1,3,1,1,1,41124,1,1,3,0
1,4,1,1,1,1,1,1,1,1,1,1,1,1,3,70000,1,3,2,0
1,2,1,1,3,6,2,1,4,1,1,1,3,1,2,5479,2,2,2,0
2,12,1,1,1,14,10,2,1,1,1,1,2,2,3,96626,1,1,1,0
2,4,1,7,1,1,3,2,1,1,1,2,1,1,3,280000,1,3,2,0
2,4,1,2,8,13,2,1,2,1,1,3,1,1,3,53000,1,3,2,0
2,4,1,1,8,1,7,2,4,1,1,2,1,1,3,68000,1,3,2,0
2,4,3,1,10,4,2,1,1,1,1,1,6,1,3,80000,1,3,2,0
2,7,3,3,1,14,1,3,3,1,1,2,1,2,1,51408,1,1,1,0
2,2,1,1,3,2,2,2,1,1,1,1,1,2,2,14089,2,2,2,0
2,2,1,2,1,1,3,2,3,1,1,3,3,1,2,12524,2,2,2,0
2,2,2,1,1,2,2,2,4,1,1,1,3,1,2,3914,2,2,2,0
2,1,1,1,3,1,7,2,3,1,1,1,1,1,1,69452,1,1,1,0
1,10,1,2,1,2,3,1,4,1,1,3,1,1,4,199950,1,1,1,0
2,13,1,3,1,1,4,2,3,1,1,8,3,1,1,34269,1,1,1,0
1,16,1,2,1,1,4,1,3,1,1,3,1,1,1,60216,1,1,3,0
1,10,1,1,1,3,3,2,2,1,1,1,3,2,4,71976,1,1,1,0
2,10,1,1,1,1,1,1,1,1,1,1,1,1,4,63979,1,1,1,0
2,2,1,1,1,3,2,2,3,2,1,1,6,2,2,12524,2,2,2,0
1,4,1,1,9,6,2,1,3,1,1,5,1,1,3,2000000,1,3,2,0
2,4,1,1,1,1,1,1,2,1,1,3,1,1,3,2000000,1,3,2,0
2,4,1,1,1,1,1,2,3,1,1,1,1,1,3,80000,1,3,2,0
2,14,1,2,1,1,1,1,2,1,1,2,2,1,5,27696,3,2,2,0
2,2,1,1,8,1,7,2,1,1,1,1,1,1,2,9396,2,2,2,0
2,2,1,2,1,1,5,1,3,2,1,2,1,1,2,936,2,2,2,0
2,18,1,7,7,4,8,1,2,1,1,3,1,1,1,104269,1,1,3,0
2,2,1,1,1,1,2,2,1,1,1,7,1,1,2,11647,2,2,2,0
2,7,1,1,8,1,7,2,1,1,1,8,1,1,1,46992,1,1,1,0
1,4,1,1,1,9,2,3,3,1,1,8,1,1,3,55000,1,3,2,0
2,4,1,1,1,2,1,1,1,1,3,3,1,1,3,150150,1,3,2,0
2,2,1,2,1,1,7,1,1,1,1,1,1,1,2,9396,2,2,2,0
2,4,1,1,4,1,5,1,3,1,1,1,1,1,3,63000,1,3,2,0
2,1,1,1,1,1,1,2,2,2,2,5,1,1,1,84731,1,1,1,0
2,10,1,1,8,1,11,3,1,1,1,3,1,1,4,79973,1,1,1,0
2,19,2,2,1,1,1,2,2,1,1,3,1,1,1,49932,1,1,3,0
1,2,1,2,8,1,7,2,4,1,1,1,1,1,2,32874,2,2,2,0
1,2,1,2,11,1,2,2,3,1,1,6,1,2,2,7512,2,2,2,0
2,7,1,2,1,1,1,3,3,1,1,2,1,1,1,61194,1,1,1,0
2,5,1,2,1,1,7,2,4,1,1,3,1,1,1,10584,2,2,1,0
2,7,1,3,11,3,7,2,3,1,1,1,3,2,1,68537,1,1,1,0
2,4,1,2,1,1,2,2,3,1,1,3,3,2,3,85000,1,3,2,0
2,1,1,2,1,1,1,1,1,1,1,7,3,1,1,61118,1,1,1,0
2,4,1,1,1,9,7,3,3,1,1,3,1,1,3,175000,1,3,2,0
2,4,1,1,1,3,7,1,2,1,1,6,2,1,3,58000,1,3,2,0
2,4,1,1,1,1,4,3,4,1,1,3,1,1,3,125000,1,3,2,0
2,7,1,7,3,4,3,2,4,1,1,3,1,2,1,110149,1,1,1,0
1,4,1,1,1,1,7,1,3,1,1,3,6,2,3,88000,1,3,2,0
2,14,1,1,3,5,3,1,2,1,1,4,2,1,5,29940,3,2,2,0
2,7,2,8,1,1,2,1,3,1,1,2,1,1,1,17628,1,1,1,0
2,10,2,1,1,1,1,2,4,1,1,7,3,2,4,107964,1,1,1,0
2,6,1,1,7,15,2,2,4,1,1,3,1,2,1,48828,2,2,2,0
2,16,1,2,1,1,11,2,4,1,1,3,1,1,1,79552,1,1,3,0
2,14,2,1,1,1,7,1,3,1,1,3,1,1,5,6360,3,2,2,0
2,4,1,1,1,8,3,1,3,1,1,1,1,1,3,83000,1,3,2,0
2,4,1,3,11,1,4,2,4,1,1,2,1,1,3,72000,1,3,2,0
2,4,1,1,4,1,2,1,4,2,2,1,7,1,3,85000,1,3,2,0
1,20,1,2,1,1,1,1,4,1,1,5,1,1,1,30000,3,2,2,0
2,4,1,2,1,15,1,1,1,1,1,3,1,1,3,75000,1,3,2,0
2,11,1,2,1,9,7,1,2,1,1,3,1,1,1,52321,1,1,1,0
2,1,1,1,1,15,4,2,2,1,1,2,1,1,1,79175,1,1,1,0
2,4,1,1,1,1,1,2,3,1,1,1,1,1,3,72000,1,3,2,0
2,18,1,1,1,1,4,2,3,1,1,5,1,2,1,1000000,1,1,3,0
2,4,1,3,9,6,2,2,2,1,1,1,1,1,3,110000,1,3,2,0
2,10,2,4,6,1,11,4,1,1,1,8,1,1,4,35988,1,1,1,1
2,4,1,1,4,3,5,1,4,1,1,5,1,1,3,85000,1,3,2,0
2,2,2,1,1,2,2,2,3,1,1,7,1,1,2,5640,2,2,2,0
2,4,1,4,1,1,1,3,3,1,2,1,1,1,3,96000,1,3,2,0
2,4,1,3,1,1,1,2,3,1,1,2,1,2,3,94000,1,3,2,0
2,1,1,1,1,1,1,2,1,1,1,5,1,2,1,125014,1,1,1,0
2,4,1,1,1,1,1,2,2,1,1,2,1,1,3,76000,1,3,2,0
1,5,3,1,1,1,7,2,3,1,1,1,1,1,1,49404,2,2,1,0
2,4,2,1,1,4,3,2,1,1,1,3,1,1,3,85000,1,3,2,0
2,13,1,1,1,1,7,1,3,1,1,8,1,1,1,36716,1,1,1,0
2,4,1,3,9,1,3,2,3,1,1,1,1,1,3,130000,1,3,2,0
2,13,1,1,1,3,5,2,3,2,1,2,1,1,1,22032,1,1,1,0
1,4,3,1,1,16,7,1,4,1,1,3,1,1,3,95000,1,3,2,0
2,4,1,1,1,4,2,2,1,2,1,2,1,1,3,80000,1,3,2,0
2,4,1,1,1,2,3,3,3,1,1,1,1,1,3,141000,1,3,2,0
2,16,1,1,7,1,11,2,2,1,1,3,5,1,1,55075,1,1,3,0
2,4,2,1,3,8,3,2,4,1,1,1,1,1,3,40000,1,3,2,0
1,4,1,1,1,1,7,2,4,1,1,1,1,1,3,102000,1,3,2,0
2,1,1,3,9,4,5,2,4,1,1,8,1,1,1,34726,1,1,1,0
2,4,1,1,9,3,2,3,2,2,1,8,1,1,3,75000,1,3,2,0
1,8,1,1,1,3,2,2,3,1,3,2,1,1,1,42836,1,1,1,0
2,11,1,1,1,1,7,2,2,1,1,1,1,1,1,39164,1,1,1,0
2,4,1,1,1,4,1,2,2,1,1,1,1,1,3,87000,1,3,2,0
2,7,1,7,7,8,7,1,2,1,1,4,1,2,1,1000000,1,1,1,0
2,2,1,2,3,1,7,2,2,1,1,3,3,2,2,14652,2,2,2,0
2,4,1,1,1,2,1,2,4,1,1,1,6,1,3,150000,1,3,2,0
1,11,1,2,5,14,7,2,4,1,1,3,1,1,1,40388,1,1,1,0
2,11,1,7,7,4,2,1,3,1,1,4,6,2,1,34269,1,1,1,0
2,9,2,1,5,1,2,3,3,1,1,1,1,1,2,9540,2,2,2,0
2,2,1,3,1,1,7,2,3,1,1,1,1,2,2,8640,2,2,2,0
2,20,1,2,3,1,4,2,3,1,1,3,1,1,1,12000,3,2,2,0
2,4,1,1,8,1,4,3,2,1,1,1,6,2,3,122300,1,3,2,0
2,16,3,2,7,1,4,1,3,1,1,4,1,2,1,36720,1,1,3,0
2,5,2,1,1,1,1,3,3,1,1,8,1,1,1,42348,2,2,1,0
2,4,1,1,2,1,2,1,4,1,1,3,1,1,3,120000,1,3,2,0
2,5,1,1,1,2,2,2,3,1,1,2,1,1,1,31760,2,2,1,0
2,20,1,2,1,2,5,2,3,1,1,3,1,1,1,12000,3,2,2,0
2,2,1,2,1,3,5,2,1,2,1,9,3,1,2,3756,2,2,2,0
2,18,1,2,1,1,11,2,2,1,1,4,1,1,1,101663,1,1,3,0
2,18,1,2,1,1,3,1,2,1,1,3,1,1,1,125123,1,1,3,0
2,1,1,1,1,1,2,2,3,1,1,1,1,2,1,38893,1,1,1,0
2,2,1,1,1,1,2,2,3,1,1,1,1,2,2,4692,2,2,2,0
2,2,3,1,1,1,7,2,4,1,1,3,3,1,2,1884,2,2,2,0
1,14,1,5,1,10,3,2,1,1,1,2,2,2,5,23208,3,2,2,0
1,2,1,1,3,1,7,2,3,1,1,1,3,2,2,12132,2,2,2,0
2,5,1,6,1,1,1,3,2,1,1,5,1,1,1,45876,2,2,1,0
2,6,2,6,5,7,1,2,2,1,1,3,1,2,1,29724,2,2,2,0
2,4,1,2,1,1,4,2,3,1,1,1,7,1,3,41276,1,3,2,0
1,3,1,1,1,4,7,2,1,1,1,2,1,1,1,42672,1,1,3,0
2,11,1,2,1,1,3,1,3,1,1,1,1,2,1,58752,1,1,1,0
2,4,1,2,8,1,1,1,4,1,1,1,1,1,3,960000,1,3,2,0
1,6,2,1,3,4,7,2,4,1,1,3,1,1,1,39768,2,2,2,0
2,13,1,6,12,4,2,1,4,1,1,5,2,1,1,22030,1,1,1,0
2,4,1,1,1,4,2,2,3,1,1,1,1,1,3,120000,1,3,2,0
2,4,1,2,3,1,2,1,1,1,1,1,6,1,3,130000,1,3,2,0
2,4,1,1,6,1,2,2,4,1,3,8,1,1,3,57000,1,3,2,0
1,2,1,1,1,1,1,2,2,1,1,1,3,2,2,14089,2,2,2,0
2,4,1,1,1,15,7,2,2,2,3,1,1,1,3,85000,1,3,2,0
2,7,2,5,1,4,7,1,2,2,1,3,1,1,1,22032,1,1,1,0
2,7,1,2,3,13,1,3,3,1,1,1,1,1,1,61194,1,1,1,0
2,4,1,1,1,1,7,2,4,2,1,3,1,1,3,105000,1,3,2,0
2,7,1,2,1,8,2,2,1,2,1,4,1,1,1,95462,1,1,1,0
2,12,3,3,1,13,2,2,1,1,1,9,7,1,3,28988,1,1,1,0
2,7,1,3,1,1,3,2,3,1,1,3,1,2,1,84448,1,1,1,0
2,14,1,3,8,1,3,3,1,1,1,9,1,2,5,37428,3,2,2,0
2,6,1,2,1,1,1,2,2,1,1,5,1,1,1,20172,2,2,2,0
2,4,1,3,3,1,3,1,3,1,1,3,1,1,3,37000,1,3,2,0
1,14,1,1,8,1,2,2,4,1,1,9,1,1,5,13848,3,2,2,0
2,1,1,1,1,1,1,2,3,1,1,3,1,1,1,48616,1,1,1,0
2,7,2,2,1,4,2,3,2,1,1,6,1,1,1,55075,1,1,1,0
2,4,1,2,1,1,1,2,3,1,1,5,1,2,3,140800,1,3,2,0
2,4,1,1,8,1,1,2,2,1,1,8,1,1,3,69000,1,3,2,0
2,4,1,2,9,3,7,1,2,1,1,3,1,2,3,95000,1,3,2,0
2,4,1,3,11,1,4,2,3,1,1,8,1,1,3,78000,1,3,2,0
1,1,1,1,12,1,3,1,1,1,1,2,1,1,1,69452,1,1,1,0
2,2,1,1,1,1,7,2,3,2,1,1,3,1,2,4884,2,2,2,0
2,4,1,1,12,1,3,2,2,1,1,8,1,1,3,65000,1,3,2,0
2,4,1,1,1,1,1,2,1,1,1,5,1,1,3,95000,1,3,2,0
2,4,1,2,1,9,4,2,3,1,1,3,1,1,3,112000,1,3,2,0
2,10,1,5,11,1,1,2,3,1,1,2,1,1,4,29200,1,1,1,0
2,4,3,3,1,2,4,1,4,1,1,4,3,1,3,15000,1,3,2,0
1,1,1,3,1,3,7,2,3,1,1,2,1,1,1,500052,1,1,1,0
2,4,1,3,1,4,2,2,1,1,1,6,1,1,3,43500,1,3,2,0
1,4,1,1,3,4,2,1,3,1,1,4,1,2,3,65000,1,3,2,0
2,2,1,2,1,2,7,1,2,1,1,3,1,1,2,13306,2,2,2,0
2,3,1,1,1,1,11,1,3,1,1,1,1,2,1,67368,1,1,3,0
2,2,1,1,1,4,7,2,3,1,1,1,3,1,2,1884,2,2,2,0
2,11,1,6,3,1,1,1,3,1,1,3,1,1,1,73433,1,1,1,0
2,4,1,1,5,14,2,2,2,1,1,4,1,1,3,60000,1,3,2,0
2,4,1,1,8,2,7,1,2,1,4,6,1,2,3,143000,1,3,2,0
2,15,1,5,1,9,8,3,3,1,1,1,1,1,2,60000,1,1,2,0
1,18,1,2,1,8,7,2,2,1,1,2,1,1,1,68820,1,1,3,0
2,4,2,2,1,1,7,1,4,1,1,3,1,1,3,20000,1,3,2,0
2,13,1,1,1,1,5,2,2,1,1,4,1,1,1,26925,1,1,1,0
2,4,1,1,2,3,5,2,4,2,1,6,5,1,3,70000,1,3,2,0
2,6,1,1,8,3,7,2,2,1,1,3,1,1,1,24000,2,2,2,0
2,1,1,1,1,2,1,1,2,1,1,2,1,1,1,41671,1,1,1,0
2,4,1,1,1,1,7,2,1,1,1,8,1,1,3,60000,1,3,2,0
1,12,1,4,1,3,2,2,2,2,1,2,1,1,3,28182,1,1,1,0
1,2,1,2,1,2,2,2,3,1,1,2,1,2,2,4884,2,2,2,0
2,13,1,8,8,1,4,2,3,1,1,7,1,1,1,32676,1,1,1,0
2,4,1,1,4,1,5,2,4,1,1,3,3,1,3,74000,1,3,2,0
2,7,1,3,1,4,7,2,4,1,1,2,1,1,1,46260,1,1,1,0
2,7,3,3,1,1,4,2,4,1,1,2,1,1,1,27612,1,1,1,0
2,12,1,1,9,3,3,2,1,1,3,3,2,1,3,72469,1,1,1,0
2,7,1,2,1,7,1,1,2,1,1,3,1,2,1,63642,1,1,1,0
2,4,1,1,1,4,7,2,3,1,1,1,1,1,3,68000,1,3,2,0
2,4,1,1,1,17,1,2,3,1,1,1,1,1,3,1050000,1,3,2,0
2,4,1,1,1,1,2,1,1,1,1,1,1,2,3,87000,1,3,2,0
2,3,1,2,1,1,4,3,2,1,1,5,1,1,1,59880,1,1,3,0
2,4,1,1,6,14,2,2,3,1,1,3,1,1,3,54000,1,3,2,0
2,19,1,2,1,1,7,2,1,1,1,2,1,1,1,51403,1,1,3,0
2,2,1,2,1,1,5,2,2,1,1,1,3,1,2,13152,2,2,2,0
2,4,1,1,1,1,4,2,4,1,1,8,1,2,3,135000,1,3,2,0
2,4,1,2,8,6,4,2,3,1,1,4,1,1,3,122000,1,3,2,0
2,19,3,1,1,1,1,1,3,1,1,2,1,1,1,61194,1,1,3,0
2,12,1,1,3,1,1,2,3,1,1,1,5,2,3,120782,1,1,1,0
1,12,1,1,1,4,7,1,3,1,1,1,1,1,3,51695,1,1,1,0
2,4,1,1,8,1,11,3,4,1,3,1,1,2,3,102000,1,3,2,0
2,2,1,1,3,4,2,3,2,1,1,6,3,1,2,4692,2,2,2,0
2,4,1,3,6,1,7,2,2,1,1,3,1,1,3,95000,1,3,2,0
2,6,1,1,12,3,2,2,2,1,1,3,1,1,1,8496,2,2,2,0
1,4,1,1,6,1,3,1,3,1,1,1,2,1,3,140000,1,3,2,0
2,1,1,1,1,15,3,2,2,1,1,2,1,1,1,49311,1,1,1,0
2,4,1,1,1,4,1,2,1,1,1,2,1,1,3,80000,1,3,2,0
2,4,1,2,1,1,4,2,3,1,1,1,1,2,3,93000,1,3,2,0
2,4,1,1,1,1,4,2,2,1,1,3,1,1,3,71000,1,3,2,0
1,2,2,1,8,3,7,2,2,1,1,1,3,2,2,187848,2,2,2,0
2,4,1,1,1,2,4,2,3,1,1,4,1,2,3,160000,1,3,2,0
2,15,1,2,1,1,7,3,1,1,1,1,1,2,2,63192,1,1,2,0
2,4,1,3,1,1,3,1,2,1,1,1,1,1,3,110000,1,3,2,0
2,4,1,2,1,1,3,2,3,1,1,6,1,2,3,154000,1,3,2,0
2,19,1,7,7,1,11,2,3,1,1,3,1,2,1,62418,1,1,3,0
2,4,1,3,1,1,1,3,3,1,1,6,1,1,3,65000,1,3,2,0
2,11,1,2,1,1,3,2,3,1,1,3,1,2,1,56298,1,1,1,0
2,4,1,1,6,14,5,1,1,1,1,1,1,1,3,80000,1,3,2,0
2,4,1,1,2,4,2,1,2,1,1,1,1,1,3,90000,1,3,2,0
2,4,1,1,8,1,2,2,2,1,1,1,1,2,3,70000,1,3,2,0
2,2,2,2,1,8,2,2,2,1,1,3,2,1,2,2352,2,2,2,0
2,13,1,2,7,1,2,2,2,1,1,5,2,1,1,55562,1,1,1,0
1,7,2,1,3,1,7,3,3,1,1,1,3,2,1,58746,1,1,1,0
2,9,1,1,3,1,2,2,3,2,1,1,1,1,2,19068,2,2,2,0
2,16,1,1,9,6,7,2,1,1,1,8,1,1,1,48468,1,1,3,0
2,4,1,1,1,3,7,2,1,1,1,1,1,1,3,110000,1,3,2,0
2,12,3,1,1,13,3,2,4,1,1,5,1,1,3,56365,1,1,1,0
2,16,1,3,3,1,2,2,3,1,1,3,1,2,1,48955,1,1,3,0
2,4,1,1,5,14,5,2,4,1,1,1,1,2,3,65000,1,3,2,0
2,4,1,1,1,1,7,2,2,2,1,6,5,1,3,100000,1,3,2,0
2,10,1,1,1,1,1,1,2,1,1,3,6,2,4,1000000,1,1,1,0
1,7,1,1,1,1,3,2,2,1,1,2,1,1,1,71597,1,1,1,0
2,2,2,2,1,1,7,3,2,1,1,2,2,2,2,25830,2,2,2,0
2,2,1,2,1,1,2,3,3,1,1,8,3,1,2,6108,2,2,2,0
2,7,3,2,7,14,6,2,3,1,1,3,1,1,1,58746,1,1,1,0
2,17,1,1,1,1,2,2,3,1,1,1,1,1,1,26148,1,1,3,0
1,16,1,1,8,2,7,1,1,1,1,1,1,1,1,61680,1,1,3,0
2,2,1,2,1,1,1,2,2,1,1,2,3,2,2,11652,2,2,2,0
1,12,1,1,1,1,2,2,3,2,1,1,1,1,3,64417,1,1,1,0
2,4,3,1,1,4,2,2,2,1,1,8,1,1,3,60000,1,3,2,0
1,3,1,2,1,1,7,1,2,1,1,1,1,1,1,50904,1,1,3,0
1,6,1,1,8,13,4,2,2,1,1,8,6,1,1,15924,2,2,2,0
2,10,1,1,8,1,4,2,4,1,1,8,1,2,4,122359,1,1,1,0
2,1,1,1,1,5,1,1,2,1,1,2,1,1,1,41671,1,1,1,0
2,14,1,1,7,1,2,2,3,1,1,1,2,1,5,22452,3,2,2,0
2,4,1,1,1,3,2,2,4,2,3,3,2,1,3,145000,1,3,2,0
2,4,1,1,1,1,11,2,3,1,1,1,1,2,3,110000,1,3,2,0
2,15,1,1,1,4,7,2,4,1,1,3,5,1,2,66708,1,1,2,0
2,8,1,2,1,1,7,1,4,1,1,5,1,1,1,29373,1,1,1,0
2,4,1,1,1,1,3,2,1,1,1,6,5,1,3,79899,1,3,2,0
1,2,1,1,8,1,1,2,3,1,1,2,3,2,2,19318,2,2,2,0
2,1,1,2,1,1,7,1,4,1,1,2,1,1,1,63896,1,1,1,0
2,7,1,1,8,13,11,2,2,1,1,1,1,2,1,60216,1,1,1,0
2,1,1,2,1,14,1,2,3,2,2,4,1,1,1,70008,1,1,1,0
2,5,1,2,1,4,4,3,4,1,1,2,1,1,1,52932,2,2,1,0
2,4,1,3,11,4,7,2,4,1,1,2,2,1,3,57500,1,3,2,0
2,4,1,3,1,1,7,2,2,1,1,5,1,1,3,72000,1,3,2,0
1,4,1,1,1,9,7,2,4,1,1,3,1,1,3,65000,1,3,2,0
2,12,1,4,1,1,7,3,3,1,1,1,1,1,3,90989,1,1,1,0
2,5,1,2,5,4,2,2,2,1,1,2,4,1,1,88200,2,2,1,0
2,7,2,2,1,1,1,2,3,1,1,2,1,2,1,88116,1,1,1,0
2,7,1,2,1,1,4,3,3,1,1,2,1,1,1,47119,1,1,1,0
2,4,1,1,1,4,7,2,1,1,1,4,4,1,3,2000000,1,3,2,0
2,5,2,1,1,15,1,3,2,1,1,2,1,1,1,40584,2,2,1,0
1,2,1,2,1,3,2,1,1,1,1,1,1,2,2,9396,2,2,2,0
1,1,1,3,8,1,2,1,3,1,1,3,1,1,1,37504,1,1,1,0
2,7,2,7,1,1,3,2,2,1,1,3,1,1,1,58752,1,1,1,0
1,7,1,2,1,7,1,2,3,1,1,1,3,1,1,56910,1,1,1,0
2,4,1,2,1,3,7,2,3,1,1,1,3,1,3,165000,1,3,2,0
2,2,1,1,1,3,7,2,4,1,1,8,3,2,2,23482,2,2,2,0
2,2,1,1,1,10,7,2,3,1,1,1,3,1,2,24420,2,2,2,0
2,4,1,1,1,1,7,2,4,1,1,3,1,1,3,125000,1,3,2,0
2,1,1,2,1,1,4,2,3,1,1,3,1,1,1,83342,1,1,1,0
2,2,1,1,8,2,5,2,4,1,2,4,1,2,2,3209,2,2,2,0
2,4,1,1,1,2,2,1,4,2,1,3,4,1,3,140000,1,3,2,0
1,4,1,1,1,1,1,2,2,1,1,2,1,1,3,73000,1,3,2,0
2,2,1,2,1,4,2,2,1,1,1,3,3,1,2,8610,2,2,2,0
2,4,3,1,2,14,5,2,4,1,1,4,1,1,3,65000,1,3,2,0
2,14,2,1,1,1,1,2,1,1,1,1,5,2,5,28068,3,2,2,0
2,7,1,1,9,3,2,3,3,1,1,8,2,2,1,67313,1,1,1,0
2,4,1,2,1,1,1,3,3,1,1,3,2,1,3,48500,1,3,2,0
2,4,1,1,1,1,1,2,3,1,1,1,1,1,3,140000,1,3,2,0
1,6,1,2,1,9,1,2,3,1,1,4,1,1,1,29724,2,2,2,0
2,2,1,1,3,2,7,1,4,1,1,2,3,1,2,11268,2,2,2,0
2,4,1,2,3,1,7,2,2,1,1,1,1,1,3,71250,1,3,2,0
2,11,1,2,1,1,3,2,4,1,1,2,1,2,1,39164,1,1,1,0
2,1,1,7,1,1,3,2,2,1,1,2,1,1,1,69452,1,1,1,0
2,2,1,1,1,4,2,1,2,1,1,1,6,1,2,5322,2,2,2,0
2,8,1,3,1,3,1,2,3,1,1,8,1,1,1,20556,1,1,1,0
2,7,1,5,12,6,2,2,3,1,1,7,1,1,1,33924,1,1,1,0
2,20,1,6,5,1,7,2,4,1,1,6,1,2,1,28800,3,2,2,0
2,4,1,1,1,1,1,1,2,1,1,3,1,1,3,75000,1,3,2,0
2,2,1,2,1,1,2,1,2,1,1,1,3,2,2,6576,2,2,2,0
1,4,1,1,7,6,5,1,1,2,1,1,1,1,3,43000,1,3,2,0
2,9,1,1,3,1,7,2,2,1,1,1,1,1,2,15895,2,2,2,0
2,3,1,2,1,3,7,2,2,1,1,7,1,2,1,64380,1,1,3,0
2,4,1,1,1,1,6,2,4,1,1,3,1,1,3,155000,1,3,2,0
2,1,1,2,1,1,3,3,3,1,1,2,1,1,1,59034,1,1,1,0
2,4,1,1,1,1,7,2,2,2,4,3,1,1,3,64400,1,3,2,0
2,2,1,1,1,1,2,1,4,1,1,9,4,1,2,25000,2,2,2,0
2,11,1,2,1,1,7,2,2,1,1,2,1,1,1,55075,1,1,1,0
2,4,1,1,6,3,5,1,1,1,1,1,1,1,3,80000,1,3,2,0
2,7,1,2,1,2,4,2,1,1,1,3,1,2,1,73433,1,1,1,0
2,11,1,2,1,1,7,1,3,2,1,4,1,1,1,39164,1,1,1,0
2,10,1,1,1,1,4,2,1,1,1,2,1,2,4,85572,1,1,1,0
2,4,1,7,1,1,9,2,3,1,1,4,1,1,3,149000,1,3,2,0
2,1,1,1,12,4,2,2,4,1,1,2,1,2,1,65285,1,1,1,0
2,4,1,1,1,1,1,2,3,1,1,1,4,2,3,75000,1,3,2,0
2,4,1,1,1,1,1,2,3,1,1,3,1,2,3,1104000,1,3,2,0
2,4,1,1,1,1,7,2,1,1,1,1,1,1,3,103000,1,3,2,0
2,14,3,2,8,1,1,2,2,1,1,7,2,2,5,29940,3,2,2,0
2,2,2,1,1,1,2,2,3,1,1,1,1,1,2,6948,2,2,2,0
1,4,1,2,1,1,1,1,3,2,1,3,1,1,3,105000,1,3,2,0
1,4,1,3,7,1,2,2,3,1,1,3,2,2,3,78000,1,3,2,0
1,18,2,2,7,8,7,1,2,1,1,8,1,1,1,50052,1,1,3,0
1,12,1,1,1,4,7,1,2,1,2,6,1,1,3,45897,1,1,1,0
2,18,1,3,11,1,2,1,3,1,1,2,1,1,1,57552,1,1,3,0
1,19,1,2,1,1,1,2,2,1,1,2,1,1,1,57400,1,1,3,0
2,18,1,3,1,4,3,2,3,1,1,3,1,1,1,102600,1,1,3,0
2,7,1,1,3,4,1,1,1,1,1,1,1,1,1,97910,1,1,1,0
2,2,1,2,1,1,1,3,3,1,1,8,1,2,2,12996,2,2,2,0
2,12,1,1,1,1,7,2,3,1,1,1,1,1,3,52339,1,1,1,0
2,2,1,2,8,2,7,3,3,1,1,1,1,1,2,17220,2,2,2,0
2,10,1,1,8,1,7,3,2,1,2,1,1,1,4,63835,1,1,1,0
2,7,1,1,1,1,3,2,2,1,1,2,1,1,1,64254,1,1,1,0
1,1,1,3,8,1,7,2,3,1,1,8,1,1,1,69452,1,1,1,0
2,2,1,1,8,1,7,2,3,1,1,1,3,1,2,2820,2,2,2,0
1,2,1,1,3,2,5,2,2,1,1,7,5,1,2,8610,2,2,2,0
2,2,1,1,9,1,1,2,3,1,1,1,3,2,2,15024,2,2,2,0
2,4,1,1,7,1,1,2,1,1,1,1,1,2,3,90000,1,3,2,0
2,4,1,1,1,9,3,2,2,1,1,1,1,1,3,78750,1,3,2,0
2,1,3,3,1,9,2,2,4,2,1,6,1,1,1,33337,1,1,1,0
1,14,1,1,1,4,3,1,3,1,1,2,2,1,5,14976,3,2,2,0
2,6,1,5,1,1,3,2,2,1,1,2,1,2,1,14856,2,2,2,0
2,7,1,1,1,2,1,1,2,1,1,4,1,1,1,74901,1,1,1,0
2,5,1,1,1,1,7,2,3,1,1,2,1,1,1,35292,2,2,1,0
2,2,2,1,1,13,5,2,1,1,1,2,1,1,2,118344,2,2,2,0
2,11,1,2,1,2,3,2,3,1,1,7,1,2,1,734328,1,1,1,0
2,11,2,2,1,4,1,2,3,1,1,1,1,1,1,30597,1,1,1,0
2,2,1,1,1,9,1,1,4,1,1,3,4,1,2,16908,2,2,2,0
2,1,1,7,2,1,1,1,2,2,2,2,1,1,1,54173,1,1,1,0
2,4,1,1,2,13,6,3,1,1,1,4,1,1,3,250000,1,3,2,0
1,2,2,1,1,2,2,4,1,1,1,1,1,1,2,41328,2,2,2,1
2,1,1,1,1,1,2,1,3,1,1,2,1,2,1,24308,1,1,1,0
1,16,1,1,1,1,7,1,2,1,1,2,1,2,1,52872,1,1,3,0
2,4,1,4,3,15,3,2,1,1,1,8,1,1,3,57000,1,3,2,0
1,17,1,2,1,4,3,1,2,1,1,3,1,1,1,79552,1,1,3,0
2,4,1,1,8,3,3,1,2,2,2,3,1,1,3,107000,1,3,2,0
1,2,1,1,1,1,7,1,1,1,1,5,3,1,2,8268,2,2,2,0
2,19,1,1,1,1,1,1,3,1,1,2,1,1,1,781320,1,1,3,0
2,2,1,2,1,1,2,2,2,1,1,3,1,2,2,20664,2,2,2,0
1,5,1,3,3,4,2,3,3,1,1,3,1,1,1,9876,2,2,1,0
1,4,1,1,4,3,5,2,2,1,1,3,1,1,3,120000,1,3,2,0
2,1,1,2,1,4,1,1,2,1,1,3,3,1,1,69452,1,1,1,0
2,18,2,4,12,1,2,2,3,1,3,3,3,1,1,15012,1,1,3,0
2,1,1,1,1,1,3,2,3,1,1,1,1,2,1,138904,1,1,1,0
2,4,1,4,4,1,2,2,1,1,1,3,1,1,3,45500,1,3,2,0
2,14,3,1,1,14,1,1,2,1,1,1,4,1,5,33684,3,2,2,0
2,4,1,2,5,1,7,2,2,1,1,3,1,1,3,57000,1,3,2,0
2,4,1,1,1,1,1,3,3,1,1,1,1,1,3,137000,1,3,2,0
2,1,1,2,1,9,4,2,1,1,3,1,1,1,1,83342,1,1,1,0
2,14,1,1,1,1,1,2,3,1,1,1,1,2,5,95000,3,2,2,0
2,1,1,2,4,1,8,2,3,1,1,2,1,1,1,48616,1,1,1,0
2,10,1,1,1,1,3,1,2,1,1,8,2,1,4,63979,1,1,1,0
1,18,1,1,1,3,1,1,4,1,1,2,1,1,1,88836,1,1,3,0
2,2,1,1,1,1,1,2,2,1,1,1,3,1,2,35222,2,2,2,0
2,4,1,1,8,3,7,2,3,1,1,2,1,1,3,72000,1,3,2,0
1,16,1,1,3,1,1,1,4,1,1,3,5,1,1,881196,1,1,3,0
2,9,3,1,8,9,2,2,3,1,1,8,1,1,2,381468,2,2,2,0
2,4,1,3,1,11,1,2,2,1,2,3,1,1,3,72800,1,3,2,0
1,11,1,2,8,4,7,1,4,1,1,8,1,1,1,45161,1,1,1,0
2,1,1,7,7,4,7,1,4,1,1,8,1,1,1,65285,1,1,1,0
2,20,1,1,3,1,3,2,3,1,1,3,1,1,1,31320,3,2,2,0
2,4,1,1,1,1,7,2,2,1,1,8,1,1,3,72000,1,3,2,0
2,7,1,5,8,1,3,3,3,1,1,3,1,1,1,48955,1,1,1,0
2,12,1,6,1,6,7,2,4,1,1,1,1,1,3,60391,1,1,1,0
2,18,1,2,1,3,3,2,4,1,1,3,4,1,1,125123,1,1,3,0
2,19,1,3,1,1,3,1,3,1,1,2,1,2,1,68537,1,1,3,0
1,4,1,1,1,15,1,3,1,1,2,3,2,1,3,103000,1,3,2,0
2,4,1,1,1,1,3,3,4,1,1,5,1,1,3,100000,1,3,2,0
2,11,1,4,12,1,5,1,3,2,2,3,1,2,1,23496,1,1,1,0
1,1,1,1,1,1,3,2,1,1,1,1,1,1,1,93760,1,1,1,0
2,2,1,1,1,1,5,2,3,1,1,1,1,1,2,6575,2,2,2,0
2,4,1,1,4,3,2,1,1,1,1,2,1,1,3,150000,1,3,2,0
2,6,1,1,1,1,4,2,2,1,1,1,1,1,1,16980,2,2,2,0
2,19,1,2,1,1,3,2,2,1,1,3,1,1,1,73433,1,1,3,0
2,5,1,2,3,1,2,2,3,1,1,3,4,1,1,35292,2,2,1,0
2,4,1,1,1,3,7,1,4,1,1,3,1,1,3,181000,1,3,2,0
2,11,1,2,1,1,1,2,1,1,1,7,1,1,1,63642,1,1,1,0
2,13,3,6,12,1,5,2,2,1,1,3,2,1,1,249672,1,1,1,0
2,4,1,1,2,4,5,1,4,1,1,3,1,1,3,60000,1,3,2,0
2,19,1,2,11,1,3,3,3,1,1,1,1,1,1,28668,1,1,3,0
2,2,1,1,1,1,7,2,1,1,1,1,3,2,2,17220,2,2,2,0
2,4,1,7,1,8,4,2,2,1,1,3,1,1,3,135000,1,3,2,0
2,4,1,1,1,8,11,2,2,1,1,5,1,1,3,115000,1,3,2,0
2,4,1,2,7,1,7,1,2,1,1,6,1,2,3,156000,1,3,2,0
2,18,2,2,1,15,2,2,1,1,1,3,1,1,1,104269,1,1,3,0
2,20,1,1,1,1,2,1,3,1,1,3,1,2,1,17544,3,2,2,0
2,5,1,1,1,5,1,2,4,1,1,2,1,1,1,59988,2,2,1,0
2,2,1,1,1,1,2,3,2,1,1,2,3,1,2,10958,2,2,2,0
2,4,3,1,1,2,1,2,4,1,1,6,1,1,3,87500,1,3,2,0
2,4,1,7,7,14,4,2,4,1,1,4,1,1,3,125000,1,3,2,0
2,4,2,1,1,13,2,2,2,2,1,1,1,1,3,73000,1,3,2,0
2,7,1,5,1,1,1,2,2,1,1,2,1,1,1,793068,1,1,1,0
2,4,1,1,3,7,11,2,2,1,1,5,1,1,3,116000,1,3,2,0
2,11,1,2,1,1,1,2,3,1,1,4,3,2,1,40388,1,1,1,0
2,2,2,1,8,1,5,2,2,1,1,3,1,1,2,2604,2,2,2,0
2,6,1,1,1,1,1,2,2,1,1,2,1,1,1,21228,2,2,2,0
1,4,1,2,1,1,3,1,3,1,1,8,1,1,3,117000,1,3,2,0
2,12,1,1,1,1,1,2,3,1,1,1,1,1,3,78911,1,1,1,0
2,20,1,2,7,1,11,2,1,1,1,3,1,1,1,50000,3,2,2,0
2,2,1,2,3,1,1,2,2,1,1,1,3,2,2,31309,2,2,2,0
2,4,1,1,1,1,2,2,2,1,1,1,6,1,3,85000,1,3,2,0
2,13,1,1,1,3,7,1,3,1,1,7,2,1,1,558084,1,1,1,0
2,4,1,2,4,8,3,1,2,1,1,1,1,1,3,117600,1,3,2,0
2,7,1,1,1,1,7,2,2,1,1,5,1,1,1,46992,1,1,1,0
2,10,1,3,1,1,11,3,3,2,1,2,1,1,4,41586,1,1,1,0
2,1,1,1,1,1,11,2,3,1,1,2,1,1,1,44449,1,1,1,0
2,4,1,2,3,1,2,2,1,1,1,1,1,1,3,87000,1,3,2,0
2,3,1,1,1,1,1,2,3,1,1,3,1,2,1,64380,1,1,3,0
1,6,1,1,1,1,1,2,3,1,1,3,1,2,1,31848,2,2,2,0
2,18,3,2,2,1,3,2,3,1,1,6,1,1,1,65064,1,1,3,0
2,7,1,1,1,3,4,1,3,1,1,3,1,2,1,82612,1,1,1,0
2,4,1,1,4,4,5,2,2,2,1,3,1,1,3,70000,1,3,2,0
2,4,1,1,1,1,3,1,3,1,1,2,1,2,3,120000,1,3,2,0
2,1,1,1,1,3,2,2,1,1,1,1,1,1,1,34726,1,1,1,0
2,4,1,1,9,6,2,2,3,1,3,3,7,1,3,34000,1,3,2,0
2,3,1,1,8,1,4,3,3,1,1,8,1,1,1,82344,1,1,3,0
1,4,1,1,1,1,3,1,4,2,1,8,2,1,3,140000,1,3,2,0
2,6,1,2,1,9,1,2,1,1,1,3,1,2,1,29724,2,2,2,0
1,2,2,1,1,1,7,2,2,1,1,7,1,2,2,23482,2,2,2,0
2,4,1,2,7,2,8,2,1,1,1,3,2,2,3,250000,1,3,2,0
2,4,1,1,1,9,3,2,3,1,1,1,1,2,3,70000,1,3,2,0
2,6,1,2,9,1,2,2,1,1,1,3,1,1,1,19104,2,2,2,0
2,4,1,2,1,8,1,3,3,1,1,3,1,1,3,80000,1,3,2,0
2,12,1,1,1,3,3,2,3,1,1,5,1,1,3,90989,1,1,1,0
1,4,1,1,8,8,7,1,4,1,1,3,1,2,3,92000,1,3,2,0
1,10,2,5,1,1,5,3,1,1,1,1,1,1,4,79973,1,1,1,0
2,7,1,1,1,1,3,2,2,1,1,3,1,2,1,51403,1,1,1,0
1,4,1,2,5,1,7,2,1,1,1,2,1,1,3,125000,1,3,2,0
1,11,1,2,1,4,1,2,2,1,1,5,1,1,1,44064,1,1,1,0
2,7,1,1,1,1,1,2,2,1,1,1,3,1,1,91791,1,1,1,0
1,1,1,1,7,4,2,1,4,1,1,1,4,1,1,45144,1,1,1,0
2,4,3,1,1,1,7,2,2,1,1,4,1,1,3,55000,1,3,2,0
1,20,1,1,1,1,5,2,2,1,1,2,1,1,1,5844,3,2,2,0
1,2,1,1,1,2,2,2,3,1,2,1,3,1,2,10175,2,2,2,0
2,1,1,1,1,3,11,2,3,1,1,1,1,1,1,54173,1,1,1,0
1,4,1,1,1,1,7,3,3,1,4,4,2,1,3,36000,1,3,2,0
2,13,3,2,1,3,7,2,2,1,1,3,2,1,1,36716,1,1,1,0
2,19,1,3,1,1,3,1,3,1,1,8,1,1,1,46992,1,1,3,0
2,20,1,3,3,1,2,1,3,1,1,3,1,2,1,5016,3,2,2,0
2,4,1,2,5,6,2,2,2,1,1,5,1,2,3,60000,1,3,2,0
1,6,1,6,1,1,3,1,3,1,1,2,4,2,1,40332,2,2,2,0
1,1,1,7,1,1,2,1,2,2,1,3,1,2,1,41671,1,1,1,0
2,4,1,1,3,2,1,1,3,1,1,4,1,2,3,125000,1,3,2,0
2,4,1,4,8,1,2,2,2,1,1,2,1,1,3,27050,1,3,2,0
2,11,2,2,1,1,7,1,2,2,1,1,3,1,1,51408,1,1,1,0
1,1,1,1,2,1,2,2,1,1,1,8,1,1,1,50700,1,1,1,0
2,14,1,1,1,1,1,2,3,1,1,1,1,1,5,18720,3,2,2,0
2,14,3,1,1,1,3,2,2,2,1,1,6,1,5,37430,3,2,2,0
2,2,1,1,3,1,1,2,4,1,1,1,3,2,2,75141,2,2,2,0
2,18,2,7,1,14,2,2,2,1,1,7,1,2,1,125123,1,1,3,0
2,14,1,1,1,1,1,2,4,1,1,1,1,1,5,18720,3,2,2,0
2,7,2,2,7,9,2,2,2,2,1,1,1,1,1,67313,1,1,1,0
2,7,1,1,1,1,7,2,2,1,1,2,1,1,1,59994,1,1,1,0
2,4,1,2,7,1,2,1,1,1,1,5,1,1,3,100000,1,3,2,0
2,6,1,2,7,1,3,2,3,1,1,3,3,1,1,50952,2,2,2,0
2,7,3,1,1,1,4,2,3,1,1,2,1,1,1,66701,1,1,1,0
2,10,1,1,1,3,11,2,4,1,1,3,1,1,4,83972,1,1,1,0
2,13,1,1,1,1,1,2,2,1,1,1,1,1,1,36716,1,1,1,0
2,7,1,5,8,13,3,1,1,1,1,2,1,2,1,73433,1,1,1,0
1,4,1,1,2,15,8,2,3,2,2,8,1,2,3,85000,1,3,2,0
2,7,1,2,1,1,3,4,3,1,1,6,1,2,1,62418,1,1,1,1
1,10,1,1,1,1,3,1,4,1,3,2,1,1,4,92769,1,1,1,0
2,2,1,2,1,1,7,2,3,1,1,1,1,1,2,4128,2,2,2,0
2,2,2,2,1,1,7,1,2,1,1,1,1,1,2,14089,2,2,2,0
2,2,1,1,3,1,1,2,4,1,1,8,6,2,2,49311,2,2,2,0
1,6,2,2,1,1,7,3,3,1,1,8,1,1,1,6372,2,2,2,0
2,17,1,2,3,4,2,2,3,1,1,8,1,1,1,59970,1,1,3,0
2,6,1,6,5,1,7,2,2,1,1,3,1,1,1,7428,2,2,2,0
1,4,1,2,8,1,11,2,3,1,1,8,1,1,3,89000,1,3,2,0
1,1,1,7,1,4,1,2,1,1,1,3,1,1,1,48616,1,1,1,0
2,4,1,4,9,1,3,2,2,1,1,1,1,1,3,52000,1,3,2,0
2,4,1,2,1,1,3,3,4,1,1,3,1,2,3,110000,1,3,2,0
2,4,1,3,8,3,2,2,4,2,1,3,5,1,3,27000,1,3,2,0
2,4,1,2,1,4,2,1,3,1,1,2,1,2,3,93000,1,3,2,0
2,2,1,2,1,1,7,1,3,1,1,3,3,1,2,8109,2,2,2,0
2,16,1,6,4,1,4,1,2,1,1,3,6,1,1,59970,1,1,3,0
1,7,1,7,1,14,3,2,3,1,1,1,2,1,1,822444,1,1,1,0
2,4,1,1,3,4,3,1,4,1,1,3,1,1,3,145000,1,3,2,0
1,11,1,7,3,1,6,1,1,1,1,1,6,2,1,73428,1,1,1,0
2,4,1,1,1,1,3,1,2,1,1,3,1,1,3,52000,1,3,2,0
2,4,1,5,1,1,11,3,3,1,1,3,1,2,3,135000,1,3,2,0
2,4,1,1,1,1,4,2,1,1,1,1,1,1,3,95000,1,3,2,0
2,11,1,1,1,5,7,1,2,1,1,2,1,1,1,56298,1,1,1,0
2,4,1,5,1,1,8,2,3,1,1,1,1,1,3,120000,1,3,2,0
2,12,1,2,3,1,2,2,1,1,1,3,1,1,3,52339,1,1,1,0
2,3,1,1,1,1,1,2,4,1,1,1,1,1,1,58392,1,1,3,0
2,10,1,3,8,1,3,2,2,1,2,8,1,1,4,107964,1,1,1,0
1,7,1,7,7,8,1,1,1,1,1,5,1,1,1,73428,1,1,1,0
2,16,1,2,9,1,2,1,2,1,1,1,1,1,1,67313,1,1,3,0
1,2,1,2,1,1,2,2,3,2,1,7,1,1,2,0,2,2,2,0
2,20,1,3,3,2,5,1,3,1,1,5,1,1,1,2928,3,2,2,0
2,4,1,1,1,1,7,1,3,1,1,3,1,1,3,72000,1,3,2,0
2,10,1,9,7,3,9,3,3,1,1,9,6,2,4,107964,1,1,1,0
2,5,3,1,1,1,2,2,4,1,1,3,1,1,1,35292,2,2,1,0
1,14,1,1,1,14,1,2,2,1,1,2,2,1,5,34812,3,2,2,0
2,4,1,1,1,15,2,1,2,1,1,3,1,1,3,78000,1,3,2,0
2,4,1,1,1,9,1,1,3,1,1,8,1,1,3,83000,1,3,2,0
2,16,1,3,6,4,2,3,4,1,1,6,1,1,1,48955,1,1,3,0
1,18,1,1,1,1,1,2,2,1,1,2,1,2,1,87586,1,1,3,0
2,4,1,1,1,15,4,1,4,1,1,4,3,2,3,130000,1,3,2,0
2,2,1,2,1,2,2,2,3,1,1,2,1,1,2,9706,2,2,2,0
2,19,1,1,4,1,2,3,1,1,1,2,1,2,1,42588,1,1,3,0
2,1,1,4,1,1,7,2,3,1,1,8,1,1,1,29170,1,1,1,0
2,1,1,2,3,2,4,1,1,1,1,3,1,1,1,83342,1,1,1,0
1,4,1,1,1,5,1,2,2,1,1,6,1,2,3,90000,1,3,2,0
2,16,1,2,4,1,2,1,4,1,1,1,1,1,1,28788,1,1,3,0
1,20,2,2,1,1,2,3,4,1,1,3,1,1,1,12108,3,2,2,0
2,4,1,2,1,1,3,3,2,1,1,3,1,1,3,200000,1,3,2,0
2,2,1,2,1,2,1,2,2,2,4,2,1,1,2,5820,2,2,2,0
2,5,1,2,1,1,7,2,1,1,1,3,1,1,1,30348,2,2,1,0
2,4,1,2,1,10,3,3,3,1,1,3,2,2,3,275000,1,3,2,0
2,4,1,3,11,1,11,2,3,1,1,1,1,1,3,121000,1,3,2,0
2,2,1,1,1,1,7,2,1,1,1,1,3,1,2,8078,2,2,2,0
2,16,1,1,1,3,1,2,2,1,1,6,1,1,1,44424,1,1,3,0
1,10,1,1,1,1,3,2,4,1,1,4,1,1,4,103965,1,1,1,0
2,4,1,1,1,9,7,2,3,1,1,2,1,1,3,90000,1,3,2,0
1,12,1,1,1,4,4,2,3,1,1,8,1,1,3,57972,1,1,1,0
1,13,1,2,1,1,1,2,2,1,1,3,2,1,1,42836,1,1,1,0
2,12,1,1,1,1,2,2,2,1,1,1,1,1,3,49118,1,1,1,0
2,4,1,1,1,3,7,2,1,1,1,3,1,1,3,90000,1,3,2,0
1,6,1,2,8,3,1,2,1,1,1,8,1,1,1,9552,2,2,2,0
2,12,1,1,1,4,7,1,3,1,1,1,1,1,3,56365,1,1,1,0
2,20,1,2,1,1,3,2,2,1,1,3,1,1,1,42000,3,2,2,0
2,5,1,1,1,4,7,3,3,1,1,2,1,2,1,1000000,2,2,1,0
2,17,3,1,8,1,7,2,2,1,1,3,1,1,1,48955,1,1,3,0
2,4,1,1,1,1,4,1,3,1,1,2,1,1,3,150000,1,3,2,0
2,13,1,3,3,1,7,2,3,1,1,8,1,1,1,36716,1,1,1,0
2,12,1,4,1,3,4,2,3,1,1,9,6,2,3,84547,1,1,1,0
2,6,1,2,8,11,2,2,4,2,1,1,1,1,1,13800,2,2,2,0
2,1,1,1,1,4,2,2,4,1,1,1,1,1,1,48616,1,1,1,0
1,12,1,1,1,1,2,2,4,2,1,1,1,1,3,48313,1,1,1,0
2,2,2,2,1,2,7,1,1,1,1,1,3,1,2,8923,2,2,2,0
2,13,1,1,6,3,5,1,4,1,1,7,1,1,1,337788,1,1,1,0
2,1,1,1,8,4,7,2,2,1,1,7,1,1,1,466716,1,1,1,0
2,12,1,1,1,1,3,1,1,1,1,1,1,2,3,72469,1,1,1,0
2,8,1,1,1,1,4,2,3,1,1,8,1,1,1,47731,1,1,1,0
2,3,1,1,1,1,4,2,1,1,1,2,1,1,1,78599,1,1,3,0
2,4,2,2,7,1,2,2,2,1,1,4,5,1,3,120000,1,3,2,0
2,11,1,2,1,1,7,2,3,2,1,3,1,2,1,39164,1,1,1,0
2,4,1,1,7,4,5,1,1,1,1,4,1,1,3,100000,1,3,2,0
1,1,2,1,1,11,4,1,3,2,3,1,2,1,1,80564,1,1,1,0
2,2,1,2,1,1,4,2,2,1,1,8,1,2,2,9396,2,2,2,0
2,6,1,1,3,9,5,1,3,1,1,2,1,1,1,12732,2,2,2,0
2,4,1,1,1,1,1,3,2,2,2,2,1,1,3,85000,1,3,2,0
2,4,3,1,1,1,2,2,3,1,1,2,1,1,3,56000,1,3,2,0
2,7,1,2,1,2,1,2,2,1,1,8,1,1,1,91791,1,1,1,0
2,7,3,1,3,1,1,2,2,1,1,3,1,1,1,51403,1,1,1,0
2,4,1,1,1,1,2,3,3,2,1,1,1,1,3,65000,1,3,2,0
2,15,3,3,1,1,7,2,3,1,1,3,4,1,2,94788,1,1,2,0
2,4,1,1,1,1,4,2,2,1,1,6,1,1,3,76553,1,3,2,0
2,5,2,1,1,1,7,3,3,2,2,7,1,1,1,14112,2,2,1,0
1,4,1,1,2,1,5,2,2,2,2,3,1,1,3,70000,1,3,2,0
2,13,1,2,1,2,1,2,1,1,1,8,1,2,1,48955,1,1,1,0
2,4,1,1,1,1,7,2,3,1,1,1,1,1,3,79000,1,3,2,0
2,5,1,1,7,4,2,1,3,1,1,8,1,2,1,38229,2,2,1,0
2,4,1,1,1,4,7,2,2,1,1,1,3,1,3,100000,1,3,2,0
2,1,1,3,4,5,1,1,3,1,1,7,1,1,1,145849,1,1,1,0
2,2,1,2,1,1,1,3,3,1,1,2,3,2,2,54790,2,2,2,0
1,4,1,1,1,9,1,2,2,1,1,6,1,1,3,74000,1,3,2,0
2,2,1,1,1,1,5,2,3,1,1,3,3,1,2,8766,2,2,2,0
1,4,1,2,1,1,7,1,4,1,1,2,3,1,3,145000,1,3,2,0
2,5,1,2,1,1,1,2,3,1,1,3,1,1,1,37056,2,2,1,0
1,2,1,1,1,1,2,2,3,1,1,4,3,1,2,122100,2,2,2,0
2,1,1,2,3,15,2,3,4,1,1,1,1,1,1,52783,1,1,1,0
2,19,1,2,1,1,4,2,2,1,1,2,1,1,1,61194,1,1,3,0
2,2,1,1,1,1,4,3,4,1,1,1,3,1,2,469632,2,2,2,0
1,4,1,1,8,4,2,2,2,1,1,1,1,1,3,110000,1,3,2,0
2,12,1,2,1,6,7,1,4,1,1,3,3,1,3,62001,1,1,1,0
2,2,1,2,1,3,2,2,1,1,1,9,3,1,2,3564,2,2,2,0
2,2,3,1,6,6,7,1,4,1,1,1,3,1,2,5256,2,2,2,0
2,1,1,1,5,1,4,1,2,1,1,8,1,1,1,75703,1,1,1,0
2,1,1,1,1,1,7,2,4,1,1,1,1,1,1,55562,1,1,1,0
1,4,1,1,1,1,4,2,2,1,1,3,7,1,3,135000,1,3,2,0
2,8,1,2,1,1,3,2,2,1,1,2,1,1,1,47731,1,1,1,0
2,14,3,1,1,15,1,3,3,1,1,1,2,1,5,18720,3,2,2,0
1,2,1,1,1,1,7,2,4,1,1,7,6,1,2,16437,2,2,2,0
2,11,1,2,1,4,1,1,2,1,1,3,3,1,1,59970,1,1,1,0
2,2,1,2,1,2,7,2,2,1,1,3,3,2,2,18780,2,2,2,0
2,2,1,1,1,1,2,2,2,1,1,1,1,1,2,5640,2,2,2,0
2,7,1,2,8,9,7,2,2,1,1,7,1,1,1,85671,1,1,1,0
2,13,1,3,1,1,2,2,3,1,1,2,1,1,1,26925,1,1,1,0
2,12,1,1,1,9,1,2,3,1,1,1,1,1,3,54352,1,1,1,0
1,4,1,2,1,1,3,2,2,1,1,4,2,1,3,190000,1,3,2,0
1,6,1,2,8,1,1,1,2,1,1,3,1,2,1,42456,2,2,2,0
1,8,1,2,3,14,2,2,3,1,1,8,1,2,1,29376,1,1,1,0
2,4,1,1,4,1,7,2,1,2,1,5,1,1,3,76000,1,3,2,0
2,5,1,2,1,1,1,3,4,1,1,2,1,1,1,63516,2,2,1,0
1,12,1,4,8,1,7,2,3,1,3,1,1,1,3,62807,1,1,1,0
2,7,1,8,1,16,3,4,2,1,1,2,1,1,1,24972,1,1,1,1
2,4,1,4,8,1,1,2,3,1,1,8,1,2,3,100000,1,3,2,0
2,4,1,2,5,1,3,1,4,1,1,1,1,2,3,140000,1,3,2,0
2,1,1,2,1,4,3,2,2,1,1,8,1,1,1,119058,1,1,1,0
2,4,2,3,1,18,5,1,3,1,1,1,1,1,3,30000,1,3,2,0
2,1,1,1,4,1,3,2,4,2,2,3,1,2,1,34726,1,1,1,0
2,14,1,2,1,1,1,1,2,1,1,7,2,2,5,24708,3,2,2,0
2,2,1,1,3,1,7,3,4,1,1,1,1,1,2,26304,2,2,2,0
2,2,2,2,1,1,5,2,1,1,1,3,1,2,2,8448,2,2,2,0
2,9,1,1,1,8,1,1,3,1,1,2,4,2,2,28644,2,2,2,0
1,4,1,2,1,4,7,2,4,1,1,6,1,1,3,75000,1,3,2,0
2,4,1,1,1,1,1,2,2,1,1,2,1,1,3,170000,1,3,2,0
2,4,1,1,8,1,1,2,4,1,1,8,1,1,3,110000,1,3,2,0
2,12,1,2,1,1,3,2,3,1,1,3,4,1,3,72469,1,1,1,0
2,4,1,3,6,1,11,2,4,1,1,1,1,1,3,115000,1,3,2,0
1,2,1,1,1,1,7,2,4,1,1,3,3,1,2,30996,2,2,2,0
2,4,1,1,1,1,1,2,3,1,1,3,1,1,3,101000,1,3,2,0
2,4,1,1,1,7,1,2,2,1,1,3,1,1,3,100000,1,3,2,0
2,2,1,1,12,1,5,3,4,1,1,1,4,1,2,2820,2,2,2,0
2,12,1,2,3,9,8,3,3,1,1,4,4,2,3,64417,1,1,1,0
2,2,2,2,1,1,1,1,2,1,1,3,3,2,2,7980,2,2,2,0
2,4,1,1,1,1,11,2,2,1,1,3,1,1,3,140000,1,3,2,0
2,4,1,2,8,1,1,2,4,1,1,3,1,1,3,125000,1,3,2,0
2,7,3,1,1,1,1,1,2,1,1,1,5,1,1,14688,1,1,1,0
1,4,1,2,1,14,3,2,3,1,2,5,1,1,3,150000,1,3,2,0
1,11,1,2,1,1,7,2,4,1,1,1,1,1,1,41612,1,1,1,0
2,4,1,1,5,14,7,2,1,1,1,3,1,2,3,60000,1,3,2,0
2,4,1,2,1,14,6,2,3,1,1,2,1,2,3,105000,1,3,2,0
2,7,2,1,1,2,3,2,2,1,1,8,2,1,1,84448,1,1,1,0
2,16,2,1,1,1,2,1,3,1,1,1,1,1,1,30840,1,1,3,0
2,4,1,4,8,1,1,2,3,1,1,9,1,2,3,112000,1,3,2,0
2,4,1,1,1,4,7,2,3,2,1,5,1,1,3,60000,1,3,2,0
2,6,1,2,3,1,4,3,3,1,1,3,1,1,1,42456,2,2,2,0
1,4,2,1,1,1,5,1,4,1,1,1,3,1,3,70000,1,3,2,0
2,6,1,1,1,9,7,2,2,1,1,1,4,1,1,31848,2,2,2,0
1,4,1,1,1,1,7,2,2,1,1,1,1,1,3,55000,1,3,2,0
2,14,1,2,1,1,1,2,1,1,1,3,2,1,5,17220,3,2,2,0
2,2,2,1,3,1,7,2,3,1,1,1,3,1,2,5009,2,2,2,0
2,4,1,2,5,6,1,2,1,2,1,3,1,1,3,92000,1,3,2,0
2,10,1,1,1,1,1,3,3,1,1,8,1,1,4,79973,1,1,1,0
2,14,1,1,1,1,7,1,4,1,1,1,2,1,5,33684,3,2,2,0
2,4,1,1,1,1,3,1,1,1,1,3,1,2,3,125000,1,3,2,0
1,10,1,1,1,9,1,2,2,1,1,2,1,1,4,57181,1,1,1,0
1,13,1,1,1,1,4,2,3,1,1,1,1,2,1,70985,1,1,1,0
2,4,1,1,1,1,2,1,3,1,1,2,1,1,3,47000,1,3,2,0
2,7,1,2,1,1,11,2,2,1,1,3,1,1,1,61194,1,1,1,0
2,2,1,1,8,4,2,2,2,1,1,1,1,1,2,12210,2,2,2,0
1,18,1,3,1,1,2,3,2,2,3,1,1,1,1,45048,1,1,3,0
1,2,1,1,1,1,1,2,3,1,1,1,3,2,2,17376,2,2,2,0
2,4,1,1,2,1,2,2,2,1,1,3,1,2,3,54000,1,3,2,0
2,6,2,6,1,1,7,2,1,1,1,5,1,1,1,11676,2,2,2,0
2,4,1,1,8,1,7,2,2,1,1,1,1,1,3,110000,1,3,2,0
2,4,1,2,1,9,4,2,2,1,1,3,1,2,3,155000,1,3,2,0
2,4,1,1,1,1,4,2,3,1,1,4,1,2,3,100000,1,3,2,0
2,16,1,1,1,1,4,2,3,1,1,7,3,1,1,1000000,1,1,3,0
2,7,2,1,1,1,5,2,4,1,1,3,1,1,1,14688,1,1,1,0
1,7,1,1,1,2,5,2,3,1,1,2,1,1,1,51403,1,1,1,0
1,7,1,2,1,4,7,2,2,1,1,3,1,1,1,67313,1,1,1,0
1,4,1,2,2,14,2,2,4,2,1,3,1,1,3,48000,1,3,2,0
2,18,2,1,11,1,7,1,4,1,1,8,1,1,1,50052,1,1,3,0
1,7,1,2,8,1,1,2,4,1,1,3,1,1,1,734328,1,1,1,0
2,13,1,4,1,2,7,1,2,1,1,7,1,1,1,25701,1,1,1,0
2,4,1,1,8,1,1,1,2,1,1,1,1,2,3,100000,1,3,2,0
2,4,1,2,1,1,7,2,3,1,1,6,3,1,3,97000,1,3,2,0
2,2,2,2,1,14,1,3,2,1,1,2,3,1,2,5640,2,2,2,0
2,10,1,1,1,1,4,2,2,1,1,1,6,1,4,62379,1,1,1,0
2,11,1,3,6,1,7,1,2,1,1,7,4,1,1,36716,1,1,1,0
2,6,1,2,1,1,4,2,3,1,1,3,1,2,1,21228,2,2,2,0
1,10,1,1,1,5,4,2,2,1,1,2,1,1,4,151949,1,1,1,0
2,16,1,2,8,5,3,1,2,1,1,3,2,1,1,916440,1,1,3,0
2,2,1,1,1,1,7,1,3,1,1,3,1,1,2,12524,2,2,2,0
2,4,1,1,1,1,7,1,2,1,1,7,1,1,3,2000000,1,3,2,0
1,9,2,1,1,2,3,1,3,1,1,7,4,2,2,38216,2,2,2,0
2,2,1,1,5,1,1,3,3,1,1,7,3,1,2,37571,2,2,2,0
1,1,1,1,1,7,1,1,2,1,1,9,1,2,1,37504,1,1,1,0
1,4,1,2,1,1,7,2,4,1,1,1,1,2,3,55000,1,3,2,0
2,4,1,1,1,9,7,2,4,2,4,3,1,1,3,125000,1,3,2,0
2,2,1,2,1,2,7,2,3,1,4,9,1,2,2,370068,2,2,2,0
2,7,1,1,1,1,7,1,3,1,1,1,4,1,1,79552,1,1,1,0
2,4,1,1,3,3,5,2,4,1,1,1,1,1,3,78000,1,3,2,0
2,2,1,2,1,1,1,2,3,1,1,8,5,1,2,5256,2,2,2,0
2,4,1,2,1,1,1,1,2,1,1,3,3,1,3,160000,1,3,2,0
2,2,1,1,6,1,7,3,3,1,1,1,1,1,2,11897,2,2,2,0
2,4,1,2,1,1,1,1,3,1,1,1,3,2,3,170000,1,3,2,0
2,8,1,3,1,4,4,2,4,1,1,2,1,1,1,29376,1,1,1,0
1,11,1,1,1,9,1,2,2,1,1,8,5,1,1,36720,1,1,1,0
1,4,2,1,1,1,7,1,1,1,1,3,1,1,3,2000000,1,3,2,0
2,13,3,4,1,1,7,1,2,1,1,7,2,1,1,33045,1,1,1,0
2,10,2,2,1,15,7,2,2,2,1,4,1,1,4,76774,1,1,1,0
2,12,1,1,1,1,2,1,3,1,1,1,1,2,3,32200,1,1,1,0
1,8,3,5,1,4,2,1,3,1,1,7,6,1,1,34269,1,1,1,0
2,9,1,1,1,1,7,3,3,1,1,1,4,1,2,38148,2,2,2,0
2,11,1,2,1,8,3,2,2,1,1,8,4,2,1,61194,1,1,1,0
2,7,1,3,4,19,2,3,3,1,2,1,1,1,1,42836,1,1,1,0
2,1,1,2,3,1,2,2,2,2,1,1,1,1,1,76397,1,1,1,0
2,4,1,1,1,7,7,2,4,1,1,6,1,1,3,87000,1,3,2,0
1,4,1,1,1,1,3,2,3,1,1,4,1,1,3,85000,1,3,2,0
2,17,3,3,2,12,2,2,2,1,1,2,3,1,1,22764,1,1,3,0
2,7,1,2,8,15,2,1,2,1,1,1,4,1,1,85671,1,1,1,0
2,1,1,1,1,1,7,1,4,1,1,1,1,1,1,62507,1,1,1,0
1,4,2,2,1,4,7,2,4,1,1,3,1,1,3,105000,1,3,2,0
2,4,1,1,1,3,3,2,2,1,1,1,1,1,3,66000,1,3,2,0
2,4,2,4,1,1,2,2,3,1,1,3,1,2,3,60000,1,3,2,0
2,4,1,1,1,1,4,1,3,1,1,8,1,2,3,100000,1,3,2,0
2,11,1,2,1,3,1,2,4,1,1,2,1,1,1,39164,1,1,1,0
2,7,1,1,1,13,1,2,3,1,1,2,1,1,1,57276,1,1,1,0
2,7,1,1,3,6,7,1,2,1,1,2,1,2,1,56916,1,1,1,0
2,2,1,1,1,1,2,2,4,1,1,1,1,2,2,5479,2,2,2,0
1,4,1,1,4,1,5,2,1,2,3,3,1,1,3,57000,1,3,2,0
2,2,3,1,1,1,7,1,4,1,1,1,3,1,2,10704,2,2,2,0
2,8,3,2,1,8,8,2,3,1,1,8,1,1,1,27900,1,1,1,0
2,4,1,1,1,12,7,2,1,1,1,1,1,1,3,600000,1,3,2,0
2,3,1,2,1,1,1,2,2,1,1,1,1,1,1,64376,1,1,3,0
2,4,1,1,11,1,2,2,3,1,1,8,1,1,3,125000,1,3,2,0
2,4,3,1,5,14,2,1,2,1,1,6,3,1,3,72000,1,3,2,0
2,1,1,1,1,15,3,3,3,1,1,2,1,1,1,76397,1,1,1,0
1,20,1,2,8,1,1,2,4,1,1,1,1,1,1,37584,3,2,2,0
1,2,1,1,1,1,1,2,4,1,1,2,3,1,2,20351,2,2,2,0
2,13,3,3,1,3,7,2,2,1,1,2,2,1,1,42836,1,1,1,0
2,4,1,2,1,4,3,3,1,1,1,3,1,1,3,150000,1,3,2,0
2,15,1,1,1,5,1,1,2,1,1,1,1,2,2,108840,1,1,2,0
2,4,1,3,2,1,2,1,2,1,1,3,1,1,3,200000,1,3,2,0
2,7,1,2,1,2,7,2,4,2,1,3,3,1,1,74045,1,1,1,0
2,11,1,1,1,1,7,2,3,1,1,1,4,1,1,50179,1,1,1,0
2,2,1,1,1,1,2,1,1,1,1,7,1,1,2,5544,2,2,2,0
1,1,1,1,1,2,7,2,3,1,1,3,1,1,1,55562,1,1,1,0
2,2,1,1,1,1,7,2,3,1,1,2,1,1,2,33816,2,2,2,0
1,6,1,5,5,1,7,3,2,1,1,3,1,1,1,38208,2,2,2,0
1,9,1,1,8,13,1,3,3,1,1,8,4,1,2,14304,2,2,2,0
2,7,1,2,1,1,4,1,2,1,1,2,1,1,1,73433,1,1,1,0
2,4,1,3,1,1,3,1,2,1,1,2,1,2,3,110000,1,3,2,0
1,4,1,1,9,6,7,2,1,2,1,1,1,1,3,49000,1,3,2,0
2,18,1,2,3,8,1,1,2,1,1,1,1,1,1,91236,1,1,3,0
2,6,1,7,1,1,1,2,1,1,1,4,1,1,1,27600,2,2,2,0
1,7,1,2,1,4,3,1,3,1,1,2,1,1,1,90567,1,1,1,0
1,4,1,2,2,1,2,1,4,1,1,1,1,1,3,90000,1,3,2,0
2,2,1,2,1,1,7,2,3,1,1,2,5,2,2,21133,2,2,2,0
2,19,1,1,1,1,3,4,3,1,1,6,1,2,1,79552,1,1,3,1
1,12,1,1,3,15,2,2,4,1,1,3,1,1,3,36235,1,1,1,0
2,2,1,1,9,6,7,1,1,1,1,3,3,1,2,41328,2,2,2,0
2,20,2,1,1,1,7,1,2,1,1,2,1,2,1,21720,3,2,2,0
2,8,1,2,5,14,1,1,2,1,1,8,1,1,1,342686,1,1,1,0
2,14,3,1,1,1,3,3,3,1,1,8,1,2,5,20592,3,2,2,0
2,4,1,1,2,1,2,2,2,1,1,3,1,1,3,80000,1,3,2,0
2,4,2,4,1,1,7,2,1,1,1,2,1,1,3,50000,1,3,2,0
1,9,3,1,1,4,2,2,3,1,1,1,1,1,2,13032,2,2,2,0
2,4,1,1,3,2,7,2,4,1,1,1,1,1,3,100000,1,3,2,0
2,4,1,1,1,5,11,2,3,1,1,8,1,2,3,128000,1,3,2,0
2,13,1,1,1,1,7,2,1,1,1,2,1,1,1,29373,1,1,1,0
1,20,1,1,1,4,7,2,3,1,1,2,1,1,1,37584,3,2,2,0
1,4,1,2,1,3,11,1,4,1,1,4,1,1,3,1850000,1,3,2,0
2,4,2,7,1,1,7,3,1,1,1,2,1,1,3,250000,1,3,2,0
2,4,1,2,1,1,3,1,2,1,1,5,1,2,3,125000,1,3,2,0
2,4,1,1,1,4,1,2,2,1,1,1,1,1,3,150000,1,3,2,0
2,7,3,1,1,2,5,2,1,1,1,2,4,1,1,528720,1,1,1,0
1,2,2,2,1,1,1,2,3,2,1,2,6,2,2,15024,2,2,2,0
2,8,2,1,1,1,1,2,4,1,1,2,1,1,1,30597,1,1,1,0
2,20,1,2,1,1,1,1,2,2,1,3,1,1,1,40800,3,2,2,0
2,4,1,5,1,1,7,2,2,1,1,9,2,1,3,83200,1,3,2,0
2,11,1,2,1,1,7,1,3,1,1,1,1,1,1,55075,1,1,1,0
2,7,1,2,1,1,4,1,4,1,1,3,1,1,1,70985,1,1,1,0
2,7,1,1,1,3,3,1,3,1,1,3,1,1,1,64254,1,1,1,0
2,17,1,1,1,1,1,2,3,1,1,3,1,1,1,38916,1,1,3,0
2,6,1,2,1,1,3,2,3,1,1,3,1,2,1,26964,2,2,2,0
2,5,1,2,1,1,3,1,4,1,1,2,1,2,1,45876,2,2,1,0
2,3,1,3,3,1,1,2,3,1,2,8,1,1,1,71856,1,1,3,0
2,7,1,2,1,1,7,2,4,1,1,3,1,2,1,61194,1,1,1,0
2,16,1,2,7,1,7,2,2,1,1,1,1,1,1,45528,1,1,3,0
1,2,1,1,3,1,3,2,2,1,1,7,3,2,2,31309,2,2,2,0
2,4,3,1,1,3,1,1,3,1,1,3,1,1,3,95000,1,3,2,0
2,1,1,3,11,1,7,2,4,1,1,8,1,1,1,116676,1,1,1,0
1,2,1,2,1,1,1,2,2,1,1,2,7,2,2,39136,2,2,2,0
2,4,1,4,9,1,5,2,3,1,2,8,1,1,3,45000,1,3,2,0
2,1,1,7,8,14,1,2,3,1,1,1,1,2,1,36115,1,1,1,0
2,4,1,2,3,1,1,1,2,1,1,9,3,2,3,126000,1,3,2,0
1,4,1,1,1,1,7,2,1,1,1,1,1,1,3,96000,1,3,2,0
2,4,2,4,1,1,1,2,4,1,1,1,1,1,3,100000,1,3,2,0
1,4,1,1,1,4,2,1,2,2,2,3,1,1,3,78000,1,3,2,0
2,5,1,2,1,15,4,2,4,1,1,3,1,1,1,53006,2,2,1,0
2,1,1,1,1,4,1,2,1,1,1,1,1,1,1,66674,1,1,1,0
2,8,1,2,5,4,7,3,3,1,1,1,1,1,1,36716,1,1,1,0
2,4,1,2,2,14,7,2,3,2,2,5,1,1,3,102500,1,3,2,0
2,4,1,1,1,9,3,2,2,1,1,8,1,1,3,80700,1,3,2,0
2,1,1,1,1,1,7,2,1,1,1,2,1,1,1,38893,1,1,1,0
1,2,1,2,1,3,1,2,3,1,1,3,1,2,2,29743,2,2,2,0
1,6,1,1,1,1,2,1,3,1,1,5,1,1,1,11676,2,2,2,0
2,1,1,2,1,13,7,2,1,1,1,7,1,1,1,30840,1,1,1,0
2,7,1,2,1,9,3,2,3,1,1,3,1,2,1,58746,1,1,1,0
2,8,1,1,1,1,3,2,3,1,1,3,5,1,1,67313,1,1,1,0
1,10,1,1,8,1,2,1,4,1,1,7,1,2,4,95968,1,1,1,0
2,2,1,7,6,14,2,4,2,1,1,8,6,1,2,9393,2,2,2,1
2,7,1,2,1,1,4,3,3,1,2,3,1,2,1,93015,1,1,1,0
1,4,1,1,1,2,3,1,3,1,1,9,1,1,3,110000,1,3,2,0
2,9,1,2,1,1,1,2,2,1,1,1,4,1,2,25428,2,2,2,0
2,14,1,1,8,4,1,3,2,1,1,2,1,1,5,7860,3,2,2,0
2,4,1,2,3,1,3,2,2,1,1,3,1,1,3,115000,1,3,2,0
2,12,1,1,3,1,7,2,4,1,1,1,1,1,3,40261,1,1,1,0
2,4,1,1,3,4,4,1,3,2,2,1,1,2,3,100000,1,3,2,0
2,12,1,1,1,15,7,2,3,2,2,1,1,1,3,88573,1,1,1,0
2,4,1,1,1,1,7,2,3,1,1,1,1,1,3,80000,1,3,2,0
2,7,1,5,1,7,11,2,2,1,1,7,1,1,1,73433,1,1,1,0
2,4,1,2,1,1,1,2,2,1,1,3,1,1,3,85000,1,3,2,0
2,10,1,7,3,1,7,2,2,1,1,1,1,1,4,75975,1,1,1,0
2,16,1,1,1,1,7,3,3,1,1,6,1,1,1,39648,1,1,3,0
2,4,1,1,1,1,7,1,4,1,1,3,1,1,3,50000,1,3,2,0
2,4,2,3,8,18,4,2,2,1,2,1,1,1,3,39000,1,3,2,0
2,3,1,3,1,1,4,3,2,1,1,3,1,2,1,82344,1,1,3,0
2,4,1,1,1,4,1,2,3,1,1,1,1,1,3,85000,1,3,2,0
2,4,1,1,1,1,7,1,3,1,1,1,1,1,3,78000,1,3,2,0
2,8,1,2,1,1,1,1,4,1,1,4,1,1,1,42836,1,1,1,0
2,4,1,1,1,4,7,2,2,2,1,3,1,1,3,90000,1,3,2,0
2,1,1,2,1,1,7,2,2,1,3,2,1,1,1,45838,1,1,1,0
2,2,1,1,1,1,7,1,4,1,1,3,1,1,2,16562,2,2,2,0
2,8,1,2,1,1,3,2,4,2,1,5,1,1,1,19092,1,1,1,0
2,4,1,1,1,5,3,2,2,1,1,1,1,1,3,92000,1,3,2,0
2,8,1,2,1,3,1,1,2,1,1,8,1,1,1,30597,1,1,1,0
2,12,1,1,1,2,1,1,2,1,1,7,4,1,3,96626,1,1,1,0
2,5,1,2,3,1,5,2,2,1,1,2,1,1,1,28236,2,2,1,0
2,4,1,1,1,1,8,2,3,2,2,5,1,1,3,110000,1,3,2,0
1,16,1,1,6,14,2,2,2,1,1,4,1,2,1,51408,1,1,3,0
2,3,1,3,12,1,1,1,2,1,1,1,1,1,1,61380,1,1,3,0
2,13,1,1,1,3,3,2,3,1,1,1,1,1,1,58134,1,1,1,0
2,4,1,1,1,1,1,2,2,1,1,5,1,1,3,105000,1,3,2,0
2,12,1,3,1,2,3,2,2,1,1,1,1,1,3,100652,1,1,1,0
2,4,1,1,8,1,11,3,2,1,1,2,1,1,3,88164,1,3,2,0
2,16,1,3,3,1,11,1,4,1,1,2,1,2,1,44064,1,1,3,0
1,14,3,3,8,3,2,1,4,1,1,8,1,1,5,11232,3,2,2,0
2,15,1,1,8,3,3,3,3,1,1,1,4,2,2,122880,1,1,2,0
2,16,1,1,1,2,1,2,4,1,1,2,1,1,1,62418,1,1,3,0
2,7,1,7,7,16,1,1,4,2,2,4,1,2,1,58746,1,1,1,0
2,4,1,4,1,10,7,3,3,1,3,6,1,2,3,115000,1,3,2,0
2,5,1,2,8,2,3,2,2,2,1,3,1,1,1,42348,2,2,1,0
2,2,1,7,1,1,3,3,2,1,1,4,3,1,2,11349,2,2,2,0
2,4,1,1,9,4,5,2,4,1,1,1,1,1,3,50000,1,3,2,0
2,1,1,1,1,1,3,2,2,1,1,3,1,1,1,62507,1,1,1,0
2,1,1,2,4,8,1,2,2,2,2,6,1,1,1,89184,1,1,1,0
2,3,1,3,1,1,3,2,3,1,1,3,1,2,1,70368,1,1,3,0
1,1,1,2,1,1,1,2,3,1,1,8,1,1,1,90288,1,1,1,0
2,7,1,1,4,1,7,1,4,2,2,1,1,1,1,79552,1,1,1,0
2,4,1,1,1,1,1,2,3,1,1,3,1,1,3,130000,1,3,2,0
2,4,1,1,1,1,7,2,2,1,1,1,2,1,3,50700,1,3,2,0
2,2,1,1,12,1,2,2,2,1,1,2,3,2,2,10920,2,2,2,0
2,13,1,3,1,1,1,2,2,1,1,2,1,1,1,40388,1,1,1,0
1,4,1,3,1,1,1,2,4,1,1,4,1,1,3,82000,1,3,2,0
2,4,1,1,8,1,3,3,4,1,1,3,1,1,3,140000,1,3,2,0
2,10,1,2,1,1,3,2,2,1,1,3,1,1,4,0,1,1,1,0
2,15,1,3,2,3,5,2,3,1,1,8,1,1,2,421296,1,1,2,0
2,4,1,1,1,1,3,2,3,1,1,1,1,1,3,88863,1,3,2,0
2,3,1,2,3,1,2,2,2,1,1,1,1,1,1,52404,1,1,3,0
2,4,1,1,1,1,1,2,2,1,1,5,2,1,3,142000,1,3,2,0
2,12,1,4,1,1,7,1,2,1,2,8,1,1,3,68443,1,1,1,0
2,2,2,1,1,1,7,3,2,1,1,7,3,1,2,37571,2,2,2,0
1,16,1,1,1,1,7,3,2,1,1,1,2,1,1,67313,1,1,3,0
2,4,1,1,3,1,11,2,2,1,1,1,1,1,3,1140000,1,3,2,0
2,5,1,1,1,1,7,2,1,1,1,3,1,1,1,35292,2,2,1,0
2,1,1,2,1,6,3,2,3,1,3,1,1,1,1,41671,1,1,1,0
1,6,2,6,1,9,2,2,2,1,1,5,1,1,1,24408,2,2,2,0
1,4,2,1,1,1,1,1,4,1,1,1,3,1,3,150000,1,3,2,0
2,4,1,1,1,1,3,2,3,1,1,7,2,1,3,95000,1,3,2,0
1,12,1,1,1,4,7,2,4,2,1,8,1,1,3,69570,1,1,1,0
2,9,1,1,5,1,1,2,3,1,1,1,4,1,2,600000,2,2,2,0
2,2,1,1,8,1,2,1,3,1,1,7,1,1,2,4320,2,2,2,0
2,4,1,2,1,2,2,2,1,2,3,5,1,1,3,82000,1,3,2,0
2,7,2,2,1,16,8,2,4,1,1,3,1,1,1,62353,1,1,1,0
1,4,1,2,1,1,1,1,4,2,1,1,2,1,3,140000,1,3,2,0
2,5,1,2,8,1,5,2,1,1,1,2,1,1,1,20112,2,2,1,0
2,2,1,1,1,1,7,3,1,1,1,3,3,1,2,13150,2,2,2,0
2,4,1,1,8,2,1,1,2,1,1,3,1,2,3,85000,1,3,2,0
2,4,1,2,6,1,1,2,4,1,1,3,1,1,3,175000,1,3,2,0
2,4,1,2,1,1,7,2,4,1,1,3,1,1,3,300000,1,3,2,0
1,12,1,1,1,1,4,2,3,1,1,3,1,2,3,69248,1,1,1,0
2,4,1,1,8,4,7,3,2,1,1,8,1,1,3,57500,1,3,2,0
2,11,1,2,8,1,4,2,3,1,1,9,1,1,1,42591,1,1,1,0
2,4,1,1,8,4,3,1,3,1,1,3,1,1,3,120000,1,3,2,0
2,7,1,1,1,1,7,1,2,1,1,8,1,1,1,73433,1,1,1,0
2,3,1,1,1,1,1,1,4,1,1,3,1,2,1,87576,1,1,3,0
1,4,1,1,1,1,1,2,3,1,1,1,1,1,3,81708,1,3,2,0
2,7,1,4,8,1,1,2,2,1,1,3,1,1,1,44064,1,1,1,0
1,4,1,1,3,6,2,1,2,1,1,1,1,2,3,73600,1,3,2,0
2,14,1,4,1,1,7,2,1,1,1,2,1,1,5,20274,3,2,2,0
2,18,1,7,5,1,8,3,3,1,1,3,1,1,1,87696,1,1,3,0
2,17,1,7,3,14,3,2,2,1,1,4,1,1,1,41124,1,1,3,0
2,1,1,1,1,4,1,2,3,1,3,1,1,1,1,69452,1,1,1,0
1,5,1,1,1,1,1,1,3,1,1,3,1,1,1,45876,2,2,1,0
2,13,1,1,1,4,3,1,4,1,1,2,1,1,1,46507,1,1,1,0
2,14,1,1,1,1,1,2,3,1,1,1,1,1,5,29940,3,2,2,0
2,13,1,1,1,14,1,2,4,1,1,3,1,1,1,36716,1,1,1,0
2,7,1,1,1,1,7,2,2,1,1,2,1,1,1,51408,1,1,1,0
2,4,1,1,1,1,3,1,2,1,1,8,1,2,3,85000,1,3,2,0
2,4,1,1,1,1,7,3,1,1,1,3,3,1,3,120000,1,3,2,0
2,1,1,2,7,1,2,1,2,1,1,1,1,1,1,566724,1,1,1,0
1,3,1,2,1,1,3,3,1,1,1,2,1,1,1,61380,1,1,3,0
2,4,1,1,1,1,7,1,1,1,1,2,1,2,3,57000,1,3,2,0
2,2,1,1,3,1,2,2,1,1,1,3,1,1,2,14089,2,2,2,0
2,4,1,2,7,1,7,1,4,1,3,8,6,1,3,100000,1,3,2,0
2,4,1,1,3,1,7,1,2,1,1,6,1,2,3,110000,1,3,2,0
2,11,1,2,1,1,1,2,3,1,1,3,1,1,1,51403,1,1,1,0
2,4,1,4,1,1,7,2,4,1,1,8,1,2,3,80000,1,3,2,0
2,10,2,2,5,8,7,1,4,1,1,1,1,2,4,19188,1,1,1,0
2,4,1,1,8,1,3,2,4,1,1,8,1,2,3,122900,1,3,2,0
2,7,1,3,8,1,3,2,3,1,1,1,1,1,1,44064,1,1,1,0
2,16,1,2,3,1,11,2,3,1,1,1,4,1,1,73428,1,1,3,0
1,4,1,3,2,1,2,1,3,2,2,3,1,1,3,58241,1,3,2,0
2,11,1,2,1,9,1,2,3,1,1,1,1,1,1,47119,1,1,1,0
2,16,1,3,12,3,3,1,3,1,1,4,1,1,1,49932,1,1,3,0
2,11,1,1,12,1,2,3,2,1,1,8,3,1,1,35492,1,1,1,0
1,2,1,1,1,6,7,2,3,1,1,1,3,1,2,3914,2,2,2,0
1,7,1,2,1,4,1,2,2,1,1,1,4,1,1,61194,1,1,1,0
2,4,1,3,1,1,2,2,1,1,1,1,1,1,3,525000,1,3,2,0
2,4,1,2,1,17,7,2,2,1,1,1,4,1,3,65000,1,3,2,0
2,20,1,8,1,3,7,1,3,1,1,5,1,1,1,41760,3,2,2,0
2,2,1,1,7,1,1,2,1,1,1,3,1,1,2,7140,2,2,2,0
2,10,1,1,1,1,3,2,3,1,1,6,1,1,4,75950,1,1,1,0
2,2,1,2,1,1,2,2,2,2,1,3,1,1,2,3000,2,2,2,0
2,4,1,1,1,1,3,1,4,1,1,1,1,2,3,100500,1,3,2,0
2,4,1,1,3,1,1,3,3,2,1,2,1,1,3,80000,1,3,2,0
2,20,1,1,1,2,1,2,2,1,1,7,1,1,1,48192,3,2,2,0
2,12,2,1,1,4,1,2,1,1,1,3,5,1,3,54755,1,1,1,0
2,4,1,1,5,1,3,2,3,1,1,3,1,2,3,156000,1,3,2,0
2,12,1,1,1,1,4,1,2,1,1,7,1,2,3,76495,1,1,1,0
2,4,1,1,1,1,3,1,4,2,1,2,5,1,3,85000,1,3,2,0
2,4,1,1,1,1,3,2,4,1,1,4,1,1,3,140000,1,3,2,0
2,4,1,1,1,2,1,2,3,1,1,1,1,1,3,160000,1,3,2,0
2,18,1,5,1,1,1,3,3,1,1,7,1,2,1,104269,1,1,3,0
2,4,1,1,2,1,1,2,1,2,2,3,1,1,3,144500,1,3,2,0
1,6,1,3,8,4,2,2,3,1,1,5,1,2,1,10620,2,2,2,0
2,6,3,3,5,1,3,3,1,1,1,1,1,1,1,76848,2,2,2,0
2,2,1,2,1,2,7,2,1,1,1,3,3,1,2,216036,2,2,2,0
2,4,1,7,7,1,3,2,3,1,1,1,1,2,3,140000,1,3,2,0
2,16,1,1,1,3,4,2,2,1,1,2,2,1,1,63519,1,1,3,0
1,2,2,1,1,1,5,3,4,1,1,3,1,1,2,88296,2,2,2,0
2,12,1,1,1,4,3,4,3,1,1,2,1,2,3,72469,1,1,1,1
2,4,3,7,4,15,5,2,4,1,1,3,1,2,3,100000,1,3,2,0
2,10,1,3,1,1,4,2,1,1,1,5,1,1,4,127957,1,1,1,0
2,6,1,8,1,1,4,2,3,1,1,3,1,2,1,23352,2,2,2,0
2,4,1,1,3,1,7,2,3,1,1,1,1,1,3,142000,1,3,2,0
2,10,1,1,7,1,1,2,4,1,1,7,1,2,4,100766,1,1,1,0
2,10,1,2,1,1,4,2,2,1,1,3,3,1,4,131956,1,1,1,0
2,10,1,1,1,1,3,1,4,1,1,3,1,2,4,87971,1,1,1,0
2,4,1,1,1,1,1,3,4,1,1,1,1,1,3,125000,1,3,2,0
2,7,1,1,4,1,7,2,2,1,1,7,1,1,1,47736,1,1,1,0
2,7,1,2,7,1,2,1,1,1,1,3,1,2,1,51403,1,1,1,0
2,7,2,2,1,8,7,2,4,1,1,2,1,1,1,58746,1,1,1,0
2,4,1,2,1,1,4,2,1,2,2,4,1,2,3,108000,1,3,2,0
2,12,1,4,12,1,2,2,2,1,1,1,1,1,3,28182,1,1,1,0
2,4,1,1,1,2,3,2,2,1,1,3,1,1,3,130000,1,3,2,0
2,15,2,2,1,1,1,1,2,1,1,4,4,2,2,84264,1,1,2,0
2,7,1,1,12,3,1,2,4,1,3,1,1,1,1,67313,1,1,1,0
1,2,1,2,1,1,2,2,2,1,1,1,6,1,2,5076,2,2,2,0
1,4,1,1,2,1,2,2,4,1,1,2,1,2,3,100000,1,3,2,0
1,4,1,1,1,1,7,2,2,1,1,3,1,1,3,73000,1,3,2,0
1,2,1,1,1,3,2,2,3,2,1,3,3,1,2,9393,2,2,2,0
2,1,1,1,8,1,4,1,3,1,1,3,1,1,1,53617,1,1,1,0
2,10,1,1,1,9,2,2,3,1,1,2,1,1,4,41986,1,1,1,0
2,7,1,2,1,1,7,2,3,2,1,3,1,1,1,52627,1,1,1,0
2,2,2,1,1,4,2,2,4,1,1,1,3,1,2,12524,2,2,2,0
1,11,1,2,1,13,3,3,3,2,2,2,1,1,1,32316,1,1,1,0
1,5,1,5,1,2,1,1,2,1,1,3,1,2,1,33876,2,2,1,0
2,1,1,1,1,1,1,1,2,1,1,8,1,1,1,41671,1,1,1,0
2,10,1,1,6,1,7,1,4,1,1,1,1,1,4,67977,1,1,1,0
2,10,1,3,9,6,7,3,2,1,1,9,1,1,4,114362,1,1,1,0
2,7,1,2,1,1,3,3,3,1,1,6,1,2,1,122388,1,1,1,0
2,6,1,1,1,1,3,2,3,1,1,3,1,1,1,27600,2,2,2,0
2,4,1,2,1,9,4,1,3,1,1,2,1,2,3,125000,1,3,2,0
2,1,1,2,1,1,2,1,2,1,1,1,3,1,1,34726,1,1,1,0
2,12,1,1,1,9,4,3,3,1,1,2,1,1,3,70054,1,1,1,0
2,2,1,1,3,1,5,1,2,1,1,1,3,1,2,2820,2,2,2,0
2,11,1,6,1,1,3,2,3,1,1,8,4,1,1,543396,1,1,1,0
2,12,1,1,1,1,1,2,4,1,1,2,1,1,3,104678,1,1,1,0
2,4,1,4,8,3,3,1,3,1,1,4,1,2,3,105000,1,3,2,0
2,3,1,3,7,15,4,2,3,1,1,2,1,1,1,52404,1,1,3,0
2,4,1,1,1,4,1,3,3,1,1,2,1,1,3,83000,1,3,2,0
1,4,1,1,1,1,7,1,2,1,1,1,1,1,3,172000,1,3,2,0
2,4,1,1,8,4,3,2,3,1,1,3,1,2,3,85000,1,3,2,0
2,4,1,1,1,3,1,1,3,2,3,2,1,1,3,70000,1,3,2,0
2,4,1,2,4,1,4,1,4,1,1,1,1,2,3,100000,1,3,2,0
2,4,3,2,1,1,7,2,2,1,1,3,1,2,3,130000,1,3,2,0
2,3,1,1,4,1,2,1,3,1,1,1,1,2,1,55392,1,1,3,0
2,18,1,1,1,1,3,2,3,1,1,2,1,2,1,125123,1,1,3,0
2,16,1,1,1,1,7,1,1,1,1,8,1,1,1,925248,1,1,3,0
2,10,1,7,7,8,7,2,4,2,1,2,1,2,4,78374,1,1,1,0
2,7,1,2,1,1,1,1,2,1,1,3,1,1,1,75880,1,1,1,0
1,7,1,1,1,1,1,2,1,2,1,1,1,1,1,73433,1,1,1,0
2,6,1,3,12,1,2,2,1,1,1,6,1,1,1,8850,2,2,2,0
2,4,1,1,1,15,3,3,4,1,1,3,1,1,3,77000,1,3,2,0
2,2,1,2,12,1,2,2,3,1,1,7,6,2,2,4133,2,2,2,0
2,12,1,2,1,1,3,1,3,1,1,2,1,2,3,88573,1,1,1,0
2,2,1,1,8,1,7,2,1,1,1,1,3,2,2,5640,2,2,2,0
2,1,1,4,1,1,1,2,2,1,1,6,1,1,1,41671,1,1,1,0
2,1,1,1,8,4,5,3,3,1,1,3,1,1,1,333372,1,1,1,0
2,7,1,2,1,2,2,2,3,1,1,1,1,1,1,67313,1,1,1,0
2,4,1,2,4,3,5,2,4,1,1,4,1,1,3,43000,1,3,2,0
2,13,1,2,1,1,4,1,2,1,3,5,1,1,1,44060,1,1,1,0
2,4,2,2,1,1,2,2,1,1,1,3,3,1,3,2000000,1,3,2,0
2,20,1,2,6,3,2,3,2,2,1,3,1,1,1,18000,3,2,2,0
2,4,1,8,1,1,9,2,3,1,1,3,1,1,3,140000,1,3,2,0
2,4,1,1,8,4,1,1,3,1,1,1,1,2,3,80000,1,3,2,0
1,1,1,1,1,1,2,1,1,1,1,2,1,1,1,266700,1,1,1,0
2,14,1,1,8,1,8,2,3,1,1,1,1,1,5,56148,3,2,2,0
2,5,1,1,12,1,5,2,3,1,1,8,1,1,1,22236,2,2,1,0
2,3,1,1,8,1,11,2,4,1,1,6,1,1,1,54645,1,1,3,0
2,2,2,2,1,4,5,1,3,1,1,3,3,1,2,5479,2,2,2,0
2,10,1,5,1,15,1,2,4,1,1,1,1,1,4,111963,1,1,1,0
2,4,1,1,1,3,1,1,2,1,1,1,1,1,3,161000,1,3,2,0
2,7,1,2,1,1,1,2,2,1,1,1,1,1,1,70985,1,1,1,0
2,2,1,1,1,2,2,2,3,2,1,1,1,2,2,11741,2,2,2,0
2,4,1,1,1,1,1,2,3,1,1,6,1,2,3,125000,1,3,2,0
1,14,2,2,8,1,7,2,4,1,1,2,1,1,5,18720,3,2,2,0
2,4,1,3,1,1,11,2,1,1,1,1,2,1,3,85000,1,3,2,0
1,4,1,1,1,1,4,1,2,1,1,6,1,2,3,60000,1,3,2,0
2,5,1,2,3,1,7,3,2,1,1,3,1,1,1,42348,2,2,1,0
2,2,1,2,1,1,4,1,2,1,1,1,1,1,2,70445,2,2,2,0
1,4,3,4,1,1,2,2,4,1,1,3,1,1,3,120000,1,3,2,0
1,4,1,2,1,1,1,2,2,1,1,8,1,2,3,147000,1,3,2,0
2,4,1,1,1,1,3,2,2,1,1,4,1,2,3,130000,1,3,2,0
2,4,1,1,7,1,5,2,1,2,2,5,1,1,3,50000,1,3,2,0
2,12,1,1,1,1,1,2,2,1,1,4,3,1,3,72469,1,1,1,0
2,4,1,2,7,14,3,3,4,2,1,3,1,1,3,120000,1,3,2,0
1,2,1,1,8,1,2,2,3,1,1,1,1,2,2,8297,2,2,2,0
2,1,1,3,9,1,3,2,2,1,1,2,1,1,1,50005,1,1,1,0
1,2,1,6,5,8,3,1,3,1,1,1,6,1,2,18785,2,2,2,0
2,4,1,1,5,1,4,2,4,1,1,5,6,1,3,145000,1,3,2,0
2,18,3,3,1,14,3,2,2,1,1,8,1,1,1,88629,1,1,3,0
2,4,1,2,1,5,4,1,2,1,1,3,1,1,3,165000,1,3,2,0
2,19,1,2,8,8,7,1,2,1,1,3,1,1,1,73433,1,1,3,0
2,4,1,1,1,4,7,2,4,1,1,6,1,1,3,80000,1,3,2,0
2,1,1,2,5,1,2,1,2,1,1,1,3,1,1,79175,1,1,1,0
2,9,1,1,1,4,2,3,2,1,1,1,1,1,2,15900,2,2,2,0
2,13,1,3,1,1,4,3,3,1,1,2,1,1,1,55686,1,1,1,0
2,4,1,2,1,1,4,2,2,1,1,6,3,1,3,80000,1,3,2,0
2,1,1,2,3,7,3,2,4,1,3,1,1,1,1,58340,1,1,1,0
2,14,1,3,1,3,11,2,3,1,1,8,1,2,5,26196,3,2,2,0
2,2,1,1,8,3,7,2,1,1,1,3,3,2,2,7749,2,2,2,0
2,4,1,2,1,1,7,3,4,1,3,2,7,1,3,115000,1,3,2,0
2,2,1,1,3,14,7,1,3,1,1,1,3,2,2,65748,2,2,2,0
2,4,1,2,1,6,4,1,2,1,3,6,6,1,3,136000,1,3,2,0
2,4,3,1,1,4,4,1,1,1,1,9,5,2,3,100000,1,3,2,0
2,12,1,1,1,9,2,2,1,1,1,2,1,1,3,32209,1,1,1,0
2,4,1,2,8,3,2,1,4,1,1,6,2,2,3,83000,1,3,2,0
2,4,2,4,8,1,2,2,4,1,1,1,1,1,3,60000,1,3,2,0
1,15,1,1,1,1,8,2,3,1,1,3,1,2,2,182568,1,1,2,0
2,2,1,1,1,1,1,3,3,1,1,2,1,2,2,22730,2,2,2,0
2,1,1,5,6,1,3,1,3,1,1,2,1,2,1,34587,1,1,1,0
1,7,1,2,1,1,3,2,4,1,1,1,5,2,1,72209,1,1,1,0
2,6,1,3,1,1,4,3,3,1,1,1,1,1,1,24408,2,2,2,0
1,12,1,1,1,1,1,2,4,1,1,3,1,1,3,69570,1,1,1,0
2,7,1,4,12,1,7,2,4,1,1,6,1,1,1,36720,1,1,1,0
1,13,1,2,1,1,7,3,1,1,1,7,3,1,1,66084,1,1,1,0
2,4,1,2,3,1,1,2,2,1,1,3,1,1,3,150000,1,3,2,0
2,4,1,1,8,2,2,2,4,1,1,6,1,1,3,57000,1,3,2,0
2,7,3,2,7,3,5,1,1,2,1,5,6,1,1,48955,1,1,1,0
1,7,1,2,1,4,7,2,3,1,1,3,1,1,1,66089,1,1,1,0
2,16,1,3,1,1,3,2,3,1,1,4,1,1,1,32316,1,1,3,0
2,4,1,1,4,1,11,1,2,2,2,1,4,2,3,88000,1,3,2,0
2,4,1,1,1,14,2,1,2,1,1,2,1,1,3,45000,1,3,2,0
2,1,1,2,1,15,1,1,4,1,1,2,1,1,1,50005,1,1,1,0
2,1,1,3,8,1,2,1,2,1,1,9,1,2,1,58340,1,1,1,0
2,4,1,4,6,1,2,2,2,1,1,2,1,1,3,32000,1,3,2,0
2,1,1,1,1,4,3,2,2,1,1,1,1,1,1,48443,1,1,1,0
2,2,2,1,12,1,2,2,2,1,2,7,3,1,2,4692,2,2,2,0
2,2,1,2,1,3,1,1,3,1,1,1,4,1,2,27395,2,2,2,0
2,4,1,1,2,16,2,2,4,2,1,3,1,1,3,120000,1,3,2,0
2,4,1,2,6,1,2,2,1,1,1,6,1,1,3,60000,1,3,2,0
1,4,1,2,9,3,3,2,3,2,1,1,1,1,3,75000,1,3,2,0
1,4,1,2,1,1,4,3,2,1,1,4,1,2,3,115000,1,3,2,0
2,10,1,3,12,3,3,2,4,1,1,7,1,1,4,50383,1,1,1,0
2,4,1,1,1,2,3,2,3,1,1,3,1,2,3,160000,1,3,2,0
1,9,3,1,2,1,1,2,3,1,1,3,4,2,2,11124,2,2,2,0
2,18,2,2,1,8,4,2,4,1,1,4,1,1,1,70903,1,1,3,0
2,10,1,1,8,6,7,2,1,1,1,1,1,1,4,75975,1,1,1,0
2,4,1,7,3,14,7,1,1,1,1,4,3,1,3,137000,1,3,2,0
2,8,1,5,1,3,5,3,3,2,1,2,1,1,1,28149,1,1,1,0
1,11,1,6,1,1,3,2,3,1,1,5,1,2,1,44064,1,1,1,0
2,4,1,1,1,1,2,2,4,1,1,3,1,2,3,80000,1,3,2,0
2,8,1,3,7,1,1,2,3,1,1,8,1,1,1,30597,1,1,1,0
2,1,1,1,1,1,3,2,2,1,1,1,1,1,1,83342,1,1,1,0
1,4,1,1,1,4,7,2,4,1,1,3,1,1,3,71000,1,3,2,0
1,12,1,1,5,4,7,2,1,1,1,1,1,1,3,483132,1,1,1,0
2,12,1,4,12,4,2,2,1,1,1,6,1,1,3,52339,1,1,1,0
2,15,1,2,1,3,3,2,2,1,1,4,1,2,2,112344,1,1,2,0
2,17,1,4,1,4,2,2,4,1,1,4,1,1,1,30840,1,1,3,0
2,11,1,2,1,1,11,2,4,1,3,3,1,1,1,55075,1,1,1,0
2,11,1,2,5,8,7,2,4,1,1,3,1,1,1,22032,1,1,1,0
1,4,1,1,1,1,1,2,3,1,1,1,2,2,3,150000,1,3,2,0
2,7,2,4,12,1,4,2,2,1,1,2,1,1,1,76368,1,1,1,0
1,1,1,2,1,7,7,1,4,1,1,1,4,1,1,55562,1,1,1,0
2,7,1,2,1,1,3,1,2,1,1,1,1,1,1,79552,1,1,1,0
2,7,2,5,3,3,5,1,2,1,1,8,1,1,1,5292,1,1,1,0
2,4,1,1,1,1,4,2,1,1,1,3,1,1,3,186000,1,3,2,0
2,4,2,3,1,15,3,1,3,1,1,1,1,1,3,19992,1,3,2,0
2,1,1,1,1,4,7,2,3,1,1,1,1,1,1,51117,1,1,1,0
2,2,1,1,1,2,7,2,3,1,1,3,3,1,2,11741,2,2,2,0
2,10,1,3,5,3,5,3,2,1,1,1,1,1,4,47984,1,1,1,0
2,1,1,1,1,1,4,2,4,1,1,1,1,1,1,68757,1,1,1,0
2,2,1,2,1,1,2,2,3,1,2,3,1,1,2,4692,2,2,2,0
1,14,1,9,1,1,8,1,3,1,1,9,2,2,5,59892,3,2,2,0
2,4,1,2,1,8,3,2,4,1,1,3,1,1,3,106000,1,3,2,0
2,14,1,3,8,1,3,2,4,1,1,8,2,1,5,29940,3,2,2,0
2,4,1,1,1,5,7,2,2,1,1,5,1,1,3,400000,1,3,2,0
2,2,1,2,1,1,1,2,3,1,1,2,3,1,2,5786,2,2,2,0
2,11,1,2,1,9,3,2,2,1,1,1,1,1,1,66089,1,1,1,0
2,2,1,2,1,2,1,2,3,1,1,7,1,2,2,11271,2,2,2,0
2,5,1,1,3,1,2,2,4,1,1,2,1,1,1,37056,2,2,1,0
2,1,1,2,1,1,3,2,2,1,1,1,2,1,1,738408,1,1,1,0
2,14,1,2,1,1,1,2,4,1,1,1,2,1,5,17964,3,2,2,0
1,4,1,1,4,15,4,1,2,2,2,1,1,1,3,135000,1,3,2,0
1,12,1,2,1,1,3,2,3,1,1,4,4,1,3,76495,1,1,1,0
2,4,1,2,3,14,7,2,2,1,1,1,6,1,3,80000,1,3,2,0
2,1,1,1,12,1,1,1,2,1,1,2,1,2,1,62507,1,1,1,0
2,4,1,1,1,1,1,3,2,1,1,5,1,1,3,100000,1,3,2,0
2,17,3,1,1,1,7,2,3,1,1,1,1,1,1,38184,1,1,3,0
2,1,1,1,7,1,1,1,2,1,1,2,1,1,1,666744,1,1,1,0
2,1,1,1,1,1,7,1,2,1,1,1,1,1,1,600060,1,1,1,0
2,3,1,1,1,1,7,1,1,1,1,8,1,1,1,51504,1,1,3,0
2,7,1,2,1,1,8,2,3,1,1,2,1,2,1,70985,1,1,1,0
2,7,2,1,1,1,1,2,3,1,1,6,1,1,1,55075,1,1,1,0
2,4,1,1,8,1,3,1,2,1,1,1,1,1,3,80000,1,3,2,0
1,2,1,2,1,12,5,2,1,1,2,3,3,1,2,2820,2,2,2,0
1,7,1,2,3,1,2,2,2,1,1,3,1,1,1,48955,1,1,1,0
2,1,1,1,1,1,7,2,4,1,1,1,1,1,1,76397,1,1,1,0
1,10,1,3,1,1,3,1,4,1,1,2,1,2,4,97568,1,1,1,0
2,4,1,5,1,12,4,2,4,1,1,1,1,1,3,135000,1,3,2,0
2,5,3,5,4,1,7,3,4,1,1,2,1,1,1,8820,2,2,1,0
2,4,1,2,2,14,2,1,2,2,1,5,1,1,3,60060,1,3,2,0
2,16,1,1,1,1,7,2,2,1,1,1,1,2,1,48955,1,1,3,0
2,1,1,1,1,9,3,2,2,1,1,3,1,1,1,56951,1,1,1,0
2,7,1,1,1,1,11,2,4,1,1,3,1,2,1,79552,1,1,1,0
2,14,2,5,2,1,1,2,2,1,1,7,2,1,5,37200,3,2,2,0
1,1,1,5,1,1,1,1,2,1,1,2,1,2,1,44449,1,1,1,0
2,12,1,2,1,4,7,2,2,1,4,8,6,1,3,80521,1,1,1,0
1,1,1,1,4,3,1,2,3,1,1,4,1,1,1,66674,1,1,1,0
1,11,2,7,7,1,4,2,1,1,1,3,6,2,1,110149,1,1,1,0
2,4,1,4,9,1,4,1,4,1,1,6,1,2,3,110000,1,3,2,0
1,3,1,5,1,1,1,1,4,1,1,2,1,1,1,67371,1,1,3,0
2,20,1,3,3,1,2,2,2,2,1,1,1,2,1,36000,3,2,2,0
2,4,3,2,1,1,3,2,2,1,1,1,1,1,3,89000,1,3,2,0
1,7,1,5,1,9,5,2,4,1,1,3,1,1,1,17628,1,1,1,0
2,1,1,2,1,1,3,2,2,1,1,1,3,2,1,58340,1,1,1,0
1,4,2,1,8,3,3,2,1,2,3,2,1,1,3,106000,1,3,2,0
2,12,1,2,1,15,3,1,2,1,1,3,1,1,3,80521,1,1,1,0
2,4,3,1,1,1,3,2,3,1,1,6,1,2,3,996000,1,3,2,0
2,12,1,1,4,4,2,3,1,2,2,1,1,1,3,35429,1,1,1,0
2,12,1,1,1,6,1,3,2,1,1,1,1,1,3,42676,1,1,1,0
2,14,2,2,1,1,11,3,3,1,1,3,2,2,5,45624,3,2,2,0
2,4,1,1,1,4,11,3,2,1,2,1,1,1,3,100000,1,3,2,0
2,4,1,3,9,1,1,1,4,1,1,1,1,1,3,91800,1,3,2,0
1,6,1,3,2,3,2,1,2,1,1,8,4,1,1,12,2,2,2,0
2,2,1,1,8,2,2,2,3,1,1,8,3,1,2,5640,2,2,2,0
2,7,1,1,1,1,1,1,3,1,1,3,1,1,1,66084,1,1,1,0
1,2,1,1,1,11,7,2,3,1,1,1,1,2,2,24264,2,2,2,0
2,7,1,2,3,7,2,3,3,1,1,1,2,1,1,61194,1,1,1,0
2,4,1,2,1,1,1,2,2,1,1,1,3,1,3,140400,1,3,2,0
2,7,1,2,1,7,2,1,4,1,1,3,1,1,1,66084,1,1,1,0
2,3,2,1,1,4,3,1,3,1,1,9,3,2,1,59880,1,1,3,0
2,7,1,2,1,1,3,2,3,1,1,3,1,2,1,66089,1,1,1,0
1,2,1,1,1,1,5,3,3,1,1,3,1,1,2,4320,2,2,2,0
1,11,1,2,1,1,1,3,4,1,1,3,1,1,1,62418,1,1,1,0
2,1,1,2,7,1,3,2,4,1,1,1,1,1,1,62507,1,1,1,0
2,4,1,3,1,1,4,2,3,1,1,2,5,1,3,50000,1,3,2,0
1,16,1,1,1,1,7,3,2,1,1,1,1,1,1,44064,1,1,3,0
2,16,1,2,10,3,3,1,2,1,1,3,1,1,1,25704,1,1,3,0
2,2,1,1,1,1,7,1,1,1,1,2,3,1,2,31309,2,2,2,0
2,4,2,3,1,1,3,1,3,1,1,3,1,1,3,25000,1,3,2,0
2,16,1,6,8,1,4,2,3,1,1,5,1,2,1,93015,1,1,3,0
2,2,1,1,1,1,2,3,2,1,1,2,3,1,2,22699,2,2,2,0
2,4,1,1,1,4,2,3,4,1,1,2,1,1,3,50000,1,3,2,0
2,4,1,4,8,1,2,2,4,1,1,2,1,2,3,52800,1,3,2,0
2,18,1,1,1,1,1,3,3,1,1,7,1,1,1,99056,1,1,3,0
2,4,1,1,1,4,7,2,3,2,1,1,1,1,3,62000,1,3,2,0
2,1,1,2,3,1,3,1,2,1,1,8,1,2,1,76397,1,1,1,0
2,4,1,3,1,1,3,2,2,2,1,2,1,1,3,85000,1,3,2,0
2,4,1,1,12,3,2,2,4,1,1,1,1,1,3,60000,1,3,2,0
2,11,1,2,1,3,7,2,2,1,1,3,1,1,1,48955,1,1,1,0
1,7,1,2,3,1,1,2,4,1,1,1,2,2,1,67313,1,1,1,0
2,1,1,1,7,3,7,2,4,1,1,5,1,1,1,733416,1,1,1,0
2,7,1,3,1,1,1,1,4,1,1,7,4,2,1,8076,1,1,1,0
2,2,1,2,1,1,3,1,2,1,1,5,3,1,2,1884,2,2,2,0
2,2,1,2,1,1,1,3,3,1,1,3,3,1,2,14088,2,2,2,0
2,4,1,2,1,1,3,1,2,1,1,6,6,1,3,110000,1,3,2,0
1,4,1,1,1,1,7,2,4,1,1,3,1,1,3,90000,1,3,2,0
2,3,1,3,1,1,4,3,1,1,1,1,1,1,1,696168,1,1,3,0
2,4,1,4,1,1,3,3,2,2,1,1,1,1,3,100000,1,3,2,0
2,1,1,3,5,1,10,1,2,1,1,5,1,1,1,58340,1,1,1,0
2,13,1,3,1,3,2,2,3,1,1,1,1,1,1,514032,1,1,1,0
1,1,1,7,5,1,4,2,4,1,1,3,1,2,1,104178,1,1,1,0
2,2,1,1,1,1,7,2,2,1,2,9,3,1,2,3914,2,2,2,0
1,7,1,1,5,1,3,2,2,1,1,3,1,1,1,1000000,1,1,1,0
2,7,1,2,1,1,3,3,3,1,1,2,1,1,1,61194,1,1,1,0
2,4,1,3,9,6,1,3,2,2,2,1,1,1,3,160000,1,3,2,0
2,4,1,2,1,1,3,2,1,1,1,3,1,1,3,77000,1,3,2,0
1,8,1,1,1,1,4,2,3,1,1,3,1,1,1,20556,1,1,1,0
2,2,2,1,1,1,2,2,2,1,1,1,5,1,2,10332,2,2,2,0
2,1,1,1,1,9,5,2,2,1,3,2,1,1,1,45838,1,1,1,0
2,11,1,2,1,5,6,3,3,1,1,2,1,2,1,1000000,1,1,1,0
1,2,1,2,1,14,7,1,1,1,1,2,3,1,2,4696,2,2,2,0
2,7,1,2,1,1,7,2,3,1,1,3,1,2,1,58746,1,1,1,0
2,4,1,2,2,4,1,1,4,1,1,1,1,2,3,260000,1,3,2,0
2,4,1,1,4,4,2,2,2,1,1,1,1,1,3,63000,1,3,2,0
2,4,1,1,1,1,1,1,1,1,1,3,1,2,3,95000,1,3,2,0
2,8,1,1,1,1,1,1,3,1,1,2,1,1,1,23496,1,1,1,0
1,1,1,2,5,1,1,2,1,1,1,2,1,1,1,63896,1,1,1,0
2,6,1,6,1,1,3,2,3,1,1,5,1,1,1,31848,2,2,2,0
2,4,1,2,1,1,1,2,3,1,3,7,1,1,3,158000,1,3,2,0
2,19,1,2,7,1,7,2,3,1,1,4,1,1,1,48955,1,1,3,0
2,1,2,1,12,1,2,3,3,1,1,1,6,1,1,41671,1,1,1,0
2,3,1,1,1,1,1,2,4,2,1,8,1,1,1,52404,1,1,3,0
1,7,1,1,1,1,4,2,3,1,1,3,1,1,1,11616,1,1,1,0
2,4,1,1,1,6,4,1,4,1,1,1,1,2,3,130000,1,3,2,0
2,11,1,2,1,1,3,2,2,1,1,8,1,1,1,51408,1,1,1,0
2,16,2,1,6,2,7,2,4,1,1,3,1,1,1,85671,1,1,3,0
1,4,1,1,1,1,4,1,3,1,1,1,1,1,3,105000,1,3,2,0
2,12,1,1,1,1,3,1,2,1,1,1,1,1,3,90989,1,1,1,0
2,7,1,1,1,1,4,2,2,1,1,2,1,1,1,58746,1,1,1,0
2,16,1,1,1,3,3,2,2,1,1,2,1,1,1,44064,1,1,3,0
2,4,1,1,9,3,7,2,3,1,1,1,1,2,3,105000,1,3,2,0
2,5,1,2,1,1,7,2,2,1,1,1,1,1,1,34584,2,2,1,0
2,4,1,2,1,1,2,2,2,1,1,1,1,1,3,97500,1,3,2,0
2,4,1,1,3,1,11,2,4,1,1,3,1,1,3,120000,1,3,2,0
2,7,1,2,1,7,3,2,2,1,1,1,1,1,1,881196,1,1,1,0
2,7,1,5,3,15,1,2,3,1,1,4,1,1,1,58752,1,1,1,0
1,6,1,2,1,1,7,3,1,1,1,1,3,1,1,16980,2,2,2,0
2,2,1,3,7,1,2,2,1,1,1,1,1,1,2,8640,2,2,2,0
2,4,1,1,1,1,2,2,4,1,1,1,1,2,3,90000,1,3,2,0
2,4,1,7,7,8,3,2,2,1,1,1,2,1,3,159600,1,3,2,0
2,1,1,2,7,1,2,2,1,1,2,2,1,1,1,39029,1,1,1,0
2,4,1,2,1,7,1,2,2,1,1,2,1,1,3,300000,1,3,2,0
2,6,1,3,3,20,5,3,2,1,2,1,1,1,1,16980,2,2,2,0
2,4,1,1,1,1,10,3,3,1,4,6,1,1,3,40000,1,3,2,0
2,2,2,1,8,1,2,2,3,1,1,2,3,1,2,5256,2,2,2,0
2,4,1,1,8,13,7,2,4,1,1,6,1,2,3,62000,1,3,2,0
2,12,1,4,12,1,11,3,3,1,3,5,1,1,3,30598,1,1,1,0
2,7,1,3,3,1,7,2,3,1,1,2,1,1,1,26436,1,1,1,0
2,12,1,1,1,4,1,3,2,1,1,1,5,1,3,57975,1,1,1,0
2,5,1,1,8,1,7,1,3,1,1,2,1,2,1,44112,2,2,1,0
2,1,1,1,1,1,7,2,2,1,1,1,1,1,1,48616,1,1,1,0
1,4,1,1,1,4,1,3,1,1,1,6,3,1,3,69000,1,3,2,0
1,1,1,2,8,4,3,1,3,1,1,2,1,1,1,93760,1,1,1,0
2,4,1,1,1,8,3,2,4,2,1,4,1,1,3,155000,1,3,2,0
1,6,1,1,8,1,4,2,2,2,1,1,1,1,1,31848,2,2,2,0
1,14,1,1,1,1,7,2,4,2,1,1,1,1,5,18720,3,2,2,0
2,2,1,1,1,1,7,1,3,2,1,3,1,1,2,15654,2,2,2,0
2,1,1,3,1,1,7,1,1,1,1,2,1,2,1,65285,1,1,1,0
2,15,2,2,3,3,1,2,3,1,1,3,4,1,2,94788,1,1,2,0
1,17,1,1,8,1,7,3,4,1,2,1,1,1,1,35244,1,1,3,0
1,2,1,2,1,1,2,1,2,1,1,1,1,1,2,3006,2,2,2,0
2,14,1,1,1,1,7,1,4,1,1,7,1,2,5,14976,3,2,2,0
2,4,1,3,10,1,2,2,4,1,1,2,1,1,3,40000,1,3,2,0
1,7,3,1,1,1,2,1,2,1,1,5,1,1,1,55080,1,1,1,0
1,4,1,1,1,1,3,2,4,1,1,2,1,2,3,70000,1,3,2,0
2,18,1,2,1,9,4,3,3,1,1,1,1,1,1,93842,1,1,3,0
2,4,3,1,8,1,7,2,1,1,1,6,1,1,3,2000000,1,3,2,0
2,4,1,1,1,1,3,2,3,1,1,2,6,2,3,115000,1,3,2,0
2,4,1,1,3,1,7,2,1,2,2,3,1,1,3,100000,1,3,2,0
1,2,1,1,3,1,2,2,3,1,1,5,3,1,2,22542,2,2,2,0
2,2,1,1,1,1,7,3,4,1,1,1,3,2,2,4692,2,2,2,0
1,2,1,1,1,1,7,1,3,1,1,1,3,1,2,18000,2,2,2,0
2,4,1,2,7,1,1,1,1,1,1,2,1,1,3,250000,1,3,2,0
2,2,1,1,1,1,1,1,2,1,1,6,3,1,2,8832,2,2,2,0
2,1,2,7,7,16,2,1,4,1,1,3,1,1,1,20836,1,1,1,0
2,12,1,2,1,7,7,1,3,1,1,3,3,2,3,483132,1,1,1,0
1,2,1,2,1,3,5,1,3,1,1,1,3,1,2,2628,2,2,2,0
2,4,1,1,1,4,7,2,1,1,1,1,1,1,3,70000,1,3,2,0
2,4,1,1,1,4,7,2,2,1,1,3,1,2,3,80000,1,3,2,0
2,1,1,5,3,1,7,3,3,1,1,1,1,1,1,69452,1,1,1,0
2,2,1,1,1,1,7,2,4,1,1,3,3,1,2,6298,2,2,2,0
2,4,1,1,1,1,1,2,3,1,1,3,1,1,3,82500,1,3,2,0
2,2,3,3,8,1,7,2,3,1,1,7,3,2,2,2820,2,2,2,0
2,4,1,1,1,3,1,1,3,1,1,1,1,2,3,85000,1,3,2,0
2,4,1,2,1,1,7,1,3,1,1,3,3,1,3,102000,1,3,2,0
2,4,2,2,4,18,7,2,4,1,1,3,1,1,3,34000,1,3,2,0
1,4,1,1,4,4,2,2,4,2,1,6,1,1,3,100000,1,3,2,0
2,1,1,2,1,1,1,2,2,2,2,1,1,1,1,97927,1,1,1,0
2,13,3,2,8,1,1,2,2,1,1,7,2,2,1,29373,1,1,1,0
1,4,1,1,1,1,7,2,4,1,1,1,3,1,3,115000,1,3,2,0
2,4,1,3,6,1,7,2,2,1,1,5,3,1,3,97000,1,3,2,0
2,4,1,1,1,4,11,2,3,1,1,1,2,2,3,95000,1,3,2,0
2,3,1,2,1,1,3,2,4,1,1,3,1,1,1,62880,1,1,3,0
2,2,1,1,1,1,2,3,1,1,1,1,3,2,2,8172,2,2,2,0
1,4,1,1,1,1,7,2,2,1,1,2,1,1,3,1560000,1,3,2,0
2,4,1,1,1,9,1,2,4,1,1,1,1,1,3,75000,1,3,2,0
2,1,1,3,1,1,3,1,1,1,1,9,1,1,1,66674,1,1,1,0
2,4,1,1,2,4,5,2,1,2,1,3,6,1,3,92500,1,3,2,0
2,13,1,2,1,1,8,2,4,1,1,5,1,1,1,52015,1,1,1,0
2,3,1,2,1,8,8,3,4,1,1,7,1,1,1,48660,1,1,3,0
2,4,1,1,1,2,7,2,2,1,1,1,1,1,3,90000,1,3,2,0
2,14,1,1,1,4,4,2,3,1,1,2,2,1,5,37800,3,2,2,0
2,4,1,3,1,1,1,2,3,1,1,1,1,1,3,110000,1,3,2,0
1,4,1,2,7,1,2,1,3,1,1,8,4,2,3,93896,1,3,2,0
2,2,1,1,1,1,7,2,3,1,1,1,4,1,2,6012,2,2,2,0
2,7,1,2,2,1,7,2,4,1,1,3,1,1,1,73433,1,1,1,0
2,7,1,3,12,4,4,1,3,1,1,1,1,2,1,29985,1,1,1,0
2,4,1,2,5,8,1,4,4,1,1,2,1,1,3,206000,1,3,2,1
2,7,1,2,1,1,4,2,3,1,1,4,1,1,1,58752,1,1,1,0
2,1,1,1,5,1,7,1,1,1,1,8,1,2,1,64035,1,1,1,0
2,5,1,2,1,1,1,2,1,1,1,3,1,1,1,45876,2,2,1,0
2,4,1,1,1,1,11,3,2,1,1,1,1,1,3,130000,1,3,2,0
2,4,1,1,5,4,2,2,1,1,1,3,1,1,3,72000,1,3,2,0
2,16,1,5,3,15,4,1,3,1,1,1,1,2,1,52872,1,1,3,0
1,4,1,1,1,1,3,3,4,1,1,1,1,1,3,84000,1,3,2,0
2,1,1,3,3,1,2,2,3,1,1,2,1,1,1,40977,1,1,1,0
2,11,1,1,12,1,2,2,4,1,1,3,1,1,1,26925,1,1,1,0
2,2,1,1,1,1,2,2,4,1,1,9,3,1,2,15654,2,2,2,0
2,1,1,1,7,1,2,1,3,1,1,1,1,1,1,47227,1,1,1,0
2,4,1,1,1,5,1,1,2,1,1,1,1,2,3,160000,1,3,2,0
2,2,1,2,1,1,2,2,4,1,1,3,3,1,2,4696,2,2,2,0
2,4,2,2,7,1,1,2,2,1,1,4,1,1,3,32000,1,3,2,0
2,7,1,2,1,8,2,2,2,1,1,2,1,1,1,61194,1,1,1,0
2,4,1,1,1,1,3,1,2,1,1,5,4,1,3,129000,1,3,2,0
2,4,1,1,1,15,7,2,3,1,1,3,1,2,3,140000,1,3,2,0
2,4,1,2,4,8,11,2,3,1,1,5,1,2,3,116000,1,3,2,0
1,11,1,2,1,1,7,2,3,1,1,4,1,1,1,59970,1,1,1,0
2,2,1,2,1,2,7,2,1,1,1,9,1,1,2,4692,2,2,2,0
1,13,2,3,12,3,1,3,3,1,1,2,2,1,1,31821,1,1,1,0
1,14,1,1,12,1,1,2,3,1,1,1,2,1,5,23580,3,2,2,0
2,17,1,7,3,1,4,1,2,1,1,1,1,2,1,91791,1,1,3,0
1,2,2,1,1,1,2,2,2,1,1,8,3,1,2,7512,2,2,2,0
2,10,1,1,1,1,1,1,3,2,1,3,6,1,4,67977,1,1,1,0
2,14,1,2,1,9,1,2,4,1,1,1,1,1,5,11232,3,2,2,0
2,11,1,2,1,1,3,1,2,1,1,4,1,1,1,51403,1,1,1,0
2,10,1,1,1,1,7,2,3,1,1,6,1,1,4,56781,1,1,1,0
2,7,2,5,1,1,2,3,2,1,1,2,1,2,1,52872,1,1,1,0
2,2,2,1,1,1,2,1,4,1,1,3,1,1,2,5640,2,2,2,0
2,2,2,1,1,1,7,2,4,1,1,1,3,1,2,15024,2,2,2,0
2,13,3,3,1,1,7,3,3,2,1,2,1,1,1,8808,1,1,1,0
2,4,1,3,1,1,3,1,2,1,1,7,1,2,3,153000,1,3,2,0
2,12,2,2,1,1,1,3,3,1,1,7,2,1,3,12564,1,1,1,0
2,4,1,1,1,1,3,2,2,1,1,2,6,1,3,190000,1,3,2,0
1,16,1,1,6,6,5,2,2,2,1,6,5,1,1,33048,1,1,3,0
2,1,1,2,1,14,3,2,3,1,1,5,1,1,1,62507,1,1,1,0
2,4,1,1,6,1,11,3,3,1,1,1,1,1,3,245000,1,3,2,0
2,19,1,2,1,4,7,2,4,1,1,7,1,1,1,56646,1,1,3,0
2,4,1,3,7,7,5,1,2,1,1,2,1,1,3,75000,1,3,2,0
2,15,1,8,1,3,2,2,2,1,1,7,1,2,2,43884,1,1,2,0
2,4,1,1,5,4,1,2,3,1,1,1,1,2,3,100000,1,3,2,0
2,2,1,1,1,3,7,2,3,1,1,3,1,2,2,6183,2,2,2,0
2,1,1,1,1,1,3,3,3,1,1,1,1,1,1,100011,1,1,1,0
2,4,1,1,1,1,7,2,1,1,1,8,1,2,3,90000,1,3,2,0
2,7,1,1,12,1,1,1,2,1,1,1,1,1,1,41124,1,1,1,0
2,7,1,5,1,13,3,1,4,2,1,3,3,2,1,38184,1,1,1,0
1,2,1,1,1,1,2,2,1,1,1,2,3,1,2,6262,2,2,2,0
1,4,1,1,1,6,2,2,2,1,1,2,1,1,3,70000,1,3,2,0
2,4,1,1,9,1,2,2,2,1,1,1,7,1,3,2000000,1,3,2,0
2,4,1,1,1,9,3,1,3,1,1,1,1,1,3,100000,1,3,2,0
2,2,1,2,1,4,7,2,4,1,1,9,3,2,2,15654,2,2,2,0
1,6,1,7,1,1,1,2,2,1,1,3,4,1,1,44160,2,2,2,0
1,7,1,3,1,1,3,2,3,1,1,2,1,1,1,49788,1,1,1,0
2,4,1,1,7,4,5,2,2,2,1,3,1,1,3,105000,1,3,2,0
2,2,1,1,3,3,7,2,2,1,1,4,3,1,2,23482,2,2,2,0
2,12,1,1,1,4,1,2,4,1,1,2,1,1,3,80521,1,1,1,0
2,4,2,1,7,4,11,1,2,1,1,3,1,2,3,130000,1,3,2,0
1,4,1,1,1,15,1,2,2,1,1,3,1,1,3,150000,1,3,2,0
2,11,1,1,12,1,7,2,3,1,1,3,1,1,1,45283,1,1,1,0
1,6,2,1,1,1,5,2,3,1,1,3,1,2,1,16980,2,2,2,0
2,7,1,2,1,1,3,2,2,1,3,5,4,1,1,75492,1,1,1,0
2,12,1,1,1,1,3,2,3,1,1,1,1,1,3,76495,1,1,1,0
2,1,1,3,1,1,1,3,3,1,1,2,1,1,1,34726,1,1,1,0
2,16,1,1,7,8,2,1,4,1,1,1,1,1,1,32316,1,1,3,0
2,4,1,1,1,1,1,2,4,1,1,3,1,1,3,75000,1,3,2,0
1,12,1,2,1,1,2,2,3,1,1,9,3,2,3,56365,1,1,1,0
2,7,1,2,1,2,7,2,2,1,1,3,1,2,1,50791,1,1,1,0
2,2,1,1,1,2,7,2,1,1,1,1,1,1,2,16124,2,2,2,0
2,4,2,2,1,1,7,2,2,1,1,3,3,1,3,150000,1,3,2,0
2,7,2,1,3,1,7,3,3,1,2,1,1,1,1,22032,1,1,1,0
2,1,1,1,1,11,2,1,3,1,1,7,2,1,1,68063,1,1,1,0
2,14,3,5,1,1,2,2,3,1,1,7,1,1,5,5916,3,2,2,0
2,8,1,1,1,1,3,2,3,1,1,8,1,2,1,42836,1,1,1,0
2,4,1,1,9,1,5,2,1,2,3,3,1,1,3,60900,1,3,2,0
2,6,1,3,8,1,1,3,3,1,1,4,1,1,1,110000,2,2,2,0
2,1,1,1,12,6,4,1,1,1,1,2,1,1,1,716748,1,1,1,0
2,12,1,1,1,1,3,3,3,1,1,9,3,1,3,57975,1,1,1,0
2,6,1,4,5,1,1,2,3,1,1,6,1,1,1,21864,2,2,2,0
2,4,1,1,2,4,2,2,4,1,1,1,2,1,3,85000,1,3,2,0
1,5,1,1,1,9,7,1,3,1,1,8,2,2,1,21168,2,2,1,0
2,9,1,1,1,1,1,2,2,1,1,3,1,1,2,12720,2,2,2,0
2,11,1,2,1,1,1,2,2,1,1,3,1,1,1,48955,1,1,1,0
1,2,1,1,1,4,2,2,1,1,1,2,3,1,2,5479,2,2,2,0
2,4,1,1,8,3,7,3,3,1,1,1,1,2,3,81000,1,3,2,0
2,14,3,1,6,1,3,3,3,1,1,1,1,1,5,16092,3,2,2,0
2,4,1,1,1,1,11,2,2,1,2,1,1,1,3,100000,1,3,2,0
2,4,1,1,3,1,2,2,1,1,1,1,1,1,3,70000,1,3,2,0
1,12,1,1,1,9,2,2,4,1,1,1,1,1,3,48313,1,1,1,0
2,4,1,2,1,2,2,2,4,1,1,3,1,2,3,200000,1,3,2,0
2,2,1,1,1,1,7,1,2,1,1,2,3,2,2,14089,2,2,2,0
1,4,1,1,1,1,3,3,1,1,1,3,1,1,3,100000,1,3,2,0
2,4,2,1,1,1,1,2,4,1,2,8,1,1,3,105000,1,3,2,0
2,4,1,4,6,4,5,2,4,1,1,2,1,1,3,40000,1,3,2,0
2,7,1,2,1,1,1,1,2,1,2,2,1,1,1,56788,1,1,1,0
1,15,1,1,1,4,7,2,2,1,1,1,1,2,2,94788,1,1,2,0
2,4,1,3,1,1,3,2,1,1,3,1,1,1,3,45000,1,3,2,0
2,7,1,2,1,1,11,2,3,1,1,2,2,1,1,70985,1,1,1,0
2,4,1,1,2,4,5,1,4,1,1,2,6,1,3,76000,1,3,2,0
2,13,1,1,1,1,1,2,2,1,1,1,2,2,1,79552,1,1,1,0
2,4,1,1,5,3,1,1,2,1,1,3,1,1,3,1920000,1,3,2,0
2,14,1,1,1,4,2,1,4,1,1,1,1,1,5,14292,3,2,2,0
1,4,1,3,1,1,1,2,3,1,1,2,1,2,3,58000,1,3,2,0
2,2,1,1,1,10,4,2,3,1,1,3,3,2,2,78272,2,2,2,0
2,4,1,3,12,1,1,1,2,1,1,8,1,1,3,70000,1,3,2,0
2,4,1,1,1,1,1,1,4,1,1,5,1,1,3,111000,1,3,2,0
2,4,1,4,9,1,4,2,1,1,1,6,1,2,3,960000,1,3,2,0
2,1,1,1,12,1,3,2,4,1,1,3,1,1,1,516720,1,1,1,0
1,5,1,2,6,1,3,2,3,1,1,3,1,1,1,20472,2,2,1,0
2,1,2,1,1,10,3,1,2,1,1,2,5,1,1,118068,1,1,1,0
2,4,1,2,5,14,1,2,2,1,3,3,1,1,3,120000,1,3,2,0
2,7,1,2,1,8,7,2,2,1,1,2,1,1,1,57648,1,1,1,0
2,4,1,2,3,8,2,1,4,1,1,1,1,1,3,100000,1,3,2,0
2,19,1,3,7,13,5,2,2,1,1,7,1,1,1,39648,1,1,3,0
2,4,2,1,1,1,7,3,4,1,1,2,1,1,3,83000,1,3,2,0
2,4,1,2,1,1,3,2,2,1,1,3,1,1,3,77000,1,3,2,0
2,6,3,2,1,16,3,2,3,1,1,8,1,2,1,31848,2,2,2,0
2,4,1,2,1,1,7,2,2,1,3,2,1,1,3,115000,1,3,2,0
1,7,1,3,1,1,2,2,4,1,1,2,1,1,1,40680,1,1,1,0
2,12,1,1,1,1,3,3,4,2,3,1,1,1,3,724692,1,1,1,0
2,7,1,6,3,3,7,2,2,1,1,8,1,2,1,73433,1,1,1,0
2,4,1,1,1,1,3,2,2,1,1,1,1,1,3,115000,1,3,2,0
2,2,1,1,1,1,1,2,4,1,1,3,3,2,2,10524,2,2,2,0
2,4,3,1,3,4,7,2,4,2,3,6,1,1,3,79000,1,3,2,0
2,1,1,1,1,4,1,2,2,2,2,2,1,1,1,59729,1,1,1,0
2,4,1,1,1,1,1,1,3,1,1,3,1,2,3,115000,1,3,2,0
2,4,1,1,1,4,3,3,1,1,1,1,1,1,3,145000,1,3,2,0
1,11,1,1,1,1,7,2,4,1,1,8,1,1,1,29376,1,1,1,0
2,10,1,3,8,14,2,2,3,1,1,1,1,2,4,759747,1,1,1,0
2,2,1,2,1,2,2,2,1,1,1,5,6,1,2,6012,2,2,2,0
2,8,1,3,1,4,1,2,4,1,1,2,1,2,1,42836,1,1,1,0
1,18,1,1,3,9,10,2,3,1,1,8,6,1,1,143892,1,1,3,0
2,4,1,1,8,3,1,2,4,1,1,1,1,2,3,105000,1,3,2,0
2,4,1,3,1,1,7,2,2,1,2,3,1,1,3,60000,1,3,2,0
1,17,1,2,1,3,4,1,2,1,1,3,1,1,1,42836,1,1,3,0
2,4,1,1,1,1,3,1,4,1,1,1,1,1,3,28800,1,3,2,0
1,12,1,1,1,1,1,2,1,1,1,1,3,1,3,60391,1,1,1,0
2,4,1,1,1,1,3,2,2,1,1,3,1,2,3,105000,1,3,2,0
1,12,1,3,1,1,7,3,3,1,1,1,1,1,3,44287,1,1,1,0
2,4,1,1,1,1,1,2,2,2,2,3,1,1,3,125000,1,3,2,0
2,2,1,1,1,1,2,3,1,1,1,3,1,1,2,9396,2,2,2,0
2,5,2,1,1,1,1,3,3,1,1,3,1,1,1,19056,2,2,1,0
1,4,1,1,1,1,7,2,3,1,1,1,5,1,3,90000,1,3,2,0
1,3,1,2,1,1,4,1,2,1,1,3,1,1,1,73656,1,1,3,0
2,12,1,1,1,1,7,2,4,1,1,1,1,1,3,41066,1,1,1,0
2,6,1,2,3,9,7,1,4,1,1,5,1,1,1,25476,2,2,2,0
1,1,1,1,12,1,1,2,3,2,1,2,1,1,1,54173,1,1,1,0
2,2,1,1,8,4,7,2,2,1,1,7,6,2,2,2820,2,2,2,0
2,4,1,1,1,1,4,1,4,1,1,2,6,1,3,165000,1,3,2,0
2,8,2,2,1,9,1,2,1,1,1,8,1,1,1,36716,1,1,1,0
2,15,1,5,1,3,3,3,3,1,1,2,1,1,2,87768,1,1,2,0
2,3,1,2,5,7,7,2,3,1,1,1,1,1,1,50904,1,1,3,0
2,1,1,1,1,1,3,2,4,1,1,2,1,2,1,68063,1,1,1,0
2,14,1,2,8,1,7,2,2,1,1,1,1,1,5,13104,3,2,2,0
2,16,1,1,1,1,3,2,2,1,1,3,2,1,1,67313,1,1,3,0
2,2,1,2,1,3,7,1,3,1,1,3,1,1,2,6951,2,2,2,0
2,4,1,1,3,3,7,2,2,2,3,1,2,1,3,85000,1,3,2,0
1,2,1,2,1,1,2,2,1,2,1,1,3,1,2,5076,2,2,2,0
2,4,1,1,1,1,1,2,2,1,1,1,1,1,3,120000,1,3,2,0
2,4,1,1,8,1,3,2,2,1,1,8,1,2,3,75000,1,3,2,0
2,16,1,2,1,1,1,2,3,1,1,3,1,1,1,79552,1,1,3,0
2,3,1,1,1,1,11,1,3,1,1,1,1,2,1,43416,1,1,3,0
2,1,1,3,8,1,4,1,4,1,1,8,1,2,1,59729,1,1,1,0
2,4,1,1,1,15,7,1,3,1,1,1,1,2,3,120000,1,3,2,0
2,7,3,1,1,1,2,2,2,1,1,3,1,1,1,58746,1,1,1,0
2,2,1,1,7,4,2,2,3,1,1,3,3,1,2,122100,2,2,2,0
2,4,1,1,5,1,3,1,3,1,1,3,1,2,3,138000,1,3,2,0
2,4,1,1,1,1,7,3,2,1,1,8,1,1,3,88000,1,3,2,0
2,7,1,2,5,1,2,2,4,1,1,2,1,1,1,66089,1,1,1,0
1,8,1,5,1,4,4,2,4,1,1,2,1,1,1,440592,1,1,1,0
2,5,1,3,1,2,7,1,3,1,1,5,1,2,1,42348,2,2,1,0
2,3,1,1,1,1,11,3,3,1,1,1,1,2,1,41916,1,1,3,0
2,2,1,1,1,1,7,2,3,1,1,3,5,1,2,34440,2,2,2,0
2,1,1,4,1,1,1,2,4,1,1,6,1,1,1,62507,1,1,1,0
2,4,1,2,12,3,3,2,2,1,3,1,1,2,3,100000,1,3,2,0
2,4,1,2,8,1,7,1,2,1,1,1,1,1,3,99500,1,3,2,0
2,1,1,1,7,1,1,2,4,1,1,2,1,2,1,104178,1,1,1,0
2,9,1,1,8,1,5,2,3,1,1,1,1,2,2,8268,2,2,2,0
2,7,1,2,3,8,3,2,2,1,1,3,1,1,1,62418,1,1,1,0
2,6,1,6,8,3,7,2,2,1,1,5,1,1,1,37152,2,2,2,0
2,4,1,1,7,8,2,2,1,1,1,3,1,1,3,100000,1,3,2,0
2,15,3,1,1,1,1,2,4,2,1,3,1,1,2,91284,1,1,2,0
2,4,1,1,1,1,7,2,3,1,1,1,1,1,3,75000,1,3,2,0
1,4,1,1,1,1,2,3,2,1,1,3,1,1,3,50000,1,3,2,0
2,14,1,1,8,15,1,2,4,1,1,3,1,1,5,31812,3,2,2,0
2,16,1,1,1,15,1,3,4,1,1,3,1,1,1,37452,1,1,3,0
1,5,1,5,8,2,7,2,1,1,1,3,1,1,1,31764,2,2,1,0
2,11,1,1,1,1,4,1,1,1,1,4,1,1,1,97910,1,1,1,0
1,2,1,1,8,18,2,1,2,1,1,2,1,1,2,12524,2,2,2,0
2,7,3,5,1,1,5,2,4,1,1,2,1,1,1,6612,1,1,1,0
2,14,1,1,12,3,1,2,3,1,1,1,2,1,5,25080,3,2,2,0
2,1,1,1,1,1,1,2,4,1,1,6,1,1,1,69452,1,1,1,0
2,7,1,2,1,1,4,2,2,1,1,3,1,1,1,73433,1,1,1,0
2,11,1,2,1,1,3,2,1,1,1,3,1,1,1,110149,1,1,1,0
2,4,1,1,2,1,2,1,2,1,3,8,2,1,3,110000,1,3,2,0
2,1,1,7,3,1,3,2,2,1,1,3,1,1,1,566724,1,1,1,0
2,12,1,1,1,4,3,1,2,1,1,2,1,2,3,66027,1,1,1,0
2,13,3,6,1,9,2,2,2,1,1,1,2,1,1,23496,1,1,1,0
2,3,1,2,1,1,1,1,2,1,1,2,1,1,1,59880,1,1,3,0
2,4,2,1,1,9,2,1,3,1,1,8,1,1,3,70000,1,3,2,0
2,2,1,2,1,4,7,2,3,1,1,1,1,2,2,20351,2,2,2,0
1,4,1,1,3,1,3,3,3,1,1,1,3,2,3,112000,1,3,2,0
2,4,1,1,1,3,1,2,3,1,1,6,1,1,3,90000,1,3,2,0
2,4,1,2,2,14,7,2,4,1,1,1,1,1,3,60000,1,3,2,0
2,4,1,1,1,4,8,3,2,1,1,8,1,2,3,70000,1,3,2,0
2,1,1,2,4,1,5,2,2,2,1,2,1,1,1,45838,1,1,1,0
2,4,3,1,1,1,4,2,2,1,1,1,1,1,3,36000,1,3,2,0
2,2,2,1,1,1,2,2,3,1,1,2,3,1,2,14089,2,2,2,0
1,7,1,1,1,7,4,1,4,1,1,2,1,1,1,83224,1,1,1,0
1,4,1,2,3,1,1,1,2,1,1,1,1,2,3,87000,1,3,2,0
2,7,1,2,1,14,4,2,2,1,1,1,1,1,1,73433,1,1,1,0
2,10,1,1,1,1,4,2,3,1,1,1,1,2,4,67977,1,1,1,0
1,12,1,1,5,3,1,1,2,1,1,1,1,2,3,60391,1,1,1,0
2,4,1,3,1,1,1,1,4,1,1,5,2,1,3,150000,1,3,2,0
2,2,1,2,1,1,2,2,1,1,1,9,2,1,2,12524,2,2,2,0
2,1,1,1,1,3,3,2,1,1,1,2,1,1,1,90288,1,1,1,0
1,1,1,1,1,15,5,1,3,1,1,8,5,1,1,542520,1,1,1,0
2,4,1,3,1,1,3,2,4,1,1,3,1,1,3,108000,1,3,2,0
2,14,2,3,1,1,7,3,3,1,4,8,2,2,5,15600,3,2,2,0
2,4,1,3,1,1,3,3,4,1,1,3,1,1,3,150000,1,3,2,0
2,12,1,1,1,13,3,2,3,1,1,3,1,1,3,48313,1,1,1,0
2,2,1,1,1,1,3,2,3,1,1,7,3,1,2,24577,2,2,2,0
2,8,1,2,6,14,11,2,3,1,1,3,1,1,1,39164,1,1,1,0
2,2,1,1,1,1,7,2,4,1,1,1,1,1,2,10958,2,2,2,0
2,4,1,2,3,1,2,2,2,1,1,3,2,1,3,75000,1,3,2,0
2,4,1,2,1,4,1,2,4,1,1,4,3,1,3,130000,1,3,2,0
2,3,1,2,1,1,3,2,4,1,1,1,5,1,1,49404,1,1,3,0
2,1,1,1,1,1,11,2,2,1,1,2,1,2,1,69452,1,1,1,0
2,1,1,3,1,12,1,1,3,1,1,1,1,1,1,34726,1,1,1,0
2,4,1,1,1,1,1,2,4,1,1,2,1,1,3,86000,1,3,2,0
2,2,1,2,1,1,1,2,4,1,1,7,3,2,2,24421,2,2,2,0
2,4,1,3,1,1,11,3,3,1,1,1,1,1,3,40000,1,3,2,0
2,4,1,1,1,1,3,1,2,1,1,3,1,2,3,125000,1,3,2,0
1,9,1,1,5,3,5,1,3,1,1,8,1,1,2,6336,2,2,2,0
2,20,1,2,1,1,7,2,4,1,1,3,1,1,1,18000,3,2,2,0
2,4,1,2,4,1,2,2,2,2,1,5,1,1,3,110000,1,3,2,0
1,7,2,1,1,1,7,1,4,1,1,1,3,2,1,16152,1,1,1,0
2,4,1,1,3,1,2,3,3,1,1,7,5,1,3,1000000,1,3,2,0
1,4,1,2,1,1,7,2,4,1,1,1,7,2,3,96600,1,3,2,0
2,4,1,1,8,3,1,1,2,1,1,2,1,2,3,120000,1,3,2,0
2,4,3,1,8,5,2,2,3,2,2,9,5,1,3,12000,1,3,2,0
1,10,1,2,1,4,7,1,2,1,1,8,1,1,4,57576,1,1,1,0
2,14,3,5,3,1,7,2,3,1,1,4,5,1,5,16620,3,2,2,0
2,2,3,1,6,1,5,2,3,1,1,7,1,1,2,3384,2,2,2,0
1,2,1,1,1,6,2,1,3,1,1,8,3,2,2,4696,2,2,2,0
2,9,1,5,8,1,7,2,3,1,1,1,1,1,2,26700,2,2,2,0
2,7,1,6,8,12,2,2,3,1,1,5,1,2,1,73433,1,1,1,0
2,4,1,1,3,3,5,1,2,1,1,1,7,1,3,100000,1,3,2,0
2,6,3,2,7,8,5,2,1,1,1,1,1,1,1,4248,2,2,2,0
2,10,2,2,6,1,8,2,1,1,1,3,1,1,4,79973,1,1,1,0
2,12,1,2,1,4,4,1,4,1,1,1,2,1,3,100652,1,1,1,0
2,4,1,2,1,6,4,2,2,1,1,3,1,1,3,215000,1,3,2,0
2,5,1,1,1,4,11,2,3,1,1,3,1,1,1,24696,2,2,1,0
2,4,1,2,4,1,5,2,2,2,3,5,1,1,3,85000,1,3,2,0
2,4,1,2,9,1,2,2,2,1,1,3,1,2,3,112000,1,3,2,0
2,13,1,1,1,1,1,2,4,1,1,1,1,1,1,31821,1,1,1,0
2,6,1,3,1,4,7,2,4,1,1,8,1,1,1,19104,2,2,2,0
2,4,1,4,1,1,2,2,2,1,1,6,1,1,3,41000,1,3,2,0
2,9,1,1,1,1,1,3,3,1,1,2,1,2,2,28584,2,2,2,0
2,7,3,5,1,1,4,2,1,1,1,3,1,1,1,91791,1,1,1,0
2,4,1,1,5,1,1,1,3,1,1,2,1,1,3,62000,1,3,2,0
2,12,1,7,1,9,3,2,3,1,1,3,4,2,3,68443,1,1,1,0
2,16,1,1,1,1,7,1,2,1,1,8,1,1,1,57889,1,1,3,0
1,1,3,3,1,1,5,3,3,1,1,1,1,1,1,47227,1,1,1,0
2,10,1,3,1,1,3,2,2,1,1,1,1,1,4,87971,1,1,1,0
2,18,1,3,1,15,7,2,3,1,1,7,1,1,1,109483,1,1,3,0
2,18,1,1,1,1,4,2,2,1,1,2,1,1,1,112611,1,1,3,0
2,1,1,1,1,1,3,1,3,1,1,2,1,1,1,52783,1,1,1,0
2,4,1,1,6,1,7,3,2,1,1,1,1,1,3,52000,1,3,2,0
2,17,1,1,8,2,7,2,3,1,1,3,1,1,1,40392,1,1,3,0
2,13,1,2,1,1,7,1,2,1,1,5,1,1,1,25701,1,1,1,0
2,7,1,8,1,1,3,3,3,1,1,2,1,1,1,97896,1,1,1,0
2,7,2,2,4,1,4,2,2,2,1,4,6,1,1,67313,1,1,1,0
2,2,1,1,1,1,3,2,1,1,1,1,3,1,2,9784,2,2,2,0
1,11,1,1,8,1,7,2,3,1,1,1,1,1,1,29373,1,1,1,0
1,14,1,1,1,1,1,2,4,1,1,7,1,1,5,18720,3,2,2,0
1,11,1,6,1,1,3,2,3,1,1,4,3,1,1,0,1,1,1,0
2,5,1,1,6,3,1,3,1,1,1,4,1,1,1,79404,2,2,1,0
2,2,1,1,1,4,3,2,2,1,1,1,3,1,2,32874,2,2,2,0
2,11,1,2,1,1,9,2,2,1,1,3,1,1,1,52627,1,1,1,0
2,9,1,1,1,4,2,2,2,1,1,2,1,1,2,14304,2,2,2,0
2,14,1,1,1,4,7,2,2,1,1,7,5,1,5,17220,3,2,2,0
2,4,1,1,5,1,2,2,1,1,1,4,1,1,3,89000,1,3,2,0
1,7,1,5,1,1,7,3,4,1,1,2,1,1,1,42958,1,1,1,0
2,4,1,1,1,1,3,1,2,1,1,1,1,2,3,86000,1,3,2,0
2,2,1,1,3,1,1,1,2,1,1,8,3,1,2,37571,2,2,2,0
2,4,1,3,9,10,3,2,3,1,1,1,2,2,3,28000,1,3,2,0
1,12,1,1,1,4,2,3,1,1,1,8,1,1,3,48313,1,1,1,0
2,2,1,1,1,3,1,2,3,1,1,1,3,2,2,20351,2,2,2,0
2,4,1,3,11,4,1,2,3,1,1,6,1,1,3,123000,1,3,2,0
2,7,1,2,1,1,3,2,4,1,1,3,1,2,1,58869,1,1,1,0
2,3,2,1,3,18,2,1,3,1,1,3,1,1,1,32450,1,1,3,0
2,3,2,1,1,1,4,2,3,1,1,5,1,1,1,11228,1,1,3,0
2,10,1,5,1,1,1,2,4,1,1,1,1,1,4,1000000,1,1,1,0
1,4,1,1,8,6,3,1,4,1,1,3,1,2,3,100000,1,3,2,0
2,1,1,1,1,1,5,2,4,1,1,2,1,1,1,58340,1,1,1,0
2,7,3,1,8,14,5,1,1,1,1,2,1,1,1,21144,1,1,1,0
2,4,1,1,2,7,5,2,2,2,1,3,1,1,3,115000,1,3,2,0
2,1,1,7,1,17,4,2,3,1,1,2,1,1,1,104178,1,1,1,0
2,18,1,5,1,1,5,3,4,1,1,6,1,1,1,195192,1,1,3,0
2,1,1,1,1,1,3,2,1,1,1,9,3,1,1,62507,1,1,1,0
2,14,2,3,1,1,7,3,2,1,1,8,2,1,5,13104,3,2,2,0
2,4,1,1,5,1,7,2,4,2,3,4,3,1,3,147000,1,3,2,0
2,1,1,1,7,1,7,1,2,1,1,3,1,1,1,73619,1,1,1,0
1,18,1,7,1,7,11,2,1,1,1,3,1,1,1,104269,1,1,3,0
2,13,1,3,1,5,1,2,1,1,1,1,1,2,1,122388,1,1,1,0
2,4,1,7,1,1,4,2,1,1,1,1,1,2,3,70000,1,3,2,0
2,1,1,2,1,14,7,2,2,1,1,8,1,1,1,58340,1,1,1,0
2,19,3,1,1,1,11,2,3,1,1,4,3,1,1,38184,1,1,3,0
2,4,3,1,5,1,11,3,3,1,1,8,1,2,3,81000,1,3,2,0
2,2,2,2,1,2,2,2,4,1,1,3,6,1,2,150288,2,2,2,0
1,12,1,1,8,1,7,3,3,2,1,1,2,1,3,64417,1,1,1,0
2,4,1,3,4,1,2,2,2,1,3,7,2,1,3,82000,1,3,2,0
2,4,1,1,1,1,3,2,3,1,1,3,1,1,3,112500,1,3,2,0
2,4,1,1,1,15,4,2,2,1,1,1,5,2,3,78000,1,3,2,0
1,2,1,1,1,1,2,2,3,1,1,7,3,2,2,15654,2,2,2,0
1,7,2,3,12,1,2,3,1,1,1,2,2,1,1,44060,1,1,1,0
1,4,1,1,1,1,7,1,3,1,1,1,1,1,3,50000,1,3,2,0
1,2,1,1,1,4,2,2,4,1,1,3,3,1,2,4512,2,2,2,0
2,14,1,3,3,1,3,2,4,1,1,9,1,2,5,26196,3,2,2,0
1,6,1,3,3,3,5,2,2,1,1,8,1,1,1,7428,2,2,2,0
2,8,1,1,1,1,1,3,2,1,1,8,1,1,1,55080,1,1,1,0
2,3,1,3,12,1,1,2,3,1,1,8,1,1,1,55392,1,1,3,0
2,4,1,2,3,1,3,2,2,1,1,1,2,2,3,103000,1,3,2,0
2,2,1,1,1,1,2,2,1,1,1,3,1,1,2,3384,2,2,2,0
2,1,1,2,5,1,2,2,2,1,1,3,1,1,1,61118,1,1,1,0
2,8,1,5,6,1,3,1,3,1,1,2,1,1,1,26925,1,1,1,0
2,7,1,1,6,1,7,1,2,1,1,1,5,1,1,58752,1,1,1,0
1,6,1,7,3,1,4,1,2,1,1,4,1,1,1,42456,2,2,2,0
2,7,1,1,8,2,7,1,1,1,1,2,1,1,1,79552,1,1,1,0
1,1,1,5,1,1,11,1,2,1,1,1,1,1,1,62507,1,1,1,0
2,6,1,3,1,1,7,1,2,1,1,1,3,1,1,531,2,2,2,0
2,2,2,1,12,1,2,2,3,1,1,1,3,1,2,5256,2,2,2,0
2,2,1,2,1,1,4,2,4,1,1,1,3,1,2,40701,2,2,2,0
2,13,1,2,7,6,7,1,4,1,1,1,1,1,1,33657,1,1,1,0
2,2,1,1,3,5,7,2,1,1,1,1,3,1,2,21916,2,2,2,0
2,1,1,2,7,9,2,1,2,1,1,1,1,1,1,55562,1,1,1,0
1,4,1,1,1,5,1,2,1,1,1,2,1,1,3,108000,1,3,2,0
1,12,1,4,1,1,3,1,1,1,1,1,1,1,3,76495,1,1,1,0
2,4,1,1,6,1,5,1,2,1,1,5,1,2,3,75000,1,3,2,0
2,4,1,1,1,1,7,1,4,2,2,3,1,1,3,100000,1,3,2,0
2,2,1,1,1,1,4,2,1,1,1,1,3,2,2,43206,2,2,2,0
2,14,3,1,8,1,2,2,4,1,1,8,2,1,5,18720,3,2,2,0
1,8,1,1,1,9,1,2,2,1,1,7,3,1,1,85671,1,1,1,0
2,16,1,1,1,1,3,1,2,1,1,6,1,1,1,72261,1,1,3,0
2,1,1,2,9,3,7,2,2,1,1,8,6,1,1,53478,1,1,1,0
2,4,1,3,5,1,1,3,2,1,1,2,1,1,3,98000,1,3,2,0
2,4,1,1,1,1,1,3,4,1,3,1,1,1,3,80000,1,3,2,0
2,3,1,2,7,1,2,1,2,1,1,8,1,1,1,47904,1,1,3,0
2,2,1,1,3,1,2,2,1,1,1,8,1,1,2,5640,2,2,2,0
2,2,1,1,3,1,7,3,3,1,1,1,3,2,2,23484,2,2,2,0
2,4,2,2,1,1,5,2,3,1,1,3,3,1,3,68805,1,3,2,0
1,20,1,1,4,1,5,2,3,1,1,2,1,1,1,16284,3,2,2,0
2,4,1,3,1,5,1,1,4,1,1,1,1,2,3,95000,1,3,2,0
1,1,1,1,4,10,7,1,3,2,1,3,1,2,1,87509,1,1,1,0
2,9,1,2,1,1,11,3,3,1,1,6,1,2,2,33000,2,2,2,0
1,14,1,1,8,1,2,2,3,1,1,7,1,1,5,22452,3,2,2,0
2,4,1,1,1,4,1,2,4,1,1,1,1,1,3,93000,1,3,2,0
2,5,1,1,3,1,2,2,2,1,1,1,1,1,1,14820,2,2,1,0
1,4,1,2,1,1,1,2,4,1,1,2,1,1,3,125000,1,3,2,0
1,4,1,2,1,1,7,1,3,2,3,3,6,1,3,130000,1,3,2,0
2,8,2,3,1,1,1,2,2,1,1,7,1,1,1,26925,1,1,1,0
2,4,1,1,1,1,3,2,2,1,1,1,1,1,3,65000,1,3,2,0
2,4,1,1,12,3,7,2,3,2,1,1,2,1,3,76000,1,3,2,0
2,6,2,2,8,1,1,2,2,1,1,3,1,1,1,37152,2,2,2,0
2,11,1,1,1,4,2,3,3,1,1,4,1,2,1,44060,1,1,1,0
2,4,1,3,8,9,2,1,2,1,3,8,1,1,3,48000,1,3,2,0
2,15,3,2,1,1,7,2,2,1,1,3,1,2,2,101808,1,1,2,0
2,1,1,2,1,15,11,2,3,1,1,1,1,1,1,55562,1,1,1,0
2,4,1,1,6,1,11,2,4,1,1,1,1,1,3,130000,1,3,2,0
2,13,1,3,4,3,7,2,2,2,2,8,2,1,1,48955,1,1,1,0
2,1,1,3,8,14,2,1,4,1,1,2,1,2,1,58340,1,1,1,0
2,4,1,4,1,4,2,2,1,1,1,1,1,1,3,80000,1,3,2,0
2,10,1,3,11,1,2,2,1,1,1,4,1,1,4,75975,1,1,1,0
1,4,1,1,1,4,1,2,3,1,1,8,1,2,3,50400,1,3,2,0
2,4,1,1,4,1,2,2,2,1,1,1,1,1,3,90000,1,3,2,0
1,4,1,1,1,14,2,2,3,1,1,8,1,1,3,65786,1,3,2,0
1,6,1,2,7,15,2,1,2,1,1,3,1,1,1,40332,2,2,2,0
2,4,1,3,1,4,3,4,2,1,1,1,1,2,3,65000,1,3,2,1
2,14,1,1,12,1,3,3,3,1,1,7,1,1,5,20592,3,2,2,0
2,2,1,2,1,1,7,2,3,1,1,1,1,2,2,15654,2,2,2,0
1,2,1,2,1,1,2,1,1,1,1,7,1,2,2,1879,2,2,2,0
2,4,1,2,1,1,3,2,4,1,1,3,1,1,3,100000,1,3,2,0
1,19,3,5,1,14,1,1,2,1,1,6,1,2,1,27900,1,1,3,0
2,6,1,6,1,1,4,1,1,1,1,5,1,2,1,32268,2,2,2,0
2,13,1,1,1,1,4,2,3,1,1,1,1,1,1,42836,1,1,1,0
2,3,1,3,1,4,8,3,2,1,1,8,1,2,1,74856,1,1,3,0
2,2,1,1,1,1,2,1,1,1,1,9,3,2,2,7512,2,2,2,0
2,5,1,2,3,11,1,2,4,1,1,3,1,1,1,30877,2,2,1,0
2,4,1,1,8,15,7,2,3,1,1,4,1,1,3,91000,1,3,2,0
2,2,1,1,1,1,1,2,3,1,1,3,1,1,2,14089,2,2,2,0
1,4,1,3,9,1,2,3,2,1,1,1,1,2,3,100000,1,3,2,0
1,11,1,2,1,1,7,2,2,1,1,1,1,1,1,61194,1,1,1,0
2,14,1,1,8,1,7,2,3,1,1,1,1,2,5,16848,3,2,2,0
2,7,1,2,1,9,1,1,3,1,1,2,1,1,1,66089,1,1,1,0
2,4,1,2,5,14,7,2,3,1,1,3,4,1,3,80000,1,3,2,0
2,4,1,1,1,4,4,2,3,1,1,3,1,2,3,110000,1,3,2,0
2,4,1,2,8,1,7,3,4,1,1,2,5,1,3,100000,1,3,2,0
2,2,1,1,3,2,7,1,3,1,1,1,3,2,2,18785,2,2,2,0
2,4,1,1,4,6,2,2,3,1,1,3,1,2,3,47000,1,3,2,0
2,4,1,1,1,5,6,3,1,1,1,3,1,1,3,200000,1,3,2,0
1,20,2,2,3,1,2,2,3,1,1,1,1,2,1,11688,3,2,2,0
2,11,1,2,4,1,2,2,4,1,1,1,1,1,1,97910,1,1,1,0
2,15,1,3,1,1,4,3,2,1,1,1,1,1,2,107076,1,1,2,0
1,4,1,1,9,3,7,2,4,1,1,3,1,2,3,78000,1,3,2,0
2,1,1,1,1,1,2,2,2,1,1,2,1,1,1,35421,1,1,1,0
1,13,1,6,11,1,7,2,4,1,1,8,1,1,1,24478,1,1,1,0
2,13,1,2,1,1,1,1,2,1,1,2,1,1,1,23254,1,1,1,0
2,6,1,2,3,18,5,4,2,1,1,3,1,1,1,15924,2,2,2,1
2,11,1,2,1,1,3,3,2,1,1,3,1,1,1,69761,1,1,1,0
2,4,1,1,2,3,2,1,4,1,1,1,1,1,3,93500,1,3,2,0
2,4,1,3,9,1,11,1,4,1,1,3,2,1,3,165000,1,3,2,0
2,3,1,8,1,1,3,3,2,1,1,1,1,2,1,59880,1,1,3,0
2,15,1,1,1,3,7,2,3,1,1,1,1,1,2,84264,1,1,2,0
2,4,1,5,1,1,2,3,2,1,1,5,1,1,3,100000,1,3,2,0
2,4,1,1,1,1,7,3,3,1,1,1,1,1,3,55000,1,3,2,0
2,12,3,3,1,17,3,3,3,1,1,8,1,1,3,45897,1,1,1,0
1,12,1,1,1,14,1,2,4,1,1,1,1,1,3,56365,1,1,1,0
2,7,1,2,1,1,1,2,3,1,1,3,1,1,1,102806,1,1,1,0
2,4,1,1,3,1,7,2,1,1,1,1,1,1,3,11000,1,3,2,0
2,10,1,2,1,14,1,1,1,1,1,8,1,2,4,63979,1,1,1,0
1,4,2,2,7,16,2,2,2,1,1,3,1,1,3,30000,1,3,2,0
2,7,1,7,5,1,8,2,4,1,1,4,3,2,1,110149,1,1,1,0
2,2,2,1,1,2,2,2,1,1,1,6,1,1,2,5542,2,2,2,0
2,4,1,1,1,8,7,2,3,1,1,3,1,1,3,80000,1,3,2,0
1,4,1,2,1,9,7,2,2,1,1,4,1,1,3,73000,1,3,2,0
2,16,1,1,1,9,4,2,2,2,2,1,1,1,1,32316,1,1,3,0
2,7,1,3,1,1,8,2,4,1,1,2,1,1,1,44060,1,1,1,0
2,6,2,5,1,2,2,1,3,1,1,2,1,2,1,10620,2,2,2,0
2,1,1,1,8,1,3,2,3,1,1,4,1,2,1,90288,1,1,1,0
2,5,3,1,1,1,4,2,3,1,3,3,1,1,1,51168,2,2,1,0
2,11,1,2,1,1,7,2,1,1,1,3,1,1,1,46507,1,1,1,0
2,4,1,1,1,4,7,1,4,1,1,4,1,1,3,85000,1,3,2,0
1,11,1,6,3,14,2,2,3,1,1,3,1,1,1,39164,1,1,1,0
1,16,1,2,7,18,2,2,3,2,1,3,1,1,1,36720,1,1,3,0
2,1,1,4,9,3,3,2,3,1,1,3,1,2,1,65285,1,1,1,0
2,8,1,2,1,1,7,2,2,1,1,3,1,1,1,42836,1,1,1,0
2,4,1,3,5,1,7,1,3,1,1,4,1,1,3,120000,1,3,2,0
2,2,3,1,8,1,5,2,4,1,1,1,6,1,2,1884,2,2,2,0
2,4,1,1,1,2,7,2,4,1,1,3,1,2,3,110000,1,3,2,0
2,12,1,2,1,1,1,2,3,1,1,8,7,2,3,92600,1,1,1,0
2,13,1,3,12,1,2,3,3,1,1,2,2,1,1,16884,1,1,1,0
2,14,1,2,1,1,1,2,3,1,1,2,2,1,5,13104,3,2,2,0
2,4,1,1,2,1,7,2,3,1,1,1,1,2,3,115000,1,3,2,0
2,1,1,1,12,1,7,1,3,1,1,2,1,1,1,63896,1,1,1,0
2,4,1,1,4,1,5,2,3,2,1,6,2,1,3,63000,1,3,2,0
2,4,2,1,1,1,2,1,3,1,1,4,5,1,3,84000,1,3,2,0
1,4,1,1,1,1,1,1,4,1,1,3,1,1,3,130000,1,3,2,0
2,17,1,1,1,1,1,2,3,1,1,2,1,1,1,40388,1,1,3,0
2,1,1,2,1,1,7,1,1,1,1,2,1,2,1,83342,1,1,1,0
1,4,1,1,12,4,2,2,3,1,1,8,1,1,3,75000,1,3,2,0
2,13,1,7,5,1,2,2,3,1,1,1,1,1,1,26925,1,1,1,0
1,6,1,1,8,1,7,1,3,1,1,1,1,1,1,16980,2,2,2,0
2,1,1,5,5,16,2,1,3,1,1,2,1,1,1,29864,1,1,1,0
1,7,1,5,1,1,2,2,2,1,1,2,1,1,1,44060,1,1,1,0
2,20,1,2,4,14,2,1,4,2,2,1,1,1,1,53076,3,2,2,0
2,7,1,2,3,7,3,2,4,1,1,3,1,1,1,79552,1,1,1,0
1,18,1,7,7,1,3,1,4,1,1,3,1,2,1,78202,1,1,3,0
2,2,1,2,1,13,2,1,3,1,2,7,6,2,2,7827,2,2,2,0
1,6,1,2,1,2,3,2,3,1,1,3,1,1,1,38208,2,2,2,0
2,4,1,1,1,9,7,1,2,1,1,3,1,1,3,135000,1,3,2,0
2,4,1,3,10,15,7,3,1,1,1,4,1,1,3,100000,1,3,2,0
2,6,1,2,1,1,11,1,3,1,1,6,1,1,1,21228,2,2,2,0
2,4,3,1,1,18,2,1,3,1,1,1,1,1,3,48000,1,3,2,0
2,11,1,7,7,4,1,1,2,1,1,3,1,1,1,57522,1,1,1,0
2,4,3,1,4,2,5,2,1,2,1,5,1,2,3,85000,1,3,2,0
2,4,1,7,7,7,3,1,4,1,1,5,1,2,3,180000,1,3,2,0
2,7,1,1,1,1,4,2,2,1,1,3,1,1,1,67313,1,1,1,0
1,14,1,2,1,1,1,2,3,1,1,2,1,2,5,24103,3,2,2,0
1,13,1,2,1,7,7,2,4,1,1,4,1,2,1,42836,1,1,1,0
2,1,1,2,1,1,7,2,2,1,1,2,1,1,1,83342,1,1,1,0
2,14,3,2,1,8,7,2,4,1,1,1,2,1,5,5616,3,2,2,0
2,2,1,2,1,3,5,2,4,1,1,1,3,1,2,15263,2,2,2,0
2,4,1,1,1,6,7,3,2,1,1,3,1,1,3,85000,1,3,2,0
2,4,1,2,1,1,3,2,2,1,1,3,3,1,3,180000,1,3,2,0
2,4,1,1,1,4,7,2,2,1,1,8,1,1,3,85400,1,3,2,0
2,12,1,7,5,8,7,2,2,1,1,1,1,1,3,72469,1,1,1,0
2,4,1,1,3,14,3,2,4,1,1,3,1,1,3,70000,1,3,2,0
2,4,1,3,1,1,3,3,3,1,1,2,1,2,3,75000,1,3,2,0
2,2,1,1,1,3,7,2,4,2,1,1,1,1,2,26612,2,2,2,0
2,11,2,2,1,4,2,1,4,1,1,1,1,1,1,55075,1,1,1,0
1,1,1,1,1,1,4,2,4,1,1,2,2,1,1,65285,1,1,1,0
2,12,1,1,8,1,1,1,2,1,1,2,1,1,3,64417,1,1,1,0
2,7,1,2,4,3,7,2,3,1,1,1,1,1,1,51408,1,1,1,0
1,11,1,2,1,1,7,2,4,1,1,9,5,1,1,46507,1,1,1,0
2,4,1,1,7,1,2,2,2,1,1,3,1,2,3,86000,1,3,2,0
2,11,1,2,8,1,3,1,2,1,1,7,1,1,1,51403,1,1,1,0
2,2,2,1,12,3,2,2,3,1,1,2,3,1,2,3948,2,2,2,0
1,4,1,2,1,1,2,2,4,1,1,1,1,2,3,145000,1,3,2,0
2,2,2,1,1,1,7,3,1,1,2,7,1,1,2,15024,2,2,2,0
2,2,1,1,3,1,5,2,2,1,1,8,3,1,2,2352,2,2,2,0
2,4,1,1,1,1,3,3,3,1,1,1,1,1,3,213000,1,3,2,0
2,4,2,1,1,1,7,1,4,1,1,6,1,1,3,115000,1,3,2,0
2,4,1,3,8,3,7,2,2,1,1,8,1,2,3,125000,1,3,2,0
2,4,1,2,3,1,4,2,2,1,1,1,1,1,3,138000,1,3,2,0
1,7,2,3,4,1,2,2,4,2,2,3,1,2,1,45895,1,1,1,0
2,7,2,3,1,1,7,2,3,1,1,2,1,1,1,51403,1,1,1,0
2,4,1,1,12,3,7,1,4,1,1,6,1,2,3,88500,1,3,2,0
2,4,1,1,1,1,1,2,2,1,1,3,4,1,3,1560000,1,3,2,0
2,11,1,2,8,1,11,2,3,1,3,3,1,1,1,58746,1,1,1,0
1,14,1,1,1,2,7,2,4,2,1,2,2,1,5,7860,3,2,2,0
2,1,3,2,3,14,5,2,4,1,1,3,3,1,1,42366,1,1,1,0
2,9,1,1,6,1,4,1,3,1,1,7,4,1,2,28332,2,2,2,0
1,4,1,2,3,1,7,2,2,1,1,8,1,1,3,14400,1,3,2,0
1,2,2,1,1,1,1,3,3,1,1,3,1,1,2,8640,2,2,2,0
2,15,1,3,1,2,3,1,3,1,1,1,1,2,2,94788,1,1,2,0
2,4,1,3,9,1,3,2,2,1,1,6,1,2,3,100000,1,3,2,0
1,4,1,1,1,1,1,2,3,1,1,5,1,1,3,130000,1,3,2,0
2,4,1,2,1,4,7,1,2,1,1,1,1,2,3,115000,1,3,2,0
2,7,1,5,1,1,1,1,2,2,1,2,1,2,1,44064,1,1,1,0
2,11,1,2,1,1,3,1,3,1,1,1,1,1,1,31821,1,1,1,0
2,2,1,1,1,3,7,2,3,1,1,1,3,1,2,13152,2,2,2,0
2,4,1,4,1,1,3,1,2,1,3,8,1,1,3,72737,1,3,2,0
1,3,1,1,1,1,4,3,4,2,2,1,4,1,1,149712,1,1,3,0
2,14,1,1,1,1,1,4,3,1,1,1,2,1,5,31192,3,2,2,1
2,4,1,2,1,1,4,2,2,1,1,3,1,1,3,100000,1,3,2,0
2,13,1,4,12,1,2,2,3,1,1,6,1,1,1,293736,1,1,1,0
2,2,1,1,1,7,2,2,2,1,1,7,3,2,2,12524,2,2,2,0
2,1,1,5,2,4,7,1,3,1,1,2,1,2,1,40282,1,1,1,0
2,4,1,2,3,14,7,1,4,1,1,4,3,1,3,92000,1,3,2,0
1,16,1,1,1,1,3,2,3,1,1,5,2,1,1,55812,1,1,3,0
1,7,1,2,1,11,3,1,3,1,1,5,1,2,1,38184,1,1,1,0
2,4,1,2,1,4,7,2,4,1,1,1,6,1,3,130000,1,3,2,0
2,11,1,2,1,7,2,3,3,1,1,3,1,1,1,46507,1,1,1,0
1,10,1,1,8,3,11,1,2,1,1,6,1,1,4,83172,1,1,1,0
2,7,1,3,1,1,7,1,2,1,1,1,1,1,1,42836,1,1,1,0
2,13,1,2,7,1,2,2,4,1,2,7,2,2,1,37940,1,1,1,0
1,12,1,4,12,3,1,1,2,1,1,1,1,2,3,66833,1,1,1,0
2,13,1,6,3,1,1,2,4,1,1,2,2,1,1,44064,1,1,1,0
2,4,1,1,1,1,1,2,3,1,3,8,1,1,3,103000,1,3,2,0
1,7,1,2,1,3,2,2,3,2,1,8,1,1,1,44064,1,1,1,0
2,6,2,2,8,2,7,2,1,1,1,3,1,1,1,40764,2,2,2,0
2,4,1,1,1,12,1,2,1,1,1,1,1,1,3,35000,1,3,2,0
2,2,2,2,1,1,2,2,2,1,1,4,3,1,2,266748,2,2,2,0
2,12,1,2,1,1,7,2,4,1,1,7,1,1,3,68443,1,1,1,0
1,7,1,2,6,1,2,2,2,1,1,3,1,1,1,60420,1,1,1,0
2,6,2,2,5,1,3,3,2,1,1,1,1,1,1,8496,2,2,2,0
2,16,1,2,1,1,1,3,1,1,1,1,1,1,1,56298,1,1,3,0
2,13,1,1,1,1,8,1,3,1,1,9,2,1,1,61194,1,1,1,0
2,4,1,2,4,13,8,1,4,1,1,3,1,2,3,56000,1,3,2,0
2,8,1,1,1,9,7,2,4,1,1,3,1,1,1,323100,1,1,1,0
2,7,1,1,1,1,7,2,3,1,1,3,1,1,1,67313,1,1,1,0
2,7,1,2,5,1,4,2,2,1,1,7,1,1,1,91791,1,1,1,0
2,1,1,1,1,4,1,3,3,1,1,2,1,1,1,58340,1,1,1,0
2,2,1,1,3,1,2,3,2,1,1,7,3,2,2,39136,2,2,2,0
2,11,1,2,1,2,4,2,2,1,1,1,1,1,1,36720,1,1,1,0
2,3,2,3,12,1,2,3,3,1,1,2,1,1,1,44916,1,1,3,0
2,5,1,2,1,1,11,2,1,1,1,3,1,1,1,45876,2,2,1,0
2,7,1,1,1,1,7,2,2,1,1,1,1,1,1,51403,1,1,1,0
2,1,1,2,1,1,7,1,1,1,1,7,1,1,1,85426,1,1,1,0
1,6,1,6,5,1,7,3,2,1,1,5,4,1,1,10620,2,2,2,0
2,3,1,1,8,4,2,3,4,1,1,7,1,1,1,46416,1,1,3,0
2,13,1,1,1,2,1,2,2,1,1,1,2,1,1,45283,1,1,1,0
2,7,1,2,1,2,1,2,2,1,1,8,1,1,1,75880,1,1,1,0
2,4,1,3,3,1,2,2,3,1,1,1,1,1,3,112000,1,3,2,0
1,4,1,1,7,3,7,2,4,2,2,5,1,1,3,118000,1,3,2,0
2,4,1,1,1,3,1,1,1,1,1,3,1,1,3,130000,1,3,2,0
2,7,1,2,1,4,7,2,2,1,1,3,1,1,1,61194,1,1,1,0
2,7,1,5,1,1,3,2,3,1,1,2,1,1,1,44672,1,1,1,0
1,2,1,2,1,1,2,1,1,1,1,9,3,2,2,8453,2,2,2,0
2,7,2,2,7,8,1,1,3,1,1,4,1,2,1,48955,1,1,1,0
2,1,2,7,1,7,11,2,2,2,1,4,1,1,1,47922,1,1,1,0
1,12,1,1,1,9,1,1,2,1,1,8,1,2,3,72469,1,1,1,0
2,10,1,1,9,1,2,2,3,2,1,1,6,1,4,101566,1,1,1,0
2,4,1,3,1,1,1,3,1,1,1,3,1,1,3,75000,1,3,2,0
1,7,1,4,1,1,7,2,2,1,1,2,1,1,1,61194,1,1,1,0
2,16,1,2,1,1,2,2,3,1,1,6,1,1,1,45039,1,1,3,0
2,4,1,1,4,4,5,1,1,2,3,5,5,1,3,100000,1,3,2,0
2,4,1,1,1,13,1,2,2,1,1,1,1,1,3,55000,1,3,2,0
2,4,1,1,9,1,1,3,3,1,1,6,1,2,3,140000,1,3,2,0
1,4,1,5,1,4,7,1,3,1,1,5,1,1,3,90000,1,3,2,0
2,6,1,2,8,1,4,2,3,1,1,3,1,1,1,16284,2,2,2,0
2,4,1,1,4,1,3,1,3,1,1,3,1,1,3,96000,1,3,2,0
2,2,1,5,12,3,7,2,3,1,3,1,1,2,2,1565,2,2,2,0
1,14,1,2,8,1,1,1,3,1,1,1,2,1,5,22452,3,2,2,0
2,4,1,1,1,1,1,2,2,1,1,4,1,1,3,50000,1,3,2,0
2,1,1,3,12,1,11,2,2,1,1,3,1,1,1,59729,1,1,1,0
1,13,1,6,1,3,7,1,2,1,1,7,1,1,1,42836,1,1,1,0
2,16,1,1,1,1,1,2,3,1,1,6,1,2,1,42836,1,1,3,0
2,7,2,2,1,8,4,2,2,1,1,2,1,1,1,60468,1,1,1,0
2,2,1,1,3,15,1,3,3,1,1,7,3,2,2,28178,2,2,2,0
1,4,1,1,1,8,7,2,2,1,1,1,1,1,3,116000,1,3,2,0
1,1,1,1,7,14,7,2,1,1,1,1,1,1,1,59729,1,1,1,0
2,11,1,2,1,9,3,1,3,1,1,4,1,1,1,56298,1,1,1,0
1,7,3,3,3,1,7,3,3,1,1,6,1,1,1,47731,1,1,1,0
2,12,1,2,3,1,4,2,3,1,1,1,6,2,3,96626,1,1,1,0
2,2,1,2,12,4,7,2,3,2,1,2,6,1,2,0,2,2,2,0
2,12,1,1,1,1,4,2,2,1,2,3,1,1,3,57975,1,1,1,0
2,18,1,5,1,1,1,2,1,1,3,2,1,1,1,88629,1,1,3,0
2,14,1,3,1,1,11,2,3,1,1,1,2,1,5,56148,3,2,2,0
2,2,2,2,1,1,7,1,4,1,1,7,3,1,2,7512,2,2,2,0
2,5,1,2,1,4,7,2,2,1,2,7,1,1,1,15000,2,2,1,0
1,1,1,1,1,1,1,2,1,1,1,1,1,1,1,73619,1,1,1,0
1,4,1,1,8,15,1,2,2,2,1,1,1,1,3,80000,1,3,2,0
2,8,1,1,1,1,3,1,4,1,1,7,1,1,1,44060,1,1,1,0
2,4,1,1,1,1,1,3,3,1,1,6,1,1,3,165000,1,3,2,0
2,4,1,1,9,6,2,2,2,2,2,3,1,1,3,45000,1,3,2,0
2,10,1,1,1,1,7,2,1,1,1,3,1,1,4,83972,1,1,1,0
2,1,1,1,1,1,7,2,4,1,1,3,1,1,1,131959,1,1,1,0
2,6,1,3,1,1,7,3,3,1,1,8,1,1,1,8496,2,2,2,0
2,7,1,3,3,1,4,2,4,1,1,2,1,1,1,32316,1,1,1,0
2,4,1,1,7,9,3,3,3,1,1,8,1,1,3,52000,1,3,2,0
2,4,1,2,1,1,7,2,3,1,1,1,3,1,3,46554,1,3,2,0
2,18,1,1,1,1,7,2,2,1,1,7,1,1,1,83416,1,1,3,0
2,8,1,2,1,14,7,1,4,1,1,7,1,1,1,1000000,1,1,1,0
2,4,1,1,1,1,1,1,2,1,1,4,1,1,3,60000,1,3,2,0
2,4,3,1,1,1,2,3,4,1,1,8,1,1,3,65000,1,3,2,0
2,2,2,1,1,1,7,1,4,1,1,8,3,1,2,187848,2,2,2,0
2,2,1,2,1,1,1,1,1,1,1,3,1,2,2,28178,2,2,2,0
2,4,1,1,1,1,3,2,3,1,1,3,1,1,3,115000,1,3,2,0
1,4,1,2,8,1,2,1,2,2,1,3,1,1,3,95000,1,3,2,0
2,16,2,1,1,1,1,2,2,1,1,6,1,1,1,31821,1,1,3,0
2,4,1,1,5,2,2,2,4,1,3,5,5,1,3,90000,1,3,2,0
2,4,1,2,3,1,7,1,4,1,1,1,1,1,3,115000,1,3,2,0
2,3,1,2,3,1,9,2,3,1,1,3,4,1,1,149712,1,1,3,0
2,4,1,2,1,7,3,2,3,1,1,4,1,1,3,106000,1,3,2,0
2,2,1,1,3,3,7,2,3,1,1,7,3,1,2,5636,2,2,2,0
2,2,1,1,1,1,1,2,2,1,1,3,1,2,2,14715,2,2,2,0
2,4,1,3,4,1,2,2,4,2,1,5,2,1,3,72500,1,3,2,0
1,4,1,2,1,4,1,2,2,1,1,3,1,1,3,70000,1,3,2,0
2,7,1,2,1,16,7,2,2,2,1,6,1,1,1,56298,1,1,1,0
2,13,1,2,1,1,6,3,1,1,1,8,2,1,1,29373,1,1,1,0
2,1,1,2,1,1,3,1,1,1,1,2,2,1,1,101400,1,1,1,0
2,12,1,7,5,8,3,2,2,2,1,8,1,1,3,72469,1,1,1,0
2,6,1,2,5,2,1,3,3,2,1,1,1,1,1,27000,2,2,2,0
2,12,1,3,5,4,5,2,3,1,1,1,1,2,3,40261,1,1,1,0
2,1,1,1,1,1,7,1,2,1,1,2,3,1,1,38204,1,1,1,0
2,4,1,2,1,1,3,2,2,1,1,1,3,1,3,140000,1,3,2,0
2,14,1,1,1,1,1,3,3,1,1,2,5,1,5,48660,3,2,2,0
2,4,1,1,12,1,11,3,2,1,1,8,1,1,3,47507,1,3,2,0
2,2,1,2,1,1,2,2,2,1,4,8,2,2,2,21133,2,2,2,0
2,6,1,1,3,1,2,1,4,1,1,1,1,1,1,8496,2,2,2,0
2,2,1,1,1,3,5,3,2,1,1,1,1,1,2,4128,2,2,2,0
2,4,1,1,1,6,7,2,2,1,2,1,1,1,3,110000,1,3,2,0
2,7,1,2,1,1,1,2,4,1,1,8,1,1,1,62418,1,1,1,0
2,3,1,2,1,1,3,2,4,1,1,3,1,1,1,79344,1,1,3,0
1,19,1,2,1,7,7,2,1,1,1,2,1,1,1,59970,1,1,3,0
2,4,1,5,7,1,2,2,4,1,2,2,1,1,3,47500,1,3,2,0
2,15,1,1,2,1,2,2,2,1,1,4,6,2,2,74897,1,1,2,0
2,7,1,1,3,1,7,2,3,1,1,2,1,2,1,58752,1,1,1,0
2,1,1,2,1,1,4,3,2,1,1,3,1,1,1,55562,1,1,1,0
2,2,1,1,1,1,2,1,1,1,1,1,1,1,2,7436,2,2,2,0
2,6,1,6,8,1,3,2,2,1,1,5,1,2,1,31848,2,2,2,0
2,5,1,1,1,4,2,2,3,1,1,8,1,2,1,25404,2,2,1,0
2,4,1,4,12,1,4,2,3,1,1,7,3,2,3,95000,1,3,2,0
2,1,1,1,6,4,2,1,4,1,1,2,1,1,1,45838,1,1,1,0
1,8,1,2,1,1,1,2,3,1,1,2,1,1,1,58746,1,1,1,0
2,1,1,3,1,1,3,2,1,1,1,9,1,1,1,48616,1,1,1,0
2,4,1,1,1,1,4,2,4,1,1,1,1,1,3,1356000,1,3,2,0
1,2,1,1,8,6,1,1,3,1,1,1,3,1,2,6204,2,2,2,0
2,4,1,1,1,1,4,1,2,1,1,1,1,2,3,102000,1,3,2,0
1,7,1,1,1,9,1,1,4,1,1,2,1,2,1,61680,1,1,1,0
1,1,1,1,1,4,1,3,2,1,1,1,6,1,1,44449,1,1,1,0
2,7,1,2,1,1,3,2,1,1,1,1,1,1,1,73433,1,1,1,0
2,4,1,1,1,7,1,1,3,1,2,3,1,1,3,75000,1,3,2,0
2,4,1,1,3,1,7,2,1,1,1,3,1,1,3,73000,1,3,2,0
2,12,2,3,1,2,1,3,3,1,1,3,2,1,3,48313,1,1,1,0
2,15,1,3,5,3,1,2,1,1,1,4,1,1,2,84264,1,1,2,0
2,14,2,5,1,1,5,2,4,1,1,2,2,2,5,5616,3,2,2,0
1,4,1,1,8,1,1,1,2,1,3,1,1,1,3,93000,1,3,2,0
2,14,1,1,1,1,7,2,4,1,1,1,2,2,5,29196,3,2,2,0
1,16,1,1,1,2,1,2,4,1,1,1,1,1,1,79307,1,1,3,0
2,4,1,1,1,2,1,2,2,1,1,4,1,1,3,150000,1,3,2,0
2,13,3,3,1,1,7,2,3,1,1,2,2,1,1,42836,1,1,1,0
2,14,1,3,1,1,3,2,1,1,1,1,2,1,5,44916,3,2,2,0
2,3,1,2,1,1,7,2,4,1,1,2,1,1,1,62880,1,1,3,0
1,4,1,3,1,1,3,3,3,1,2,1,1,1,3,85000,1,3,2,0
2,9,1,1,9,1,7,1,2,1,1,1,1,1,2,25428,2,2,2,0
2,2,1,1,1,1,7,2,4,1,1,2,6,1,2,9393,2,2,2,0
2,1,1,1,1,15,1,2,3,1,1,8,1,1,1,51394,1,1,1,0
2,4,1,2,3,4,2,1,3,1,1,1,1,1,3,110000,1,3,2,0
2,13,3,2,5,1,11,1,2,1,1,3,1,1,1,42120,1,1,1,0
2,20,1,1,1,1,5,2,4,1,1,2,1,1,1,7200,3,2,2,0
2,3,1,3,1,1,7,2,3,1,1,2,5,1,1,47904,1,1,3,0
2,4,1,1,8,1,1,2,2,1,1,3,1,1,3,54000,1,3,2,0
1,1,1,1,1,1,3,2,3,1,1,3,1,1,1,125014,1,1,1,0
2,4,1,1,1,4,7,3,3,1,1,6,1,1,3,90000,1,3,2,0
2,2,1,2,1,1,7,2,2,1,4,1,3,1,2,9396,2,2,2,0
2,8,1,2,3,1,2,2,4,1,1,2,1,1,1,36716,1,1,1,0
2,1,1,1,1,1,3,1,3,1,2,8,1,1,1,97233,1,1,1,0
1,4,1,1,12,3,7,1,3,2,1,3,1,1,3,80000,1,3,2,0
1,4,1,2,1,1,1,2,3,2,1,4,1,2,3,128000,1,3,2,0
1,4,1,3,11,1,2,2,3,1,1,2,2,1,3,80000,1,3,2,0
2,4,1,1,1,1,11,2,3,1,1,1,1,1,3,215000,1,3,2,0
2,11,3,2,1,1,7,1,3,1,1,3,1,1,1,24672,1,1,1,0
2,1,1,5,1,1,3,3,4,1,1,5,1,1,1,131959,1,1,1,0
2,7,1,7,1,9,3,2,3,1,1,2,1,1,1,52872,1,1,1,0
2,7,2,2,5,1,1,2,3,1,1,3,1,1,1,29373,1,1,1,0
2,13,1,2,1,9,11,3,3,2,1,2,1,1,1,55075,1,1,1,0
2,7,1,1,1,1,2,3,2,1,1,5,1,1,1,55075,1,1,1,0
1,4,1,1,1,2,7,1,3,2,1,1,1,1,3,159000,1,3,2,0
2,5,1,2,1,3,1,2,2,1,1,2,1,1,1,58814,2,2,1,0
2,2,1,2,8,1,7,1,4,1,1,7,3,2,2,26612,2,2,2,0
2,4,1,5,1,2,7,3,3,1,1,3,2,2,3,121000,1,3,2,0
1,4,1,3,1,1,7,2,3,1,1,6,1,2,3,60000,1,3,2,0
2,7,1,2,1,3,3,3,3,1,1,3,4,1,1,63642,1,1,1,0
2,4,2,2,1,1,2,2,4,1,1,1,3,1,3,780000,1,3,2,0
2,2,1,1,1,1,2,2,3,1,1,7,1,2,2,9393,2,2,2,0
2,4,1,2,1,14,3,2,2,1,1,4,1,1,3,70000,1,3,2,0
1,2,1,1,3,8,2,1,1,1,1,5,3,1,2,178464,2,2,2,0
2,4,1,3,3,1,1,1,3,1,1,4,1,2,3,57000,1,3,2,0
2,4,1,1,1,1,3,2,3,1,1,3,1,1,3,76000,1,3,2,0
1,4,2,1,2,8,7,2,2,1,3,4,1,1,3,30000,1,3,2,0
1,4,1,2,1,4,1,2,2,1,1,1,1,2,3,105000,1,3,2,0
2,2,1,2,1,2,7,2,4,1,1,3,1,1,2,5256,2,2,2,0
2,2,1,2,1,1,1,3,4,1,1,3,3,1,2,52442,2,2,2,0
2,2,2,1,1,4,7,3,1,1,1,8,1,1,2,3756,2,2,2,0
2,11,1,2,8,1,4,3,1,1,1,1,2,1,1,45283,1,1,1,0
1,4,1,1,1,1,7,2,3,1,1,3,1,1,3,65000,1,3,2,0
2,7,2,1,1,1,2,2,3,1,1,4,1,1,1,23988,1,1,1,0
2,4,3,1,1,4,8,2,2,1,1,8,1,2,3,100000,1,3,2,0
2,8,1,1,3,1,7,2,1,1,1,2,1,1,1,63642,1,1,1,0
2,8,1,5,1,1,3,2,3,1,1,8,1,1,1,19092,1,1,1,0
2,2,1,1,1,1,2,3,3,1,1,1,1,1,2,21916,2,2,2,0
2,2,1,1,8,1,1,3,2,1,1,1,3,1,2,6000,2,2,2,0
2,14,1,4,1,1,1,2,3,1,1,1,2,1,5,18720,3,2,2,0
2,7,1,5,1,1,1,3,2,1,1,2,1,1,1,25701,1,1,1,0
1,4,1,1,4,3,2,2,4,2,1,1,1,1,3,110000,1,3,2,0
2,8,3,1,1,1,7,1,2,1,1,2,1,1,1,33045,1,1,1,0
2,1,1,1,1,9,7,2,3,1,1,3,1,1,1,73619,1,1,1,0
2,15,1,1,1,1,11,2,4,1,1,4,1,1,2,180000,1,1,2,0
2,4,1,1,1,1,1,2,2,1,1,8,1,1,3,2000000,1,3,2,0
2,12,1,1,1,20,5,1,3,1,1,7,6,1,3,24150,1,1,1,0
2,1,1,3,1,1,7,3,1,1,1,8,1,2,1,48880,1,1,1,0
1,16,1,1,12,1,1,2,1,1,1,1,1,1,1,58752,1,1,3,0
2,7,1,3,8,1,4,2,3,1,1,8,1,1,1,63642,1,1,1,0
2,13,1,2,6,2,2,2,3,1,1,1,1,1,1,36716,1,1,1,0
2,7,1,3,1,1,3,2,3,1,1,2,1,1,1,44064,1,1,1,0
2,2,2,2,1,1,2,2,2,1,1,7,1,2,2,12524,2,2,2,0
1,13,1,2,1,4,3,2,2,1,1,3,1,1,1,30597,1,1,1,0
2,4,1,1,2,1,2,1,1,1,1,1,1,1,3,90000,1,3,2,0
2,5,1,3,3,1,1,2,4,1,1,2,1,2,1,45876,2,2,1,0
2,4,1,1,1,1,11,2,4,1,1,3,1,2,3,312000,1,3,2,0
1,1,1,3,1,1,4,1,4,1,1,2,1,1,1,38199,1,1,1,0
1,4,1,3,9,1,7,1,3,1,1,6,1,2,3,76600,1,3,2,0
2,3,2,2,1,8,8,1,4,1,1,3,1,1,1,47904,1,1,3,0
2,7,1,1,1,1,7,3,3,1,1,2,1,1,1,514032,1,1,1,0
2,17,2,2,1,8,7,2,4,1,1,1,1,1,1,29376,1,1,3,0
1,2,1,2,1,4,1,2,2,1,1,1,3,2,2,14089,2,2,2,0
2,14,1,1,1,1,1,2,2,1,1,5,1,1,5,31812,3,2,2,0
2,4,1,2,2,14,2,1,4,1,1,3,1,1,3,100000,1,3,2,0
2,10,1,1,1,1,4,1,2,1,1,6,1,1,4,78814,1,1,1,0
1,2,1,2,1,4,7,2,1,1,1,1,3,1,2,2820,2,2,2,0
1,8,3,1,1,1,1,1,1,1,1,8,1,1,1,40388,1,1,1,0
1,1,1,2,1,8,1,1,4,1,1,5,1,1,1,97233,1,1,1,0
2,5,1,1,3,1,2,2,3,1,3,4,3,1,1,12348,2,2,1,0
1,4,1,2,8,5,8,3,4,1,1,3,1,2,3,158000,1,3,2,0
2,4,1,1,1,1,7,2,1,1,1,1,5,1,3,60000,1,3,2,0
2,10,1,3,1,3,7,2,2,1,1,2,1,1,4,95968,1,1,1,0
2,3,1,7,7,14,1,1,2,1,1,3,1,2,1,54792,1,1,3,0
2,14,3,3,1,1,1,2,3,1,1,1,1,1,5,8988,3,2,2,0
2,5,1,2,1,4,4,1,2,1,1,4,1,2,1,24696,2,2,1,0
1,4,1,1,1,4,1,3,4,1,1,8,7,1,3,90500,1,3,2,0
1,7,1,2,1,1,7,1,3,1,1,1,5,2,1,693204,1,1,1,0
2,13,1,6,1,1,2,2,3,1,1,2,1,1,1,30597,1,1,1,0
2,7,1,1,1,1,2,1,3,1,1,3,1,1,1,41124,1,1,1,0
2,2,1,1,8,1,7,2,3,1,2,7,3,1,2,16908,2,2,2,0
2,13,1,3,12,1,1,2,3,1,1,6,1,1,1,13212,1,1,1,0
2,2,1,2,1,1,2,2,1,1,1,3,3,1,2,18785,2,2,2,0
2,7,1,1,1,2,8,1,1,1,1,3,1,2,1,90567,1,1,1,0
1,10,1,2,1,2,3,2,2,1,1,1,1,1,4,75975,1,1,1,0
2,1,1,2,7,8,5,1,4,1,1,3,4,1,1,38893,1,1,1,0
2,13,1,3,1,1,7,2,2,1,1,1,1,1,1,61194,1,1,1,0
1,7,1,3,1,13,4,2,3,1,1,2,1,1,1,32316,1,1,1,0
1,4,1,1,1,3,7,1,3,1,1,6,1,2,3,69000,1,3,2,0
2,19,1,1,1,1,2,3,3,1,1,1,4,1,1,51408,1,1,3,0
2,4,1,3,1,1,4,2,2,1,1,1,1,2,3,85000,1,3,2,0
2,7,1,1,1,7,1,2,2,1,1,2,1,1,1,57522,1,1,1,0
2,4,1,1,8,1,2,2,2,1,1,2,7,2,3,52000,1,3,2,0
2,4,1,3,1,5,1,2,2,1,1,1,1,1,3,130000,1,3,2,0
2,4,1,1,5,11,5,1,4,1,1,1,1,2,3,60000,1,3,2,0
2,4,1,3,1,1,4,2,2,1,1,2,1,2,3,200000,1,3,2,0
2,8,1,5,1,1,1,2,2,1,1,2,1,1,1,23496,1,1,1,0
2,4,1,3,1,9,4,2,3,1,1,8,7,2,3,148512,1,3,2,0
2,7,3,1,1,4,6,1,4,1,1,2,1,2,1,58752,1,1,1,0
2,16,1,4,1,1,2,1,2,1,1,2,1,1,1,48468,1,1,3,0
2,5,1,2,6,9,7,2,2,1,1,3,1,1,1,52932,2,2,1,0
2,4,1,3,11,4,3,1,3,1,1,8,1,2,3,130000,1,3,2,0
2,2,1,1,1,2,3,2,3,1,1,2,3,2,2,657480,2,2,2,0
1,12,1,1,1,1,7,3,2,1,1,1,6,1,3,36235,1,1,1,0
2,11,1,4,1,4,3,2,2,1,1,1,1,2,1,80776,1,1,1,0
2,15,2,1,1,1,1,3,2,1,1,1,1,1,2,105324,1,1,2,0
2,7,1,5,4,1,1,2,3,1,1,2,1,2,1,44064,1,1,1,0
2,12,1,1,1,9,1,3,2,1,1,6,1,1,3,48313,1,1,1,0
1,4,1,2,1,1,4,1,3,1,1,2,1,2,3,108000,1,3,2,0
2,7,1,5,1,2,1,3,1,1,1,8,1,1,1,44064,1,1,1,0
2,20,1,2,1,3,1,2,2,1,1,3,1,2,1,31200,3,2,2,0
2,11,1,2,1,1,3,2,1,1,1,2,1,1,1,44060,1,1,1,0
2,4,1,3,9,3,2,1,2,1,3,3,1,1,3,127000,1,3,2,0
2,1,1,3,3,1,3,3,3,1,1,1,1,1,1,83342,1,1,1,0
2,6,1,1,1,1,7,2,3,1,1,1,6,1,1,21228,2,2,2,0
2,4,1,1,6,4,2,1,3,1,1,6,1,1,3,84000,1,3,2,0
2,1,1,3,8,1,4,2,2,1,1,8,1,2,1,55562,1,1,1,0
2,10,1,5,1,1,3,2,3,1,1,1,1,1,4,83172,1,1,1,0
2,19,1,2,1,1,1,2,2,1,1,1,1,1,1,58752,1,1,3,0
2,4,1,1,1,1,1,2,3,1,1,6,4,1,3,66500,1,3,2,0
2,1,1,1,5,1,1,1,4,1,1,2,1,1,1,75008,1,1,1,0
2,12,1,4,8,1,7,2,2,1,1,6,1,1,3,24156,1,1,1,0
2,4,1,1,1,1,11,2,3,2,1,4,1,1,3,170000,1,3,2,0
2,10,1,1,1,1,1,1,4,1,1,6,1,1,4,87971,1,1,1,0
1,4,1,2,1,9,4,1,3,1,1,2,1,2,3,91068,1,3,2,0
2,2,1,1,1,4,1,1,4,1,1,1,3,1,2,79836,2,2,2,0
2,4,3,1,1,1,1,3,3,1,3,6,1,1,3,55000,1,3,2,0
1,4,1,2,6,1,4,2,4,1,1,4,1,1,3,105000,1,3,2,0
1,11,1,2,1,1,1,1,3,1,1,1,1,1,1,34269,1,1,1,0
2,4,1,1,1,1,4,2,3,1,1,3,1,2,3,120000,1,3,2,0
2,4,1,2,6,14,5,1,2,2,3,4,1,1,3,85000,1,3,2,0
1,11,1,2,1,1,1,1,3,2,1,1,1,1,1,44064,1,1,1,0
2,2,1,1,1,8,5,1,2,1,1,1,3,1,2,7044,2,2,2,0
2,4,1,1,1,1,1,2,3,1,1,1,4,2,3,130000,1,3,2,0
2,7,2,2,8,2,7,3,3,1,1,3,1,1,1,73433,1,1,1,0
2,1,1,1,6,4,3,2,3,1,1,4,1,1,1,55562,1,1,1,0
2,4,1,1,1,1,1,2,3,1,1,1,1,1,3,140000,1,3,2,0
2,4,1,1,1,1,2,1,4,1,1,3,2,1,3,85000,1,3,2,0
1,7,1,3,1,1,7,2,2,1,1,1,1,2,1,41124,1,1,1,0
2,7,1,2,3,1,3,1,4,1,1,2,1,2,1,63888,1,1,1,0
2,1,1,3,4,3,7,3,2,1,1,3,1,1,1,83342,1,1,1,0
2,12,1,1,1,1,1,2,2,1,1,5,1,1,3,40261,1,1,1,0
2,13,1,3,1,13,3,3,3,1,1,1,1,1,1,37940,1,1,1,0
2,5,1,3,4,3,5,3,2,1,1,8,1,1,1,10584,2,2,1,0
1,1,1,1,2,1,2,1,1,2,3,1,1,1,1,41671,1,1,1,0
2,7,3,2,1,6,7,2,2,1,1,6,1,1,1,58752,1,1,1,0
1,4,1,1,1,1,1,2,2,1,1,3,1,1,3,110000,1,3,2,0
2,4,1,1,1,1,1,2,4,1,1,8,5,1,3,93600,1,3,2,0
2,12,1,1,1,4,4,2,3,1,1,1,1,2,3,64417,1,1,1,0
2,4,1,3,11,4,7,3,3,1,1,3,6,1,3,140000,1,3,2,0
2,1,1,1,8,1,11,2,1,1,3,1,1,1,1,500052,1,1,1,0
2,1,1,1,1,7,3,1,2,1,1,1,1,1,1,125014,1,1,1,0
2,2,1,1,1,1,7,2,1,1,1,1,3,2,2,10074,2,2,2,0
2,2,1,1,3,2,7,2,3,1,1,1,3,2,2,20351,2,2,2,0
1,2,1,2,1,4,7,2,3,1,1,2,3,2,2,7827,2,2,2,0
1,20,2,1,1,1,2,2,3,1,1,1,1,1,1,14616,3,2,2,0
1,4,1,2,9,4,2,2,3,2,1,3,1,1,3,95000,1,3,2,0
2,4,1,1,1,9,7,3,2,1,1,1,6,1,3,160000,1,3,2,0
2,4,1,1,2,14,7,1,4,2,1,5,1,1,3,90000,1,3,2,0
2,4,3,1,8,1,7,1,1,1,1,1,2,1,3,70000,1,3,2,0
2,2,2,2,1,11,2,2,2,1,1,3,3,1,2,17413,2,2,2,0
2,4,1,2,2,8,2,1,2,1,1,1,1,2,3,110000,1,3,2,0
2,14,3,1,1,8,4,3,3,1,1,9,5,2,5,35556,3,2,2,0
2,14,1,1,8,1,8,1,3,1,1,1,1,2,5,29940,3,2,2,0
1,12,1,1,1,4,3,1,2,1,1,1,1,1,3,80521,1,1,1,0
2,16,1,2,1,1,4,2,4,1,1,7,3,2,1,82612,1,1,3,0
2,4,1,1,1,1,1,2,3,1,1,8,1,1,3,87000,1,3,2,0
2,1,1,1,9,2,2,1,2,1,3,4,1,1,1,400044,1,1,1,0
2,11,1,1,1,1,3,1,4,1,1,4,1,1,1,73433,1,1,1,0
2,4,1,1,3,14,5,1,1,1,1,3,1,2,3,80500,1,3,2,0
2,14,1,3,4,1,4,2,3,1,1,4,1,2,5,26201,3,2,2,0
2,2,1,1,1,1,2,4,4,1,1,1,1,1,2,5636,2,2,2,1
2,7,1,1,2,1,2,2,3,1,1,8,1,1,1,67313,1,1,1,0
2,11,1,2,6,1,5,2,4,1,1,8,1,1,1,51403,1,1,1,0
2,4,1,5,1,14,5,3,3,1,1,9,6,1,3,40,1,3,2,0
2,14,1,2,3,10,1,2,2,1,1,3,1,1,5,13104,3,2,2,0
1,3,1,2,5,14,2,1,1,1,1,8,1,1,1,55392,1,1,3,0
2,2,1,1,1,1,7,2,3,1,1,1,3,1,2,28961,2,2,2,0
1,2,1,1,1,1,7,3,1,1,1,1,3,2,2,34941,2,2,2,0
2,4,1,1,1,1,7,1,4,1,1,1,1,2,3,80000,1,3,2,0
2,7,1,2,1,1,1,1,4,1,1,3,1,1,1,67313,1,1,1,0
2,2,2,2,1,1,2,2,2,1,4,3,1,1,2,7700,2,2,2,0
2,4,1,1,1,1,4,1,3,1,1,2,1,1,3,140000,1,3,2,0
2,4,1,2,1,3,1,2,4,1,1,8,2,2,3,80000,1,3,2,0
2,4,1,1,1,1,7,2,4,1,1,1,1,1,3,165000,1,3,2,0
2,1,2,1,1,1,4,3,3,1,1,8,1,1,1,76397,1,1,1,0
2,4,1,1,1,4,1,3,2,1,1,7,2,2,3,105000,1,3,2,0
1,4,1,2,7,1,2,3,4,2,2,3,1,1,3,125000,1,3,2,0
2,7,1,2,1,9,3,2,4,1,1,1,1,1,1,85671,1,1,1,0
2,3,1,3,1,1,1,2,2,1,1,1,1,2,1,74856,1,1,3,0
1,2,1,1,1,1,2,1,4,1,1,1,3,1,2,6576,2,2,2,0
1,4,2,3,1,3,2,2,4,1,1,8,1,2,3,60000,1,3,2,0
2,4,1,3,1,1,3,2,3,1,1,8,1,2,3,46000,1,3,2,0
2,2,1,1,1,1,1,2,3,1,1,1,3,1,2,28176,2,2,2,0
2,1,1,2,1,16,1,1,4,1,1,3,1,1,1,533388,1,1,1,0
2,18,1,2,1,8,7,1,3,1,1,4,1,1,1,125123,1,1,3,0
2,15,1,3,1,16,3,3,2,1,1,1,1,1,2,112344,1,1,2,0
2,5,1,1,1,1,1,1,3,1,1,1,1,2,1,42348,2,2,1,0
2,12,1,1,1,4,3,2,1,2,1,5,1,1,3,60391,1,1,1,0
1,18,1,2,1,15,1,2,2,1,1,3,1,1,1,130337,1,1,3,0
2,2,2,1,1,2,7,2,2,1,1,7,6,2,2,1628,2,2,2,0
2,6,3,3,7,2,1,2,3,1,1,3,1,1,1,19956,2,2,2,0
2,13,1,2,3,1,7,3,2,1,1,1,2,1,1,440592,1,1,1,0
2,4,1,1,4,1,2,2,3,1,1,4,1,1,3,54000,1,3,2,0
1,11,1,2,3,8,7,3,3,1,1,2,1,2,1,51403,1,1,1,0
2,7,1,2,4,4,5,2,3,1,1,3,1,1,1,55075,1,1,1,0
2,13,1,1,1,1,3,2,3,1,1,7,1,1,1,763704,1,1,1,0
2,2,1,1,1,1,3,2,4,1,1,1,3,2,2,39136,2,2,2,0
2,10,1,1,1,1,7,2,3,1,1,1,1,1,4,51983,1,1,1,0
1,20,1,2,1,1,7,2,3,1,1,6,1,2,1,10440,3,2,2,0
1,6,3,3,1,1,7,2,3,2,1,2,1,1,1,19104,2,2,2,0
2,10,1,1,3,10,11,1,1,1,1,4,1,1,4,83972,1,1,1,0
2,2,1,1,12,1,5,2,1,1,1,1,3,1,2,45084,2,2,2,0
2,1,1,7,1,1,4,2,1,1,1,4,1,1,1,69452,1,1,1,0
2,4,1,2,3,1,7,3,3,1,1,1,5,1,3,95000,1,3,2,0
2,14,1,2,1,1,1,2,1,1,1,2,2,1,5,26196,3,2,2,0
2,20,1,2,1,1,2,2,3,1,1,8,1,1,1,5160,3,2,2,0
2,1,1,1,1,4,7,1,2,1,1,1,1,1,1,425052,1,1,1,0
2,1,1,5,1,1,1,1,3,1,1,8,1,1,1,62507,1,1,1,0
2,14,2,1,1,1,2,3,3,1,1,3,1,2,5,299436,3,2,2,0
2,6,2,2,1,1,7,2,3,1,1,8,1,1,1,15924,2,2,2,0
2,1,1,2,1,1,1,1,3,1,1,1,1,1,1,94455,1,1,1,0
2,11,1,2,1,1,1,2,3,1,1,7,1,1,1,29376,1,1,1,0
2,15,1,3,1,2,1,3,4,1,1,1,4,1,2,140000,1,1,2,0
2,1,1,7,1,1,4,2,3,1,1,1,1,1,1,69452,1,1,1,0
2,4,1,1,7,1,2,2,1,1,1,3,1,1,3,125000,1,3,2,0
2,7,2,1,3,18,7,2,4,1,1,1,3,1,1,13212,1,1,1,0
2,4,1,2,1,1,11,2,2,1,1,3,3,1,3,102000,1,3,2,0
2,7,1,3,7,1,3,1,4,1,1,1,1,1,1,48468,1,1,1,0
2,4,1,3,1,1,3,2,2,1,1,5,1,1,3,100000,1,3,2,0
2,4,1,1,1,1,1,1,2,1,1,1,1,1,3,147000,1,3,2,0
2,4,1,1,1,1,1,2,4,1,1,1,2,2,3,150000,1,3,2,0
2,10,3,1,7,6,2,2,2,2,1,7,1,1,4,67178,1,1,1,0
2,1,2,1,1,1,1,2,4,1,1,1,3,1,1,56951,1,1,1,0
2,12,1,1,9,3,2,2,1,2,1,3,7,1,3,48313,1,1,1,0
2,4,3,1,7,4,2,1,4,1,1,3,1,2,3,77000,1,3,2,0
2,16,1,2,5,14,2,1,2,1,1,4,1,2,1,93996,1,1,3,0
2,7,1,2,1,7,1,1,2,1,1,1,1,2,1,88119,1,1,1,0
2,4,1,2,1,1,1,2,4,1,2,4,1,1,3,84000,1,3,2,0
2,4,1,1,1,9,7,2,4,1,1,1,1,1,3,69200,1,3,2,0
2,6,1,1,3,15,5,2,4,1,1,3,1,1,1,5460,2,2,2,0
2,5,1,1,1,1,1,3,3,1,1,6,1,1,1,63225,2,2,1,0
1,4,3,1,4,16,5,2,2,2,3,3,1,1,3,85000,1,3,2,0
2,2,2,1,1,2,5,1,4,1,1,1,1,1,2,12000,2,2,2,0
2,2,1,1,1,1,7,3,3,1,1,7,3,2,2,15972,2,2,2,0
2,1,1,2,1,1,1,2,1,1,1,1,1,1,1,120152,1,1,1,0
2,4,1,1,4,1,2,2,4,1,1,3,1,1,3,100000,1,3,2,0
2,4,1,2,1,1,1,1,2,1,1,4,1,2,3,80000,1,3,2,0
2,4,1,1,1,1,7,2,2,1,1,3,1,1,3,70000,1,3,2,0
2,7,1,3,8,1,3,2,3,1,1,1,1,1,1,75636,1,1,1,0
2,4,1,1,1,9,3,1,3,2,1,5,1,1,3,72000,1,3,2,0
1,12,1,1,3,1,7,3,4,1,1,1,1,1,3,1000000,1,1,1,0
2,4,1,2,3,16,2,1,4,1,1,6,1,1,3,95000,1,3,2,0
1,1,1,1,1,1,7,2,4,1,1,2,1,1,1,48616,1,1,1,0
1,11,1,2,3,1,5,1,2,1,1,3,2,1,1,61194,1,1,1,0
2,9,1,2,1,1,3,2,4,1,1,8,2,1,2,31476,2,2,2,0
1,12,1,1,1,1,1,2,2,1,1,1,1,1,3,48313,1,1,1,0
2,4,2,1,1,1,2,1,3,1,1,1,6,1,3,85000,1,3,2,0
2,5,1,1,1,1,7,2,2,1,1,3,1,1,1,31764,2,2,1,0
2,10,1,3,1,1,3,2,4,2,4,8,1,1,4,87971,1,1,1,0
2,17,1,1,1,1,3,1,3,1,1,2,1,1,1,44796,1,1,3,0
2,4,1,1,1,1,2,2,2,1,1,5,4,1,3,50000,1,3,2,0
2,18,1,2,1,1,3,2,2,1,1,2,1,2,1,127209,1,1,3,0
2,12,1,1,1,1,1,2,3,1,1,3,1,2,3,53949,1,1,1,0
1,4,1,1,1,1,7,4,3,1,1,1,2,1,3,2000000,1,3,2,1
1,13,1,2,1,1,3,1,1,1,3,1,1,1,1,42836,1,1,1,0
2,4,1,1,1,4,7,2,1,1,1,1,5,1,3,68000,1,3,2,0
2,16,1,4,1,1,7,2,2,1,1,2,1,1,1,29376,1,1,3,0
2,12,2,1,1,1,2,2,2,1,1,1,3,1,3,8050,1,1,1,0
2,4,1,1,8,14,2,2,2,2,2,1,2,1,3,53000,1,3,2,0
2,2,2,1,1,1,7,3,4,1,2,2,3,1,2,13152,2,2,2,0
2,1,1,4,1,1,1,1,4,1,1,8,1,2,1,39588,1,1,1,0
2,4,1,3,1,1,3,2,1,1,1,6,1,1,3,133900,1,3,2,0
2,7,1,1,1,1,3,1,2,1,1,3,1,1,1,954624,1,1,1,0
2,7,2,2,7,8,7,2,1,1,1,1,5,1,1,36716,1,1,1,0
2,12,2,1,1,2,2,2,2,1,1,4,6,1,3,44287,1,1,1,0
2,5,1,2,3,7,7,2,4,1,1,3,1,1,1,31764,2,2,1,0
2,11,1,1,8,4,1,3,3,1,2,2,5,1,1,48955,1,1,1,0
2,14,1,1,1,6,2,2,1,1,1,1,1,1,5,6552,3,2,2,0
1,2,1,1,1,1,4,1,3,1,1,8,3,2,2,34440,2,2,2,0
2,2,1,1,1,1,7,2,2,1,1,1,1,1,2,29743,2,2,2,0
2,10,1,1,3,12,2,1,1,1,1,1,1,1,4,119160,1,1,1,0
2,2,1,2,1,17,7,2,3,1,1,2,3,2,2,4692,2,2,2,0
1,1,1,2,8,3,4,2,1,1,1,3,3,1,1,90288,1,1,1,0
2,4,1,2,1,1,1,2,3,1,1,3,1,1,3,100000,1,3,2,0
1,11,1,2,1,1,4,2,2,1,1,6,1,1,1,51403,1,1,1,0
2,3,3,3,1,1,1,1,2,1,1,3,1,1,1,33684,1,1,3,0
2,7,1,1,1,1,1,2,2,1,1,2,1,2,1,74657,1,1,1,0
2,4,1,1,1,1,4,1,4,1,1,1,1,1,3,1500000,1,3,2,0
2,11,1,2,1,1,1,1,2,1,1,4,1,1,1,822444,1,1,1,0
2,2,1,1,1,4,7,2,1,1,1,3,1,1,2,14089,2,2,2,0
2,6,1,2,1,10,7,2,3,1,1,3,1,2,1,12732,2,2,2,0
1,4,1,1,5,4,2,1,2,2,1,1,1,2,3,13000,1,3,2,0
2,4,1,1,6,4,2,2,4,1,1,3,1,1,3,87500,1,3,2,0
2,2,1,2,1,2,1,2,1,1,1,1,3,1,2,24420,2,2,2,0
2,4,1,3,1,4,2,2,3,1,1,3,1,1,3,70000,1,3,2,0
2,4,1,2,5,1,1,2,4,1,1,1,1,1,3,145000,1,3,2,0
2,1,3,1,1,1,3,2,3,1,2,3,1,1,1,48616,1,1,1,0
2,19,2,1,1,1,1,2,4,1,1,2,1,1,1,13340,1,1,3,0
2,13,1,3,3,2,2,1,4,1,1,1,2,1,1,18358,1,1,1,0
2,1,1,1,5,1,2,2,1,1,1,1,1,1,1,43060,1,1,1,0
2,4,1,1,1,1,7,2,3,1,1,2,2,1,3,112000,1,3,2,0
2,6,1,3,3,1,1,1,3,1,1,9,1,1,1,16980,2,2,2,0
1,13,1,1,1,1,1,3,3,1,1,1,1,1,1,51408,1,1,1,0
2,2,1,1,1,1,2,2,1,1,1,7,3,1,2,5916,2,2,2,0
2,4,1,1,1,3,3,3,2,1,4,1,1,1,3,170000,1,3,2,0
2,8,1,3,1,1,3,2,3,1,1,2,1,1,1,41612,1,1,1,0
2,2,1,2,1,1,3,2,3,1,2,7,1,1,2,1565,2,2,2,0
2,7,1,1,1,15,7,2,3,1,1,1,1,1,1,1000000,1,1,1,0
2,1,1,1,8,1,7,2,2,1,1,2,3,2,1,58340,1,1,1,0
1,12,1,1,1,1,3,1,2,1,1,2,1,1,3,58620,1,1,1,0
1,4,1,2,1,1,7,2,3,2,1,1,3,1,3,1800000,1,3,2,0
1,1,1,1,1,1,3,2,2,1,1,1,1,1,1,43988,1,1,1,0
2,4,1,1,1,3,3,2,4,1,1,1,1,1,3,75000,1,3,2,0
2,4,1,1,1,1,3,2,2,1,1,8,1,1,3,70000,1,3,2,0
2,7,1,1,1,2,7,1,4,1,1,2,1,1,1,67560,1,1,1,0
2,14,1,2,1,1,3,2,4,1,1,1,2,1,5,36000,3,2,2,0
2,4,1,1,8,3,5,1,2,1,1,1,1,1,3,58000,1,3,2,0
2,16,1,1,1,3,1,2,3,1,1,1,1,2,1,77104,1,1,3,0
2,4,1,1,1,1,4,1,3,1,1,6,1,1,3,168000,1,3,2,0
1,2,1,1,3,9,2,1,4,1,1,9,6,1,2,7514,2,2,2,0
2,4,1,1,1,1,2,4,3,1,1,3,1,2,3,82000,1,3,2,1
2,4,1,1,1,1,4,1,2,1,1,1,1,1,3,108200,1,3,2,0
2,1,1,1,7,1,2,1,4,1,1,1,1,1,1,52783,1,1,1,0
2,2,2,2,1,3,2,2,1,1,1,3,3,2,2,9768,2,2,2,0
2,2,1,1,1,1,2,3,1,1,1,1,3,1,2,5820,2,2,2,0
2,16,1,1,1,1,3,2,2,1,1,1,1,1,1,60948,1,1,3,0
2,3,1,3,1,1,4,3,1,1,1,2,1,1,1,574896,1,1,3,0
2,7,3,3,3,9,6,1,3,1,1,7,1,2,1,14688,1,1,1,0
1,15,1,1,1,4,3,2,3,1,1,3,1,2,2,94800,1,1,2,0
1,19,2,1,8,11,1,2,3,1,1,9,1,2,1,29376,1,1,3,0
2,2,1,2,1,13,7,1,1,1,1,1,3,2,2,11271,2,2,2,0
2,4,1,1,2,16,5,1,3,1,1,5,1,1,3,17500,1,3,2,0
2,2,2,1,1,3,5,1,2,1,1,1,1,2,2,48000,2,2,2,0
2,4,1,1,8,12,11,3,2,1,1,3,1,1,3,68000,1,3,2,0
2,7,1,2,1,1,1,1,4,1,1,1,1,1,1,61194,1,1,1,0
1,4,1,3,1,9,3,2,3,1,1,2,1,1,3,90000,1,3,2,0
2,16,1,7,7,1,8,3,4,1,1,3,1,1,1,85671,1,1,3,0
2,14,1,3,8,1,4,3,3,1,1,2,2,1,5,23952,3,2,2,0
2,7,1,3,1,1,1,2,4,1,1,8,1,1,1,61194,1,1,1,0
2,1,1,7,7,7,5,2,4,1,1,1,1,1,1,26558,1,1,1,0
2,1,1,3,1,1,7,2,3,1,1,1,1,1,1,63896,1,1,1,0
1,4,1,1,1,9,4,2,2,1,1,3,1,1,3,156000,1,3,2,0
2,4,1,2,7,8,2,3,2,1,1,7,1,1,3,45000,1,3,2,0
2,12,1,1,1,1,3,1,3,1,1,4,1,2,3,49923,1,1,1,0
1,7,1,1,1,1,4,1,2,1,1,2,1,1,1,67313,1,1,1,0
2,7,1,2,1,1,7,3,2,1,1,8,1,1,1,58746,1,1,1,0
1,1,1,1,9,1,7,3,3,1,1,7,1,1,1,37504,1,1,1,0
2,6,1,2,7,9,3,1,4,1,1,8,1,2,1,16140,2,2,2,0
2,18,1,1,1,1,3,2,2,1,1,6,1,1,1,125123,1,1,3,0
2,6,1,7,1,8,1,2,2,1,1,3,1,1,1,31848,2,2,2,0
2,12,1,1,1,1,7,1,3,1,1,1,1,1,3,56365,1,1,1,0
2,2,1,1,1,1,3,3,1,1,1,2,3,1,2,3756,2,2,2,0
2,10,1,1,1,14,4,2,3,1,1,7,1,2,4,63979,1,1,1,0
2,19,1,2,1,6,11,2,2,1,1,3,1,1,1,68537,1,1,3,0
2,4,1,5,1,1,11,2,2,1,1,8,1,1,3,60000,1,3,2,0
2,7,1,3,1,1,4,2,3,1,1,2,1,1,1,50485,1,1,1,0
1,15,1,8,1,4,1,2,4,1,1,3,1,2,2,91284,1,1,2,0
2,15,1,8,1,1,5,3,2,1,1,8,4,1,2,54000,1,1,2,0
2,4,1,7,7,1,7,1,4,1,1,6,1,1,3,82000,1,3,2,0
1,12,1,1,1,1,7,2,3,1,1,1,4,1,3,48313,1,1,1,0
2,13,1,1,1,1,7,1,2,1,1,3,1,1,1,31821,1,1,1,0
2,4,1,3,9,1,2,2,1,1,1,3,1,1,3,54000,1,3,2,0
1,7,3,1,1,1,7,1,2,2,1,2,1,1,1,22032,1,1,1,0
2,4,1,3,1,3,3,2,3,1,1,5,1,1,3,100000,1,3,2,0
2,2,1,2,1,1,7,2,4,1,1,3,1,1,2,8610,2,2,2,0
2,4,1,2,1,1,11,2,2,1,1,1,1,1,3,2000000,1,3,2,0
2,4,1,2,5,2,11,2,2,1,1,8,1,1,3,220000,1,3,2,0
2,4,1,1,5,1,2,2,2,1,1,7,1,1,3,55000,1,3,2,0
2,4,1,1,1,4,7,3,3,1,1,3,1,1,3,75000,1,3,2,0
2,18,3,2,1,1,7,1,1,1,1,3,1,1,1,89672,1,1,3,0
1,4,1,2,8,1,7,2,3,1,1,1,2,2,3,130000,1,3,2,0
2,4,1,2,8,4,1,2,1,1,1,1,1,1,3,93000,1,3,2,0
2,2,1,1,1,2,2,2,3,2,1,3,3,2,2,9396,2,2,2,0
2,19,1,2,9,1,2,2,2,2,1,3,1,1,1,39876,1,1,3,0
2,8,1,2,2,1,2,2,2,1,1,3,1,1,1,411228,1,1,1,0
1,11,1,2,1,4,3,1,3,1,1,2,1,2,1,74657,1,1,1,0
2,7,1,3,1,2,1,2,2,1,1,4,1,2,1,66089,1,1,1,0
2,4,1,1,1,1,7,1,3,1,1,1,1,1,3,104500,1,3,2,0
2,4,1,2,1,1,4,4,2,1,1,5,1,2,3,170000,1,3,2,1
1,11,1,1,12,1,1,2,3,1,1,8,1,2,1,41612,1,1,1,0
2,2,1,1,3,14,7,2,2,1,1,3,3,1,2,225420,2,2,2,0
2,6,1,2,5,1,3,2,3,1,1,3,1,1,1,37152,2,2,2,0
1,20,1,2,1,1,4,1,2,1,1,3,1,1,1,37200,3,2,2,0
1,4,1,1,4,3,2,1,1,2,2,1,1,1,3,49000,1,3,2,0
2,4,1,1,12,1,1,2,1,1,1,1,1,2,3,135000,1,3,2,0
2,17,1,1,1,1,7,1,4,1,1,3,1,1,1,38184,1,1,3,0
2,11,1,2,1,2,7,2,3,1,1,3,1,1,1,646212,1,1,1,0
2,4,1,3,5,1,11,2,4,1,1,1,6,2,3,250000,1,3,2,0
2,4,1,1,1,1,1,1,3,1,1,1,1,1,3,73000,1,3,2,0
2,4,1,1,2,4,2,2,2,1,1,1,1,1,3,110000,1,3,2,0
2,2,1,2,12,1,7,4,2,1,1,1,3,2,2,6293,2,2,2,1
2,6,1,2,3,2,7,2,2,1,1,3,1,1,1,30360,2,2,2,0
2,16,1,2,3,1,7,1,2,1,1,3,1,2,1,734328,1,1,3,0
2,4,1,1,1,4,1,1,3,1,1,1,1,2,3,78000,1,3,2,0
2,4,1,1,2,4,5,2,4,1,1,5,1,1,3,1020000,1,3,2,0
2,5,1,2,1,1,2,2,1,1,2,3,1,2,1,21168,2,2,1,0
2,4,1,1,1,7,1,1,2,1,1,1,1,1,3,82000,1,3,2,0
1,10,1,1,1,1,7,3,3,1,1,8,1,1,4,54382,1,1,1,0
2,2,1,1,1,5,1,2,3,1,1,2,3,2,2,450852,2,2,2,0
2,2,1,2,3,1,7,1,1,1,1,3,3,1,2,13152,2,2,2,0
2,14,1,1,8,9,1,2,3,1,1,8,1,1,5,115284,3,2,2,0
2,11,1,2,1,1,1,2,1,1,1,8,1,1,1,46263,1,1,1,0
2,1,3,5,1,1,2,1,3,1,1,2,1,1,1,48616,1,1,1,0
2,20,1,2,7,1,7,2,4,1,1,4,1,1,1,48024,3,2,2,0
2,4,1,6,10,4,5,1,4,1,1,1,2,1,3,2000000,1,3,2,0
2,13,1,1,3,1,7,2,3,1,1,8,2,1,1,33045,1,1,1,0
2,1,1,5,1,1,3,2,3,1,1,2,1,2,1,72925,1,1,1,0
2,8,1,5,1,1,7,1,4,1,1,7,1,1,1,19092,1,1,1,0
1,1,1,2,4,1,5,2,4,2,2,4,1,1,1,58340,1,1,1,0
2,3,1,2,1,1,3,2,2,1,1,8,1,1,1,65868,1,1,3,0
2,16,1,1,1,3,5,1,2,2,1,3,1,1,1,63888,1,1,3,0
1,4,1,1,1,14,7,2,3,1,1,3,3,1,3,624000,1,3,2,0
1,10,1,1,1,1,3,1,4,1,1,4,1,2,4,111963,1,1,1,0
1,1,1,1,1,1,1,1,3,1,4,3,3,1,1,45352,1,1,1,0
2,1,1,1,1,1,3,2,3,1,1,1,1,1,1,866760,1,1,1,0
1,1,1,7,1,1,1,2,1,1,2,1,1,1,1,58340,1,1,1,0
1,2,1,1,3,4,2,2,3,1,1,6,1,1,2,4320,2,2,2,0
2,4,1,1,1,1,2,1,4,2,1,1,5,1,3,55000,1,3,2,0
2,5,1,3,1,2,3,2,3,1,1,2,1,1,1,49404,2,2,1,0
2,12,1,1,7,3,2,1,4,1,1,1,6,1,3,53547,1,1,1,0
2,1,1,1,12,1,3,2,2,2,2,2,1,2,1,55562,1,1,1,0
2,4,1,1,1,4,4,1,1,1,3,3,1,1,3,55000,1,3,2,0
2,17,1,2,1,1,1,1,4,1,1,3,1,1,1,66084,1,1,3,0
2,2,1,1,8,15,1,2,3,1,1,1,3,2,2,13224,2,2,2,0
2,4,2,1,12,6,2,2,2,2,1,8,1,1,3,60000,1,3,2,0
2,10,1,5,8,15,7,3,2,1,1,3,1,2,4,77574,1,1,1,0
2,13,1,1,1,2,1,2,2,1,1,2,2,2,1,660900,1,1,1,0
2,1,2,1,1,1,3,1,4,1,1,4,3,1,1,76397,1,1,1,0
2,11,1,2,1,7,1,2,4,1,1,1,1,1,1,51403,1,1,1,0
2,1,1,1,7,1,2,2,3,1,1,1,1,1,1,145849,1,1,1,0
2,2,2,1,1,3,1,1,3,1,1,1,1,1,2,23482,2,2,2,0
2,4,1,4,11,5,4,1,3,1,1,2,1,2,3,158000,1,3,2,0
2,4,1,1,1,3,1,2,3,1,1,7,2,1,3,150000,1,3,2,0
2,2,1,2,1,4,7,3,3,1,1,1,3,2,2,6575,2,2,2,0
1,2,1,1,8,1,2,1,3,1,1,1,4,2,2,4848,2,2,2,0
2,4,1,1,5,4,7,2,3,1,3,2,1,1,3,120000,1,3,2,0
1,9,2,2,1,1,1,3,2,1,1,3,1,1,2,19068,2,2,2,0
2,4,1,3,11,1,7,2,3,2,2,3,1,1,3,55000,1,3,2,0
2,12,1,4,1,1,7,2,3,1,3,3,1,1,3,40261,1,1,1,0
2,14,1,1,1,1,4,2,4,1,1,1,1,1,5,40549,3,2,2,0
1,12,1,1,1,1,1,1,4,1,2,1,1,1,3,618408,1,1,1,0
2,4,1,4,1,1,3,2,1,1,1,8,1,1,3,125000,1,3,2,0
2,12,1,1,3,2,5,2,2,1,1,2,2,1,3,76495,1,1,1,0
1,4,1,3,1,1,4,2,4,1,1,2,1,2,3,2000000,1,3,2,0
2,4,1,5,1,1,3,2,3,1,1,1,1,2,3,62400,1,3,2,0
2,7,2,4,1,2,5,1,3,1,1,6,1,1,1,13212,1,1,1,0
2,4,1,7,1,8,4,2,2,1,1,3,1,2,3,140000,1,3,2,0
2,12,2,1,1,1,7,2,1,1,1,1,1,1,3,62001,1,1,1,0
2,1,1,1,1,1,1,2,2,1,1,1,1,1,1,62507,1,1,1,0
1,1,1,3,1,1,3,2,3,1,1,2,1,2,1,33337,1,1,1,0
1,2,1,2,1,1,2,1,3,1,1,2,3,1,2,6262,2,2,2,0
1,4,1,1,6,1,2,2,4,1,1,1,1,1,3,75000,1,3,2,0
2,4,1,1,8,1,2,2,2,1,1,1,1,1,3,140000,1,3,2,0
2,7,1,2,1,1,2,1,2,2,1,3,6,1,1,631524,1,1,1,0
2,2,1,2,1,4,1,2,2,1,1,9,5,2,2,25830,2,2,2,0
2,2,1,1,3,2,5,2,3,2,1,8,1,1,2,3384,2,2,2,0
2,4,1,2,8,4,2,2,4,1,1,1,1,1,3,80000,1,3,2,0
2,2,1,1,1,8,7,1,1,1,1,1,3,2,2,19458,2,2,2,0
1,12,1,1,1,1,3,2,1,1,1,1,1,1,3,76495,1,1,1,0
2,2,1,1,1,1,5,3,2,1,2,1,3,1,2,10175,2,2,2,0
2,7,1,2,1,1,11,1,4,1,1,3,1,1,1,77104,1,1,1,0
2,4,1,1,3,1,3,1,2,1,1,3,1,1,3,200000,1,3,2,0
2,2,1,2,1,4,3,2,3,1,1,7,3,2,2,36005,2,2,2,0
2,15,1,1,1,1,3,2,3,1,1,3,1,1,2,79000,1,1,2,0
2,4,1,2,3,9,7,2,2,1,1,3,1,2,3,104000,1,3,2,0
1,20,1,1,2,1,5,2,3,2,1,1,1,1,1,1668,3,2,2,0
1,4,1,2,1,1,3,1,3,1,1,1,1,2,3,98000,1,3,2,0
2,8,1,2,1,1,7,1,4,1,1,3,6,2,1,30597,1,1,1,0
2,4,1,2,1,4,4,3,1,1,1,3,1,1,3,130000,1,3,2,0
2,5,3,5,8,11,5,3,4,1,1,2,1,1,1,8820,2,2,1,0
2,4,1,1,1,1,2,2,4,1,1,5,1,1,3,110000,1,3,2,0
1,10,1,3,8,1,11,2,2,1,1,8,1,1,4,59980,1,1,1,0
2,4,1,2,1,1,1,2,1,1,1,2,1,1,3,112000,1,3,2,0
2,19,1,2,1,2,11,2,4,1,1,1,1,1,1,85671,1,1,3,0
2,16,1,3,8,1,7,2,3,1,1,7,1,1,1,51408,1,1,3,0
2,1,1,7,1,4,11,3,2,1,1,3,1,1,1,55562,1,1,1,0
2,16,1,1,1,1,1,2,3,1,1,7,4,1,1,171343,1,1,3,0
2,12,1,3,1,4,2,2,2,1,1,2,1,1,3,57975,1,1,1,0
2,4,1,1,6,3,2,1,1,1,1,3,1,2,3,65000,1,3,2,0
2,2,1,2,1,1,3,1,1,1,1,1,3,2,2,18780,2,2,2,0
2,12,1,1,4,3,7,3,1,1,1,1,1,1,3,66430,1,1,1,0
2,4,1,1,8,1,2,1,4,1,1,1,6,2,3,75000,1,3,2,0
2,4,1,2,3,13,7,1,3,1,1,5,5,1,3,90000,1,3,2,0
2,1,1,2,3,8,7,2,4,1,1,3,1,1,1,80564,1,1,1,0
2,7,1,2,3,9,7,2,3,1,1,4,1,1,1,85671,1,1,1,0
2,17,1,5,1,1,7,2,2,1,1,2,1,1,1,27168,1,1,3,0
2,4,1,1,1,1,1,2,1,1,1,3,1,2,3,150000,1,3,2,0
2,4,1,1,1,1,7,1,1,1,1,2,1,1,3,115000,1,3,2,0
2,8,1,1,9,6,2,2,2,1,1,2,1,1,1,23496,1,1,1,0
2,2,1,1,1,6,2,3,3,1,1,3,1,1,2,10332,2,2,2,0
2,5,1,2,5,1,3,2,2,1,1,3,1,1,1,22932,2,2,1,0
1,1,1,1,7,1,10,2,3,1,1,3,1,2,1,48616,1,1,1,0
2,15,1,3,1,1,3,3,3,1,1,1,1,2,2,24576,1,1,2,0
2,2,1,1,3,2,2,2,4,1,1,8,3,1,2,15348,2,2,2,0
2,11,1,2,5,8,3,2,3,1,1,3,3,1,1,57522,1,1,1,0
1,9,2,1,1,17,2,2,2,1,1,7,1,1,2,14304,2,2,2,0
2,4,3,3,11,1,2,2,3,1,1,2,1,2,3,62400,1,3,2,0
2,17,1,2,5,1,2,2,3,1,1,3,1,1,1,70138,1,1,3,0
2,15,1,2,8,1,7,1,3,1,1,1,1,2,2,49152,1,1,2,0
1,2,1,1,1,1,1,2,4,1,1,1,1,2,2,15654,2,2,2,0
2,3,1,7,5,1,3,2,1,1,1,3,1,1,1,149712,1,1,3,0
2,4,1,2,2,14,2,1,2,1,1,5,1,2,3,150000,1,3,2,0
1,3,1,3,1,1,3,3,2,1,1,2,1,1,1,59880,1,1,3,0
2,1,1,2,1,7,4,2,4,1,2,1,1,1,1,62507,1,1,1,0
2,7,1,3,2,1,2,2,2,1,1,7,1,2,1,91791,1,1,1,0
2,4,1,1,1,1,7,2,3,1,3,1,1,1,3,87000,1,3,2,0
2,4,1,7,1,8,7,1,2,1,1,5,1,2,3,110000,1,3,2,0
2,2,2,1,3,1,3,2,3,1,1,8,3,2,2,35379,2,2,2,0
1,2,1,1,1,4,2,3,2,1,1,3,1,1,2,8448,2,2,2,0
2,4,1,1,3,7,7,1,3,1,1,3,1,2,3,68000,1,3,2,0
2,13,1,5,5,4,7,3,4,1,1,1,1,1,1,63642,1,1,1,0
2,7,1,2,1,1,2,2,2,1,1,3,3,1,1,61194,1,1,1,0
2,1,1,1,1,3,3,1,3,1,1,3,1,1,1,61118,1,1,1,0
1,4,1,1,1,1,1,3,3,1,2,8,1,1,3,38000,1,3,2,0
1,4,1,1,8,1,7,2,3,1,1,1,1,2,3,67000,1,3,2,0
2,2,1,1,3,1,2,2,2,1,1,3,6,2,2,11268,2,2,2,0
2,6,1,6,1,9,1,2,4,1,1,5,1,1,1,31848,2,2,2,0
2,4,3,2,1,1,3,1,4,1,1,8,1,2,3,100000,1,3,2,0
2,11,1,2,8,1,7,2,3,1,1,1,1,1,1,44060,1,1,1,0
2,13,3,1,1,3,7,3,3,1,1,1,1,1,1,6372,1,1,1,0
2,7,1,1,1,6,7,1,2,1,1,3,1,1,1,67313,1,1,1,0
1,1,1,2,3,4,5,2,3,2,3,9,6,1,1,566724,1,1,1,0
2,16,1,2,7,10,1,2,4,1,1,2,1,1,1,23496,1,1,3,0
2,4,1,4,3,1,9,2,2,1,1,1,1,1,3,90000,1,3,2,0
2,12,1,1,1,1,7,2,4,1,1,7,2,1,3,20292,1,1,1,0
2,4,2,1,8,4,3,3,1,1,1,1,1,1,3,1320000,1,3,2,0
2,8,1,3,9,18,5,2,3,1,1,8,1,1,1,7344,1,1,1,0
2,4,1,1,1,2,7,2,4,1,1,2,1,2,3,100000,1,3,2,0
2,4,1,4,8,15,5,2,2,1,1,8,2,2,3,56000,1,3,2,0
2,1,1,1,1,1,7,2,2,1,1,2,1,1,1,45838,1,1,1,0
2,4,1,1,4,15,1,1,4,1,1,1,1,1,3,103000,1,3,2,0
2,2,1,1,1,4,7,2,4,1,1,7,3,1,2,18780,2,2,2,0
2,4,1,1,1,2,7,1,3,1,1,1,1,1,3,78500,1,3,2,0
2,4,1,1,1,1,11,3,3,1,1,8,1,1,3,88580,1,3,2,0
2,6,1,1,1,1,7,2,2,1,1,2,1,1,1,4884,2,2,2,0
2,16,1,3,1,1,3,3,2,1,1,8,1,1,1,44064,1,1,3,0
1,4,1,1,1,12,2,2,2,2,1,4,1,2,3,90000,1,3,2,0
2,14,1,3,1,1,7,2,2,1,1,9,1,1,5,17400,3,2,2,0
2,2,1,1,3,1,7,1,2,1,1,3,4,2,2,338136,2,2,2,0
2,3,1,1,1,4,3,1,2,1,1,7,6,1,1,64380,1,1,3,0
2,4,1,2,3,1,7,2,2,1,1,3,3,1,3,82000,1,3,2,0
1,10,1,1,1,1,1,2,4,1,1,1,1,1,4,67977,1,1,1,0
2,4,1,3,3,1,11,2,2,1,1,3,1,1,3,108000,1,3,2,0
2,19,1,2,1,1,11,2,1,1,1,3,1,2,1,73433,1,1,3,0
2,7,1,2,1,3,4,1,3,1,1,3,1,1,1,79552,1,1,1,0
2,4,2,2,8,1,2,2,2,1,1,3,6,1,3,30720,1,3,2,0
2,7,1,4,1,1,4,3,3,1,1,2,1,1,1,55075,1,1,1,0
2,11,1,2,1,1,4,2,4,1,1,3,1,1,1,734328,1,1,1,0
2,1,2,5,1,1,1,1,1,1,1,8,1,2,1,62507,1,1,1,0
2,2,1,1,1,1,2,2,3,1,1,7,3,1,2,4692,2,2,2,0
1,1,1,1,4,3,5,1,4,1,1,1,1,1,1,58340,1,1,1,0
2,1,1,2,6,17,3,2,3,1,1,2,1,1,1,48616,1,1,1,0
2,13,1,7,1,1,3,2,2,1,1,2,1,1,1,53851,1,1,1,0
1,20,1,2,1,1,2,2,4,1,1,3,1,1,1,3600,3,2,2,0
2,6,1,2,5,1,4,2,2,1,1,1,1,1,1,40332,2,2,2,0
2,1,1,2,5,8,7,2,4,1,1,1,1,1,1,76397,1,1,1,0
1,6,1,4,8,3,2,1,4,1,1,6,1,1,1,9552,2,2,2,0
2,7,1,2,7,14,2,1,3,1,1,2,1,1,1,58752,1,1,1,0
2,4,3,2,5,14,2,2,1,2,1,6,1,1,3,70000,1,3,2,0
2,16,1,2,1,3,7,2,2,1,1,1,1,2,1,53532,1,1,3,0
2,1,1,1,1,9,11,1,2,1,1,1,1,1,1,43060,1,1,1,0
2,4,1,1,2,8,2,2,3,1,1,6,1,1,3,55000,1,3,2,0
1,4,1,1,8,1,7,3,2,1,2,3,5,1,3,2000000,1,3,2,0
2,16,1,1,1,1,1,2,4,1,1,1,1,1,1,48955,1,1,3,0
2,4,2,1,8,12,4,2,2,1,1,3,6,2,3,61000,1,3,2,0
2,2,1,1,1,1,7,2,3,1,1,7,3,1,2,18785,2,2,2,0
1,2,1,1,3,9,2,1,3,1,1,1,1,2,2,15654,2,2,2,0
2,2,1,3,1,1,7,1,3,1,1,9,1,1,2,7827,2,2,2,0
2,4,1,1,9,12,7,1,3,1,1,6,1,2,3,58000,1,3,2,0
2,1,1,2,1,2,7,1,3,1,1,3,1,2,1,125014,1,1,1,0
2,14,1,1,1,7,1,2,2,1,1,1,2,2,5,34311,3,2,2,0
2,7,1,2,6,14,2,2,2,1,1,3,1,1,1,69761,1,1,1,0
2,4,1,1,1,1,1,2,3,1,1,8,1,2,3,120000,1,3,2,0
2,14,1,1,1,1,7,3,4,1,1,1,2,2,5,22452,3,2,2,0
2,4,1,2,1,9,4,2,4,1,1,1,1,1,3,117800,1,3,2,0
1,1,1,2,1,1,7,1,2,1,1,2,1,1,1,37504,1,1,1,0
2,4,1,1,4,1,2,2,2,1,1,3,1,1,3,127000,1,3,2,0
2,19,2,1,1,1,1,2,3,1,1,2,1,2,1,54336,1,1,3,0
2,4,1,1,8,1,7,2,2,1,1,3,1,2,3,103000,1,3,2,0
2,2,2,2,1,9,2,1,1,1,1,3,3,2,2,5636,2,2,2,0
2,3,1,2,7,1,11,2,2,1,1,3,1,2,1,67368,1,1,3,0
2,4,1,3,11,3,2,2,2,1,2,3,1,1,3,50000,1,3,2,0
2,4,1,1,1,10,2,1,3,1,1,1,1,1,3,90000,1,3,2,0
2,12,1,6,1,1,3,2,2,1,1,3,1,1,3,40261,1,1,1,0
2,18,1,2,3,1,5,2,2,1,1,8,1,1,1,91968,1,1,3,0
2,10,3,3,1,1,4,2,4,1,1,2,1,1,4,95968,1,1,1,0
1,4,3,6,5,14,2,3,3,1,1,1,1,1,3,72000,1,3,2,0
2,17,1,5,4,1,2,2,4,1,1,4,1,1,1,33048,1,1,3,0
2,6,1,2,3,15,7,1,3,1,1,3,1,2,1,36084,2,2,2,0
2,3,1,3,1,4,3,2,3,1,1,3,6,1,1,37428,1,1,3,0
2,1,1,4,6,14,5,1,1,1,1,9,1,2,1,33337,1,1,1,0
2,4,1,3,4,1,2,2,3,1,1,2,1,1,3,80000,1,3,2,0
2,4,1,4,1,1,2,2,2,1,1,9,2,2,3,60000,1,3,2,0
2,13,1,1,1,15,1,1,4,1,1,3,2,1,1,48955,1,1,1,0
1,4,1,1,1,1,3,2,1,1,1,3,1,1,3,173200,1,3,2,0
1,4,1,1,3,14,7,3,1,1,1,4,1,1,3,150000,1,3,2,0
2,15,1,1,1,1,3,2,4,1,1,6,1,1,2,84264,1,1,2,0
2,1,1,3,8,1,2,3,2,1,1,2,1,1,1,41671,1,1,1,0
2,4,1,2,3,1,1,2,1,1,1,3,1,1,3,225000,1,3,2,0
2,8,1,2,1,2,4,1,4,1,1,8,1,1,1,42888,1,1,1,0
2,2,1,1,1,7,7,2,4,1,1,1,1,1,2,16908,2,2,2,0
1,13,1,1,1,1,7,3,3,1,1,1,1,1,1,20194,1,1,1,0
2,7,1,2,1,1,7,1,4,1,1,3,1,1,1,76492,1,1,1,0
2,2,1,1,3,14,2,2,3,1,1,7,3,2,2,12524,2,2,2,0
2,11,1,2,1,1,1,2,4,1,1,3,1,1,1,51408,1,1,1,0
2,18,3,1,1,4,7,2,3,1,1,3,1,2,1,58746,1,1,3,0
2,13,1,1,1,1,7,2,2,1,1,2,1,2,1,42836,1,1,1,0
2,5,1,2,1,7,1,1,2,1,1,8,1,1,1,28236,2,2,1,0
2,4,1,3,1,11,2,2,2,1,1,6,1,1,3,30000,1,3,2,0
2,4,1,2,8,1,3,2,3,1,1,3,1,2,3,118000,1,3,2,0
2,11,2,2,1,1,2,2,4,1,1,4,2,1,1,42836,1,1,1,0
2,1,1,2,1,1,4,2,3,1,1,2,1,2,1,56052,1,1,1,0
2,4,1,2,1,5,4,3,2,1,1,1,2,1,3,162849,1,3,2,0
1,4,1,1,1,9,7,1,3,2,1,1,1,1,3,57000,1,3,2,0
2,4,1,1,7,1,1,2,1,1,1,3,1,1,3,120000,1,3,2,0
2,18,1,1,1,1,1,2,3,1,1,3,1,1,1,93842,1,1,3,0
2,2,1,1,1,1,2,1,1,1,1,1,6,2,2,187848,2,2,2,0
2,4,1,1,1,9,2,2,4,1,1,1,1,1,3,91000,1,3,2,0
2,7,2,2,1,4,5,2,4,1,1,3,1,1,1,55075,1,1,1,0
2,7,1,2,1,2,4,2,2,1,1,2,1,1,1,55075,1,1,1,0
2,2,1,1,8,1,7,2,4,1,1,1,3,1,2,9784,2,2,2,0
2,4,1,1,4,8,7,2,4,1,1,3,1,1,3,340000,1,3,2,0
2,4,1,1,8,1,7,2,3,1,1,2,1,1,3,52000,1,3,2,0
2,2,1,2,3,1,1,2,1,1,1,1,3,2,2,25047,2,2,2,0
1,2,1,1,1,1,1,1,3,2,1,9,3,2,2,26676,2,2,2,0
2,4,1,4,1,1,2,2,3,1,1,3,1,2,3,76000,1,3,2,0
2,7,1,1,1,1,3,3,2,1,1,1,1,1,1,32316,1,1,1,0
2,18,1,1,8,4,3,2,1,1,1,1,1,2,1,101914,1,1,3,0
2,1,1,2,7,1,1,2,1,1,1,2,6,1,1,44449,1,1,1,0
1,1,1,2,5,4,2,1,2,1,1,3,1,1,1,41671,1,1,1,0
1,9,1,1,5,2,1,1,2,1,1,1,1,1,2,4764,2,2,2,0
2,1,1,2,3,7,1,2,3,1,1,2,1,1,1,44797,1,1,1,0
2,1,1,1,1,7,11,1,1,1,1,1,1,2,1,59266,1,1,1,0
2,4,1,1,6,1,2,2,3,1,1,1,1,1,3,115000,1,3,2,0
2,3,1,4,8,3,4,2,3,1,1,8,1,1,1,64380,1,1,3,0
2,2,2,2,1,4,7,2,2,1,1,3,1,1,2,14872,2,2,2,0
1,4,1,1,12,3,1,3,3,1,1,1,1,1,3,110000,1,3,2,0
2,1,1,1,1,1,2,1,3,1,1,4,1,1,1,41671,1,1,1,0
1,1,1,1,1,4,7,2,2,1,1,2,1,1,1,83481,1,1,1,0
2,1,1,1,1,1,7,2,1,1,1,1,1,1,1,58340,1,1,1,0
2,7,1,5,1,1,3,3,3,1,1,1,1,1,1,46992,1,1,1,0
2,7,2,3,8,1,3,2,3,1,1,5,1,1,1,66084,1,1,1,0
2,12,1,1,1,1,1,3,3,1,1,2,1,1,3,72469,1,1,1,0
2,12,1,4,11,1,7,2,2,1,1,2,1,1,3,44287,1,1,1,0
2,7,1,2,2,3,5,1,1,1,1,2,4,2,1,46507,1,1,1,0
2,2,1,1,8,15,7,2,3,1,1,1,1,1,2,14872,2,2,2,0
2,4,1,1,7,1,2,2,2,1,1,2,4,1,3,62500,1,3,2,0
1,4,1,1,1,4,11,2,2,1,1,1,3,2,3,110000,1,3,2,0
2,4,2,4,1,1,1,2,2,1,1,5,1,1,3,54000,1,3,2,0
2,4,1,2,1,1,11,3,3,1,1,1,1,2,3,180000,1,3,2,0
1,2,1,1,3,4,3,1,3,1,1,2,3,2,2,18780,2,2,2,0
2,1,1,1,8,1,7,3,1,1,1,8,1,1,1,52089,1,1,1,0
2,4,1,2,1,1,4,1,2,1,1,2,3,1,3,90000,1,3,2,0
2,4,1,1,1,4,3,1,2,1,1,1,1,1,3,110000,1,3,2,0
2,11,1,2,2,1,2,1,3,1,1,1,1,1,1,50179,1,1,1,0
2,4,1,4,8,1,3,2,4,1,1,7,1,1,3,56000,1,3,2,0
1,8,1,3,1,1,4,1,2,1,1,2,1,1,1,26436,1,1,1,0
2,5,3,1,1,1,7,3,2,1,1,2,1,1,1,30000,2,2,1,0
2,16,1,4,12,1,4,2,4,1,1,2,1,1,1,38184,1,1,3,0
1,4,1,1,1,1,2,1,4,1,1,2,6,1,3,74000,1,3,2,0
2,1,1,2,5,1,1,1,2,1,1,4,1,2,1,69452,1,1,1,0
2,13,3,1,1,3,1,2,3,1,1,2,1,1,1,19582,1,1,1,0
2,1,2,2,1,1,3,3,3,1,1,3,1,1,1,916764,1,1,1,0
2,16,1,3,1,4,1,3,3,1,1,4,1,1,1,34032,1,1,3,0
2,2,1,1,12,3,2,3,3,1,1,4,1,1,2,15654,2,2,2,0
2,4,1,2,7,14,4,2,4,2,1,2,7,2,3,80527,1,3,2,0
2,1,3,1,7,1,2,2,3,1,1,2,1,1,1,57645,1,1,1,0
2,16,1,2,3,3,4,2,2,1,1,1,1,1,1,55075,1,1,3,0
1,2,2,2,1,4,7,1,3,1,1,9,3,2,2,15028,2,2,2,0
1,4,1,1,1,1,7,1,4,1,1,1,1,1,3,96000,1,3,2,0
2,19,1,2,1,1,3,2,4,1,1,2,1,1,1,881196,1,1,3,0
2,4,1,1,1,1,3,3,3,1,1,1,1,1,3,94000,1,3,2,0
2,4,1,1,1,1,1,3,3,1,1,8,1,1,3,90000,1,3,2,0
1,4,1,1,2,1,4,2,4,1,1,1,1,1,3,160000,1,3,2,0
2,4,1,3,1,1,1,2,3,1,1,2,1,1,3,70000,1,3,2,0
2,12,1,3,12,1,4,5,2,1,1,8,1,1,3,40261,1,1,1,0
2,1,1,2,3,1,1,2,3,2,2,8,1,1,1,104178,1,1,1,0
2,4,3,1,1,1,7,1,2,1,2,1,7,1,3,75000,1,3,2,0
1,4,1,1,8,1,7,1,2,1,1,8,1,1,3,95000,1,3,2,0
1,16,1,2,1,1,2,2,4,2,3,2,2,1,1,48955,1,1,3,0
1,4,1,8,1,1,3,1,1,1,1,1,1,2,3,84000,1,3,2,0
2,11,1,2,3,1,2,2,1,1,1,3,1,1,1,30597,1,1,1,0
2,2,1,1,1,1,7,2,1,1,1,1,3,1,2,2256,2,2,2,0
2,4,1,1,2,1,4,2,4,2,2,6,1,1,3,90000,1,3,2,0
2,4,1,2,6,4,2,2,4,1,1,1,1,1,3,135000,1,3,2,0
2,4,1,1,1,3,3,2,3,1,1,1,1,1,3,115000,1,3,2,0
1,4,1,1,5,4,1,2,3,1,1,1,1,1,3,52500,1,3,2,0
2,7,1,1,3,3,2,2,2,2,2,1,3,1,1,55080,1,1,1,0
2,14,1,1,1,1,7,2,4,1,1,2,1,1,5,1000000,3,2,2,0
2,18,1,1,1,1,4,2,2,1,1,3,1,1,1,110109,1,1,3,0
2,2,1,1,3,1,7,2,3,1,1,3,1,2,2,7140,2,2,2,0
2,11,1,2,6,1,2,1,3,1,1,7,1,2,1,55075,1,1,1,0
2,4,1,1,1,1,2,2,1,1,2,5,1,1,3,100000,1,3,2,0
1,4,1,3,1,1,5,2,4,1,1,8,7,1,3,74500,1,3,2,0
2,2,1,2,1,1,1,2,4,1,1,3,3,1,2,25830,2,2,2,0
2,2,1,1,1,4,2,2,2,1,1,1,3,1,2,6575,2,2,2,0
2,4,1,1,12,1,4,2,4,1,1,1,1,1,3,0,1,3,2,0
1,9,2,1,1,1,7,2,1,2,1,2,4,1,2,16848,2,2,2,0
2,14,1,1,1,4,3,2,4,1,1,9,1,1,5,32751,3,2,2,0
2,12,1,3,12,1,4,2,3,1,1,1,1,2,3,40261,1,1,1,0
2,11,1,2,10,1,1,1,2,1,3,4,1,1,1,67313,1,1,1,0
2,4,1,3,1,1,7,2,4,1,1,6,1,1,3,115000,1,3,2,0
1,7,2,1,1,1,2,1,4,1,1,1,1,1,1,17628,1,1,1,0
1,1,1,2,1,1,2,1,2,1,1,1,1,1,1,52228,1,1,1,0
2,1,1,1,1,4,1,2,3,1,1,1,1,2,1,69452,1,1,1,0
2,7,1,1,1,2,2,1,3,1,1,1,1,1,1,73433,1,1,1,0
2,5,1,2,1,1,1,2,3,1,1,3,1,1,1,58584,2,2,1,0
1,12,1,1,1,1,1,3,2,1,1,2,1,1,3,38650,1,1,1,0
2,7,1,1,1,1,4,2,2,1,1,1,1,1,1,67313,1,1,1,0
2,16,1,7,7,8,7,1,3,2,2,3,1,1,1,79552,1,1,3,0
2,4,1,3,1,6,11,3,3,1,1,1,1,1,3,120000,1,3,2,0
2,7,1,2,1,1,7,2,2,1,1,2,1,1,1,64866,1,1,1,0
1,12,1,1,1,3,3,2,3,1,1,7,6,2,3,724692,1,1,1,0
1,14,1,2,1,1,7,1,3,1,1,1,1,1,5,27960,3,2,2,0
2,13,1,1,1,1,4,1,4,1,1,1,2,1,1,51403,1,1,1,0
2,4,1,1,1,6,3,1,2,1,1,1,6,1,3,107000,1,3,2,0
2,4,1,2,9,1,7,1,2,2,2,8,1,1,3,65520,1,3,2,0
2,11,1,2,1,1,1,1,3,1,2,4,1,1,1,45283,1,1,1,0
2,7,1,1,1,1,7,2,3,1,1,4,1,1,1,61194,1,1,1,0
2,16,1,1,1,4,7,2,3,1,1,1,1,1,1,35016,1,1,3,0
2,11,1,3,1,1,1,3,2,1,1,3,1,1,1,367164,1,1,1,0
2,3,1,2,1,3,1,1,3,1,1,4,1,1,1,53892,1,1,3,0
2,4,3,2,1,7,7,1,4,1,1,1,1,1,3,99000,1,3,2,0
1,2,1,1,8,1,7,2,1,1,1,1,1,1,2,1565,2,2,2,0
2,4,1,1,1,2,7,2,4,1,1,3,2,1,3,90000,1,3,2,0
2,4,1,1,1,1,7,3,2,1,1,2,1,1,3,98000,1,3,2,0
2,20,1,2,4,1,7,1,1,1,1,8,1,2,1,30000,3,2,2,0
1,2,2,1,1,1,2,2,3,1,1,1,1,2,2,12993,2,2,2,0
2,1,1,2,1,1,4,3,3,1,1,3,3,2,1,40977,1,1,1,0
1,4,1,1,2,3,2,1,2,1,1,3,1,1,3,110000,1,3,2,0
2,7,1,1,5,1,2,1,2,1,1,1,1,2,1,61194,1,1,1,0
2,11,1,2,6,14,3,2,4,1,1,3,1,1,1,61194,1,1,1,0
2,4,1,3,8,1,2,1,2,1,1,1,1,1,3,62000,1,3,2,0
2,12,1,1,1,1,3,2,2,1,1,1,1,2,3,70859,1,1,1,0
1,2,1,1,1,1,3,1,4,1,1,2,3,1,2,178272,2,2,2,0
2,1,3,3,12,3,7,1,2,1,1,8,1,1,1,550056,1,1,1,0
2,15,1,1,1,1,2,2,2,1,1,1,4,1,2,80748,1,1,2,0
1,15,1,1,1,3,7,1,3,1,1,2,1,1,2,94788,1,1,2,0
2,15,1,1,1,3,1,2,3,2,1,2,4,2,2,96552,1,1,2,0
2,2,1,1,8,1,7,3,3,1,1,7,3,1,2,20351,2,2,2,0
2,11,1,2,1,4,1,2,3,1,1,3,1,1,1,67313,1,1,1,0
2,1,1,5,1,1,1,2,3,1,1,2,1,1,1,683412,1,1,1,0
2,6,1,3,1,7,7,2,3,1,1,5,1,1,1,21228,2,2,2,0
2,4,1,2,3,1,1,3,3,1,1,3,1,1,3,125000,1,3,2,0
2,8,1,5,1,2,2,2,2,1,1,2,2,1,1,35492,1,1,1,0
2,13,1,3,1,3,3,2,4,1,1,1,1,1,1,37940,1,1,1,0
2,4,1,1,5,8,7,1,1,1,1,1,1,1,3,115000,1,3,2,0
2,1,1,1,1,3,1,3,1,1,1,3,1,1,1,43755,1,1,1,0
2,7,3,1,1,1,4,1,4,1,1,1,5,2,1,26436,1,1,1,0
2,4,1,1,1,1,11,2,2,1,1,3,1,2,3,82226,1,3,2,0
2,14,1,2,8,4,2,2,3,1,1,1,1,2,5,194640,3,2,2,0
2,3,1,3,1,1,7,2,4,1,1,5,1,1,1,49404,1,1,3,0
2,1,1,3,1,1,3,2,3,1,1,2,1,2,1,59729,1,1,1,0
2,4,1,4,12,3,7,1,4,1,2,4,1,2,3,250000,1,3,2,0
2,7,1,1,1,4,2,2,2,1,1,3,1,1,1,59970,1,1,1,0
2,18,1,7,1,1,1,1,4,1,1,8,1,1,1,118716,1,1,3,0
2,2,1,1,1,2,2,2,3,1,1,3,1,2,2,23482,2,2,2,0
2,4,1,2,3,1,2,2,2,1,1,1,1,1,3,1176000,1,3,2,0
2,4,1,3,3,1,3,2,2,1,1,5,1,1,3,220000,1,3,2,0
2,3,1,1,1,1,11,2,4,1,1,8,1,2,1,65868,1,1,3,0
2,2,1,1,1,1,7,1,3,1,1,7,3,1,2,15024,2,2,2,0
2,4,1,1,3,1,5,2,2,1,1,1,1,1,3,2000000,1,3,2,0
1,4,1,1,1,1,1,3,1,1,1,1,1,1,3,88000,1,3,2,0
2,4,1,1,1,1,3,3,2,1,2,1,1,1,3,78600,1,3,2,0
1,7,1,2,6,14,2,2,4,1,1,2,1,1,1,44064,1,1,1,0
1,8,1,7,1,1,11,1,4,1,1,4,1,2,1,44064,1,1,1,0
1,4,3,2,1,1,11,1,1,1,1,5,2,1,3,106000,1,3,2,0
2,4,1,1,1,1,7,1,3,1,1,3,1,2,3,85000,1,3,2,0
1,1,1,1,1,14,1,2,3,1,1,1,1,1,1,466716,1,1,1,0
2,7,1,1,1,1,4,3,3,1,1,5,1,1,1,675576,1,1,1,0
2,12,1,1,1,4,11,3,4,2,3,2,1,1,3,76495,1,1,1,0
2,7,2,1,1,1,7,2,4,1,1,3,1,1,1,22032,1,1,1,0
2,1,1,2,1,2,1,2,3,1,1,2,1,1,1,97233,1,1,1,0
2,7,2,7,1,8,3,1,4,1,1,4,1,1,1,1000000,1,1,1,0
2,11,1,2,1,1,11,3,4,1,1,6,1,1,1,55075,1,1,1,0
1,4,1,1,1,1,2,2,3,1,1,6,1,1,3,79000,1,3,2,0
2,7,2,2,1,1,7,2,2,1,1,3,6,1,1,58746,1,1,1,0
2,7,1,3,1,9,7,1,2,1,1,6,1,1,1,45283,1,1,1,0
1,2,1,1,1,1,3,2,4,1,1,1,3,2,2,54790,2,2,2,0
2,4,1,1,2,4,1,1,2,1,1,4,1,1,3,89000,1,3,2,0
1,2,1,2,1,11,7,1,3,2,1,6,3,1,2,14089,2,2,2,0
2,2,1,1,1,6,7,1,1,1,1,8,3,1,2,12837,2,2,2,0
2,12,1,1,5,4,2,2,2,1,1,1,1,1,3,72469,1,1,1,0
2,9,1,1,1,4,7,1,2,1,1,1,1,1,2,13668,2,2,2,0
2,7,1,2,1,13,3,2,3,1,1,7,1,1,1,60216,1,1,1,0
2,4,1,1,1,1,11,2,1,1,1,3,1,1,3,400000,1,3,2,0
2,4,1,1,2,14,5,2,1,1,1,1,1,1,3,50000,1,3,2,0
2,7,1,1,5,1,2,2,1,2,1,1,1,1,1,61194,1,1,1,0
2,17,1,2,1,1,1,2,2,1,1,3,1,1,1,51648,1,1,3,0
2,4,1,1,1,1,1,2,1,1,1,1,1,1,3,150000,1,3,2,0
1,2,1,2,5,2,2,1,2,1,4,1,3,1,2,9393,2,2,2,0
2,12,1,1,1,1,3,1,2,1,1,8,1,1,3,66027,1,1,1,0
2,2,1,1,3,1,2,3,2,1,1,1,1,1,2,9396,2,2,2,0
1,15,2,1,1,3,2,2,2,1,1,1,1,1,2,84264,1,1,2,0
2,5,1,1,1,2,3,2,3,1,1,1,1,1,1,13404,2,2,1,0
2,2,2,2,1,1,2,2,1,1,1,3,1,1,2,9960,2,2,2,0
2,2,2,2,5,1,7,2,3,1,1,1,3,1,2,12524,2,2,2,0
2,12,1,1,1,4,7,1,4,1,1,1,1,1,3,40261,1,1,1,0
2,4,1,2,1,1,4,2,3,1,1,3,1,2,3,125000,1,3,2,0
2,17,2,2,1,1,1,1,3,1,1,4,1,1,1,61194,1,1,3,0
2,20,1,1,1,7,7,2,3,1,1,8,1,2,1,4800,3,2,2,0
2,1,1,1,6,1,10,2,3,1,2,2,1,1,1,83342,1,1,1,0
1,1,3,1,2,14,2,2,2,1,1,7,2,1,1,38199,1,1,1,0
2,4,1,2,3,8,7,1,2,1,1,3,1,1,3,78300,1,3,2,0
2,12,1,1,1,14,3,2,1,1,1,3,1,1,3,96626,1,1,1,0
2,4,1,1,1,4,7,2,4,1,1,1,1,2,3,90000,1,3,2,0
2,2,1,2,3,1,1,1,3,1,1,7,6,1,2,26304,2,2,2,0
2,19,1,2,1,1,4,2,2,1,1,1,1,1,1,55075,1,1,3,0
1,4,2,7,5,8,7,1,2,1,1,3,2,1,3,130000,1,3,2,0
2,2,1,1,1,1,7,1,4,1,1,1,3,1,2,9393,2,2,2,0
2,2,1,2,1,2,7,2,3,1,1,7,1,2,2,6204,2,2,2,0
1,7,1,2,1,1,7,1,2,2,1,2,1,1,1,57276,1,1,1,0
2,10,1,1,1,3,7,1,2,1,1,1,1,1,4,63979,1,1,1,0
2,1,1,1,1,1,1,3,2,1,1,3,1,1,1,111123,1,1,1,0
2,4,1,4,9,1,7,3,2,1,1,2,1,2,3,63000,1,3,2,0
2,3,1,3,12,1,4,1,3,1,1,2,1,2,1,67368,1,1,3,0
2,11,1,2,1,2,1,1,1,1,1,3,1,1,1,41856,1,1,1,0
2,1,1,1,1,1,3,1,2,1,1,8,1,2,1,94455,1,1,1,0
2,6,1,1,5,1,7,2,3,1,1,2,1,2,1,12732,2,2,2,0
2,2,1,1,3,14,7,2,3,1,1,3,3,2,2,12398,2,2,2,0
1,6,1,2,1,1,1,1,1,1,1,3,1,1,1,42456,2,2,2,0
2,4,1,1,1,1,3,2,3,1,3,1,1,1,3,110000,1,3,2,0
2,12,1,5,1,1,1,2,1,1,1,2,1,1,3,77300,1,1,1,0
2,4,1,7,1,16,4,2,1,2,2,8,1,1,3,143328,1,3,2,0
2,7,3,2,1,4,1,2,2,1,1,5,1,1,1,17628,1,1,1,0
2,4,1,1,1,1,1,2,2,1,1,3,6,1,3,160000,1,3,2,0
2,4,1,1,7,1,3,2,3,1,1,8,1,1,3,91000,1,3,2,0
2,12,1,1,1,1,2,2,2,1,1,8,1,2,3,45293,1,1,1,0
2,4,1,2,3,1,3,2,1,1,1,4,1,1,3,105000,1,3,2,0
1,20,1,1,1,1,7,2,2,1,4,2,6,2,1,24000,3,2,2,0
2,4,1,1,6,1,7,2,4,1,1,1,5,1,3,147000,1,3,2,0
2,4,1,1,4,1,2,2,2,2,2,5,1,1,3,102000,1,3,2,0
1,9,1,1,1,1,5,1,4,1,1,1,1,1,2,12000,2,2,2,0
2,4,1,1,1,1,7,1,2,1,1,3,1,1,3,82000,1,3,2,0
2,12,3,1,1,3,7,2,2,1,1,3,1,2,3,47910,1,1,1,0
2,9,1,1,1,1,2,2,2,1,1,2,1,1,2,22782,2,2,2,0
2,2,1,2,1,1,7,2,1,1,1,3,3,1,2,3912,2,2,2,0
2,10,1,1,1,1,3,2,3,1,2,1,1,2,4,806124,1,1,1,0
1,4,1,2,1,1,1,2,3,1,1,1,1,1,3,104000,1,3,2,0
1,10,1,1,1,1,1,2,2,1,1,1,6,1,4,51983,1,1,1,0
2,18,1,3,1,1,1,1,4,1,1,1,1,1,1,93842,1,1,3,0
2,12,1,1,1,4,7,2,1,1,1,3,1,2,3,33819,1,1,1,0
2,2,1,1,1,3,7,2,4,1,1,2,1,1,2,209520,2,2,2,0
2,2,1,1,1,3,7,2,4,1,4,1,1,2,2,9396,2,2,2,0
2,4,2,7,3,8,2,4,2,1,1,8,1,1,3,24000,1,3,2,1
1,2,1,1,8,1,2,2,3,1,1,2,3,2,2,6418,2,2,2,0
2,1,1,1,2,1,2,2,4,2,3,5,1,1,1,65285,1,1,1,0
2,4,1,1,1,1,3,1,2,1,1,3,1,2,3,110000,1,3,2,0
2,4,1,1,1,1,2,1,2,1,1,1,1,1,3,85000,1,3,2,0
2,14,1,1,8,1,7,2,1,1,1,2,1,1,5,14976,3,2,2,0
1,13,1,4,11,9,2,2,2,1,1,7,1,1,1,18358,1,1,1,0
2,7,3,1,4,15,7,2,1,1,1,6,1,2,1,881196,1,1,1,0
1,1,1,3,1,2,2,1,2,2,1,5,1,1,1,65979,1,1,1,0
2,4,1,7,7,14,7,1,2,1,1,8,1,2,3,60000,1,3,2,0
2,4,1,1,1,1,7,2,2,1,1,6,1,2,3,80000,1,3,2,0
2,7,1,2,3,2,7,1,2,2,1,5,1,1,1,55075,1,1,1,0
1,2,1,1,8,1,7,3,3,1,1,3,5,1,2,20038,2,2,2,0
2,20,1,1,1,2,2,2,3,1,1,4,1,2,1,18792,3,2,2,0
2,12,2,2,1,4,5,2,4,1,1,1,6,1,3,64417,1,1,1,0
2,1,1,1,1,1,7,2,4,1,1,3,1,1,1,750084,1,1,1,0
2,7,1,3,8,1,3,1,3,1,1,3,1,1,1,52504,1,1,1,0
1,7,1,5,8,3,7,2,3,1,1,2,1,1,1,32310,1,1,1,0
2,4,1,3,7,1,7,1,2,1,1,1,1,2,3,104000,1,3,2,0
1,4,1,1,9,6,7,2,4,2,1,6,1,1,3,82500,1,3,2,0
2,5,3,3,1,1,1,2,3,1,1,2,1,1,1,25404,2,2,1,0
1,4,1,1,5,4,7,2,4,2,1,3,1,1,3,85000,1,3,2,0
2,4,1,1,8,10,5,2,3,1,1,2,1,2,3,40000,1,3,2,0
2,10,1,2,1,1,3,3,3,1,1,3,3,2,4,75975,1,1,1,0
2,12,1,1,1,1,7,1,4,1,1,2,1,1,3,48313,1,1,1,0
2,9,2,4,1,1,2,1,1,1,1,2,1,1,2,12000,2,2,2,0
2,10,1,1,8,1,1,3,4,1,1,6,3,1,4,71976,1,1,1,0
2,7,1,2,7,8,7,2,4,1,1,1,1,1,1,62418,1,1,1,0
1,4,1,1,1,2,2,1,1,1,2,6,5,1,3,100000,1,3,2,0
2,4,1,3,1,1,8,1,3,1,2,8,1,1,3,5000,1,3,2,0
1,3,1,2,1,2,7,4,3,1,1,1,1,1,1,74856,1,1,3,1
2,4,1,3,8,1,11,1,2,1,1,3,2,2,3,85000,1,3,2,0
2,4,1,4,5,1,5,2,3,1,1,8,1,1,3,732000,1,3,2,0
2,8,2,2,3,9,7,3,2,1,1,8,1,1,1,411228,1,1,1,0
2,6,1,2,8,1,1,1,2,1,1,3,1,2,1,25476,2,2,2,0
1,4,1,3,1,10,1,2,2,1,1,1,1,2,3,105000,1,3,2,0
2,2,1,1,1,1,3,1,2,1,1,7,3,2,2,22308,2,2,2,0
2,4,1,5,1,7,3,2,2,1,1,1,1,2,3,120000,1,3,2,0
1,4,1,1,1,3,7,2,3,1,1,2,6,2,3,90000,1,3,2,0
2,4,1,2,7,1,7,2,1,1,1,8,1,1,3,120000,1,3,2,0
2,4,1,1,4,3,2,2,3,1,1,1,1,1,3,66560,1,3,2,0
2,4,1,1,9,15,7,2,2,1,1,1,1,2,3,310000,1,3,2,0
2,1,1,5,1,1,4,3,1,1,1,2,1,1,1,39345,1,1,1,0
2,4,1,1,1,1,1,2,2,1,1,1,2,1,3,68000,1,3,2,0
2,6,1,2,1,1,1,2,2,1,1,3,1,1,1,19104,2,2,2,0
2,4,1,1,7,4,7,3,4,1,1,5,1,1,3,145000,1,3,2,0
2,2,3,1,1,2,2,2,3,1,1,1,3,1,2,37571,2,2,2,0
2,7,3,5,7,2,2,2,2,1,1,2,1,1,1,62418,1,1,1,0
2,3,1,2,5,14,1,2,2,1,1,3,1,1,1,52404,1,1,3,0
2,12,1,2,1,1,1,3,4,1,1,9,1,1,3,72469,1,1,1,0
2,13,1,2,1,1,1,1,4,1,1,7,1,1,1,28761,1,1,1,0
1,4,1,1,2,1,5,2,2,2,1,6,1,1,3,111670,1,3,2,0
2,7,2,1,3,18,2,2,1,1,1,6,1,1,1,11748,1,1,1,0
1,4,1,7,2,8,7,3,1,2,1,3,6,1,3,125000,1,3,2,0
2,4,1,1,1,1,3,2,2,1,1,1,1,1,3,118000,1,3,2,0
1,4,1,1,1,9,4,1,3,1,1,1,1,1,3,120000,1,3,2,0
2,2,2,2,1,3,1,2,3,1,1,3,3,2,2,14089,2,2,2,0
2,1,1,3,1,1,7,2,3,1,1,3,1,1,1,1000000,1,1,1,0
2,10,1,1,1,1,1,2,1,1,1,3,1,1,4,57581,1,1,1,0
2,13,1,1,1,1,1,1,4,1,1,1,1,2,1,82000,1,1,1,0
2,1,1,1,1,1,1,1,4,1,1,8,1,1,1,47922,1,1,1,0
2,4,1,1,6,1,1,2,2,1,1,6,1,1,3,2000000,1,3,2,0
2,12,1,1,1,5,1,2,1,1,1,3,1,1,3,51131,1,1,1,0
2,15,1,1,1,1,2,1,2,1,1,1,1,1,2,77232,1,1,2,0
2,4,1,1,1,3,7,2,3,1,1,3,1,1,3,2000000,1,3,2,0
2,7,1,2,1,1,7,3,2,1,1,2,1,1,1,56298,1,1,1,0
2,4,1,1,1,1,3,2,3,1,1,1,1,1,3,142000,1,3,2,0
2,2,1,2,3,3,2,2,2,1,1,2,3,1,2,3000,2,2,2,0
2,4,1,1,1,3,7,2,4,2,2,4,1,1,3,95000,1,3,2,0
2,4,1,1,1,1,3,2,3,1,1,4,1,1,3,140000,1,3,2,0
2,16,1,2,1,1,7,2,2,1,1,3,1,1,1,42588,1,1,3,0
2,11,1,2,1,1,7,3,1,1,2,5,2,2,1,42836,1,1,1,0
2,14,2,1,1,1,1,2,3,1,1,3,2,1,5,25644,3,2,2,0
2,4,1,1,2,4,2,1,2,2,1,3,1,1,3,70000,1,3,2,0
2,5,1,1,12,1,7,2,3,1,1,6,1,1,1,17640,2,2,1,0
2,5,1,2,1,1,4,2,3,1,1,4,1,1,1,38820,2,2,1,0
2,4,1,1,1,1,7,2,2,1,1,1,1,2,3,75000,1,3,2,0
2,18,1,5,5,1,3,2,2,1,1,3,1,1,1,125123,1,1,3,0
2,4,1,1,1,1,4,2,2,1,1,8,1,1,3,110000,1,3,2,0
2,4,1,3,11,1,7,1,3,1,1,8,1,2,3,2000000,1,3,2,0
2,2,1,1,1,1,7,2,2,1,1,8,3,2,2,21984,2,2,2,0
2,4,1,3,8,3,5,2,4,1,1,2,1,1,3,80000,1,3,2,0
2,14,1,1,1,1,1,1,2,1,1,3,1,1,5,14976,3,2,2,0
2,4,1,2,1,3,4,2,3,1,1,5,1,1,3,200000,1,3,2,0
2,4,1,1,1,1,8,1,3,1,1,3,1,2,3,106000,1,3,2,0
2,4,1,1,1,3,3,2,3,2,2,6,1,1,3,87500,1,3,2,0
1,4,1,3,1,1,3,1,3,1,1,1,1,1,3,80000,1,3,2,0
2,4,1,1,4,1,2,1,1,2,3,4,1,1,3,95000,1,3,2,0
2,11,3,1,1,1,1,2,2,1,1,4,1,1,1,55075,1,1,1,0
2,19,3,1,1,16,3,1,3,1,3,2,1,1,1,25560,1,1,3,0
2,11,3,1,1,13,2,2,4,1,1,2,1,2,1,44060,1,1,1,0
2,12,1,1,7,1,1,1,4,1,1,1,1,1,3,52339,1,1,1,0
1,4,1,1,8,1,1,2,3,1,1,8,1,1,3,80000,1,3,2,0
2,4,1,2,1,17,7,2,3,1,1,2,1,2,3,65000,1,3,2,0
1,4,1,1,1,6,7,3,3,1,1,1,1,1,3,76000,1,3,2,0
1,4,1,1,1,4,7,1,4,1,1,1,1,1,3,114000,1,3,2,0
2,15,1,2,5,8,3,2,3,1,1,1,1,2,2,163838,1,1,2,0
1,15,1,1,1,1,3,2,3,1,1,1,1,2,2,105324,1,1,2,0
2,7,1,2,1,1,3,2,3,1,1,4,1,1,1,55075,1,1,1,0
1,2,1,3,1,10,7,2,3,1,1,1,3,2,2,16908,2,2,2,0
2,4,1,1,1,2,3,2,4,1,1,4,1,1,3,135000,1,3,2,0
2,4,1,2,1,1,4,2,4,1,4,3,1,1,3,124000,1,3,2,0
2,4,1,1,1,1,3,3,3,1,1,3,1,1,3,80000,1,3,2,0
2,4,1,1,3,1,1,3,4,1,1,4,2,2,3,140000,1,3,2,0
2,12,1,1,10,3,5,1,1,2,1,4,5,1,3,36235,1,1,1,0
2,4,1,1,1,4,7,1,2,1,1,8,3,1,3,101200,1,3,2,0
1,2,1,1,1,4,2,3,1,1,1,3,1,2,2,9204,2,2,2,0
2,4,1,1,1,1,8,2,4,1,1,3,1,1,3,170000,1,3,2,0
2,4,1,3,1,3,4,2,3,1,1,6,1,1,3,80000,1,3,2,0
2,4,1,2,1,1,3,2,4,1,1,3,1,2,3,125000,1,3,2,0
2,11,1,1,1,2,2,3,3,2,2,1,1,1,1,34513,1,1,1,0
2,12,1,2,7,1,7,2,3,1,1,2,1,1,3,68443,1,1,1,0
2,1,3,2,7,14,7,2,4,1,1,1,1,1,1,55562,1,1,1,0
1,4,3,1,5,14,7,3,3,2,1,4,1,1,3,75600,1,3,2,0
2,4,1,1,1,1,1,3,3,1,1,5,1,1,3,210000,1,3,2,0
2,1,1,3,1,1,3,2,2,1,1,3,1,1,1,76397,1,1,1,0
2,1,1,2,7,1,4,2,2,1,1,2,1,1,1,76397,1,1,1,0
2,4,1,1,1,1,3,1,3,1,1,3,1,2,3,130000,1,3,2,0
2,4,1,2,4,2,9,2,4,2,1,3,1,2,3,190000,1,3,2,0
2,4,1,1,1,9,1,3,3,1,2,2,6,1,3,67000,1,3,2,0
2,2,1,2,1,1,2,2,4,1,1,7,3,1,2,117408,2,2,2,0
2,4,1,2,2,4,3,2,3,1,1,1,1,1,3,2000000,1,3,2,0
2,4,1,2,5,1,1,2,4,1,1,4,1,1,3,200000,1,3,2,0
2,1,1,1,1,4,1,2,1,1,1,2,1,1,1,48616,1,1,1,0
1,4,1,1,1,1,3,2,3,1,1,2,1,2,3,110000,1,3,2,0
2,4,1,1,3,1,4,2,2,1,1,1,1,1,3,130000,1,3,2,0
2,4,1,1,1,2,3,1,1,1,1,2,1,2,3,121000,1,3,2,0
2,4,1,1,1,9,7,2,4,1,1,3,1,1,3,72500,1,3,2,0
2,6,1,2,5,1,4,2,3,1,1,8,1,1,1,63684,2,2,2,0
2,2,1,1,1,2,7,2,2,1,1,7,2,2,2,11268,2,2,2,0
2,5,2,5,7,1,2,1,3,1,1,8,4,1,1,11640,2,2,1,0
2,4,1,1,4,1,1,1,4,1,1,1,1,2,3,90000,1,3,2,0
2,2,1,2,1,1,7,2,3,1,1,2,1,1,2,4227,2,2,2,0
2,9,2,1,1,2,7,3,2,1,1,4,4,1,2,31788,2,2,2,0
2,2,1,2,1,5,7,2,3,2,1,6,7,1,2,28176,2,2,2,0
2,4,1,1,12,1,1,2,3,1,1,3,1,1,3,52000,1,3,2,0
2,2,1,1,1,9,1,1,3,1,1,3,3,1,2,23482,2,2,2,0
2,7,1,5,2,4,1,1,3,1,1,2,1,2,1,36716,1,1,1,0
2,4,1,3,1,1,3,3,3,1,1,8,1,2,3,78000,1,3,2,0
2,2,1,1,1,1,7,1,3,1,2,1,3,2,2,15600,2,2,2,0
2,1,1,7,5,1,7,1,2,1,1,4,1,1,1,63896,1,1,1,0
2,7,1,1,1,9,3,2,1,1,1,2,1,1,1,79552,1,1,1,0
2,7,1,1,8,3,2,2,2,1,1,2,1,1,1,58752,1,1,1,0
1,4,1,1,1,9,3,1,3,1,1,3,1,2,3,115000,1,3,2,0
2,4,1,1,1,4,7,2,3,1,1,8,1,2,3,45000,1,3,2,0
2,4,1,2,1,1,4,2,4,1,1,3,3,1,3,85000,1,3,2,0
1,4,1,2,4,1,1,2,2,1,1,1,1,2,3,110000,1,3,2,0
2,1,1,7,7,1,1,1,4,1,1,2,1,1,1,64590,1,1,1,0
1,15,1,1,1,1,7,2,4,2,1,3,1,1,2,84264,1,1,2,0
2,12,1,1,3,9,1,2,1,1,1,7,1,1,3,56365,1,1,1,0
2,12,1,1,1,1,3,2,3,1,1,1,1,2,3,72469,1,1,1,0
2,7,2,3,1,1,3,2,2,1,3,1,1,1,1,4404,1,1,1,0
2,4,1,1,1,1,1,1,3,1,1,2,1,2,3,92000,1,3,2,0
2,4,1,5,11,3,3,2,3,2,1,1,1,2,3,111000,1,3,2,0
2,5,1,2,2,8,3,1,2,1,1,3,1,2,1,31764,2,2,1,0
2,8,1,1,1,1,3,2,2,1,1,2,1,1,1,61194,1,1,1,0
2,4,1,1,1,1,1,3,3,1,1,1,1,1,3,300000,1,3,2,0
2,4,1,4,1,1,2,1,3,1,1,3,1,1,3,101000,1,3,2,0
2,11,1,2,12,1,7,2,3,1,1,3,1,1,1,51403,1,1,1,0
2,10,1,7,7,1,3,3,3,1,1,3,1,1,4,95968,1,1,1,0
2,6,1,1,5,2,7,2,4,1,1,2,1,2,1,56256,2,2,2,0
2,7,1,1,1,1,7,3,2,1,1,3,1,1,1,52627,1,1,1,0
1,14,3,2,8,1,3,1,3,1,1,3,1,1,5,16848,3,2,2,0
2,16,1,1,12,1,4,3,3,1,1,5,1,2,1,53316,1,1,3,0
2,4,1,1,1,10,6,1,1,1,1,1,1,2,3,180000,1,3,2,0
2,4,1,1,1,1,7,2,2,1,1,8,1,2,3,78000,1,3,2,0
2,10,2,1,8,4,4,2,1,1,1,1,1,2,4,119960,1,1,1,0
2,6,2,2,5,9,7,2,2,1,1,8,1,2,1,19320,2,2,2,0
2,7,1,1,8,15,5,3,3,1,1,1,1,1,1,66084,1,1,1,0
2,4,1,2,8,11,2,2,3,1,1,4,1,1,3,125000,1,3,2,0
2,10,1,3,1,1,7,1,1,1,1,4,1,1,4,73576,1,1,1,0
2,16,1,3,12,1,3,3,3,2,1,6,1,1,1,31872,1,1,3,0
1,2,2,2,1,1,1,2,1,1,1,7,1,1,2,14088,2,2,2,0
2,4,3,1,8,6,2,2,2,2,3,2,1,1,3,58000,1,3,2,0
1,1,1,2,1,2,1,2,2,1,1,2,1,1,1,111123,1,1,1,0
2,2,1,2,1,1,4,1,4,1,1,3,3,2,2,29743,2,2,2,0
2,10,1,1,1,1,4,2,1,1,1,4,1,1,4,71976,1,1,1,0
1,9,2,1,1,1,2,2,2,1,1,2,4,1,2,12720,2,2,2,0
2,4,1,1,1,4,7,1,2,1,1,1,1,1,3,90000,1,3,2,0
2,17,2,1,1,1,7,1,3,1,4,2,1,1,1,38184,1,1,3,0
2,4,1,1,1,1,4,2,4,1,1,5,1,1,3,99000,1,3,2,0
2,5,1,1,1,1,3,3,2,1,1,2,1,1,1,50304,2,2,1,0
2,4,1,1,1,1,4,2,2,1,1,2,1,1,3,102000,1,3,2,0
2,2,3,3,1,1,2,2,3,1,1,1,3,2,2,4692,2,2,2,0
2,2,1,3,11,1,2,1,2,1,1,9,3,1,2,9396,2,2,2,0
2,2,1,1,1,2,7,2,2,1,1,7,3,2,2,144276,2,2,2,0
1,4,1,2,2,14,2,1,4,2,2,5,1,1,3,132000,1,3,2,0
1,13,1,6,1,4,1,1,3,1,1,1,1,1,1,39164,1,1,1,0
1,2,2,1,1,1,5,1,1,1,1,1,1,1,2,7827,2,2,2,0
2,20,1,3,1,3,4,2,3,1,1,2,1,1,1,48000,3,2,2,0
2,4,1,2,5,8,2,1,1,1,1,1,1,1,3,88000,1,3,2,0
2,3,1,1,1,1,11,2,1,1,1,8,1,1,1,58092,1,1,3,0
2,1,1,2,7,1,7,1,2,1,1,1,1,1,1,1000000,1,1,1,0
2,10,1,1,1,1,7,1,4,1,1,2,1,2,4,83972,1,1,1,0
1,4,1,3,1,4,5,2,2,1,1,7,5,1,3,61000,1,3,2,0
2,4,1,2,8,1,2,2,3,2,1,3,6,1,3,60000,1,3,2,0
2,2,1,2,1,1,7,2,2,1,1,3,1,1,2,9396,2,2,2,0
2,6,1,2,7,11,2,2,2,1,1,3,1,1,1,16980,2,2,2,0
2,5,1,2,3,2,2,2,4,1,1,3,1,1,1,24696,2,2,1,0
1,4,3,2,3,1,4,1,2,1,1,5,2,1,3,93000,1,3,2,0
2,4,1,2,1,1,3,1,3,1,1,8,1,1,3,89200,1,3,2,0
1,13,1,1,1,1,3,2,4,2,1,1,1,1,1,22030,1,1,1,0
2,4,1,2,5,14,1,1,1,1,1,1,1,1,3,103000,1,3,2,0
2,4,1,1,1,3,7,2,3,1,1,2,5,1,3,83000,1,3,2,0
2,17,1,2,1,1,4,1,2,1,1,2,1,1,1,58752,1,1,3,0
2,4,1,1,1,1,7,2,3,1,1,2,1,2,3,97500,1,3,2,0
2,4,1,1,1,4,3,2,2,1,1,1,1,1,3,126000,1,3,2,0
2,19,1,2,12,10,11,2,2,1,1,2,1,2,1,55812,1,1,3,0
2,11,1,2,1,1,3,1,1,1,1,3,1,1,1,79552,1,1,1,0
2,3,1,2,1,1,4,1,2,1,1,6,1,1,1,79344,1,1,3,0
1,4,1,2,1,4,7,2,4,1,1,8,3,1,3,1680000,1,3,2,0
2,4,1,1,1,3,7,2,1,1,1,1,1,1,3,200000,1,3,2,0
2,3,1,1,1,6,1,2,2,1,1,1,1,1,1,41172,1,1,3,0
2,11,1,2,12,4,5,3,2,2,1,3,1,1,1,41612,1,1,1,0
2,16,2,1,1,15,1,3,3,1,1,3,2,1,1,58752,1,1,3,0
1,2,1,1,1,14,2,1,3,1,1,1,1,1,2,3384,2,2,2,0
2,8,1,2,1,1,7,1,4,1,1,3,1,1,1,293736,1,1,1,0
2,1,1,1,1,1,1,2,4,1,1,2,1,1,1,55562,1,1,1,0
2,13,1,8,1,1,4,2,2,1,1,4,1,2,1,55075,1,1,1,0
2,4,1,1,8,15,4,2,3,1,1,1,1,2,3,110000,1,3,2,0
2,4,3,1,1,1,7,2,2,1,1,1,1,1,3,75000,1,3,2,0
2,2,2,2,1,2,2,2,4,1,4,6,3,1,2,863,2,2,2,0
2,12,1,1,1,1,3,2,4,1,1,6,1,1,3,72469,1,1,1,0
2,2,2,1,1,1,7,2,2,1,1,6,3,2,2,12210,2,2,2,0
2,4,1,3,12,15,4,2,3,1,3,1,1,1,3,94000,1,3,2,0
2,19,1,2,1,1,3,1,2,1,1,5,6,1,1,46992,1,1,3,0
2,4,1,2,1,4,7,3,4,1,1,3,6,1,3,2000000,1,3,2,0
2,12,1,1,1,1,3,2,3,1,1,3,1,2,3,68443,1,1,1,0
2,12,1,1,1,4,4,3,3,1,1,1,5,2,3,1000000,1,1,1,0
1,19,2,2,1,16,7,3,3,2,1,4,1,1,1,39648,1,1,3,0
1,4,1,1,12,3,1,2,3,2,1,1,1,1,3,97000,1,3,2,0
2,7,1,2,5,8,1,2,3,1,1,3,1,1,1,85671,1,1,1,0
2,1,1,2,7,12,2,2,1,1,1,3,1,1,1,43060,1,1,1,0
2,1,1,1,6,1,7,2,1,1,1,2,1,1,1,533388,1,1,1,0
2,4,1,1,1,1,4,1,3,1,1,1,1,2,3,300000,1,3,2,0
2,2,2,1,3,2,2,2,3,1,1,9,3,1,2,14088,2,2,2,0
1,17,1,1,12,3,2,2,2,2,2,3,1,1,1,38184,1,1,3,0
1,7,1,2,8,9,1,2,3,1,1,8,1,1,1,36720,1,1,1,0
2,4,1,3,1,1,1,1,3,1,1,4,1,2,3,135000,1,3,2,0
2,13,1,1,1,1,1,2,1,1,1,1,2,1,1,31821,1,1,1,0
2,2,1,2,1,1,7,3,3,1,1,8,1,2,2,10175,2,2,2,0
2,7,1,1,5,1,2,2,3,1,1,2,1,1,1,40392,1,1,1,0
2,4,1,1,1,1,1,3,3,1,1,3,1,1,3,85000,1,3,2,0
2,4,1,1,1,1,11,2,3,1,3,2,1,1,3,80000,1,3,2,0
2,13,1,1,1,1,7,2,3,1,1,2,1,1,1,22030,1,1,1,0
2,8,2,5,1,1,3,1,2,1,1,9,5,2,1,22032,1,1,1,0
2,2,1,1,3,2,7,3,3,1,1,3,3,1,2,14089,2,2,2,0
2,4,1,3,1,1,1,2,2,1,1,8,1,1,3,84000,1,3,2,0
1,14,1,1,1,1,2,1,3,1,1,5,1,1,5,19020,3,2,2,0
2,7,1,1,1,1,3,1,1,1,1,2,1,1,1,79552,1,1,1,0
2,4,1,1,1,1,1,2,2,1,1,8,1,1,3,119000,1,3,2,0
2,1,1,7,5,8,1,2,1,1,2,3,7,1,1,55562,1,1,1,0
2,2,1,1,1,1,5,2,2,1,1,6,1,2,2,3756,2,2,2,0
2,4,1,3,1,1,2,2,2,1,3,1,1,1,3,450000,1,3,2,0
2,2,1,2,1,1,7,3,3,1,1,7,3,1,2,21133,2,2,2,0
1,4,1,1,1,1,2,2,2,1,1,2,3,2,3,67000,1,3,2,0
2,16,1,1,3,1,2,2,2,1,1,6,1,1,1,51403,1,1,3,0
2,4,1,1,5,4,5,1,4,1,1,1,1,1,3,75000,1,3,2,0
1,7,1,2,1,2,3,2,1,2,1,3,1,1,1,82000,1,1,1,0
2,2,1,2,1,1,7,2,1,1,1,3,1,1,2,5820,2,2,2,0
2,19,3,1,1,1,3,1,1,1,1,2,1,1,1,38184,1,1,3,0
1,10,3,1,1,9,3,2,1,1,3,2,1,1,4,150000,1,1,1,0
1,4,1,1,1,1,7,2,2,1,1,1,1,1,3,73000,1,3,2,0
2,5,3,1,1,1,4,2,3,1,1,3,1,1,1,28236,2,2,1,0
1,4,1,1,1,2,7,2,1,1,1,1,1,1,3,87000,1,3,2,0
2,11,1,2,3,2,2,2,2,1,1,3,1,1,1,39164,1,1,1,0
2,4,1,1,1,1,1,2,4,1,1,6,5,1,3,120000,1,3,2,0
2,1,1,2,3,1,2,3,3,1,2,2,1,1,1,83342,1,1,1,0
2,1,1,1,1,4,7,1,3,1,1,3,1,1,1,54173,1,1,1,0
2,2,1,1,8,2,7,2,1,1,4,8,1,1,2,6948,2,2,2,0
2,12,1,1,7,2,2,3,4,1,1,4,3,2,3,888960,1,1,1,0
2,12,1,1,1,9,1,2,4,1,1,6,1,1,3,48313,1,1,1,0
2,10,1,1,1,1,4,2,1,1,1,6,1,1,4,68777,1,1,1,0
2,4,3,3,1,1,1,1,3,2,4,3,1,1,3,28800,1,3,2,0
2,2,2,2,1,1,1,1,3,1,3,1,4,1,2,7140,2,2,2,0
2,12,1,4,1,3,2,2,3,1,1,8,1,1,3,41871,1,1,1,0
1,8,1,3,1,4,1,2,2,1,1,2,1,1,1,21418,1,1,1,0
2,11,1,2,1,1,7,1,4,1,1,4,1,1,1,58746,1,1,1,0
1,16,1,1,1,1,1,1,2,1,2,4,1,1,1,73433,1,1,3,0
2,4,1,1,4,3,7,1,2,1,1,1,1,1,3,110000,1,3,2,0
2,20,1,2,3,1,7,2,2,1,1,7,1,1,1,26400,3,2,2,0
2,4,1,1,6,1,2,1,1,1,1,3,1,1,3,85000,1,3,2,0
2,4,1,3,1,11,3,2,3,2,3,1,1,1,3,30000,1,3,2,0
2,16,1,1,3,14,7,1,1,1,1,3,1,1,1,55075,1,1,3,0
2,15,2,3,1,1,7,3,4,1,1,6,1,1,2,96552,1,1,2,0
2,1,1,1,1,1,1,2,2,1,2,2,1,2,1,43060,1,1,1,0
2,12,1,1,1,1,7,2,2,1,1,1,3,1,3,32209,1,1,1,0
2,2,1,1,1,5,3,2,2,1,1,1,1,2,2,50094,2,2,2,0
2,4,1,3,9,1,3,2,2,1,1,1,2,1,3,120000,1,3,2,0
1,4,1,1,1,8,1,2,4,1,3,3,1,1,3,77000,1,3,2,0
2,14,1,1,1,1,1,3,3,1,4,1,2,1,5,24324,3,2,2,0
1,7,1,2,1,9,2,2,3,1,1,3,1,1,1,58746,1,1,1,0
1,4,1,3,8,9,7,1,3,1,2,2,2,2,3,75000,1,3,2,0
2,4,1,3,6,1,2,2,1,1,1,1,1,2,3,88000,1,3,2,0
2,6,3,3,1,1,1,2,2,1,3,4,1,1,1,40332,2,2,2,0
2,7,1,1,1,1,3,1,3,1,1,4,1,1,1,707892,1,1,1,0
2,7,1,2,1,3,1,2,4,1,1,2,1,1,1,73428,1,1,1,0
2,2,1,2,1,1,2,3,3,1,2,3,1,2,2,7512,2,2,2,0
2,6,1,2,3,1,3,3,3,1,1,1,1,1,1,21228,2,2,2,0
2,9,1,1,3,4,7,2,2,1,1,1,1,1,2,42386,2,2,2,0
2,2,1,1,1,1,1,3,3,1,1,9,1,1,2,22699,2,2,2,0
2,4,1,1,1,1,3,2,2,1,1,8,1,1,3,80000,1,3,2,0
1,4,1,1,3,1,2,1,2,1,1,5,1,1,3,67000,1,3,2,0
2,4,1,1,1,1,1,2,4,1,1,3,7,1,3,124000,1,3,2,0
2,4,3,4,1,4,4,3,2,1,1,6,1,1,3,110000,1,3,2,0
2,7,1,2,1,1,4,2,3,1,1,3,1,2,1,63642,1,1,1,0
2,4,3,1,1,18,5,1,4,1,1,1,1,1,3,1600000,1,3,2,0
1,4,1,1,1,4,2,2,2,1,1,1,2,1,3,95000,1,3,2,0
2,4,1,2,1,1,2,2,2,1,1,6,3,1,3,75000,1,3,2,0
2,1,2,2,1,7,1,3,3,1,1,8,1,1,1,55562,1,1,1,0
1,2,2,1,1,2,2,2,3,1,1,1,3,1,2,150288,2,2,2,0
2,11,1,2,1,1,4,2,3,1,1,3,1,2,1,63642,1,1,1,0
2,4,2,1,1,8,4,2,3,1,1,1,1,1,3,150000,1,3,2,0
1,8,1,1,1,6,7,1,3,1,1,7,1,2,1,381852,1,1,1,0
2,4,1,1,1,1,3,2,2,1,1,1,1,1,3,156000,1,3,2,0
1,4,1,2,7,1,3,1,2,1,1,4,1,2,3,82000,1,3,2,0
2,19,3,1,6,14,2,2,4,1,1,5,1,2,1,47736,1,1,3,0
2,11,1,2,1,1,1,2,2,1,1,3,1,1,1,44060,1,1,1,0
1,4,1,2,1,1,8,2,2,1,1,1,1,1,3,172000,1,3,2,0
1,1,1,3,9,1,1,2,2,1,1,1,5,1,1,41671,1,1,1,0
2,4,1,1,2,1,1,1,1,1,1,6,1,1,3,85000,1,3,2,0
1,6,1,7,3,13,2,3,2,2,1,3,1,1,1,3612,2,2,2,0
2,1,1,1,1,15,4,2,3,1,1,7,1,1,1,90288,1,1,1,0
2,1,1,6,1,1,7,3,4,2,1,5,1,1,1,41671,1,1,1,0
1,20,1,2,5,1,1,2,3,1,1,7,1,2,1,14616,3,2,2,0
1,19,1,1,1,9,1,3,3,1,1,2,1,1,1,51403,1,1,3,0
2,4,1,4,12,1,1,2,4,1,1,1,1,1,3,112000,1,3,2,0
2,1,1,7,7,1,5,1,1,1,1,4,1,1,1,700080,1,1,1,0
2,11,1,7,1,5,3,2,3,1,1,4,1,2,1,70985,1,1,1,0
1,15,1,1,1,4,4,2,3,1,1,1,4,2,2,107076,1,1,2,0
2,4,1,1,1,1,1,1,3,1,3,3,1,1,3,58000,1,3,2,0
2,4,3,1,1,1,3,2,4,1,1,3,6,1,3,118000,1,3,2,0
2,1,1,1,4,4,2,2,4,1,1,8,1,1,1,37504,1,1,1,0
1,12,1,1,1,1,7,2,3,1,1,3,3,1,3,53949,1,1,1,0
1,4,1,2,1,1,7,2,2,1,1,1,3,1,3,89000,1,3,2,0
2,3,1,1,2,1,3,1,1,1,1,2,1,1,1,52404,1,1,3,0
2,12,1,2,3,1,1,1,4,1,1,1,1,2,3,66027,1,1,1,0
2,10,3,1,1,8,1,2,4,1,1,4,3,1,4,95968,1,1,1,0
2,4,1,1,1,1,1,3,3,1,1,6,1,2,3,52250,1,3,2,0
2,7,1,7,5,14,3,1,2,1,1,3,1,1,1,1000000,1,1,1,0
1,1,1,1,1,1,4,2,2,1,1,2,1,1,1,58340,1,1,1,0
2,4,1,1,1,1,7,2,2,1,1,1,7,1,3,135000,1,3,2,0
1,2,2,1,6,4,1,1,4,1,1,2,3,2,2,9768,2,2,2,0
2,2,1,1,1,14,5,1,3,1,1,1,3,2,2,0,2,2,2,0
1,8,1,1,8,1,7,1,2,1,1,1,1,1,1,35492,1,1,1,0
2,4,1,4,12,1,6,2,3,1,1,8,1,2,3,100000,1,3,2,0
2,10,1,7,1,1,1,2,4,1,1,4,1,1,4,63979,1,1,1,0
2,7,1,2,1,16,1,2,3,1,1,3,1,1,1,53851,1,1,1,0
2,2,1,1,1,1,1,2,2,1,1,5,1,1,2,28334,2,2,2,0
2,12,1,1,3,15,3,2,2,1,1,2,1,1,3,88573,1,1,1,0
1,16,1,2,1,1,2,1,2,2,1,3,1,1,1,57522,1,1,3,0
2,4,1,1,1,1,4,2,2,1,1,1,1,1,3,145000,1,3,2,0
2,15,1,1,1,1,1,1,2,2,2,1,1,1,2,105324,1,1,2,0
2,4,1,5,1,1,4,3,3,1,3,5,1,1,3,75000,1,3,2,0
1,1,1,2,7,1,2,2,4,1,1,1,1,1,1,159740,1,1,1,0
2,4,2,3,12,3,7,2,3,1,1,2,1,2,3,108000,1,3,2,0
2,7,1,1,1,1,3,2,3,1,1,2,1,2,1,82000,1,1,1,0
2,7,3,2,4,1,2,2,4,1,1,3,1,2,1,53239,1,1,1,0
2,4,1,2,1,1,7,2,4,1,1,3,3,1,3,103000,1,3,2,0
2,4,1,2,1,3,7,1,2,1,1,3,1,1,3,104000,1,3,2,0
1,6,1,6,1,9,11,2,4,1,1,5,1,1,1,19104,2,2,2,0
2,13,3,1,1,1,3,2,1,1,1,2,2,1,1,32433,1,1,1,0
2,6,1,1,1,1,1,2,3,1,1,3,1,1,1,44580,2,2,2,0
2,4,1,3,1,1,3,2,3,1,1,1,1,1,3,96000,1,3,2,0
2,2,1,1,1,7,2,2,4,1,1,4,3,1,2,17220,2,2,2,0
2,1,1,7,5,8,7,1,3,1,1,8,1,1,1,100011,1,1,1,0
2,4,1,1,1,1,7,2,3,1,1,1,1,1,3,74000,1,3,2,0
2,5,1,3,1,1,7,2,2,1,1,2,1,1,1,35292,2,2,1,0
2,4,1,1,1,1,4,2,1,1,1,6,1,1,3,130000,1,3,2,0
2,8,2,2,1,1,1,2,3,1,1,2,1,1,1,30597,1,1,1,0
2,4,1,2,1,6,1,2,2,1,1,1,1,1,3,60000,1,3,2,0
1,11,1,1,1,1,2,3,3,1,1,3,1,1,1,31821,1,1,1,0
1,4,1,3,3,14,7,1,2,1,1,2,1,1,3,66000,1,3,2,0
2,14,1,1,1,1,1,3,4,1,1,7,1,1,5,29940,3,2,2,0
1,4,1,1,1,3,4,1,3,2,2,1,1,1,3,140000,1,3,2,0
2,1,1,1,7,1,7,2,4,1,1,1,1,1,1,55562,1,1,1,0
2,4,1,1,1,4,7,1,2,1,3,1,1,1,3,86000,1,3,2,0
2,7,1,2,1,1,3,1,3,1,1,1,1,1,1,55075,1,1,1,0
2,17,1,3,1,1,7,1,3,1,1,2,1,1,1,29376,1,1,3,0
2,16,1,1,9,1,1,2,4,1,1,8,1,1,1,62418,1,1,3,0
2,4,1,1,1,1,11,2,3,1,1,3,1,1,3,75000,1,3,2,0
1,1,1,2,1,1,7,2,4,1,1,1,5,1,1,34726,1,1,1,0
1,7,1,7,5,1,2,2,1,2,3,4,1,1,1,73433,1,1,1,0
2,4,1,2,1,1,1,4,1,1,1,3,3,1,3,113000,1,3,2,1
2,4,1,1,1,4,4,2,4,1,1,1,1,2,3,125000,1,3,2,0
2,4,1,1,3,9,2,2,4,1,2,3,1,1,3,69000,1,3,2,0
2,4,3,1,6,14,2,2,4,1,1,1,1,2,3,85000,1,3,2,0
2,4,1,1,5,3,3,1,4,1,1,8,1,2,3,110000,1,3,2,0
2,4,1,1,1,4,4,2,3,1,1,8,1,2,3,100000,1,3,2,0
2,4,1,9,8,1,11,3,1,1,1,1,1,2,3,250000,1,3,2,0
2,12,1,2,1,2,2,2,4,1,1,3,4,2,3,48313,1,1,1,0
2,2,1,1,1,17,7,2,3,1,1,1,1,1,2,14844,2,2,2,0
1,4,1,1,2,4,5,2,1,1,1,5,1,1,3,65000,1,3,2,0
2,1,2,2,1,1,7,1,3,1,1,1,1,1,1,59729,1,1,1,0
1,4,1,1,3,3,2,1,2,1,1,3,1,2,3,81000,1,3,2,0
2,10,1,1,1,14,3,1,4,1,1,3,1,1,4,64379,1,1,1,0
2,4,1,1,1,1,1,2,4,1,1,1,1,1,3,91000,1,3,2,0
2,4,3,7,10,14,7,4,3,1,1,6,1,2,3,24000,1,3,2,1
2,4,1,1,1,3,7,2,3,1,1,1,1,2,3,112000,1,3,2,0
1,7,2,1,12,1,1,1,3,1,1,1,1,1,1,58752,1,1,1,0
1,7,1,6,5,1,1,2,1,1,1,3,1,2,1,61194,1,1,1,0
2,4,1,1,1,4,7,2,3,1,2,2,1,1,3,81600,1,3,2,0
2,1,1,2,1,1,4,3,2,1,1,5,3,1,1,55562,1,1,1,0
2,14,1,1,8,1,4,2,2,1,1,1,1,2,5,37428,3,2,2,0
2,1,1,1,1,1,2,2,4,1,1,2,1,1,1,47922,1,1,1,0
2,4,1,5,8,3,5,2,2,1,1,1,1,1,3,90000,1,3,2,0
2,7,1,6,1,1,3,3,1,1,1,8,2,1,1,58752,1,1,1,0
2,18,1,3,1,1,4,2,2,1,1,6,1,1,1,105312,1,1,3,0
2,12,1,5,1,1,3,1,1,1,1,8,1,1,3,58781,1,1,1,0
2,18,3,1,1,4,2,2,3,1,1,2,1,2,1,62556,1,1,3,0
1,4,1,1,1,4,4,3,3,2,4,8,1,1,3,80000,1,3,2,0
1,4,1,2,1,3,1,2,2,2,1,1,6,1,3,100000,1,3,2,0
2,7,1,5,8,1,3,2,2,1,1,2,1,1,1,73433,1,1,1,0
1,2,1,1,1,3,1,1,3,2,1,2,3,2,2,18780,2,2,2,0
2,2,1,1,1,1,7,2,3,1,1,4,3,1,2,28178,2,2,2,0
2,12,1,1,1,1,7,3,2,1,1,6,1,1,3,56365,1,1,1,0
2,7,1,2,1,7,3,1,3,1,1,3,1,1,1,67313,1,1,1,0
2,12,1,7,1,8,3,2,2,1,1,8,1,1,3,70456,1,1,1,0
2,4,1,1,8,15,1,2,1,1,1,1,1,1,3,170000,1,3,2,0
2,7,1,3,1,1,3,1,2,1,1,2,1,1,1,61194,1,1,1,0
2,4,1,7,7,8,7,2,3,1,1,2,1,1,3,58000,1,3,2,0
2,14,1,1,1,1,7,2,1,1,1,1,1,1,5,7488,3,2,2,0
1,2,1,1,8,15,5,3,3,1,1,5,1,1,2,56352,2,2,2,0
2,4,1,2,1,1,1,2,2,1,1,3,3,1,3,68000,1,3,2,0
2,5,1,2,1,2,4,1,1,1,1,1,1,1,1,7940,2,2,1,0
2,4,1,1,9,1,2,4,4,1,1,1,1,2,3,38000,1,3,2,1
2,4,1,1,1,1,1,2,3,2,1,3,1,2,3,90000,1,3,2,0
2,4,1,3,1,1,7,2,2,1,1,1,1,2,3,175000,1,3,2,0
2,4,1,2,1,2,7,1,4,1,1,3,3,2,3,96000,1,3,2,0
2,16,1,2,1,1,4,4,3,1,1,2,1,1,1,56298,1,1,3,1
1,4,1,1,8,1,1,1,3,1,1,8,1,1,3,99000,1,3,2,0
2,1,1,1,7,1,5,3,2,2,2,1,3,1,1,37504,1,1,1,0
1,4,1,1,5,4,2,2,3,2,1,3,1,1,3,80000,1,3,2,0
2,4,1,4,11,1,7,2,2,1,1,3,1,1,3,111000,1,3,2,0
2,20,1,2,3,11,5,3,2,1,1,6,1,1,1,9192,3,2,2,0
2,4,1,1,1,1,1,2,4,1,1,8,1,2,3,71500,1,3,2,0
2,2,1,1,1,1,3,2,3,1,1,8,3,2,2,54790,2,2,2,0
2,4,1,2,2,1,7,2,2,1,1,1,1,1,3,120000,1,3,2,0
1,1,1,2,7,1,3,1,3,1,1,2,1,1,1,69452,1,1,1,0
2,1,1,2,1,1,4,2,3,1,1,1,1,1,1,97233,1,1,1,0
1,11,1,2,1,4,7,2,2,1,1,2,1,1,1,48649,1,1,1,0
2,4,1,1,1,1,2,3,3,1,1,2,4,2,3,60000,1,3,2,0
1,4,2,1,1,1,7,2,1,1,1,2,2,1,3,140000,1,3,2,0
2,1,1,7,7,1,3,1,2,1,1,1,1,2,1,36115,1,1,1,0
2,1,1,2,1,1,4,2,4,1,2,3,1,1,1,114596,1,1,1,0
2,12,1,1,1,9,7,2,4,1,1,1,1,1,3,56365,1,1,1,0
2,4,1,1,6,1,2,2,1,1,1,8,1,1,3,45000,1,3,2,0
1,4,1,4,12,3,7,2,3,1,1,1,1,2,3,105000,1,3,2,0
2,2,1,1,1,1,1,1,3,1,1,2,1,2,2,17220,2,2,2,0
1,4,1,1,4,14,2,2,1,1,1,5,1,1,3,53000,1,3,2,0
1,4,1,1,5,1,1,1,4,2,2,6,1,1,3,130000,1,3,2,0
2,7,1,2,1,4,3,2,2,2,3,8,1,1,1,42591,1,1,1,0
2,17,1,1,1,1,3,2,3,1,1,2,1,1,1,30840,1,1,3,0
1,4,1,1,9,3,2,1,3,2,3,3,1,1,3,95000,1,3,2,0
2,6,1,6,8,1,7,2,3,1,1,8,1,1,1,22716,2,2,2,0
2,4,1,2,1,1,4,2,2,1,1,6,1,2,3,75000,1,3,2,0
2,4,1,4,1,1,7,1,3,1,1,6,1,1,3,50000,1,3,2,0
2,4,1,3,1,1,2,2,2,1,1,1,1,2,3,65000,1,3,2,0
2,16,1,3,3,1,4,1,3,1,4,3,3,2,1,58752,1,1,3,0
2,6,1,2,12,1,3,2,3,1,1,3,1,1,1,12096,2,2,2,0
1,2,1,1,3,1,5,2,3,1,1,3,1,1,2,7827,2,2,2,0
2,19,2,9,1,1,5,2,2,1,1,3,1,2,1,44064,1,1,3,0
2,2,1,1,1,1,3,2,3,1,1,1,1,2,2,14089,2,2,2,0
2,11,2,2,7,1,1,1,4,1,2,1,1,1,1,27900,1,1,1,0
2,4,1,2,1,1,1,2,2,1,1,1,3,2,3,190000,1,3,2,0
2,2,1,1,1,2,7,2,3,1,1,1,3,1,2,7704,2,2,2,0
2,4,1,2,1,15,1,1,4,1,1,3,3,1,3,128000,1,3,2,0
2,4,1,1,3,4,1,2,4,1,1,8,3,1,3,120000,1,3,2,0
2,2,2,2,1,4,2,2,1,1,1,3,3,1,2,6288,2,2,2,0
1,14,1,2,1,1,4,2,3,1,1,2,5,1,5,29004,3,2,2,0
2,4,3,3,2,1,2,1,3,1,1,5,1,2,3,57500,1,3,2,0
2,2,1,1,7,6,7,2,3,1,1,1,1,2,2,3000,2,2,2,0
2,1,3,3,1,3,2,2,3,1,1,8,1,2,1,54173,1,1,1,0
1,4,1,1,1,3,2,1,2,1,1,6,2,1,3,100000,1,3,2,0
1,4,1,4,9,1,8,1,2,1,1,1,1,2,3,108252,1,3,2,0
2,19,3,1,1,1,1,2,3,1,1,1,1,1,1,44064,1,1,3,0
2,11,1,3,1,6,7,2,3,1,1,8,1,1,1,352476,1,1,1,0
1,4,1,1,1,13,7,1,2,1,1,5,1,1,3,52000,1,3,2,0
2,7,1,2,1,13,4,2,3,1,1,5,1,2,1,58752,1,1,1,0
2,7,1,5,1,1,4,3,3,1,1,2,1,1,1,47736,1,1,1,0
2,16,1,1,1,1,7,2,1,1,1,1,1,1,1,37452,1,1,3,0
2,12,1,1,1,1,1,2,2,1,1,1,1,1,3,43482,1,1,1,0
1,4,1,2,1,1,4,1,3,1,1,6,1,2,3,90000,1,3,2,0
2,6,1,1,3,3,2,1,2,1,1,3,1,1,1,16980,2,2,2,0
2,13,3,3,1,1,1,2,4,1,1,7,1,2,1,44064,1,1,1,0
2,11,1,1,1,1,2,2,3,1,1,2,1,1,1,36716,1,1,1,0
2,4,1,2,5,8,7,2,4,1,1,1,1,1,3,105000,1,3,2,0
2,13,1,5,1,1,4,1,1,1,1,2,1,2,1,36720,1,1,1,0
2,3,1,5,7,1,5,2,4,1,1,6,1,1,1,44916,1,1,3,0
2,7,1,1,1,1,1,2,4,1,1,5,4,2,1,56666,1,1,1,0
2,4,1,1,1,1,7,2,2,1,1,1,1,1,3,75000,1,3,2,0
2,16,1,1,8,1,11,2,3,1,1,8,1,1,1,44060,1,1,3,0
2,17,1,1,1,1,7,1,2,1,1,1,1,1,1,32316,1,1,3,0
2,6,3,6,5,1,1,2,2,1,1,3,1,1,1,26550,2,2,2,0
2,4,1,1,1,1,7,1,2,1,1,1,1,1,3,105000,1,3,2,0
2,13,1,1,1,3,1,3,3,1,1,2,2,1,1,58746,1,1,1,0
2,17,1,1,8,2,7,2,3,1,1,3,1,1,1,29376,1,1,3,0
2,4,1,1,1,1,1,2,3,1,1,1,1,1,3,96000,1,3,2,0
2,2,1,2,1,1,2,1,2,1,1,2,1,1,2,12216,2,2,2,0
1,4,1,3,11,3,2,2,4,1,1,1,5,1,3,42636,1,3,2,0
1,8,2,2,3,5,11,2,3,1,1,4,1,1,1,61194,1,1,1,0
2,20,1,2,1,1,7,2,2,1,1,3,1,2,1,11280,3,2,2,0
2,7,2,2,1,8,7,1,2,1,1,3,1,1,1,67313,1,1,1,0
2,4,1,1,3,4,7,1,4,1,1,4,3,1,3,120000,1,3,2,0
2,4,1,1,1,1,1,3,2,2,4,6,1,1,3,73500,1,3,2,0
1,5,1,2,8,1,11,2,3,1,1,6,1,1,1,38820,2,2,1,0
2,2,2,2,1,4,1,2,3,1,1,3,1,2,2,11268,2,2,2,0
2,11,1,4,12,1,7,2,3,2,1,9,1,1,1,36716,1,1,1,0
2,16,1,3,1,3,7,2,3,1,1,3,1,2,1,63888,1,1,3,0
2,9,1,1,1,2,7,2,2,1,1,1,1,1,2,45035,2,2,2,0
2,4,1,1,1,1,1,1,3,1,1,6,1,2,3,1296000,1,3,2,0
2,7,1,2,1,1,1,1,2,1,1,2,1,1,1,73433,1,1,1,0
2,20,1,9,1,3,5,2,2,1,1,8,1,1,1,8400,3,2,2,0
2,4,1,2,1,1,3,3,2,1,3,5,1,1,3,146000,1,3,2,0
2,12,1,3,12,1,3,2,3,1,1,2,1,1,3,37040,1,1,1,0
2,5,1,2,1,1,1,1,2,1,1,3,1,1,1,38820,2,2,1,0
2,4,1,1,5,1,1,3,3,1,1,4,1,1,3,145000,1,3,2,0
2,4,1,1,1,13,4,2,4,1,1,3,1,1,3,105000,1,3,2,0
2,11,1,2,1,1,1,3,4,1,1,4,1,1,1,48955,1,1,1,0
2,5,1,2,1,7,1,2,3,1,1,2,1,1,1,45876,2,2,1,0
2,7,1,2,1,4,7,1,3,1,1,5,1,1,1,70985,1,1,1,0
2,7,1,2,1,4,1,1,1,1,1,3,1,2,1,58746,1,1,1,0
2,13,1,1,1,4,7,3,3,1,1,8,1,1,1,23254,1,1,1,0
1,4,1,1,8,6,3,1,4,2,1,2,1,1,3,2000000,1,3,2,0
2,14,1,1,8,1,7,1,1,1,1,2,1,1,5,22452,3,2,2,0
2,7,1,2,1,1,4,2,2,2,3,2,1,1,1,79552,1,1,1,0
2,4,1,1,4,1,1,2,3,2,3,1,1,1,3,135000,1,3,2,0
2,2,1,1,1,1,3,1,3,1,1,7,3,1,2,17844,2,2,2,0
2,15,1,1,1,1,7,2,3,1,1,3,1,1,2,107436,1,1,2,0
2,11,1,2,1,1,7,1,4,1,1,7,1,1,1,660900,1,1,1,0
2,4,1,1,9,1,2,2,3,1,1,8,1,1,3,98000,1,3,2,0
1,4,1,1,1,1,7,2,3,2,1,2,6,1,3,44500,1,3,2,0
2,3,1,1,1,1,7,1,3,1,1,1,1,2,1,52404,1,1,3,0
2,1,1,1,1,15,3,1,2,1,1,1,1,1,1,86815,1,1,1,0
2,16,1,1,1,1,7,2,2,1,1,6,1,1,1,46992,1,1,3,0
1,20,1,2,1,1,1,2,3,1,1,3,1,1,1,31320,3,2,2,0
2,14,1,1,8,10,3,2,3,1,1,2,2,2,5,10860,3,2,2,0
2,4,1,3,7,1,7,1,3,1,1,1,1,2,3,85000,1,3,2,0
2,2,1,2,1,4,1,3,3,1,1,3,3,1,2,37571,2,2,2,0
2,7,2,3,1,1,1,2,3,1,1,6,1,1,1,36720,1,1,1,0
2,14,1,3,1,4,7,1,3,1,1,2,2,1,5,18720,3,2,2,0
2,2,1,3,1,1,1,3,3,1,1,1,6,1,2,18780,2,2,2,0
2,4,1,1,1,1,1,2,4,1,1,4,6,1,3,85000,1,3,2,0
2,7,1,1,1,1,1,1,3,1,1,3,1,1,1,66089,1,1,1,0
2,19,1,2,1,4,1,1,2,1,1,4,1,1,1,73433,1,1,3,0
2,7,3,1,1,1,3,2,3,1,1,2,1,2,1,79552,1,1,1,0
2,11,1,2,3,9,7,1,2,1,1,3,1,2,1,58746,1,1,1,0
2,4,1,1,5,1,4,2,1,1,1,4,1,1,3,315000,1,3,2,0
2,4,1,1,7,1,2,1,2,1,1,3,1,1,3,54000,1,3,2,0
2,1,1,1,1,1,3,3,2,1,1,3,1,2,1,76397,1,1,1,0
1,4,1,1,6,1,2,2,1,1,1,1,1,1,3,78000,1,3,2,0
2,11,1,2,1,7,3,1,2,1,1,3,2,1,1,68537,1,1,1,0
1,2,3,1,12,6,2,1,1,1,1,1,7,1,2,0,2,2,2,0
2,2,1,1,1,1,7,1,3,1,1,7,3,2,2,6204,2,2,2,0
1,12,1,4,1,13,3,1,2,1,1,6,1,2,3,64417,1,1,1,0
2,4,1,5,1,1,2,1,1,2,1,1,3,2,3,2000000,1,3,2,0
2,6,3,6,1,1,2,1,2,1,2,3,7,1,1,25476,2,2,2,0
2,4,1,2,7,4,5,2,4,2,1,2,1,1,3,80000,1,3,2,0
2,2,1,1,3,1,1,3,4,1,1,1,1,2,2,24420,2,2,2,0
2,16,1,2,3,1,3,2,4,2,1,1,2,2,1,48955,1,1,3,0
2,16,1,2,1,1,3,1,2,1,1,3,1,1,1,76064,1,1,3,0
2,7,1,2,1,1,4,2,3,1,1,3,1,2,1,54336,1,1,1,0
2,2,2,2,1,1,2,1,2,1,2,3,1,1,2,9396,2,2,2,0
2,4,1,1,6,4,5,3,1,2,1,1,6,1,3,101200,1,3,2,0
1,1,1,1,1,1,8,2,4,1,1,2,1,2,1,83342,1,1,1,0
2,4,1,2,7,1,5,1,4,1,1,2,2,1,3,70000,1,3,2,0
2,7,1,2,1,7,3,1,4,1,1,3,1,1,1,67313,1,1,1,0
1,19,1,7,1,5,4,1,3,1,1,4,1,2,1,73433,1,1,3,0
2,18,1,1,9,9,4,2,4,1,1,6,1,1,1,102184,1,1,3,0
2,2,1,1,1,1,2,2,1,1,1,1,3,1,2,10958,2,2,2,0
2,7,2,5,8,1,3,2,2,1,1,2,1,2,1,51408,1,1,1,0
2,16,1,1,12,4,2,2,1,1,1,6,1,1,1,40392,1,1,3,0
2,4,3,1,2,1,2,2,4,1,1,1,1,2,3,120000,1,3,2,0
1,13,1,6,1,1,1,1,3,1,1,5,1,1,1,35492,1,1,1,0
2,5,3,2,1,4,2,3,4,1,3,7,1,1,1,56460,2,2,1,0
2,15,1,1,1,1,11,1,3,1,1,5,1,2,2,100476,1,1,2,0
2,1,1,1,1,2,1,1,3,1,1,8,1,1,1,39588,1,1,1,0
1,14,1,2,8,13,7,2,4,1,1,3,1,1,5,842172,3,2,2,0
2,4,1,1,9,1,7,2,2,1,1,1,1,1,3,107000,1,3,2,0
1,1,1,1,1,1,7,2,1,1,1,8,1,1,1,50700,1,1,1,0
2,13,1,6,1,3,2,3,4,1,1,4,1,1,1,31821,1,1,1,0
1,2,1,2,1,7,1,2,3,1,1,3,1,1,2,225420,2,2,2,0
1,2,2,1,1,1,1,2,3,1,1,1,6,2,2,10332,2,2,2,0
2,7,3,1,1,1,3,1,2,1,1,6,1,1,1,19092,1,1,1,0
2,10,1,1,1,4,3,1,3,1,1,2,1,1,4,79973,1,1,1,0
2,2,2,1,1,1,2,2,1,1,1,2,1,1,2,4892,2,2,2,0
2,14,1,2,8,1,3,1,2,1,1,3,2,1,5,37428,3,2,2,0
2,1,1,2,1,1,3,1,2,1,1,2,1,1,1,87509,1,1,1,0
2,4,1,4,1,1,8,3,4,1,3,3,6,1,3,60000,1,3,2,0
2,4,1,2,1,5,1,2,2,1,1,3,1,1,3,120000,1,3,2,0
2,4,1,1,1,1,1,2,3,2,2,1,1,1,3,126000,1,3,2,0
2,1,1,7,7,1,7,1,2,1,1,3,1,1,1,138209,1,1,1,0
2,11,1,2,1,1,7,3,3,1,1,1,1,1,1,53851,1,1,1,0
2,7,3,1,2,8,2,2,4,1,1,5,1,1,1,58752,1,1,1,0
2,7,1,1,1,1,7,1,4,1,1,2,1,1,1,67313,1,1,1,0
2,7,1,2,9,1,7,2,4,1,1,3,4,1,1,67313,1,1,1,0
2,12,1,1,1,1,3,2,4,1,1,3,1,1,3,76495,1,1,1,0
2,4,1,2,1,1,3,2,3,1,3,3,1,1,3,66512,1,3,2,0
2,4,2,1,8,7,7,3,4,1,1,6,1,1,3,95000,1,3,2,0
1,4,1,1,8,1,1,1,2,1,1,5,1,2,3,157000,1,3,2,0
2,17,1,1,1,1,7,2,3,1,1,1,1,1,1,36720,1,1,3,0
2,1,1,3,3,1,5,1,4,1,1,7,1,1,1,916764,1,1,1,0
1,9,1,1,1,1,4,3,3,1,1,6,1,1,2,41328,2,2,2,0
2,2,1,1,1,4,2,1,3,1,1,1,3,1,2,8640,2,2,2,0
2,10,1,2,1,9,1,2,4,1,1,3,1,1,4,79973,1,1,1,0
2,4,1,4,12,4,7,2,4,1,1,6,1,2,3,111250,1,3,2,0
2,12,1,3,1,1,2,2,3,1,1,8,1,1,3,80521,1,1,1,0
2,4,1,1,3,1,2,2,4,1,1,1,1,1,3,120000,1,3,2,0
2,7,1,2,1,1,3,1,2,1,1,6,1,1,1,73428,1,1,1,0
2,2,1,1,1,1,5,2,4,1,1,2,3,2,2,2818,2,2,2,0
2,4,1,1,9,1,1,2,3,1,1,3,1,1,3,110000,1,3,2,0
2,16,1,2,1,1,4,2,3,1,1,5,4,1,1,85671,1,1,3,0
2,11,1,2,8,1,11,2,2,1,1,3,1,1,1,61194,1,1,1,0
2,1,1,3,3,13,5,2,2,1,1,1,1,2,1,55562,1,1,1,0
2,4,1,1,1,1,3,2,3,1,1,1,1,2,3,135000,1,3,2,0
1,6,1,1,1,1,7,2,2,1,1,2,1,1,1,24,2,2,2,0
1,5,1,2,1,4,4,1,1,1,1,3,4,2,1,37056,2,2,1,0
2,4,1,1,1,1,11,3,4,1,1,4,1,2,3,95000,1,3,2,0
2,1,1,5,1,1,2,1,4,1,1,2,1,1,1,62507,1,1,1,0
2,4,1,1,8,1,1,1,3,1,2,6,1,1,3,110000,1,3,2,0
2,1,2,2,7,14,7,2,4,1,1,3,1,1,1,38893,1,1,1,0
1,15,1,3,6,1,7,2,4,1,1,3,1,1,2,102804,1,1,2,0
1,4,1,1,9,1,3,3,3,1,3,6,1,1,3,116000,1,3,2,0
2,4,1,1,8,15,2,3,3,1,1,6,1,1,3,110000,1,3,2,0
2,2,1,1,1,1,2,2,1,1,1,9,6,2,2,15654,2,2,2,0
1,4,1,1,1,4,7,3,3,1,1,3,1,1,3,71000,1,3,2,0
2,9,1,1,1,1,2,3,3,1,1,1,4,1,2,21193,2,2,2,0
2,13,1,3,1,1,3,2,4,1,1,8,1,1,1,34269,1,1,1,0
2,12,1,1,8,1,2,1,1,1,1,2,1,1,3,60391,1,1,1,0
2,13,2,7,1,8,2,2,4,2,1,4,1,1,1,19092,1,1,1,0
1,4,1,1,1,1,7,2,3,1,1,3,1,1,3,72000,1,3,2,0
2,3,1,3,1,1,3,1,2,1,1,3,1,2,1,51648,1,1,3,0
1,2,1,1,3,1,2,3,3,1,1,3,3,1,2,14652,2,2,2,0
1,6,1,2,1,14,3,1,4,2,1,3,1,1,1,122050,2,2,2,0
2,7,1,2,1,5,7,2,2,2,1,3,1,2,1,82612,1,1,1,0
2,2,1,1,1,1,2,2,3,1,1,1,3,1,2,4692,2,2,2,0
2,10,1,2,12,1,11,3,2,1,1,1,1,1,4,95968,1,1,1,0
1,2,1,1,8,1,1,2,1,1,1,3,3,1,2,29117,2,2,2,0
2,4,1,1,1,1,3,2,2,1,1,1,1,1,3,105000,1,3,2,0
2,4,1,2,1,3,7,2,4,1,1,1,1,1,3,60000,1,3,2,0
1,4,1,1,12,1,1,2,1,1,1,6,1,2,3,140000,1,3,2,0
2,1,1,3,1,1,4,2,3,1,1,6,1,2,1,79175,1,1,1,0
1,2,2,1,1,1,2,1,4,1,1,3,3,1,2,15588,2,2,2,0
2,1,1,2,7,1,2,1,1,2,2,1,1,1,1,44449,1,1,1,0
1,4,1,1,1,2,7,2,3,1,1,8,1,1,3,142000,1,3,2,0
2,16,1,1,8,14,3,2,1,1,1,1,1,1,1,55812,1,1,3,0
2,20,1,2,2,1,7,3,1,1,1,8,1,2,1,6264,3,2,2,0
2,12,1,4,1,1,2,1,4,1,1,7,1,1,3,33819,1,1,1,0
2,4,1,3,8,1,7,3,3,1,1,8,1,2,3,57000,1,3,2,0
2,4,1,1,1,1,7,2,2,1,1,3,6,1,3,2000000,1,3,2,0
2,4,1,2,5,14,5,1,1,1,1,1,6,1,3,70000,1,3,2,0
1,4,1,1,4,9,5,1,4,2,1,8,1,1,3,90000,1,3,2,0
2,4,3,3,1,14,2,2,4,1,1,2,2,2,3,60000,1,3,2,0
1,1,1,3,9,1,4,2,2,1,1,1,1,2,1,69452,1,1,1,0
2,4,1,1,4,4,5,2,1,1,1,3,1,1,3,142000,1,3,2,0
2,15,3,3,1,1,3,3,3,1,1,1,1,1,2,84264,1,1,2,0
2,4,1,1,7,4,7,1,3,1,1,1,1,1,3,114000,1,3,2,0
2,4,1,1,5,14,5,2,3,1,1,4,1,1,3,73500,1,3,2,0
1,13,3,1,1,4,7,2,3,1,1,8,2,1,1,279048,1,1,1,0
1,4,1,1,1,1,4,2,3,1,1,1,1,1,3,110000,1,3,2,0
1,2,3,1,1,3,7,2,2,1,1,1,5,2,2,10332,2,2,2,0
2,4,1,1,1,1,7,2,2,1,1,3,1,1,3,230000,1,3,2,0
2,2,1,1,1,5,7,2,2,1,1,1,6,1,2,976836,2,2,2,0
2,17,1,2,1,1,7,1,2,1,1,3,1,1,1,38184,1,1,3,0
2,20,1,1,1,3,2,2,2,1,1,1,1,1,1,50000,3,2,2,0
1,2,1,1,7,3,2,3,3,1,1,7,6,1,2,9393,2,2,2,0
2,2,1,1,1,1,7,2,3,1,1,1,5,2,2,8610,2,2,2,0
2,4,3,1,1,3,7,2,3,1,1,1,1,2,3,110000,1,3,2,0
2,8,3,2,1,1,2,2,3,1,3,8,4,1,1,32316,1,1,1,0
2,2,1,2,1,1,7,2,3,2,1,3,3,1,2,26612,2,2,2,0
2,4,2,1,1,1,7,3,3,1,1,8,1,2,3,95000,1,3,2,0
2,4,1,2,8,4,3,1,1,1,1,8,1,1,3,74500,1,3,2,0
2,4,1,1,1,1,4,2,4,1,1,4,6,1,3,110000,1,3,2,0
2,4,1,4,1,1,4,2,3,1,1,8,1,2,3,27500,1,3,2,0
2,4,1,1,1,4,3,2,1,1,1,1,1,1,3,47000,1,3,2,0
2,1,3,1,4,1,2,2,4,2,1,1,3,1,1,58340,1,1,1,0
2,16,3,2,2,1,2,3,3,1,1,4,1,2,1,44064,1,1,3,0
2,1,1,1,1,1,4,2,3,1,1,1,1,1,1,52783,1,1,1,0
2,15,1,5,3,7,4,2,1,1,1,2,1,1,2,124632,1,1,2,0
2,4,1,9,6,1,2,3,2,1,1,2,1,1,3,52000,1,3,2,0
1,2,1,2,1,1,3,2,3,1,1,7,3,1,2,16908,2,2,2,0
1,4,1,3,8,14,1,2,2,1,1,3,4,1,3,57000,1,3,2,0
1,4,1,1,1,13,7,2,2,1,1,1,1,1,3,75000,1,3,2,0
1,4,3,4,6,4,8,2,3,1,1,3,1,2,3,70000,1,3,2,0
2,4,1,2,1,1,3,2,2,1,1,6,1,1,3,97000,1,3,2,0
1,14,1,4,1,1,1,2,3,2,1,2,6,1,5,30692,3,2,2,0
2,2,2,1,8,1,7,2,3,1,1,8,6,2,2,3288,2,2,2,0
2,2,1,1,1,1,2,1,2,1,1,2,3,1,2,15654,2,2,2,0
1,11,1,2,5,4,1,2,2,1,1,1,1,2,1,55075,1,1,1,0
2,4,1,1,1,1,7,2,1,1,1,3,1,1,3,696000,1,3,2,0
2,12,1,1,3,1,7,2,1,1,1,1,1,1,3,64417,1,1,1,0
1,2,1,1,1,2,1,2,3,1,1,9,3,2,2,11268,2,2,2,0
2,14,1,5,1,1,2,1,1,1,1,1,1,1,5,6360,3,2,2,0
2,4,1,1,1,1,7,2,2,1,1,1,1,1,3,60000,1,3,2,0
2,10,1,1,1,1,1,1,2,1,2,1,1,1,4,71976,1,1,1,0
2,14,2,1,1,1,5,3,3,1,1,2,2,1,5,9360,3,2,2,0
2,11,1,2,3,1,7,2,3,1,1,3,1,1,1,44060,1,1,1,0
2,18,3,5,8,4,7,2,3,1,1,8,1,1,1,82584,1,1,3,0
2,4,1,1,7,1,5,2,4,1,1,3,1,1,3,60000,1,3,2,0
2,4,1,2,1,1,5,1,3,1,1,1,3,1,3,66000,1,3,2,0
2,14,1,5,1,9,11,2,3,1,1,2,2,1,5,4944,3,2,2,0
2,7,1,1,1,3,2,2,4,1,4,1,1,1,1,67313,1,1,1,0
2,14,3,1,1,1,2,3,3,1,1,1,1,1,5,18720,3,2,2,0
2,11,1,2,1,2,1,1,3,1,1,2,1,1,1,616836,1,1,1,0
2,2,1,2,8,1,2,2,2,1,1,8,2,1,2,3756,2,2,2,0
2,11,1,2,1,1,1,3,1,1,1,1,1,1,1,36720,1,1,1,0
2,6,1,2,1,1,1,2,1,1,1,8,1,1,1,29724,2,2,2,0
2,4,1,1,1,1,7,2,4,1,3,1,1,1,3,130000,1,3,2,0
2,7,1,1,1,1,3,2,2,1,1,1,1,1,1,76492,1,1,1,0
2,14,2,1,1,1,3,2,2,1,1,2,2,1,5,18720,3,2,2,0
2,12,1,1,1,1,4,1,3,2,1,1,3,2,3,112730,1,1,1,0
2,4,1,2,1,1,1,1,3,1,1,2,1,1,3,120000,1,3,2,0
1,12,1,1,1,1,1,2,4,1,1,3,1,1,3,68443,1,1,1,0
2,9,2,1,7,1,4,2,3,1,1,3,1,1,2,31788,2,2,2,0
1,12,1,3,1,1,4,2,2,1,1,2,1,1,3,67638,1,1,1,0
2,4,1,3,9,6,2,2,3,1,1,2,1,1,3,30000,1,3,2,0
2,4,1,2,3,3,2,1,4,1,1,3,6,1,3,85000,1,3,2,0
2,7,1,2,1,3,3,2,1,1,1,8,1,1,1,51408,1,1,1,0
2,7,1,5,1,1,7,1,3,1,1,2,1,1,1,44064,1,1,1,0
1,14,1,1,1,7,3,2,3,1,1,1,1,1,5,25080,3,2,2,0
2,2,1,5,1,2,5,3,1,1,1,1,3,1,2,4512,2,2,2,0
1,2,1,3,1,4,2,1,4,1,1,9,3,1,2,7512,2,2,2,0
2,16,1,2,7,1,11,2,3,1,1,1,1,1,1,61683,1,1,3,0
2,4,1,1,1,1,4,2,2,2,2,4,1,1,3,103300,1,3,2,0
2,1,2,2,1,14,4,2,3,1,1,7,6,2,1,58340,1,1,1,0
2,4,1,1,1,1,7,2,4,1,1,1,1,1,3,100000,1,3,2,0
2,13,1,1,1,9,3,1,2,1,1,1,2,2,1,48955,1,1,1,0
2,2,1,3,3,1,11,3,3,1,1,1,3,1,2,11268,2,2,2,0
2,7,1,5,1,1,7,2,4,1,4,2,1,1,1,660900,1,1,1,0
2,15,1,3,1,3,1,2,2,1,1,4,1,2,2,119364,1,1,2,0
1,11,1,1,1,1,1,2,3,1,1,3,1,1,1,91791,1,1,1,0
2,13,1,2,1,1,1,1,4,1,1,1,2,1,1,50179,1,1,1,0
2,4,1,1,1,13,7,2,2,1,1,2,1,2,3,2000000,1,3,2,0
2,7,1,1,1,1,7,2,4,1,1,9,1,1,1,55075,1,1,1,0
2,1,1,7,1,1,11,3,1,1,1,3,1,1,1,113207,1,1,1,0
2,4,1,1,1,3,1,2,2,1,1,3,1,2,3,110000,1,3,2,0
1,4,1,2,8,3,7,1,4,1,1,1,1,1,3,135000,1,3,2,0
2,4,1,1,1,4,1,2,4,1,1,5,1,1,3,60000,1,3,2,0
2,7,1,1,1,1,1,2,3,1,1,1,2,1,1,63636,1,1,1,0
2,9,1,2,1,2,1,1,3,1,1,7,1,2,2,31788,2,2,2,0
2,2,1,1,1,1,7,2,3,1,1,1,3,1,2,18785,2,2,2,0
2,1,1,3,11,4,3,1,3,1,1,2,1,1,1,60423,1,1,1,0
2,1,1,1,1,1,7,2,3,1,1,2,1,1,1,58340,1,1,1,0
1,4,1,1,1,1,3,1,4,2,1,4,1,1,3,130000,1,3,2,0
2,7,3,2,1,8,7,1,2,1,1,7,1,2,1,42588,1,1,1,0
2,4,1,1,1,1,7,1,4,1,1,1,1,1,3,65000,1,3,2,0
2,7,3,1,9,6,5,3,3,1,1,3,1,1,1,44060,1,1,1,0
1,4,1,1,8,1,3,3,4,1,1,2,1,2,3,120000,1,3,2,0
1,4,1,1,3,1,7,2,4,1,1,5,5,1,3,155250,1,3,2,0
2,6,1,2,1,1,1,2,3,1,1,3,1,1,1,21228,2,2,2,0
1,12,2,2,7,1,1,2,3,1,1,1,1,2,3,96626,1,1,1,0
2,4,1,1,1,1,7,2,3,1,1,1,1,1,3,84000,1,3,2,0
2,14,3,6,8,9,4,2,4,1,1,1,1,2,5,11232,3,2,2,0
2,4,1,1,1,1,1,3,2,1,1,1,3,1,3,195000,1,3,2,0
2,4,1,2,4,1,5,1,1,1,1,4,1,1,3,57000,1,3,2,0
2,15,1,5,8,1,3,2,1,1,1,2,4,2,2,24576,1,1,2,0
1,4,1,2,1,1,11,2,3,1,1,8,7,1,3,205000,1,3,2,0
2,2,2,2,1,1,7,2,4,1,1,1,6,1,2,9396,2,2,2,0
2,4,1,1,1,4,3,1,2,1,1,1,1,1,3,90000,1,3,2,0
1,4,1,1,12,1,4,2,2,1,1,8,1,1,3,110000,1,3,2,0
2,19,1,1,4,19,2,2,2,1,1,2,1,1,1,58752,1,1,3,0
2,4,1,1,1,1,7,1,2,1,1,1,1,1,3,90000,1,3,2,0
2,4,1,2,1,15,2,2,3,1,1,3,3,1,3,125000,1,3,2,0
2,7,1,2,6,14,7,2,3,1,1,2,1,1,1,63030,1,1,1,0
2,7,1,1,7,1,7,1,4,1,1,2,2,1,1,63642,1,1,1,0
1,10,1,1,1,1,3,1,3,1,1,4,6,2,4,119960,1,1,1,0
1,7,1,2,1,9,1,2,2,1,1,5,1,1,1,58746,1,1,1,0
2,7,2,1,5,8,2,2,4,1,1,3,1,1,1,29376,1,1,1,0
2,2,1,2,1,1,3,2,3,1,1,8,3,1,2,6012,2,2,2,0
2,9,1,1,1,1,3,2,3,1,1,1,3,1,2,34968,2,2,2,0
2,7,1,1,1,1,7,2,3,2,2,1,1,1,1,697610,1,1,1,0
2,17,1,2,1,4,3,1,3,1,1,2,6,2,1,55075,1,1,3,0
2,7,1,1,1,1,7,4,2,1,1,2,1,2,1,85671,1,1,1,1
2,12,1,1,1,11,7,3,1,1,1,1,1,1,3,42676,1,1,1,0
2,2,1,1,1,1,7,2,1,1,1,1,6,1,2,7680,2,2,2,0
1,20,2,1,1,1,2,1,1,1,1,1,1,2,1,10800,3,2,2,0
2,1,1,2,1,15,3,2,2,1,1,2,1,1,1,55562,1,1,1,0
2,7,1,4,1,1,2,3,4,1,2,2,1,1,1,44280,1,1,1,0
2,4,1,1,1,1,1,3,3,1,1,3,6,1,3,55000,1,3,2,0
2,12,1,1,5,1,2,3,2,1,1,3,1,1,3,44126,1,1,1,0
2,5,1,1,1,1,2,2,4,1,1,2,1,1,1,49404,2,2,1,0
2,13,2,3,1,15,1,2,1,1,1,3,1,1,1,514032,1,1,1,0
2,7,1,4,1,1,11,3,3,1,1,2,1,2,1,33045,1,1,1,0
2,2,1,2,1,1,7,2,3,1,1,2,1,2,2,6012,2,2,2,0
2,4,1,1,7,1,2,2,1,1,1,4,5,1,3,68640,1,3,2,0
2,17,1,2,3,9,7,1,2,1,1,8,1,1,1,625644,1,1,3,0
2,4,1,1,7,15,2,2,1,1,1,3,1,1,3,78000,1,3,2,0
2,5,1,2,3,1,11,2,1,1,1,7,3,1,1,35280,2,2,1,0
2,2,1,1,1,3,2,2,2,1,1,3,1,1,2,6575,2,2,2,0
2,7,1,1,8,1,1,2,3,1,1,6,1,1,1,44064,1,1,1,0
2,2,1,1,1,1,7,2,4,1,1,6,3,1,2,11652,2,2,2,0
2,2,1,1,1,3,7,3,2,1,2,7,3,1,2,6012,2,2,2,0
2,14,1,2,12,1,1,2,2,1,1,1,2,1,5,26952,3,2,2,0
2,2,1,1,1,1,2,2,4,1,4,3,4,2,2,5976,2,2,2,0
1,1,1,1,1,1,7,2,4,1,1,2,1,1,1,58340,1,1,1,0
2,15,1,2,1,1,2,2,2,1,1,7,1,1,2,98304,1,1,2,0
2,2,1,1,1,1,2,1,2,1,2,9,1,1,2,9393,2,2,2,0
2,8,1,1,12,1,2,2,3,1,1,8,1,1,1,73433,1,1,1,0
1,4,1,1,8,3,2,1,4,1,1,1,1,1,3,69000,1,3,2,0
2,4,1,1,1,1,7,2,1,1,1,8,2,1,3,70000,1,3,2,0
2,4,1,1,1,1,4,1,2,1,1,7,1,1,3,120000,1,3,2,0
2,2,1,1,8,3,5,1,2,1,1,1,3,1,2,3348,2,2,2,0
2,12,1,1,1,1,7,1,2,1,1,1,1,1,3,132860,1,1,1,0
2,4,1,1,1,1,1,3,4,1,1,1,1,1,3,80000,1,3,2,0
2,4,1,1,1,1,3,2,4,1,1,3,1,1,3,100000,1,3,2,0
1,4,1,1,1,3,2,3,3,1,1,2,3,2,3,70000,1,3,2,0
2,4,1,2,3,2,7,2,2,1,1,3,3,1,3,150000,1,3,2,0
2,5,1,1,1,1,2,2,1,1,1,3,1,1,1,38820,2,2,1,0
2,18,1,1,1,1,3,1,2,1,1,6,1,1,1,88629,1,1,3,0
2,7,2,1,6,1,2,2,4,1,1,2,1,1,1,30597,1,1,1,0
2,4,1,1,8,1,2,2,3,1,1,1,1,1,3,75000,1,3,2,0
2,4,1,1,1,1,11,1,4,1,1,2,1,2,3,0,1,3,2,0
1,18,1,1,1,1,1,3,4,1,1,7,1,1,1,65064,1,1,3,0
2,1,1,1,9,12,7,1,2,1,1,2,1,1,1,23614,1,1,1,0
2,4,1,1,8,15,2,2,3,1,1,7,2,2,3,94000,1,3,2,0
2,6,1,2,1,1,2,2,2,1,1,1,1,1,1,10620,2,2,2,0
2,4,1,1,1,1,1,1,1,1,1,3,1,2,3,110000,1,3,2,0
2,4,1,3,1,1,7,2,3,1,1,6,2,2,3,65000,1,3,2,0
2,4,1,1,1,7,7,1,2,1,1,3,1,1,3,86000,1,3,2,0
2,4,1,1,1,7,1,1,2,1,1,8,1,2,3,130000,1,3,2,0
2,7,1,3,9,1,4,1,4,1,1,3,1,1,1,63642,1,1,1,0
2,19,2,2,1,16,4,2,1,1,1,2,1,1,1,32316,1,1,3,0
2,7,1,2,1,1,3,1,2,1,1,1,2,1,1,70985,1,1,1,0
2,20,1,2,2,2,2,3,3,2,1,5,1,1,1,32316,3,2,2,0
2,4,1,1,1,1,4,2,1,1,1,1,1,2,3,127500,1,3,2,0
2,4,3,1,4,1,2,2,3,1,1,3,1,1,3,90000,1,3,2,0
1,2,1,1,1,1,2,2,3,1,1,1,5,1,2,10645,2,2,2,0
2,12,1,1,1,1,1,2,2,1,1,8,1,1,3,66833,1,1,1,0
2,4,1,1,1,1,3,1,4,1,1,1,1,1,3,192000,1,3,2,0
2,7,1,2,1,4,1,2,2,1,1,3,1,1,1,68537,1,1,1,0
2,4,1,1,1,1,3,1,2,1,1,1,1,1,3,90000,1,3,2,0
2,4,1,1,7,6,7,2,2,2,2,4,1,2,3,70000,1,3,2,0
2,1,1,1,1,1,4,2,4,1,1,3,1,1,1,48616,1,1,1,0
2,10,1,3,1,1,4,2,4,1,1,8,1,2,4,111963,1,1,1,0
2,7,1,2,1,5,4,1,3,1,1,2,1,1,1,90567,1,1,1,0
2,4,1,1,1,1,3,2,2,1,3,2,1,2,3,130000,1,3,2,0
2,2,2,3,8,1,7,2,3,1,1,7,3,1,2,15024,2,2,2,0
2,7,3,2,7,1,2,2,2,1,3,4,1,1,1,19392,1,1,1,0
2,2,1,1,1,2,3,2,2,1,1,1,3,2,2,31309,2,2,2,0
1,18,1,5,4,1,7,1,2,1,1,2,1,1,1,62556,1,1,3,0
2,4,1,1,1,2,3,1,1,1,1,5,1,1,3,150000,1,3,2,0
2,10,1,1,1,4,3,3,1,1,1,3,1,1,4,63979,1,1,1,0
2,12,1,1,1,1,2,2,3,1,1,1,1,2,3,34785,1,1,1,0
2,2,1,1,1,1,2,2,2,1,1,1,3,1,2,8140,2,2,2,0
2,2,2,2,1,1,3,2,3,1,1,7,3,2,2,37571,2,2,2,0
1,4,1,1,1,1,3,2,4,1,1,3,1,1,3,2000000,1,3,2,0
2,16,1,2,1,1,3,2,3,1,1,2,1,1,1,61194,1,1,3,0
2,16,1,2,1,1,3,2,2,2,1,1,1,1,1,69761,1,1,3,0
2,4,1,1,1,1,1,3,2,1,4,1,1,1,3,80000,1,3,2,0
2,2,2,2,1,1,2,2,3,1,2,3,3,1,2,3564,2,2,2,0
2,4,1,1,1,1,1,2,4,1,1,1,1,1,3,147000,1,3,2,0
1,3,1,2,3,1,7,1,4,2,1,2,1,1,1,49404,1,1,3,0
2,1,1,1,1,2,7,2,3,1,1,3,1,1,1,86120,1,1,1,0
2,8,1,2,1,4,3,1,1,1,1,2,1,1,1,34269,1,1,1,0
2,4,1,2,5,14,2,2,2,1,1,4,4,2,3,100000,1,3,2,0
1,6,1,2,8,3,7,2,4,2,1,2,1,1,1,8496,2,2,2,0
2,2,1,1,1,4,7,1,2,1,1,2,1,2,2,14089,2,2,2,0
2,2,3,1,6,15,2,3,3,1,1,7,1,1,2,5640,2,2,2,0
1,4,1,3,4,1,2,2,4,1,1,5,1,1,3,65000,1,3,2,0
2,1,1,1,7,4,1,2,1,2,4,2,5,1,1,76397,1,1,1,0
2,12,1,1,1,1,7,1,3,1,1,1,6,1,3,50728,1,1,1,0
2,4,1,1,1,1,1,2,1,2,1,9,1,1,3,68000,1,3,2,0
2,4,1,1,1,1,7,3,3,1,2,1,1,1,3,65000,1,3,2,0
2,17,1,1,8,13,7,4,4,1,1,2,1,1,1,35184,1,1,3,1
2,10,1,2,1,4,3,1,2,1,1,4,1,2,4,95968,1,1,1,0
2,1,1,3,8,1,1,2,2,1,1,8,1,1,1,666744,1,1,1,0
2,4,1,1,4,1,1,2,1,1,1,1,1,1,3,132500,1,3,2,0
2,10,1,1,1,1,3,2,3,1,1,4,6,1,4,95968,1,1,1,0
2,15,1,1,1,1,3,1,1,2,1,5,1,2,2,42132,1,1,2,0
2,7,2,1,1,1,1,2,4,1,1,8,1,1,1,52872,1,1,1,0
2,4,2,1,8,3,7,2,1,1,1,5,1,1,3,120000,1,3,2,0
2,1,1,1,1,1,7,2,1,1,1,1,1,1,1,63201,1,1,1,0
2,7,1,1,1,1,4,2,2,1,1,3,1,1,1,95462,1,1,1,0
2,12,3,1,5,1,2,1,3,1,1,3,1,2,3,40261,1,1,1,0
2,4,1,2,1,7,4,2,4,1,1,2,2,1,3,110000,1,3,2,0
2,2,1,1,12,1,7,2,2,1,1,9,3,1,2,5076,2,2,2,0
2,11,1,2,1,3,3,2,2,1,1,1,1,2,1,798624,1,1,1,0
2,9,1,1,1,4,7,2,3,1,1,2,1,1,2,28608,2,2,2,0
2,4,1,2,4,13,2,2,2,1,1,3,1,1,3,60000,1,3,2,0
2,15,1,1,1,1,2,1,2,1,1,3,1,1,2,61440,1,1,2,0
1,4,1,1,1,1,5,2,2,1,1,7,2,1,3,67000,1,3,2,0
2,2,1,2,1,2,2,2,2,1,1,6,3,1,2,3384,2,2,2,0
2,7,1,1,1,1,4,2,2,1,4,3,1,2,1,58746,1,1,1,0
2,17,1,3,1,11,2,2,4,1,1,8,1,1,1,52872,1,1,3,0
2,10,1,1,1,4,7,3,3,1,1,1,3,1,4,77974,1,1,1,0
2,4,1,2,1,1,1,1,4,1,1,3,7,1,3,85000,1,3,2,0
2,12,1,1,1,1,2,1,3,2,1,3,1,1,3,40261,1,1,1,0
2,6,1,6,1,1,7,1,2,1,1,5,1,1,1,28656,2,2,2,0
2,13,2,5,1,1,1,2,2,1,1,8,1,2,1,22032,1,1,1,0
2,9,1,1,1,1,11,2,3,1,1,1,1,1,2,38148,2,2,2,0
2,8,1,2,1,1,4,2,2,1,3,2,1,1,1,22032,1,1,1,0
2,1,1,2,3,4,7,2,1,1,1,1,1,1,1,62507,1,1,1,0
1,1,1,1,1,1,4,1,3,1,1,8,1,1,1,62507,1,1,1,0
2,4,1,1,1,2,1,2,2,1,1,3,1,1,3,85000,1,3,2,0
2,7,1,5,8,1,2,2,2,1,1,2,1,1,1,14688,1,1,1,0
2,7,1,5,1,5,1,2,2,1,1,1,1,1,1,80776,1,1,1,0
2,7,1,5,3,1,3,1,2,1,2,1,1,2,1,27900,1,1,1,0
2,4,1,1,1,1,4,2,1,1,1,2,1,1,3,160000,1,3,2,0
2,4,1,2,1,1,7,2,4,1,1,3,6,1,3,137000,1,3,2,0
1,6,1,8,1,1,2,2,2,1,1,6,1,2,1,10615,2,2,2,0
2,10,1,1,1,15,1,2,4,1,1,3,1,1,4,63979,1,1,1,0
2,8,1,2,1,1,7,3,1,1,1,3,1,1,1,293731,1,1,1,0
2,2,1,2,1,1,1,3,1,1,1,1,6,1,2,25047,2,2,2,0
2,11,1,2,1,1,3,1,3,1,1,8,1,1,1,61680,1,1,1,0
2,1,1,3,1,1,7,1,1,1,1,4,1,2,1,966768,1,1,1,0
2,10,1,1,8,1,11,2,2,1,1,2,1,2,4,95968,1,1,1,0
2,2,2,1,1,1,5,3,4,1,1,2,1,1,2,3792,2,2,2,0
2,10,1,1,1,11,1,4,3,1,1,6,1,1,4,35988,1,1,1,1
2,4,1,1,5,9,3,2,2,2,2,5,1,1,3,116000,1,3,2,0
2,1,1,3,1,1,1,2,4,1,1,2,1,1,1,72925,1,1,1,0
1,4,1,1,1,1,7,2,3,1,1,5,1,2,3,100000,1,3,2,0
2,14,1,3,1,1,1,1,1,1,2,1,2,1,5,18336,3,2,2,0
1,14,1,1,8,1,1,2,4,1,1,1,1,1,5,18684,3,2,2,0
2,6,1,3,1,1,3,3,3,1,1,3,1,1,1,17616,2,2,2,0
2,16,3,4,7,15,4,2,4,2,1,3,1,1,1,52872,1,1,3,0
1,4,1,2,8,1,1,1,2,1,1,3,1,2,3,85000,1,3,2,0
2,20,1,2,3,15,1,2,3,1,1,1,1,1,1,21612,3,2,2,0
2,4,1,1,8,1,3,1,2,1,1,1,1,2,3,104000,1,3,2,0
2,4,1,2,1,1,1,2,2,1,1,1,1,2,3,96000,1,3,2,0
2,2,2,1,1,2,7,1,2,1,1,3,3,2,2,13716,2,2,2,0
2,7,1,5,1,4,1,2,3,1,1,2,1,1,1,61194,1,1,1,0
2,4,1,3,1,1,4,3,3,1,1,1,1,1,3,145000,1,3,2,0
2,10,2,1,1,1,7,1,3,1,1,2,6,1,4,149950,1,1,1,0
2,4,1,1,1,4,7,2,2,1,2,4,1,1,3,110000,1,3,2,0
2,2,1,2,1,2,2,2,4,1,1,7,1,1,2,21600,2,2,2,0
2,16,3,2,4,1,2,2,2,2,1,3,1,1,1,72696,1,1,3,0
1,14,1,1,8,1,3,1,4,1,1,1,3,1,5,29196,3,2,2,0
2,12,1,1,1,1,7,2,2,1,1,6,1,1,3,48393,1,1,1,0
2,14,1,1,1,1,1,2,2,1,1,3,1,2,5,25500,3,2,2,0
2,7,1,2,1,1,7,1,4,1,1,3,1,1,1,62418,1,1,1,0
2,7,2,1,1,1,7,2,2,1,1,3,1,1,1,14100,1,1,1,0
1,4,1,1,1,1,3,1,4,1,1,5,3,1,3,64000,1,3,2,0
2,2,1,1,1,1,7,2,1,1,1,9,3,1,2,23482,2,2,2,0
1,5,1,2,1,4,1,2,3,1,1,2,6,2,1,49404,2,2,1,0
2,4,1,1,8,1,4,2,4,1,1,8,1,1,3,122000,1,3,2,0
2,4,1,2,4,1,2,1,3,1,1,1,1,2,3,88000,1,3,2,0
2,4,1,1,1,9,3,1,2,1,1,1,1,1,3,107000,1,3,2,0
2,4,1,4,11,1,11,2,2,1,1,3,1,2,3,98000,1,3,2,0
2,8,1,1,1,1,1,2,2,2,2,2,1,1,1,42732,1,1,1,0
2,18,1,2,3,1,7,2,3,1,1,1,1,1,1,104269,1,1,3,0
2,4,1,4,12,3,3,3,2,2,1,3,1,1,3,130000,1,3,2,0
2,2,1,1,1,1,7,3,1,1,1,7,1,2,2,11268,2,2,2,0
2,4,1,1,3,2,2,2,2,1,1,9,3,1,3,112000,1,3,2,0
2,4,1,4,1,1,7,2,3,1,1,3,1,1,3,74000,1,3,2,0
2,16,1,1,1,1,1,1,3,1,1,2,1,1,1,54336,1,1,3,0
1,11,1,2,1,4,1,2,3,1,1,1,1,2,1,1000000,1,1,1,0
1,12,1,1,1,1,2,2,4,1,1,2,1,1,3,1000000,1,1,1,0
2,2,1,1,1,3,2,2,1,1,1,4,3,1,2,10175,2,2,2,0
1,4,1,2,3,1,2,1,4,1,1,5,1,2,3,162000,1,3,2,0
2,14,1,1,6,14,7,3,4,1,1,1,1,1,5,20964,3,2,2,0
1,4,1,2,5,1,7,1,1,1,1,1,1,1,3,170000,1,3,2,0
2,20,2,5,1,1,7,2,2,1,1,4,1,1,1,9600,3,2,2,0
1,4,1,1,8,1,2,1,4,1,1,1,1,1,3,61000,1,3,2,0
2,4,1,3,7,3,5,1,2,1,1,5,1,1,3,93000,1,3,2,0
1,7,1,2,3,7,7,1,3,1,1,9,7,1,1,91791,1,1,1,0
2,7,1,2,8,1,3,2,2,1,1,3,1,1,1,55809,1,1,1,0
2,2,1,1,1,1,7,1,3,1,1,2,6,2,2,281784,2,2,2,0
2,11,1,2,1,1,1,2,2,1,1,2,1,1,1,42836,1,1,1,0
2,12,1,1,1,1,11,3,3,1,1,1,1,1,3,71664,1,1,1,0
2,2,2,1,1,4,7,2,2,1,1,8,1,1,2,14580,2,2,2,0
1,8,1,1,1,4,1,1,2,1,1,7,1,1,1,29373,1,1,1,0
2,2,1,1,1,1,7,2,3,1,1,3,6,1,2,6575,2,2,2,0
2,16,1,1,1,1,3,1,2,1,1,2,1,1,1,53973,1,1,3,0
2,4,1,1,9,1,7,2,2,1,1,3,1,1,3,115000,1,3,2,0
2,4,1,1,6,1,5,1,1,2,1,3,1,1,3,112000,1,3,2,0
2,4,1,2,6,14,5,1,4,1,1,1,1,1,3,60000,1,3,2,0
2,4,1,2,3,16,1,1,1,1,1,4,1,2,3,48000,1,3,2,0
2,4,3,1,5,1,2,1,1,1,1,5,1,1,3,53300,1,3,2,0
2,13,1,1,1,3,7,2,4,1,1,2,1,1,1,39164,1,1,1,0
2,4,1,3,5,1,7,2,2,1,1,2,1,1,3,24000,1,3,2,0
2,7,1,1,9,3,7,2,2,1,1,3,1,1,1,46507,1,1,1,0
2,12,1,1,1,1,4,2,2,1,1,4,1,1,3,103550,1,1,1,0
2,4,1,1,8,13,11,2,2,1,1,1,1,1,3,84000,1,3,2,0
2,16,1,7,7,1,1,3,4,1,1,3,1,1,1,84448,1,1,3,0
2,4,1,1,7,1,2,2,4,1,1,3,1,1,3,137000,1,3,2,0
2,7,1,1,3,1,5,2,3,1,1,4,1,1,1,67313,1,1,1,0
2,1,1,2,7,13,7,1,1,1,1,1,1,1,1,500052,1,1,1,0
2,6,2,2,1,1,1,2,2,2,1,6,1,1,1,6372,2,2,2,0
2,11,1,2,1,4,1,2,4,1,1,2,5,1,1,41612,1,1,1,0
2,12,1,1,1,1,1,1,4,1,1,5,1,2,3,96626,1,1,1,0
2,1,1,2,7,1,7,2,3,1,1,1,1,1,1,120291,1,1,1,0
1,1,1,1,1,1,8,3,3,1,3,1,1,1,1,118068,1,1,1,0
2,14,2,1,1,1,3,2,2,1,1,1,1,1,5,25452,3,2,2,0
2,4,1,2,3,8,7,2,1,1,1,5,1,1,3,65000,1,3,2,0
2,4,1,1,1,2,1,1,3,1,1,3,1,1,3,132180,1,3,2,0
2,7,1,2,8,1,11,1,2,2,1,1,1,1,1,38916,1,1,1,0
2,9,2,2,1,1,1,3,3,1,1,1,1,1,2,18000,2,2,2,0
2,5,1,2,1,1,1,2,2,1,1,2,1,1,1,45876,2,2,1,0
2,4,1,1,1,1,1,3,3,1,1,3,1,1,3,105000,1,3,2,0
2,2,1,1,1,3,7,2,4,1,4,6,3,1,2,14089,2,2,2,0
2,17,1,1,1,1,1,3,3,1,1,9,1,1,1,36720,1,1,3,0
2,2,1,1,1,1,1,2,4,1,1,7,3,2,2,23482,2,2,2,0
2,2,1,1,1,1,7,2,3,1,4,2,3,1,2,6576,2,2,2,0
2,2,1,1,1,1,1,2,3,1,1,1,3,2,2,45398,2,2,2,0
2,15,2,1,1,4,2,2,3,1,1,7,4,1,2,56172,1,1,2,0
2,12,1,1,7,3,7,3,3,1,1,1,1,1,3,96626,1,1,1,0
2,12,1,1,1,14,9,3,3,1,1,1,1,1,3,57975,1,1,1,0
2,4,1,3,3,1,3,2,3,1,1,3,1,2,3,106000,1,3,2,0
2,12,1,1,1,4,2,1,3,1,1,1,1,1,3,80521,1,1,1,0
2,9,1,1,1,1,3,3,4,1,1,8,1,2,2,69372,2,2,2,0
1,4,1,1,6,4,1,2,2,1,1,1,1,2,3,73250,1,3,2,0
2,7,1,2,1,1,4,2,4,1,1,3,1,1,1,85671,1,1,1,0
2,13,1,2,1,1,1,2,1,2,1,7,1,1,1,24478,1,1,1,0
2,5,1,2,8,1,1,2,3,1,1,3,1,1,1,44460,2,2,1,0
2,4,1,1,1,1,3,1,2,1,1,1,2,1,3,115000,1,3,2,0
2,4,1,2,1,1,1,2,1,1,1,1,1,1,3,90000,1,3,2,0
2,1,1,1,1,1,7,3,1,1,1,2,1,1,1,40282,1,1,1,0
2,4,1,2,1,1,2,2,1,1,1,6,1,1,3,76000,1,3,2,0
2,2,1,2,1,3,1,3,1,1,1,1,3,1,2,150288,2,2,2,0
2,4,3,1,1,4,7,1,2,1,2,3,1,1,3,92000,1,3,2,0
2,16,1,1,8,1,1,1,2,1,1,2,1,1,1,74657,1,1,3,0
2,9,3,4,1,1,7,2,3,1,1,1,1,1,2,21300,2,2,2,0
2,4,1,1,1,1,7,3,1,1,1,1,1,1,3,130000,1,3,2,0
1,1,1,1,1,1,4,1,3,1,1,8,1,2,1,62507,1,1,1,0
2,4,1,1,1,1,4,2,2,1,1,2,1,1,3,125000,1,3,2,0
1,7,1,1,1,1,1,2,3,1,1,2,1,1,1,29376,1,1,1,0
2,4,1,2,2,8,7,2,4,1,1,1,2,1,3,125000,1,3,2,0
2,12,3,1,1,18,5,2,4,2,1,2,1,1,3,32209,1,1,1,0
1,4,1,1,1,3,7,2,1,1,1,1,3,1,3,78000,1,3,2,0
2,14,1,3,1,1,1,3,2,1,1,1,2,1,5,23952,3,2,2,0
2,19,1,6,8,4,1,3,3,1,1,2,1,1,1,66084,1,1,3,0
1,2,1,1,8,2,7,1,3,1,1,1,1,2,2,16437,2,2,2,0
2,4,1,3,6,2,7,2,4,1,1,3,1,1,3,93500,1,3,2,0
2,7,1,1,5,1,7,3,3,1,1,1,1,1,1,44060,1,1,1,0
2,12,1,1,1,3,1,2,3,1,1,8,1,1,3,35027,1,1,1,0
1,4,1,1,1,15,7,1,4,1,1,1,1,1,3,85000,1,3,2,0
1,4,3,4,5,1,3,2,2,1,1,3,1,1,3,140000,1,3,2,0
2,2,2,1,1,4,7,2,3,2,1,2,4,1,2,112716,2,2,2,0
1,9,1,1,1,1,1,2,3,1,1,1,4,1,2,28608,2,2,2,0
2,1,1,1,12,1,1,2,3,1,1,9,1,1,1,72230,1,1,1,0
1,2,1,2,1,1,7,2,4,1,1,7,1,1,2,13152,2,2,2,0
2,9,1,1,8,1,4,2,3,1,1,6,4,2,2,30204,2,2,2,0
2,2,2,1,3,1,2,1,3,1,1,1,3,1,2,13306,2,2,2,0
2,4,1,1,1,1,2,2,2,1,1,1,2,1,3,85000,1,3,2,0
2,1,1,1,9,1,7,1,2,1,1,6,1,1,1,70841,1,1,1,0
2,4,1,3,4,6,1,2,3,1,1,1,1,2,3,130000,1,3,2,0
2,2,1,2,1,9,5,2,1,1,1,3,6,1,2,4692,2,2,2,0
2,7,1,5,7,1,1,2,3,1,1,3,3,1,1,60948,1,1,1,0
1,14,1,1,1,1,1,2,3,1,1,2,1,1,5,17592,3,2,2,0
2,19,1,1,1,1,1,2,4,1,1,3,1,1,1,61194,1,1,3,0
1,6,1,2,5,1,1,2,2,2,1,1,1,1,1,9336,2,2,2,0
2,4,1,2,5,1,7,1,4,1,1,1,1,1,3,100000,1,3,2,0
2,7,1,1,5,3,4,2,3,1,1,2,1,1,1,48468,1,1,1,0
1,13,1,1,1,1,3,2,3,1,1,2,2,1,1,42836,1,1,1,0
2,1,1,1,1,1,7,3,1,1,1,2,1,1,1,416712,1,1,1,0
2,3,1,7,7,8,11,2,4,1,1,1,1,1,1,63156,1,1,3,0
2,1,1,1,1,1,2,2,3,1,1,1,1,1,1,48616,1,1,1,0
2,2,3,3,3,11,2,1,4,1,1,1,3,1,2,12524,2,2,2,0
2,7,1,2,1,1,3,2,3,1,1,7,6,1,1,88116,1,1,1,0
2,4,1,1,1,6,1,2,3,1,2,1,1,1,3,74550,1,3,2,0
2,13,1,3,12,1,2,2,3,1,1,3,1,1,1,17134,1,1,1,0
2,2,1,2,1,1,2,2,3,1,1,6,3,2,2,6576,2,2,2,0
2,1,1,1,5,1,1,1,2,1,3,5,1,1,1,123625,1,1,1,0
1,4,1,1,1,4,11,2,2,1,1,8,1,1,3,100000,1,3,2,0
1,2,1,1,1,1,2,1,3,1,1,3,3,1,2,12524,2,2,2,0
2,7,3,3,5,1,5,2,4,1,1,3,1,2,1,10281,1,1,1,0
2,16,1,3,1,1,3,3,4,1,1,2,1,1,1,66084,1,1,3,0
2,4,1,3,2,6,7,1,3,1,1,8,1,1,3,76000,1,3,2,0
2,7,2,1,1,1,7,3,2,1,1,8,3,1,1,85671,1,1,1,0
1,7,2,1,1,4,1,2,3,1,1,1,1,2,1,80772,1,1,1,0
2,4,1,2,1,3,3,3,1,1,3,1,1,1,3,103000,1,3,2,0
2,4,1,1,1,1,7,2,2,1,1,1,1,2,3,95000,1,3,2,0
2,4,1,1,1,1,3,1,3,1,3,5,1,1,3,135000,1,3,2,0
2,4,1,1,1,3,1,1,4,1,1,1,1,1,3,126000,1,3,2,0
2,10,1,5,1,15,11,2,4,1,1,2,1,1,4,149550,1,1,1,0
2,7,1,2,1,9,4,2,3,1,1,3,1,1,1,46992,1,1,1,0
2,4,1,1,1,1,3,2,3,1,1,1,1,2,3,75000,1,3,2,0
2,6,2,5,1,1,3,2,3,1,1,2,1,2,1,31848,2,2,2,0
1,4,1,1,1,6,3,2,2,1,1,3,1,2,3,150000,1,3,2,0
2,1,1,3,1,1,3,1,4,1,1,1,1,1,1,55562,1,1,1,0
2,14,1,5,1,1,1,2,4,1,1,2,1,1,5,22452,3,2,2,0
1,1,1,2,3,7,4,2,3,1,1,3,1,1,1,55562,1,1,1,0
2,4,1,2,1,4,3,2,1,1,1,1,1,1,3,107000,1,3,2,0
2,4,2,2,1,1,4,2,2,1,1,5,5,2,3,35000,1,3,2,0
1,4,1,7,7,8,7,2,1,2,1,1,1,1,3,120000,1,3,2,0
2,4,1,2,3,1,3,2,3,1,1,2,3,1,3,87000,1,3,2,0
2,20,1,2,1,1,1,2,3,1,1,3,1,2,1,50400,3,2,2,0
2,12,1,2,5,1,2,2,2,1,1,6,1,1,3,52339,1,1,1,0
2,1,1,2,1,4,1,2,4,1,1,3,1,1,1,40282,1,1,1,0
2,16,1,2,9,4,1,3,4,2,2,3,1,1,1,57276,1,1,3,0
2,11,1,2,1,1,7,1,2,1,1,1,1,1,1,56298,1,1,1,0
2,2,1,2,8,1,3,1,2,1,4,1,1,2,2,28178,2,2,2,0
2,4,1,1,1,1,4,2,1,1,1,5,1,1,3,105000,1,3,2,0
2,4,1,1,3,1,7,2,3,1,1,1,1,1,3,65000,1,3,2,0
2,4,1,1,1,1,3,2,1,1,2,4,1,1,3,101000,1,3,2,0
2,4,1,8,1,1,7,1,3,1,1,5,1,1,3,110000,1,3,2,0
1,4,1,1,1,1,3,1,3,1,1,6,1,1,3,82000,1,3,2,0
1,4,1,1,4,3,5,2,1,1,1,1,1,1,3,60000,1,3,2,0
2,14,2,1,1,1,7,2,2,1,1,1,1,1,5,18720,3,2,2,0
1,6,2,2,1,14,2,5,2,1,1,3,1,1,1,22998,2,2,2,0
2,8,1,2,1,1,1,2,2,1,1,1,1,1,1,308412,1,1,1,0
2,20,1,2,6,1,2,2,2,1,1,3,1,1,1,31200,3,2,2,0
2,10,1,1,1,7,1,1,2,1,1,6,1,1,4,33588,1,1,1,0
2,4,1,4,11,1,8,2,2,1,1,1,1,1,3,122000,1,3,2,0
2,4,1,1,1,1,7,2,1,2,1,3,1,2,3,130000,1,3,2,0
2,4,1,1,1,4,7,2,4,1,1,1,1,2,3,78313,1,3,2,0
2,7,1,2,3,7,4,2,1,1,1,1,3,2,1,90567,1,1,1,0
2,6,1,2,1,1,1,1,1,1,1,3,1,1,1,60000,2,2,2,0
1,7,2,2,1,9,7,2,3,2,1,1,4,1,1,50179,1,1,1,0
2,1,2,1,1,1,7,2,2,1,1,1,5,2,1,66674,1,1,1,0
2,2,1,1,1,2,2,1,4,1,1,1,2,2,2,10958,2,2,2,0
2,4,1,4,8,1,2,1,3,1,1,1,1,2,3,73000,1,3,2,0
2,4,1,3,1,3,7,2,1,1,1,3,1,1,3,375000,1,3,2,0
2,4,1,2,2,14,7,2,2,1,1,3,1,1,3,90000,1,3,2,0
2,5,1,2,1,1,3,2,1,1,1,3,1,2,1,35292,2,2,1,0
2,13,1,2,1,3,7,3,3,1,2,2,2,1,1,30597,1,1,1,0
2,1,1,7,1,1,1,2,3,1,1,7,1,2,1,90288,1,1,1,0
2,3,1,1,12,4,2,2,2,1,1,2,1,1,1,43666,1,1,3,0
2,4,1,1,1,1,1,2,2,1,1,8,3,1,3,105000,1,3,2,0
1,1,1,1,1,4,7,3,3,1,1,8,1,1,1,34726,1,1,1,0
2,4,1,1,9,17,1,1,1,1,1,8,1,1,3,120000,1,3,2,0
2,4,3,2,7,1,2,1,1,1,1,4,6,1,3,130000,1,3,2,0
2,4,1,1,1,1,5,2,3,1,1,8,1,1,3,52000,1,3,2,0
1,4,1,1,1,1,4,1,2,1,1,1,1,1,3,108000,1,3,2,0
2,7,1,1,1,1,1,2,3,1,1,3,1,2,1,69024,1,1,1,0
2,11,1,2,1,1,1,1,1,1,1,1,1,1,1,45283,1,1,1,0
2,9,1,1,1,2,4,1,3,1,1,1,1,2,2,26064,2,2,2,0
2,10,1,1,1,5,1,2,2,1,1,1,3,1,4,111963,1,1,1,0
2,4,1,3,1,1,3,1,2,1,1,1,1,1,3,120000,1,3,2,0
2,4,1,2,3,1,1,1,1,1,1,8,1,2,3,125000,1,3,2,0
2,1,1,2,7,1,2,1,2,1,2,1,1,1,1,58340,1,1,1,0
2,19,3,2,7,14,7,1,4,2,3,8,1,1,1,36720,1,1,3,0
2,13,3,2,1,4,2,2,4,1,1,1,2,1,1,308412,1,1,1,0
2,4,1,9,1,3,7,2,1,1,1,2,1,1,3,1500000,1,3,2,0
2,1,1,1,8,1,7,1,2,1,1,8,1,2,1,83342,1,1,1,0
2,4,1,1,8,1,4,2,4,1,1,2,1,1,3,149000,1,3,2,0
2,1,1,1,1,1,2,2,2,1,1,8,1,2,1,44449,1,1,1,0
2,4,1,1,1,1,11,2,2,1,1,1,1,1,3,110000,1,3,2,0
1,4,1,1,1,7,4,2,4,1,1,3,1,1,3,2000000,1,3,2,0
2,4,1,1,5,1,7,2,2,1,1,2,1,2,3,41000,1,3,2,0
2,16,1,4,12,1,2,2,2,2,3,2,1,1,1,27900,1,1,3,0
2,4,1,1,8,15,4,2,1,1,1,8,1,1,3,150000,1,3,2,0
1,4,1,1,1,1,3,2,3,1,1,1,1,1,3,104000,1,3,2,0
2,19,1,3,1,3,1,2,3,1,1,3,1,1,1,44064,1,1,3,0
2,2,1,2,8,7,4,2,2,1,1,1,1,2,2,34283,2,2,2,0
1,17,1,3,1,9,7,2,4,1,1,2,1,2,1,31576,1,1,3,0
2,2,1,2,1,4,7,2,3,1,1,1,1,1,2,11268,2,2,2,0
2,14,1,1,8,1,3,2,4,1,1,1,1,1,5,39300,3,2,2,0
2,2,2,1,1,1,5,1,3,1,1,1,1,1,2,61992,2,2,2,0
2,2,1,1,1,1,7,2,2,1,1,7,3,1,2,12960,2,2,2,0
2,3,1,2,3,6,7,1,3,1,1,3,1,1,1,68868,1,1,3,0
1,7,1,1,1,1,2,2,2,1,1,1,1,1,1,53361,1,1,1,0
2,1,1,1,4,3,5,2,3,2,2,3,1,1,1,41671,1,1,1,0
1,3,1,3,1,1,11,3,3,1,1,3,1,1,1,76356,1,1,3,0
2,9,3,1,1,1,7,2,2,1,1,1,3,1,2,30204,2,2,2,0
2,7,1,2,1,1,11,3,4,1,1,3,1,1,1,67313,1,1,1,0
2,16,1,1,12,3,3,2,2,1,1,6,1,1,1,54336,1,1,3,0
2,2,2,2,1,1,5,2,2,1,1,3,1,2,2,4692,2,2,2,0
2,9,2,1,1,4,7,2,2,1,1,1,1,1,2,15192,2,2,2,0
2,16,1,1,1,1,4,1,2,1,1,1,1,1,1,42588,1,1,3,0
2,2,2,2,1,1,5,2,2,1,1,8,3,1,2,2820,2,2,2,0
2,8,3,4,9,6,5,3,1,1,1,7,1,1,1,7344,1,1,1,0
2,7,1,3,8,1,4,1,2,1,1,1,1,1,1,11748,1,1,1,0
2,12,1,1,1,4,7,2,4,1,1,3,1,1,3,60391,1,1,1,0
2,4,1,1,5,1,4,2,3,1,1,2,2,1,3,125000,1,3,2,0
2,2,3,1,3,4,1,2,4,1,1,1,3,1,2,25047,2,2,2,0
1,4,1,2,5,14,7,2,4,1,1,3,1,2,3,110000,1,3,2,0
2,4,1,1,1,1,11,2,3,1,1,1,1,2,3,95000,1,3,2,0
2,1,1,1,1,1,1,2,4,1,1,1,1,1,1,41671,1,1,1,0
2,12,1,4,1,15,11,3,3,1,1,1,1,2,3,60391,1,1,1,0
2,1,1,2,3,3,1,3,1,1,1,3,1,1,1,433380,1,1,1,0
1,4,1,3,8,4,1,2,4,1,3,1,1,1,3,65000,1,3,2,0
2,4,2,3,1,1,2,2,3,1,1,3,1,2,3,70000,1,3,2,0
2,4,3,1,2,4,5,3,2,1,1,6,5,1,3,50000,1,3,2,0
1,4,1,1,1,1,2,3,3,1,1,3,1,1,3,95000,1,3,2,0
2,7,1,2,1,14,11,2,4,2,1,3,1,1,1,66767,1,1,1,0
2,11,1,2,1,10,3,1,2,1,1,3,1,1,1,48955,1,1,1,0
2,12,1,2,1,1,2,1,1,1,1,3,4,1,3,60391,1,1,1,0
2,4,1,1,1,1,7,2,2,1,1,1,1,1,3,155000,1,3,2,0
2,4,1,8,1,1,6,2,3,1,1,2,1,1,3,110000,1,3,2,0
2,7,1,3,1,1,4,2,3,1,1,8,1,1,1,46992,1,1,1,0
2,4,1,2,2,8,2,2,2,1,1,8,1,1,3,110000,1,3,2,0
2,7,3,1,1,1,4,2,3,2,1,5,1,1,1,83224,1,1,1,0
2,16,1,2,1,1,1,3,2,1,1,1,1,1,1,807756,1,1,3,0
1,1,1,2,1,1,1,1,4,1,1,2,5,1,1,72230,1,1,1,0
2,1,1,1,1,9,1,2,2,1,1,3,1,1,1,62507,1,1,1,0
2,16,1,1,1,4,7,1,2,1,1,4,1,1,1,47584,1,1,3,0
1,4,1,9,1,1,1,2,3,1,1,3,1,1,3,130000,1,3,2,0
2,7,1,1,1,1,3,3,3,1,1,2,3,2,1,56544,1,1,1,0
2,2,2,1,1,1,2,2,4,1,1,1,3,1,2,5640,2,2,2,0
2,4,1,2,5,14,7,2,1,1,1,6,1,1,3,103000,1,3,2,0
2,16,1,8,1,1,2,1,4,1,1,4,1,1,1,17628,1,1,3,0
2,1,1,1,1,1,7,2,3,1,1,8,1,1,1,52089,1,1,1,0
2,7,1,1,6,1,2,2,4,1,1,2,1,2,1,61439,1,1,1,0
2,8,1,2,1,1,1,2,2,1,1,2,1,1,1,33657,1,1,1,0
1,4,1,3,11,15,2,1,3,1,1,1,1,1,3,130000,1,3,2,0
2,4,1,2,1,1,1,2,2,1,3,1,1,1,3,120000,1,3,2,0
2,13,1,1,1,1,4,1,2,1,1,1,2,1,1,33045,1,1,1,0
2,15,3,2,1,1,2,2,4,1,1,3,1,2,2,120216,1,1,2,0
2,4,1,4,12,3,7,2,2,1,1,3,1,1,3,60250,1,3,2,0
2,16,1,1,8,1,7,2,4,1,1,3,1,1,1,45528,1,1,3,0
1,11,1,2,1,2,1,2,1,1,1,2,1,1,1,778392,1,1,1,0
2,5,1,2,1,9,4,2,2,1,1,2,1,2,1,63516,2,2,1,0
2,4,1,1,1,4,7,2,4,1,1,3,6,1,3,85500,1,3,2,0
2,11,1,6,3,1,1,1,3,1,1,3,1,1,1,32808,1,1,1,0
2,4,1,2,3,1,1,2,2,1,1,3,3,1,3,80600,1,3,2,0
1,13,1,2,1,1,1,2,4,2,2,1,1,1,1,31821,1,1,1,0
1,1,1,1,8,4,1,2,3,1,1,3,3,2,1,716748,1,1,1,0
2,2,1,2,1,2,2,2,2,1,1,1,3,1,2,10958,2,2,2,0
2,7,1,1,9,1,2,3,2,1,1,8,2,1,1,58746,1,1,1,0
1,2,1,1,1,1,2,1,4,1,1,1,3,1,2,12210,2,2,2,0
2,4,1,2,6,14,2,1,2,1,1,3,1,1,3,97500,1,3,2,0
2,12,1,1,6,1,7,2,2,1,1,3,3,1,3,76495,1,1,1,0
2,6,1,6,1,17,7,3,1,1,1,2,1,1,1,12732,2,2,2,0
1,4,3,1,5,1,1,2,4,1,1,2,1,1,3,138000,1,3,2,0
2,4,3,1,1,1,1,1,1,1,1,3,1,1,3,65000,1,3,2,0
2,4,1,1,1,1,3,1,4,1,1,6,1,2,3,93000,1,3,2,0
2,1,1,1,1,1,1,1,3,1,1,3,1,1,1,62507,1,1,1,0
2,2,1,1,8,1,1,3,2,1,1,2,3,2,2,2113,2,2,2,0
2,7,1,2,7,1,2,2,4,1,1,8,1,1,1,734328,1,1,1,0
1,20,1,2,6,1,7,2,1,1,1,3,1,2,1,36000,3,2,2,0
2,16,1,1,1,1,4,3,3,1,1,6,1,1,1,59620,1,1,3,0
2,4,1,6,1,1,5,2,1,1,1,2,1,1,3,50000,1,3,2,0
2,4,1,1,3,1,7,1,2,1,1,1,1,1,3,110000,1,3,2,0
2,4,1,2,1,4,7,2,2,1,1,4,1,1,3,100000,1,3,2,0
1,4,3,3,1,9,1,1,3,1,2,3,1,1,3,95000,1,3,2,0
1,12,1,1,1,4,3,2,3,2,1,1,2,1,3,56365,1,1,1,0
2,2,1,2,8,1,1,2,2,1,1,2,3,2,2,338136,2,2,2,0
2,6,1,5,11,3,1,2,1,1,1,4,1,2,1,29280,2,2,2,0
1,4,1,1,9,3,2,1,2,1,1,6,5,1,3,105000,1,3,2,0
2,4,1,7,7,1,1,2,1,1,1,8,1,1,3,157000,1,3,2,0
2,10,1,1,1,1,11,2,4,1,1,8,1,1,4,95968,1,1,1,0
2,4,1,7,9,1,2,2,4,2,1,4,1,1,3,68250,1,3,2,0
2,8,1,3,1,3,7,2,2,1,1,6,1,1,1,20556,1,1,1,0
2,2,1,2,1,1,7,1,2,1,1,8,3,2,2,25047,2,2,2,0
2,4,1,3,1,1,2,3,3,1,1,9,2,2,3,86500,1,3,2,0
2,6,1,7,7,9,3,2,2,1,1,2,1,2,1,19104,2,2,2,0
1,2,1,1,1,13,2,2,2,1,1,7,3,1,2,8448,2,2,2,0
2,2,1,1,1,1,7,1,1,1,1,7,1,2,2,3982,2,2,2,0
2,1,1,1,3,7,4,2,4,1,3,8,1,1,1,65285,1,1,1,0
2,16,1,2,3,1,2,2,3,1,1,3,1,1,1,44064,1,1,3,0
2,7,1,2,1,1,7,1,2,1,1,3,1,1,1,67313,1,1,1,0
2,2,2,1,1,3,7,1,2,1,1,1,3,1,2,187848,2,2,2,0
2,12,1,3,1,15,11,2,2,1,1,1,1,1,3,92600,1,1,1,0
2,4,1,3,1,1,11,2,3,1,1,3,1,2,3,126000,1,3,2,0
2,4,1,1,8,9,4,3,2,2,1,2,1,2,3,97000,1,3,2,0
2,6,1,1,8,1,1,2,3,1,1,8,1,1,1,12204,2,2,2,0
2,20,1,2,8,3,1,2,4,1,1,3,1,1,1,44400,3,2,2,0
2,18,2,1,1,1,1,2,3,1,1,3,1,1,1,125123,1,1,3,0
2,6,1,1,1,1,1,2,3,1,1,8,7,2,1,25476,2,2,2,0
2,6,1,3,5,1,3,2,3,1,1,5,5,2,1,46704,2,2,2,0
1,17,1,1,1,1,7,2,3,1,1,3,1,1,1,34512,1,1,3,0
2,1,1,2,1,1,3,3,1,1,1,4,1,1,1,118068,1,1,1,0
2,4,1,1,4,4,2,1,4,2,1,4,2,1,3,139000,1,3,2,0
2,2,1,1,1,16,2,2,2,1,1,7,1,2,2,8832,2,2,2,0
2,16,1,1,1,1,7,1,3,1,1,2,1,1,1,41323,1,1,3,0
2,4,1,2,1,4,7,2,2,1,1,4,3,2,3,70000,1,3,2,0
1,13,1,4,1,9,1,2,4,1,1,6,2,1,1,19582,1,1,1,0
2,4,1,1,1,3,1,3,4,1,1,6,1,1,3,275000,1,3,2,0
2,4,1,1,1,1,7,2,3,2,2,1,1,1,3,55000,1,3,2,0
2,4,1,3,1,1,11,2,3,1,3,8,1,1,3,105000,1,3,2,0
2,2,3,2,1,2,1,2,2,1,1,1,1,1,2,15024,2,2,2,0
2,4,1,1,1,1,11,2,3,1,1,1,1,2,3,156000,1,3,2,0
2,10,1,2,9,3,7,2,3,1,1,1,1,1,4,58381,1,1,1,0
2,7,1,1,3,7,2,1,3,1,1,2,1,1,1,70985,1,1,1,0
2,4,1,1,8,2,1,1,1,1,1,1,1,1,3,156000,1,3,2,0
1,7,1,2,1,1,11,2,4,1,1,1,3,1,1,67313,1,1,1,0
2,11,1,2,1,3,3,1,1,1,1,3,1,1,1,104030,1,1,1,0
2,1,1,1,8,1,7,1,4,1,1,8,1,1,1,38893,1,1,1,0
2,3,1,3,11,1,11,3,3,1,1,1,1,1,1,59136,1,1,3,0
2,7,1,2,3,14,3,2,4,1,1,4,3,1,1,48955,1,1,1,0
2,7,3,5,1,15,1,1,2,1,1,2,1,1,1,61194,1,1,1,0
2,4,1,3,3,1,4,2,3,1,1,5,1,2,3,180000,1,3,2,0
2,2,1,1,1,1,7,2,3,1,1,1,2,1,2,21916,2,2,2,0
2,5,1,2,5,14,7,3,4,2,2,1,1,1,1,24696,2,2,1,0
2,6,1,1,1,10,3,1,3,1,1,3,1,2,1,19104,2,2,2,0
2,7,1,2,1,1,2,2,4,1,1,1,1,1,1,61194,1,1,1,0
2,2,1,1,1,4,2,2,4,1,1,5,1,1,2,3756,2,2,2,0
2,7,2,2,1,1,4,2,2,1,1,2,1,1,1,67560,1,1,1,0
1,6,2,2,1,1,1,2,2,1,1,8,1,2,1,56256,2,2,2,0
2,5,3,1,1,7,2,3,3,1,1,3,1,1,1,38817,2,2,1,0
2,4,3,4,1,1,7,1,1,1,1,8,1,1,3,80000,1,3,2,0
2,1,1,3,1,1,3,2,2,1,1,3,1,1,1,58340,1,1,1,0
1,1,1,1,12,1,1,2,3,1,1,2,1,2,1,62507,1,1,1,0
2,11,1,2,1,1,7,3,3,1,1,3,1,1,1,47731,1,1,1,0
2,4,1,1,3,7,7,2,3,1,1,8,1,2,3,80000,1,3,2,0
1,12,1,1,1,4,10,1,3,1,1,7,2,1,3,52741,1,1,1,0
2,6,1,1,3,20,2,2,3,1,1,4,1,1,1,31844,2,2,2,0
2,1,1,2,7,1,3,2,4,1,1,2,1,1,1,75008,1,1,1,0
1,1,1,1,7,1,5,1,3,1,1,2,1,2,1,34726,1,1,1,0
2,4,1,1,1,1,1,2,3,1,1,2,1,2,3,92000,1,3,2,0
2,1,3,3,1,4,2,3,3,1,1,9,3,2,1,41671,1,1,1,0
2,4,1,1,1,1,2,2,2,1,1,1,1,1,3,53,1,3,2,0
2,8,1,5,1,3,1,1,3,1,1,1,1,1,1,24816,1,1,1,0
2,4,1,1,1,1,1,2,3,1,1,1,1,1,3,40000,1,3,2,0
2,7,2,3,1,4,7,2,2,1,1,2,1,1,1,22032,1,1,1,0
2,13,1,2,3,1,4,2,3,1,1,2,1,1,1,36716,1,1,1,0
2,8,3,1,1,1,2,2,3,1,1,3,1,1,1,9984,1,1,1,0
2,15,2,5,6,14,7,2,3,1,1,1,1,1,2,24576,1,1,2,0
1,4,1,1,1,4,4,1,4,1,1,6,1,2,3,100000,1,3,2,0
2,7,3,2,2,8,7,1,3,1,1,3,1,1,1,26436,1,1,1,0
2,17,1,2,3,8,7,2,2,1,1,1,1,1,1,61194,1,1,3,0
2,1,1,1,1,1,7,3,3,1,1,2,1,1,1,383376,1,1,1,0
2,7,3,2,3,4,1,2,1,1,1,3,1,2,1,73433,1,1,1,0
2,5,1,1,1,1,7,2,2,1,1,3,1,1,1,14704,2,2,1,0
2,17,1,1,1,1,1,1,3,1,1,1,1,1,1,44064,1,1,3,0
2,20,1,5,1,1,7,2,2,1,1,8,1,1,1,6000,3,2,2,0
1,4,1,1,1,11,4,2,1,1,1,3,1,1,3,110000,1,3,2,0
2,4,1,1,1,15,3,2,2,1,1,5,1,2,3,113000,1,3,2,0
2,11,1,2,1,4,2,2,2,1,1,3,3,2,1,42156,1,1,1,0
1,1,1,2,1,1,1,1,3,1,1,3,3,1,1,66672,1,1,1,0
1,4,1,1,8,1,11,1,1,1,1,1,1,2,3,103000,1,3,2,0
2,4,1,4,1,1,2,2,4,1,1,2,1,2,3,52000,1,3,2,0
2,4,1,4,1,1,3,2,1,1,1,8,1,1,3,137500,1,3,2,0
2,13,1,2,8,4,2,2,3,1,1,3,1,1,1,352476,1,1,1,0
2,4,1,1,2,3,5,3,3,1,1,3,1,1,3,70000,1,3,2,0
2,2,1,1,1,2,7,3,4,1,1,2,3,2,2,15654,2,2,2,0
2,2,2,2,1,1,1,3,1,1,3,1,3,1,2,2520,2,2,2,0
2,12,1,1,3,1,3,1,2,1,1,8,1,2,3,140912,1,1,1,0
2,1,1,2,3,2,7,1,2,1,1,3,1,1,1,69452,1,1,1,0
1,7,1,3,1,1,1,1,2,1,1,8,1,2,1,70985,1,1,1,0
2,13,1,2,8,4,3,1,4,1,1,3,1,1,1,47731,1,1,1,0
2,7,1,1,1,9,1,2,3,1,2,2,1,1,1,64620,1,1,1,0
2,5,1,2,3,1,6,3,4,1,1,3,1,2,1,38820,2,2,1,0
1,1,1,1,9,6,7,2,4,1,1,4,1,1,1,48616,1,1,1,0
2,7,1,4,1,1,7,2,2,1,1,2,1,1,1,41124,1,1,1,0
1,4,1,1,1,1,2,1,1,2,2,1,1,1,3,69500,1,3,2,0
2,4,1,3,1,1,2,2,4,1,1,4,1,1,3,275000,1,3,2,0
1,1,1,5,3,1,1,1,3,1,1,2,1,2,1,48616,1,1,1,0
2,11,1,2,1,1,7,1,3,1,1,3,1,1,1,55075,1,1,1,0
2,4,1,1,1,3,2,2,1,1,1,1,1,1,3,105000,1,3,2,0
2,4,1,1,9,1,1,2,4,1,1,3,1,2,3,110000,1,3,2,0
2,10,1,1,1,1,7,3,2,1,4,5,1,1,4,55981,1,1,1,0
1,9,3,1,1,8,1,1,4,1,1,2,1,1,2,23208,2,2,2,0
2,4,1,2,1,1,4,3,2,1,1,8,1,1,3,120000,1,3,2,0
2,4,1,2,1,1,4,1,1,1,1,1,6,2,3,192500,1,3,2,0
2,2,1,1,8,1,2,2,4,1,1,4,1,2,2,7512,2,2,2,0
1,11,1,2,1,5,11,2,3,1,1,7,1,2,1,63642,1,1,1,0
2,7,1,7,1,1,11,2,3,1,1,3,1,2,1,75880,1,1,1,0
2,13,3,2,1,1,4,2,3,1,1,1,1,1,1,48955,1,1,1,0
2,10,1,1,1,1,7,1,3,1,1,1,1,2,4,111963,1,1,1,0
2,7,1,2,1,1,3,2,3,1,1,7,1,1,1,52627,1,1,1,0
2,14,1,1,1,1,3,1,1,1,1,8,1,2,5,59892,3,2,2,0
2,4,1,1,7,1,2,2,1,2,2,6,1,1,3,144000,1,3,2,0
1,16,1,1,7,2,2,2,1,1,1,1,1,1,1,61194,1,1,3,0
2,4,1,1,1,4,1,2,4,1,1,2,1,1,3,50000,1,3,2,0
1,4,1,1,1,3,7,2,3,2,2,1,1,1,3,115500,1,3,2,0
2,11,1,1,7,1,2,2,3,1,1,1,1,2,1,63642,1,1,1,0
2,14,1,1,1,1,4,1,3,1,1,2,2,2,5,29940,3,2,2,0
2,4,1,1,7,19,2,2,4,1,1,1,1,1,3,95000,1,3,2,0
2,4,1,1,1,1,2,1,3,1,1,3,1,1,3,68000,1,3,2,0
2,14,1,1,8,1,11,2,3,1,1,1,1,2,5,43044,3,2,2,0
1,2,1,2,1,2,5,1,1,1,1,3,1,1,2,8268,2,2,2,0
2,6,2,3,1,1,1,3,2,1,1,8,1,2,1,11676,2,2,2,0
1,1,1,2,1,1,1,2,4,1,1,3,3,1,1,83342,1,1,1,0
2,1,1,1,1,1,3,1,3,2,2,3,1,1,1,62507,1,1,1,0
2,16,1,1,1,1,7,1,3,1,1,2,4,1,1,63156,1,1,3,0
2,4,1,1,8,1,2,1,4,1,1,4,1,1,3,76000,1,3,2,0
2,4,1,1,1,1,3,2,2,2,1,1,1,1,3,156653,1,3,2,0
1,4,1,1,2,1,2,2,4,2,1,1,1,1,3,100000,1,3,2,0
2,4,1,1,6,3,2,1,3,1,1,3,1,1,3,140000,1,3,2,0
2,14,1,4,8,1,7,3,1,1,1,2,1,1,5,20592,3,2,2,0
2,17,1,1,1,1,7,2,3,1,1,2,1,1,1,925248,1,1,3,0
2,3,2,2,5,8,4,1,3,1,1,4,1,1,1,36684,1,1,3,0
2,1,1,1,1,1,7,2,3,1,1,5,1,1,1,62507,1,1,1,0
2,15,1,3,1,2,7,2,2,1,1,1,4,2,2,84264,1,1,2,0
1,4,1,1,7,1,1,1,1,1,1,4,1,1,3,195000,1,3,2,0
2,2,1,2,3,3,2,2,2,2,1,1,3,1,2,20711,2,2,2,0
2,17,1,1,1,1,3,3,2,1,1,1,1,2,1,69149,1,1,3,0
2,7,2,1,1,1,7,2,2,1,1,3,1,1,1,20556,1,1,1,0
2,4,1,3,1,1,3,3,2,1,1,8,5,1,3,100000,1,3,2,0
2,7,1,3,1,1,1,1,3,1,1,2,1,1,1,33780,1,1,1,0
2,7,1,2,1,1,1,2,2,1,1,3,1,1,1,61194,1,1,1,0
2,2,1,1,3,11,2,1,2,1,1,1,3,1,2,8140,2,2,2,0
2,1,1,1,1,1,7,1,2,1,1,8,1,2,1,30559,1,1,1,0
2,15,1,1,1,4,1,3,1,1,1,4,4,1,2,4212,1,1,2,0
2,2,1,2,3,2,2,1,3,1,1,1,6,1,2,39136,2,2,2,0
2,20,1,2,7,3,1,2,2,1,1,3,1,1,1,36240,3,2,2,0
1,14,1,1,1,1,7,3,3,1,1,2,1,1,5,5616,3,2,2,0
2,10,2,1,8,4,1,1,2,1,3,3,3,1,4,76774,1,1,1,0
2,4,1,1,9,1,8,1,1,1,1,1,1,2,3,300000,1,3,2,0
2,16,1,4,12,1,7,2,1,1,1,6,1,2,1,27756,1,1,3,0
2,4,1,2,1,1,7,2,2,1,1,2,3,2,3,36000,1,3,2,0
1,4,1,1,1,3,7,2,2,2,2,1,1,1,3,92000,1,3,2,0
2,2,2,1,1,1,2,2,4,2,1,4,1,2,2,4512,2,2,2,0
2,1,3,1,1,3,11,1,4,1,1,1,1,1,1,916764,1,1,1,0
2,4,1,2,1,1,2,2,3,2,1,1,3,1,3,744000,1,3,2,0
2,1,1,2,3,4,2,3,4,1,1,3,6,1,1,45283,1,1,1,0
2,4,1,1,12,1,2,2,4,1,1,4,3,1,3,41000,1,3,2,0
2,6,1,3,1,1,1,1,3,1,1,3,1,2,1,36624,2,2,2,0
2,6,1,2,7,9,7,2,3,1,1,3,1,1,1,24408,2,2,2,0
2,4,1,1,1,1,3,1,4,1,1,1,1,2,3,76272,1,3,2,0
1,4,1,1,5,3,3,1,1,1,1,1,1,2,3,2000000,1,3,2,0
2,2,1,2,1,2,5,2,3,2,1,7,1,1,2,4128,2,2,2,0
2,2,1,1,1,2,5,2,3,1,1,1,3,1,2,3756,2,2,2,0
1,16,1,1,1,1,1,1,3,1,1,1,1,1,1,42588,1,1,3,0
2,4,1,1,7,1,2,2,2,1,1,5,1,1,3,100000,1,3,2,0
2,4,1,1,6,1,4,2,3,1,1,1,1,1,3,98000,1,3,2,0
2,4,1,2,1,4,7,2,3,1,1,1,1,1,3,90000,1,3,2,0
2,20,1,2,6,2,2,2,2,2,2,3,1,1,1,11940,3,2,2,0
2,13,3,1,1,1,1,2,2,2,2,8,2,1,1,31821,1,1,1,0
2,7,1,4,1,1,2,1,3,1,1,6,1,1,1,44064,1,1,1,0
2,4,1,1,4,3,5,1,1,1,1,1,1,1,3,125000,1,3,2,0
2,2,1,2,1,1,2,2,1,1,1,3,3,2,2,15654,2,2,2,0
2,4,1,1,1,1,1,2,3,1,1,1,1,1,3,71000,1,3,2,0
2,11,1,2,1,8,1,1,2,1,1,4,1,1,1,33780,1,1,1,0
1,6,1,2,12,1,3,2,2,1,1,3,1,2,1,19104,2,2,2,0
2,2,2,2,1,6,5,2,2,1,1,9,3,1,2,4922,2,2,2,0
2,4,1,3,1,15,4,3,3,1,1,6,1,2,3,35000,1,3,2,0
1,4,1,1,1,1,1,2,4,1,1,1,1,2,3,115000,1,3,2,0
2,12,1,1,1,2,7,1,3,1,1,1,1,1,3,70456,1,1,1,0
2,14,1,2,1,1,1,2,4,1,1,1,1,2,5,13104,3,2,2,0
1,2,1,2,8,1,2,1,4,1,1,1,5,1,2,23482,2,2,2,0
2,2,1,1,8,1,2,2,2,1,1,1,3,1,2,25047,2,2,2,0
2,2,1,1,1,2,2,2,3,1,1,2,6,2,2,10895,2,2,2,0
2,2,1,1,3,1,2,1,1,1,1,1,3,2,2,8076,2,2,2,0
2,20,3,2,1,1,1,2,3,1,1,4,1,1,1,31200,3,2,2,0
2,1,1,3,1,1,3,2,3,1,1,1,1,1,1,100011,1,1,1,0
2,6,1,1,1,1,1,3,1,1,1,1,1,1,1,9972,2,2,2,0
2,10,1,1,9,1,1,2,4,1,1,1,1,1,4,95968,1,1,1,0
2,4,1,2,1,1,1,2,4,1,1,4,1,1,3,122500,1,3,2,0
2,9,1,1,1,4,7,2,3,1,1,1,1,1,2,47700,2,2,2,0
1,7,1,5,1,13,7,2,4,1,1,1,1,1,1,29376,1,1,1,0
2,4,3,1,6,1,7,2,4,1,1,8,1,1,3,90000,1,3,2,0
2,15,1,1,1,1,2,2,2,1,1,1,4,1,2,70212,1,1,2,0
2,4,1,1,1,1,1,1,1,1,1,1,1,1,3,70064,1,3,2,0
2,4,1,1,1,1,1,2,4,1,1,1,1,1,3,86000,1,3,2,0
1,2,1,1,3,4,3,1,3,1,1,6,3,2,2,44328,2,2,2,0
2,13,3,1,4,1,2,2,3,1,1,1,2,1,1,30597,1,1,1,0
2,4,1,2,7,1,7,2,1,1,1,1,6,1,3,79800,1,3,2,0
2,17,1,2,8,14,4,3,3,1,1,8,1,1,1,44064,1,1,3,0
2,4,1,1,1,1,2,2,3,1,1,1,1,1,3,48000,1,3,2,0
2,4,1,1,1,3,7,2,2,1,1,8,2,1,3,155000,1,3,2,0
2,7,1,5,1,4,2,2,3,1,1,4,1,1,1,58752,1,1,1,0
2,4,1,1,1,1,1,2,3,1,1,1,1,1,3,2000000,1,3,2,0
2,18,1,2,1,1,1,2,2,1,1,1,1,1,1,125123,1,1,3,0
2,4,1,2,1,8,3,2,3,1,1,3,1,1,3,80000,1,3,2,0
2,12,1,2,1,2,1,3,3,1,1,4,1,1,3,54755,1,1,1,0
2,2,1,1,3,7,1,2,2,1,1,1,3,2,2,16908,2,2,2,0
2,1,1,1,8,3,7,3,4,1,1,1,1,1,1,41671,1,1,1,0
2,3,1,2,1,1,3,2,2,1,1,3,1,2,1,61836,1,1,3,0
2,7,1,5,2,4,7,2,4,2,1,3,1,1,1,73433,1,1,1,0
2,2,1,2,1,1,1,1,3,1,1,6,3,2,2,18785,2,2,2,0
2,4,1,1,1,1,1,3,3,1,1,1,1,2,3,110000,1,3,2,0
2,13,1,2,1,1,11,1,4,1,1,7,1,1,1,29373,1,1,1,0
2,1,1,2,7,1,3,1,1,1,1,4,1,1,1,750084,1,1,1,0
2,2,1,1,1,5,7,1,3,1,3,1,1,1,2,14844,2,2,2,0
2,12,1,1,1,4,4,2,4,1,1,1,1,1,3,50326,1,1,1,0
2,1,2,2,1,9,3,2,3,2,1,2,1,1,1,41671,1,1,1,0
2,2,1,2,5,2,2,2,2,1,1,1,3,1,2,6575,2,2,2,0
2,9,3,3,3,9,7,2,3,1,1,7,1,1,2,35,2,2,2,0
2,2,1,2,1,1,7,1,4,1,1,3,3,1,2,12524,2,2,2,0
2,4,1,2,1,1,3,1,1,1,1,8,1,1,3,134000,1,3,2,0
2,1,1,2,7,1,5,2,3,1,1,4,1,1,1,69452,1,1,1,0
2,1,1,1,1,1,3,3,3,1,2,4,1,1,1,159740,1,1,1,0
2,4,1,2,7,1,2,2,3,1,1,8,7,2,3,105000,1,3,2,0
2,2,1,1,8,4,2,1,1,1,1,2,3,1,2,7476,2,2,2,0
2,7,3,3,1,1,2,3,3,1,1,1,1,1,1,15336,1,1,1,0
1,2,1,1,1,1,7,1,4,1,1,1,1,2,2,13463,2,2,2,0
2,18,1,5,12,1,2,3,3,1,1,2,1,1,1,78202,1,1,3,0
2,9,1,1,1,1,1,1,4,1,1,1,1,1,2,19068,2,2,2,0
2,4,1,1,2,9,2,1,3,1,1,6,4,2,3,75000,1,3,2,0
2,4,1,5,1,1,1,2,3,1,1,2,1,1,3,2000000,1,3,2,0
2,2,1,1,1,1,2,3,1,1,1,7,3,1,2,9393,2,2,2,0
2,4,1,2,5,1,2,2,4,1,1,1,1,2,3,84000,1,3,2,0
2,7,1,2,1,4,1,2,4,1,1,1,1,1,1,66089,1,1,1,0
1,2,2,2,8,1,7,2,3,1,1,3,1,2,2,7140,2,2,2,0
2,4,1,1,1,1,4,2,1,1,1,3,1,1,3,110000,1,3,2,0
2,7,1,5,1,1,7,2,4,2,2,2,1,1,1,62412,1,1,1,0
1,2,1,1,8,1,2,2,3,1,1,3,3,1,2,9396,2,2,2,0
2,15,1,1,6,1,5,2,4,1,1,1,4,1,2,59688,1,1,2,0
1,5,1,2,1,9,1,3,3,1,1,3,1,1,1,31764,2,2,1,0
2,4,1,2,1,9,11,1,2,1,1,3,1,1,3,2000000,1,3,2,0
2,4,1,1,6,6,5,1,2,1,1,4,2,2,3,86000,1,3,2,0
2,1,3,5,8,13,2,2,2,1,3,1,1,1,1,29170,1,1,1,0
2,4,1,1,1,1,3,1,4,1,1,1,1,1,3,70000,1,3,2,0
2,2,2,2,1,2,7,2,4,1,1,7,3,1,2,18114,2,2,2,0
2,2,1,1,2,3,2,3,3,1,1,1,1,1,2,4692,2,2,2,0
2,6,1,3,1,1,3,2,2,1,1,6,1,2,1,110000,2,2,2,0
2,12,1,1,1,8,3,2,1,1,1,1,1,1,3,56365,1,1,1,0
1,1,1,2,1,1,4,1,1,1,1,1,1,2,1,61118,1,1,1,0
2,12,1,1,1,4,4,2,3,1,1,1,1,1,3,68443,1,1,1,0
2,10,1,1,4,4,5,2,1,2,1,1,1,1,4,47984,1,1,1,0
2,1,2,5,1,1,2,2,4,1,1,5,1,1,1,37504,1,1,1,0
2,2,1,2,8,11,2,2,3,1,2,7,1,1,2,6373,2,2,2,0
2,13,1,4,8,1,7,1,3,1,1,3,1,1,1,16884,1,1,1,0
2,4,1,1,1,3,7,2,2,1,1,5,2,1,3,95000,1,3,2,0
2,4,1,1,1,4,7,1,2,1,1,8,1,1,3,95000,1,3,2,0
2,6,1,1,3,1,1,2,4,1,3,1,1,1,1,46704,2,2,2,0
2,2,1,1,1,1,7,3,3,1,1,2,3,1,2,26612,2,2,2,0
2,11,1,2,1,10,3,2,4,1,1,9,1,1,1,79552,1,1,1,0
2,7,1,1,1,1,2,1,3,1,1,2,1,1,1,36716,1,1,1,0
2,4,1,1,1,1,7,3,2,1,1,1,1,1,3,66000,1,3,2,0
2,4,1,2,1,1,1,2,1,1,1,1,1,1,3,53000,1,3,2,0
2,4,1,1,1,1,1,2,3,1,1,8,1,1,3,76600,1,3,2,0
2,13,1,2,1,2,1,2,2,1,1,4,1,1,1,40388,1,1,1,0
2,5,1,1,1,7,1,2,2,1,1,2,1,1,1,31764,2,2,1,0
2,7,1,3,1,1,3,2,3,1,1,3,1,1,1,104030,1,1,1,0
2,10,2,1,1,8,7,2,3,1,4,1,1,1,4,20793,1,1,1,0
1,4,1,1,1,9,7,2,2,1,1,3,1,1,3,61500,1,3,2,0
2,4,1,1,1,1,3,1,2,1,1,1,1,2,3,104000,1,3,2,0
2,15,1,1,1,11,7,2,4,1,1,8,4,1,2,59688,1,1,2,0
2,3,1,2,8,1,3,2,2,1,1,2,1,2,1,74856,1,1,3,0
2,12,1,4,12,1,7,1,2,1,1,6,1,1,3,38248,1,1,1,0
1,4,3,3,1,14,7,2,3,1,1,1,1,2,3,52000,1,3,2,0
2,7,2,2,1,1,1,2,2,1,1,2,1,1,1,51403,1,1,1,0
2,1,1,1,6,6,5,2,2,2,1,1,1,1,1,27781,1,1,1,0
2,4,1,3,1,1,7,2,3,1,1,1,2,1,3,150000,1,3,2,0
1,4,1,1,9,5,7,1,2,1,3,1,1,1,3,145000,1,3,2,0
2,10,2,5,5,8,7,2,2,1,2,1,1,1,4,18450,1,1,1,0
2,2,1,1,1,1,2,1,2,1,1,4,2,2,2,6576,2,2,2,0
2,7,1,1,3,7,7,2,4,1,1,8,3,1,1,77839,1,1,1,0
2,5,1,3,3,1,1,2,3,1,1,3,1,1,1,14820,2,2,1,0
1,11,1,2,8,13,2,1,3,2,1,5,1,1,1,24972,1,1,1,0
2,1,1,1,1,1,1,1,1,1,1,2,1,1,1,62507,1,1,1,0
1,4,1,1,1,2,4,2,2,1,1,5,1,1,3,115000,1,3,2,0
2,10,1,3,1,1,4,1,3,1,1,2,1,1,4,87171,1,1,1,0
2,4,1,1,5,14,2,2,2,1,1,3,1,1,3,180000,1,3,2,0
2,7,1,1,1,9,7,2,2,1,1,2,1,1,1,51408,1,1,1,0
1,4,1,1,8,1,4,1,3,1,1,8,1,2,3,98000,1,3,2,0
2,7,1,1,8,3,4,3,2,1,1,1,2,1,1,73433,1,1,1,0
2,4,1,1,2,1,1,2,1,1,1,2,1,1,3,125000,1,3,2,0
2,13,1,2,3,1,7,2,3,1,1,1,2,1,1,29373,1,1,1,0
1,4,1,3,1,1,1,1,3,1,1,5,4,2,3,108000,1,3,2,0
2,4,1,1,1,1,7,1,4,1,1,8,1,1,3,100000,1,3,2,0
2,4,1,1,2,1,2,2,3,1,1,3,1,1,3,75000,1,3,2,0
2,12,1,1,1,1,1,2,4,1,1,1,1,1,3,80520,1,1,1,0
2,18,1,5,1,13,4,1,2,1,1,1,1,2,1,90714,1,1,3,0
2,7,1,2,1,1,3,2,2,1,1,2,1,1,1,30840,1,1,1,0
1,11,1,2,5,1,7,2,3,1,1,1,1,1,1,48955,1,1,1,0
2,2,1,1,12,3,7,3,2,1,1,1,6,1,2,15654,2,2,2,0
1,8,3,1,1,1,2,2,3,1,1,2,1,1,1,381852,1,1,1,0
2,4,1,1,1,1,3,3,3,1,1,1,1,1,3,106000,1,3,2,0
2,18,1,2,1,1,4,2,3,1,1,2,1,2,1,166831,1,1,3,0
2,17,1,2,1,1,3,2,2,1,1,1,1,1,1,46116,1,1,3,0
2,12,3,1,1,4,7,3,2,1,1,3,1,1,3,48313,1,1,1,0
2,4,1,1,1,1,2,2,4,1,1,1,1,1,3,70000,1,3,2,0
2,1,1,1,1,15,1,2,2,1,1,2,1,1,1,94594,1,1,1,0
2,4,1,1,1,3,2,2,2,1,2,1,1,1,3,60000,1,3,2,0
1,4,1,1,1,9,1,2,3,1,1,3,1,1,3,82000,1,3,2,0
2,8,1,3,1,1,11,2,3,1,1,2,1,2,1,51408,1,1,1,0
1,4,1,2,5,3,5,2,3,1,1,3,1,1,3,80000,1,3,2,0
2,20,1,2,1,1,2,1,1,1,1,3,1,1,1,9600,3,2,2,0
2,4,1,1,1,1,7,3,3,1,1,1,1,1,3,135000,1,3,2,0
2,16,1,2,1,4,1,3,3,1,1,3,1,1,1,58752,1,1,3,0
2,4,1,1,1,1,3,2,4,1,1,6,2,1,3,75000,1,3,2,0
2,2,1,1,1,1,7,1,2,1,1,1,3,2,2,46963,2,2,2,0
2,4,1,1,9,3,5,3,3,2,3,4,1,1,3,120000,1,3,2,0
2,3,1,3,1,1,3,2,4,1,1,1,1,1,1,50904,1,1,3,0
2,12,1,1,1,4,1,2,3,1,1,2,6,1,3,88573,1,1,1,0
1,4,1,2,1,1,1,1,4,1,1,1,1,1,3,110000,1,3,2,0
2,4,1,2,9,1,1,1,4,1,1,1,2,1,3,146000,1,3,2,0
2,7,1,3,1,1,1,3,3,1,1,3,1,1,1,20556,1,1,1,0
2,4,2,1,12,3,7,2,2,2,2,2,1,1,3,70000,1,3,2,0
2,4,1,1,1,1,4,1,1,1,1,3,1,2,3,80000,1,3,2,0
2,14,1,1,1,12,1,1,3,1,1,1,5,2,5,16848,3,2,2,0
2,1,1,5,1,1,3,2,4,1,2,2,1,1,1,1000000,1,1,1,0
2,4,1,1,1,3,7,1,4,1,1,3,1,2,3,124000,1,3,2,0
2,4,1,3,1,1,4,2,2,1,1,3,1,2,3,200000,1,3,2,0
2,5,2,2,1,1,3,2,3,1,1,3,4,2,1,32112,2,2,1,0
2,2,1,1,1,1,1,1,2,1,1,8,3,1,2,28176,2,2,2,0
2,9,2,2,1,1,7,2,2,1,1,4,4,1,2,28608,2,2,2,0
2,4,1,1,2,9,7,2,4,1,1,3,1,1,3,132000,1,3,2,0
2,7,1,3,1,3,2,3,2,1,1,3,1,1,1,67313,1,1,1,0
1,13,1,1,1,1,7,1,3,1,1,7,1,1,1,75880,1,1,1,0
2,7,1,3,1,1,7,1,3,1,1,3,1,1,1,47731,1,1,1,0
2,4,1,2,3,1,2,2,2,1,1,1,1,2,3,70500,1,3,2,0
2,7,1,1,1,16,4,1,4,1,1,8,1,1,1,75880,1,1,1,0
2,4,3,1,1,1,7,2,1,2,1,5,1,1,3,136000,1,3,2,0
2,7,2,3,3,1,7,2,1,1,1,2,1,1,1,12480,1,1,1,0
2,3,1,2,4,3,2,1,3,1,1,2,1,1,1,47904,1,1,3,0
2,20,2,2,1,1,7,1,2,1,1,3,1,1,1,200000,3,2,2,0
1,19,1,2,3,14,2,1,4,1,1,3,1,1,1,56544,1,1,3,0
2,17,1,1,1,1,1,3,3,1,2,2,1,1,1,38184,1,1,3,0
2,5,2,2,3,3,5,2,2,1,1,1,1,1,1,28236,2,2,1,0
1,4,1,2,1,1,4,2,2,1,1,3,1,2,3,125000,1,3,2,0
2,18,1,4,1,1,2,2,2,2,1,6,1,2,1,66044,1,1,3,0
1,5,2,1,1,1,7,2,2,1,1,2,1,1,1,26112,2,2,1,0
1,16,1,2,1,1,1,2,4,1,1,8,1,1,1,73433,1,1,3,0
2,10,1,3,6,1,1,3,1,1,1,1,1,1,4,19194,1,1,1,0
2,12,1,1,12,4,2,1,2,2,1,1,1,1,3,48300,1,1,1,0
1,13,1,1,2,1,2,2,2,1,1,3,1,2,1,34269,1,1,1,0
2,4,1,8,7,1,7,1,3,1,1,7,1,2,3,125000,1,3,2,0
2,4,1,3,1,1,1,2,3,1,1,1,1,1,3,67000,1,3,2,0
2,4,1,1,1,1,4,1,1,1,1,3,1,1,3,95000,1,3,2,0
1,7,1,1,1,1,3,1,1,1,1,2,4,1,1,63030,1,1,1,0
2,2,1,1,6,14,11,3,3,1,1,1,1,2,2,18216,2,2,2,0
2,1,1,2,5,1,5,2,2,1,1,2,1,1,1,48616,1,1,1,0
2,7,1,1,8,9,4,2,3,1,1,2,1,1,1,78328,1,1,1,0
2,4,2,2,1,8,7,2,3,2,1,4,6,2,3,50000,1,3,2,0
2,7,1,2,1,1,1,1,4,1,1,2,1,1,1,82452,1,1,1,0
1,4,1,1,1,4,4,1,4,1,1,7,1,1,3,120000,1,3,2,0
2,13,1,3,1,1,5,2,3,2,1,1,1,1,1,26925,1,1,1,0
2,4,1,3,6,14,2,1,3,1,1,1,2,2,3,49000,1,3,2,0
2,2,1,2,3,14,1,2,3,1,1,3,3,1,2,19568,2,2,2,0
2,4,1,1,1,1,3,1,2,1,1,3,1,1,3,89000,1,3,2,0
2,4,1,1,4,3,5,2,3,1,1,3,1,2,3,67000,1,3,2,0
1,4,1,1,1,4,2,1,3,2,1,2,1,1,3,60000,1,3,2,0
1,5,3,1,1,3,7,2,3,1,2,3,1,2,1,70724,2,2,1,0
2,14,3,5,1,4,7,3,1,1,1,1,1,1,5,13848,3,2,2,0
2,4,1,2,1,4,1,2,4,2,1,1,1,1,3,90000,1,3,2,0
2,4,1,1,1,1,3,1,3,1,1,5,1,2,3,105000,1,3,2,0
2,4,1,7,5,8,1,2,4,1,1,1,1,1,3,145000,1,3,2,0
1,2,1,2,1,1,7,1,3,1,1,3,3,2,2,4336,2,2,2,0
1,1,1,1,1,1,2,2,3,1,1,8,1,1,1,433380,1,1,1,0
2,4,1,1,1,4,1,2,3,1,1,1,1,1,3,82000,1,3,2,0
2,16,1,2,3,1,2,2,4,1,1,3,1,1,1,44064,1,1,3,0
2,9,3,1,1,1,3,3,3,1,1,1,4,1,2,15900,2,2,2,0
1,1,1,1,1,1,2,2,2,1,1,3,6,1,1,32906,1,1,1,0
1,2,1,1,1,2,2,2,2,2,1,1,3,1,2,1565,2,2,2,0
2,16,1,1,1,1,2,1,2,1,1,3,2,1,1,73433,1,1,3,0
2,11,1,2,3,1,1,2,3,1,1,1,6,1,1,48955,1,1,1,0
2,4,1,1,1,1,6,1,3,1,1,3,1,2,3,170000,1,3,2,0
2,4,1,3,7,1,3,1,1,1,1,3,2,1,3,160000,1,3,2,0
2,2,2,1,1,6,7,2,4,1,1,8,3,2,2,3384,2,2,2,0
2,8,1,1,1,1,1,2,4,1,1,2,1,1,1,24348,1,1,1,0
2,7,1,4,1,1,7,3,3,1,1,3,1,1,1,46997,1,1,1,0
2,7,3,5,1,1,4,2,3,1,1,2,1,1,1,128507,1,1,1,0
2,4,1,1,1,1,7,2,1,1,1,4,1,1,3,130000,1,3,2,0
1,14,1,3,8,1,1,2,3,1,1,6,1,1,5,18336,3,2,2,0
2,4,1,1,6,4,5,1,2,1,1,5,1,1,3,95000,1,3,2,0
2,4,1,1,5,3,7,3,2,1,1,1,1,1,3,87000,1,3,2,0
2,10,1,8,5,1,11,3,3,1,1,1,1,1,4,59980,1,1,1,0
2,8,1,1,3,15,1,1,2,1,1,2,1,1,1,20556,1,1,1,0
1,14,1,1,8,3,3,1,2,1,1,1,2,1,5,26352,3,2,2,0
2,13,1,5,1,1,2,2,3,1,1,8,2,1,1,18358,1,1,1,0
1,4,1,1,6,1,5,2,4,1,1,5,1,1,3,102000,1,3,2,0
2,7,1,5,1,1,7,2,2,1,1,4,1,2,1,46507,1,1,1,0
2,1,1,2,1,1,4,2,3,1,1,1,1,1,1,1000000,1,1,1,0
2,5,3,2,6,4,1,2,2,1,1,3,1,2,1,58224,2,2,1,0
2,15,1,1,1,1,1,2,3,1,1,3,4,1,2,42132,1,1,2,0
2,8,1,2,7,1,2,2,4,1,1,3,1,1,1,26925,1,1,1,0
1,4,1,2,1,4,2,1,3,1,1,1,1,1,3,56000,1,3,2,0
1,1,1,1,1,1,7,1,3,1,1,3,1,1,1,45838,1,1,1,0
2,4,1,2,1,4,7,2,1,1,1,1,6,1,3,140000,1,3,2,0
1,2,1,1,3,8,5,2,3,1,1,1,3,2,2,12524,2,2,2,0
2,7,1,1,1,1,4,1,2,1,1,7,1,2,1,48468,1,1,1,0
2,4,1,1,4,6,7,2,2,1,1,1,7,1,3,53750,1,3,2,0
2,3,1,2,5,1,1,1,4,1,1,2,1,1,1,52404,1,1,3,0
2,11,1,2,4,1,7,2,3,1,1,4,1,1,1,67313,1,1,1,0
2,4,2,1,7,18,5,4,1,2,1,3,1,2,3,360,1,3,2,1
2,4,3,2,1,1,3,1,2,1,1,1,3,2,3,115500,1,3,2,0
2,4,1,2,1,1,1,2,1,1,1,3,1,1,3,120000,1,3,2,0
2,7,1,2,8,1,7,2,2,1,1,4,1,1,1,61194,1,1,1,0
2,4,1,1,4,3,2,2,2,2,1,3,1,1,3,112000,1,3,2,0
2,18,1,2,1,7,3,1,2,1,1,6,1,1,1,125124,1,1,3,0
2,4,1,1,1,1,1,2,2,1,1,1,1,2,3,80000,1,3,2,0
1,12,1,1,1,15,4,2,2,1,1,3,1,1,3,67235,1,1,1,0
2,1,1,1,1,3,2,1,3,1,1,3,2,1,1,38893,1,1,1,0
1,4,1,1,1,1,3,2,2,1,1,1,1,2,3,115000,1,3,2,0
1,4,1,4,12,1,1,1,1,2,1,6,1,1,3,42000,1,3,2,0
2,4,2,1,6,1,7,2,1,1,1,8,1,1,3,85000,1,3,2,0
2,12,1,1,1,1,2,2,4,1,1,1,3,1,3,2000000,1,1,1,0
2,4,1,1,1,1,3,3,3,1,1,8,1,1,3,105000,1,3,2,0
2,16,1,1,1,1,3,2,2,1,1,7,1,2,1,58752,1,1,3,0
2,4,3,3,1,1,2,1,3,1,1,1,1,2,3,56000,1,3,2,0
1,2,1,2,1,1,7,2,1,1,1,1,1,1,2,10645,2,2,2,0
2,2,1,2,1,13,2,1,2,1,1,1,3,1,2,31309,2,2,2,0
1,1,1,1,1,1,7,2,4,1,1,6,1,2,1,41671,1,1,1,0
2,4,1,2,3,1,11,2,2,1,1,1,1,2,3,150000,1,3,2,0
2,5,1,3,1,3,3,2,2,1,1,1,1,1,1,28236,2,2,1,0
2,4,1,1,4,4,5,2,1,1,1,1,1,1,3,97500,1,3,2,0
2,2,2,2,1,1,7,3,3,1,1,1,4,1,2,12524,2,2,2,0
2,4,1,1,4,1,2,1,1,2,1,1,1,1,3,90000,1,3,2,0
2,4,1,1,3,1,2,1,4,1,1,3,1,1,3,75000,1,3,2,0
2,2,1,1,1,4,1,3,3,1,1,1,3,1,2,31309,2,2,2,0
2,1,1,1,1,1,7,1,1,1,1,2,1,1,1,41671,1,1,1,0
1,16,1,1,8,1,7,1,4,1,1,6,2,1,1,134627,1,1,3,0
2,6,1,2,8,4,7,3,3,1,1,3,1,2,1,21228,2,2,2,0
2,7,1,5,1,1,4,2,3,1,1,7,1,1,1,45528,1,1,1,0
2,1,1,1,1,1,3,3,4,1,1,1,1,1,1,44449,1,1,1,0
1,4,1,1,1,1,1,3,4,1,1,6,2,1,3,88000,1,3,2,0
1,15,1,1,1,1,1,1,2,2,1,5,1,1,2,96552,1,1,2,0
2,2,1,1,1,2,7,2,3,1,1,1,1,2,2,5820,2,2,2,0
1,4,1,1,3,13,7,2,4,1,1,4,1,1,3,78000,1,3,2,0
2,4,1,1,4,1,3,2,2,2,1,6,1,2,3,139900,1,3,2,0
2,19,1,4,6,6,1,3,4,1,1,6,1,1,1,61680,1,1,3,0
1,2,1,1,1,8,2,2,1,2,1,7,3,2,2,7827,2,2,2,0
2,7,1,1,8,1,4,2,1,1,1,2,1,1,1,939936,1,1,1,0
2,4,1,4,1,1,2,2,3,1,1,1,1,1,3,37440,1,3,2,0
1,2,2,6,1,1,7,3,4,1,1,2,3,2,2,15492,2,2,2,0
1,11,1,2,5,14,3,1,3,2,1,7,1,1,1,48955,1,1,1,0
1,4,1,7,7,1,1,1,3,1,1,3,4,2,3,135000,1,3,2,0
2,16,1,1,1,2,1,2,3,1,1,2,2,1,1,48468,1,1,3,0
1,7,1,2,5,1,7,2,2,1,1,3,1,1,1,88119,1,1,1,0
1,4,1,2,2,10,2,1,1,1,1,8,1,1,3,60000,1,3,2,0
2,4,1,2,1,1,11,2,3,2,1,1,6,1,3,160000,1,3,2,0
1,5,1,1,1,1,2,2,1,1,1,3,1,1,1,12348,2,2,1,0
2,16,1,2,1,1,4,2,2,1,1,6,1,2,1,58746,1,1,3,0
2,4,1,1,3,3,4,1,2,1,1,1,1,1,3,115000,1,3,2,0
2,11,1,2,1,1,2,2,3,1,1,8,1,1,1,24972,1,1,1,0
2,14,1,4,8,1,7,3,3,1,1,7,1,1,5,28946,3,2,2,0
2,11,1,2,1,3,1,1,4,1,1,1,1,1,1,2448,1,1,1,0
2,14,1,4,12,4,1,2,2,1,1,6,1,1,5,20640,3,2,2,0
2,14,1,2,1,1,4,3,3,1,1,3,6,1,5,1000000,3,2,2,0
2,4,1,5,3,12,11,2,3,1,1,2,1,1,3,150000,1,3,2,0
2,18,1,8,1,9,4,2,3,1,1,7,1,1,1,100104,1,1,3,0
2,14,1,5,1,1,1,2,4,1,1,2,2,2,5,93576,3,2,2,0
1,4,1,2,1,4,2,3,3,1,1,8,1,1,3,62000,1,3,2,0
2,7,1,2,1,1,1,2,3,1,1,3,1,1,1,49344,1,1,1,0
2,14,1,4,7,4,7,1,3,1,1,6,1,1,5,5988,3,2,2,0
2,12,1,1,1,1,1,3,4,1,1,1,5,1,3,60391,1,1,1,0
2,12,1,1,1,1,7,2,2,1,1,8,1,1,3,49923,1,1,1,0
1,2,1,2,1,1,3,1,4,1,1,1,1,2,2,42580,2,2,2,0
2,1,1,2,6,13,2,2,4,1,1,2,1,1,1,43755,1,1,1,0
1,4,1,2,1,1,4,2,3,1,1,3,1,2,3,80000,1,3,2,0
2,12,1,1,1,1,2,2,4,2,1,3,1,1,3,62807,1,1,1,0
2,4,1,2,1,4,3,1,3,1,2,8,1,1,3,100000,1,3,2,0
2,11,1,6,12,1,1,2,2,1,1,5,1,2,1,66089,1,1,1,0
2,2,1,1,1,2,2,1,1,1,1,1,3,1,2,5640,2,2,2,0
2,10,1,2,5,14,2,2,4,1,1,3,1,1,4,107964,1,1,1,0
1,2,1,1,1,1,1,3,1,1,1,2,1,1,2,28176,2,2,2,0
1,2,1,1,1,1,7,2,2,1,1,3,6,2,2,13152,2,2,2,0
2,4,1,2,4,1,2,2,2,1,1,4,1,1,3,75000,1,3,2,0
2,2,1,1,1,1,1,2,3,1,1,1,3,1,2,14089,2,2,2,0
2,1,1,2,5,1,1,1,4,1,3,1,1,1,1,72591,1,1,1,0
2,1,1,3,1,3,2,2,2,1,1,8,1,1,1,55562,1,1,1,0
1,14,1,1,1,4,7,2,2,1,1,1,2,1,5,11976,3,2,2,0
2,2,2,2,1,1,2,2,1,1,1,4,1,1,2,15654,2,2,2,0
2,4,1,1,8,1,4,2,2,1,1,1,3,2,3,125000,1,3,2,0
2,16,3,1,5,15,2,2,3,1,1,2,5,2,1,85671,1,1,3,0
1,11,1,1,8,4,2,2,2,1,1,6,5,1,1,42836,1,1,1,0
2,4,1,2,1,1,11,2,1,1,1,3,1,1,3,112400,1,3,2,0
2,7,1,3,1,1,7,2,2,1,1,8,1,1,1,57522,1,1,1,0
2,6,1,1,1,2,3,2,3,1,1,2,1,1,1,33972,2,2,2,0
2,14,1,1,1,7,1,3,3,1,1,2,2,1,5,26196,3,2,2,0
2,11,1,2,1,1,1,1,3,1,1,4,5,1,1,58746,1,1,1,0
1,14,1,1,8,1,7,1,4,1,3,2,2,1,5,24384,3,2,2,0
2,2,1,1,1,1,1,2,1,1,1,9,1,1,2,11897,2,2,2,0
2,4,1,3,1,1,3,3,2,1,1,1,1,1,3,92000,1,3,2,0
1,7,1,1,1,1,7,2,3,1,1,1,1,1,1,51408,1,1,1,0
2,4,1,2,4,2,7,1,1,1,1,3,1,1,3,103000,1,3,2,0
2,4,1,1,1,1,1,1,4,1,1,1,1,2,3,91000,1,3,2,0
2,4,1,1,1,3,1,1,2,1,3,1,1,1,3,180000,1,3,2,0
2,4,1,1,7,1,2,2,2,1,1,7,1,2,3,87000,1,3,2,0
1,2,1,2,1,1,1,2,1,1,1,1,3,1,2,50094,2,2,2,0
2,15,1,9,1,1,1,2,3,1,1,1,4,1,2,42132,1,1,2,0
2,13,1,2,1,2,3,2,2,1,1,7,1,1,1,30597,1,1,1,0
2,7,1,5,1,3,3,2,3,1,1,2,1,2,1,59970,1,1,1,0
2,4,1,2,1,1,1,2,4,1,2,3,1,1,3,70000,1,3,2,0
2,13,1,2,1,1,7,2,1,1,1,4,2,1,1,48955,1,1,1,0
2,6,1,3,8,1,1,2,1,1,1,5,1,1,1,9768,2,2,2,0
2,2,1,1,1,5,7,1,2,1,1,1,1,2,2,10896,2,2,2,0
2,1,1,1,8,1,7,3,3,1,1,8,1,1,1,37782,1,1,1,0
2,2,1,1,3,6,1,1,3,1,1,3,1,2,2,17844,2,2,2,0
1,2,1,1,8,4,1,2,3,2,1,3,3,2,2,5640,2,2,2,0
2,2,1,1,7,2,5,1,4,1,1,7,6,1,2,2820,2,2,2,0
2,4,1,1,1,9,3,2,4,1,1,1,1,1,3,75000,1,3,2,0
2,4,1,1,8,4,1,1,3,1,1,5,2,2,3,136000,1,3,2,0
2,2,1,2,1,1,2,2,3,1,1,3,6,1,2,13152,2,2,2,0
2,7,2,3,1,14,5,4,2,1,1,4,1,1,1,48955,1,1,1,1
2,1,1,3,8,4,4,1,4,1,1,8,1,2,1,51394,1,1,1,0
2,2,1,1,3,12,2,2,4,1,1,1,3,2,2,20664,2,2,2,0
2,2,1,2,1,1,7,2,3,1,1,1,5,1,2,31309,2,2,2,0
1,4,1,1,1,4,7,1,3,1,1,6,1,1,3,80000,1,3,2,0
2,11,1,1,1,9,2,2,1,1,1,3,1,1,1,36716,1,1,1,0
1,4,3,1,7,11,2,1,2,1,1,1,1,2,3,82000,1,3,2,0
2,4,1,1,1,1,1,2,3,1,1,3,1,1,3,50000,1,3,2,0
2,14,1,1,1,9,7,2,1,2,2,2,5,2,5,17220,3,2,2,0
2,1,1,1,1,1,7,2,2,1,1,2,1,1,1,750084,1,1,1,0
2,13,1,3,4,3,2,2,3,1,1,8,1,1,1,31821,1,1,1,0
1,4,1,4,8,4,2,1,3,1,1,8,5,2,3,72000,1,3,2,0
2,19,1,2,1,9,3,2,2,1,1,2,1,1,1,34332,1,1,3,0
2,7,1,1,1,1,3,2,2,1,1,3,1,1,1,64866,1,1,1,0
2,9,3,1,6,1,7,1,2,1,1,1,6,1,2,15444,2,2,2,0
2,4,1,2,1,7,2,2,4,1,1,2,1,1,3,90000,1,3,2,0
2,4,1,1,8,4,3,2,4,1,1,3,1,2,3,125000,1,3,2,0
2,2,1,1,1,1,1,3,3,1,1,1,3,1,2,14089,2,2,2,0
2,2,1,2,1,1,7,3,2,1,1,9,3,2,2,18003,2,2,2,0
2,4,1,1,9,4,2,2,3,1,1,3,1,2,3,85000,1,3,2,0
2,4,1,3,8,1,2,3,4,1,1,2,1,1,3,75000,1,3,2,0
2,7,3,4,1,1,1,1,3,1,1,3,1,1,1,9696,1,1,1,0
2,2,1,1,1,1,7,1,4,1,1,6,3,1,2,28178,2,2,2,0
2,1,1,1,12,1,3,2,3,1,1,2,1,1,1,41671,1,1,1,0
2,2,1,1,1,3,2,2,3,1,1,2,1,2,2,0,2,2,2,0
2,15,1,1,1,4,7,2,2,1,1,5,4,2,2,101808,1,1,2,0
2,4,1,1,1,1,4,2,2,1,1,1,1,1,3,125000,1,3,2,0
2,4,1,1,1,1,4,2,3,1,1,1,1,1,3,80000,1,3,2,0
2,3,1,2,1,1,1,1,4,1,1,3,1,1,1,52404,1,1,3,0
2,13,1,1,8,14,2,2,3,1,1,8,1,1,1,53851,1,1,1,0
2,1,1,1,1,1,1,2,1,1,1,1,1,1,1,65285,1,1,1,0
2,4,1,1,8,1,3,2,3,1,1,8,1,2,3,100900,1,3,2,0
2,13,1,3,8,1,1,1,4,1,1,8,2,1,1,37940,1,1,1,0
2,7,1,3,1,1,4,2,3,1,1,5,1,2,1,58752,1,1,1,0
2,19,1,1,1,1,4,2,3,1,1,3,1,1,1,55812,1,1,3,0
2,2,1,2,1,2,7,1,1,1,1,2,3,1,2,5870,2,2,2,0
2,2,2,2,1,2,7,2,4,1,1,3,6,2,2,7827,2,2,2,0
1,4,1,1,2,1,2,1,1,1,1,3,1,1,3,75000,1,3,2,0
2,19,2,1,1,1,3,2,3,1,1,7,1,1,1,58752,1,1,3,0
2,4,1,1,1,4,1,1,2,1,1,6,1,1,3,90000,1,3,2,0
2,2,1,1,1,1,7,2,2,2,1,7,1,2,2,0,2,2,2,0
1,14,1,2,1,1,1,2,2,1,1,3,2,1,5,86088,3,2,2,0
2,11,1,2,1,1,3,1,3,1,1,6,1,1,1,67313,1,1,1,0
2,10,1,4,8,1,3,2,4,1,1,8,1,2,4,87971,1,1,1,0
2,4,1,1,2,4,2,2,2,1,1,1,1,1,3,73000,1,3,2,0
2,16,1,1,1,1,2,3,2,1,1,3,1,1,1,53851,1,1,3,0
2,4,1,3,1,1,3,1,3,1,1,8,7,2,3,89000,1,3,2,0
2,4,1,1,1,1,4,2,3,1,1,1,1,2,3,94000,1,3,2,0
2,16,1,2,2,14,2,1,3,1,1,2,1,1,1,40392,1,1,3,0
1,2,1,2,1,4,7,2,2,1,1,1,3,2,2,39136,2,2,2,0
2,4,1,7,7,1,4,3,1,1,1,3,1,2,3,100000,1,3,2,0
2,4,1,2,1,16,4,2,3,1,1,2,1,1,3,142000,1,3,2,0
2,4,1,2,3,1,3,3,2,1,1,1,2,2,3,145000,1,3,2,0
1,6,1,1,8,15,2,1,4,1,1,7,1,1,1,26537,2,2,2,0
1,6,1,3,1,2,7,2,4,1,1,3,1,2,1,19104,2,2,2,0
1,16,1,1,9,3,3,2,3,1,1,3,1,2,1,46992,1,1,3,0
2,4,1,1,1,1,3,1,3,1,1,3,2,2,3,75000,1,3,2,0
1,4,1,1,4,1,2,2,4,1,1,1,1,2,3,70000,1,3,2,0
2,4,1,1,4,1,2,2,1,1,1,1,1,2,3,2000000,1,3,2,0
1,1,1,2,3,1,11,1,2,1,1,4,1,1,1,73619,1,1,1,0
2,11,1,2,1,1,4,2,4,1,1,4,1,1,1,602148,1,1,1,0
2,7,3,1,1,1,7,2,2,2,3,2,1,1,1,67313,1,1,1,0
1,4,3,3,1,14,1,2,4,1,1,1,1,1,3,60000,1,3,2,0
1,4,1,1,1,2,4,2,3,2,1,3,1,1,3,140000,1,3,2,0
2,1,1,1,5,9,2,2,2,1,1,1,1,1,1,48783,1,1,1,0
1,11,1,2,3,1,7,3,3,1,1,2,1,2,1,61194,1,1,1,0
1,4,1,1,12,6,3,1,2,2,1,3,1,1,3,90000,1,3,2,0
2,11,1,2,1,1,2,3,2,1,1,2,1,2,1,61194,1,1,1,0
2,4,1,1,9,1,1,2,3,1,1,1,1,2,3,75000,1,3,2,0
2,12,1,1,1,1,7,1,3,1,1,1,3,1,3,82132,1,1,1,0
2,2,1,1,3,11,1,2,3,1,1,1,1,2,2,28178,2,2,2,0
2,4,1,4,11,1,4,2,3,1,1,1,1,2,3,96000,1,3,2,0
2,4,1,1,4,2,3,1,3,1,1,2,1,1,3,175000,1,3,2,0
2,7,1,5,1,1,1,1,3,1,1,8,1,2,1,38184,1,1,1,0
2,12,1,4,1,1,3,1,4,1,1,1,1,1,3,48313,1,1,1,0
2,4,3,1,2,3,2,2,3,2,1,1,1,1,3,71500,1,3,2,0
2,7,1,1,8,1,7,1,3,1,1,1,1,1,1,82000,1,1,1,0
2,16,1,2,12,6,7,1,3,1,1,1,6,2,1,48955,1,1,3,0
2,1,1,1,4,15,7,2,3,1,1,3,1,1,1,1000000,1,1,1,0
2,4,1,2,6,14,2,1,2,1,1,1,1,1,3,58000,1,3,2,0
2,2,1,2,1,4,7,1,1,1,1,2,3,2,2,24420,2,2,2,0
2,4,1,1,1,1,7,2,4,1,1,5,1,1,3,135000,1,3,2,0
2,16,1,2,1,1,7,1,3,1,1,3,1,2,1,73433,1,1,3,0
2,7,1,2,3,7,7,2,1,1,1,3,3,1,1,63642,1,1,1,0
2,2,1,1,3,3,2,1,3,2,1,1,3,1,2,25047,2,2,2,0
2,4,1,1,3,3,7,2,2,1,1,6,3,1,3,95000,1,3,2,0
1,2,1,1,1,1,7,1,3,1,1,7,3,2,2,27395,2,2,2,0
2,2,1,1,3,1,7,3,3,1,1,6,6,2,2,32874,2,2,2,0
2,12,1,1,4,1,7,2,4,1,1,2,1,1,3,24156,1,1,1,0
2,7,1,2,1,1,7,1,2,2,1,3,1,1,1,60460,1,1,1,0
2,6,1,3,1,9,3,3,3,1,1,3,1,2,1,40332,2,2,2,0
2,12,1,1,1,3,2,2,4,1,1,1,3,1,3,64417,1,1,1,0
2,4,1,1,4,1,2,1,3,1,1,5,1,1,3,55000,1,3,2,0
2,11,1,2,1,4,1,2,4,1,1,1,1,1,1,55075,1,1,1,0
2,6,1,2,5,1,2,4,4,1,1,8,1,1,1,12732,2,2,2,1
2,4,1,7,1,16,11,2,1,1,1,4,1,1,3,110000,1,3,2,0
2,4,1,2,7,5,10,2,2,1,1,3,1,2,3,175000,1,3,2,0
1,6,1,2,8,1,7,3,2,2,1,5,1,1,1,19536,2,2,2,0
2,16,1,1,1,1,1,1,4,1,1,2,1,1,1,51408,1,1,3,0
1,1,1,3,6,11,5,1,4,1,1,4,1,1,1,34726,1,1,1,0
1,4,1,1,2,1,2,2,3,2,2,5,1,1,3,115250,1,3,2,0
2,4,1,1,1,4,7,2,2,1,1,2,1,1,3,70000,1,3,2,0
2,2,2,1,1,3,7,3,3,1,1,1,1,1,2,24420,2,2,2,0
2,4,1,3,1,1,3,1,3,1,1,1,1,1,3,90000,1,3,2,0
2,4,1,1,1,1,7,2,3,1,1,2,1,1,3,122000,1,3,2,0
2,10,2,1,1,1,3,1,4,1,1,6,1,1,4,55981,1,1,1,0
2,2,2,1,1,1,7,1,1,1,1,9,3,2,2,2818,2,2,2,0
2,1,1,2,6,8,2,1,1,1,1,3,1,2,1,81259,1,1,1,0
2,4,1,1,1,13,3,2,2,1,1,6,1,1,3,90000,1,3,2,0
2,2,1,2,1,4,1,2,3,1,4,9,2,1,2,611100,2,2,2,0
1,1,1,1,1,1,2,1,1,1,1,2,1,1,1,62507,1,1,1,0
2,1,1,2,1,1,3,3,3,1,1,8,1,1,1,48616,1,1,1,0
2,1,1,1,1,1,4,2,2,1,1,2,1,1,1,62507,1,1,1,0
2,19,2,1,1,1,3,1,3,1,1,1,1,2,1,33780,1,1,3,0
2,6,1,6,1,3,2,1,3,1,1,5,1,1,1,29088,2,2,2,0
2,16,1,1,1,9,3,1,3,1,1,1,1,2,1,58008,1,1,3,0
2,4,1,3,1,8,4,2,2,1,1,5,1,2,3,125000,1,3,2,0
2,4,1,4,1,4,11,2,2,1,1,6,1,1,3,120000,1,3,2,0
2,4,2,3,1,8,7,1,2,1,2,8,6,1,3,950000,1,3,2,0
2,10,1,1,9,3,2,2,1,1,1,1,1,1,4,51983,1,1,1,0
2,2,1,2,1,4,3,1,4,1,1,1,3,1,2,11741,2,2,2,0
2,3,1,1,4,1,7,2,3,2,2,1,1,2,1,54648,1,1,3,0
2,11,1,2,8,4,7,2,3,1,1,5,1,1,1,61194,1,1,1,0
2,12,1,4,1,9,3,2,3,1,1,1,1,1,3,62001,1,1,1,0
2,6,1,2,1,2,7,3,2,1,1,3,6,1,1,25476,2,2,2,0
2,14,1,1,1,1,2,1,3,1,1,1,1,1,5,8232,3,2,2,0
2,13,1,2,1,1,4,2,2,1,1,2,1,1,1,48955,1,1,1,0
2,7,1,4,8,1,1,3,3,1,1,8,1,1,1,46992,1,1,1,0
1,2,1,2,1,1,7,2,2,1,1,7,4,1,2,9012,2,2,2,0
2,4,1,4,1,1,4,3,2,1,1,1,1,1,3,115000,1,3,2,0
2,18,3,3,1,6,2,2,2,1,1,8,1,1,1,15012,1,1,3,0
2,6,1,1,8,1,1,2,4,2,1,1,1,2,1,19104,2,2,2,0
1,1,1,1,1,1,7,2,3,1,1,2,1,1,1,95844,1,1,1,0
2,12,1,2,1,1,3,2,1,1,1,1,4,1,3,62001,1,1,1,0
1,4,1,1,1,12,4,2,1,2,2,3,1,1,3,144000,1,3,2,0
2,3,1,1,1,1,1,2,4,1,1,3,1,1,1,41916,1,1,3,0
2,4,1,2,2,8,2,2,1,1,1,1,1,1,3,146000,1,3,2,0
1,12,1,1,3,6,2,2,3,1,1,8,1,1,3,82132,1,1,1,0
2,4,1,4,11,3,2,2,4,2,1,2,5,1,3,960000,1,3,2,0
2,15,1,1,8,1,4,2,2,1,1,1,4,1,2,105744,1,1,2,0
2,12,1,4,1,1,1,2,2,1,1,1,1,1,3,35329,1,1,1,0
2,10,1,1,1,1,8,1,1,1,3,1,1,1,4,90370,1,1,1,0
2,4,1,2,1,1,4,1,2,1,1,3,1,2,3,122500,1,3,2,0
2,2,1,1,1,1,7,2,3,1,1,1,3,2,2,319344,2,2,2,0
1,16,1,1,3,1,4,2,2,1,1,4,1,1,1,50179,1,1,3,0
2,5,1,1,1,1,1,3,4,1,1,3,1,1,1,0,2,2,1,0
2,4,1,1,1,1,7,3,3,1,1,3,1,1,3,96500,1,3,2,0
2,2,1,1,1,14,1,2,2,2,1,1,3,1,2,15654,2,2,2,0
2,12,1,4,1,1,4,2,2,1,4,3,1,1,3,81094,1,1,1,0
2,2,1,1,1,1,3,2,2,1,1,2,1,1,2,32874,2,2,2,0
2,4,1,2,1,5,4,1,2,1,1,3,1,2,3,116000,1,3,2,0
2,12,1,4,1,4,2,3,4,1,1,1,3,1,3,28182,1,1,1,0
2,12,1,1,1,1,4,2,3,1,1,3,1,1,3,40261,1,1,1,0
2,2,1,1,1,2,7,2,3,1,1,1,1,1,2,7044,2,2,2,0
2,4,1,1,1,1,7,1,2,1,1,3,1,2,3,98890,1,3,2,0
2,4,1,1,1,1,3,3,1,1,1,3,1,1,3,300000,1,3,2,0
2,16,1,1,1,1,1,2,3,1,1,1,1,1,1,56298,1,1,3,0
1,4,1,2,6,2,5,2,4,1,1,8,1,1,3,61500,1,3,2,0
2,14,3,3,8,12,1,2,3,1,1,2,2,2,5,13308,3,2,2,0
2,4,1,6,2,1,3,1,2,1,2,6,1,1,3,80000,1,3,2,0
2,13,1,3,1,3,3,3,3,1,3,4,1,1,1,28761,1,1,1,0
2,1,1,2,1,1,1,1,2,1,1,2,1,1,1,41671,1,1,1,0
2,3,1,2,1,9,11,2,2,1,1,2,1,1,1,62880,1,1,3,0
2,6,1,1,8,1,4,2,2,1,1,1,1,2,1,27600,2,2,2,0
2,4,1,5,2,1,7,2,4,1,1,6,1,1,3,83500,1,3,2,0
2,12,1,1,1,9,1,2,3,2,2,1,1,1,3,64417,1,1,1,0
1,7,1,3,1,9,7,1,4,1,1,2,1,1,1,13212,1,1,1,0
2,4,1,1,4,4,2,2,3,2,3,1,1,1,3,115000,1,3,2,0
2,6,2,1,4,2,2,2,2,1,1,5,1,2,1,53076,2,2,2,0
2,4,1,5,1,4,1,2,1,1,1,2,1,2,3,115000,1,3,2,0
2,12,1,2,5,14,7,2,3,2,2,2,1,1,3,67235,1,1,1,0
2,11,1,2,1,1,7,2,2,1,1,2,1,1,1,36716,1,1,1,0
2,4,1,1,1,15,3,1,4,1,1,1,1,1,3,95000,1,3,2,0
2,2,1,2,1,1,2,2,4,1,1,7,1,1,2,6012,2,2,2,0
2,4,1,4,1,1,1,2,3,1,1,9,2,1,3,132000,1,3,2,0
2,2,1,2,3,1,7,2,1,1,1,2,3,2,2,9012,2,2,2,0
2,4,1,1,1,1,3,2,3,1,1,3,1,1,3,87000,1,3,2,0
1,14,1,4,12,1,1,2,2,1,1,1,1,1,5,11976,3,2,2,0
2,2,1,2,1,2,7,1,1,2,1,3,3,1,2,0,2,2,2,0
2,15,1,1,1,1,7,2,2,1,2,7,4,1,2,70212,1,1,2,0
2,1,1,1,1,1,3,3,4,1,1,1,1,1,1,76397,1,1,1,0
2,1,1,1,1,1,1,3,2,1,1,1,3,2,1,59729,1,1,1,0
2,4,1,1,9,3,2,2,3,1,1,2,1,1,3,75000,1,3,2,0
2,1,1,2,7,1,2,2,4,1,1,3,1,1,1,83342,1,1,1,0
2,10,1,1,8,3,1,1,2,1,1,3,1,1,4,71976,1,1,1,0
1,4,1,1,1,1,3,1,4,1,3,4,1,1,3,99500,1,3,2,0
1,6,1,2,1,1,4,1,2,1,1,3,1,2,1,21228,2,2,2,0
2,1,1,2,5,11,2,1,4,2,2,1,1,1,1,44449,1,1,1,0
2,1,1,1,1,1,3,2,3,1,1,3,1,2,1,583392,1,1,1,0
1,2,1,1,1,6,7,2,3,1,1,8,1,1,2,24264,2,2,2,0
2,4,1,8,2,1,5,2,3,1,1,1,1,2,3,65550,1,3,2,0
2,7,1,1,1,15,3,2,3,1,1,6,1,1,1,47731,1,1,1,0
2,18,1,1,1,1,3,2,3,1,1,7,1,1,1,68820,1,1,3,0
2,1,1,1,1,3,4,2,2,1,1,8,1,1,1,76397,1,1,1,0
2,4,1,1,1,1,3,2,2,1,1,1,1,2,3,120000,1,3,2,0
1,10,1,1,1,1,3,2,4,1,1,9,1,1,4,119160,1,1,1,0
2,11,1,2,1,1,2,2,2,1,1,2,1,1,1,53239,1,1,1,0
2,1,1,1,1,1,7,1,1,1,1,1,1,1,1,500052,1,1,1,0
2,4,1,2,1,8,4,3,3,1,1,3,1,1,3,80000,1,3,2,0
2,1,1,1,1,1,1,3,3,1,1,3,1,1,1,47227,1,1,1,0
2,4,1,1,9,6,2,2,2,1,1,1,1,1,3,504000,1,3,2,0
2,2,2,2,1,2,2,2,3,1,1,2,1,2,2,5640,2,2,2,0
2,7,1,1,1,9,3,2,2,1,1,3,1,1,1,117492,1,1,1,0
2,4,1,2,1,1,11,2,2,1,1,3,1,1,3,115000,1,3,2,0
2,4,1,1,8,4,2,2,3,1,1,2,7,2,3,780000,1,3,2,0
2,4,1,1,3,8,7,1,3,2,3,6,5,1,3,94500,1,3,2,0
2,4,1,1,1,1,4,3,2,1,2,6,1,1,3,2000000,1,3,2,0
2,6,2,2,1,1,3,2,4,1,1,3,1,2,1,57324,2,2,2,0
2,11,1,2,1,1,3,2,4,1,1,3,1,1,1,55075,1,1,1,0
2,7,1,2,1,14,7,2,4,1,1,2,1,1,1,49934,1,1,1,0
1,7,1,1,5,1,2,1,2,2,1,7,1,1,1,46992,1,1,1,0
1,10,1,1,8,1,7,1,4,1,1,9,4,1,4,135955,1,1,1,0
1,12,1,1,8,9,2,1,3,1,1,1,1,1,3,60391,1,1,1,0
1,7,1,3,1,1,7,2,2,1,1,2,1,1,1,52872,1,1,1,0
2,7,1,2,1,2,7,2,3,1,1,1,1,1,1,61194,1,1,1,0
2,4,1,2,1,4,4,2,1,1,1,6,1,1,3,104000,1,3,2,0
2,7,1,2,1,9,7,2,3,1,1,1,1,1,1,61194,1,1,1,0
2,3,1,3,1,1,11,2,3,1,3,1,1,1,1,52404,1,1,3,0
2,4,1,1,3,14,1,1,1,1,1,3,1,1,3,240000,1,3,2,0
2,4,1,3,12,3,3,2,2,1,1,5,1,1,3,85000,1,3,2,0
2,2,1,1,3,1,2,2,2,1,1,3,3,1,2,23482,2,2,2,0
2,4,2,2,1,16,1,1,1,1,1,8,1,1,3,24000,1,3,2,0
2,5,3,3,2,3,2,2,2,1,1,3,1,1,1,31764,2,2,1,0
2,4,2,1,1,1,5,1,4,1,1,3,1,2,3,60000,1,3,2,0
2,11,1,2,1,1,7,2,1,1,1,1,1,1,1,44060,1,1,1,0
2,4,1,1,9,1,7,1,4,1,1,1,1,2,3,70000,1,3,2,0
2,7,1,1,1,4,1,2,1,1,1,3,2,2,1,73433,1,1,1,0
2,4,1,1,1,3,7,2,4,1,1,1,6,1,3,90000,1,3,2,0
1,6,1,5,1,1,3,1,3,1,1,1,5,2,1,63684,2,2,2,0
2,2,2,1,1,6,5,2,1,1,4,1,1,2,2,56352,2,2,2,0
2,2,1,1,8,9,7,2,1,1,1,1,1,1,2,112716,2,2,2,0
1,4,1,1,1,1,1,1,3,1,1,1,1,2,3,94500,1,3,2,0
1,5,1,3,3,1,1,2,1,1,1,2,1,1,1,22056,2,2,1,0
2,2,2,1,8,1,2,3,1,1,1,1,2,1,2,9393,2,2,2,0
2,1,1,3,1,1,11,2,4,1,1,2,1,1,1,72230,1,1,1,0
2,4,1,5,1,10,7,1,3,1,1,8,1,2,3,70000,1,3,2,0
2,7,2,2,1,1,11,2,2,1,1,3,1,1,1,587460,1,1,1,0
2,4,1,2,2,6,7,2,3,1,1,3,1,2,3,108000,1,3,2,0
2,4,1,1,8,12,1,3,2,1,1,1,1,1,3,2000000,1,3,2,0
2,3,1,3,8,1,3,2,4,1,1,3,1,1,1,57636,1,1,3,0
2,15,1,1,1,1,7,3,2,1,1,1,1,1,2,59688,1,1,2,0
2,6,1,1,1,5,7,2,4,1,1,2,1,1,1,43524,2,2,2,0
2,4,1,1,1,4,7,2,2,1,1,5,1,1,3,80000,1,3,2,0
1,12,1,1,1,1,3,2,3,1,1,1,1,2,3,59180,1,1,1,0
2,2,1,1,3,8,5,1,2,2,1,1,3,1,2,10958,2,2,2,0
2,4,1,1,1,9,1,2,2,1,1,1,1,1,3,87000,1,3,2,0
2,4,1,2,5,2,3,2,2,1,1,1,1,1,3,215000,1,3,2,0
2,16,1,2,1,15,1,2,4,2,1,2,1,1,1,110149,1,1,3,0
2,7,1,3,1,1,3,2,2,1,1,2,1,1,1,56298,1,1,1,0
2,7,1,1,1,1,7,1,3,1,3,1,1,1,1,117492,1,1,1,0
2,4,3,2,1,14,2,1,4,1,1,3,1,1,3,200000,1,3,2,0
2,3,1,5,1,1,1,2,3,1,1,3,1,1,1,67368,1,1,3,0
2,4,1,2,1,6,7,2,2,1,1,3,1,1,3,65000,1,3,2,0
2,2,1,1,1,1,2,2,2,1,1,1,3,1,2,11741,2,2,2,0
2,4,1,2,1,1,1,2,4,1,1,1,3,1,3,125000,1,3,2,0
2,4,1,1,1,1,1,2,1,1,1,1,1,1,3,60000,1,3,2,0
2,13,1,2,1,4,1,2,3,1,1,3,2,1,1,24478,1,1,1,0
2,7,1,2,1,1,7,2,2,1,1,2,1,1,1,70985,1,1,1,0
2,4,3,2,1,8,7,2,1,1,1,1,1,1,3,81000,1,3,2,0
2,14,1,3,1,4,3,2,2,1,1,2,1,1,5,31114,3,2,2,0
2,4,1,1,1,4,3,2,4,1,1,1,1,2,3,62000,1,3,2,0
2,4,1,2,7,13,7,1,3,1,1,1,1,2,3,52015,1,3,2,0
1,2,1,2,1,9,7,1,3,2,1,1,6,2,2,15654,2,2,2,0
2,13,1,1,3,1,2,2,4,1,1,1,1,1,1,55075,1,1,1,0
2,2,1,2,1,6,2,1,4,1,1,8,3,2,2,3384,2,2,2,0
2,13,2,2,7,8,7,2,2,1,1,2,1,2,1,29373,1,1,1,0
2,14,1,4,1,1,2,2,4,1,1,7,6,1,5,14976,3,2,2,0
1,7,1,5,1,9,7,3,2,1,1,2,1,1,1,39072,1,1,1,0
2,2,1,1,8,4,2,2,3,1,1,9,3,2,2,9580,2,2,2,0
2,5,1,2,6,1,5,1,4,1,1,3,1,1,1,24702,2,2,1,0
2,4,1,1,1,1,4,2,4,1,1,8,1,1,3,59500,1,3,2,0
2,10,1,1,1,1,4,2,4,1,1,1,1,1,4,83972,1,1,1,0
2,12,1,1,1,7,3,3,2,1,1,2,1,2,3,64417,1,1,1,0
2,12,2,2,1,3,2,2,2,1,1,7,6,1,3,28992,1,1,1,0
2,7,1,1,6,1,5,2,2,1,1,3,1,1,1,73433,1,1,1,0
2,4,1,1,1,2,7,2,4,1,1,1,1,2,3,147000,1,3,2,0
2,1,1,2,3,1,2,2,4,1,1,8,3,1,1,58340,1,1,1,0
2,5,2,2,1,11,2,1,4,1,1,3,1,2,1,35292,2,2,1,0
2,1,1,2,1,1,1,2,3,1,1,1,1,1,1,125014,1,1,1,0
2,4,1,5,5,1,4,3,3,1,1,2,1,2,3,45000,1,3,2,0
1,10,1,1,8,1,2,2,2,1,1,2,1,1,4,90370,1,1,1,0
2,7,1,1,7,1,1,2,3,1,1,2,1,2,1,85671,1,1,1,0
2,12,2,6,1,1,2,2,3,2,2,1,1,1,3,28988,1,1,1,0
2,4,2,1,1,1,2,4,4,2,1,3,1,1,3,4800,1,3,2,1
1,1,1,1,1,1,8,1,3,1,1,8,1,2,1,100011,1,1,1,0
2,12,1,7,7,8,1,2,2,1,1,1,1,1,3,84547,1,1,1,0
2,4,2,1,1,3,5,3,2,2,1,8,1,2,3,48500,1,3,2,0
2,1,1,2,1,1,7,1,1,1,1,3,1,1,1,102789,1,1,1,0
2,2,1,2,1,9,1,2,4,2,1,3,3,2,2,10140,2,2,2,0
2,7,1,5,1,1,7,2,3,1,1,2,1,1,1,23496,1,1,1,0
2,3,1,1,1,3,11,3,2,1,1,8,1,1,1,77856,1,1,3,0
2,8,1,2,1,1,5,2,2,1,1,2,1,1,1,40388,1,1,1,0
1,8,1,1,1,1,3,2,3,1,1,2,1,1,1,30597,1,1,1,0
2,7,1,2,3,1,7,2,3,1,1,4,1,1,1,91791,1,1,1,0
2,7,1,1,1,1,7,3,1,2,1,2,1,1,1,63642,1,1,1,0
1,2,3,9,8,1,1,2,2,1,1,7,1,2,2,32880,2,2,2,0
1,18,1,2,8,14,5,1,2,1,1,1,1,1,1,104269,1,1,3,0
2,2,1,1,1,3,2,2,3,1,1,7,3,1,2,0,2,2,2,0
2,4,1,1,1,1,1,2,4,1,1,6,1,2,3,142000,1,3,2,0
2,12,1,3,1,1,11,2,3,1,1,2,1,1,3,80521,1,1,1,0
1,7,1,1,1,1,7,1,4,1,1,3,1,1,1,61194,1,1,1,0
1,10,2,1,1,1,1,1,2,1,1,1,1,2,4,287904,1,1,1,0
2,7,1,1,1,2,7,2,4,1,2,2,1,1,1,73428,1,1,1,0
2,17,1,2,1,1,7,1,2,2,1,8,1,1,1,1000000,1,1,3,0
2,15,1,3,1,3,7,2,3,1,1,4,4,2,2,98304,1,1,2,0
2,17,2,5,6,1,3,2,2,1,1,1,1,1,1,61194,1,1,3,0
2,12,1,2,3,17,2,2,4,1,1,1,6,2,3,64417,1,1,1,0
2,1,1,3,1,1,3,1,3,1,1,1,1,1,1,111123,1,1,1,0
2,1,1,1,1,1,7,3,3,1,1,4,1,1,1,600060,1,1,1,0
2,7,2,1,12,1,7,2,2,1,1,1,1,2,1,58746,1,1,1,0
2,4,1,3,9,1,4,3,3,1,1,6,1,1,3,135000,1,3,2,0
2,13,3,2,3,1,1,3,2,1,1,3,1,1,1,36716,1,1,1,0
2,4,1,1,1,1,3,1,2,1,1,1,1,1,3,72000,1,3,2,0
2,11,1,2,1,1,1,1,4,1,1,4,1,1,1,97910,1,1,1,0
2,20,1,2,1,11,5,2,2,1,1,8,1,1,1,20400,3,2,2,0
2,19,3,2,1,17,4,2,2,1,1,1,1,1,1,33045,1,1,3,0
2,11,1,1,4,15,1,2,1,1,1,4,1,1,1,94239,1,1,1,0
2,10,1,5,1,5,1,2,3,1,1,4,1,2,4,75975,1,1,1,0
2,11,1,1,1,1,1,1,2,1,1,1,1,2,1,76368,1,1,1,0
2,7,1,3,10,2,2,1,2,1,1,4,2,1,1,73433,1,1,1,0
2,2,1,1,1,1,7,2,1,1,1,8,3,2,2,7358,2,2,2,0
2,5,1,2,6,14,7,3,2,1,1,3,2,1,1,38820,2,2,1,0
2,13,1,2,3,14,7,2,3,1,1,3,1,2,1,48955,1,1,1,0
2,13,1,1,1,4,1,2,4,2,1,2,1,1,1,42836,1,1,1,0
2,4,1,4,1,1,7,2,4,1,1,1,1,2,3,60000,1,3,2,0
2,2,1,1,12,1,2,3,3,2,1,1,1,1,2,4128,2,2,2,0
2,4,1,1,1,1,2,1,3,1,1,4,3,2,3,56600,1,3,2,0
2,12,1,3,1,1,1,1,3,1,1,2,1,2,3,56365,1,1,1,0
2,19,1,1,1,4,1,2,2,1,1,5,1,1,1,42588,1,1,3,0
1,4,1,1,2,3,7,2,4,1,1,1,1,1,3,110000,1,3,2,0
2,12,1,1,1,1,1,2,1,1,2,1,1,1,3,68443,1,1,1,0
2,4,1,1,1,1,1,1,4,1,1,2,4,2,3,90000,1,3,2,0
2,1,1,6,10,4,2,2,2,1,1,2,1,1,1,34726,1,1,1,0
2,16,1,1,1,1,8,1,3,1,1,1,1,1,1,58752,1,1,3,0
2,4,1,1,1,1,7,2,1,1,1,8,4,1,3,78000,1,3,2,0
2,14,3,2,6,14,5,1,4,1,1,3,1,1,5,37430,3,2,2,0
2,4,1,1,1,1,7,1,3,1,1,1,1,2,3,95000,1,3,2,0
2,4,1,1,1,1,1,3,3,1,1,1,1,1,3,160000,1,3,2,0
2,4,1,2,2,1,2,2,3,1,1,3,1,1,3,105000,1,3,2,0
1,17,1,2,4,4,1,1,3,1,1,2,1,1,1,54336,1,1,3,0
2,8,1,2,1,4,7,1,3,1,1,2,1,1,1,29376,1,1,1,0
2,7,1,1,1,3,7,2,3,1,1,5,1,1,1,38184,1,1,1,0
2,1,1,5,1,3,1,1,3,1,1,2,1,2,1,41671,1,1,1,0
2,10,1,1,7,4,1,3,4,1,1,9,6,1,4,67977,1,1,1,0
2,6,1,3,6,1,4,1,2,1,1,3,1,1,1,31848,2,2,2,0
2,7,1,1,1,1,4,3,3,1,1,1,1,1,1,79552,1,1,1,0
2,12,1,1,2,2,5,2,2,2,1,6,6,1,3,50728,1,1,1,0
2,11,1,2,1,6,1,2,4,1,1,3,1,1,1,41124,1,1,1,0
2,11,1,2,1,1,3,2,3,1,1,3,2,2,1,55075,1,1,1,0
1,2,1,1,1,9,5,1,2,1,1,1,3,1,2,2617,2,2,2,0
2,6,1,3,1,1,1,2,2,1,1,2,1,1,1,30780,2,2,2,0
2,14,1,1,1,7,7,2,2,1,1,3,1,1,5,13104,3,2,2,0
2,4,1,1,1,1,4,2,3,1,1,3,1,1,3,130000,1,3,2,0
1,7,1,1,1,1,2,2,3,1,1,2,1,1,1,36720,1,1,1,0
2,4,1,1,1,15,2,1,3,1,1,3,1,2,3,75000,1,3,2,0
2,18,1,2,1,14,1,2,2,2,1,4,1,1,1,93842,1,1,3,0
2,1,1,1,4,4,5,2,2,2,1,1,1,1,1,48616,1,1,1,0
2,10,1,1,1,9,1,1,2,1,1,3,1,1,4,38387,1,1,1,0
2,9,1,1,2,1,1,1,3,1,1,1,3,1,2,28296,2,2,2,0
2,4,1,1,1,15,7,2,4,1,1,3,1,1,3,78000,1,3,2,0
2,4,1,2,1,1,3,2,4,1,1,3,1,1,3,135000,1,3,2,0
1,1,1,2,7,14,2,1,2,2,1,4,1,1,1,53478,1,1,1,0
2,4,1,1,2,1,2,2,2,2,1,8,1,1,3,71372,1,3,2,0
1,4,1,2,2,1,2,2,2,2,2,2,1,1,3,81000,1,3,2,0
2,4,3,3,6,1,2,2,2,1,1,1,2,1,3,104000,1,3,2,0
2,12,1,1,1,3,7,1,2,1,1,1,1,1,3,50326,1,1,1,0
2,9,1,1,1,1,3,3,3,1,1,7,1,1,2,26400,2,2,2,0
2,2,1,1,1,15,1,3,3,1,1,6,3,1,2,27395,2,2,2,0
2,2,1,2,1,4,1,1,3,1,1,1,1,2,2,9393,2,2,2,0
2,11,1,2,1,1,4,3,3,1,1,1,1,1,1,67313,1,1,1,0
1,12,1,2,5,1,2,1,4,1,2,4,3,1,3,41972,1,1,1,0
2,1,1,1,9,6,1,2,3,1,2,1,1,1,1,66674,1,1,1,0
2,9,1,1,1,1,2,2,2,1,1,7,1,1,2,10176,2,2,2,0
2,1,1,1,5,1,2,2,1,1,1,8,1,1,1,69452,1,1,1,0
2,4,1,1,1,2,7,2,2,1,1,3,1,1,3,120000,1,3,2,0
2,8,1,3,1,1,1,3,4,1,1,2,1,1,1,82248,1,1,1,0
2,5,1,2,1,2,3,2,3,1,1,3,1,1,1,129391,2,2,1,0
2,2,1,3,1,1,7,2,1,1,1,1,1,1,2,8604,2,2,2,0
2,3,1,7,1,4,11,2,3,1,1,5,1,1,1,55392,1,1,3,0
2,12,1,1,1,7,7,1,3,1,1,1,2,1,3,74080,1,1,1,0
2,4,2,2,1,3,2,1,2,1,1,7,6,1,3,1200000,1,3,2,0
2,4,1,1,1,1,7,3,1,1,1,2,3,1,3,67000,1,3,2,0
2,4,1,1,1,1,3,2,2,1,1,3,1,2,3,120000,1,3,2,0
2,4,1,6,10,14,2,2,4,1,1,8,1,1,3,120000,1,3,2,0
2,4,1,1,1,1,4,2,3,1,1,3,1,1,3,84000,1,3,2,0
2,1,1,3,7,1,2,2,2,1,1,1,1,1,1,46533,1,1,1,0
2,7,1,1,2,1,7,1,4,1,1,1,1,1,1,32316,1,1,1,0
2,4,1,2,6,1,2,2,3,1,1,8,1,2,3,95000,1,3,2,0
2,1,1,2,9,4,5,1,3,1,1,3,1,1,1,20836,1,1,1,0
2,18,1,2,1,15,4,1,3,1,1,1,1,1,1,125123,1,1,3,0
2,4,1,1,1,4,1,1,4,1,1,8,3,1,3,97000,1,3,2,0
2,5,2,1,1,1,1,3,3,1,1,8,1,1,1,69168,2,2,1,0
2,7,1,2,1,4,1,2,4,1,1,4,1,1,1,57276,1,1,1,0
2,1,1,1,1,1,3,2,2,1,1,1,1,1,1,47366,1,1,1,0
1,14,1,1,1,1,1,2,4,1,1,2,2,1,5,8940,3,2,2,0
2,2,1,1,1,1,7,1,3,1,1,1,3,1,2,13896,2,2,2,0
2,10,1,1,8,1,4,2,3,1,1,1,1,1,4,47984,1,1,1,0
2,4,2,2,3,8,2,1,4,1,1,4,3,1,3,17500,1,3,2,0
2,4,1,4,11,3,2,1,4,1,1,2,1,1,3,70000,1,3,2,0
2,6,1,1,1,1,7,3,1,1,1,8,1,1,1,21228,2,2,2,0
2,12,1,1,1,1,4,2,3,1,1,6,1,2,3,1000000,1,1,1,0
2,12,1,1,7,4,7,2,2,1,1,2,6,1,3,54755,1,1,1,0
2,2,1,2,1,2,7,2,3,1,1,1,6,2,2,21600,2,2,2,0
2,4,1,2,1,7,1,2,4,1,1,6,3,2,3,107000,1,3,2,0
1,13,1,3,1,1,7,2,2,1,1,1,2,1,1,29376,1,1,1,0
2,2,1,2,1,3,1,2,2,1,1,3,1,1,2,8391,2,2,2,0
2,4,1,1,1,1,1,3,3,1,1,4,1,1,3,85000,1,3,2,0
1,2,1,1,1,9,3,2,2,1,1,1,3,2,2,28740,2,2,2,0
2,2,2,1,1,6,5,2,3,1,3,9,3,1,2,4696,2,2,2,0
2,4,1,1,3,1,3,2,2,1,1,1,1,1,3,150200,1,3,2,0
2,4,1,8,1,1,3,2,3,1,1,4,1,2,3,110000,1,3,2,0
1,17,1,1,1,1,2,2,2,1,1,2,1,1,1,30432,1,1,3,0
2,4,1,2,1,1,11,2,3,1,1,4,1,1,3,135000,1,3,2,0
2,4,1,3,1,3,1,1,2,1,1,3,4,2,3,140000,1,3,2,0
2,4,1,4,12,1,3,2,4,1,1,6,1,2,3,110000,1,3,2,0
1,1,1,3,5,1,3,2,4,1,1,2,1,1,1,91677,1,1,1,0
2,4,1,1,1,1,10,2,2,1,1,3,1,2,3,110000,1,3,2,0
2,4,1,1,1,1,4,2,2,1,1,2,1,2,3,120000,1,3,2,0
1,6,1,2,8,4,7,1,2,1,1,3,1,1,1,37152,2,2,2,0
1,4,1,1,1,1,3,2,2,1,1,3,7,1,3,80080,1,3,2,0
2,4,1,1,12,1,11,3,3,1,1,3,2,2,3,178587,1,3,2,0
2,4,1,1,1,1,4,2,1,1,1,5,1,1,3,113000,1,3,2,0
2,4,1,1,1,4,1,2,4,1,1,1,1,1,3,105000,1,3,2,0
2,4,1,3,11,2,11,2,2,1,3,8,1,1,3,130000,1,3,2,0
2,1,1,3,7,1,1,2,2,1,1,8,1,1,1,75703,1,1,1,0
2,12,1,1,1,3,1,2,4,1,1,6,6,2,3,59586,1,1,1,0
2,1,1,1,1,1,3,2,2,1,1,2,1,1,1,466716,1,1,1,0
2,17,3,2,1,4,7,1,3,1,1,1,1,1,1,51408,1,1,3,0
2,14,1,1,1,1,7,2,4,1,1,9,1,1,5,17964,3,2,2,0
2,2,1,2,1,1,7,2,2,1,1,1,1,1,2,7608,2,2,2,0
2,4,1,1,6,14,5,2,4,1,1,3,1,1,3,90000,1,3,2,0
2,7,1,2,1,3,7,2,3,1,1,2,1,1,1,68537,1,1,1,0
2,4,1,1,1,1,2,3,1,1,1,1,1,1,3,75000,1,3,2,0
1,10,1,1,1,1,1,2,4,1,3,1,1,1,4,55981,1,1,1,0
1,6,1,2,5,1,7,1,2,1,2,2,1,1,1,25476,2,2,2,0
2,7,1,5,1,1,7,1,3,1,1,2,1,1,1,77104,1,1,1,0
1,14,3,6,1,1,6,3,3,1,1,8,1,1,5,22836,3,2,2,0
2,4,1,3,4,3,2,1,4,2,2,1,5,1,3,70000,1,3,2,0
2,17,1,3,1,3,2,2,3,2,2,2,1,1,1,27900,1,1,3,0
2,19,3,1,1,1,1,2,3,1,1,3,1,1,1,44064,1,1,3,0
2,11,1,2,8,4,7,2,3,1,1,4,1,1,1,52260,1,1,1,0
2,1,1,1,1,5,4,2,3,1,1,8,1,2,1,54895,1,1,1,0
2,18,1,2,1,1,1,2,2,1,1,1,1,1,1,1000000,1,1,3,0
2,1,1,3,1,1,2,1,2,1,1,2,1,1,1,43060,1,1,1,0
2,4,3,4,1,1,2,3,1,1,1,8,1,1,3,62000,1,3,2,0
2,14,1,1,1,1,1,2,2,1,1,1,2,1,5,22452,3,2,2,0
2,8,1,1,1,1,7,2,2,1,1,8,1,1,1,25701,1,1,1,0
2,4,3,3,1,1,2,3,4,1,1,1,1,2,3,73000,1,3,2,0
1,4,1,5,1,13,11,2,3,1,1,8,1,2,3,90000,1,3,2,0
2,4,3,1,1,1,7,2,2,1,1,1,1,1,3,66300,1,3,2,0
2,7,1,1,1,1,4,2,3,1,1,4,1,1,1,46992,1,1,1,0
2,2,1,1,1,7,7,2,2,1,1,1,3,2,2,0,2,2,2,0
1,3,1,1,1,1,1,1,2,1,1,2,3,1,1,53892,1,1,3,0
2,12,3,3,6,14,5,1,4,1,1,1,1,1,3,52339,1,1,1,0
2,14,1,1,1,1,1,2,3,1,1,1,2,1,5,29940,3,2,2,0
2,4,1,1,1,3,7,2,4,1,1,3,1,1,3,73080,1,3,2,0
1,16,1,1,1,1,3,1,3,1,1,3,4,2,1,75880,1,1,3,0
2,5,1,2,1,1,1,2,1,1,1,2,1,2,1,61752,2,2,1,0
2,4,1,1,9,6,4,1,3,1,1,3,2,1,3,60000,1,3,2,0
2,4,1,7,7,8,1,2,1,1,1,1,1,1,3,85000,1,3,2,0
2,2,1,1,1,2,3,1,1,1,1,1,6,2,2,32874,2,2,2,0
2,1,1,3,1,1,2,1,2,1,1,7,2,1,1,69452,1,1,1,0
2,2,1,2,1,4,2,2,3,1,1,3,3,1,2,13152,2,2,2,0
2,4,1,3,1,1,4,2,3,1,1,8,1,2,3,170000,1,3,2,0
2,4,1,1,1,1,3,2,3,1,1,2,1,1,3,90000,1,3,2,0
1,2,2,2,1,2,7,1,2,1,3,8,3,2,2,3131,2,2,2,0
2,11,1,7,5,14,7,2,3,1,1,3,1,1,1,56298,1,1,1,0
2,4,1,1,1,1,2,1,4,1,1,1,1,1,3,65530,1,3,2,0
2,17,1,1,1,4,2,2,2,1,1,2,1,1,1,48955,1,1,3,0
2,4,1,1,8,1,7,2,2,1,1,3,1,2,3,70000,1,3,2,0
2,13,1,2,1,8,1,2,2,1,1,2,1,1,1,51403,1,1,1,0
2,1,1,1,1,1,1,1,2,1,1,1,1,1,1,733908,1,1,1,0
1,2,1,1,1,1,3,2,2,1,1,7,3,2,2,20351,2,2,2,0
2,7,1,1,1,6,11,2,4,1,1,3,1,1,1,73433,1,1,1,0
2,12,1,1,1,1,7,2,3,1,2,1,1,1,3,92600,1,1,1,0
2,4,1,1,1,4,7,1,3,1,1,1,1,1,3,90000,1,3,2,0
1,4,1,1,4,4,5,2,4,2,1,5,1,1,3,120000,1,3,2,0
2,7,1,2,1,2,1,2,4,1,1,3,1,1,1,83224,1,1,1,0
2,11,1,2,7,1,7,2,4,1,1,3,1,1,1,58746,1,1,1,0
2,4,2,1,1,14,7,2,2,1,2,1,2,1,3,25000,1,3,2,0
2,7,1,2,1,1,3,3,4,1,1,3,1,1,1,56298,1,1,1,0
2,10,1,7,5,8,4,1,2,1,1,6,1,1,4,71976,1,1,1,0
2,2,1,1,3,2,2,2,1,1,1,1,3,1,2,4692,2,2,2,0
2,1,1,2,1,15,11,1,2,2,1,2,1,1,1,93066,1,1,1,0
2,2,1,2,1,1,2,1,2,1,1,2,3,1,2,11741,2,2,2,0
2,1,1,1,12,3,2,2,3,1,1,1,1,1,1,47922,1,1,1,0
2,11,1,2,1,1,1,2,3,1,1,4,1,1,1,44060,1,1,1,0
2,4,1,1,1,14,1,3,2,1,1,2,1,1,3,2000000,1,3,2,0
2,1,1,3,9,1,5,1,2,1,1,8,1,1,1,30559,1,1,1,0
2,7,1,2,7,14,2,1,3,2,1,2,1,1,1,67313,1,1,1,0
2,4,1,1,1,1,2,2,2,1,1,2,1,2,3,69000,1,3,2,0
2,4,1,1,9,3,7,2,4,1,1,2,1,2,3,80000,1,3,2,0
2,11,1,2,1,2,2,2,3,1,1,4,1,1,1,61194,1,1,1,0
2,4,1,1,1,2,2,1,2,1,1,5,1,2,3,80000,1,3,2,0
2,16,1,1,1,1,1,2,1,1,1,3,1,1,1,64866,1,1,3,0
2,8,1,1,1,13,11,2,3,2,1,2,1,1,1,24972,1,1,1,0
1,18,1,1,1,4,7,2,2,2,1,5,1,1,1,92592,1,1,3,0
1,2,1,2,1,1,2,2,1,1,1,1,3,2,2,22548,2,2,2,0
2,1,1,2,6,1,2,2,4,1,1,2,1,1,1,39977,1,1,1,0
2,4,1,1,1,1,1,1,4,1,1,3,1,2,3,115000,1,3,2,0
2,12,1,1,1,5,1,2,2,1,1,1,1,1,3,48313,1,1,1,0
2,4,1,1,1,1,7,1,3,1,1,3,2,1,3,83000,1,3,2,0
2,4,1,3,2,1,2,2,2,1,1,3,3,1,3,50000,1,3,2,0
2,4,1,5,1,1,2,2,3,1,1,1,1,2,3,46000,1,3,2,0
2,4,1,1,1,1,7,2,1,1,1,6,1,2,3,85000,1,3,2,0
2,2,1,1,1,1,2,2,2,1,1,1,1,1,2,10896,2,2,2,0
2,14,1,2,1,1,4,1,1,1,1,7,1,1,5,35556,3,2,2,0
2,1,1,1,3,3,4,1,3,1,1,2,1,1,1,37504,1,1,1,0
1,4,1,1,2,8,1,1,3,1,1,3,1,1,3,116000,1,3,2,0
2,12,1,1,1,1,1,1,1,1,1,1,1,1,3,1000000,1,1,1,0
1,12,1,1,1,13,1,2,4,1,1,8,1,1,3,56365,1,1,1,0
2,1,1,1,1,1,3,1,2,1,1,2,1,1,1,52783,1,1,1,0
2,4,1,1,1,5,7,2,4,1,1,4,1,1,3,165000,1,3,2,0
2,6,1,1,5,1,4,3,3,2,1,4,1,1,1,46992,2,2,2,0
2,16,1,1,1,4,3,2,2,1,1,1,1,1,1,55812,1,1,3,0
2,18,1,2,1,7,1,2,1,1,1,3,1,2,1,95719,1,1,3,0
2,12,3,4,1,1,1,3,4,1,1,3,1,1,3,100652,1,1,1,0
2,5,2,1,1,1,2,2,2,1,1,4,1,2,1,14472,2,2,1,0
2,4,1,2,8,1,5,3,3,1,1,3,1,1,3,72000,1,3,2,0
2,14,3,3,1,1,1,2,3,1,3,5,2,1,5,6360,3,2,2,0
1,4,1,2,7,1,7,2,1,1,1,1,1,1,3,100000,1,3,2,0
2,11,3,1,1,1,2,2,3,1,2,3,1,1,1,21300,1,1,1,0
2,11,1,2,1,1,1,2,3,1,1,3,1,1,1,56298,1,1,1,0
2,4,3,1,7,14,2,2,2,1,1,1,1,1,3,50000,1,3,2,0
2,16,1,2,7,1,6,1,3,1,1,3,1,1,1,41124,1,1,3,0
2,11,1,1,1,4,7,1,2,1,1,7,1,1,1,46507,1,1,1,0
2,2,1,1,1,2,7,2,1,1,1,3,1,2,2,8610,2,2,2,0
1,4,2,2,1,8,3,1,4,1,1,4,1,1,3,35000,1,3,2,0
2,12,1,1,1,1,7,1,2,1,1,1,1,1,3,41066,1,1,1,0
2,4,1,1,4,1,2,2,1,1,2,1,1,1,3,55000,1,3,2,0
2,4,1,1,5,1,2,2,4,1,3,8,1,1,3,80000,1,3,2,0
2,1,1,1,1,1,7,2,2,1,1,3,1,1,1,97233,1,1,1,0
1,1,1,5,1,1,1,1,2,1,3,2,1,1,1,83342,1,1,1,0
2,1,1,1,1,3,4,2,1,1,1,2,1,1,1,69452,1,1,1,0
2,7,2,5,1,6,3,2,3,2,3,2,1,1,1,2772,1,1,1,0
2,4,1,2,6,1,2,2,4,2,1,5,6,1,3,107000,1,3,2,0
2,14,1,1,5,14,7,2,4,1,1,1,1,1,5,28068,3,2,2,0
2,14,1,1,1,1,1,2,3,1,1,9,3,1,5,26544,3,2,2,0
2,11,1,2,1,9,1,1,4,1,1,2,1,1,1,85671,1,1,1,0
2,4,1,7,5,8,7,2,3,1,1,3,1,1,3,120524,1,3,2,0
1,4,1,1,5,1,7,1,3,2,2,1,1,1,3,120000,1,3,2,0
1,19,1,2,1,1,3,2,3,1,1,8,1,1,1,55812,1,1,3,0
2,7,1,1,4,1,1,2,3,1,1,2,1,2,1,67313,1,1,1,0
2,7,1,5,8,1,3,2,2,1,1,2,1,1,1,73428,1,1,1,0
2,4,1,1,8,4,2,2,2,1,1,1,1,1,3,70000,1,3,2,0
2,1,1,1,5,1,3,3,1,1,1,1,4,2,1,98622,1,1,1,0
2,1,1,1,1,15,2,2,3,1,1,1,1,1,1,633396,1,1,1,0
2,4,1,2,1,15,7,2,2,1,1,1,1,1,3,113000,1,3,2,0
2,13,1,3,1,1,11,1,3,1,1,7,1,1,1,22030,1,1,1,0
2,4,1,1,7,1,3,1,4,1,1,3,1,2,3,150000,1,3,2,0
2,10,1,1,8,3,4,3,3,1,1,1,1,1,4,1000000,1,1,1,0
1,2,1,1,1,3,7,2,1,1,1,1,6,1,2,28178,2,2,2,0
1,11,1,2,1,1,8,1,2,1,1,3,1,1,1,67313,1,1,1,0
1,1,1,3,1,1,1,1,2,1,1,3,1,1,1,48616,1,1,1,0
2,14,1,1,1,1,11,2,2,1,1,1,1,1,5,9732,3,2,2,0
2,15,1,1,1,1,2,2,2,1,1,9,4,2,2,63192,1,1,2,0
2,1,1,2,3,4,1,2,4,1,1,3,6,1,1,69452,1,1,1,0
2,14,1,6,1,1,3,2,4,1,1,4,1,1,5,21948,3,2,2,0
2,8,3,1,4,1,3,2,3,1,1,2,1,1,1,78350,1,1,1,0
2,13,1,1,1,1,4,1,2,1,1,1,1,1,1,57522,1,1,1,0
2,17,1,2,1,1,4,3,3,1,1,3,1,1,1,55686,1,1,3,0
1,1,1,2,1,1,7,2,2,1,1,3,1,1,1,66674,1,1,1,0
2,3,1,3,1,1,7,1,3,1,1,7,1,2,1,55020,1,1,3,0
2,4,1,1,6,1,5,2,4,1,1,1,1,1,3,97000,1,3,2,0
1,5,1,3,11,1,5,2,3,1,1,1,1,1,1,22932,2,2,1,0
2,1,1,1,12,1,11,2,2,1,1,1,1,1,1,90288,1,1,1,0
2,1,1,1,12,1,3,1,4,1,1,2,1,1,1,76397,1,1,1,0
2,1,1,2,5,1,7,2,4,1,1,3,1,1,1,90288,1,1,1,0
2,4,1,4,5,10,6,1,2,1,1,2,1,1,3,200000,1,3,2,0
1,7,2,2,8,1,5,1,4,1,1,3,3,1,1,61194,1,1,1,0
2,11,1,2,1,17,1,2,2,1,1,7,1,1,1,66089,1,1,1,0
2,4,1,1,1,3,7,3,2,2,1,3,1,2,3,102000,1,3,2,0
1,4,1,1,5,3,1,1,3,2,2,1,1,1,3,123000,1,3,2,0
2,4,1,1,1,1,3,2,3,1,1,6,1,1,3,107000,1,3,2,0
2,1,1,4,1,1,1,2,3,1,1,2,1,1,1,51394,1,1,1,0
2,11,1,3,9,1,1,2,3,1,1,2,1,1,1,26436,1,1,1,0
2,1,1,1,1,1,3,2,4,1,1,8,1,1,1,50700,1,1,1,0
2,1,1,1,1,3,2,1,3,2,1,9,1,1,1,34726,1,1,1,0
2,8,2,5,1,1,2,2,3,1,1,6,1,1,1,14688,1,1,1,0
1,4,1,2,10,1,5,2,3,2,1,1,1,1,3,65000,1,3,2,0
2,1,1,1,1,3,1,1,4,1,1,1,1,1,1,68063,1,1,1,0
2,2,1,1,8,1,2,2,2,1,1,1,1,1,2,13306,2,2,2,0
2,1,1,1,12,15,1,2,3,1,1,1,1,2,1,138904,1,1,1,0
2,4,1,5,1,1,3,2,1,1,1,1,1,2,3,91000,1,3,2,0
2,4,1,3,1,1,11,3,3,1,1,3,1,1,3,165000,1,3,2,0
2,4,1,3,1,4,2,2,1,1,1,2,4,1,3,62000,1,3,2,0
2,1,1,2,4,1,7,2,3,2,2,3,1,1,1,100011,1,1,1,0
2,12,1,5,12,1,3,3,3,1,1,1,1,1,3,132860,1,1,1,0
2,7,2,1,1,3,1,2,3,1,1,3,1,1,1,32188,1,1,1,0
2,14,1,1,9,3,5,2,3,2,1,3,2,1,5,5616,3,2,2,0
1,1,1,2,12,1,4,2,1,1,1,3,1,1,1,583392,1,1,1,0
2,11,1,2,1,4,7,3,3,1,1,1,1,1,1,48955,1,1,1,0
2,7,1,2,1,1,7,2,2,1,1,3,3,2,1,704952,1,1,1,0
2,7,1,2,1,1,7,2,4,1,1,2,1,1,1,63642,1,1,1,0
2,4,1,1,9,6,2,2,3,2,1,1,1,1,3,59000,1,3,2,0
1,4,1,2,1,3,7,1,2,1,1,3,3,1,3,61000,1,3,2,0
2,1,1,1,1,1,1,1,1,1,1,3,1,1,1,69452,1,1,1,0
2,3,1,2,1,14,3,3,2,1,1,1,1,1,1,67368,1,1,3,0
2,4,1,1,8,1,2,1,2,1,1,1,1,2,3,103000,1,3,2,0
1,4,1,1,2,14,2,2,4,2,3,1,1,1,3,80000,1,3,2,0
2,2,2,2,1,1,5,3,3,1,1,7,2,1,2,2820,2,2,2,0
2,8,1,1,1,3,1,2,3,1,1,2,1,1,1,30597,1,1,1,0
2,4,1,1,1,1,3,2,4,1,1,1,7,1,3,110000,1,3,2,0
2,2,1,1,1,1,2,1,3,1,1,3,3,1,2,15654,2,2,2,0
2,1,1,1,9,1,3,2,4,1,3,2,1,1,1,69452,1,1,1,0
1,9,2,3,1,1,1,4,4,1,1,2,4,1,2,8748,2,2,2,1
2,4,1,1,2,4,3,3,3,1,1,2,1,2,3,89500,1,3,2,0
2,4,1,1,1,3,5,1,3,2,1,3,3,1,3,85000,1,3,2,0
2,10,3,1,1,1,3,2,2,1,1,5,1,2,4,105565,1,1,1,0
2,14,3,2,1,1,3,4,4,1,1,3,2,1,5,18720,3,2,2,1
2,1,1,1,7,1,2,2,1,1,1,1,1,1,1,36115,1,1,1,0
2,4,1,1,1,1,5,2,3,1,1,8,1,1,3,52000,1,3,2,0
2,2,1,1,1,1,7,1,3,2,4,9,1,1,2,4320,2,2,2,0
2,6,1,1,1,1,3,3,1,1,1,1,1,1,1,20736,2,2,2,0
2,11,1,2,12,1,2,2,3,1,1,2,1,1,1,33780,1,1,1,0
1,4,1,1,1,1,1,3,3,1,1,3,1,1,3,68000,1,3,2,0
1,4,1,1,1,1,1,2,1,1,1,4,1,1,3,61360,1,3,2,0
2,15,1,1,1,1,1,2,3,1,1,4,1,1,2,119953,1,1,2,0
2,7,1,2,1,4,3,2,2,1,4,1,1,1,1,62418,1,1,1,0
2,4,1,1,5,1,3,2,1,1,2,1,1,1,3,132000,1,3,2,0
1,16,1,1,1,1,1,2,2,1,1,4,1,1,1,60216,1,1,3,0
2,18,1,6,1,1,4,2,2,1,1,5,1,1,1,75072,1,1,3,0
2,4,1,1,6,4,2,2,3,1,1,8,1,2,3,105000,1,3,2,0
2,7,1,7,1,1,7,1,3,1,1,2,4,2,1,63642,1,1,1,0
2,4,1,2,1,9,1,3,2,2,1,1,1,1,3,105000,1,3,2,0
2,8,1,2,1,2,7,2,2,2,1,3,1,1,1,411228,1,1,1,0
2,2,1,1,1,1,8,3,4,1,1,2,1,1,2,39136,2,2,2,0
2,7,1,2,1,1,1,3,4,1,1,5,3,1,1,73433,1,1,1,0
2,4,1,1,1,1,7,2,4,1,1,3,1,1,3,73700,1,3,2,0
1,15,1,1,1,1,7,1,4,1,3,1,4,1,2,105324,1,1,2,0
2,4,1,1,1,4,1,2,3,1,1,4,1,2,3,85000,1,3,2,0
1,12,1,1,6,9,2,1,1,1,1,1,1,1,3,1000000,1,1,1,0
2,4,1,2,6,8,3,2,4,1,1,1,1,1,3,92000,1,3,2,0
2,2,1,2,1,1,2,2,3,1,1,2,3,1,2,93924,2,2,2,0
1,15,1,1,1,1,1,1,3,1,1,3,4,2,2,64944,1,1,2,0
1,4,1,2,1,1,1,2,4,1,1,1,3,1,3,150000,1,3,2,0
1,10,1,1,1,1,7,2,4,2,3,1,6,1,4,71976,1,1,1,0
1,19,3,3,1,10,1,3,4,1,2,3,2,1,1,1000000,1,1,3,0
2,11,1,2,1,4,3,2,4,1,1,1,1,1,1,34269,1,1,1,0
2,14,1,1,1,10,7,2,1,1,1,1,4,2,5,37428,3,2,2,0
1,7,1,4,1,9,7,1,2,1,1,2,1,1,1,65352,1,1,1,0
2,2,1,1,1,2,2,2,4,1,1,1,1,1,2,10958,2,2,2,0
2,4,1,1,1,1,3,3,3,1,4,3,1,1,3,115000,1,3,2,0
2,2,2,2,1,1,2,3,2,1,1,6,1,1,2,1879,2,2,2,0
2,2,1,1,1,2,2,1,3,1,1,4,1,1,2,17063,2,2,2,0
2,4,1,1,1,1,1,2,4,1,1,2,2,2,3,105000,1,3,2,0
2,10,1,2,1,1,8,1,2,1,1,3,1,1,4,107964,1,1,1,0
2,7,1,1,2,3,5,3,3,1,1,2,1,1,1,61194,1,1,1,0
2,16,1,1,10,11,5,1,3,1,1,1,1,1,1,35244,1,1,3,0
2,2,1,1,1,1,1,2,1,1,1,7,1,2,2,11349,2,2,2,0
2,7,1,1,1,1,3,1,2,1,1,3,1,1,1,58746,1,1,1,0
2,4,1,3,6,1,7,2,4,1,1,3,1,2,3,450000,1,3,2,0
2,12,1,1,7,1,2,1,3,2,1,3,1,1,3,64417,1,1,1,0
1,4,1,2,6,14,7,3,3,1,1,3,1,1,3,66500,1,3,2,0
2,4,1,1,1,1,7,1,4,1,1,3,1,1,3,70000,1,3,2,0
2,2,1,2,1,1,2,2,1,1,1,3,3,1,2,49776,2,2,2,0
2,2,1,1,1,1,7,1,2,1,1,2,3,1,2,140892,2,2,2,0
2,4,1,1,1,2,7,2,2,1,1,6,1,2,3,110000,1,3,2,0
1,4,1,1,1,1,2,2,2,1,1,1,1,1,3,58400,1,3,2,0
2,2,1,2,5,1,7,2,4,1,1,4,3,1,2,112716,2,2,2,0
1,9,1,1,1,1,1,1,3,1,1,1,1,1,2,31788,2,2,2,0
2,7,1,2,1,9,1,3,3,1,1,3,1,1,1,93552,1,1,1,0
2,7,1,1,1,1,7,1,3,1,1,2,1,2,1,79552,1,1,1,0
2,4,1,1,3,1,4,1,2,1,1,1,1,2,3,177000,1,3,2,0
1,14,1,1,1,2,1,1,2,1,1,4,2,2,5,30108,3,2,2,0
2,5,1,2,1,1,7,2,3,1,1,3,1,1,1,25404,2,2,1,0
1,5,1,2,1,2,5,2,1,1,1,3,1,1,1,22404,2,2,1,0
2,9,2,1,1,1,7,2,3,2,1,7,1,1,2,15900,2,2,2,0
2,17,2,2,1,6,1,2,1,1,1,3,1,1,1,38184,1,1,3,0
2,4,1,1,4,3,5,1,4,1,1,6,1,1,3,90000,1,3,2,0
2,7,1,1,3,15,7,2,2,1,1,5,1,1,1,73433,1,1,1,0
1,14,1,1,1,3,7,1,4,1,1,2,1,2,5,8604,3,2,2,0
2,4,1,1,1,1,1,2,4,1,1,6,1,1,3,120000,1,3,2,0
2,12,1,1,1,4,7,2,2,1,1,1,1,1,3,61196,1,1,1,0
2,3,1,2,3,13,4,2,3,1,1,4,1,1,1,47904,1,1,3,0
2,4,1,1,1,1,2,2,3,1,1,1,1,2,3,750000,1,3,2,0
1,11,1,2,1,1,2,1,2,1,1,3,2,1,1,45276,1,1,1,0
2,1,1,1,1,1,7,3,3,2,2,1,1,1,1,37504,1,1,1,0
2,7,1,2,1,9,1,2,2,2,1,7,1,2,1,45283,1,1,1,0
2,20,1,2,1,1,7,2,2,1,1,6,1,1,1,41760,3,2,2,0
2,20,1,2,1,2,7,3,2,1,1,3,1,1,1,36000,3,2,2,0
2,4,1,1,2,15,7,2,3,1,3,8,6,1,3,140000,1,3,2,0
1,19,1,2,1,1,3,1,3,1,1,2,1,2,1,58752,1,1,3,0
2,4,1,2,2,1,2,1,4,1,1,3,5,2,3,2000000,1,3,2,0
2,5,1,2,1,1,7,2,3,1,1,3,1,1,1,21876,2,2,1,0
2,5,1,2,1,1,4,2,2,1,1,3,1,2,1,33528,2,2,1,0
2,4,2,4,1,1,2,3,1,1,1,1,6,1,3,26000,1,3,2,0
2,3,1,2,2,8,7,2,4,1,1,3,3,1,1,104799,1,1,3,0
2,14,1,2,12,1,4,3,1,1,1,2,5,1,5,833040,3,2,2,0
1,4,1,1,1,1,1,2,2,1,1,3,2,1,3,150000,1,3,2,0
2,14,3,3,3,1,2,2,2,1,1,1,1,1,5,11232,3,2,2,0
1,19,1,2,1,1,4,1,4,1,1,1,1,2,1,61194,1,1,3,0
2,12,1,1,1,3,7,2,3,1,1,3,1,1,3,92600,1,1,1,0
2,2,1,1,3,4,2,1,1,1,1,7,2,1,2,0,2,2,2,0
2,7,1,1,1,4,7,3,3,1,1,9,1,1,1,48955,1,1,1,0
2,4,1,3,1,1,4,2,1,1,1,3,1,1,3,126000,1,3,2,0
1,1,1,7,7,14,1,2,3,2,1,1,1,1,1,50005,1,1,1,0
2,1,1,3,1,1,4,2,2,2,3,3,1,1,1,90288,1,1,1,0
2,4,1,1,6,1,2,2,2,1,1,1,6,1,3,127000,1,3,2,0
1,4,1,1,1,9,3,1,3,1,1,3,1,2,3,98500,1,3,2,0
1,4,1,2,1,1,3,2,3,1,1,3,1,1,3,131000,1,3,2,0
2,4,1,1,6,1,1,2,1,1,1,1,1,2,3,125000,1,3,2,0
2,11,1,9,1,3,7,3,3,1,1,2,1,1,1,34884,1,1,1,0
2,1,1,3,3,1,2,1,3,1,1,1,1,1,1,833424,1,1,1,0
2,3,1,2,1,1,4,2,4,1,1,2,1,2,1,844380,1,1,3,0
1,2,2,2,1,10,7,2,2,1,1,3,3,2,2,9393,2,2,2,0
2,4,1,1,9,6,5,1,3,2,1,8,1,2,3,65000,1,3,2,0
1,2,1,1,1,1,2,1,1,1,1,7,1,2,2,9017,2,2,2,0
2,4,1,1,3,3,5,2,2,2,1,1,1,1,3,52000,1,3,2,0
2,12,1,1,1,1,1,2,4,1,1,1,1,1,3,56365,1,1,1,0
2,11,2,1,1,4,1,1,3,1,1,2,1,1,1,37940,1,1,1,0
2,2,1,2,1,1,2,1,1,1,1,8,1,2,2,7827,2,2,2,0
2,1,1,4,1,12,7,3,3,1,1,2,1,1,1,44449,1,1,1,0
1,17,3,1,1,1,1,1,3,1,1,1,1,1,1,44064,1,1,3,0
1,5,1,2,3,1,7,2,2,1,1,2,1,2,1,40584,2,2,1,0
2,12,1,5,1,9,1,1,3,1,1,3,1,1,3,91152,1,1,1,0
2,4,1,2,1,1,4,2,2,1,1,8,2,1,3,130000,1,3,2,0
1,9,1,5,1,1,1,3,3,1,1,7,1,2,2,47688,2,2,2,0
2,11,1,2,3,1,7,2,3,1,1,1,1,2,1,70985,1,1,1,0
1,4,1,1,1,1,2,2,2,1,1,1,1,1,3,70500,1,3,2,0
2,4,1,4,8,1,7,1,4,1,1,1,1,1,3,120000,1,3,2,0
2,16,1,1,1,1,7,2,3,1,1,1,1,2,1,61194,1,1,3,0
2,12,1,1,1,1,7,2,4,1,1,4,1,1,3,52339,1,1,1,0
2,5,3,1,1,17,7,2,3,1,1,5,1,1,1,42348,2,2,1,0
1,1,1,2,5,1,7,2,1,1,1,1,1,1,1,122930,1,1,1,0
2,20,1,2,1,4,2,1,4,1,1,3,1,1,1,10860,3,2,2,0
2,2,1,1,1,1,1,2,3,2,1,3,3,1,2,24048,2,2,2,0
1,13,1,2,1,1,7,2,2,1,1,1,1,1,1,29373,1,1,1,0
2,6,1,1,7,14,1,2,2,1,1,4,1,1,1,27600,2,2,2,0
2,4,1,1,1,4,11,3,3,1,1,1,1,1,3,140000,1,3,2,0
2,4,1,4,1,1,7,2,3,1,1,2,2,1,3,50000,1,3,2,0
2,2,1,2,6,20,5,1,4,1,1,1,3,1,2,2628,2,2,2,0
1,7,1,2,3,9,3,1,4,2,1,4,1,1,1,85671,1,1,1,0
1,4,1,1,3,1,2,2,4,1,1,3,1,1,3,87500,1,3,2,0
2,9,1,2,3,7,1,2,4,1,1,4,1,1,2,31788,2,2,2,0
2,2,1,1,8,4,7,2,3,1,1,7,3,1,2,10958,2,2,2,0
2,2,1,3,1,1,7,3,3,1,1,2,3,1,2,16437,2,2,2,0
2,16,1,1,1,1,1,3,4,1,1,1,1,1,1,44136,1,1,3,0
1,11,1,2,1,1,1,2,2,1,1,3,1,1,1,52140,1,1,1,0
1,4,1,1,7,10,2,2,4,1,1,1,1,1,3,90000,1,3,2,0
2,4,2,1,1,4,5,2,1,1,1,1,1,1,3,78000,1,3,2,0
2,4,1,2,1,4,4,2,1,1,1,1,1,2,3,160000,1,3,2,0
2,4,1,1,4,14,2,2,4,1,1,4,1,1,3,85000,1,3,2,0
2,4,1,5,3,1,3,1,3,1,1,2,1,2,3,110000,1,3,2,0
2,6,3,3,8,12,2,2,3,1,1,5,1,1,1,16344,2,2,2,0
1,1,1,1,1,1,3,1,2,1,3,2,1,1,1,104178,1,1,1,0
2,6,1,2,3,1,5,4,4,1,1,8,1,2,1,12720,2,2,2,1
1,1,1,2,1,1,3,1,2,1,1,5,1,1,1,41671,1,1,1,0
2,4,1,1,1,3,7,1,3,2,1,3,1,1,3,80000,1,3,2,0
2,12,2,2,5,8,5,2,1,2,2,1,1,1,3,16428,1,1,1,0
2,4,1,1,1,1,4,1,4,1,1,1,5,2,3,150000,1,3,2,0
2,14,1,2,1,8,1,1,4,1,1,1,1,1,5,1000000,3,2,2,0
2,7,2,2,10,1,7,1,3,1,1,4,1,1,1,14687,1,1,1,0
2,7,1,2,1,3,2,2,4,1,2,5,1,1,1,49932,1,1,1,0
2,2,2,4,1,1,2,1,3,1,1,3,3,1,2,4692,2,2,2,0
2,13,1,3,12,1,7,2,3,1,1,5,1,1,1,22032,1,1,1,0
2,12,1,2,1,14,1,2,3,1,1,1,1,1,3,64417,1,1,1,0
1,15,1,2,5,9,5,3,2,1,1,3,4,1,2,43884,1,1,2,0
2,10,1,1,1,2,3,1,1,1,1,4,1,1,4,79973,1,1,1,0
2,1,1,1,1,1,2,2,3,1,1,1,1,1,1,47227,1,1,1,0
2,4,1,1,1,1,1,1,2,1,1,2,1,1,3,2000000,1,3,2,0
2,18,2,7,1,1,11,1,4,1,1,4,1,2,1,83416,1,1,3,0
2,4,1,1,1,3,1,2,1,1,1,3,1,2,3,60000,1,3,2,0
1,4,1,1,1,15,11,2,4,1,1,1,1,1,3,100000,1,3,2,0
1,20,1,2,1,1,2,2,3,1,1,3,1,1,1,25200,3,2,2,0
2,7,1,2,1,9,3,2,3,1,1,4,1,1,1,61194,1,1,1,0
2,4,1,2,1,5,3,1,4,1,1,2,1,1,3,105000,1,3,2,0
2,4,1,1,8,4,5,1,4,1,1,5,1,1,3,80000,1,3,2,0
2,4,2,1,1,1,3,1,3,1,1,1,1,1,3,1200000,1,3,2,0
2,4,1,1,6,1,4,2,2,1,1,1,1,1,3,115000,1,3,2,0
2,7,1,7,7,15,7,1,1,1,1,3,1,2,1,73433,1,1,1,0
2,1,1,1,1,1,3,1,4,1,2,8,1,1,1,65190,1,1,1,0
2,13,1,3,8,1,7,2,4,1,1,7,2,1,1,55075,1,1,1,0
2,4,1,3,1,1,1,2,3,1,1,1,1,1,3,120000,1,3,2,0
2,1,1,3,7,3,3,1,2,2,1,1,1,2,1,57645,1,1,1,0
2,1,2,7,3,8,7,2,2,1,1,4,1,1,1,90288,1,1,1,0
2,6,1,2,1,1,2,3,4,1,1,3,4,1,1,38208,2,2,2,0
2,1,1,1,5,14,7,1,1,1,1,2,1,1,1,31323,1,1,1,0
2,1,2,1,1,9,4,2,4,1,1,1,1,1,1,47227,1,1,1,0
1,4,1,2,2,3,2,1,1,1,1,1,1,1,3,155000,1,3,2,0
2,2,1,1,1,1,3,2,3,1,1,1,3,2,2,12837,2,2,2,0
2,8,1,1,1,1,4,2,2,1,1,8,1,1,1,27537,1,1,1,0
2,1,3,3,8,4,2,3,1,1,1,4,1,1,1,29170,1,1,1,0
2,4,1,4,9,6,3,2,3,1,1,3,1,2,3,63000,1,3,2,0
2,4,1,1,7,1,3,2,3,1,3,1,1,1,3,125000,1,3,2,0
2,8,1,2,1,4,3,2,4,1,1,2,1,1,1,25692,1,1,1,0
2,5,1,2,1,1,1,2,2,1,1,7,1,2,1,56460,2,2,1,0
2,4,2,1,1,1,11,2,2,2,1,3,1,2,3,160000,1,3,2,0
2,20,1,2,8,3,7,1,3,1,1,2,1,2,1,44400,3,2,2,0
2,4,2,1,1,1,1,3,2,1,1,3,1,1,3,130000,1,3,2,0
1,4,1,2,1,1,4,2,2,1,1,3,1,2,3,147200,1,3,2,0
2,4,1,5,1,1,1,2,3,1,1,9,1,1,3,95000,1,3,2,0
2,4,1,1,3,3,3,2,1,1,1,1,3,1,3,95000,1,3,2,0
2,5,1,1,1,15,7,1,4,1,1,2,1,1,1,31764,2,2,1,0
2,1,1,1,1,1,3,2,2,1,1,6,1,1,1,48616,1,1,1,0
2,7,1,3,4,3,7,2,2,1,1,8,1,1,1,104030,1,1,1,0
2,2,1,1,1,1,1,1,3,1,1,1,3,1,2,5076,2,2,2,0
2,6,1,3,8,1,3,2,3,1,1,3,1,1,1,16980,2,2,2,0
2,12,1,3,8,12,11,1,3,1,1,6,1,2,3,48313,1,1,1,0
1,16,1,1,1,1,1,2,3,1,1,2,1,1,1,68204,1,1,3,0
2,17,1,2,1,15,1,2,2,1,1,1,1,1,1,38184,1,1,3,0
1,7,1,1,1,9,5,2,3,2,1,3,1,2,1,51408,1,1,1,0
2,4,3,1,1,1,4,1,3,1,1,2,1,2,3,95000,1,3,2,0
2,2,1,1,1,1,2,3,1,1,1,9,3,2,2,8268,2,2,2,0
2,2,1,2,1,1,7,1,2,1,1,8,3,2,2,2192,2,2,2,0
2,4,1,1,6,10,7,2,2,1,2,1,1,1,3,50000,1,3,2,0
2,1,1,1,1,1,4,1,2,1,1,1,1,1,1,86120,1,1,1,0
2,2,1,2,1,1,2,2,2,1,1,1,3,1,2,9576,2,2,2,0
2,4,1,1,1,1,3,2,3,1,2,1,1,1,3,63000,1,3,2,0
2,4,1,1,12,4,2,2,1,1,1,3,1,2,3,55000,1,3,2,0
2,5,2,2,1,16,1,2,3,1,1,2,3,2,1,30000,2,2,1,0
2,7,1,3,1,1,7,1,1,1,1,3,1,1,1,35244,1,1,1,0
2,2,1,1,1,1,2,2,3,1,1,1,3,2,2,9396,2,2,2,0
2,13,3,1,12,1,7,2,2,2,1,2,2,1,1,28394,1,1,1,0
2,16,1,2,3,8,7,2,2,1,1,1,1,1,1,91791,1,1,3,0
1,4,1,1,1,7,1,1,1,1,1,3,1,1,3,120000,1,3,2,0
2,7,1,1,1,1,1,2,3,1,1,3,1,2,1,79552,1,1,1,0
2,4,1,3,8,2,5,2,4,1,1,2,2,1,3,84000,1,3,2,0
2,11,1,2,3,4,1,2,2,1,1,1,2,1,1,32316,1,1,1,0
2,4,1,1,7,1,2,2,3,1,1,3,1,1,3,79000,1,3,2,0
2,4,1,1,1,1,1,3,4,1,1,1,1,1,3,133000,1,3,2,0
2,4,1,2,1,11,7,2,2,1,1,9,3,1,3,60000,1,3,2,0
2,4,1,1,1,1,1,3,2,1,1,6,1,1,3,90500,1,3,2,0
2,2,1,2,3,9,7,2,1,1,1,3,3,2,2,17844,2,2,2,0
2,4,1,1,7,1,5,1,3,1,1,3,4,2,3,55000,1,3,2,0
2,10,1,1,1,1,4,3,2,2,1,2,1,1,4,54382,1,1,1,0
2,2,2,2,3,1,1,2,3,1,1,3,3,2,2,37571,2,2,2,0
2,4,1,1,5,1,2,2,3,1,1,1,1,1,3,80000,1,3,2,0
2,7,1,1,1,15,1,1,3,1,1,8,1,2,1,58746,1,1,1,0
2,14,1,1,1,1,2,2,2,1,1,1,1,1,5,14220,3,2,2,0
1,6,1,8,1,10,5,3,3,1,1,2,1,1,1,25476,2,2,2,0
2,18,1,1,8,1,1,2,4,1,1,1,1,1,1,10948,1,1,3,0
2,2,1,1,1,1,1,3,3,1,1,1,1,2,2,35688,2,2,2,0
2,12,2,2,1,4,2,1,3,1,1,4,1,1,3,56365,1,1,1,0
2,4,1,1,1,1,7,2,2,1,1,1,2,2,3,87500,1,3,2,0
2,4,1,1,1,3,7,1,4,1,1,1,1,1,3,60000,1,3,2,0
2,4,1,1,7,14,11,2,3,1,1,3,1,2,3,125000,1,3,2,0
2,4,1,1,9,1,2,1,2,1,1,1,1,1,3,2000000,1,3,2,0
2,7,1,2,1,7,4,2,1,1,1,6,1,1,1,73433,1,1,1,0
1,1,1,1,1,1,1,3,4,1,1,1,1,1,1,34031,1,1,1,0
2,4,1,1,8,14,7,2,3,1,1,1,6,1,3,84000,1,3,2,0
2,4,1,1,8,12,7,1,4,1,1,6,1,1,3,55000,1,3,2,0
2,1,1,1,1,1,1,2,4,1,1,2,1,2,1,59729,1,1,1,0
2,2,2,1,1,1,7,3,2,1,1,1,1,1,2,31309,2,2,2,0
2,14,1,1,1,1,7,2,3,1,1,7,2,2,5,13104,3,2,2,0
2,4,1,1,5,1,11,2,3,1,1,1,1,1,3,70000,1,3,2,0
2,4,1,2,5,8,7,1,1,1,1,1,1,1,3,90000,1,3,2,0
2,15,1,1,1,1,3,2,1,1,1,1,4,1,2,77232,1,1,2,0
2,4,1,1,1,1,5,1,4,1,1,1,1,1,3,67000,1,3,2,0
2,3,1,2,1,1,1,2,4,1,1,4,1,1,1,67368,1,1,3,0
2,1,1,2,3,6,7,2,1,1,1,3,1,1,1,48616,1,1,1,0
1,4,1,4,12,3,1,2,3,1,1,8,1,1,3,75000,1,3,2,0
1,4,1,2,1,1,11,1,1,1,1,3,1,2,3,115000,1,3,2,0
2,4,1,2,1,1,5,1,1,1,1,1,5,1,3,82798,1,3,2,0
2,17,1,2,1,1,3,2,2,1,1,3,1,1,1,49932,1,1,3,0
2,18,1,4,1,1,3,1,2,1,1,8,1,2,1,104269,1,1,3,0
1,6,1,2,1,2,3,2,1,2,1,8,1,1,1,25476,2,2,2,0
2,17,1,1,1,1,7,1,1,1,1,5,1,1,1,46992,1,1,3,0
2,4,1,1,1,3,1,3,3,1,1,1,1,1,3,130000,1,3,2,0
1,11,1,3,1,3,1,1,2,1,1,2,1,2,1,61194,1,1,1,0
2,4,1,1,1,4,7,2,4,1,1,1,1,2,3,90000,1,3,2,0
2,13,1,1,1,1,4,3,2,1,1,1,1,2,1,58752,1,1,1,0
2,2,2,1,1,2,2,2,3,1,1,4,4,1,2,4696,2,2,2,0
1,12,1,5,8,1,2,1,1,1,4,8,1,1,3,32200,1,1,1,0
2,4,1,1,1,1,4,1,3,1,1,1,1,2,3,170000,1,3,2,0
2,4,1,1,1,1,7,3,3,1,1,3,3,1,3,90000,1,3,2,0
2,6,1,2,5,1,1,3,3,1,1,1,1,1,1,23352,2,2,2,0
2,16,1,2,1,1,4,3,3,1,1,2,1,1,1,69027,1,1,3,0
2,2,1,1,8,1,7,2,2,1,1,7,3,2,2,14872,2,2,2,0
1,7,1,2,12,6,2,2,4,1,1,1,1,2,1,61194,1,1,1,0
2,14,1,4,12,1,7,2,1,1,1,7,5,1,5,25827,3,2,2,0
2,7,1,3,1,1,3,1,2,1,1,2,1,1,1,110149,1,1,1,0
2,15,1,5,1,3,4,3,1,1,1,1,4,1,2,91284,1,1,2,0
2,18,1,1,1,1,7,1,4,1,1,8,1,2,1,83832,1,1,3,0
2,8,1,7,1,1,1,2,4,1,1,4,1,1,1,30597,1,1,1,0
2,17,1,1,1,1,7,2,3,1,1,1,1,1,1,36720,1,1,3,0
2,14,2,1,4,1,11,2,2,1,1,1,1,1,5,28068,3,2,2,0
2,6,1,1,1,9,3,2,2,2,1,8,1,2,1,25476,2,2,2,0
2,7,1,5,1,1,7,2,2,2,1,2,1,1,1,30840,1,1,1,0
2,20,1,2,8,14,1,2,1,1,1,3,1,2,1,48000,3,2,2,0
2,19,2,5,1,1,2,2,4,1,1,2,1,1,1,8808,1,1,3,0
2,4,1,3,11,1,7,2,4,1,1,8,1,1,3,75000,1,3,2,0
2,4,1,1,1,4,7,2,2,2,1,3,1,1,3,94000,1,3,2,0
1,7,1,2,3,7,7,1,4,1,1,6,1,1,1,73433,1,1,1,0
2,4,1,1,2,1,7,3,4,1,1,2,1,1,3,69000,1,3,2,0
1,4,1,1,6,4,2,1,2,1,1,1,1,2,3,42000,1,3,2,0
2,4,1,2,6,1,2,1,2,1,1,3,1,2,3,140000,1,3,2,0
2,4,1,1,1,1,2,2,4,2,1,2,6,1,3,91000,1,3,2,0
1,4,3,2,1,8,1,1,1,1,1,1,1,1,3,81000,1,3,2,0
2,12,1,1,1,1,1,2,2,2,1,3,1,1,3,72469,1,1,1,0
1,1,3,3,1,14,2,1,1,1,1,1,1,1,1,41671,1,1,1,0
1,4,1,2,8,1,7,2,2,1,1,1,3,1,3,120000,1,3,2,0
2,4,1,2,1,1,1,1,2,1,1,1,1,1,3,2000000,1,3,2,0
1,12,2,1,1,1,1,2,4,1,1,1,1,1,3,62001,1,1,1,0
2,4,1,1,1,4,3,1,4,1,1,8,1,1,3,82000,1,3,2,0
2,4,1,3,1,4,2,1,3,1,1,1,1,1,3,120000,1,3,2,0
2,4,1,2,1,1,7,1,2,1,1,4,1,1,3,150000,1,3,2,0
2,5,1,1,1,1,7,1,4,1,1,1,4,2,1,38112,2,2,1,0
2,2,1,1,3,1,2,1,4,1,1,7,1,2,2,4133,2,2,2,0
2,15,1,1,2,4,1,2,2,1,1,3,1,1,2,87768,1,1,2,0
2,4,1,1,1,1,3,3,3,1,1,8,1,1,3,78000,1,3,2,0
1,2,1,1,1,15,7,2,3,1,1,3,3,1,2,21133,2,2,2,0
2,2,1,1,1,2,7,1,2,1,1,1,1,2,2,7044,2,2,2,0
1,14,1,1,1,1,7,2,3,1,2,1,1,2,5,7488,3,2,2,0
2,5,1,2,8,2,1,2,2,1,3,3,1,1,1,42348,2,2,1,0
1,4,1,2,1,1,4,3,3,1,1,3,1,1,3,135000,1,3,2,0
2,4,1,2,1,1,7,2,2,1,1,1,3,1,3,140000,1,3,2,0
2,4,1,1,1,1,7,3,2,1,1,5,1,1,3,200000,1,3,2,0
2,1,1,1,8,3,7,1,3,2,1,2,7,1,1,62507,1,1,1,0
2,2,1,1,1,1,1,1,2,1,1,1,3,2,2,43832,2,2,2,0
2,2,1,1,1,2,2,1,1,1,1,1,3,2,2,9396,2,2,2,0
2,4,1,5,1,9,7,2,3,1,2,8,1,2,3,165000,1,3,2,0
2,4,1,3,1,1,11,3,3,1,1,3,1,1,3,75000,1,3,2,0
1,8,2,2,1,1,1,2,2,1,1,3,1,1,1,543396,1,1,1,0
2,2,1,1,1,10,3,1,3,1,1,1,3,1,2,13150,2,2,2,0
2,2,1,2,1,1,2,2,2,1,1,1,3,1,2,8448,2,2,2,0
2,13,1,6,1,1,3,2,3,1,1,5,1,1,1,30597,1,1,1,0
2,20,1,1,1,1,3,2,2,1,1,1,1,2,1,57600,3,2,2,0
2,6,1,2,1,1,1,2,2,1,1,5,1,1,1,12732,2,2,2,0
2,1,1,1,1,4,1,2,4,1,1,2,1,1,1,633396,1,1,1,0
2,2,2,2,1,1,2,2,2,1,4,3,6,1,2,26612,2,2,2,0
1,6,1,1,1,2,1,1,2,2,1,1,1,1,1,16980,2,2,2,0
2,4,1,1,9,1,2,1,2,1,1,4,1,1,3,78000,1,3,2,0
2,4,1,2,1,1,1,2,2,1,3,3,1,1,3,732000,1,3,2,0
2,4,1,2,1,1,4,2,2,1,1,2,1,2,3,200000,1,3,2,0
2,15,1,1,1,7,2,2,2,1,1,1,4,1,2,428604,1,1,2,0
2,11,1,2,1,1,1,1,2,1,1,4,6,2,1,122388,1,1,1,0
1,12,1,1,1,1,3,2,2,1,1,1,1,1,3,78106,1,1,1,0
2,1,1,7,7,8,7,1,4,1,1,2,1,1,1,65285,1,1,1,0
2,14,1,1,1,4,3,2,3,1,1,4,1,1,5,14976,3,2,2,0
2,6,1,2,5,1,3,2,3,1,1,3,4,2,1,33972,2,2,2,0
2,5,1,2,1,1,1,2,2,1,1,3,1,1,1,58814,2,2,1,0
2,15,1,1,12,4,2,2,2,1,1,5,4,1,2,70212,1,1,2,0
2,4,1,2,1,3,3,2,2,1,1,3,6,1,3,125000,1,3,2,0
2,10,1,1,1,1,8,3,4,1,1,1,1,2,4,107964,1,1,1,0
2,4,1,3,1,1,5,1,4,1,1,1,1,1,3,90000,1,3,2,0
2,4,1,1,6,3,7,1,3,1,1,3,1,2,3,95000,1,3,2,0
2,5,1,1,1,1,7,2,3,1,1,8,1,1,1,12348,2,2,1,0
1,7,3,2,3,8,1,2,2,1,1,5,1,1,1,734328,1,1,1,0
2,14,1,2,1,1,1,2,3,1,1,1,1,1,5,18720,3,2,2,0
2,9,1,1,8,1,3,1,2,1,1,7,4,1,2,31788,2,2,2,0
2,4,1,1,3,3,2,2,4,2,1,3,3,1,3,96000,1,3,2,0
2,4,1,1,1,1,7,1,1,1,1,1,1,1,3,80000,1,3,2,0
2,2,1,2,8,1,2,2,2,1,1,2,6,2,2,2820,2,2,2,0
2,5,3,1,1,1,2,2,3,1,1,3,1,1,1,45876,2,2,1,0
2,11,1,2,1,8,7,2,2,1,1,2,3,1,1,51403,1,1,1,0
1,16,1,1,1,1,1,2,2,1,1,8,1,1,1,44060,1,1,3,0
2,16,1,1,3,1,2,3,4,1,1,1,1,1,1,38184,1,1,3,0
2,1,1,3,1,3,7,2,2,1,1,8,1,1,1,87509,1,1,1,0
2,6,3,1,3,1,7,1,4,1,1,4,1,1,1,25476,2,2,2,0
2,4,1,1,1,1,3,2,2,1,1,4,1,1,3,75000,1,3,2,0
1,10,1,1,1,1,11,2,4,1,1,4,1,2,4,100766,1,1,1,0
2,4,1,1,3,1,7,1,3,1,1,3,5,1,3,80000,1,3,2,0
2,16,1,1,12,1,11,1,2,1,1,1,1,1,1,49932,1,1,3,0
2,8,1,1,1,1,3,2,3,1,1,2,1,2,1,39164,1,1,1,0
2,11,2,2,1,4,1,2,2,1,1,3,1,1,1,61194,1,1,1,0
2,4,1,1,1,1,1,2,2,1,1,3,3,1,3,250000,1,3,2,0
2,7,1,2,1,1,3,2,3,1,1,2,1,1,1,1000000,1,1,1,0
2,2,1,2,1,1,4,2,1,1,1,1,6,2,2,225420,2,2,2,0
2,7,1,2,1,1,1,2,2,1,1,1,1,1,1,45528,1,1,1,0
2,15,3,2,8,1,2,1,2,1,1,1,1,1,2,48,1,1,2,0
2,4,1,1,1,3,7,2,3,1,1,1,1,2,3,85000,1,3,2,0
2,1,1,1,1,1,3,1,4,1,1,8,1,1,1,58410,1,1,1,0
2,2,1,6,3,8,1,2,3,1,1,3,3,2,2,31932,2,2,2,0
2,4,1,1,6,1,7,5,1,1,1,1,1,1,3,88500,1,3,2,0
2,4,1,2,1,1,2,2,4,1,1,1,3,1,3,90000,1,3,2,0
2,11,1,2,1,4,3,1,3,1,1,8,1,1,1,45283,1,1,1,0
1,2,1,1,3,14,2,2,3,1,1,1,3,2,2,23482,2,2,2,0
2,4,1,1,5,4,7,2,3,1,1,5,1,1,3,110000,1,3,2,0
2,7,1,2,1,1,11,2,2,1,1,1,1,1,1,59568,1,1,1,0
1,7,1,1,12,1,7,2,4,1,2,3,1,1,1,58746,1,1,1,0
2,4,1,1,1,1,7,4,2,1,1,2,1,1,3,92000,1,3,2,1
2,18,1,2,1,1,7,2,2,1,1,3,1,1,1,115,1,1,3,0
2,11,2,1,1,4,4,2,1,1,1,2,1,2,1,602148,1,1,1,0
1,4,1,1,1,1,7,3,3,1,1,3,1,1,3,95000,1,3,2,0
2,1,1,1,7,10,7,2,3,1,1,1,1,2,1,706740,1,1,1,0
2,2,1,1,1,1,3,2,4,1,1,2,3,2,2,38000,2,2,2,0
2,2,1,1,1,5,7,2,3,1,1,8,3,1,2,5479,2,2,2,0
2,1,1,1,1,9,7,2,3,1,1,4,1,1,1,416712,1,1,1,0
2,4,1,1,3,1,1,2,2,1,1,2,1,1,3,145000,1,3,2,0
2,4,1,1,1,1,1,2,2,1,1,8,1,1,3,115000,1,3,2,0
2,20,1,2,2,7,2,2,3,1,1,3,1,1,1,30000,3,2,2,0
2,5,1,2,1,14,4,2,4,1,1,2,1,2,1,15876,2,2,1,0
2,12,1,1,1,14,3,1,3,1,1,4,2,2,3,76495,1,1,1,0
2,4,1,3,11,1,11,2,1,1,1,3,1,1,3,160000,1,3,2,0
2,4,1,1,1,1,7,2,4,1,1,3,1,1,3,65000,1,3,2,0
1,17,1,2,1,1,3,2,3,1,1,2,1,1,1,46992,1,1,3,0
1,4,1,1,8,1,2,2,1,1,2,1,1,1,3,103000,1,3,2,0
2,1,1,1,1,4,3,1,1,1,1,1,4,1,1,983436,1,1,1,0
2,4,1,3,10,1,3,1,3,1,1,8,1,2,3,75000,1,3,2,0
2,4,3,4,1,1,7,2,4,2,2,1,1,1,3,128000,1,3,2,0
2,16,1,1,8,1,4,2,4,1,1,1,1,1,1,61194,1,1,3,0
2,4,1,1,1,1,1,2,2,1,1,1,1,1,3,125000,1,3,2,0
2,4,1,1,1,1,7,3,4,1,1,8,6,1,3,44000,1,3,2,0
2,7,1,1,3,7,2,2,1,1,1,8,1,1,1,56298,1,1,1,0
2,15,1,3,3,9,3,2,3,1,1,2,1,2,2,105324,1,1,2,0
2,4,1,1,3,13,2,2,2,1,1,6,1,1,3,85000,1,3,2,0
2,2,1,1,1,3,2,3,3,1,1,3,1,1,2,1128,2,2,2,0
2,2,1,2,1,1,3,2,2,1,1,1,3,2,2,11268,2,2,2,0
2,7,3,4,1,1,7,1,2,1,1,4,1,1,1,15420,1,1,1,0
2,8,1,2,5,1,5,1,3,1,1,1,1,1,1,33045,1,1,1,0
2,5,1,2,3,1,7,2,2,1,1,3,1,1,1,40584,2,2,1,0
2,4,3,4,1,6,2,2,2,1,1,3,1,1,3,30000,1,3,2,0
2,1,1,2,1,2,3,2,1,1,1,4,1,1,1,69452,1,1,1,0
2,2,1,2,1,1,7,1,3,1,1,3,1,2,2,206640,2,2,2,0
2,3,1,1,1,1,1,2,4,1,1,1,1,1,1,56892,1,1,3,0
2,1,1,1,12,6,1,2,3,1,1,8,1,1,1,33,1,1,1,0
1,17,1,1,12,1,7,1,2,2,1,3,1,1,1,42588,1,1,3,0
2,4,1,3,1,2,2,1,2,1,1,3,2,1,3,100000,1,3,2,0
1,1,1,1,9,1,2,1,4,1,1,9,1,2,1,58340,1,1,1,0
2,4,1,1,3,1,2,2,3,1,1,1,1,1,3,78500,1,3,2,0
2,4,1,2,1,1,3,2,2,1,1,5,3,1,3,85000,1,3,2,0
2,5,3,5,1,1,7,3,4,1,1,1,1,2,1,42348,2,2,1,0
2,4,1,1,7,1,7,3,2,1,1,5,1,1,3,127000,1,3,2,0
2,1,1,1,1,1,1,3,2,2,3,1,1,1,1,48616,1,1,1,0
1,11,1,2,1,1,7,1,2,1,1,3,1,1,1,45895,1,1,1,0
2,6,1,3,6,2,2,2,2,1,2,8,1,1,1,29292,2,2,2,0
1,6,1,6,3,1,5,3,3,1,1,5,1,1,1,10620,2,2,2,0
2,15,1,2,1,1,1,1,2,1,1,7,1,2,2,234054,1,1,2,0
2,20,1,1,6,1,2,1,4,1,1,5,3,2,1,8352,3,2,2,0
1,14,2,2,7,8,11,2,4,1,1,2,5,1,5,37428,3,2,2,0
2,10,1,1,3,4,2,1,4,2,1,1,3,1,4,55981,1,1,1,0
2,4,1,1,2,1,1,1,2,1,1,3,1,1,3,71000,1,3,2,0
2,4,1,1,1,1,4,2,2,1,1,3,1,2,3,130000,1,3,2,0
1,2,1,1,1,1,4,1,1,1,1,8,1,1,2,751416,2,2,2,0
2,4,1,1,1,1,3,1,2,1,1,1,1,2,3,90000,1,3,2,0
2,4,1,1,7,1,1,2,2,1,1,1,1,1,3,120000,1,3,2,0
2,4,1,2,7,14,2,1,2,1,1,1,1,1,3,73000,1,3,2,0
2,7,1,3,9,1,2,1,3,1,1,4,1,2,1,67313,1,1,1,0
2,12,1,1,1,1,1,2,1,1,1,1,1,1,3,64417,1,1,1,0
2,4,1,3,7,3,2,2,3,1,1,2,3,1,3,30000,1,3,2,0
2,4,1,1,1,11,1,1,3,1,1,6,1,1,3,32000,1,3,2,0
2,4,1,4,1,1,7,1,2,1,1,1,1,1,3,110000,1,3,2,0
2,18,1,2,1,10,7,2,1,1,1,3,1,1,1,71940,1,1,3,0
2,4,1,5,1,5,1,2,1,1,1,2,1,1,3,85000,1,3,2,0
1,4,1,1,8,3,3,2,3,1,1,8,1,1,3,110000,1,3,2,0
1,2,1,2,1,2,2,2,3,1,4,3,3,2,2,0,2,2,2,0
2,15,1,1,1,3,7,1,3,1,1,1,1,2,2,85200,1,1,2,0
2,4,1,2,1,8,1,2,3,1,1,3,1,1,3,120000,1,3,2,0
2,1,1,1,1,2,1,1,2,1,1,3,3,1,1,83342,1,1,1,0
2,14,1,2,1,1,1,1,4,1,1,1,2,1,5,13104,3,2,2,0
2,4,1,1,2,3,2,1,4,1,1,1,1,1,3,80000,1,3,2,0
2,12,1,1,1,1,3,3,4,2,1,2,1,1,3,69248,1,1,1,0
2,7,1,7,5,14,3,1,3,1,1,1,1,1,1,58752,1,1,1,0
2,1,1,1,1,1,3,1,1,1,1,8,1,1,1,56256,1,1,1,0
2,2,1,1,1,1,2,2,3,2,1,1,3,1,2,3000,2,2,2,0
2,11,1,2,5,14,7,1,2,1,1,3,5,1,1,42836,1,1,1,0
2,2,1,1,1,9,1,1,3,1,1,1,3,2,2,20664,2,2,2,0
2,12,1,3,1,1,4,2,4,1,3,5,1,1,3,68443,1,1,1,0
2,1,1,1,1,1,7,2,2,1,2,1,1,1,1,62507,1,1,1,0
2,4,1,1,1,1,3,3,3,1,1,1,1,1,3,107000,1,3,2,0
2,1,1,5,3,1,1,2,3,1,1,4,1,1,1,37504,1,1,1,0
2,19,1,1,8,9,7,2,4,1,1,1,1,2,1,44064,1,1,3,0
2,11,1,2,3,1,2,2,3,1,1,4,1,1,1,41612,1,1,1,0
2,12,1,1,1,1,11,1,4,1,1,2,1,1,3,81327,1,1,1,0
2,13,1,1,1,1,3,2,3,1,1,2,1,1,1,31821,1,1,1,0
2,15,1,1,1,1,7,2,4,1,1,3,4,1,2,22824,1,1,2,0
2,7,1,1,1,1,8,2,3,1,1,5,1,1,1,35244,1,1,1,0
2,18,2,2,3,8,4,2,3,1,1,3,1,1,1,86544,1,1,3,0
2,11,1,7,1,1,11,1,2,1,1,4,1,1,1,67313,1,1,1,0
2,1,1,2,1,1,3,2,1,1,1,8,1,1,1,64382,1,1,1,0
2,4,1,2,1,1,3,2,2,1,1,6,1,1,3,100000,1,3,2,0
2,2,1,1,1,1,5,3,4,1,2,2,2,1,2,11161,2,2,2,0
2,1,1,1,2,1,2,2,3,2,1,2,1,1,1,62507,1,1,1,0
2,4,1,2,9,1,2,2,4,1,1,3,1,1,3,70000,1,3,2,0
2,10,1,1,8,1,3,3,3,1,1,2,1,1,4,63979,1,1,1,0
2,5,1,3,1,3,1,1,2,1,1,1,1,2,1,35292,2,2,1,0
2,16,1,2,1,1,1,1,2,1,1,1,1,1,1,46992,1,1,3,0
1,7,2,2,1,1,1,2,1,1,1,4,3,1,1,16152,1,1,1,0
2,1,2,2,1,8,1,1,3,1,1,3,1,1,1,33337,1,1,1,0
2,1,1,1,1,1,3,2,3,1,1,1,1,1,1,69452,1,1,1,0
2,4,1,3,11,1,1,3,4,1,3,6,1,1,3,105000,1,3,2,0
2,2,1,1,8,2,7,2,3,1,1,1,1,1,2,2820,2,2,2,0
2,12,2,3,1,8,3,1,3,1,1,2,1,2,3,36235,1,1,1,0
2,1,1,1,1,2,1,2,1,1,1,5,1,2,1,65285,1,1,1,0
2,1,1,3,1,1,3,3,3,1,1,2,1,1,1,69452,1,1,1,0
2,20,1,2,5,2,7,1,1,1,1,3,1,1,1,32400,3,2,2,0
2,2,1,1,1,1,7,2,4,1,1,1,1,1,2,28178,2,2,2,0
2,6,1,2,5,1,7,2,4,1,1,3,1,1,1,29376,2,2,2,0
2,4,1,2,1,1,7,1,3,1,1,1,6,1,3,120000,1,3,2,0
2,4,1,1,3,2,7,2,3,1,1,2,2,2,3,103000,1,3,2,0
2,4,1,1,1,2,7,2,2,1,1,1,3,2,3,2000000,1,3,2,0
2,4,1,1,1,1,2,3,2,1,1,4,1,1,3,90000,1,3,2,0
2,4,1,1,5,1,2,1,2,1,1,3,6,1,3,90000,1,3,2,0
2,10,1,1,3,1,3,1,4,1,1,2,1,2,4,91969,1,1,1,0
2,3,1,1,1,7,7,2,4,1,1,2,1,1,1,55392,1,1,3,0
1,12,1,3,9,3,2,2,3,2,1,8,1,1,3,33014,1,1,1,0
1,4,3,1,5,1,7,2,1,1,1,1,1,1,3,75000,1,3,2,0
2,12,1,1,5,17,4,2,2,1,1,1,1,2,3,101457,1,1,1,0
2,19,3,3,5,14,3,4,2,1,1,3,1,1,1,16116,1,1,3,1
2,4,1,1,9,3,7,2,4,1,1,6,1,1,3,110000,1,3,2,0
2,1,1,1,4,1,11,3,3,1,1,3,1,2,1,57784,1,1,1,0
2,7,1,2,1,1,3,2,3,1,1,2,1,1,1,54336,1,1,1,0
2,1,1,2,6,8,7,2,2,1,1,3,5,2,1,97233,1,1,1,0
2,8,1,1,1,5,1,2,2,1,1,7,2,2,1,440592,1,1,1,0
1,13,1,2,3,1,4,1,2,1,1,3,1,2,1,734328,1,1,1,0
2,2,1,2,1,1,1,2,3,2,1,7,4,1,2,4320,2,2,2,0
2,14,2,4,1,1,1,3,2,1,1,9,5,1,5,9732,3,2,2,0
2,7,1,1,1,1,4,2,4,1,1,3,1,2,1,122388,1,1,1,0
2,4,1,1,1,1,8,2,4,1,1,1,1,1,3,145000,1,3,2,0
2,4,1,2,1,1,3,2,2,1,1,3,1,1,3,95000,1,3,2,0
2,4,1,5,7,1,1,2,4,1,1,6,1,2,3,47000,1,3,2,0
2,4,1,1,1,1,3,3,4,1,1,1,1,1,3,70000,1,3,2,0
2,16,1,2,1,1,1,2,3,1,3,1,1,1,1,41612,1,1,3,0
2,4,1,1,1,1,8,3,2,1,1,3,1,1,3,200000,1,3,2,0
1,4,1,1,1,1,4,2,2,1,1,1,1,1,3,117000,1,3,2,0
2,1,1,1,1,1,3,1,3,1,1,2,1,1,1,62507,1,1,1,0
2,2,1,2,1,14,3,3,2,1,1,2,2,2,2,28961,2,2,2,0
2,1,1,2,1,1,3,2,4,1,1,3,1,1,1,118068,1,1,1,0
2,4,1,4,1,13,2,3,1,1,1,1,1,1,3,65000,1,3,2,0
2,2,1,1,3,3,5,1,3,1,1,2,3,1,2,66504,2,2,2,0
2,4,1,5,8,1,2,2,4,1,1,1,1,1,3,80000,1,3,2,0
2,12,1,1,1,13,10,2,4,1,3,1,1,2,3,148964,1,1,1,0
2,11,1,1,1,4,7,2,4,1,1,1,1,1,1,45283,1,1,1,0
2,4,1,4,8,6,2,2,1,1,1,1,1,1,3,50000,1,3,2,0
2,8,1,2,1,4,1,2,4,1,1,3,1,2,1,48955,1,1,1,0
1,2,1,1,1,9,3,1,3,1,1,7,1,2,2,67314,2,2,2,0
2,2,1,1,6,1,7,2,4,1,1,7,1,2,2,8364,2,2,2,0
1,4,1,7,3,1,2,2,1,1,1,5,3,1,3,135000,1,3,2,0
2,10,1,1,1,1,6,3,1,1,1,5,1,1,4,47984,1,1,1,0
1,6,1,2,5,1,3,1,3,1,1,2,1,1,1,10620,2,2,2,0
2,7,1,1,1,15,3,2,2,1,1,2,1,1,1,73433,1,1,1,0
2,5,2,2,1,1,3,2,3,1,1,3,4,1,1,44460,2,2,1,0
2,4,1,2,1,4,1,3,3,1,1,6,1,2,3,86000,1,3,2,0
1,4,1,1,1,4,7,1,4,1,1,3,1,1,3,95000,1,3,2,0
2,4,2,2,1,13,2,2,2,2,1,4,1,1,3,85000,1,3,2,0
2,4,1,1,7,1,7,2,1,1,1,1,1,1,3,135000,1,3,2,0
2,10,2,1,1,1,7,1,4,1,1,2,1,1,4,67977,1,1,1,0
1,19,1,1,12,1,2,1,3,1,1,5,6,2,1,44064,1,1,3,0
1,4,1,2,1,1,4,1,3,1,1,4,2,1,3,145000,1,3,2,0
2,11,3,2,12,1,7,2,4,1,1,1,1,2,1,17628,1,1,1,0
2,2,1,1,1,7,4,2,2,1,1,1,3,2,2,25047,2,2,2,0
2,7,1,2,1,4,3,1,2,1,1,2,1,2,1,47731,1,1,1,0
2,12,1,1,1,1,7,1,3,1,1,1,1,1,3,64417,1,1,1,0
1,4,1,1,1,1,3,3,1,1,1,5,1,1,3,73000,1,3,2,0
2,1,1,1,1,1,1,2,2,1,1,3,1,1,1,83342,1,1,1,0
2,16,1,1,1,1,7,3,4,1,1,1,1,1,1,48955,1,1,3,0
2,2,1,1,1,4,2,1,3,1,1,5,1,2,2,112716,2,2,2,0
2,4,1,1,5,1,1,2,4,1,1,6,1,1,3,120000,1,3,2,0
1,4,1,1,1,9,7,1,2,1,1,1,1,1,3,73000,1,3,2,0
2,4,1,1,8,6,7,2,1,1,1,1,7,1,3,80000,1,3,2,0
2,20,1,2,7,2,5,2,3,1,1,3,1,2,1,23496,3,2,2,0
2,4,1,1,1,3,1,2,2,1,1,1,3,1,3,107000,1,3,2,0
2,4,1,1,1,15,7,3,2,1,1,3,6,1,3,63000,1,3,2,0
2,4,1,1,1,9,8,2,3,1,1,8,1,2,3,162000,1,3,2,0
1,7,1,2,1,1,7,2,3,1,1,2,3,2,1,66089,1,1,1,0
2,7,1,2,1,9,3,1,3,1,1,2,1,1,1,61194,1,1,1,0
1,2,1,2,1,1,1,2,1,1,1,3,1,2,2,28176,2,2,2,0
1,4,1,2,7,1,2,1,4,2,1,4,1,1,3,105300,1,3,2,0
2,5,1,2,8,1,3,2,4,1,1,3,1,1,1,37056,2,2,1,0
2,4,1,4,1,1,7,1,1,1,1,6,2,1,3,90000,1,3,2,0
1,7,1,2,3,7,7,2,2,1,1,2,1,1,1,1000000,1,1,1,0
2,4,1,1,1,7,11,3,2,1,1,3,1,1,3,150000,1,3,2,0
2,6,2,2,3,1,7,3,1,1,1,8,1,1,1,21228,2,2,2,0
2,17,3,3,1,4,2,2,3,1,1,1,1,1,1,31944,1,1,3,0
2,13,1,3,8,2,1,2,3,1,1,1,2,1,1,31821,1,1,1,0
2,6,1,4,3,1,2,3,3,1,1,8,1,1,1,19104,2,2,2,0
2,13,1,1,12,1,2,2,3,2,1,2,2,1,1,18358,1,1,1,0
2,4,1,4,9,1,11,2,2,1,1,2,1,1,3,37250,1,3,2,0
1,4,2,3,1,18,5,4,2,1,1,1,1,1,3,4200,1,3,2,1
2,4,1,1,1,1,1,3,3,1,1,7,2,1,3,92000,1,3,2,0
2,2,2,1,1,1,2,4,2,1,1,3,1,2,2,15654,2,2,2,1
2,10,1,1,3,4,7,2,2,2,1,4,3,1,4,73576,1,1,1,0
2,14,1,1,1,1,1,2,4,1,1,1,1,1,5,33999,3,2,2,0
2,2,2,1,8,1,2,3,1,1,1,1,1,2,2,4320,2,2,2,0
2,6,2,3,1,4,3,1,4,1,2,8,2,2,1,23352,2,2,2,0
2,11,1,7,1,1,11,3,1,1,1,1,1,1,1,53851,1,1,1,0
1,4,1,2,2,1,1,1,2,1,1,2,1,1,3,160000,1,3,2,0
2,7,1,1,4,6,5,1,4,2,1,2,1,1,1,587460,1,1,1,0
2,1,1,1,1,1,3,1,3,1,1,2,1,2,1,104178,1,1,1,0
1,4,1,1,1,3,1,2,2,1,1,5,6,1,3,1560000,1,3,2,0
2,4,1,2,7,14,5,1,2,2,1,5,1,1,3,65000,1,3,2,0
2,12,1,3,3,1,3,3,3,1,1,1,7,1,3,31403,1,1,1,0
2,7,1,2,1,1,11,2,3,1,1,5,1,1,1,93015,1,1,1,0
2,10,1,2,3,1,5,2,2,1,1,3,1,1,4,59980,1,1,1,0
2,4,1,4,12,1,1,2,4,1,1,3,1,1,3,129000,1,3,2,0
2,2,1,2,12,1,1,1,2,1,2,3,3,1,2,4512,2,2,2,0
2,1,1,3,3,18,5,4,2,1,1,8,1,2,1,833400,1,1,1,1
2,16,1,2,1,1,4,2,2,1,1,8,1,1,1,57276,1,1,3,0
2,4,1,1,1,1,1,2,1,1,1,1,1,2,3,81000,1,3,2,0
1,13,1,1,1,1,7,1,3,2,1,7,1,1,1,44060,1,1,1,0
2,4,1,1,1,1,1,2,3,1,1,8,1,1,3,69000,1,3,2,0
2,1,1,1,1,1,3,2,2,1,1,1,2,1,1,76397,1,1,1,0
2,2,1,1,1,1,7,2,4,1,1,9,1,1,2,18336,2,2,2,0
2,2,1,4,1,2,7,1,1,1,1,1,3,1,2,22214,2,2,2,0
2,2,1,1,1,1,7,2,3,1,1,3,3,1,2,4696,2,2,2,0
2,1,1,1,1,1,1,1,2,1,1,8,1,2,1,83342,1,1,1,0
1,2,1,1,1,1,3,3,1,1,1,7,3,1,2,15654,2,2,2,0
2,4,1,1,9,4,2,2,3,1,1,3,1,1,3,64000,1,3,2,0
2,2,1,2,12,4,1,2,1,1,1,3,3,2,2,9768,2,2,2,0
1,2,2,1,1,1,2,1,2,1,1,1,3,2,2,9396,2,2,2,0
2,8,3,3,5,4,1,2,2,1,1,3,1,1,1,220296,1,1,1,0
1,5,1,2,1,1,11,2,3,1,1,2,1,1,1,40584,2,2,1,0
1,17,1,1,3,1,4,2,2,2,1,2,1,1,1,45528,1,1,3,0
2,4,2,1,1,3,5,2,2,1,1,6,1,2,3,58000,1,3,2,0
2,4,3,1,5,15,7,2,4,1,1,6,1,2,3,111000,1,3,2,0
2,4,3,1,2,1,3,2,3,2,1,3,1,1,3,207000,1,3,2,0
1,4,1,3,1,1,3,3,2,1,1,3,1,1,3,71500,1,3,2,0
1,4,1,1,1,1,7,2,3,1,1,1,1,2,3,70000,1,3,2,0
2,4,1,2,1,1,1,1,2,1,1,3,2,1,3,117000,1,3,2,0
2,6,1,2,1,1,7,1,2,1,1,8,1,2,1,12732,2,2,2,0
2,16,1,1,1,1,1,2,4,1,1,3,2,1,1,67313,1,1,3,0
2,7,1,2,1,1,7,2,3,1,4,2,5,2,1,66089,1,1,1,0
2,19,1,2,6,13,4,2,2,1,1,2,1,1,1,61194,1,1,3,0
2,1,1,2,1,3,1,2,4,1,1,2,1,1,1,575064,1,1,1,0
2,13,1,1,1,3,2,2,2,1,1,1,1,1,1,67313,1,1,1,0
2,11,1,2,1,4,7,2,1,1,1,3,1,1,1,56298,1,1,1,0
2,13,1,2,1,1,1,2,4,1,1,4,1,1,1,37940,1,1,1,0
1,7,1,2,7,18,2,2,2,1,1,2,4,1,1,22030,1,1,1,0
2,18,1,1,2,1,4,2,3,1,1,6,1,1,1,109483,1,1,3,0
2,4,1,1,1,9,7,2,3,1,1,3,1,1,3,72000,1,3,2,0
2,4,1,1,8,14,3,3,1,1,1,3,1,1,3,80000,1,3,2,0
2,4,1,1,1,9,1,2,3,1,1,2,1,1,3,66000,1,3,2,0
1,4,1,1,1,1,1,2,3,1,1,1,1,1,3,110000,1,3,2,0
2,6,3,7,3,1,1,2,3,1,1,4,1,1,1,19104,2,2,2,0
1,4,1,1,1,1,1,2,4,1,1,2,2,1,3,118000,1,3,2,0
2,19,1,1,1,9,3,2,3,1,1,3,1,1,1,61194,1,1,3,0
1,12,1,1,3,1,4,2,3,1,1,5,3,2,3,88573,1,1,1,0
1,10,1,7,1,8,1,3,3,1,1,1,6,1,4,151949,1,1,1,0
2,1,1,3,5,1,7,3,1,1,1,6,1,1,1,138904,1,1,1,0
2,7,1,2,8,1,1,2,4,1,1,6,1,2,1,79552,1,1,1,0
2,20,2,2,1,1,3,2,1,1,1,5,4,2,1,96000,3,2,2,0
2,12,1,1,1,1,3,2,4,1,1,1,1,1,3,64417,1,1,1,0
2,7,1,2,1,1,4,2,2,1,1,2,1,1,1,67313,1,1,1,0
2,2,1,1,1,1,1,2,3,1,1,3,2,2,2,20351,2,2,2,0
2,7,1,2,1,1,7,2,4,1,1,2,1,1,1,73433,1,1,1,0
2,4,1,7,5,8,4,2,2,1,1,4,1,1,3,88000,1,3,2,0
2,7,1,2,1,6,4,1,2,1,1,3,1,1,1,49932,1,1,1,0
2,6,1,1,8,8,7,2,4,1,1,3,1,1,1,18048,2,2,2,0
2,4,1,1,1,4,7,2,4,1,1,5,1,1,3,145000,1,3,2,0
2,4,1,1,9,7,11,2,4,1,1,4,1,1,3,140000,1,3,2,0
2,4,2,3,1,1,2,3,2,1,1,5,2,1,3,38,1,3,2,0
2,5,1,3,4,1,7,3,3,1,1,1,1,2,1,56460,2,2,1,0
1,2,1,1,8,1,2,1,1,1,1,3,1,1,2,10175,2,2,2,0
2,4,1,4,1,1,7,2,3,1,1,6,1,1,3,110000,1,3,2,0
2,4,1,1,1,1,1,2,2,1,1,1,1,1,3,66000,1,3,2,0
2,2,1,1,1,1,7,2,2,1,2,7,3,2,2,15654,2,2,2,0
2,7,1,1,3,1,1,2,1,1,1,2,1,1,1,51408,1,1,1,0
2,6,1,2,5,1,1,3,3,1,1,1,1,1,1,30818,2,2,2,0
2,15,1,3,1,1,7,2,2,1,1,2,3,2,2,105324,1,1,2,0
2,4,1,1,8,1,1,2,4,1,2,1,6,1,3,130000,1,3,2,0
1,4,1,5,4,1,8,2,4,1,3,2,1,1,3,1560000,1,3,2,0
2,7,1,5,9,1,2,2,4,1,1,4,1,1,1,62418,1,1,1,0
2,12,1,4,1,1,7,2,2,1,1,6,1,1,3,41871,1,1,1,0
2,1,1,3,11,12,5,2,4,1,1,3,1,1,1,64590,1,1,1,0
1,4,3,1,1,1,1,1,2,1,1,2,3,1,3,102000,1,3,2,0
2,2,1,2,3,1,2,2,4,1,1,4,1,2,2,7514,2,2,2,0
1,4,1,1,8,1,7,2,2,1,1,2,1,1,3,100000,1,3,2,0
2,7,1,1,1,4,2,3,3,1,1,2,1,1,1,68537,1,1,1,0
2,4,1,4,1,1,3,2,3,2,2,4,1,1,3,129000,1,3,2,0
2,4,1,1,1,1,7,2,2,1,1,1,1,1,3,76500,1,3,2,0
2,2,2,1,1,1,7,2,1,1,1,1,1,2,2,4692,2,2,2,0
2,11,1,2,1,1,7,2,2,1,1,3,1,1,1,51403,1,1,1,0
1,4,1,1,1,1,11,3,3,1,1,8,1,1,3,98000,1,3,2,0
1,4,1,1,1,1,7,2,4,1,1,1,1,1,3,83500,1,3,2,0
2,4,1,1,1,1,7,2,4,1,1,2,1,1,3,1548000,1,3,2,0
1,4,1,1,1,2,1,2,3,1,1,3,1,1,3,140000,1,3,2,0
2,1,1,2,3,7,2,3,4,1,1,5,5,1,1,41671,1,1,1,0
2,7,1,2,1,1,1,2,3,1,1,8,1,1,1,55075,1,1,1,0
2,1,1,1,1,1,4,1,4,1,1,3,1,1,1,55562,1,1,1,0
2,10,1,1,1,1,1,2,2,1,1,2,1,1,4,79973,1,1,1,0
2,2,1,1,1,6,7,2,3,1,1,2,6,1,2,3384,2,2,2,0
2,13,1,2,1,1,1,2,3,1,1,1,2,1,1,33780,1,1,1,0
2,4,2,2,1,1,1,2,4,1,1,1,1,1,3,125000,1,3,2,0
1,2,1,2,1,2,2,2,3,2,1,3,1,2,2,5448,2,2,2,0
2,4,1,2,1,1,3,2,2,1,1,1,1,1,3,200000,1,3,2,0
1,1,1,1,3,1,2,2,3,1,1,1,1,1,1,66674,1,1,1,0
2,3,1,2,4,1,7,1,2,2,3,5,1,1,1,56892,1,1,3,0
2,7,3,3,1,1,1,1,3,1,1,2,1,1,1,18358,1,1,1,0
2,1,1,7,5,9,7,2,2,1,1,1,1,1,1,59729,1,1,1,0
2,13,1,1,1,4,1,1,4,1,1,3,2,1,1,31821,1,1,1,0
2,17,1,1,1,1,2,2,3,1,1,2,1,1,1,35244,1,1,3,0
2,16,1,1,1,1,7,2,2,1,1,2,1,1,1,45528,1,1,3,0
2,6,1,1,1,1,3,2,2,1,1,1,1,1,1,29724,2,2,2,0
2,18,1,1,12,1,3,2,4,1,1,2,1,1,1,67775,1,1,3,0
2,4,1,1,12,3,1,1,4,2,1,1,1,1,3,50000,1,3,2,0
2,13,1,6,8,4,1,1,3,1,1,6,2,2,1,72209,1,1,1,0
2,4,1,1,4,4,2,3,3,2,1,3,1,1,3,82000,1,3,2,0
2,6,1,7,7,10,7,2,4,1,1,4,1,1,1,19104,2,2,2,0
1,4,1,1,9,6,2,2,2,2,2,1,1,1,3,1750000,1,3,2,0
2,4,1,3,1,1,8,2,3,1,1,1,1,2,3,90000,1,3,2,0
1,7,2,1,1,1,2,2,4,1,1,3,1,1,1,29376,1,1,1,0
2,7,1,4,11,1,7,2,3,1,1,6,1,1,1,42588,1,1,1,0
2,8,2,3,1,9,1,2,4,1,1,7,1,1,1,19092,1,1,1,0
2,5,1,1,8,1,7,2,2,1,1,3,1,2,1,30000,2,2,1,0
1,5,1,3,1,1,1,3,3,1,1,3,1,1,1,28236,2,2,1,0
2,3,1,3,1,1,1,2,4,1,1,4,1,1,1,74856,1,1,3,0
1,2,1,2,1,1,2,2,3,2,1,1,3,1,2,97680,2,2,2,0
2,4,1,1,1,1,7,2,2,1,1,1,1,1,3,69000,1,3,2,0
2,18,1,2,2,13,3,2,4,1,1,3,2,1,1,93842,1,1,3,0
1,4,1,3,1,1,3,2,2,1,4,1,1,1,3,100000,1,3,2,0
2,4,1,1,1,6,3,1,4,1,1,1,1,2,3,90000,1,3,2,0
2,2,1,1,1,1,7,2,2,1,1,1,3,2,2,13306,2,2,2,0
2,4,1,1,3,4,8,2,2,1,1,1,1,1,3,145000,1,3,2,0
2,4,1,1,1,1,11,2,3,1,1,3,1,2,3,110000,1,3,2,0
2,4,1,1,1,1,3,2,3,1,1,3,1,1,3,120000,1,3,2,0
2,3,2,2,1,1,4,1,2,1,1,1,2,2,1,29520,1,1,3,0
2,8,1,2,1,16,7,1,3,1,1,3,1,1,1,30597,1,1,1,0
2,6,1,3,1,1,7,2,1,1,1,8,1,1,1,38208,2,2,2,0
2,1,1,1,12,4,3,2,2,1,1,4,1,1,1,287760,1,1,1,0
2,4,1,3,1,13,7,3,1,2,2,1,1,1,3,70000,1,3,2,0
1,15,1,1,1,4,2,1,3,1,1,6,1,2,2,84264,1,1,2,0
1,4,1,1,1,1,1,2,4,1,1,1,1,1,3,70000,1,3,2,0
2,13,1,2,1,1,4,2,3,1,1,2,1,1,1,39164,1,1,1,0
2,2,2,2,1,2,5,2,3,1,1,3,3,1,2,1500,2,2,2,0
2,1,1,1,3,8,7,3,2,1,1,2,1,1,1,51394,1,1,1,0
2,8,1,1,4,6,7,1,3,1,1,7,1,1,1,19092,1,1,1,0
2,4,1,1,1,5,1,2,4,1,1,3,1,1,3,104000,1,3,2,0
1,2,1,1,8,3,7,1,1,1,1,1,3,1,2,35222,2,2,2,0
2,4,1,1,1,1,3,2,4,1,1,6,1,1,3,120000,1,3,2,0
2,11,1,2,1,1,7,1,1,1,1,1,1,1,1,35244,1,1,1,0
2,9,1,2,3,2,7,2,3,1,1,7,1,1,2,34968,2,2,2,0
2,1,1,1,1,1,1,1,4,1,1,4,1,1,1,38199,1,1,1,0
2,4,1,2,7,1,4,1,4,1,1,3,1,2,3,96000,1,3,2,0
2,2,1,2,1,1,7,3,2,1,1,2,6,1,2,10704,2,2,2,0
2,7,1,5,1,1,1,2,4,1,1,6,1,1,1,67313,1,1,1,0
2,8,1,1,1,1,8,3,2,1,1,8,1,1,1,47731,1,1,1,0
2,7,1,1,1,1,3,2,3,1,1,3,1,1,1,54336,1,1,1,0
2,9,3,1,1,1,2,2,3,1,1,1,1,1,2,22253,2,2,2,0
2,4,1,3,3,1,3,2,3,1,1,1,1,2,3,95000,1,3,2,0
2,4,1,1,4,13,2,1,4,2,1,1,1,1,3,70000,1,3,2,0
2,4,1,2,3,2,1,2,1,1,1,3,1,2,3,160000,1,3,2,0
2,2,3,1,12,3,2,2,2,1,1,4,1,2,2,131496,2,2,2,0
1,6,1,2,3,1,2,2,4,1,1,3,1,1,1,27600,2,2,2,0
2,4,1,1,1,1,1,2,1,1,1,1,1,1,3,81000,1,3,2,0
2,14,2,2,1,1,3,3,3,1,1,1,2,1,5,37428,3,2,2,0
1,2,1,1,3,1,2,1,3,1,1,1,6,1,2,187848,2,2,2,0
2,5,1,2,12,1,3,2,4,2,2,3,1,2,1,42348,2,2,1,0
1,4,1,1,9,1,1,1,3,1,1,1,1,2,3,80000,1,3,2,0
2,14,3,5,1,1,7,1,4,1,1,1,2,1,5,13104,3,2,2,0
2,7,1,1,1,1,4,2,2,1,1,4,1,1,1,104030,1,1,1,0
2,11,1,2,1,1,4,2,3,1,1,3,1,2,1,48955,1,1,1,0
2,16,1,1,1,2,1,1,2,2,1,4,1,1,1,73428,1,1,3,0
2,4,1,1,1,1,7,2,2,1,1,3,1,1,3,100000,1,3,2,0
2,12,1,1,7,4,1,1,4,2,2,5,1,1,3,64417,1,1,1,0
2,13,1,1,1,1,7,2,2,1,1,2,1,1,1,895884,1,1,1,0
2,4,1,1,1,1,7,2,4,1,1,8,1,1,3,46500,1,3,2,0
2,14,1,1,8,1,4,2,1,1,3,9,2,1,5,37428,3,2,2,0
2,12,1,1,9,5,2,3,2,1,1,3,1,1,3,80521,1,1,1,0
2,12,1,3,1,1,1,2,4,1,1,1,6,1,3,52339,1,1,1,0
1,4,1,1,1,1,1,2,4,1,2,1,1,1,3,65000,1,3,2,0
2,6,1,2,1,9,4,2,1,1,1,1,1,1,1,31848,2,2,2,0
2,1,1,1,1,1,1,1,3,1,1,2,1,1,1,46533,1,1,1,0
2,7,1,5,1,1,1,1,3,1,1,2,1,2,1,35244,1,1,1,0
2,8,1,2,1,1,1,2,3,1,1,2,1,1,1,52627,1,1,1,0
2,2,2,2,11,1,5,2,1,1,1,3,1,1,2,5844,2,2,2,0
2,7,1,2,1,13,3,2,3,1,1,1,1,2,1,73433,1,1,1,0
2,4,1,1,1,7,2,1,2,1,1,2,1,1,3,2000000,1,3,2,0
1,4,2,2,1,1,7,3,2,1,1,3,3,2,3,90000,1,3,2,0
2,5,1,3,1,2,1,2,4,2,1,3,1,2,1,25764,2,2,1,0
2,1,1,1,1,1,11,3,4,2,3,1,1,1,1,45144,1,1,1,0
2,4,1,1,6,1,2,1,3,1,1,6,1,1,3,50000,1,3,2,0
2,2,1,1,1,1,7,3,3,1,1,1,3,1,2,18785,2,2,2,0
2,1,2,2,7,14,2,1,1,1,1,2,1,1,1,34726,1,1,1,0
2,2,1,2,1,4,2,2,2,1,1,1,3,1,2,5472,2,2,2,0
2,3,1,4,12,1,7,2,2,1,1,2,1,2,1,38928,1,1,3,0
1,12,1,1,1,1,7,2,3,1,1,1,1,1,3,46702,1,1,1,0
2,4,1,2,1,3,1,1,4,1,1,5,1,1,3,140000,1,3,2,0
1,4,1,2,6,1,3,1,4,1,1,3,3,2,3,45600,1,3,2,0
2,4,1,1,5,11,1,2,2,1,1,3,1,2,3,84000,1,3,2,0
1,14,1,1,1,2,7,2,2,1,1,2,1,2,5,37428,3,2,2,0
2,4,1,3,8,1,2,2,3,1,1,2,1,2,3,66000,1,3,2,0
2,1,1,5,1,1,4,1,1,2,1,1,1,2,1,67230,1,1,1,0
2,7,1,5,1,13,1,2,2,2,2,1,1,1,1,79552,1,1,1,0
2,4,1,2,1,2,7,2,2,1,1,1,1,1,3,120000,1,3,2,0
1,4,1,1,8,1,7,2,3,1,1,1,1,1,3,100000,1,3,2,0
2,4,1,1,1,3,2,2,3,1,1,2,2,1,3,60000,1,3,2,0
1,2,1,1,1,2,7,2,3,1,1,1,3,2,2,6384,2,2,2,0
1,14,1,1,8,1,3,1,2,1,1,3,2,2,5,24324,3,2,2,0
2,4,1,2,3,4,2,2,2,2,1,1,6,2,3,115000,1,3,2,0
2,2,1,1,3,1,1,2,3,1,1,7,6,2,2,10140,2,2,2,0
2,2,1,2,1,1,2,3,3,1,1,7,3,1,2,4512,2,2,2,0
1,4,1,1,1,1,7,2,3,1,1,1,1,2,3,97000,1,3,2,0
2,4,1,2,2,1,2,2,4,1,1,5,1,1,3,70000,1,3,2,0
2,1,1,3,1,13,11,3,2,1,1,8,1,2,1,83342,1,1,1,0
2,11,1,1,1,1,7,1,2,1,1,2,1,1,1,35244,1,1,1,0
2,6,1,8,1,1,4,2,3,1,1,3,1,1,1,16980,2,2,2,0
2,4,1,7,2,14,6,3,3,1,1,3,1,2,3,90000,1,3,2,0
2,1,1,4,1,1,3,2,3,1,2,1,1,1,1,34726,1,1,1,0
1,17,2,1,1,1,7,2,2,2,1,2,1,1,1,33780,1,1,3,0
1,4,2,2,1,4,2,1,3,1,1,1,3,1,3,82000,1,3,2,0
1,10,1,1,5,3,2,1,1,1,1,1,1,1,4,51183,1,1,1,0
2,15,3,1,1,1,7,3,3,1,1,3,1,2,2,98304,1,1,2,0
1,14,1,1,1,1,1,1,4,1,1,3,2,1,5,18336,3,2,2,0
2,8,2,1,1,3,7,3,4,1,1,7,1,1,1,48955,1,1,1,0
2,12,1,1,1,1,8,2,2,1,1,3,6,1,3,64417,1,1,1,0
2,7,2,3,3,18,1,1,2,1,1,3,1,1,1,5880,1,1,1,0
2,7,1,2,5,9,7,1,2,1,1,3,1,2,1,69027,1,1,1,0
2,1,1,2,1,1,1,1,3,1,1,2,3,1,1,90288,1,1,1,0
2,4,1,1,7,1,2,2,4,1,1,6,1,1,3,90000,1,3,2,0
2,2,1,1,1,4,7,2,4,1,1,1,6,1,2,23482,2,2,2,0
2,2,1,1,1,3,7,2,3,1,1,7,1,1,2,10175,2,2,2,0
2,4,3,1,7,14,7,3,2,1,1,5,1,1,3,90000,1,3,2,0
2,7,1,1,1,1,2,2,2,1,1,2,1,1,1,61194,1,1,1,0
2,20,1,2,6,9,2,1,3,1,1,3,1,1,1,11688,3,2,2,0
2,4,1,1,1,3,7,1,1,1,1,6,1,1,3,128550,1,3,2,0
2,1,1,2,3,1,2,1,1,2,1,1,1,1,1,41671,1,1,1,0
2,4,1,2,1,1,6,3,2,1,1,8,5,1,3,150000,1,3,2,0
2,6,1,3,4,1,2,2,4,1,1,8,1,1,1,20172,2,2,2,0
2,2,2,2,1,2,2,2,3,1,1,1,3,1,2,6420,2,2,2,0
2,13,1,4,12,1,7,2,3,1,1,1,2,1,1,35492,1,1,1,0
2,18,1,3,6,1,2,3,2,1,1,8,1,1,1,50052,1,1,3,0
2,1,1,7,7,16,7,2,3,1,1,1,1,1,1,56256,1,1,1,0
2,4,1,1,1,1,5,1,1,1,1,2,1,2,3,150000,1,3,2,0
1,4,1,2,1,1,4,2,3,1,1,7,1,1,3,78000,1,3,2,0
2,12,1,2,5,14,2,3,3,1,1,8,7,1,3,58056,1,1,1,0
2,15,1,1,7,1,7,2,2,2,1,3,1,1,2,52428,1,1,2,0
2,16,1,2,6,14,7,1,3,1,1,1,1,1,1,46507,1,1,3,0
2,15,1,3,9,8,1,2,2,1,1,1,4,1,2,27384,1,1,2,0
2,4,1,2,9,1,7,2,4,2,1,4,1,1,3,57000,1,3,2,0
2,4,1,1,1,1,4,2,4,1,1,5,1,1,3,225000,1,3,2,0
2,4,1,1,5,1,11,3,3,1,1,3,1,2,3,96000,1,3,2,0
2,4,3,1,8,1,1,2,2,1,3,8,1,1,3,194000,1,3,2,0
2,2,1,2,1,1,7,2,3,1,1,1,3,2,2,15185,2,2,2,0
2,2,1,1,1,1,2,2,2,1,1,1,3,2,2,309960,2,2,2,0
2,11,1,2,1,1,7,2,3,1,1,4,4,2,1,53851,1,1,1,0
2,2,1,1,3,1,2,2,3,1,1,1,3,2,2,7827,2,2,2,0
2,1,1,1,1,15,4,3,3,1,1,2,6,1,1,500052,1,1,1,0
1,4,1,1,8,1,2,1,4,1,1,1,1,1,3,1104000,1,3,2,0
2,12,1,1,1,1,3,3,1,1,1,9,1,2,3,40261,1,1,1,0
1,4,1,1,7,1,2,2,4,2,2,3,1,1,3,122000,1,3,2,0
2,4,1,2,1,9,7,1,3,1,1,1,3,2,3,125000,1,3,2,0
2,2,1,1,1,2,1,3,3,1,1,1,3,1,2,7946,2,2,2,0
2,10,1,1,3,7,1,3,2,1,1,1,1,1,4,59980,1,1,1,0
2,13,1,1,1,1,1,3,3,1,1,1,1,1,1,36716,1,1,1,0
2,2,1,2,7,1,5,2,3,1,1,1,3,1,2,22548,2,2,2,0
2,2,2,1,12,1,7,2,2,1,1,1,3,2,2,10704,2,2,2,0
2,4,1,1,4,1,7,2,2,2,1,3,1,1,3,73500,1,3,2,0
1,11,1,1,1,13,2,2,3,2,1,1,1,1,1,39164,1,1,1,0
2,4,1,4,12,1,1,3,3,1,1,1,1,1,3,60000,1,3,2,0
1,2,2,1,8,1,5,4,3,1,1,2,1,1,2,3000,2,2,2,1
2,3,3,1,1,1,7,1,2,1,1,8,1,2,1,44016,1,1,3,0
2,16,1,2,5,1,11,1,3,1,1,3,1,2,1,63156,1,1,3,0
2,4,3,3,1,14,1,2,2,1,1,7,1,1,3,70000,1,3,2,0
2,4,1,1,1,17,2,2,4,1,1,1,1,1,3,65000,1,3,2,0
2,12,1,7,1,1,4,3,2,1,1,4,6,2,3,96626,1,1,1,0
2,4,1,2,1,1,2,1,3,1,1,1,3,1,3,108000,1,3,2,0
2,2,1,1,1,2,7,2,3,1,1,1,1,1,2,9960,2,2,2,0
2,6,1,1,8,1,2,2,3,1,4,1,1,1,1,39276,2,2,2,0
2,14,1,3,12,4,3,2,3,1,1,3,1,1,5,33684,3,2,2,0
2,10,1,1,8,3,7,2,3,1,1,1,1,1,4,59980,1,1,1,0
1,1,1,2,4,3,5,2,3,2,2,6,1,1,1,64590,1,1,1,0
2,4,1,1,1,1,7,2,1,1,1,1,1,1,3,50000,1,3,2,0
2,7,2,1,1,1,1,2,2,1,1,1,1,1,1,67313,1,1,1,0
2,7,1,3,9,3,2,1,1,1,1,1,1,1,1,157880,1,1,1,0
2,7,1,5,1,9,2,3,3,1,1,3,1,1,1,35832,1,1,1,0
1,4,1,1,4,6,2,1,4,1,1,1,1,1,3,47000,1,3,2,0
2,6,1,7,5,14,1,2,4,1,1,3,1,1,1,46704,2,2,2,0
1,4,1,1,10,1,2,2,3,2,1,1,4,1,3,120000,1,3,2,0
1,2,1,6,3,4,7,2,1,1,1,3,3,1,2,23482,2,2,2,0
2,4,1,3,8,1,7,2,4,1,1,2,2,1,3,65000,1,3,2,0
1,19,3,1,2,18,5,1,4,2,1,3,1,1,1,5856,1,1,3,0
2,10,1,1,5,1,11,2,1,1,3,1,1,1,4,103965,1,1,1,0
1,7,1,3,1,4,1,2,3,1,1,3,1,1,1,55812,1,1,1,0
1,12,1,1,1,1,1,2,4,1,1,3,1,1,3,53949,1,1,1,0
2,4,1,1,1,1,1,2,4,1,1,8,1,1,3,48300,1,3,2,0
1,8,1,1,1,1,1,1,2,1,1,2,1,1,1,29373,1,1,1,0
2,4,1,1,1,1,3,1,3,1,1,2,1,2,3,154000,1,3,2,0
2,2,1,2,8,1,7,3,2,1,1,2,3,1,2,37572,2,2,2,0
2,13,1,6,12,15,2,2,2,1,1,9,2,1,1,20556,1,1,1,0
2,4,1,1,5,14,2,4,3,1,1,3,6,1,3,77000,1,3,2,1
2,4,1,1,9,4,7,2,3,1,1,6,1,1,3,65000,1,3,2,0
2,4,1,1,8,1,2,2,3,1,1,8,1,2,3,71000,1,3,2,0
2,7,1,2,1,1,1,1,4,1,1,3,1,1,1,10284,1,1,1,0
2,4,1,1,2,3,5,1,2,1,1,5,1,1,3,87000,1,3,2,0
2,1,1,2,3,3,7,1,1,1,1,1,1,1,1,76397,1,1,1,0
2,4,1,1,1,4,7,2,2,1,1,1,1,1,3,60000,1,3,2,0
2,1,1,2,1,1,4,3,1,1,1,3,1,1,1,58340,1,1,1,0
2,1,1,3,1,1,3,2,3,1,1,3,1,1,1,86120,1,1,1,0
2,1,1,3,6,5,1,2,2,1,1,8,4,1,1,113901,1,1,1,0
2,4,3,1,1,1,3,2,2,1,2,1,1,1,3,63000,1,3,2,0
2,17,1,1,1,1,1,1,3,1,1,1,1,1,1,50664,1,1,3,0
2,4,1,2,4,5,2,2,2,2,2,9,1,1,3,110000,1,3,2,0
1,14,1,1,8,2,1,1,2,2,1,7,2,1,5,19464,3,2,2,0
1,11,1,2,8,1,7,2,2,1,1,5,1,1,1,61194,1,1,1,0
1,2,2,2,1,7,7,1,2,1,1,1,3,2,2,206640,2,2,2,0
1,2,1,1,3,3,2,2,4,1,1,1,3,1,2,154980,2,2,2,0
2,4,1,1,8,3,1,1,2,1,1,4,6,1,3,146000,1,3,2,0
2,4,1,1,1,1,7,3,3,1,1,1,3,1,3,73000,1,3,2,0
2,11,2,2,3,14,2,2,2,1,1,3,1,1,1,48955,1,1,1,0
2,4,1,3,7,1,7,1,3,1,1,8,2,1,3,65000,1,3,2,0
2,1,1,1,5,1,5,2,3,1,1,2,1,1,1,38893,1,1,1,0
2,4,1,1,1,1,7,2,3,1,1,1,2,1,3,55000,1,3,2,0
2,7,1,2,1,1,4,3,1,1,1,4,1,1,1,83224,1,1,1,0
2,12,1,3,1,1,7,2,3,1,1,1,1,1,3,68443,1,1,1,0
1,4,1,1,4,1,1,1,4,1,1,5,1,2,3,110000,1,3,2,0
2,11,1,2,1,8,2,2,1,1,1,1,1,2,1,51403,1,1,1,0
2,4,1,1,6,1,5,2,1,2,1,6,1,1,3,67000,1,3,2,0
2,16,1,3,12,1,3,1,3,1,1,6,1,1,1,58752,1,1,3,0
2,4,1,1,1,4,1,3,3,1,1,5,1,2,3,72000,1,3,2,0
2,7,1,1,1,14,2,2,2,1,1,1,1,1,1,53606,1,1,1,0
1,1,1,3,4,3,11,1,3,1,1,3,1,1,1,90288,1,1,1,0
1,1,1,1,7,1,5,1,2,1,1,2,1,1,1,43060,1,1,1,0
2,4,1,2,1,14,7,2,3,1,1,8,1,1,3,70000,1,3,2,0
2,2,2,1,1,1,7,2,2,1,1,3,3,2,2,0,2,2,2,0
2,18,1,2,7,1,3,4,2,1,1,3,1,2,1,106355,1,1,3,1
1,4,1,2,1,1,7,2,3,1,1,3,3,1,3,97000,1,3,2,0
2,4,1,1,1,1,1,2,1,1,1,6,1,1,3,78000,1,3,2,0
2,12,1,7,5,8,1,1,2,1,1,2,1,1,3,72469,1,1,1,0
1,4,3,1,1,1,3,1,2,1,1,3,1,2,3,120000,1,3,2,0
2,2,1,1,1,3,2,2,1,1,1,1,1,1,2,11741,2,2,2,0
1,2,1,1,1,3,5,2,3,1,1,2,3,2,2,10332,2,2,2,0
2,5,1,5,3,1,3,2,2,1,1,3,1,1,1,52933,2,2,1,0
2,4,2,1,1,1,4,2,3,1,1,1,1,1,3,118000,1,3,2,0
2,4,2,4,8,1,11,1,1,1,2,3,1,2,3,130000,1,3,2,0
1,12,1,1,1,4,3,1,4,1,1,3,6,1,3,57975,1,1,1,0
2,2,1,1,1,1,7,2,3,1,1,2,3,1,2,21916,2,2,2,0
2,2,1,2,1,1,7,1,2,1,1,2,1,1,2,22699,2,2,2,0
2,20,2,1,1,1,2,2,2,1,1,3,4,2,1,29232,3,2,2,0
2,4,1,1,1,1,1,2,3,1,1,8,1,1,3,780000,1,3,2,0
2,1,1,3,1,1,3,2,1,1,1,7,1,1,1,62507,1,1,1,0
2,4,1,5,1,6,2,2,2,2,1,6,1,2,3,75000,1,3,2,0
1,14,1,1,1,1,4,2,2,1,1,7,2,1,5,74860,3,2,2,0
2,11,1,2,1,1,2,2,4,1,1,3,1,1,1,46507,1,1,1,0
1,4,1,4,4,6,5,2,2,1,1,9,1,1,3,35000,1,3,2,0
2,2,1,2,1,1,2,2,3,1,1,9,3,1,2,3384,2,2,2,0
1,14,2,1,8,1,1,1,2,1,1,9,5,1,5,7956,3,2,2,0
2,16,3,5,1,1,1,2,3,1,1,1,1,1,1,40392,1,1,3,0
1,4,1,1,8,1,7,2,1,1,1,1,1,1,3,65000,1,3,2,0
2,4,1,1,8,11,5,1,1,1,1,1,1,1,3,90000,1,3,2,0
1,4,1,1,8,4,7,2,3,1,1,1,1,1,3,73000,1,3,2,0
2,3,1,1,1,1,7,1,2,1,1,1,1,2,1,59880,1,1,3,0
2,1,1,2,1,9,3,2,1,1,1,2,1,1,1,131959,1,1,1,0
1,11,1,2,1,1,3,2,3,1,1,3,1,1,1,64620,1,1,1,0
2,1,1,1,8,3,3,3,3,2,2,3,1,1,1,76397,1,1,1,0
2,4,1,1,1,1,7,3,2,1,1,3,1,1,3,44000,1,3,2,0
2,14,1,1,5,8,7,2,1,1,1,2,1,1,5,23208,3,2,2,0
2,10,1,2,1,1,11,2,3,1,1,5,1,1,4,45585,1,1,1,0
2,1,1,2,1,3,3,1,3,1,1,8,1,2,1,68063,1,1,1,0
2,7,2,2,3,1,2,1,2,2,1,1,1,1,1,159104,1,1,1,0
2,4,1,1,6,14,5,2,2,1,1,1,1,1,3,50000,1,3,2,0
1,13,1,1,1,2,2,1,2,2,1,2,1,1,1,26925,1,1,1,0
2,4,1,1,8,1,1,2,2,1,1,1,1,2,3,138500,1,3,2,0
2,2,1,2,1,1,7,1,3,1,1,3,1,1,2,9393,2,2,2,0
2,4,1,1,8,1,1,2,3,1,1,1,1,1,3,102000,1,3,2,0
2,1,2,2,1,3,1,2,2,1,1,1,1,1,1,93760,1,1,1,0
2,2,1,1,1,4,2,2,4,1,1,1,6,1,2,89543,2,2,2,0
2,7,1,2,1,11,5,2,4,2,1,1,2,1,1,0,1,1,1,0
2,4,1,1,1,1,4,2,4,1,1,3,1,1,3,245000,1,3,2,0
2,20,1,2,5,1,3,2,1,1,1,3,1,1,1,41760,3,2,2,0
2,4,1,7,9,15,2,2,1,1,1,3,1,1,3,100000,1,3,2,0
2,1,1,2,7,1,4,1,2,1,1,7,1,1,1,144460,1,1,1,0
2,4,2,1,1,1,11,3,4,1,1,5,1,2,3,36000,1,3,2,0
2,4,1,3,8,1,1,3,3,1,1,2,1,2,3,115000,1,3,2,0
2,11,2,2,5,14,7,2,2,2,1,1,1,1,1,48955,1,1,1,0
2,12,1,1,1,4,3,1,4,1,1,8,1,1,3,77300,1,1,1,0
2,12,1,4,1,3,2,1,4,1,1,6,1,1,3,68443,1,1,1,0
2,4,1,1,1,3,1,2,2,1,1,1,3,1,3,130000,1,3,2,0
2,4,1,1,1,2,2,2,3,1,1,1,1,1,3,72800,1,3,2,0
2,12,1,2,1,1,11,2,3,1,1,3,1,2,3,64417,1,1,1,0
1,4,1,1,1,1,3,1,4,1,1,1,1,1,3,106000,1,3,2,0
2,2,1,2,1,1,5,1,2,1,1,3,1,1,2,3756,2,2,2,0
1,12,1,1,1,1,11,2,3,2,1,6,1,1,3,74080,1,1,1,0
2,2,2,1,1,2,2,3,2,2,1,3,3,1,2,5256,2,2,2,0
2,4,1,1,1,1,3,2,4,1,1,1,1,1,3,105000,1,3,2,0
2,7,2,1,8,2,7,1,4,1,1,4,4,2,1,63642,1,1,1,0
2,8,1,3,1,1,7,2,3,1,1,1,1,1,1,36716,1,1,1,0
2,6,1,6,1,1,2,2,4,1,1,3,1,2,1,8850,2,2,2,0
2,4,1,1,1,1,1,2,1,1,1,1,1,1,3,110000,1,3,2,0
1,8,1,2,1,1,1,2,4,1,1,2,1,1,1,24972,1,1,1,0
1,4,1,1,4,3,7,2,3,1,1,5,1,2,3,115000,1,3,2,0
2,7,1,2,1,1,3,2,2,1,1,4,1,1,1,954624,1,1,1,0
2,3,1,2,1,1,3,2,4,1,1,3,1,1,1,69866,1,1,3,0
1,14,1,1,1,1,4,2,2,1,1,1,1,1,5,44916,3,2,2,0
1,4,2,1,1,6,4,2,2,1,1,4,1,1,3,140000,1,3,2,0
2,5,1,1,2,4,2,2,1,1,1,3,1,2,1,38820,2,2,1,0
2,1,1,1,1,1,1,2,3,1,1,2,1,1,1,37504,1,1,1,0
1,4,1,2,3,1,7,1,2,1,1,1,1,2,3,110000,1,3,2,0
2,11,1,2,1,9,2,1,2,1,1,4,1,2,1,47731,1,1,1,0
1,4,1,1,1,1,1,1,4,1,1,5,1,2,3,134000,1,3,2,0
2,6,1,1,6,1,7,2,1,1,1,1,1,1,1,55620,2,2,2,0
2,10,1,1,1,1,3,2,3,1,2,2,1,1,4,99967,1,1,1,0
2,1,1,2,1,1,7,2,4,1,1,3,1,1,1,111123,1,1,1,0
2,2,1,1,1,1,7,2,4,1,1,2,3,1,2,159672,2,2,2,0
2,19,3,1,1,1,11,2,3,1,1,8,1,1,1,55075,1,1,3,0
2,1,1,7,1,1,3,2,3,1,1,4,1,1,1,83342,1,1,1,0
1,11,1,2,3,1,2,3,2,1,1,3,1,1,1,42836,1,1,1,0
1,2,1,1,1,3,1,1,1,1,1,7,3,1,2,21133,2,2,2,0
2,18,1,4,1,9,3,2,3,1,1,3,1,2,1,114696,1,1,3,0
2,4,1,7,5,8,7,1,2,1,1,3,1,1,3,127000,1,3,2,0
2,4,1,1,6,14,1,1,2,1,1,6,1,1,3,115000,1,3,2,0
1,2,1,2,1,2,7,2,2,1,1,1,3,1,2,9706,2,2,2,0
2,4,3,4,1,1,4,1,1,1,1,3,1,1,3,90000,1,3,2,0
2,6,1,2,1,15,1,2,3,1,1,1,1,2,1,74304,2,2,2,0
2,1,1,1,1,2,1,2,1,1,1,4,1,1,1,62507,1,1,1,0
2,17,1,1,2,1,4,1,2,1,1,1,1,1,1,23496,1,1,3,0
2,4,1,2,1,5,4,2,2,1,1,3,1,1,3,110000,1,3,2,0
2,12,1,1,1,4,3,2,4,1,1,8,1,1,3,104678,1,1,1,0
2,13,1,3,5,14,7,2,4,2,2,4,1,1,1,26925,1,1,1,0
2,1,1,1,1,9,4,2,3,1,1,5,1,1,1,45144,1,1,1,0
2,7,1,5,8,1,7,2,3,1,1,4,6,1,1,29376,1,1,1,0
2,4,1,1,4,4,7,2,1,1,1,6,1,1,3,80000,1,3,2,0
2,2,1,1,1,3,2,2,3,2,1,3,1,1,2,7483,2,2,2,0
2,1,1,2,3,1,3,2,1,1,1,1,1,1,1,37504,1,1,1,0
2,12,1,1,1,4,3,1,4,1,1,3,1,1,3,53949,1,1,1,0
2,1,1,2,1,8,11,1,1,1,1,2,1,1,1,64590,1,1,1,0
2,2,1,1,1,1,2,2,1,1,1,1,2,1,2,12396,2,2,2,0
2,4,1,1,1,1,2,1,3,1,1,5,1,1,3,130000,1,3,2,0
2,11,1,1,1,13,4,2,4,2,2,2,1,1,1,125124,1,1,1,0
2,12,1,3,1,1,1,2,2,1,1,8,1,1,3,40261,1,1,1,0
1,12,1,1,1,1,2,2,3,1,1,1,1,1,3,53949,1,1,1,0
2,16,1,1,7,1,4,3,2,1,1,1,1,1,1,122388,1,1,3,0
2,9,2,2,1,1,7,2,3,2,1,3,1,2,2,24000,2,2,2,0
2,14,1,1,8,1,7,2,2,1,1,3,6,1,5,25716,3,2,2,0
2,17,1,2,3,1,4,2,1,1,1,3,1,1,1,55812,1,1,3,0
2,2,1,1,3,3,1,1,3,1,1,1,1,2,2,46963,2,2,2,0
1,3,1,3,8,4,7,1,3,1,2,7,1,2,1,45660,1,1,3,0
1,12,1,1,1,7,7,1,4,1,1,8,1,1,3,37040,1,1,1,0
2,3,1,3,3,1,1,3,4,1,1,8,1,2,1,93570,1,1,3,0
2,7,1,1,1,1,4,2,3,1,1,4,1,1,1,88119,1,1,1,0
2,4,3,2,8,14,2,1,2,1,1,3,6,1,3,85000,1,3,2,0
2,17,1,1,3,1,2,2,2,1,1,3,1,1,1,30108,1,1,3,0
2,4,1,2,1,1,6,2,1,1,1,1,1,1,3,80000,1,3,2,0
2,20,1,2,6,1,2,2,3,1,1,3,1,1,1,4680,3,2,2,0
2,12,1,1,1,1,7,2,2,1,1,1,1,2,3,66027,1,1,1,0
2,12,1,2,1,3,7,2,2,1,1,1,2,2,3,52339,1,1,1,0
2,1,1,1,1,1,8,2,3,1,1,4,3,2,1,44449,1,1,1,0
1,3,1,2,1,13,10,1,1,1,1,1,5,1,1,77856,1,1,3,0
2,10,2,1,9,1,1,1,2,1,1,3,1,1,4,36788,1,1,1,0
2,4,1,1,1,1,1,3,3,1,1,1,1,1,3,140000,1,3,2,0
2,4,1,1,1,1,1,2,4,1,1,1,1,1,3,84000,1,3,2,0
2,20,1,2,1,4,7,2,3,1,1,6,1,2,1,18375,3,2,2,0
2,7,1,1,1,1,7,3,3,1,1,2,1,1,1,67313,1,1,1,0
2,7,3,1,1,1,7,1,4,1,1,6,1,1,1,59358,1,1,1,0
2,4,1,1,1,1,4,2,2,2,1,2,1,2,3,125000,1,3,2,0
1,6,1,1,1,2,2,4,2,1,1,1,1,1,1,48828,2,2,2,1
2,1,1,1,1,1,1,1,1,2,2,1,1,1,1,50700,1,1,1,0
1,2,1,2,1,1,1,2,4,1,1,3,3,1,2,114588,2,2,2,0
1,6,1,2,8,12,4,2,2,1,1,3,1,2,1,36084,2,2,2,0
1,6,1,6,6,3,3,2,3,1,1,5,1,1,1,25476,2,2,2,0
2,3,1,3,12,1,7,2,4,1,1,8,1,1,1,59880,1,1,3,0
2,8,1,2,1,1,7,2,4,1,1,3,1,2,1,61194,1,1,1,0
2,16,2,2,7,8,3,1,3,1,1,8,1,1,1,38184,1,1,3,0
1,1,1,1,1,1,7,2,4,1,1,1,1,1,1,61812,1,1,1,0
2,10,3,1,1,3,2,2,4,1,1,2,1,1,4,1000000,1,1,1,0
2,4,1,1,1,1,7,1,3,1,1,3,1,2,3,78853,1,3,2,0
2,4,1,1,1,4,3,2,2,1,1,6,1,1,3,135000,1,3,2,0
1,15,2,1,1,8,3,2,3,1,1,1,1,2,2,56172,1,1,2,0
2,4,1,1,8,1,3,1,2,1,1,6,1,2,3,115000,1,3,2,0
1,15,1,3,12,1,1,1,2,1,1,2,1,1,2,52668,1,1,2,0
2,11,2,2,1,1,4,2,3,1,1,3,1,1,1,38916,1,1,1,0
2,16,1,1,1,1,1,2,2,1,1,1,1,1,1,587460,1,1,3,0
1,2,1,1,1,1,7,1,2,1,1,3,1,1,2,272388,2,2,2,0
2,11,2,2,1,8,7,3,2,1,2,5,1,1,1,40021,1,1,1,0
2,4,1,1,1,1,3,2,2,1,1,6,1,2,3,105000,1,3,2,0
2,7,3,1,1,9,3,1,1,1,1,1,1,2,1,64866,1,1,1,0
1,1,1,1,1,2,7,1,1,2,1,3,1,1,1,55562,1,1,1,0
2,18,1,1,1,1,4,2,4,1,1,3,1,1,1,114696,1,1,3,0
2,4,1,1,5,13,4,1,3,1,1,8,1,2,3,80000,1,3,2,0
2,4,1,3,1,4,5,4,3,1,1,1,1,1,3,1600000,1,3,2,1
2,12,1,1,3,4,1,3,1,1,1,6,1,1,3,48313,1,1,1,0
2,4,2,2,1,2,7,2,2,1,1,3,1,1,3,125000,1,3,2,0
2,14,3,3,1,1,7,1,4,1,1,3,1,1,5,13104,3,2,2,0
2,1,1,1,1,1,7,2,2,1,1,6,1,1,1,433380,1,1,1,0
2,4,1,2,1,1,3,3,3,1,1,6,1,1,3,120000,1,3,2,0
1,10,3,5,1,1,2,2,4,2,1,5,1,1,4,79973,1,1,1,0
2,1,1,1,1,9,2,2,1,1,1,2,1,1,1,27781,1,1,1,0
2,2,1,2,1,1,2,2,3,1,1,3,3,1,2,2442,2,2,2,0
2,4,1,1,1,1,1,2,3,1,1,1,1,2,3,115900,1,3,2,0
2,7,3,3,1,9,4,2,4,1,1,3,1,1,1,52872,1,1,1,0
2,12,2,6,7,1,2,2,1,1,1,7,1,1,3,17715,1,1,1,0
2,5,1,2,1,1,1,2,3,1,1,2,1,2,1,67044,2,2,1,0
2,7,1,1,1,1,1,1,2,1,1,3,1,1,1,73433,1,1,1,0
2,2,1,2,1,2,2,2,2,1,1,7,3,1,2,5636,2,2,2,0
2,10,1,1,1,1,7,1,4,1,1,2,3,1,4,95968,1,1,1,0
2,11,1,3,1,3,7,2,3,1,1,6,1,1,1,36716,1,1,1,0
1,3,1,1,8,1,7,2,3,1,1,3,1,1,1,59880,1,1,3,0
2,4,1,2,3,4,7,1,2,1,1,4,1,1,3,125000,1,3,2,0
2,4,1,1,1,1,7,2,4,1,1,6,1,1,3,73500,1,3,2,0
1,7,1,1,3,1,3,1,4,1,1,3,1,2,1,898812,1,1,1,0
1,7,1,4,1,9,1,1,2,1,1,6,1,1,1,53239,1,1,1,0
2,1,1,1,1,1,7,2,4,1,1,2,1,1,1,52089,1,1,1,0
2,9,3,1,1,1,3,3,3,1,1,5,1,1,2,41328,2,2,2,0
2,4,2,1,1,1,4,1,1,1,1,1,2,1,3,160000,1,3,2,0
2,7,1,1,1,1,3,2,4,1,1,2,1,1,1,41122,1,1,1,0
1,2,1,1,1,13,5,2,3,1,1,7,3,2,2,15024,2,2,2,0
1,14,3,3,1,1,4,1,3,1,1,1,2,1,5,26736,3,2,2,0
2,19,2,1,8,1,3,2,3,1,1,3,1,1,1,29808,1,1,3,0
2,4,1,1,8,4,7,2,3,1,1,2,1,2,3,75000,1,3,2,0
2,7,1,2,8,2,7,3,3,2,1,1,1,1,1,73433,1,1,1,0
2,4,1,2,1,1,8,3,4,1,1,3,1,1,3,120000,1,3,2,0
2,4,1,1,1,4,7,3,3,2,1,1,1,2,3,95000,1,3,2,0
2,4,1,3,1,1,6,2,3,1,1,2,1,1,3,100000,1,3,2,0
2,11,1,2,1,1,1,1,2,1,1,1,1,1,1,61194,1,1,1,0
2,4,1,1,1,1,4,1,1,1,1,1,1,1,3,175000,1,3,2,0
2,11,1,2,1,8,3,2,2,1,1,7,1,1,1,56298,1,1,1,0
1,4,1,4,12,3,7,2,4,1,1,2,1,1,3,56000,1,3,2,0
2,4,1,1,8,1,3,1,2,1,1,9,1,1,3,125000,1,3,2,0
2,11,1,2,1,3,2,2,3,1,1,9,4,1,1,61194,1,1,1,0
2,1,1,2,9,1,4,2,3,1,1,2,1,2,1,52783,1,1,1,0
2,4,1,4,1,13,7,2,4,1,1,3,1,1,3,72500,1,3,2,0
2,4,1,3,1,1,1,1,3,1,1,1,1,1,3,50000,1,3,2,0
1,4,1,1,1,9,4,1,2,1,1,6,1,1,3,127000,1,3,2,0
2,3,1,1,1,4,2,2,2,1,1,2,1,1,1,46161,1,1,3,0
2,4,1,1,1,1,1,2,2,1,1,1,1,1,3,100000,1,3,2,0
2,3,2,1,1,4,7,3,4,1,1,1,1,1,1,57636,1,1,3,0
2,4,1,2,1,3,2,2,3,1,1,2,6,2,3,72000,1,3,2,0
2,4,1,2,1,1,1,2,4,2,1,3,3,1,3,0,1,3,2,0
2,4,1,1,12,1,3,2,3,1,1,6,1,2,3,100000,1,3,2,0
1,2,1,1,1,4,1,2,4,1,1,3,3,2,2,12588,2,2,2,0
2,4,1,1,1,1,7,2,2,1,1,3,1,1,3,996000,1,3,2,0
2,7,2,1,5,1,2,2,2,1,1,3,1,1,1,58746,1,1,1,0
2,4,1,2,7,1,7,2,2,1,1,3,1,1,3,125000,1,3,2,0
2,15,1,3,1,4,3,2,3,2,1,3,1,1,2,1000000,1,1,2,0
2,2,1,1,1,14,2,2,2,2,1,1,1,1,2,6576,2,2,2,0
2,16,1,3,6,1,2,1,3,1,1,8,1,1,1,24972,1,1,3,0
1,2,1,2,1,1,7,1,4,1,1,1,3,2,2,56352,2,2,2,0
1,7,1,2,1,1,3,2,2,1,1,3,1,2,1,88119,1,1,1,0
2,11,1,2,1,1,1,2,3,1,1,4,1,1,1,646212,1,1,1,0
1,2,1,1,1,3,2,1,3,1,1,1,3,2,2,3756,2,2,2,0
2,2,1,2,1,2,7,1,3,1,1,3,3,2,2,11271,2,2,2,0
2,7,1,2,1,13,7,2,3,1,1,3,1,1,1,36720,1,1,1,0
2,2,1,1,3,1,7,1,3,2,1,1,1,1,2,165312,2,2,2,0
2,2,2,2,1,1,1,2,1,1,1,3,1,2,2,18003,2,2,2,0
2,10,1,1,1,1,1,2,4,1,1,4,3,1,4,815724,1,1,1,0
1,4,1,3,1,5,1,1,3,1,1,1,1,2,3,125000,1,3,2,0
2,4,1,1,1,11,1,2,3,1,1,1,1,1,3,97000,1,3,2,0
2,4,1,1,1,1,3,2,4,1,1,6,1,2,3,185000,1,3,2,0
1,6,2,1,4,1,2,2,3,1,1,1,1,1,1,37152,2,2,2,0
1,4,1,1,1,4,7,1,3,2,1,3,1,2,3,102000,1,3,2,0
2,14,3,3,1,1,8,2,3,1,1,3,2,1,5,16848,3,2,2,0
2,2,2,1,8,1,2,1,3,1,4,8,2,1,2,9216,2,2,2,0
2,4,1,3,8,1,1,3,4,1,1,6,1,2,3,96000,1,3,2,0
2,2,1,2,1,15,3,2,3,1,1,1,3,1,2,19568,2,2,2,0
2,8,1,3,1,1,4,1,3,1,1,8,1,2,1,48955,1,1,1,0
2,4,1,1,6,1,7,2,2,1,1,1,1,1,3,70000,1,3,2,0
1,3,1,2,7,1,1,2,2,1,1,3,1,1,1,88332,1,1,3,0
2,15,1,1,1,4,3,3,3,1,1,1,4,1,2,118488,1,1,2,0
1,2,1,2,3,1,7,2,1,1,1,1,3,1,2,5949,2,2,2,0
2,4,1,2,1,2,3,1,4,2,1,2,1,1,3,180000,1,3,2,0
1,4,1,1,5,4,5,2,4,2,2,1,5,1,3,75000,1,3,2,0
1,13,1,2,1,1,7,1,4,1,1,6,1,1,1,40388,1,1,1,0
2,4,1,3,6,1,2,4,2,1,1,8,4,2,3,68000,1,3,2,1
2,10,1,2,12,1,3,3,1,1,1,3,1,1,4,71976,1,1,1,0
1,4,1,2,1,1,6,2,3,1,1,3,1,2,3,300000,1,3,2,0
2,1,1,3,1,1,4,3,4,1,1,8,1,1,1,69452,1,1,1,0
1,1,1,1,1,1,3,2,2,1,1,4,1,1,1,65285,1,1,1,0
2,2,1,2,1,1,7,1,3,1,1,3,3,1,2,7279,2,2,2,0
2,4,1,1,1,1,1,2,2,1,1,1,1,1,3,105000,1,3,2,0
2,4,1,1,1,1,2,2,3,1,1,2,2,2,3,1500,1,3,2,0
2,2,1,1,1,1,7,2,1,1,1,9,3,1,2,564,2,2,2,0
2,4,1,1,1,1,1,2,3,1,1,1,4,1,3,59800,1,3,2,0
2,7,2,4,1,6,4,1,3,2,1,5,1,2,1,75880,1,1,1,0
2,10,1,4,12,1,3,3,3,1,1,1,1,1,4,63979,1,1,1,0
2,2,2,2,1,1,7,2,2,2,1,2,6,2,2,13152,2,2,2,0
2,4,1,1,1,1,1,1,1,1,1,1,1,2,3,75000,1,3,2,0
2,4,1,1,1,1,7,3,1,1,1,3,1,1,3,112000,1,3,2,0
2,4,1,1,1,1,1,2,3,1,1,3,1,1,3,1260000,1,3,2,0
2,7,1,1,1,7,7,1,3,1,1,1,5,1,1,104030,1,1,1,0
2,4,2,1,1,1,1,1,3,1,1,2,1,1,3,65000,1,3,2,0
2,4,3,2,1,1,2,1,4,1,1,3,1,2,3,73000,1,3,2,0
1,4,1,1,1,4,2,1,4,2,1,3,1,1,3,75000,1,3,2,0
2,4,1,3,8,1,7,3,3,1,1,1,1,1,3,168000,1,3,2,0
2,4,1,2,5,3,7,1,1,1,3,3,1,1,3,68760,1,3,2,0
2,4,1,1,1,1,1,2,4,1,1,1,1,2,3,2000000,1,3,2,0
2,4,1,1,1,1,4,1,2,1,1,1,1,1,3,99000,1,3,2,0
1,5,1,3,5,3,2,2,4,1,2,3,1,1,1,19404,2,2,1,0
2,5,1,2,2,14,2,2,2,1,1,3,1,1,1,21168,2,2,1,0
2,7,1,2,3,1,3,2,3,1,1,3,1,1,1,68537,1,1,1,0
2,7,1,7,3,9,1,1,1,1,1,4,1,1,1,110149,1,1,1,0
2,14,1,1,1,1,7,3,4,1,3,7,2,1,5,16848,3,2,2,0
2,4,1,3,1,1,4,2,3,1,1,8,1,2,3,170000,1,3,2,0
2,4,1,1,1,4,4,2,2,1,1,2,1,2,3,118000,1,3,2,0
2,4,1,1,1,10,3,2,2,1,1,1,5,1,3,70000,1,3,2,0
1,11,2,2,1,4,1,2,2,1,1,4,1,1,1,378912,1,1,1,0
1,12,1,1,1,1,7,2,3,2,1,8,1,1,3,50728,1,1,1,0
1,2,1,1,6,6,5,2,3,1,1,8,3,1,2,37571,2,2,2,0
2,4,1,9,1,1,7,3,1,1,1,6,1,1,3,103000,1,3,2,0
2,14,3,3,1,2,2,2,3,1,1,2,1,1,5,20592,3,2,2,0
2,1,1,2,4,4,3,2,2,1,4,2,1,2,1,83342,1,1,1,0
2,18,1,2,3,7,2,1,4,1,1,1,1,1,1,120000,1,1,3,0
2,7,1,1,1,4,3,3,3,1,1,2,1,1,1,41124,1,1,1,0
2,9,1,1,1,1,7,2,3,1,1,1,4,1,2,50544,2,2,2,0
2,2,1,1,1,1,2,2,1,1,1,2,3,2,2,6012,2,2,2,0
2,4,1,1,1,1,1,1,2,1,1,3,1,2,3,100000,1,3,2,0
2,2,1,2,1,9,1,2,3,1,1,1,1,1,2,6576,2,2,2,0
2,13,1,2,1,2,7,2,3,1,1,3,1,1,1,22032,1,1,1,0
2,4,1,1,3,1,2,2,4,1,1,4,2,1,3,104000,1,3,2,0
2,11,1,2,7,3,7,1,4,1,1,1,1,1,1,48955,1,1,1,0
1,6,2,6,1,14,1,2,3,1,1,4,1,1,1,31848,2,2,2,0
2,19,1,2,8,2,7,1,4,1,1,7,1,1,1,41484,1,1,3,0
2,12,1,2,1,1,3,2,1,1,1,3,1,1,3,104678,1,1,1,0
2,2,1,1,1,1,2,2,1,1,1,1,1,1,2,262992,2,2,2,0
2,7,1,1,1,1,4,2,3,1,3,2,1,1,1,90567,1,1,1,0
2,13,1,6,1,2,1,2,2,1,1,7,1,1,1,48955,1,1,1,0
2,4,1,9,1,2,4,2,2,1,1,9,1,2,3,110000,1,3,2,0
2,1,1,2,7,1,2,1,3,1,1,1,1,1,1,35421,1,1,1,0
2,4,1,1,2,3,7,1,2,2,2,2,1,1,3,155000,1,3,2,0
2,2,1,1,1,3,2,3,3,1,1,1,1,1,2,23482,2,2,2,0
1,2,1,1,3,1,1,1,2,1,1,1,3,2,2,12768,2,2,2,0
2,6,1,1,1,1,1,2,4,1,1,3,1,1,1,40332,2,2,2,0
2,4,2,1,1,1,3,2,1,1,1,3,1,1,3,30000,1,3,2,0
1,4,1,1,8,1,2,2,2,1,1,2,6,1,3,155000,1,3,2,0
1,4,1,1,1,6,3,1,3,1,1,3,3,2,3,175000,1,3,2,0
2,11,1,2,1,1,7,2,2,1,1,3,1,1,1,33045,1,1,1,0
2,14,1,1,8,1,7,2,4,1,2,6,1,1,5,11232,3,2,2,0
2,20,1,1,1,1,1,2,2,1,1,8,1,2,1,44064,3,2,2,0
1,6,1,1,1,1,1,1,2,1,1,1,1,1,1,15924,2,2,2,0
2,8,1,5,1,1,3,1,2,1,1,6,1,1,1,29376,1,1,1,0
2,10,1,2,1,1,4,3,2,1,1,3,1,1,4,63979,1,1,1,0
2,2,2,2,7,14,5,3,1,1,1,3,1,1,2,9925,2,2,2,0
2,14,1,1,8,4,1,3,1,1,1,1,2,1,5,72000,3,2,2,0
2,1,1,7,1,10,3,2,4,1,1,4,1,1,1,69452,1,1,1,0
2,4,1,2,1,1,7,1,4,2,1,3,3,1,3,126000,1,3,2,0
1,12,1,2,4,3,5,2,2,2,1,1,1,1,3,40261,1,1,1,0
2,4,1,1,1,8,5,3,1,1,1,2,4,1,3,2400,1,3,2,0
2,14,1,2,1,1,7,2,4,1,1,2,1,1,5,26825,3,2,2,0
2,4,1,1,1,1,4,3,1,1,1,1,2,2,3,97500,1,3,2,0
2,1,2,1,4,3,2,2,3,2,1,3,1,1,1,44449,1,1,1,0
2,10,1,1,1,1,3,2,3,1,1,8,1,1,4,73576,1,1,1,0
2,11,1,1,1,1,1,3,3,2,1,8,1,1,1,21119,1,1,1,0
2,18,2,1,1,1,1,3,2,1,1,3,1,1,1,1000000,1,1,3,0
2,2,2,1,1,2,5,1,1,1,1,3,1,2,2,3756,2,2,2,0
2,1,1,1,8,4,7,2,1,1,1,1,3,1,1,37504,1,1,1,0
2,4,1,1,3,4,7,2,2,1,1,3,1,1,3,85000,1,3,2,0
2,4,1,2,1,4,11,2,1,1,1,1,1,2,3,83000,1,3,2,0
1,4,1,1,1,1,7,2,3,1,1,8,1,1,3,105000,1,3,2,0
2,6,1,3,3,1,1,3,3,1,1,3,1,1,1,36084,2,2,2,0
1,4,1,1,1,6,3,1,3,1,1,2,1,2,3,115000,1,3,2,0
2,4,1,2,1,1,7,2,4,1,1,1,3,1,3,110000,1,3,2,0
2,1,1,1,1,1,4,2,2,1,1,1,1,1,1,83342,1,1,1,0
1,4,1,1,5,1,3,2,1,1,1,8,1,1,3,114000,1,3,2,0
1,12,1,1,5,14,7,2,4,1,2,4,1,1,3,68443,1,1,1,0
2,4,1,1,1,1,2,3,3,1,1,2,1,1,3,70000,1,3,2,0
2,4,1,1,2,1,2,1,2,1,1,1,1,1,3,76500,1,3,2,0
1,2,1,1,8,1,2,2,3,1,1,1,1,1,2,146520,2,2,2,0
2,4,1,1,1,1,7,2,4,1,1,1,1,1,3,2000000,1,3,2,0
2,10,1,1,1,4,3,2,3,1,1,4,1,1,4,82373,1,1,1,0
2,4,1,3,1,3,7,2,3,1,1,3,6,1,3,75000,1,3,2,0
2,1,1,7,7,1,4,2,3,1,1,1,1,1,1,62507,1,1,1,0
1,17,1,2,1,1,3,2,3,1,1,1,1,1,1,44064,1,1,3,0
2,7,1,1,1,1,7,2,3,1,4,3,6,1,1,56298,1,1,1,0
2,4,1,2,1,9,7,2,2,1,1,3,1,1,3,85900,1,3,2,0
1,6,1,2,1,1,1,2,3,2,1,8,5,1,1,20172,2,2,2,0
2,4,1,3,1,13,2,2,4,1,1,3,1,2,3,47000,1,3,2,0
2,4,1,1,1,1,6,2,3,1,1,1,1,1,3,140000,1,3,2,0
2,12,1,1,1,1,1,2,4,1,1,2,3,1,3,74080,1,1,1,0
2,4,1,4,9,3,1,2,4,1,1,6,1,1,3,100000,1,3,2,0
2,12,1,1,3,1,7,2,3,1,1,1,1,1,3,58781,1,1,1,0
2,4,1,2,1,1,1,3,2,1,1,6,2,2,3,150000,1,3,2,0
2,4,1,1,1,1,7,2,3,1,1,1,1,1,3,96000,1,3,2,0
2,20,1,8,1,1,1,2,2,1,1,6,1,2,1,36000,3,2,2,0
1,3,3,2,7,9,7,1,2,1,1,1,1,1,1,47409,1,1,3,0
2,4,1,3,10,1,7,2,3,1,1,6,7,1,3,75000,1,3,2,0
2,4,1,1,1,1,3,1,3,1,1,1,1,2,3,118000,1,3,2,0
1,14,1,2,1,1,4,1,1,1,1,3,2,1,5,52404,3,2,2,0
2,3,1,3,1,1,7,1,3,1,1,1,1,1,1,42672,1,1,3,0
2,7,2,1,1,2,1,1,2,1,1,2,1,1,1,9696,1,1,1,0
2,13,1,1,1,1,7,2,3,1,1,7,2,2,1,881196,1,1,1,0
2,4,3,1,4,1,11,2,4,1,3,1,5,1,3,88000,1,3,2,0
1,1,1,3,6,13,1,1,3,1,1,1,1,2,1,852876,1,1,1,0
2,17,1,1,1,1,1,2,3,1,1,3,1,2,1,51408,1,1,3,0
2,6,2,2,1,1,2,3,3,1,1,3,1,1,1,25476,2,2,2,0
1,4,1,1,4,1,2,1,4,1,1,3,1,1,3,85000,1,3,2,0
1,4,3,1,1,1,2,3,3,2,1,1,3,1,3,90000,1,3,2,0
2,16,1,1,1,1,7,1,4,1,1,2,1,1,1,42588,1,1,3,0
2,11,1,1,1,1,7,2,2,1,1,1,1,2,1,33780,1,1,1,0
2,11,1,5,1,4,11,2,3,2,1,7,1,2,1,42836,1,1,1,0
2,4,1,1,1,1,11,2,4,1,1,1,1,2,3,105000,1,3,2,0
2,1,1,1,1,6,4,1,4,1,1,5,1,2,1,55562,1,1,1,0
2,1,1,1,12,3,7,2,3,2,1,8,1,1,1,62507,1,1,1,0
2,4,1,1,4,1,1,3,3,1,1,3,2,1,3,95000,1,3,2,0
1,2,1,1,1,1,2,2,3,1,1,1,6,2,2,6576,2,2,2,0
2,16,1,1,5,1,1,2,4,1,1,1,1,1,1,73433,1,1,3,0
2,7,1,1,1,1,8,2,3,1,1,3,1,1,1,68537,1,1,1,0
2,7,1,1,1,1,4,2,2,1,1,3,1,2,1,1000000,1,1,1,0
1,2,1,2,1,1,7,1,1,1,1,1,3,2,2,7980,2,2,2,0
2,1,1,1,1,3,2,2,1,1,1,2,1,1,1,48616,1,1,1,0
2,1,1,1,8,1,3,2,2,1,1,8,1,2,1,41152,1,1,1,0
1,10,1,1,1,1,3,2,2,1,1,8,1,1,4,101566,1,1,1,0
2,7,1,1,1,1,7,3,3,1,1,2,1,1,1,55075,1,1,1,0
2,1,1,1,1,1,3,3,3,1,3,2,1,1,1,41671,1,1,1,0
2,4,1,2,1,1,11,1,3,1,1,3,1,2,3,110000,1,3,2,0
2,2,1,1,8,9,2,2,2,1,1,1,3,1,2,5604,2,2,2,0
2,2,1,1,8,1,3,1,3,1,1,7,3,2,2,37571,2,2,2,0
2,19,1,7,3,5,4,3,2,1,1,4,1,1,1,171343,1,1,3,0
2,2,1,1,1,1,2,1,1,1,1,7,1,1,2,6575,2,2,2,0
1,8,2,1,1,10,3,1,4,1,1,2,1,1,1,734328,1,1,1,0
2,4,1,2,3,1,7,1,4,1,2,8,5,1,3,105000,1,3,2,0
1,2,1,2,1,4,1,2,4,1,1,8,3,2,2,51660,2,2,2,0
2,2,1,2,1,1,2,2,3,1,1,2,3,1,2,10332,2,2,2,0
1,14,1,6,8,1,7,2,4,1,1,7,2,1,5,17220,3,2,2,0
1,18,1,2,1,3,1,2,2,1,1,3,1,1,1,156404,1,1,3,0
2,4,1,4,1,13,7,2,3,1,1,6,5,1,3,35000,1,3,2,0
2,4,1,1,1,9,2,2,4,1,3,2,2,1,3,68000,1,3,2,0
2,10,1,1,1,4,11,1,4,1,1,2,1,1,4,67977,1,1,1,0
2,1,1,1,1,1,3,1,3,1,1,2,1,1,1,86120,1,1,1,0
2,12,1,1,8,1,1,1,3,1,1,1,1,1,3,60391,1,1,1,0
2,4,1,6,6,1,11,1,1,1,2,3,1,1,3,81000,1,3,2,0
2,5,1,1,1,1,1,2,4,1,1,3,1,1,1,38820,2,2,1,0
1,2,1,1,12,6,2,2,3,1,1,8,1,1,2,5676,2,2,2,0
2,6,1,3,1,8,2,2,2,1,1,5,1,1,1,13800,2,2,2,0
2,4,1,1,2,1,2,2,3,1,1,4,1,1,3,75000,1,3,2,0
2,4,1,1,1,1,3,1,4,1,1,2,1,2,3,85000,1,3,2,0
2,4,1,1,5,14,2,1,4,1,1,1,1,1,3,52000,1,3,2,0
2,12,1,2,1,3,1,1,3,2,1,7,3,2,3,41251,1,1,1,0
2,1,1,1,1,1,7,2,2,1,1,1,1,1,1,79175,1,1,1,0
2,4,1,2,5,9,7,1,1,1,1,3,1,1,3,100000,1,3,2,0
2,18,1,2,1,1,3,1,2,1,1,4,1,2,1,109483,1,1,3,0
2,12,1,1,1,1,2,2,3,1,1,8,1,1,3,28182,1,1,1,0
2,2,1,1,1,1,2,1,2,1,1,9,3,1,2,7827,2,2,2,0
2,4,1,2,1,1,7,2,2,1,1,4,1,1,3,2000000,1,3,2,0
2,4,1,1,1,3,7,1,3,1,1,1,1,1,3,70000,1,3,2,0
2,2,2,1,1,15,7,2,2,1,1,1,1,1,2,8453,2,2,2,0
2,1,1,2,1,1,4,2,3,1,3,3,1,1,1,93899,1,1,1,0
2,7,1,1,1,3,1,2,1,1,1,1,2,1,1,74657,1,1,1,0
1,4,1,1,1,2,1,1,2,1,1,3,1,1,3,80300,1,3,2,0
2,16,2,5,9,3,2,1,3,1,1,2,1,1,1,6119,1,1,3,0
2,19,1,2,1,1,4,2,2,2,4,1,1,1,1,61194,1,1,3,0
2,4,1,3,11,6,5,2,3,1,1,3,1,2,3,60000,1,3,2,0
2,2,1,1,1,1,2,1,2,1,1,1,3,1,2,9393,2,2,2,0
2,2,1,1,1,2,7,2,3,1,1,1,3,2,2,150288,2,2,2,0
2,4,1,1,7,1,2,2,2,1,1,4,1,1,3,75000,1,3,2,0
2,2,1,1,1,1,2,2,1,1,1,1,3,1,2,13306,2,2,2,0
2,1,1,2,1,1,4,3,3,1,1,3,1,1,1,62507,1,1,1,0
2,12,1,2,1,9,7,1,4,1,1,8,7,1,3,59827,1,1,1,0
2,1,1,1,8,1,2,1,4,1,1,8,1,1,1,1000000,1,1,1,0
2,3,1,2,1,9,4,3,2,1,1,3,1,1,1,68868,1,1,3,0
2,11,1,1,1,1,7,2,3,1,1,2,3,2,1,43692,1,1,1,0
2,4,1,7,5,8,7,1,2,1,2,3,1,1,3,191000,1,3,2,0
1,4,2,1,1,1,2,2,3,2,1,3,1,2,3,14000,1,3,2,0
2,4,1,2,1,1,7,1,2,1,1,3,6,2,3,120000,1,3,2,0
2,14,1,1,1,1,1,1,3,1,1,3,1,1,5,16848,3,2,2,0
2,4,1,2,5,3,7,1,3,1,1,1,1,1,3,45000,1,3,2,0
1,4,1,2,7,14,5,1,2,1,1,3,1,1,3,55000,1,3,2,0
2,9,1,1,1,17,7,2,3,1,1,3,4,1,2,31789,2,2,2,0
2,5,1,2,8,1,2,2,2,1,1,3,1,2,1,45168,2,2,1,0
2,4,1,1,8,1,1,2,2,1,1,3,1,1,3,123000,1,3,2,0
1,4,1,2,1,1,2,2,3,2,1,3,1,1,3,35000,1,3,2,0
2,17,1,2,8,10,3,2,2,1,1,2,1,1,1,58752,1,1,3,0
2,7,2,5,12,1,7,3,2,1,1,1,1,1,1,38184,1,1,1,0
2,4,1,4,1,1,2,2,3,1,1,3,1,1,3,45000,1,3,2,0
2,2,1,1,1,1,2,3,1,1,1,2,6,1,2,15654,2,2,2,0
2,2,1,2,1,9,3,1,1,1,1,3,3,2,2,18022,2,2,2,0
2,16,1,2,1,1,7,2,4,1,1,2,4,1,1,69761,1,1,3,0
2,1,1,2,5,8,11,3,3,1,1,2,1,1,1,277808,1,1,1,0
2,8,1,3,1,9,7,2,3,1,1,7,1,1,1,29373,1,1,1,0
2,10,1,1,1,1,1,2,3,1,1,3,1,1,4,112762,1,1,1,0
2,4,1,1,8,1,2,1,2,2,1,9,6,1,3,81000,1,3,2,0
2,9,3,1,1,9,2,2,2,1,4,3,4,1,2,16200,2,2,2,0
2,4,1,1,7,1,7,1,4,1,1,3,3,1,3,165000,1,3,2,0
2,6,1,6,2,1,4,3,3,1,1,5,1,1,1,8496,2,2,2,0
2,4,1,1,1,14,7,1,4,1,1,6,1,2,3,64500,1,3,2,0
2,4,1,1,1,4,2,2,4,1,1,3,1,1,3,61000,1,3,2,0
2,11,1,7,7,1,11,1,4,1,1,1,1,1,1,73433,1,1,1,0
2,2,1,1,1,2,2,2,1,1,1,1,3,1,2,8076,2,2,2,0
2,7,3,2,7,14,2,1,3,1,1,2,2,2,1,46992,1,1,1,0
2,19,1,3,1,3,1,2,3,1,1,2,1,2,1,54830,1,1,3,0
2,1,1,1,1,1,1,3,3,1,1,2,1,1,1,62507,1,1,1,0
1,7,1,2,1,1,3,1,4,1,1,3,1,1,1,73433,1,1,1,0
2,7,1,2,12,3,1,1,2,1,1,2,1,2,1,51408,1,1,1,0
2,1,1,3,1,1,4,3,3,1,1,2,1,2,1,93760,1,1,1,0
2,7,1,2,1,4,1,2,3,1,1,3,1,1,1,84448,1,1,1,0
2,10,1,1,1,1,3,2,1,1,1,1,1,1,4,87971,1,1,1,0
2,5,1,2,3,8,1,1,2,1,1,3,1,2,1,49404,2,2,1,0
2,5,1,2,4,13,7,2,2,1,1,2,1,2,1,24696,2,2,1,0
2,7,1,1,3,4,2,1,2,1,1,8,1,2,1,778392,1,1,1,0
2,12,1,2,1,2,7,2,4,2,3,2,1,1,3,62807,1,1,1,0
2,12,1,1,1,1,4,1,2,1,1,6,1,2,3,62807,1,1,1,0
1,15,1,1,1,1,1,1,1,1,1,1,1,2,2,87768,1,1,2,0
2,4,3,1,4,11,5,2,1,1,1,1,1,1,3,58000,1,3,2,0
2,4,1,1,4,15,2,3,3,1,1,1,1,1,3,80000,1,3,2,0
2,12,1,1,6,1,3,1,4,1,1,6,1,1,3,104678,1,1,1,0
2,4,1,2,1,4,4,2,4,1,1,3,1,2,3,142000,1,3,2,0
2,4,1,1,4,1,7,2,2,1,1,3,1,1,3,90000,1,3,2,0
2,4,1,7,2,8,2,2,3,1,1,1,1,1,3,105000,1,3,2,0
2,14,1,1,3,1,1,2,1,1,1,1,1,1,5,26196,3,2,2,0
2,4,1,1,1,3,7,2,2,2,1,8,1,1,3,85000,1,3,2,0
2,12,1,2,5,1,4,1,1,1,1,3,1,1,3,92600,1,1,1,0
2,7,3,7,1,1,4,2,4,1,1,4,1,1,1,53851,1,1,1,0
1,4,1,1,1,1,1,2,2,1,2,8,1,1,3,100000,1,3,2,0
2,14,1,4,1,1,3,2,3,1,1,2,1,2,5,18720,3,2,2,0
2,1,1,3,8,1,7,3,3,1,1,2,1,1,1,61118,1,1,1,0
2,9,1,1,1,1,1,3,2,1,1,1,4,1,2,8580,2,2,2,0
2,7,1,1,1,3,4,4,2,1,1,3,1,2,1,62418,1,1,1,1
2,2,1,2,1,1,2,1,3,1,1,9,1,1,2,9012,2,2,2,0
2,4,1,1,1,3,1,1,4,1,1,4,1,1,3,90000,1,3,2,0
2,4,1,1,1,1,3,2,1,1,1,3,1,2,3,109000,1,3,2,0
2,13,3,1,8,1,1,2,4,1,1,5,1,1,1,22030,1,1,1,0
2,4,1,1,1,1,4,2,3,1,1,1,4,2,3,168000,1,3,2,0
2,7,3,2,1,1,11,2,2,1,3,6,1,1,1,105253,1,1,1,0
1,14,3,6,8,1,2,1,2,1,1,1,1,1,5,25452,3,2,2,0
2,17,1,1,1,1,4,2,3,1,1,1,1,1,1,38184,1,1,3,0
1,2,1,1,1,1,7,1,3,2,4,3,3,1,2,13306,2,2,2,0
2,6,1,1,7,1,1,2,3,1,1,1,1,1,1,21600,2,2,2,0
2,7,1,2,1,1,4,2,4,1,1,3,1,1,1,55075,1,1,1,0
2,1,1,6,1,1,1,2,4,1,1,2,2,1,1,58340,1,1,1,0
2,15,1,1,1,2,7,2,3,1,1,3,1,2,2,70212,1,1,2,0
1,2,1,1,8,1,7,3,2,1,1,3,3,1,2,23482,2,2,2,0
1,14,1,1,1,1,11,3,2,1,1,1,1,1,5,62367,3,2,2,0
2,9,2,6,1,14,7,1,3,1,1,5,2,2,2,19068,2,2,2,0
2,13,1,2,3,7,2,3,3,1,1,3,1,1,1,374508,1,1,1,0
2,7,1,1,1,4,7,1,2,1,1,5,2,1,1,110149,1,1,1,0
1,6,1,2,1,3,1,2,4,2,1,3,1,1,1,23352,2,2,2,0
2,16,1,1,1,2,4,1,3,1,1,3,3,2,1,79552,1,1,3,0
2,4,1,1,12,6,3,1,1,1,1,3,1,1,3,89632,1,3,2,0
2,4,1,1,9,1,7,1,2,1,1,3,1,1,3,130000,1,3,2,0
2,4,1,2,1,3,4,2,3,1,1,9,3,2,3,90000,1,3,2,0
2,2,1,1,1,1,2,2,1,1,1,1,3,1,2,21916,2,2,2,0
2,1,2,2,7,8,2,2,2,2,1,2,1,1,1,25008,1,1,1,0
2,4,1,4,1,14,7,3,4,1,1,8,1,2,3,91000,1,3,2,0
2,2,1,1,1,1,2,2,1,1,1,3,3,1,2,18785,2,2,2,0
2,2,1,1,3,1,7,3,2,1,1,2,6,1,2,4884,2,2,2,0
2,7,1,2,1,1,11,2,4,1,1,3,1,1,1,910560,1,1,1,0
2,2,1,1,3,1,7,1,3,1,1,1,3,2,2,18780,2,2,2,0
2,19,1,2,1,4,11,2,2,1,1,2,1,1,1,58752,1,1,3,0
1,1,1,1,7,1,1,1,2,1,1,2,1,2,1,64590,1,1,1,0
2,1,1,1,1,1,11,3,3,1,1,3,1,1,1,48616,1,1,1,0
2,1,2,2,1,2,7,2,4,1,1,1,6,1,1,83342,1,1,1,0
2,2,1,1,1,4,2,3,3,1,1,1,3,1,2,6810,2,2,2,0
2,2,1,3,6,1,2,2,4,1,1,7,1,1,2,5640,2,2,2,0
2,11,3,2,5,14,7,2,2,1,1,2,1,1,1,631524,1,1,1,0
2,7,1,2,1,1,7,1,2,1,1,8,1,1,1,57276,1,1,1,0
2,4,1,1,8,1,7,2,2,1,1,1,1,1,3,87000,1,3,2,0
2,7,1,2,2,14,5,2,3,1,1,2,1,1,1,63030,1,1,1,0
2,3,3,2,3,7,11,2,3,1,1,6,1,2,1,69866,1,1,3,0
2,5,3,3,1,1,1,2,3,1,1,3,1,1,1,20112,2,2,1,0
2,4,1,1,1,1,3,1,3,1,1,1,1,1,3,94000,1,3,2,0
1,2,1,1,1,1,7,2,4,1,1,1,1,1,2,5479,2,2,2,0
2,8,1,1,1,1,1,2,3,1,1,7,1,1,1,34269,1,1,1,0
1,1,1,3,1,1,7,2,3,1,1,2,1,2,1,47227,1,1,1,0
2,2,1,2,1,1,1,2,4,1,1,1,3,2,2,26868,2,2,2,0
2,11,1,1,1,9,7,3,3,1,1,3,1,1,1,48955,1,1,1,0
2,18,1,2,1,1,11,2,4,1,1,2,1,2,1,125123,1,1,3,0
1,2,1,1,1,1,2,1,2,1,1,2,3,2,2,187848,2,2,2,0
1,13,1,7,5,1,5,2,3,1,1,7,2,1,1,28149,1,1,1,0
2,4,1,3,3,1,11,1,4,1,1,3,1,1,3,60000,1,3,2,0
2,3,3,2,5,8,7,2,4,1,1,2,1,1,1,56142,1,1,3,0
2,1,2,7,4,7,7,1,3,1,2,3,1,1,1,76397,1,1,1,0
2,17,1,1,1,3,1,2,1,1,1,1,1,1,1,28644,1,1,3,0
2,4,1,3,1,15,7,1,1,1,1,3,1,1,3,105000,1,3,2,0
2,19,1,2,12,1,3,2,4,1,1,1,1,1,1,61683,1,1,3,0
2,1,1,1,8,1,1,2,3,1,1,1,1,1,1,40282,1,1,1,0
2,4,1,4,1,1,1,1,3,1,1,2,1,2,3,90000,1,3,2,0
2,7,1,1,1,3,1,3,1,1,1,1,1,1,1,46507,1,1,1,0
2,11,1,3,11,1,2,2,2,2,1,5,1,1,1,29376,1,1,1,0
1,4,1,7,3,7,4,1,3,1,1,1,1,2,3,100000,1,3,2,0
2,12,1,3,1,1,7,2,2,1,1,9,1,1,3,73274,1,1,1,0
2,4,1,1,8,1,11,2,2,1,1,6,1,1,3,112000,1,3,2,0
2,4,3,1,5,4,7,3,3,1,1,8,1,1,3,72000,1,3,2,0
2,12,1,1,4,4,7,2,2,1,1,8,1,1,3,69248,1,1,1,0
2,2,1,1,1,1,2,2,3,1,1,1,1,2,2,6262,2,2,2,0
2,4,1,1,7,4,2,3,4,1,1,4,1,1,3,90000,1,3,2,0
2,12,1,1,8,1,3,2,1,1,1,2,1,1,3,68443,1,1,1,0
2,12,1,2,1,1,7,2,3,1,1,2,1,1,3,60391,1,1,1,0
2,6,1,2,1,1,11,2,2,1,1,6,1,2,1,12732,2,2,2,0
2,11,3,1,8,1,2,1,3,1,1,2,1,1,1,17628,1,1,1,0
2,4,1,1,1,1,1,1,2,1,1,3,1,1,3,40000,1,3,2,0
2,4,1,1,6,1,1,2,2,1,1,5,1,2,3,120000,1,3,2,0
2,4,1,2,1,3,3,2,2,1,1,6,1,1,3,155000,1,3,2,0
2,7,1,2,1,1,1,2,4,1,1,3,1,1,1,66701,1,1,1,0
2,1,1,2,3,1,3,1,4,1,1,7,1,1,1,97233,1,1,1,0
2,4,1,1,1,1,11,2,3,1,1,3,1,2,3,130000,1,3,2,0
2,4,1,1,2,11,2,2,3,1,1,3,1,2,3,50000,1,3,2,0
1,10,1,1,1,4,4,1,3,1,1,1,1,2,4,79174,1,1,1,0
2,18,1,8,1,1,1,2,2,1,1,1,1,1,1,875868,1,1,3,0
2,4,1,1,7,1,2,2,3,1,1,2,1,2,3,66700,1,3,2,0
2,4,1,2,4,1,5,1,4,2,1,3,6,1,3,160000,1,3,2,0
2,4,1,3,1,9,1,2,4,1,1,1,1,1,3,82000,1,3,2,0
1,4,1,2,1,9,10,1,3,1,1,6,1,1,3,140000,1,3,2,0
2,13,1,2,1,1,1,1,3,1,1,2,1,2,1,44672,1,1,1,0
2,4,1,1,4,1,1,2,1,1,1,8,1,2,3,154500,1,3,2,0
2,4,1,2,1,1,1,1,3,1,1,8,1,2,3,230000,1,3,2,0
2,8,1,1,7,1,2,1,2,1,1,7,3,1,1,30597,1,1,1,0
2,8,1,1,1,1,4,1,1,1,1,3,1,1,1,48955,1,1,1,0
2,4,1,2,3,10,5,1,2,1,2,3,4,1,3,95,1,3,2,0
2,4,1,4,2,4,3,1,1,1,1,2,1,1,3,117000,1,3,2,0
2,1,1,1,1,1,3,2,4,1,1,2,1,1,1,933432,1,1,1,0
2,4,2,3,1,1,2,2,3,1,1,6,1,2,3,1296000,1,3,2,0
2,4,1,1,1,1,7,2,2,1,1,6,1,2,3,75000,1,3,2,0
2,4,1,1,3,1,8,2,4,1,1,8,3,1,3,135000,1,3,2,0
2,4,1,7,7,14,7,2,4,1,1,1,1,1,3,60000,1,3,2,0
2,2,1,1,1,3,7,2,2,1,1,1,3,2,2,6575,2,2,2,0
2,4,1,3,5,1,8,2,1,2,2,2,1,1,3,100000,1,3,2,0
2,13,1,2,3,1,7,1,3,1,1,2,1,1,1,29067,1,1,1,0
2,12,1,5,1,1,3,2,3,1,1,5,1,2,3,44287,1,1,1,0
2,12,1,2,2,11,7,2,1,1,1,3,1,1,3,44287,1,1,1,0
2,12,1,1,1,9,1,1,2,1,1,1,1,1,3,48313,1,1,1,0
2,6,1,1,3,4,2,2,2,1,1,1,1,1,1,13800,2,2,2,0
2,10,1,1,1,1,4,2,3,1,1,2,1,1,4,127957,1,1,1,0
2,4,1,1,1,4,5,1,3,1,1,6,6,1,3,43000,1,3,2,0
2,2,1,1,3,2,7,1,4,1,1,1,3,2,2,31932,2,2,2,0
2,10,3,1,1,1,1,1,2,2,2,3,1,1,4,51183,1,1,1,0
1,12,1,1,3,2,1,1,4,1,1,1,1,1,3,88573,1,1,1,0
2,11,1,2,1,4,7,2,3,1,1,3,1,1,1,44064,1,1,1,0
2,1,1,7,7,1,4,2,3,1,1,1,1,1,1,80217,1,1,1,0
1,4,1,1,1,1,7,1,3,1,1,3,1,1,3,92600,1,3,2,0
2,4,1,1,8,1,3,3,3,2,2,2,1,2,3,149000,1,3,2,0
2,4,1,1,1,15,2,1,4,1,1,6,5,2,3,75500,1,3,2,0
2,5,1,1,1,1,1,2,3,1,1,4,1,1,1,47640,2,2,1,0
2,4,1,4,3,3,5,1,2,1,1,1,1,2,3,63000,1,3,2,0
2,4,1,1,5,8,1,2,4,1,1,1,1,1,3,90000,1,3,2,0
2,5,1,4,9,3,1,1,3,1,1,2,1,2,1,38820,2,2,1,0
2,10,1,1,1,3,3,1,4,1,1,1,1,2,4,170000,1,1,1,0
1,1,1,7,1,1,4,2,2,1,1,2,1,2,1,69452,1,1,1,0
2,1,1,1,3,2,7,2,4,1,1,2,1,1,1,65285,1,1,1,0
1,1,1,1,1,1,1,1,4,1,1,3,1,2,1,62507,1,1,1,0
1,4,1,2,8,1,7,2,2,1,1,1,1,1,3,120000,1,3,2,0
2,4,3,4,1,4,7,2,4,1,1,1,1,1,3,77000,1,3,2,0
2,15,1,1,1,1,7,2,2,1,1,3,4,1,2,80748,1,1,2,0
2,1,1,1,5,1,1,1,1,1,1,1,1,2,1,55562,1,1,1,0
2,18,3,1,1,1,1,2,4,1,1,2,1,1,1,109483,1,1,3,0
1,4,1,7,3,1,3,2,1,1,1,5,1,1,3,110000,1,3,2,0
2,13,1,2,1,1,4,2,2,1,1,2,1,2,1,50179,1,1,1,0
1,4,1,1,1,1,1,1,2,2,1,1,1,1,3,105000,1,3,2,0
2,2,2,2,1,1,1,2,2,1,1,2,3,1,2,22548,2,2,2,0
2,7,1,2,1,15,1,2,2,1,1,4,1,1,1,68537,1,1,1,0
2,4,1,2,1,1,3,4,2,1,1,1,1,1,3,250000,1,3,2,1
2,15,1,1,12,3,2,2,2,1,4,3,3,1,2,66708,1,1,2,0
2,15,1,1,6,14,2,2,3,1,1,2,4,2,2,64944,1,1,2,0
2,4,1,1,1,1,4,3,2,1,1,1,6,1,3,1032000,1,3,2,0
2,7,1,1,1,3,2,1,1,2,1,2,1,1,1,58746,1,1,1,0
2,14,2,4,1,1,7,2,2,1,1,6,2,1,5,13476,3,2,2,0
2,2,1,1,3,1,7,2,3,1,1,3,3,1,2,10332,2,2,2,0
2,11,1,2,8,14,1,1,2,1,1,1,1,1,1,66089,1,1,1,0
2,2,1,1,3,15,2,2,1,1,1,1,1,2,2,9204,2,2,2,0
2,4,1,1,2,1,4,1,4,1,1,3,1,1,3,80000,1,3,2,0
1,4,1,1,2,4,2,2,3,1,1,8,1,1,3,105000,1,3,2,0
2,12,1,1,1,3,7,1,4,1,1,1,7,1,3,52339,1,1,1,0
1,3,1,1,1,1,1,2,4,1,1,1,4,1,1,52404,1,1,3,0
2,16,1,1,1,1,1,1,2,1,1,1,1,1,1,44280,1,1,3,0
1,17,1,1,1,1,1,3,3,1,1,2,1,1,1,51408,1,1,3,0
2,2,1,1,8,1,1,1,2,1,1,2,3,1,2,28176,2,2,2,0
1,10,1,2,1,4,3,2,2,2,3,3,1,1,4,95964,1,1,1,0
2,4,1,1,7,1,2,1,3,1,1,3,3,1,3,72000,1,3,2,0
2,4,1,3,6,1,8,1,3,1,1,3,1,1,3,100000,1,3,2,0
1,1,1,3,1,13,7,2,2,1,1,8,1,1,1,59729,1,1,1,0
2,5,1,1,3,1,5,1,2,1,1,3,1,1,1,17028,2,2,1,0
1,2,1,1,1,2,5,2,4,1,1,9,3,2,2,3756,2,2,2,0
2,4,1,2,3,1,7,2,4,1,1,8,6,1,3,1056000,1,3,2,0
2,16,1,1,1,1,8,1,3,1,1,4,1,1,1,80776,1,1,3,0
2,4,1,1,2,1,7,2,1,1,1,5,1,1,3,80000,1,3,2,0
2,1,1,1,7,4,1,2,3,1,1,3,1,1,1,90982,1,1,1,0
2,2,1,1,1,1,7,2,3,1,1,7,3,1,2,4128,2,2,2,0
2,4,1,3,1,1,2,2,1,2,2,5,1,1,3,115000,1,3,2,0
2,1,1,4,3,1,7,3,3,1,1,8,1,1,1,22225,1,1,1,0
2,7,1,1,1,1,3,2,2,1,1,2,1,1,1,67313,1,1,1,0
2,4,1,2,2,1,3,1,1,2,2,5,1,1,3,53000,1,3,2,0
2,4,1,1,3,1,5,2,2,1,1,2,1,1,3,165000,1,3,2,0
2,13,1,2,1,2,3,2,1,1,1,4,1,1,1,75880,1,1,1,0
2,10,1,1,3,7,1,2,2,1,1,2,1,1,4,51983,1,1,1,0
2,4,1,1,1,4,7,3,4,1,1,1,1,1,3,103000,1,3,2,0
1,20,1,3,8,8,3,1,3,1,1,1,1,2,1,48955,3,2,2,0
2,1,1,3,1,1,3,3,2,1,1,7,1,1,1,47227,1,1,1,0
2,4,1,1,1,1,4,1,4,1,1,3,1,1,3,275000,1,3,2,0
2,12,1,3,1,1,2,1,2,1,1,1,1,1,3,56365,1,1,1,0
2,7,2,2,1,1,3,2,2,1,1,3,1,1,1,70985,1,1,1,0
2,4,3,3,6,1,8,3,3,1,1,8,1,1,3,105000,1,3,2,0
2,12,3,1,1,1,3,1,2,1,1,6,1,1,3,104678,1,1,1,0
1,2,1,1,8,2,2,2,3,1,1,1,1,1,2,13872,2,2,2,0
2,7,1,1,1,9,3,2,3,1,1,1,1,1,1,91791,1,1,1,0
2,2,1,1,1,2,1,3,1,1,1,1,1,2,2,23482,2,2,2,0
2,12,3,3,5,1,2,1,2,1,1,3,2,1,3,45100,1,1,1,0
2,2,1,1,8,3,7,2,3,1,1,7,3,2,2,9393,2,2,2,0
2,14,1,1,1,1,2,2,3,1,1,1,1,1,5,4700,3,2,2,0
2,4,1,2,1,2,7,1,2,1,1,6,1,1,3,84640,1,3,2,0
2,1,1,3,1,1,4,2,3,1,3,8,1,1,1,118068,1,1,1,0
1,4,1,1,1,1,3,2,2,1,1,3,2,1,3,140000,1,3,2,0
2,4,1,2,1,1,3,2,1,1,1,8,1,1,3,97500,1,3,2,0
2,4,1,1,1,1,7,2,3,1,1,1,1,2,3,54080,1,3,2,0
2,1,1,1,1,1,3,2,1,1,1,1,1,2,1,76397,1,1,1,0
2,1,1,2,5,3,7,1,1,1,1,1,1,1,1,55562,1,1,1,0
2,4,1,2,1,9,3,2,4,1,1,3,1,1,3,70000,1,3,2,0
2,11,1,1,1,1,7,3,3,2,4,9,1,1,1,35244,1,1,1,0
2,4,1,2,1,9,4,1,3,1,1,5,1,2,3,85668,1,3,2,0
2,2,1,2,3,1,7,2,3,1,1,9,3,2,2,17220,2,2,2,0
2,2,3,1,3,1,7,2,4,2,1,3,3,1,2,24577,2,2,2,0
1,4,1,1,1,1,2,2,4,1,1,1,1,1,3,65000,1,3,2,0
2,4,1,1,1,1,7,1,3,1,1,5,1,1,3,60000,1,3,2,0
2,4,1,1,8,14,5,2,3,1,3,3,1,1,3,55000,1,3,2,0
2,4,1,3,1,1,3,2,4,1,3,1,2,1,3,160000,1,3,2,0
2,2,1,1,8,14,7,1,2,1,1,1,3,1,2,9768,2,2,2,0
1,2,1,1,8,4,7,3,2,1,1,7,3,2,2,14844,2,2,2,0
2,20,1,5,1,2,2,1,3,1,1,8,1,2,1,8352,3,2,2,0
1,6,1,1,5,1,4,1,3,1,1,5,1,2,1,25896,2,2,2,0
2,4,1,1,3,1,7,2,4,1,1,3,1,1,3,165000,1,3,2,0
2,1,1,2,2,1,5,3,4,2,1,6,1,1,1,48616,1,1,1,0
2,4,2,3,1,1,2,1,4,1,1,1,5,1,3,35000,1,3,2,0
2,4,1,1,1,1,1,2,4,1,1,1,1,1,3,84000,1,3,2,0
2,3,1,5,1,1,2,1,1,1,1,5,1,2,1,55394,1,1,3,0
1,2,1,2,1,5,3,2,1,1,1,7,3,2,2,42267,2,2,2,0
2,11,3,2,1,1,7,3,3,1,1,2,1,1,1,39164,1,1,1,0
2,4,1,1,2,1,7,3,4,1,1,6,1,1,3,1000000,1,3,2,0
2,4,1,1,1,1,1,2,4,1,1,1,1,1,3,110000,1,3,2,0
1,4,3,1,1,15,7,2,3,2,1,8,6,1,3,1440000,1,3,2,0
2,4,1,1,1,9,4,2,3,1,1,8,1,1,3,132000,1,3,2,0
2,2,2,1,1,1,7,3,1,1,1,1,3,1,2,9948,2,2,2,0
2,1,1,1,1,11,7,2,4,1,1,1,1,1,1,58340,1,1,1,0
2,2,1,1,8,1,2,1,3,1,1,1,3,2,2,9393,2,2,2,0
1,5,1,2,1,1,1,2,2,1,1,2,1,1,1,28236,2,2,1,0
2,4,1,1,1,3,1,2,2,1,1,6,1,2,3,11000,1,3,2,0
2,4,1,1,1,4,1,2,4,1,1,3,1,1,3,82500,1,3,2,0
2,11,1,1,1,15,3,2,2,1,1,1,5,1,1,46507,1,1,1,0
2,15,1,1,5,4,2,2,1,1,1,3,1,2,2,61440,1,1,2,0
1,1,1,1,1,1,2,2,4,2,2,1,1,1,1,633396,1,1,1,0
2,4,1,3,2,1,7,2,2,1,1,3,7,1,3,0,1,3,2,0
2,2,1,1,3,1,2,3,3,1,1,1,4,2,2,17220,2,2,2,0
2,7,1,2,7,1,2,1,2,1,1,2,1,1,1,61194,1,1,1,0
2,14,1,1,1,1,3,3,3,1,1,1,2,1,5,32127,3,2,2,0
2,11,2,5,3,1,3,1,3,1,1,1,1,2,1,67313,1,1,1,0
2,4,1,1,12,1,5,2,3,1,1,1,2,1,3,38220,1,3,2,0
2,1,1,1,4,3,5,2,1,2,1,8,1,1,1,44373,1,1,1,0
2,4,1,1,3,1,5,1,1,1,1,1,1,1,3,105000,1,3,2,0
2,4,1,3,1,1,3,3,3,1,3,8,1,1,3,80000,1,3,2,0
1,4,1,2,1,1,4,2,3,1,1,8,2,2,3,135000,1,3,2,0
1,4,1,1,1,9,4,1,3,1,1,2,1,1,3,83000,1,3,2,0
2,14,1,1,8,4,7,2,4,1,1,2,3,1,5,14976,3,2,2,0
2,4,2,2,1,1,4,1,3,1,1,3,2,1,3,75000,1,3,2,0
2,2,1,2,1,1,2,2,3,1,1,8,2,1,2,7884,2,2,2,0
1,4,1,1,1,1,1,1,3,1,1,3,2,1,3,182000,1,3,2,0
2,7,1,1,1,1,2,1,2,1,1,2,1,1,1,56298,1,1,1,0
1,5,1,1,1,3,2,2,1,1,1,3,1,1,1,17640,2,2,1,0
2,12,1,1,2,14,5,2,4,2,2,2,1,1,3,47508,1,1,1,0
2,7,1,1,1,1,11,2,4,1,1,1,1,1,1,31572,1,1,1,0
2,2,1,2,1,2,1,3,4,1,1,9,3,1,2,16908,2,2,2,0
2,12,1,1,2,10,4,2,1,2,3,4,2,1,3,104678,1,1,1,0
2,6,1,2,7,1,3,1,2,1,1,5,1,1,1,42456,2,2,2,0
2,9,1,1,1,1,11,1,4,1,1,2,1,1,2,38148,2,2,2,0
2,1,1,2,3,1,11,2,3,1,1,5,1,1,1,69452,1,1,1,0
2,3,1,2,1,1,11,1,2,1,1,2,1,1,1,56148,1,1,3,0
1,5,1,1,1,1,2,3,3,1,1,3,1,1,1,30000,2,2,1,0
2,4,1,2,1,1,7,2,4,1,1,3,3,1,3,130000,1,3,2,0
2,2,1,1,1,3,7,2,2,1,1,1,1,2,2,14089,2,2,2,0
2,11,1,1,1,1,4,2,2,1,1,1,1,1,1,25512,1,1,1,0
2,14,2,2,1,1,1,3,2,1,1,1,1,2,5,26196,3,2,2,0
2,4,1,1,1,1,1,1,3,1,1,1,1,1,3,75000,1,3,2,0
2,4,1,5,1,1,7,3,3,1,1,8,7,2,3,110000,1,3,2,0
2,12,1,1,1,1,2,2,2,1,1,2,1,1,3,48312,1,1,1,0
2,5,2,1,1,1,4,2,3,1,1,1,1,1,1,25284,2,2,1,0
1,17,1,1,1,4,7,2,2,1,1,1,1,1,1,58752,1,1,3,0
2,16,1,2,8,1,1,2,3,1,1,2,1,2,1,51408,1,1,3,0
2,4,1,1,2,1,2,2,2,1,1,1,1,1,3,1164000,1,3,2,0
2,2,2,1,1,1,2,2,1,1,1,1,3,1,2,10723,2,2,2,0
1,15,3,1,3,9,2,2,3,1,1,2,1,1,2,59688,1,1,2,0
2,12,1,3,1,1,7,3,4,1,1,3,5,1,3,49279,1,1,1,0
1,4,1,1,2,1,2,2,4,1,3,7,2,1,3,80000,1,3,2,0
2,1,1,1,1,4,7,2,4,1,1,1,1,1,1,62507,1,1,1,0
2,2,1,2,1,1,4,3,2,1,1,3,1,2,2,23482,2,2,2,0
1,4,1,1,1,1,7,4,3,1,3,5,1,1,3,135000,1,3,2,1
2,4,1,3,7,1,4,2,1,1,1,1,1,1,3,140000,1,3,2,0
2,4,1,7,7,14,1,2,3,1,1,5,1,2,3,113000,1,3,2,0
2,4,1,1,1,1,7,2,4,1,1,3,1,1,3,125000,1,3,2,0
2,3,1,4,1,3,7,2,4,1,1,6,1,1,1,53892,1,1,3,0
2,6,1,2,1,1,3,2,3,1,1,3,3,2,1,25476,2,2,2,0
2,1,1,3,1,1,4,3,2,1,1,1,1,1,1,500052,1,1,1,0
1,14,1,1,8,1,1,2,4,1,1,1,1,1,5,25452,3,2,2,0
2,4,1,1,1,17,4,1,4,1,1,3,1,1,3,198000,1,3,2,0
2,10,1,1,7,3,7,2,3,1,1,1,1,1,4,79973,1,1,1,0
2,16,1,1,8,1,4,1,2,1,1,2,1,2,1,88119,1,1,3,0
2,1,1,2,1,1,3,1,3,1,1,1,1,1,1,74724,1,1,1,0
2,4,1,2,3,8,3,2,4,1,1,3,1,2,3,102000,1,3,2,0
2,1,1,1,1,9,7,2,3,1,1,2,4,2,1,420384,1,1,1,0
2,16,1,1,1,3,3,1,2,1,1,1,1,1,1,63642,1,1,3,0
2,15,1,3,4,1,2,2,3,1,1,1,1,1,2,59688,1,1,2,0
2,11,1,2,5,1,3,1,4,1,1,6,1,1,1,46507,1,1,1,0
2,3,1,2,1,1,4,2,3,1,1,2,1,2,1,86832,1,1,3,0
2,1,1,1,4,1,3,1,2,1,1,2,1,1,1,83342,1,1,1,0
1,4,2,1,1,8,7,1,2,1,1,1,1,1,3,20000,1,3,2,0
2,7,1,1,1,1,1,2,2,1,1,7,1,1,1,42588,1,1,1,0
2,4,1,1,1,1,2,2,4,1,1,1,1,1,3,59600,1,3,2,0
2,7,2,1,1,9,7,3,1,1,1,1,1,1,1,6612,1,1,1,0
1,12,1,1,1,1,7,2,4,1,1,2,1,1,3,44287,1,1,1,0
2,4,1,2,2,14,2,1,4,1,1,1,1,1,3,72000,1,3,2,0
2,4,1,1,1,1,1,1,4,1,1,1,2,2,3,116000,1,3,2,0
2,17,1,1,1,1,3,3,3,1,1,3,1,1,1,48468,1,1,3,0
1,13,1,1,8,1,4,2,3,1,1,1,2,1,1,1000000,1,1,1,0
2,4,1,1,2,4,2,3,2,1,1,6,1,1,3,76500,1,3,2,0
2,1,1,1,1,1,2,2,2,1,2,1,1,2,1,41671,1,1,1,0
2,7,2,2,1,8,1,2,2,1,1,3,1,1,1,51408,1,1,1,0
2,4,1,3,1,1,7,2,4,1,1,1,1,1,3,24000,1,3,2,0
2,4,1,1,7,4,2,3,4,1,1,1,1,1,3,95000,1,3,2,0
2,2,1,1,1,1,1,3,3,1,1,1,3,1,2,9393,2,2,2,0
2,4,1,2,5,8,7,2,3,1,1,3,6,1,3,75000,1,3,2,0
2,13,1,2,1,2,1,1,2,1,1,1,1,1,1,36716,1,1,1,0
2,7,1,1,8,7,1,2,4,1,1,2,1,1,1,55075,1,1,1,0
2,7,2,2,1,16,7,2,1,1,1,3,1,1,1,46992,1,1,1,0
2,8,1,2,1,1,1,2,2,1,1,2,1,1,1,27415,1,1,1,0
2,17,1,1,1,1,7,2,3,1,1,1,1,1,1,32316,1,1,3,0
1,1,1,1,1,1,11,2,3,1,1,8,1,2,1,152794,1,1,1,0
2,14,1,1,1,1,7,2,4,1,1,1,1,2,5,11232,3,2,2,0
2,4,1,1,1,1,1,2,3,2,1,1,4,1,3,109000,1,3,2,0
2,12,1,1,6,1,5,1,1,1,1,6,2,1,3,31001,1,1,1,0
2,6,1,2,6,1,7,2,3,1,1,3,1,1,1,14856,2,2,2,0
2,4,1,1,8,1,2,1,2,1,1,1,1,1,3,2000000,1,3,2,0
2,1,1,1,8,1,7,2,1,1,1,1,1,1,1,833424,1,1,1,0
2,13,1,6,3,1,1,2,4,1,1,5,1,1,1,51403,1,1,1,0
2,4,1,2,4,3,2,2,2,1,1,8,1,1,3,150000,1,3,2,0
1,1,1,2,1,4,1,2,3,1,1,2,1,1,1,34726,1,1,1,0
2,4,1,1,1,1,7,2,2,1,1,1,1,2,3,65000,1,3,2,0
2,4,1,3,1,1,3,1,2,1,1,2,1,2,3,115000,1,3,2,0
2,17,1,2,7,8,1,2,2,1,1,3,1,1,1,58752,1,1,3,0
2,7,1,2,1,1,8,3,3,1,1,1,1,1,1,91791,1,1,1,0
2,12,1,1,4,10,7,2,2,2,1,1,1,1,3,72469,1,1,1,0
2,10,1,2,3,1,7,4,2,1,1,1,1,1,4,87971,1,1,1,1
2,4,1,1,3,1,1,2,4,1,1,1,1,2,3,115000,1,3,2,0
2,4,1,1,1,1,7,3,3,1,1,5,1,1,3,75000,1,3,2,0
2,4,1,1,1,1,1,1,2,1,1,1,1,1,3,130000,1,3,2,0
1,4,1,1,1,15,4,1,3,2,1,6,1,1,3,120000,1,3,2,0
2,7,1,2,3,1,3,1,3,1,1,2,1,1,1,91791,1,1,1,0
2,4,1,2,6,1,3,1,1,1,1,1,1,2,3,96000,1,3,2,0
1,4,1,1,8,1,4,1,2,2,1,8,1,1,3,105000,1,3,2,0
2,4,1,3,11,1,1,1,4,1,2,1,1,2,3,540000,1,3,2,0
2,17,1,1,1,3,1,1,3,1,1,2,1,1,1,41124,1,1,3,0
2,4,1,1,1,1,1,2,4,1,1,3,1,1,3,140000,1,3,2,0
2,4,1,1,1,1,4,3,2,1,1,6,1,1,3,92000,1,3,2,0
2,4,1,1,1,3,1,3,4,1,2,1,1,1,3,68000,1,3,2,0
2,7,3,2,7,8,8,1,2,1,1,3,1,1,1,46992,1,1,1,0
1,4,1,1,2,4,2,2,2,2,1,8,1,1,3,105000,1,3,2,0
2,2,2,1,1,1,2,2,3,1,2,7,1,2,2,7512,2,2,2,0
2,4,1,1,8,1,7,1,3,1,1,3,1,1,3,70000,1,3,2,0
2,5,1,2,3,16,1,1,4,1,1,3,1,1,1,28236,2,2,1,0
2,2,2,2,1,1,2,2,1,1,1,3,6,1,2,4696,2,2,2,0
2,15,1,1,1,1,11,2,3,1,1,7,4,1,2,126384,1,1,2,0
2,19,1,1,3,9,7,1,3,1,1,7,1,1,1,61194,1,1,3,0
1,11,1,2,1,3,2,2,3,2,1,1,1,1,1,42028,1,1,1,0
2,5,1,1,1,1,7,2,4,1,1,3,1,1,1,42348,2,2,1,0
2,2,3,2,1,4,1,2,4,1,1,7,6,1,2,10332,2,2,2,0
2,2,1,2,1,1,4,3,3,1,1,1,3,2,2,31309,2,2,2,0
2,4,1,1,1,3,7,2,3,1,1,1,3,1,3,135000,1,3,2,0
2,11,1,2,1,1,7,2,2,1,1,3,1,1,1,48955,1,1,1,0
2,12,1,1,5,5,8,2,2,1,1,8,1,2,3,128029,1,1,1,0
2,14,1,1,2,6,7,2,2,1,1,1,2,1,5,7488,3,2,2,0
2,4,1,3,1,4,7,1,4,1,1,1,1,2,3,62000,1,3,2,0
1,12,1,1,2,3,1,2,3,1,1,6,1,2,3,74885,1,1,1,0
2,4,1,1,1,3,7,2,3,1,1,1,1,1,3,74200,1,3,2,0
1,8,1,2,1,3,2,2,3,1,1,1,3,2,1,29376,1,1,1,0
1,4,1,1,3,7,1,1,4,1,1,3,1,1,3,86000,1,3,2,0
2,4,1,2,3,1,4,2,3,1,1,5,1,1,3,165000,1,3,2,0
2,1,1,5,1,1,7,2,3,1,1,2,1,1,1,111123,1,1,1,0
1,2,3,1,1,1,5,1,3,2,2,2,3,1,2,2820,2,2,2,0
2,4,3,3,8,18,5,1,2,1,1,3,1,2,3,70000,1,3,2,0
2,2,1,1,3,2,2,2,3,1,1,1,1,1,2,100000,2,2,2,0
2,4,1,1,1,1,7,2,2,1,1,2,1,1,3,60000,1,3,2,0
2,4,1,1,1,2,7,2,4,2,1,8,1,1,3,111500,1,3,2,0
1,1,1,7,5,16,1,1,2,2,1,1,1,1,1,45838,1,1,1,0
2,4,1,1,8,1,11,1,2,1,1,3,1,2,3,130000,1,3,2,0
2,13,3,2,1,5,7,2,3,1,1,1,2,1,1,36716,1,1,1,0
1,13,1,1,1,1,1,2,3,1,3,1,2,1,1,44060,1,1,1,0
1,4,1,1,12,3,2,1,4,1,1,1,6,1,3,40000,1,3,2,0
2,4,1,2,3,1,1,2,2,1,1,3,1,1,3,122000,1,3,2,0
1,8,3,5,1,1,5,2,3,1,1,3,1,1,1,14688,1,1,1,0
2,16,1,2,1,4,7,2,1,1,1,1,2,1,1,734328,1,1,3,0
2,4,1,2,4,5,2,1,3,2,3,1,6,1,3,145000,1,3,2,0
2,4,1,4,12,1,7,2,3,1,1,6,1,2,3,53000,1,3,2,0
2,4,1,1,8,3,7,1,2,1,1,3,1,2,3,107500,1,3,2,0
2,4,2,2,1,8,2,2,1,1,1,1,3,1,3,80000,1,3,2,0
2,8,1,1,1,1,7,2,2,1,1,1,1,1,1,536064,1,1,1,0
1,14,1,1,12,3,2,2,3,2,3,1,2,1,5,1000000,3,2,2,0
2,10,1,3,8,1,1,2,2,1,1,2,1,1,4,80338,1,1,1,0
1,7,1,1,1,1,7,2,1,1,1,1,1,1,1,75880,1,1,1,0
2,5,2,1,3,1,2,1,3,1,1,3,1,1,1,19056,2,2,1,0
1,16,1,2,1,1,1,2,2,1,1,2,1,1,1,67313,1,1,3,0
2,10,1,1,8,1,4,1,2,1,1,1,1,1,4,83172,1,1,1,0
1,2,2,1,1,1,7,3,2,1,1,7,1,1,2,17472,2,2,2,0
1,6,1,6,8,1,1,2,3,1,1,5,1,2,1,33972,2,2,2,0
1,4,1,1,8,1,2,1,2,1,1,1,1,2,3,100000,1,3,2,0
2,4,2,4,1,9,7,2,3,1,1,2,1,1,3,60000,1,3,2,0
1,3,1,2,1,1,1,1,2,1,1,1,1,1,1,74856,1,1,3,0
2,4,1,2,1,1,4,1,3,1,1,3,1,2,3,102000,1,3,2,0
2,4,1,1,1,9,8,3,4,1,1,1,1,1,3,122500,1,3,2,0
2,4,1,1,4,6,2,2,4,1,1,1,1,1,3,42000,1,3,2,0
1,6,1,2,5,15,7,2,2,2,1,4,1,1,1,25476,2,2,2,0
2,16,1,1,1,2,3,2,3,1,1,1,1,2,1,74657,1,1,3,0
1,4,1,1,4,1,3,2,2,1,3,3,1,1,3,100000,1,3,2,0
2,16,1,2,8,1,2,2,4,1,1,1,1,1,1,70985,1,1,3,0
2,5,2,1,1,3,1,2,4,1,1,6,1,1,1,6708,2,2,1,0
1,4,1,2,3,1,4,2,3,1,1,1,1,1,3,125000,1,3,2,0
2,18,1,8,1,1,7,2,4,1,1,2,2,1,1,81330,1,1,3,0
2,4,1,1,1,1,3,1,4,1,1,2,1,1,3,98000,1,3,2,0
2,4,1,1,1,4,4,1,2,1,1,7,1,2,3,92000,1,3,2,0
2,4,1,1,1,13,7,2,4,1,1,1,1,1,3,65000,1,3,2,0
2,2,1,6,1,4,7,3,2,1,1,2,1,1,2,15654,2,2,2,0
2,7,1,2,5,1,3,2,2,1,1,2,1,2,1,66828,1,1,1,0
2,4,1,3,8,1,3,1,3,1,1,7,1,1,3,56000,1,3,2,0
1,5,1,1,1,2,7,1,3,1,1,2,1,2,1,23820,2,2,1,0
2,13,1,2,1,1,3,1,2,1,1,5,1,1,1,440592,1,1,1,0
2,7,1,1,1,1,4,2,4,1,1,8,1,1,1,57277,1,1,1,0
2,4,1,2,8,1,7,1,4,1,1,1,4,2,3,120000,1,3,2,0
2,13,3,3,1,1,2,1,1,1,1,8,2,1,1,257016,1,1,1,0
2,2,3,1,3,7,1,3,1,1,1,3,3,2,2,26769,2,2,2,0
2,4,1,2,1,1,3,3,3,1,1,1,4,1,3,51000,1,3,2,0
2,16,2,2,4,1,2,2,2,1,1,8,1,1,1,45283,1,1,3,0
2,2,1,2,1,1,7,2,3,1,4,1,1,2,2,140892,2,2,2,0
2,12,1,9,1,1,7,2,3,2,2,6,1,1,3,22143,1,1,1,0
2,11,1,7,10,8,9,4,2,2,1,6,1,2,1,122388,1,1,1,1
2,12,1,1,1,1,4,2,2,1,1,6,1,1,3,82756,1,1,1,0
2,5,1,1,1,1,1,2,2,1,1,3,1,2,1,24000,2,2,1,0
2,4,1,2,1,1,11,2,2,1,1,3,1,1,3,110000,1,3,2,0
2,18,1,2,5,1,7,3,3,1,1,4,1,1,1,91757,1,1,3,0
2,4,1,1,1,1,4,4,3,1,1,5,1,1,3,100000,1,3,2,1
2,4,1,1,1,3,4,2,3,1,1,3,7,1,3,90000,1,3,2,0
1,5,1,2,3,1,1,2,3,1,1,8,1,1,1,52932,2,2,1,0
2,4,1,1,1,1,7,3,3,1,1,5,1,1,3,115000,1,3,2,0
2,17,1,3,1,2,2,1,4,1,1,8,1,1,1,32316,1,1,3,0
2,7,1,2,1,1,1,2,1,1,1,3,1,1,1,104030,1,1,1,0
1,10,1,1,6,20,5,1,1,1,1,1,1,1,4,70377,1,1,1,0
2,1,1,6,5,4,5,1,4,1,1,5,1,2,1,37504,1,1,1,0
2,7,1,1,1,1,3,2,4,1,1,2,6,1,1,73114,1,1,1,0
2,10,1,2,1,1,3,1,3,1,1,3,1,1,4,95968,1,1,1,0
2,1,1,1,4,1,7,1,2,2,1,3,1,1,1,32920,1,1,1,0
2,4,1,1,1,7,3,2,1,1,1,3,1,1,3,106000,1,3,2,0
2,2,1,1,1,2,1,1,2,1,1,7,3,2,2,11652,2,2,2,0
2,4,3,2,1,1,2,1,4,1,1,1,1,1,3,30000,1,3,2,0
2,2,2,1,1,6,7,1,2,1,1,1,1,1,2,150288,2,2,2,0
2,12,1,1,6,14,3,2,3,1,1,6,1,2,3,56365,1,1,1,0
2,15,1,2,5,1,7,2,2,1,4,8,1,1,2,45636,1,1,2,0
2,4,1,1,4,1,7,2,2,2,1,1,1,2,3,72500,1,3,2,0
2,1,1,2,1,2,3,1,4,1,1,1,1,1,1,83342,1,1,1,0
2,11,1,2,5,1,3,1,4,1,1,3,1,1,1,57522,1,1,1,0
2,5,1,1,2,1,2,3,1,1,1,3,1,1,1,23292,2,2,1,0
2,4,1,1,4,6,1,1,2,2,2,3,1,1,3,51000,1,3,2,0
1,8,2,3,1,4,7,2,4,1,1,2,1,1,1,587460,1,1,1,0
2,4,1,1,9,6,7,2,4,1,1,3,1,1,3,72000,1,3,2,0
1,3,1,1,1,1,7,3,3,1,1,1,1,1,1,44916,1,1,3,0
2,1,1,1,1,1,2,1,4,1,1,4,1,1,1,41676,1,1,1,0
2,16,1,1,3,1,2,1,2,1,1,6,1,2,1,67313,1,1,3,0
2,13,1,1,1,1,3,2,3,1,2,8,1,1,1,46507,1,1,1,0
2,2,1,1,1,1,7,2,2,1,1,1,1,2,2,18780,2,2,2,0
2,5,1,2,6,9,2,2,3,1,1,1,1,2,1,42348,2,2,1,0
2,1,1,1,1,1,4,3,4,1,1,1,1,1,1,79870,1,1,1,0
1,11,1,7,1,1,1,3,2,1,1,3,1,1,1,41124,1,1,1,0
2,4,1,1,1,1,2,2,2,1,1,1,1,2,3,100000,1,3,2,0
2,7,1,5,1,4,3,2,2,1,1,4,1,1,1,31572,1,1,1,0
2,1,1,1,5,14,7,2,2,1,1,1,1,1,1,41671,1,1,1,0
1,1,1,2,3,9,1,1,3,1,1,4,1,1,1,52783,1,1,1,0
2,4,1,1,1,13,11,2,3,1,1,8,1,1,3,67000,1,3,2,0
2,4,1,1,1,1,1,2,1,1,1,1,1,1,3,66500,1,3,2,0
1,8,1,1,1,4,1,1,2,1,1,2,1,2,1,97910,1,1,1,0
2,2,3,1,1,1,7,2,2,1,1,1,1,2,2,18840,2,2,2,0
2,4,1,3,1,1,3,2,2,1,2,6,1,1,3,153500,1,3,2,0
2,15,1,1,3,7,2,2,3,1,1,9,4,1,2,74076,1,1,2,0
1,4,1,1,1,1,2,3,3,1,1,1,1,1,3,2000000,1,3,2,0
2,4,1,2,2,8,2,1,2,2,1,5,1,1,3,74500,1,3,2,0
2,2,2,1,3,19,7,3,1,1,1,1,3,1,2,24264,2,2,2,0
2,1,1,1,1,9,1,2,3,1,1,2,1,1,1,51394,1,1,1,0
2,4,1,4,12,14,7,1,3,1,1,3,1,1,3,62000,1,3,2,0
2,4,1,1,1,1,1,1,2,1,1,1,1,2,3,260000,1,3,2,0
2,6,1,2,3,1,4,2,3,1,1,5,1,2,1,27600,2,2,2,0
2,7,1,5,1,1,1,2,3,1,1,5,2,1,1,80776,1,1,1,0
2,4,1,1,1,1,7,2,1,1,1,6,1,1,3,95000,1,3,2,0
2,4,1,1,1,4,2,2,2,1,1,1,1,1,3,61000,1,3,2,0
2,2,1,2,1,1,2,2,2,1,1,3,1,2,2,15748,2,2,2,0
2,4,1,2,1,5,1,2,1,1,1,3,1,1,3,335000,1,3,2,0
2,7,1,3,9,3,4,2,3,1,1,1,1,1,1,83224,1,1,1,0
1,4,1,3,10,1,2,2,3,1,1,8,1,1,3,67000,1,3,2,0
2,4,1,1,1,3,1,2,2,1,1,3,1,1,3,115000,1,3,2,0
2,1,1,1,12,6,3,2,3,1,1,5,1,1,1,833424,1,1,1,0
2,18,1,2,1,3,3,2,2,1,1,3,1,1,1,85084,1,1,3,0
1,7,1,1,1,5,7,2,2,1,1,1,1,1,1,48468,1,1,1,0
2,7,3,1,1,9,7,1,4,1,1,2,1,1,1,17628,1,1,1,0
2,12,2,4,1,4,1,1,2,1,1,1,1,1,3,57170,1,1,1,0
2,2,1,1,3,4,2,2,3,1,1,7,3,1,2,11741,2,2,2,0
2,4,1,2,1,1,2,2,4,1,1,4,6,1,3,152000,1,3,2,0
2,2,1,1,1,2,2,2,4,1,1,6,1,2,2,6966,2,2,2,0
2,17,1,1,1,1,1,2,2,1,1,2,1,1,1,35892,1,1,3,0
2,4,3,2,7,4,2,2,2,1,1,3,7,1,3,95000,1,3,2,0
2,7,1,2,6,14,7,1,1,1,1,3,1,1,1,39654,1,1,1,0
2,2,1,1,1,1,7,2,4,2,1,1,3,1,2,31309,2,2,2,0
2,4,1,3,12,1,7,1,3,1,1,3,1,1,3,384000,1,3,2,0
2,7,1,1,8,1,1,2,4,1,1,3,1,1,1,383074,1,1,1,0
2,7,1,2,1,1,1,2,2,1,1,3,1,1,1,69761,1,1,1,0
2,6,1,1,1,1,4,2,3,1,1,1,1,1,1,13800,2,2,2,0
2,4,1,1,2,3,5,1,2,2,2,1,1,1,3,75000,1,3,2,0
2,7,1,2,1,1,7,2,2,1,1,2,4,2,1,58746,1,1,1,0
1,4,1,1,1,15,3,2,3,1,1,1,1,2,3,72000,1,3,2,0
2,7,1,3,4,1,1,2,2,1,1,8,1,1,1,79552,1,1,1,0
2,1,1,3,8,1,1,2,4,1,1,8,2,1,1,50005,1,1,1,0
1,1,1,1,2,8,7,2,3,1,1,1,1,2,1,69452,1,1,1,0
2,7,2,2,3,1,2,1,2,1,1,3,1,1,1,61194,1,1,1,0
2,4,1,1,9,4,7,2,2,2,2,3,1,1,3,100000,1,3,2,0
2,4,1,3,1,1,11,1,4,1,2,5,1,1,3,93500,1,3,2,0
2,10,1,1,1,1,4,1,2,1,2,3,1,1,4,91969,1,1,1,0
2,2,2,1,1,1,7,2,2,1,1,2,3,2,2,122100,2,2,2,0
2,13,1,2,1,2,4,1,2,1,1,7,1,1,1,70985,1,1,1,0
2,18,1,6,1,1,2,3,3,1,1,2,1,1,1,55056,1,1,3,0
1,4,1,1,6,1,7,1,2,1,1,6,1,1,3,90000,1,3,2,0
2,4,1,2,1,1,7,3,2,1,1,8,1,2,3,150000,1,3,2,0
2,14,1,3,1,1,4,1,4,1,1,3,1,2,5,37428,3,2,2,0
1,11,1,2,1,2,1,2,2,1,1,9,1,1,1,42836,1,1,1,0
1,6,1,1,8,1,1,2,4,1,1,1,1,1,1,26532,2,2,2,0
2,4,1,1,1,1,1,2,3,1,1,1,1,1,3,135000,1,3,2,0
2,10,1,1,12,1,3,1,1,1,1,3,1,1,4,72,1,1,1,0
2,8,1,2,1,1,3,2,3,1,1,3,1,1,1,36716,1,1,1,0
1,5,1,3,1,1,7,2,2,1,1,3,1,1,1,42348,2,2,1,0
1,19,1,2,8,14,7,2,4,1,1,3,2,1,1,47731,1,1,3,0
2,4,1,1,1,6,3,1,4,1,1,2,7,2,3,72000,1,3,2,0
2,4,1,5,5,4,2,1,3,1,1,3,1,1,3,55000,1,3,2,0
1,2,1,1,1,14,7,1,2,1,1,7,3,2,2,147576,2,2,2,0
2,4,1,1,6,4,2,2,4,1,1,1,1,1,3,45000,1,3,2,0
2,11,1,1,9,4,5,2,3,1,1,1,1,1,1,26436,1,1,1,0
1,7,1,5,1,1,2,1,2,1,1,2,1,2,1,53851,1,1,1,0
2,9,2,1,1,6,1,1,3,1,4,1,4,1,2,60000,2,2,2,0
1,16,1,2,1,1,7,1,3,1,1,3,1,2,1,690264,1,1,3,0
2,8,1,2,1,1,1,2,2,1,1,8,1,2,1,24384,1,1,1,0
2,4,1,1,4,6,4,3,3,2,2,2,1,1,3,25000,1,3,2,0
2,2,1,1,1,13,7,1,4,1,1,1,1,2,2,5256,2,2,2,0
2,1,1,1,1,9,4,2,3,1,1,2,1,2,1,44449,1,1,1,0
2,5,1,1,8,4,2,2,2,1,1,2,1,2,1,24696,2,2,1,0
2,6,1,6,8,9,2,2,2,2,1,5,1,2,1,29724,2,2,2,0
1,12,1,1,1,11,2,2,2,1,1,4,6,1,3,48313,1,1,1,0
2,4,1,1,1,3,7,1,2,2,1,2,4,1,3,146000,1,3,2,0
2,4,1,1,5,1,2,2,2,1,1,1,1,1,3,65000,1,3,2,0
2,1,1,1,1,3,2,2,4,1,1,3,1,2,1,875100,1,1,1,0
2,1,1,1,1,4,3,2,3,1,1,2,1,1,1,58340,1,1,1,0
2,2,1,1,3,4,11,2,1,1,1,3,3,1,2,28961,2,2,2,0
2,4,1,1,2,1,5,2,4,2,1,1,3,1,3,80000,1,3,2,0
2,2,1,1,1,1,7,1,3,1,1,7,3,2,2,15028,2,2,2,0
2,14,3,3,1,2,1,2,3,1,1,1,1,2,5,22452,3,2,2,0
2,20,1,1,8,1,4,2,1,1,1,5,1,1,1,20880,3,2,2,0
2,4,1,1,1,1,2,2,4,1,1,6,1,1,3,125000,1,3,2,0
2,10,1,1,1,1,7,2,4,1,1,3,4,1,4,79973,1,1,1,0
1,4,1,1,9,3,1,1,1,1,1,2,1,1,3,130000,1,3,2,0
2,7,2,3,1,9,7,3,2,1,1,2,1,1,1,58746,1,1,1,0
2,5,1,3,3,1,2,2,2,1,1,3,1,1,1,32460,2,2,1,0
2,7,1,1,1,3,7,2,2,1,1,2,5,1,1,66084,1,1,1,0
2,18,1,2,1,1,1,3,3,1,1,3,1,1,1,96971,1,1,3,0
2,4,1,1,1,9,4,2,2,1,1,3,1,2,3,100000,1,3,2,0
2,4,2,1,6,8,2,3,2,1,1,3,1,1,3,120000,1,3,2,0
2,10,1,1,1,13,2,2,3,1,1,1,1,1,4,82373,1,1,1,0
1,2,1,1,1,3,2,2,4,1,1,3,3,1,2,6576,2,2,2,0
1,2,1,2,1,4,7,2,1,1,1,1,6,1,2,20351,2,2,2,0
1,4,1,1,1,1,1,1,1,1,4,1,1,1,3,120000,1,3,2,0
2,12,1,3,8,1,7,2,4,1,1,2,6,1,3,41871,1,1,1,0
2,4,1,1,1,1,1,3,3,1,1,6,1,1,3,57000,1,3,2,0
2,12,1,3,9,1,1,2,1,1,1,4,1,1,3,48313,1,1,1,0
2,2,1,1,3,2,5,1,3,1,1,1,3,1,2,5448,2,2,2,0
2,2,1,1,1,1,1,2,3,1,1,8,1,2,2,11428,2,2,2,0
1,7,1,2,1,1,2,1,2,1,1,7,1,2,1,61194,1,1,1,0
2,1,1,1,1,9,1,2,2,1,1,1,1,1,1,80564,1,1,1,0
1,2,1,1,8,2,7,2,3,1,1,1,3,2,2,18785,2,2,2,0
2,4,1,1,12,1,3,1,1,1,1,1,2,1,3,106320,1,3,2,0
2,10,1,2,1,2,1,1,1,1,1,1,1,1,4,140753,1,1,1,0
2,8,1,2,1,1,2,2,2,1,1,8,1,1,1,26436,1,1,1,0
2,8,1,1,1,1,1,2,3,1,1,2,1,1,1,31821,1,1,1,0
2,7,1,2,1,1,1,3,4,1,1,4,1,1,1,64254,1,1,1,0
1,20,1,1,7,2,2,1,2,1,1,1,1,1,1,30000,3,2,2,0
1,7,1,1,8,1,2,2,2,1,1,2,1,1,1,22032,1,1,1,0
2,5,1,5,1,1,1,2,2,1,1,7,1,1,1,50304,2,2,1,0
2,2,2,1,3,1,1,2,2,1,1,7,4,1,2,11268,2,2,2,0
1,4,1,1,4,1,2,2,4,1,1,1,3,2,3,110000,1,3,2,0
2,1,1,2,7,1,7,1,2,1,1,3,3,1,1,1000000,1,1,1,0
2,2,1,1,8,3,2,2,2,1,1,1,3,1,2,6204,2,2,2,0
1,6,1,2,7,2,7,2,1,1,1,3,1,2,1,61560,2,2,2,0
2,4,1,1,8,1,7,2,1,1,1,1,1,2,3,52800,1,3,2,0
1,4,1,1,1,14,7,1,4,1,1,3,1,2,3,83500,1,3,2,0
2,4,1,4,8,1,8,2,2,1,1,1,1,2,3,52500,1,3,2,0
2,7,1,2,1,7,4,2,2,1,1,6,1,1,1,79552,1,1,1,0
2,16,1,2,1,1,3,2,3,1,1,3,1,1,1,97910,1,1,3,0
2,7,1,1,1,1,1,2,4,1,1,2,1,1,1,85671,1,1,1,0
2,4,1,1,5,14,2,1,1,1,1,1,1,1,3,87000,1,3,2,0
2,4,1,1,1,1,7,3,1,1,1,2,1,1,3,75000,1,3,2,0
1,11,1,2,1,1,7,2,3,1,1,2,1,1,1,26436,1,1,1,0
2,2,3,1,1,1,1,2,4,2,1,3,3,1,2,211332,2,2,2,0
2,12,1,1,1,1,7,2,2,2,2,3,1,1,3,68443,1,1,1,0
2,20,3,2,1,11,7,2,3,1,1,3,1,2,1,28692,3,2,2,0
2,7,3,1,1,1,1,2,3,1,1,7,1,1,1,61194,1,1,1,0
2,4,1,2,1,6,7,2,4,1,1,3,3,1,3,80000,1,3,2,0
1,2,1,1,3,1,7,2,4,1,1,1,1,1,2,93924,2,2,2,0
2,7,1,2,1,15,4,1,3,2,1,3,1,2,1,44064,1,1,1,0
2,10,1,1,5,1,1,1,1,2,2,4,1,1,4,85572,1,1,1,0
2,4,1,1,1,4,3,2,2,1,1,3,1,2,3,96000,1,3,2,0
2,4,1,1,8,15,4,1,3,1,1,1,1,2,3,70500,1,3,2,0
1,4,1,2,1,1,7,1,2,1,1,3,1,1,3,2000000,1,3,2,0
2,4,2,4,1,1,3,2,2,1,1,2,2,2,3,110000,1,3,2,0
2,4,1,2,3,14,2,2,4,1,1,3,3,1,3,88000,1,3,2,0
1,20,1,2,5,1,1,1,2,1,1,3,1,2,1,20040,3,2,2,0
1,10,1,1,4,2,7,1,3,2,1,6,1,1,4,43985,1,1,1,0
1,3,1,3,8,1,1,1,3,1,1,2,1,1,1,59880,1,1,3,0
2,4,1,1,1,6,1,3,1,2,2,1,6,1,3,75000,1,3,2,0
2,2,1,1,1,4,7,1,4,1,1,8,3,1,2,244212,2,2,2,0
1,4,1,1,1,1,1,3,4,1,3,2,1,1,3,61000,1,3,2,0
2,11,1,2,1,1,1,2,3,1,1,1,1,1,1,45283,1,1,1,0
2,2,1,1,1,4,7,2,2,1,1,2,1,1,2,11271,2,2,2,0
2,4,1,3,8,1,7,2,2,2,1,8,1,1,3,69500,1,3,2,0
2,7,3,2,7,1,1,2,2,1,3,3,1,1,1,11748,1,1,1,0
1,7,1,2,1,2,7,2,2,1,1,7,1,1,1,57522,1,1,1,0
2,12,1,7,1,16,1,2,3,1,1,7,6,2,3,74080,1,1,1,0
1,12,1,1,1,2,3,2,4,1,1,3,1,1,3,64417,1,1,1,0
2,9,1,1,1,1,4,2,3,1,1,1,1,1,2,38148,2,2,2,0
2,4,1,1,1,4,2,1,2,1,2,2,4,1,3,65000,1,3,2,0
2,7,1,3,5,1,3,1,3,1,1,3,1,1,1,74904,1,1,1,0
2,7,1,2,1,9,3,2,4,1,1,2,1,1,1,55075,1,1,1,0
2,1,1,2,3,9,7,1,2,1,1,3,1,2,1,44449,1,1,1,0
1,2,1,2,1,1,2,1,2,1,1,1,3,1,2,8610,2,2,2,0
2,16,1,1,1,1,4,1,2,1,1,1,1,2,1,58752,1,1,3,0
2,6,1,2,1,1,7,2,4,2,1,1,1,1,1,12732,2,2,2,0
2,12,1,2,3,14,7,2,4,1,1,1,1,1,3,67235,1,1,1,0
2,1,1,1,1,1,4,2,3,1,1,2,1,1,1,65285,1,1,1,0
2,2,1,2,1,1,3,2,2,1,1,3,1,2,2,21133,2,2,2,0
1,4,1,2,4,3,2,1,1,1,1,1,2,1,3,103000,1,3,2,0
2,4,3,2,1,4,3,1,3,1,1,4,1,1,3,1080000,1,3,2,0
2,11,1,2,1,1,11,3,2,1,1,1,1,1,1,45732,1,1,1,0
2,4,1,1,8,1,2,2,2,1,1,2,1,1,3,62400,1,3,2,0
2,4,3,1,7,1,7,2,2,1,1,3,1,1,3,50000,1,3,2,0
2,10,1,1,7,14,7,2,1,1,1,1,1,1,4,71976,1,1,1,0
2,11,1,2,1,1,3,2,2,1,1,2,1,2,1,102804,1,1,1,0
2,17,1,1,1,1,2,2,3,1,1,1,1,1,1,28149,1,1,3,0
2,1,1,1,12,1,7,2,4,1,1,1,1,1,1,58340,1,1,1,0
2,4,1,1,1,1,2,3,2,1,1,1,1,1,3,65000,1,3,2,0
2,11,1,2,1,4,1,2,4,1,1,8,1,2,1,70985,1,1,1,0
2,1,1,1,1,17,3,1,2,1,3,2,1,1,1,90288,1,1,1,0
2,4,1,2,1,1,4,3,4,1,1,1,1,1,3,2000000,1,3,2,0
2,4,1,1,1,1,11,2,4,1,1,8,1,2,3,2000000,1,3,2,0
2,17,2,1,12,1,1,2,4,1,1,3,1,1,1,39648,1,1,3,0
2,6,1,4,3,1,1,3,2,1,1,8,1,1,1,5304,2,2,2,0
2,7,1,2,1,9,1,2,3,1,1,2,1,1,1,66089,1,1,1,0
2,14,1,1,1,1,11,4,1,1,1,2,2,1,5,30696,3,2,2,1
2,20,1,2,1,2,2,2,2,1,1,3,1,2,1,30000,3,2,2,0
2,7,1,3,1,1,4,2,2,1,1,1,1,1,1,75880,1,1,1,0
2,4,1,1,1,1,1,1,3,1,1,3,1,1,3,120000,1,3,2,0
2,4,1,1,9,3,1,1,3,2,1,1,1,1,3,110000,1,3,2,0
2,9,3,1,1,4,2,2,3,1,1,9,4,1,2,20028,2,2,2,0
2,4,1,1,1,7,3,2,2,1,1,3,1,1,3,48000,1,3,2,0
2,11,1,2,1,1,1,2,3,1,1,3,1,1,1,68537,1,1,1,0
1,4,1,1,8,4,1,1,2,1,3,1,1,1,3,60000,1,3,2,0
2,2,1,2,8,4,3,2,3,1,2,1,3,2,2,31309,2,2,2,0
2,4,1,3,1,4,7,1,3,1,1,1,1,2,3,74000,1,3,2,0
2,4,1,1,1,1,1,2,1,1,1,3,1,1,3,112000,1,3,2,0
2,16,1,2,7,1,7,3,1,1,1,1,1,1,1,82000,1,1,3,0
2,5,1,4,1,1,2,2,3,1,1,2,1,1,1,9876,2,2,1,0
2,7,1,5,1,1,2,2,3,1,1,2,1,2,1,35244,1,1,1,0
2,2,1,2,1,12,1,1,4,1,1,3,3,1,2,5640,2,2,2,0
1,20,1,1,1,14,1,1,3,1,1,3,1,1,1,27600,3,2,2,0
2,2,1,1,1,1,4,3,3,1,1,2,1,1,2,11268,2,2,2,0
1,2,1,1,3,8,4,1,4,1,1,1,3,1,2,109581,2,2,2,0
2,6,1,3,3,1,3,2,3,1,1,3,1,1,1,31848,2,2,2,0
1,4,2,1,1,1,2,2,1,1,2,3,1,1,3,99000,1,3,2,0
2,7,1,5,1,1,7,1,3,1,1,2,1,1,1,36720,1,1,1,0
2,4,1,1,1,1,4,2,2,1,1,1,3,1,3,200000,1,3,2,0
2,1,1,1,1,1,3,1,1,1,1,5,1,1,1,59729,1,1,1,0
2,2,2,2,1,2,2,2,3,1,1,1,6,1,2,4320,2,2,2,0
2,14,3,1,8,4,5,2,4,1,1,2,1,1,5,6360,3,2,2,0
2,5,1,3,1,1,2,2,2,1,1,1,1,1,1,21168,2,2,1,0
2,1,3,2,1,1,2,2,2,1,1,1,1,1,1,51394,1,1,1,0
2,4,1,1,3,15,7,2,4,1,1,1,1,1,3,114000,1,3,2,0
1,12,1,1,1,9,1,1,3,2,1,8,1,2,3,42700,1,1,1,0
2,9,1,1,1,1,3,2,3,1,1,2,6,1,2,22248,2,2,2,0
2,4,1,1,4,3,5,3,4,2,1,1,6,1,3,90000,1,3,2,0
2,4,1,1,3,1,4,2,3,1,1,1,1,2,3,130000,1,3,2,0
2,16,1,8,3,9,3,3,2,1,1,2,1,1,1,82000,1,1,3,0
1,2,2,2,1,15,2,1,3,1,1,3,1,1,2,6262,2,2,2,0
2,7,3,2,1,8,2,1,4,1,1,7,1,1,1,33780,1,1,1,0
1,1,1,1,1,4,7,2,3,1,1,1,1,2,1,62507,1,1,1,0
2,4,1,3,1,1,7,2,4,1,1,3,1,2,3,100000,1,3,2,0
2,4,1,1,3,6,5,2,1,1,1,8,1,2,3,68000,1,3,2,0
2,7,1,3,1,1,1,2,3,1,1,2,1,1,1,35244,1,1,1,0
2,18,1,2,1,1,4,2,3,1,1,1,1,2,1,140764,1,1,3,0
2,2,1,2,3,7,4,1,3,1,1,3,3,2,2,40701,2,2,2,0
2,2,2,1,1,13,2,1,3,1,1,1,3,1,2,7984,2,2,2,0
2,13,1,1,1,1,1,2,3,1,1,1,1,1,1,47731,1,1,1,0
2,14,1,1,1,1,3,1,3,2,3,2,2,1,5,18720,3,2,2,0
2,14,3,5,3,1,2,3,3,1,1,1,1,1,5,7488,3,2,2,0
1,14,3,3,1,1,7,2,2,1,1,1,2,1,5,12348,3,2,2,0
1,14,1,1,12,1,7,2,3,1,1,1,2,2,5,10476,3,2,2,0
1,3,1,2,1,1,7,2,4,1,1,1,3,1,1,44916,1,1,3,0
2,4,1,1,2,1,7,2,1,1,1,1,1,1,3,300000,1,3,2,0
1,1,1,2,1,16,7,3,2,2,1,3,1,1,1,44449,1,1,1,0
2,7,2,3,1,13,7,2,3,1,1,1,1,1,1,2940,1,1,1,0
2,6,1,6,8,9,2,2,2,2,1,5,1,1,1,14856,2,2,2,0
2,11,1,7,1,1,4,2,3,1,1,3,4,1,1,56544,1,1,1,0
1,4,1,2,3,5,1,2,4,1,1,3,1,2,3,125000,1,3,2,0
2,10,1,1,3,1,3,1,2,1,1,1,1,2,4,73576,1,1,1,0
2,2,2,2,1,1,3,1,1,1,1,1,6,2,2,262992,2,2,2,0
2,3,1,3,1,1,4,3,4,1,1,3,1,2,1,43416,1,1,3,0
2,7,2,2,1,8,3,2,3,1,1,3,1,1,1,61194,1,1,1,0
2,4,1,1,1,2,7,3,3,1,1,2,1,1,3,86000,1,3,2,0
2,16,1,2,1,1,2,2,1,1,1,3,5,1,1,36720,1,1,3,0
2,1,1,1,12,1,3,1,3,1,1,8,1,2,1,97233,1,1,1,0
2,4,1,4,8,1,7,2,3,1,1,2,1,1,3,55000,1,3,2,0
2,2,2,1,1,1,1,2,4,1,1,2,3,1,2,17220,2,2,2,0
1,9,2,1,1,2,7,2,1,1,1,1,1,1,2,30000,2,2,2,0
1,2,1,1,1,2,7,2,3,1,1,7,6,1,2,18780,2,2,2,0
1,1,1,1,1,4,4,1,3,1,1,2,1,2,1,76397,1,1,1,0
2,9,2,1,5,6,7,3,2,1,1,3,1,1,2,15900,2,2,2,0
2,1,1,2,3,13,2,3,3,1,1,4,6,1,1,55562,1,1,1,0
2,4,1,2,9,4,1,2,3,1,1,1,1,1,3,104000,1,3,2,0
1,6,3,7,5,1,1,2,2,1,1,3,3,1,1,7428,2,2,2,0
2,18,1,1,12,4,2,2,1,1,1,1,1,1,1,68820,1,1,3,0
2,1,1,1,1,1,7,1,1,1,2,2,1,1,1,76397,1,1,1,0
2,1,1,1,1,1,3,2,4,1,1,2,1,1,1,69452,1,1,1,0
2,13,1,6,1,9,7,2,4,1,1,1,2,1,1,26925,1,1,1,0
2,6,1,2,6,1,1,2,3,1,1,5,1,1,1,28788,2,2,2,0
1,4,1,1,1,4,7,1,1,1,1,1,5,1,3,73000,1,3,2,0
2,4,1,1,10,1,5,1,2,1,2,1,1,1,3,75000,1,3,2,0
2,2,1,1,1,1,5,2,3,1,1,7,3,2,2,9862,2,2,2,0
2,4,1,3,1,1,7,2,4,1,1,8,1,1,3,90000,1,3,2,0
2,2,1,1,1,14,2,2,3,1,1,1,4,1,2,14089,2,2,2,0
2,7,1,5,1,1,3,2,4,1,1,2,1,2,1,55075,1,1,1,0
2,4,1,1,1,1,1,1,2,1,1,6,1,1,3,89000,1,3,2,0
2,13,1,4,1,1,4,2,2,1,3,1,1,1,1,42836,1,1,1,0
2,4,1,2,1,1,7,2,4,2,1,1,3,1,3,105000,1,3,2,0
1,4,1,1,4,13,2,2,3,1,1,3,1,1,3,80000,1,3,2,0
2,4,1,1,1,2,7,2,1,1,1,3,1,1,3,92000,1,3,2,0
2,1,1,3,1,13,8,3,3,1,1,2,1,2,1,63201,1,1,1,0
2,4,1,2,1,1,3,1,4,1,1,1,1,1,3,89000,1,3,2,0
2,2,1,1,1,1,2,2,3,1,1,1,3,2,2,2448,2,2,2,0
1,13,1,1,1,1,2,2,1,1,1,4,2,1,1,26558,1,1,1,0
2,7,1,5,1,1,7,2,2,1,1,2,1,1,1,46992,1,1,1,0
2,6,1,1,3,9,4,2,1,1,1,1,6,1,1,8496,2,2,2,0
2,7,1,5,1,1,3,2,3,1,1,2,1,2,1,85671,1,1,1,0
1,7,1,1,5,9,7,1,2,1,1,2,4,1,1,97910,1,1,1,0
2,4,3,2,3,8,7,3,2,2,3,8,1,1,3,55000,1,3,2,0
2,6,1,7,3,15,4,2,2,1,1,5,1,1,1,39276,2,2,2,0
2,4,1,2,3,1,4,2,1,1,2,1,1,2,3,110000,1,3,2,0
1,7,1,1,5,1,2,3,2,1,1,4,6,1,1,49200,1,1,1,0
2,7,1,2,1,1,11,2,2,1,1,3,1,1,1,76368,1,1,1,0
2,11,1,2,3,13,2,2,2,1,1,2,1,1,1,50179,1,1,1,0
2,2,2,2,6,4,7,3,1,1,1,3,3,2,2,12524,2,2,2,0
1,4,1,1,1,4,2,2,3,1,1,1,1,1,3,85000,1,3,2,0
1,4,1,3,1,3,7,3,3,1,1,1,3,1,3,35000,1,3,2,0
2,2,1,2,1,1,1,2,3,1,1,8,3,1,2,7140,2,2,2,0
2,2,1,2,1,1,1,2,2,1,1,9,3,2,2,8448,2,2,2,0
1,6,1,1,8,1,1,2,2,1,1,1,1,2,1,19536,2,2,2,0
1,4,1,1,1,4,3,1,4,2,1,4,6,1,3,152000,1,3,2,0
2,2,1,1,1,4,7,3,1,1,1,3,1,2,2,15654,2,2,2,0
1,4,1,1,3,6,7,3,4,2,1,3,1,1,3,87450,1,3,2,0
1,4,1,1,6,4,2,4,4,1,1,1,2,1,3,120000,1,3,2,1
2,5,1,3,1,9,3,3,2,1,1,3,1,1,1,24696,2,2,1,0
1,7,3,2,3,8,3,3,3,1,1,3,1,2,1,30597,1,1,1,0
2,4,2,7,4,14,2,2,3,2,1,1,1,1,3,68000,1,3,2,0
1,12,1,4,12,4,7,2,3,1,1,2,1,1,3,49923,1,1,1,0
2,7,1,2,1,1,1,1,2,1,1,2,1,2,1,73433,1,1,1,0
2,4,1,1,1,4,7,1,1,1,1,2,1,2,3,132000,1,3,2,0
1,13,1,2,1,2,7,2,1,1,1,2,2,1,1,48955,1,1,1,0
2,5,1,4,11,1,5,2,3,1,1,3,1,2,1,9180,2,2,1,0
2,9,2,1,3,1,5,2,2,1,1,7,1,1,2,15900,2,2,2,0
1,4,1,1,1,4,5,1,4,1,1,2,6,1,3,44292,1,3,2,0
2,7,1,3,7,15,11,2,4,1,1,8,1,1,1,55075,1,1,1,0
2,1,1,1,1,4,1,2,3,1,1,1,1,1,1,48616,1,1,1,0
2,17,1,1,1,4,7,2,2,1,1,1,1,1,1,33048,1,1,3,0
2,5,1,1,1,1,1,2,2,1,1,3,1,1,1,88224,2,2,1,0
1,1,2,1,1,1,3,1,2,1,1,1,5,1,1,100011,1,1,1,0
2,1,1,1,12,1,7,2,4,1,1,2,1,1,1,37504,1,1,1,0
2,2,1,2,8,1,5,2,2,1,1,3,3,2,2,4056,2,2,2,0
2,17,1,1,12,1,7,2,3,1,1,1,1,1,1,44064,1,1,3,0
2,1,1,1,1,1,1,2,2,1,1,1,1,1,1,69452,1,1,1,0
2,4,1,1,1,1,1,2,1,1,1,3,1,1,3,140000,1,3,2,0
1,4,1,1,8,11,2,2,2,1,1,3,1,1,3,65000,1,3,2,0
2,4,1,1,2,1,7,2,3,2,1,5,1,1,3,70000,1,3,2,0
2,12,1,1,2,1,7,2,1,1,1,5,1,1,3,94613,1,1,1,0
2,13,1,6,1,1,1,2,4,2,1,5,1,1,1,29376,1,1,1,0
2,1,1,5,1,1,5,2,4,1,1,2,1,1,1,31948,1,1,1,0
2,4,1,3,11,1,1,2,3,1,1,2,3,1,3,80000,1,3,2,0
2,19,1,2,1,1,1,2,3,1,1,2,1,1,1,75391,1,1,3,0
2,4,1,3,1,6,3,1,1,1,1,1,1,1,3,80000,1,3,2,0
2,1,1,2,7,1,11,2,1,1,1,1,1,1,1,62507,1,1,1,0
2,2,1,2,1,1,7,1,1,1,1,1,2,1,2,22699,2,2,2,0
2,18,3,2,1,8,7,1,2,1,1,2,1,1,1,56931,1,1,3,0
2,1,1,1,9,1,2,1,2,1,1,1,1,1,1,34726,1,1,1,0
2,16,1,1,1,1,4,1,3,1,1,1,6,2,1,40388,1,1,3,0
2,19,1,1,1,1,7,2,3,1,1,1,1,2,1,73433,1,1,3,0
2,7,1,1,1,1,7,2,3,1,1,3,1,2,1,73433,1,1,1,0
2,16,1,2,4,1,5,2,3,1,1,4,1,1,1,69024,1,1,3,0
2,4,1,6,3,4,5,2,4,1,1,4,1,1,3,76000,1,3,2,0
2,12,1,1,1,1,3,2,3,1,1,1,1,2,3,132860,1,1,1,0
2,2,1,1,1,1,2,2,2,1,1,1,3,2,2,4128,2,2,2,0
1,4,1,1,1,1,1,2,4,1,1,1,1,1,3,120000,1,3,2,0
2,7,1,2,1,9,3,2,4,2,2,1,1,1,1,65901,1,1,1,0
2,1,1,1,1,1,1,2,2,1,1,2,1,1,1,40282,1,1,1,0
2,7,1,2,7,1,1,1,2,1,1,3,1,2,1,73433,1,1,1,0
2,4,1,1,1,4,4,1,3,1,1,8,1,1,3,165000,1,3,2,0
2,16,1,2,1,1,1,1,4,1,1,4,1,1,1,79552,1,1,3,0
2,4,1,2,6,1,3,2,3,1,1,1,3,1,3,96000,1,3,2,0
2,12,1,1,7,4,4,1,3,1,1,1,1,2,3,79619,1,1,1,0
2,1,1,1,1,1,1,1,2,1,1,8,1,1,1,55562,1,1,1,0
2,6,1,2,1,1,5,3,3,2,1,8,1,1,1,5100,2,2,2,0
1,4,1,1,7,8,3,2,2,1,3,1,1,1,3,150000,1,3,2,0
2,2,1,2,1,1,2,4,1,1,1,7,3,2,2,11271,2,2,2,1
2,9,1,1,1,4,1,1,3,1,1,6,1,1,2,46092,2,2,2,0
2,1,1,1,5,4,1,2,3,1,1,2,1,1,1,38893,1,1,1,0
1,4,1,1,4,4,2,2,2,2,1,3,1,1,3,76000,1,3,2,0
2,2,1,1,3,1,5,1,3,1,1,4,1,2,2,20292,2,2,2,0
2,4,1,1,1,1,2,1,4,1,1,1,1,1,3,72000,1,3,2,0
2,4,1,1,1,1,4,1,4,1,1,1,1,1,3,140000,1,3,2,0
2,11,1,2,1,1,1,2,4,1,1,2,1,1,1,124410,1,1,1,0
2,15,1,1,1,1,7,2,2,1,1,1,1,2,2,108840,1,1,2,0
2,1,1,1,5,14,2,2,1,2,1,1,1,1,1,48616,1,1,1,0
2,4,1,1,2,1,7,1,1,1,1,3,1,1,3,130000,1,3,2,0
2,4,1,2,1,1,7,2,2,1,1,7,1,2,3,91000,1,3,2,0
2,7,3,1,1,1,2,2,3,2,1,1,1,2,1,19752,1,1,1,0
1,5,1,2,1,7,8,1,2,1,1,3,1,2,1,54696,2,2,1,0
1,1,1,1,7,1,2,1,2,2,1,5,1,1,1,59729,1,1,1,0
2,2,1,2,1,1,7,2,3,1,1,3,3,1,2,15654,2,2,2,0
2,7,1,5,1,1,1,3,1,1,2,2,1,1,1,54336,1,1,1,0
2,7,1,5,3,1,7,2,3,1,1,5,1,1,1,58752,1,1,1,0
2,4,1,2,7,1,1,2,4,2,2,4,1,1,3,600000,1,3,2,0
1,6,1,7,8,1,1,2,3,1,1,3,1,2,1,36084,2,2,2,0
2,1,1,3,12,6,1,2,2,1,1,8,1,1,1,119457,1,1,1,0
2,14,1,3,1,4,7,1,2,1,1,1,1,1,5,11232,3,2,2,0
2,14,1,3,8,9,1,2,2,1,1,8,1,1,5,22452,3,2,2,0
2,4,1,1,1,9,3,2,2,1,2,3,1,1,3,109200,1,3,2,0
2,5,1,2,1,1,3,2,3,2,1,3,1,1,1,70500,2,2,1,0
2,4,1,1,1,4,2,1,3,1,1,1,1,1,3,65000,1,3,2,0
2,4,1,1,1,4,1,2,4,1,1,1,1,1,3,108000,1,3,2,0
1,4,1,4,1,1,7,1,2,1,1,1,2,2,3,82000,1,3,2,0
1,3,1,1,12,1,7,2,3,1,1,7,4,1,1,583884,1,1,3,0
2,4,1,1,1,1,1,2,3,1,1,3,1,2,3,92000,1,3,2,0
2,4,1,4,1,1,1,2,3,1,1,2,1,1,3,60500,1,3,2,0
2,6,1,1,4,1,2,2,1,1,1,8,1,1,1,26532,2,2,2,0
1,16,1,2,1,1,1,2,3,1,1,1,1,2,1,46992,1,1,3,0
2,4,1,3,4,15,2,2,4,1,1,4,1,1,3,112500,1,3,2,0
2,4,1,2,4,1,1,2,3,1,1,2,1,1,3,60000,1,3,2,0
2,4,1,1,1,7,2,1,2,1,1,1,1,1,3,47000,1,3,2,0
2,7,1,2,8,10,7,1,2,1,1,3,1,1,1,85671,1,1,1,0
2,11,1,2,1,4,4,2,2,1,1,2,1,2,1,67313,1,1,1,0
1,4,2,4,1,18,5,1,2,1,1,3,1,1,3,48000,1,3,2,0
2,11,1,3,4,3,11,2,3,1,1,1,1,1,1,23496,1,1,1,0
2,12,1,3,1,1,7,3,4,1,1,2,1,1,3,57170,1,1,1,0
2,20,1,2,11,1,5,1,3,1,1,3,1,1,1,9600,3,2,2,0
1,4,1,7,3,1,1,2,4,1,1,5,1,2,3,85000,1,3,2,0
2,4,1,1,1,1,7,2,2,1,1,1,1,1,3,72000,1,3,2,0
1,2,1,1,3,3,5,1,3,2,1,1,1,2,2,1879,2,2,2,0
2,13,1,6,12,1,7,2,4,1,1,5,2,1,1,22836,1,1,1,0
1,1,1,1,1,1,7,2,3,1,1,2,1,1,1,43060,1,1,1,0
2,4,1,2,1,1,11,2,4,1,1,1,1,1,3,2000000,1,3,2,0
2,7,1,2,1,1,11,2,2,1,1,4,1,2,1,91791,1,1,1,0
2,4,1,1,4,3,2,1,4,1,1,3,1,1,3,45000,1,3,2,0
2,7,2,2,1,4,1,2,4,1,1,2,1,1,1,66089,1,1,1,0
2,4,1,1,1,1,3,2,3,1,1,3,1,1,3,80000,1,3,2,0
2,4,1,1,6,1,2,2,3,1,3,3,1,1,3,90000,1,3,2,0
2,8,1,2,1,1,3,1,4,1,1,3,1,1,1,42836,1,1,1,0
2,17,1,1,1,1,1,1,2,1,1,4,1,1,1,41124,1,1,3,0
1,5,1,2,5,1,1,2,2,1,1,2,1,2,1,58224,2,2,1,0
2,7,1,1,1,1,1,2,3,1,1,3,1,1,1,63642,1,1,1,0
2,14,1,1,8,2,1,2,3,1,1,7,1,2,5,22452,3,2,2,0
1,4,1,1,1,1,1,1,3,1,1,6,1,2,3,92000,1,3,2,0
2,4,3,4,1,1,4,1,2,1,1,8,1,1,3,104000,1,3,2,0
2,2,1,2,1,7,7,2,3,1,1,2,3,1,2,9706,2,2,2,0
2,4,1,1,9,6,2,1,4,1,3,1,1,1,3,70000,1,3,2,0
2,4,1,1,1,11,2,3,3,2,1,4,6,1,3,80000,1,3,2,0
2,4,1,3,1,9,3,1,4,1,1,3,1,1,3,110000,1,3,2,0
1,4,1,1,1,7,7,1,4,1,1,1,1,1,3,95000,1,3,2,0
1,14,1,1,1,5,3,2,3,1,1,1,2,1,5,78600,3,2,2,0
1,5,1,3,1,1,11,1,3,1,1,3,1,2,1,52932,2,2,1,0
2,4,1,1,1,1,1,1,2,1,1,1,3,1,3,500000,1,3,2,0
2,4,1,4,8,4,7,2,1,1,1,1,1,2,3,53000,1,3,2,0
2,12,1,4,1,1,4,1,4,1,1,8,1,1,3,48313,1,1,1,0
2,2,1,1,1,3,7,1,3,1,1,8,3,1,2,54790,2,2,2,0
1,7,1,2,1,2,7,2,2,1,1,1,1,1,1,63642,1,1,1,0
2,13,1,3,12,4,2,3,3,1,1,8,1,1,1,40388,1,1,1,0
2,8,1,3,1,1,1,2,4,1,1,2,1,1,1,29376,1,1,1,0
2,4,1,1,3,1,2,1,1,1,1,4,1,2,3,115000,1,3,2,0
2,6,1,2,1,1,11,1,2,1,1,3,1,2,1,12732,2,2,2,0
2,17,1,1,1,17,7,2,2,1,1,6,1,1,1,44064,1,1,3,0
1,18,1,1,1,6,4,2,3,1,1,6,1,1,1,61308,1,1,3,0
2,4,2,1,8,1,3,1,3,1,1,8,1,1,3,112500,1,3,2,0
2,9,2,1,1,1,2,2,2,1,1,2,1,2,2,15900,2,2,2,0
2,14,1,2,7,1,1,3,3,1,1,1,1,1,5,14976,3,2,2,0
2,14,3,3,3,15,1,3,2,1,1,4,2,1,5,14184,3,2,2,0
2,4,1,1,1,3,1,1,1,1,1,1,1,1,3,99800,1,3,2,0
2,1,1,5,1,1,2,1,2,1,1,1,1,1,1,666744,1,1,1,0
1,1,1,1,1,1,7,2,2,1,1,3,1,1,1,55562,1,1,1,0
2,4,1,1,1,1,1,2,4,1,1,1,1,1,3,150000,1,3,2,0
2,4,1,2,1,9,3,2,4,1,1,5,1,2,3,101000,1,3,2,0
2,4,1,1,2,4,5,2,4,1,1,4,1,1,3,50000,1,3,2,0
2,7,1,2,1,9,4,2,4,1,1,3,1,1,1,62846,1,1,1,0
1,14,1,4,1,1,1,2,3,1,1,1,1,1,5,28068,3,2,2,0
1,4,3,1,4,14,1,2,4,1,1,1,1,1,3,60000,1,3,2,0
1,11,1,2,1,1,1,2,3,1,1,3,4,1,1,45283,1,1,1,0
2,12,1,4,1,1,1,3,3,2,1,3,1,1,3,48313,1,1,1,0
2,4,1,1,1,7,11,1,3,1,1,3,1,1,3,93000,1,3,2,0
2,4,1,1,1,1,1,2,3,1,1,1,1,2,3,78000,1,3,2,0
1,4,1,1,1,1,1,3,3,1,1,6,1,1,3,130000,1,3,2,0
2,7,1,2,1,1,4,2,3,1,1,4,1,2,1,660900,1,1,1,0
2,4,2,1,1,16,3,3,2,1,1,2,1,1,3,30000,1,3,2,0
2,2,1,2,1,1,4,2,3,1,1,2,6,2,2,338136,2,2,2,0
2,4,1,1,1,14,1,1,4,1,1,3,1,1,3,106000,1,3,2,0
1,7,1,1,1,4,7,2,3,2,1,1,1,1,1,67313,1,1,1,0
2,7,1,1,1,1,3,1,2,1,1,1,1,2,1,44064,1,1,1,0
2,4,1,2,5,1,1,2,2,1,1,1,1,2,3,115000,1,3,2,0
2,1,1,2,1,1,4,2,2,2,1,3,3,1,1,36115,1,1,1,0
2,3,1,2,12,1,3,2,3,1,1,2,3,1,1,56892,1,1,3,0
2,13,2,1,1,5,1,2,2,1,1,2,2,1,1,352476,1,1,1,0
2,3,1,3,1,1,1,1,4,1,1,1,1,1,1,1000000,1,1,3,0
1,11,1,3,12,1,7,2,4,1,1,4,1,1,1,29376,1,1,1,0
2,4,1,1,1,1,4,2,3,1,1,4,3,1,3,131000,1,3,2,0
2,4,1,1,1,1,11,2,4,1,1,1,1,1,3,100000,1,3,2,0
2,12,1,2,1,13,2,3,2,1,1,3,1,1,3,48313,1,1,1,0
2,4,1,1,6,1,7,2,3,1,1,1,1,1,3,56000,1,3,2,0
1,18,1,1,3,8,2,1,3,2,1,3,2,1,1,75912,1,1,3,0
2,13,1,2,2,3,7,2,2,1,1,5,1,2,1,88116,1,1,1,0
2,12,1,1,4,1,2,2,4,1,1,3,1,1,3,37845,1,1,1,0
2,12,1,1,3,14,5,2,1,1,1,3,1,1,3,80521,1,1,1,0
1,4,1,1,2,1,5,2,3,2,1,1,6,1,3,95000,1,3,2,0
2,20,1,2,8,1,7,3,3,1,1,1,1,1,1,30072,3,2,2,0
2,12,3,1,1,1,11,2,4,1,1,4,1,2,3,64417,1,1,1,0
2,4,1,3,11,6,4,2,3,1,1,8,1,1,3,165000,1,3,2,0
2,4,1,1,1,1,3,2,3,1,1,2,1,2,3,84000,1,3,2,0
2,14,3,1,1,1,7,2,3,1,1,1,2,1,5,20592,3,2,2,0
2,4,1,3,1,1,4,3,2,1,1,8,1,1,3,100000,1,3,2,0
1,7,1,2,1,1,7,1,2,2,4,3,1,1,1,70985,1,1,1,0
2,13,1,1,1,1,1,2,4,1,1,2,1,1,1,61194,1,1,1,0
2,4,1,4,1,1,11,2,3,1,1,1,1,1,3,125000,1,3,2,0
2,12,1,1,1,1,3,1,2,1,1,6,1,2,3,80521,1,1,1,0
2,4,1,3,1,1,1,3,4,1,1,1,1,2,3,85000,1,3,2,0
1,16,1,1,1,1,1,2,3,1,1,1,2,1,1,80776,1,1,3,0
1,1,1,1,1,1,4,1,1,1,1,2,1,2,1,79175,1,1,1,0
1,11,2,2,1,15,7,1,4,1,1,2,1,1,1,78828,1,1,1,0
1,4,1,1,9,1,4,2,4,1,1,8,1,2,3,73500,1,3,2,0
2,2,1,1,1,1,7,2,1,1,1,9,3,1,2,11268,2,2,2,0
1,2,1,1,1,1,2,1,2,1,1,3,1,1,2,7584,2,2,2,0
2,2,1,1,1,3,5,1,1,1,1,3,3,1,2,0,2,2,2,0
2,7,1,2,1,1,7,2,3,1,1,2,1,1,1,58085,1,1,1,0
2,7,1,1,1,7,2,2,2,1,1,4,1,1,1,48955,1,1,1,0
2,5,1,2,1,9,7,2,4,1,1,3,1,1,1,21168,2,2,1,0
2,4,1,1,8,1,4,3,2,2,2,8,7,1,3,120000,1,3,2,0
2,7,1,2,7,4,1,1,3,1,1,3,1,2,1,40388,1,1,1,0
2,12,1,1,1,1,4,2,2,1,1,1,1,1,3,68846,1,1,1,0
2,8,1,2,1,3,8,2,2,1,1,5,1,1,1,55653,1,1,1,0
2,1,1,1,12,3,2,2,3,1,1,3,1,1,1,39935,1,1,1,0
2,1,1,3,8,1,7,2,1,1,1,8,1,1,1,58340,1,1,1,0
2,4,1,1,1,2,4,1,1,1,1,1,1,2,3,206000,1,3,2,0
2,4,2,1,8,1,1,2,2,1,1,1,1,1,3,65000,1,3,2,0
2,4,1,1,7,1,2,2,4,1,1,8,4,1,3,140000,1,3,2,0
1,4,1,4,1,1,2,1,1,2,2,1,1,1,3,41000,1,3,2,0
2,11,1,2,1,1,1,2,3,1,1,7,1,1,1,39164,1,1,1,0
1,4,1,1,1,1,1,2,3,1,1,8,3,1,3,150000,1,3,2,0
2,3,1,2,1,1,4,3,4,1,1,3,1,1,1,72361,1,1,3,0
2,4,1,1,1,9,1,3,3,1,1,1,1,1,3,97500,1,3,2,0
2,4,1,3,2,3,3,2,2,1,1,3,1,1,3,125000,1,3,2,0
2,4,1,5,1,1,2,3,3,1,1,6,1,1,3,57500,1,3,2,0
2,4,1,5,1,4,5,2,2,1,1,5,1,2,3,120500,1,3,2,0
2,4,2,1,8,18,2,2,3,1,1,6,1,1,3,37000,1,3,2,0
1,4,1,4,1,14,7,2,4,1,1,1,1,1,3,840000,1,3,2,0
1,4,1,2,8,14,7,2,3,1,1,3,4,1,3,900000,1,3,2,0
2,4,1,1,8,14,7,2,1,1,1,1,1,1,3,90000,1,3,2,0
2,14,1,1,3,3,3,1,4,1,1,1,7,1,5,44916,3,2,2,0
2,1,1,1,1,1,3,1,1,1,1,3,1,2,1,76397,1,1,1,0
2,4,1,2,7,1,2,2,2,1,1,4,6,1,3,85000,1,3,2,0
2,4,1,1,4,3,2,2,3,1,1,1,1,1,3,78000,1,3,2,0
2,13,1,2,3,7,7,2,3,1,1,1,1,1,1,31209,1,1,1,0
2,15,1,1,3,5,7,2,3,1,1,4,1,2,2,122880,1,1,2,0
2,10,1,1,1,1,3,2,3,1,1,8,1,2,4,499032,1,1,1,0
2,2,1,1,1,3,5,2,1,1,1,8,3,1,2,3480,2,2,2,0
2,2,1,9,1,1,3,3,4,1,1,3,6,2,2,22548,2,2,2,0
2,4,1,1,5,5,7,1,3,1,1,5,1,1,3,140000,1,3,2,0
2,4,1,1,1,1,7,2,2,1,1,3,1,1,3,72000,1,3,2,0
2,6,1,3,1,1,1,2,4,1,1,8,1,1,1,33972,2,2,2,0
2,2,1,1,1,1,7,3,3,1,1,7,3,2,2,21916,2,2,2,0
2,7,1,1,3,1,2,2,3,1,1,1,1,1,1,52872,1,1,1,0
1,4,1,1,1,4,2,1,3,1,1,1,1,1,3,78000,1,3,2,0
2,5,1,1,1,1,7,2,2,1,1,2,1,1,1,11292,2,2,1,0
2,10,1,1,1,1,7,2,4,1,1,6,1,1,4,67977,1,1,1,0
2,2,1,1,3,4,2,2,3,1,1,1,3,2,2,17220,2,2,2,0
2,4,1,2,1,1,4,1,4,1,1,4,1,2,3,420000,1,3,2,0
1,15,2,1,1,2,2,2,2,1,1,3,1,2,2,56172,1,1,2,0
2,2,2,2,12,1,2,2,4,1,1,1,3,1,2,7827,2,2,2,0
1,11,1,2,3,1,1,2,2,1,1,3,1,1,1,61194,1,1,1,0
2,13,1,1,1,1,7,2,2,1,1,1,2,1,1,22032,1,1,1,0
2,4,1,3,12,1,11,1,4,1,1,1,1,1,3,60000,1,3,2,0
2,19,1,1,1,1,7,2,3,2,1,1,1,1,1,66579,1,1,3,0
2,7,2,1,1,11,1,2,2,1,1,8,1,2,1,67313,1,1,1,0
2,2,1,1,1,1,7,2,1,1,1,1,1,1,2,8448,2,2,2,0
2,7,2,3,7,1,7,2,1,1,1,4,1,1,1,36716,1,1,1,0
2,13,1,2,1,1,7,1,2,1,1,7,1,1,1,40388,1,1,1,0
2,7,1,3,7,1,1,1,3,1,1,1,1,1,1,73433,1,1,1,0
2,4,1,3,1,2,1,2,1,1,1,3,1,1,3,110000,1,3,2,0
2,7,1,5,1,1,2,2,3,1,1,7,1,1,1,61680,1,1,1,0
1,12,1,1,1,1,1,3,1,1,1,6,1,1,3,46702,1,1,1,0
2,7,1,2,1,1,3,2,3,1,1,1,2,1,1,65600,1,1,1,0
2,14,1,1,4,3,2,2,1,1,1,1,1,1,5,7860,3,2,2,0
1,12,1,1,1,1,7,2,2,2,2,8,1,1,3,67638,1,1,1,0
2,4,1,1,1,5,3,2,3,1,1,1,1,2,3,120000,1,3,2,0
1,4,1,1,11,1,2,3,3,1,1,3,1,2,3,97000,1,3,2,0
1,7,2,1,1,9,1,2,2,2,1,2,1,1,1,6612,1,1,1,0
2,5,1,2,1,1,1,2,3,1,1,3,1,1,1,24912,2,2,1,0
2,16,1,4,1,1,7,1,4,1,1,3,1,2,1,51408,1,1,3,0
1,10,2,1,1,1,1,1,3,2,1,1,3,2,4,79950,1,1,1,0
2,4,1,1,1,11,2,3,4,1,1,1,1,1,3,60000,1,3,2,0
2,4,1,1,1,7,11,2,3,1,1,1,1,2,3,102000,1,3,2,0
2,16,1,2,2,3,5,1,3,2,1,3,1,1,1,36720,1,1,3,0
2,16,1,2,1,1,3,1,1,1,1,1,1,1,1,110149,1,1,3,0
2,7,1,2,1,1,3,2,2,1,1,2,1,2,1,68537,1,1,1,0
1,4,2,1,1,8,7,1,2,2,1,4,1,1,3,60000,1,3,2,0
2,7,2,1,1,1,7,1,4,1,3,8,1,1,1,48955,1,1,1,0
1,4,1,1,1,1,7,1,3,2,1,5,1,2,3,95000,1,3,2,0
2,4,1,3,1,1,4,2,3,1,1,8,1,2,3,139000,1,3,2,0
2,1,1,3,4,1,7,1,2,1,1,3,1,1,1,111123,1,1,1,0
1,1,1,7,3,9,7,1,3,1,1,2,1,2,1,58340,1,1,1,0
1,4,1,1,1,3,3,1,2,1,1,2,1,2,3,1560000,1,3,2,0
2,4,1,1,1,5,4,2,4,1,1,2,1,2,3,135000,1,3,2,0
2,13,1,2,1,4,2,2,1,1,1,3,1,1,1,55075,1,1,1,0
2,2,1,2,1,2,2,2,3,1,1,3,1,2,2,5792,2,2,2,0
2,2,1,1,1,1,2,2,3,1,1,2,3,2,2,10958,2,2,2,0
1,8,1,7,1,10,10,2,3,1,1,3,3,2,1,97910,1,1,1,0
2,8,1,1,3,1,4,2,1,1,1,7,1,2,1,558084,1,1,1,0
2,18,2,7,3,14,2,1,3,1,1,3,3,1,1,72989,1,1,3,0
1,14,1,6,8,4,3,1,3,1,1,2,2,1,5,22452,3,2,2,0
2,11,1,3,1,1,7,1,3,1,1,3,5,1,1,56298,1,1,1,0
2,12,2,1,6,1,7,1,1,1,1,3,1,1,3,68443,1,1,1,0
2,4,1,2,5,14,2,1,2,1,1,5,1,2,3,145000,1,3,2,0
1,12,1,1,3,2,2,1,4,2,1,4,1,1,3,56365,1,1,1,0
1,4,1,1,1,1,1,1,2,1,1,1,1,1,3,60000,1,3,2,0
1,7,1,1,1,4,7,2,4,1,1,2,1,1,1,67313,1,1,1,0
2,4,1,1,6,3,2,2,2,2,1,3,1,1,3,65000,1,3,2,0
2,19,3,1,1,1,1,2,2,1,1,2,1,1,1,61194,1,1,3,0
2,4,1,1,1,1,3,1,3,1,2,1,1,2,3,125000,1,3,2,0
2,18,1,2,1,1,4,1,2,1,1,2,1,1,1,135550,1,1,3,0
2,15,1,3,1,1,2,3,3,1,1,1,4,2,2,94788,1,1,2,0
2,2,1,1,1,4,7,2,3,1,1,9,1,1,2,21916,2,2,2,0
2,14,1,1,1,2,1,2,3,1,1,8,1,1,5,25080,3,2,2,0
1,12,1,1,1,1,3,2,4,1,1,1,2,1,3,56365,1,1,1,0
2,20,1,2,1,1,2,2,4,1,1,8,1,1,1,13368,3,2,2,0
2,3,1,3,3,1,3,2,2,1,1,2,1,1,1,46992,1,1,3,0
2,2,3,2,6,4,2,3,1,1,1,3,5,1,2,8140,2,2,2,0
2,3,1,2,10,4,5,2,4,1,1,1,1,1,1,40428,1,1,3,0
2,12,1,1,1,4,7,2,2,1,1,1,1,1,3,50326,1,1,1,0
2,1,1,2,3,1,1,2,1,1,2,4,1,1,1,41671,1,1,1,0
2,4,1,1,1,1,4,2,4,1,1,6,1,1,3,111000,1,3,2,0
2,16,1,4,12,1,1,2,3,1,1,3,3,1,1,36716,1,1,3,0
2,4,1,1,3,1,5,1,3,1,1,5,1,1,3,58000,1,3,2,0
1,2,1,1,3,1,7,2,3,1,1,3,2,2,2,18785,2,2,2,0
2,4,1,1,1,1,7,2,3,1,1,3,1,2,3,75000,1,3,2,0
2,1,1,8,10,1,1,3,3,1,1,5,1,2,1,43755,1,1,1,0
2,13,1,3,12,1,7,2,2,1,1,3,1,1,1,42836,1,1,1,0
2,4,1,1,1,1,1,1,4,1,1,1,1,2,3,92000,1,3,2,0
2,4,1,2,1,1,1,2,3,1,1,3,1,2,3,150000,1,3,2,0
1,1,1,1,1,4,1,1,4,1,1,1,1,1,1,38893,1,1,1,0
1,4,3,1,8,14,7,3,2,1,1,1,1,1,3,82500,1,3,2,0
2,18,1,2,1,4,7,1,4,1,1,3,1,1,1,62556,1,1,3,0
2,4,1,1,8,1,1,1,2,1,1,3,1,1,3,95000,1,3,2,0
2,2,1,1,3,3,2,3,3,1,1,4,1,1,2,6262,2,2,2,0
2,4,1,3,1,1,7,3,3,1,1,3,1,1,3,1344000,1,3,2,0
2,4,1,1,1,4,1,2,3,1,1,1,1,2,3,95000,1,3,2,0
2,3,1,2,1,9,1,2,2,1,1,8,1,1,1,44916,1,1,3,0
2,2,2,1,3,6,5,2,1,1,1,1,3,1,2,2035,2,2,2,0
1,2,1,1,3,14,2,2,3,1,1,3,3,1,2,11193,2,2,2,0
2,6,1,2,1,1,1,2,3,1,1,4,1,1,1,76428,2,2,2,0
2,15,3,2,1,8,7,2,2,1,1,3,1,1,2,122880,1,1,2,0
2,7,1,1,1,1,3,2,2,1,1,2,1,1,1,66084,1,1,1,0
1,8,1,7,5,1,7,1,2,1,1,3,1,2,1,572772,1,1,1,0
2,7,1,2,7,14,7,2,4,1,1,4,1,1,1,71827,1,1,1,0
2,11,1,2,5,14,4,3,3,1,1,1,1,2,1,220298,1,1,1,0
1,12,1,1,3,11,3,2,2,2,1,8,1,1,3,72469,1,1,1,0
2,7,1,4,1,1,7,1,3,1,1,3,1,2,1,41124,1,1,1,0
2,4,1,1,1,1,2,1,4,1,1,8,1,2,3,74000,1,3,2,0
2,1,1,1,5,14,2,1,2,1,1,8,1,1,1,55562,1,1,1,0
2,1,3,1,1,1,3,2,3,1,1,2,1,1,1,73619,1,1,1,0
2,11,1,4,12,1,3,2,2,1,1,3,1,1,1,39164,1,1,1,0
2,1,1,1,1,1,3,2,3,1,1,2,1,2,1,90288,1,1,1,0
1,9,1,1,1,2,2,1,2,1,1,1,1,1,2,19068,2,2,2,0
2,1,1,1,1,1,7,2,3,1,1,1,2,1,1,55562,1,1,1,0
2,4,1,1,1,1,1,2,4,1,1,1,1,2,3,125000,1,3,2,0
2,12,1,1,1,1,4,2,2,1,1,6,5,1,3,62001,1,1,1,0
2,4,1,1,1,1,1,2,4,1,1,1,1,1,3,95000,1,3,2,0
2,4,1,1,1,1,3,2,2,1,1,1,1,1,3,138000,1,3,2,0
2,4,1,1,1,1,3,2,3,1,1,1,1,1,3,93000,1,3,2,0
2,4,1,1,1,10,2,2,4,1,1,5,1,2,3,46000,1,3,2,0
2,12,2,1,12,6,1,2,2,1,1,2,1,1,3,53949,1,1,1,0
2,2,1,1,1,4,2,1,3,2,1,2,3,2,2,7827,2,2,2,0
1,4,1,2,3,1,1,2,3,1,1,1,1,1,3,103000,1,3,2,0
2,1,1,3,3,1,7,2,4,1,1,3,1,2,1,52783,1,1,1,0
2,2,1,2,1,1,3,1,2,1,1,1,3,2,2,26612,2,2,2,0
2,6,2,6,1,1,7,1,2,2,1,5,1,1,1,10620,2,2,2,0
2,1,1,3,5,1,4,1,2,1,1,2,1,1,1,44449,1,1,1,0
2,12,1,2,5,1,1,1,2,1,1,5,1,1,3,80521,1,1,1,0
2,2,1,1,1,7,2,1,1,1,1,3,3,1,2,15492,2,2,2,0
2,4,1,1,1,7,1,2,4,1,1,6,1,1,3,98000,1,3,2,0
2,10,1,2,2,3,5,2,4,1,1,1,1,1,4,43985,1,1,1,0
2,14,1,3,1,1,1,3,3,1,1,1,2,1,5,7860,3,2,2,0
1,4,1,1,1,1,2,2,1,1,1,2,6,1,3,90000,1,3,2,0
1,4,3,1,1,4,2,3,3,1,1,8,3,2,3,100000,1,3,2,0
1,12,1,1,1,1,7,2,2,1,1,8,1,1,3,46702,1,1,1,0
2,7,2,2,1,1,6,2,1,1,1,4,1,1,1,64866,1,1,1,0
2,3,1,2,1,2,7,1,4,1,1,1,1,1,1,53004,1,1,3,0
2,4,1,1,5,2,7,1,1,1,1,1,1,1,3,92000,1,3,2,0
2,2,2,2,1,3,2,2,3,1,1,7,1,1,2,11652,2,2,2,0
2,4,1,3,1,1,7,2,3,1,2,8,1,1,3,77200,1,3,2,0
2,4,1,1,2,1,7,1,4,1,1,3,1,1,3,82000,1,3,2,0
2,1,1,2,1,1,1,3,4,1,1,1,4,1,1,90288,1,1,1,0
2,12,1,1,6,1,7,2,2,1,1,5,1,1,3,80521,1,1,1,0
2,4,1,1,10,1,7,2,2,1,1,1,1,1,3,59000,1,3,2,0
1,4,1,1,8,4,3,2,3,2,1,2,1,1,3,46992,1,3,2,0
2,1,1,1,1,15,4,1,4,1,1,1,1,2,1,84731,1,1,1,0
2,4,1,1,3,1,7,1,4,1,1,3,1,1,3,55000,1,3,2,0
2,4,1,7,7,4,1,1,4,1,1,1,1,2,3,170000,1,3,2,0
1,12,1,1,8,1,7,2,1,1,1,1,1,1,3,60391,1,1,1,0
2,4,1,1,5,11,2,2,3,1,1,3,1,1,3,70000,1,3,2,0
2,2,1,1,1,1,7,2,4,1,1,2,1,1,2,10332,2,2,2,0
1,7,2,1,1,3,3,2,1,1,1,4,1,1,1,62418,1,1,1,0
2,4,1,3,2,1,2,2,4,1,1,8,1,1,3,120000,1,3,2,0
2,4,1,2,3,8,3,2,4,1,1,4,3,2,3,130000,1,3,2,0
2,1,3,2,1,1,2,1,2,1,1,8,1,1,1,52783,1,1,1,0
1,2,1,1,1,1,3,2,4,1,1,8,1,1,2,39136,2,2,2,0
2,2,2,6,1,1,2,2,3,2,1,7,3,2,2,6576,2,2,2,0
2,2,1,1,8,1,7,3,3,1,1,7,3,2,2,9000,2,2,2,0
2,4,1,3,1,4,2,2,3,1,1,4,1,1,3,125000,1,3,2,0
2,4,1,1,9,3,5,2,3,1,2,8,5,1,3,86000,1,3,2,0
2,2,1,2,1,1,2,1,3,1,3,2,3,2,2,23998,2,2,2,0
2,1,1,1,1,1,7,2,3,1,1,2,1,1,1,41671,1,1,1,0
2,4,1,1,3,1,1,2,3,1,1,3,1,1,3,90000,1,3,2,0
1,10,1,1,1,3,7,2,3,2,3,2,6,1,4,59980,1,1,1,0
2,15,1,1,3,7,2,2,3,1,1,1,4,1,2,77232,1,1,2,0
2,2,1,1,1,3,5,1,3,2,1,1,4,2,2,3948,2,2,2,0
2,7,3,5,1,2,2,1,4,1,1,2,1,1,1,52627,1,1,1,0
2,7,1,4,1,1,1,2,3,1,1,2,4,1,1,51408,1,1,1,0
2,5,1,1,1,1,2,3,4,1,1,3,1,1,1,30168,2,2,1,0
2,3,1,3,1,1,3,1,3,1,1,1,1,1,1,64376,1,1,3,0
2,2,1,1,8,4,7,2,2,1,1,1,1,1,2,18785,2,2,2,0
2,7,1,2,5,1,4,2,2,1,1,2,1,1,1,660900,1,1,1,0
2,15,1,1,1,5,1,1,3,1,1,2,4,2,2,129900,1,1,2,0
1,7,1,2,3,1,2,1,3,2,1,5,3,1,1,58752,1,1,1,0
2,1,1,3,12,1,1,2,3,1,1,1,1,1,1,52783,1,1,1,0
2,4,1,1,1,11,3,1,3,1,1,1,1,2,3,57000,1,3,2,0
1,12,1,1,1,1,1,3,3,1,4,3,1,1,3,51534,1,1,1,0
2,1,1,1,5,1,1,2,3,1,1,1,1,1,1,63896,1,1,1,0
2,8,1,2,1,1,3,2,4,1,1,2,1,1,1,42836,1,1,1,0
2,1,1,2,5,1,7,2,1,1,1,1,1,1,1,45984,1,1,1,0
1,1,1,1,1,2,3,2,2,1,1,1,1,1,1,83342,1,1,1,0
2,11,1,2,1,1,4,2,4,1,1,8,1,2,1,46507,1,1,1,0
2,4,1,2,1,2,7,2,2,1,1,2,1,1,3,1440000,1,3,2,0
2,4,1,1,1,1,1,2,3,1,1,5,1,1,3,48792,1,3,2,0
2,4,1,1,4,16,1,2,4,2,1,1,1,1,3,95000,1,3,2,0
2,1,1,1,6,4,2,1,4,1,1,1,1,1,1,34726,1,1,1,0
2,4,1,2,3,1,3,1,2,1,1,3,1,2,3,95000,1,3,2,0
2,1,1,1,1,4,1,3,1,1,1,2,1,1,1,51394,1,1,1,0
1,4,1,2,3,1,4,2,2,1,1,3,1,2,3,110000,1,3,2,0
2,9,2,1,1,1,2,2,2,1,1,1,4,1,2,14304,2,2,2,0
2,2,1,1,1,1,7,1,3,1,1,1,1,1,2,4320,2,2,2,0
2,7,1,1,1,1,4,2,3,1,1,1,1,2,1,80772,1,1,1,0
2,4,1,1,1,1,8,2,3,1,1,8,1,1,3,133000,1,3,2,0
2,4,1,1,1,4,1,2,1,1,1,1,1,1,3,75000,1,3,2,0
2,6,1,1,3,1,3,2,3,1,1,1,1,1,1,33972,2,2,2,0
2,4,1,3,8,2,2,3,2,1,1,1,1,1,3,60000,1,3,2,0
2,12,1,1,12,1,2,5,3,1,1,5,1,2,3,32209,1,1,1,0
2,11,1,7,3,4,7,2,2,1,2,8,1,1,1,45972,1,1,1,0
2,17,1,2,1,4,1,1,1,1,1,3,1,1,1,49932,1,1,3,0
2,4,1,3,8,1,1,2,2,1,1,1,1,2,3,108000,1,3,2,0
2,4,1,1,7,8,2,1,2,1,1,1,1,2,3,90000,1,3,2,0
2,12,1,1,1,1,4,1,3,2,1,1,1,1,3,70054,1,1,1,0
2,4,3,1,8,4,2,2,4,1,1,1,1,1,3,75000,1,3,2,0
2,1,2,5,1,3,2,2,2,1,1,8,1,1,1,54173,1,1,1,0
2,2,3,1,1,14,7,1,4,1,1,7,3,2,2,266125,2,2,2,0
2,8,1,2,1,1,1,1,3,1,1,7,1,1,1,36716,1,1,1,0
2,2,1,1,1,1,2,2,3,1,1,8,3,1,2,7044,2,2,2,0
1,6,1,1,1,12,7,2,3,1,1,8,1,2,1,22032,2,2,2,0
2,4,1,1,3,1,4,2,2,1,1,1,1,2,3,81000,1,3,2,0
2,15,1,8,1,3,2,2,4,1,1,1,1,1,2,64944,1,1,2,0
2,16,1,2,1,8,2,2,2,1,1,6,1,1,1,48955,1,1,3,0
2,7,1,1,1,1,1,2,4,1,1,4,1,1,1,79552,1,1,1,0
2,4,1,7,3,1,7,2,4,1,1,1,1,1,3,120000,1,3,2,0
1,9,1,2,1,1,3,1,4,1,1,1,4,1,2,50868,2,2,2,0
2,4,1,1,7,1,2,1,3,2,3,6,1,1,3,90000,1,3,2,0
2,4,1,1,1,1,11,2,4,1,1,4,1,2,3,120000,1,3,2,0
2,4,1,1,1,2,7,3,2,1,1,7,2,1,3,75000,1,3,2,0
2,2,1,2,7,1,7,2,3,1,1,7,3,1,2,9396,2,2,2,0
1,4,1,1,1,2,7,1,4,1,1,3,1,1,3,80000,1,3,2,0
2,1,2,5,1,1,2,2,3,1,1,1,1,1,1,34726,1,1,1,0
1,4,1,1,5,14,2,1,4,2,1,3,1,1,3,120000,1,3,2,0
1,2,2,1,3,1,7,2,2,1,1,1,1,2,2,14089,2,2,2,0
2,12,1,1,1,1,11,1,3,1,1,8,1,2,3,52339,1,1,1,0
2,11,1,2,1,1,7,1,1,2,1,2,1,2,1,48955,1,1,1,0
2,10,1,1,5,1,1,2,3,1,1,2,1,1,4,83972,1,1,1,0
2,20,2,1,1,3,2,2,1,1,1,1,1,2,1,18000,3,2,2,0
2,18,3,4,1,3,3,2,3,1,1,5,1,2,1,77580,1,1,3,0
2,1,1,1,1,1,7,1,4,1,1,1,1,1,1,62507,1,1,1,0
2,12,1,1,7,1,3,2,1,1,1,3,1,1,3,34624,1,1,1,0
2,4,2,1,1,5,2,1,4,1,1,1,1,1,3,110000,1,3,2,0
2,4,1,1,1,1,7,1,2,1,1,3,1,1,3,215000,1,3,2,0
2,14,1,1,1,1,7,2,3,1,1,1,1,1,5,28824,3,2,2,0
2,4,1,2,8,4,2,1,2,1,1,6,1,1,3,65000,1,3,2,0
1,2,1,2,1,1,7,2,3,1,1,2,6,2,2,18785,2,2,2,0
2,1,1,2,7,1,2,2,4,1,1,1,1,1,1,583392,1,1,1,0
2,4,1,3,5,1,3,3,3,1,2,2,1,1,3,92000,1,3,2,0
2,6,1,1,1,1,3,3,3,1,1,3,4,1,1,31848,2,2,2,0
2,18,1,1,1,1,7,2,2,1,1,8,1,1,1,97492,1,1,3,0
2,4,1,4,1,1,2,2,4,2,1,1,1,1,3,70000,1,3,2,0
2,18,3,5,1,1,2,1,2,1,1,1,1,1,1,18768,1,1,3,0
2,17,3,1,5,8,7,2,4,2,1,2,1,1,1,36720,1,1,3,0
2,6,1,2,3,3,5,2,4,1,1,3,1,2,1,27600,2,2,2,0
2,7,1,2,1,7,4,2,4,1,1,6,1,1,1,79552,1,1,1,0
2,1,1,3,6,1,7,2,1,1,1,2,1,2,1,69452,1,1,1,0
2,1,1,1,1,1,3,1,1,1,1,2,1,1,1,76397,1,1,1,0
2,1,1,1,1,4,1,1,2,1,1,2,1,1,1,35421,1,1,1,0
2,4,1,3,9,2,3,2,2,1,1,6,6,1,3,80000,1,3,2,0
2,13,1,7,1,2,3,1,2,1,1,2,1,1,1,64866,1,1,1,0
2,14,1,1,1,1,4,2,1,1,1,8,2,1,5,56148,3,2,2,0
1,9,2,3,8,1,1,1,1,1,2,7,4,2,2,3180,2,2,2,0
1,4,1,2,5,1,3,2,4,1,1,3,1,1,3,170000,1,3,2,0
2,4,1,1,3,14,2,2,1,1,1,1,1,1,3,80000,1,3,2,0
2,2,1,1,8,1,2,2,3,1,1,9,3,1,2,2820,2,2,2,0
2,4,3,1,4,9,2,3,4,1,1,3,1,1,3,76000,1,3,2,0
2,4,1,3,8,4,2,1,3,1,1,2,1,2,3,105000,1,3,2,0
2,4,2,1,1,1,1,2,3,1,3,2,1,1,3,400000,1,3,2,0
2,10,1,1,1,1,7,2,1,1,1,1,1,1,4,71976,1,1,1,0
1,8,3,1,1,1,4,2,3,1,1,2,1,1,1,24478,1,1,1,0
1,4,1,2,3,2,1,2,1,2,3,5,6,1,3,132000,1,3,2,0
2,2,1,1,1,1,1,1,3,1,1,7,1,2,2,45398,2,2,2,0
2,19,3,1,1,1,1,1,4,1,1,1,1,2,1,55075,1,1,3,0
2,15,1,1,1,1,2,3,3,1,1,8,4,1,2,98304,1,1,2,0
2,4,1,3,8,4,2,1,4,1,1,3,1,1,3,60000,1,3,2,0
2,3,1,1,8,1,7,2,4,1,1,2,1,2,1,59880,1,1,3,0
1,4,1,1,1,4,4,2,3,1,1,5,1,1,3,150000,1,3,2,0
1,12,1,1,4,6,5,2,2,1,1,4,1,1,3,50326,1,1,1,0
2,1,1,2,1,1,1,2,3,1,1,3,1,1,1,95844,1,1,1,0
2,4,1,1,1,1,4,2,2,1,1,2,1,2,3,141000,1,3,2,0
2,2,2,2,1,1,2,2,2,1,1,8,1,1,2,28178,2,2,2,0
2,9,1,1,1,3,7,2,3,1,1,2,1,1,2,47688,2,2,2,0
2,11,2,2,1,1,7,2,3,1,1,2,4,1,1,29376,1,1,1,0
2,4,2,2,1,18,2,2,4,1,1,1,3,1,3,21600,1,3,2,0
2,4,1,1,3,4,1,1,4,1,1,1,3,1,3,120000,1,3,2,0
2,4,1,2,1,9,3,2,3,1,1,3,1,1,3,71000,1,3,2,0
2,16,1,1,5,7,3,1,2,1,1,8,1,1,1,46108,1,1,3,0
2,7,1,1,1,9,3,2,2,1,1,3,1,1,1,58752,1,1,1,0
2,19,1,2,1,1,7,2,4,1,1,1,1,1,1,52872,1,1,3,0
2,4,1,1,1,9,11,2,1,1,1,5,1,2,3,170000,1,3,2,0
2,2,1,1,3,7,1,2,4,1,1,2,1,1,2,28178,2,2,2,0
1,4,1,1,1,1,7,2,4,1,1,8,1,1,3,85000,1,3,2,0
2,5,1,2,4,1,2,1,3,1,1,3,1,2,1,37404,2,2,1,0
1,4,1,4,9,6,1,1,3,1,1,6,1,1,3,118500,1,3,2,0
2,2,2,2,1,1,2,2,3,1,1,7,1,2,2,3756,2,2,2,0
2,2,1,2,1,2,7,1,1,1,1,1,3,1,2,15024,2,2,2,0
2,8,1,2,1,8,7,2,2,1,1,3,1,1,1,42836,1,1,1,0
2,7,1,1,1,1,7,2,4,1,1,2,1,1,1,44064,1,1,1,0
2,2,1,2,8,1,3,2,2,2,1,2,3,2,2,5636,2,2,2,0
2,10,1,1,1,14,11,1,1,1,1,2,7,2,4,103965,1,1,1,0
2,4,3,1,1,1,2,1,4,2,2,1,1,1,3,34000,1,3,2,0
2,4,1,7,5,8,1,2,1,1,1,5,1,1,3,116000,1,3,2,0
2,2,1,1,1,9,7,2,3,1,1,8,3,1,2,15654,2,2,2,0
2,4,1,4,1,1,1,2,4,1,1,3,1,1,3,116000,1,3,2,0
2,9,1,1,1,4,7,3,3,1,1,7,1,2,2,5400,2,2,2,0
2,3,1,1,2,2,7,1,3,1,1,3,1,2,1,44916,1,1,3,0
2,1,1,2,1,1,1,2,3,1,1,3,4,2,1,131959,1,1,1,0
2,16,1,5,1,1,11,2,3,1,1,7,1,1,1,57492,1,1,3,0
2,18,1,1,1,1,4,2,4,1,1,8,1,1,1,99056,1,1,3,0
2,4,1,1,1,4,11,1,4,1,1,1,1,2,3,1260000,1,3,2,0
2,16,1,1,1,1,7,2,3,1,1,2,1,1,1,51408,1,1,3,0
1,2,2,1,8,1,7,2,3,1,1,1,3,1,2,13152,2,2,2,0
2,14,1,1,1,1,7,3,2,1,1,1,2,1,5,20964,3,2,2,0
2,2,2,2,1,1,7,2,3,1,1,7,3,1,2,15024,2,2,2,0
1,8,1,1,1,1,7,2,4,1,1,2,1,1,1,34269,1,1,1,0
2,7,1,1,1,1,1,1,2,1,1,5,1,1,1,48955,1,1,1,0
2,1,1,7,7,1,2,2,3,1,1,6,1,1,1,95844,1,1,1,0
1,4,1,1,3,1,5,2,2,2,1,3,1,1,3,110000,1,3,2,0
2,11,1,2,1,1,11,2,1,1,1,7,1,2,1,50179,1,1,1,0
2,2,1,1,1,1,2,3,2,1,1,2,7,2,2,12524,2,2,2,0
2,4,1,1,1,1,1,3,4,1,1,3,1,1,3,114000,1,3,2,0
2,7,1,2,1,2,11,2,3,1,1,3,1,2,1,95462,1,1,1,0
1,4,1,2,8,1,1,1,3,2,1,3,1,2,3,135500,1,3,2,0
2,2,1,1,4,1,7,1,3,1,1,1,3,1,2,27708,2,2,2,0
2,7,1,2,1,7,1,2,3,1,1,3,1,1,1,81510,1,1,1,0
2,2,2,2,1,1,1,1,1,1,1,2,3,2,2,50094,2,2,2,0
1,4,1,1,9,2,5,3,3,1,1,4,1,1,3,65000,1,3,2,0
2,13,1,3,1,1,7,2,4,1,2,2,2,1,1,29373,1,1,1,0
2,4,1,1,8,1,1,2,3,1,1,8,1,1,3,77000,1,3,2,0
2,8,1,2,1,1,11,2,3,1,1,2,1,2,1,102806,1,1,1,0
2,4,1,2,1,3,2,1,4,1,1,3,1,1,3,69000,1,3,2,0
2,2,1,2,1,1,2,2,1,1,1,3,1,2,2,4560,2,2,2,0
2,4,1,1,1,1,7,2,1,1,1,1,1,2,3,60000,1,3,2,0
2,4,1,1,4,3,5,1,3,2,1,1,5,1,3,30000,1,3,2,0
2,4,1,1,1,15,7,2,4,1,1,3,1,2,3,85000,1,3,2,0
2,4,1,1,1,1,1,2,4,1,1,6,1,1,3,2000000,1,3,2,0
2,19,1,5,1,1,1,2,4,1,4,4,1,1,1,55812,1,1,3,0
2,4,1,1,1,1,4,2,2,1,1,3,1,1,3,220000,1,3,2,0
2,12,1,2,1,1,1,1,3,1,1,8,3,1,3,48313,1,1,1,0
2,4,1,1,1,1,2,2,1,1,1,3,1,1,3,76000,1,3,2,0
2,1,1,1,1,1,7,3,2,2,1,8,1,1,1,37504,1,1,1,0
2,7,1,1,9,1,2,2,1,1,1,1,1,1,1,67560,1,1,1,0
2,12,1,1,7,13,1,2,1,1,1,2,1,1,3,70054,1,1,1,0
2,1,1,2,3,1,1,2,4,1,1,3,1,2,1,90288,1,1,1,0
2,7,2,1,1,3,2,2,2,1,1,2,1,1,1,14688,1,1,1,0
1,17,1,1,1,1,3,2,2,1,1,1,1,1,1,925248,1,1,3,0
2,4,1,1,1,14,7,1,3,1,1,1,1,1,3,50000,1,3,2,0
1,5,1,1,3,1,2,3,1,1,1,8,1,1,1,49404,2,2,1,0
2,1,1,1,5,8,2,2,4,1,1,4,1,1,1,69452,1,1,1,0
2,6,1,2,1,1,3,2,4,1,1,3,1,1,1,42456,2,2,2,0
2,4,1,3,1,9,3,3,3,1,1,1,1,1,3,50000,1,3,2,0
2,7,3,3,7,1,2,2,2,2,1,3,1,1,1,11304,1,1,1,0
2,4,1,3,8,1,4,2,3,1,1,7,1,1,3,130000,1,3,2,0
2,2,1,2,1,1,1,2,4,1,1,1,3,2,2,22699,2,2,2,0
2,11,1,2,7,1,5,2,3,1,1,1,1,1,1,396540,1,1,1,0
1,14,1,1,3,1,1,2,4,1,1,2,1,1,5,29076,3,2,2,0
2,13,1,6,1,4,2,2,3,1,1,7,2,1,1,24972,1,1,1,0
1,14,2,4,8,1,1,1,3,1,1,2,1,1,5,17220,3,2,2,0
2,10,1,1,9,6,2,2,2,1,1,1,1,2,4,47984,1,1,1,0
2,14,1,1,8,9,7,4,2,1,1,2,6,2,5,155958,3,2,2,1
2,12,1,1,1,1,1,2,2,1,1,3,1,1,3,64417,1,1,1,0
1,4,1,1,7,4,5,2,4,2,1,3,1,1,3,60000,1,3,2,0
2,6,1,1,1,1,1,1,3,1,1,7,1,2,1,31848,2,2,2,0
2,4,1,1,7,1,11,2,2,1,1,1,1,1,3,115000,1,3,2,0
2,14,1,1,1,4,7,3,3,1,1,1,2,1,5,25767,3,2,2,0
2,14,1,1,8,1,7,2,3,1,1,2,1,1,5,13104,3,2,2,0
2,1,1,1,1,1,1,3,2,1,1,8,1,2,1,36115,1,1,1,0
2,15,3,3,1,3,5,1,4,1,1,3,4,1,2,49152,1,1,2,0
2,6,1,2,1,1,3,1,2,1,1,3,1,1,1,21864,2,2,2,0
2,1,2,2,1,1,7,2,4,1,1,7,4,2,1,77786,1,1,1,0
2,4,1,1,1,1,7,3,3,2,1,3,1,2,3,90000,1,3,2,0
2,16,1,3,12,1,2,3,3,1,1,3,1,1,1,23496,1,1,3,0
2,4,1,1,5,1,3,3,1,1,1,1,6,1,3,85000,1,3,2,0
2,7,1,2,1,7,2,1,4,1,1,1,1,1,1,33780,1,1,1,0
2,7,1,2,1,1,1,2,3,1,1,3,1,1,1,79552,1,1,1,0
2,7,1,2,1,1,7,2,2,1,1,7,1,1,1,67313,1,1,1,0
2,4,2,2,5,2,7,1,2,1,1,8,6,1,3,150000,1,3,2,0
2,7,1,7,1,1,11,1,2,1,1,2,1,1,1,85671,1,1,1,0
2,4,1,3,1,1,4,2,2,1,2,6,1,1,3,132000,1,3,2,0
2,4,3,4,1,14,1,1,2,1,1,3,1,2,3,57000,1,3,2,0
1,1,1,1,1,1,1,1,1,1,1,3,1,1,1,54867,1,1,1,0
2,3,1,2,1,1,1,2,2,1,1,4,1,1,1,58392,1,1,3,0
2,8,1,7,5,1,2,2,3,1,1,3,1,1,1,30597,1,1,1,0
2,4,1,1,1,3,1,2,1,2,1,2,1,1,3,78000,1,3,2,0
2,7,1,5,6,3,1,2,3,1,1,2,1,1,1,32316,1,1,1,0
2,1,1,1,1,1,7,2,2,1,1,1,1,1,1,40282,1,1,1,0
2,9,1,1,1,2,3,2,2,1,1,3,4,1,2,44508,2,2,2,0
2,4,1,1,2,14,2,1,3,1,1,6,1,2,3,111000,1,3,2,0
2,4,2,1,5,14,1,1,2,1,1,7,1,2,3,70000,1,3,2,0
1,16,1,1,1,1,1,1,2,1,1,2,1,1,1,53851,1,1,3,0
2,10,3,3,1,2,2,2,3,1,3,2,1,1,4,65978,1,1,1,0
2,4,1,2,2,1,2,2,3,1,1,1,1,1,3,57000,1,3,2,0
2,1,1,2,1,2,1,3,3,1,1,3,1,1,1,62507,1,1,1,0
1,16,1,1,1,1,1,1,3,1,1,1,1,1,1,55812,1,1,3,0
2,4,1,1,6,4,5,2,2,1,1,1,1,1,3,80000,1,3,2,0
2,7,1,2,1,1,7,1,3,1,1,3,1,2,1,51408,1,1,1,0
1,4,1,1,8,1,1,2,2,1,1,8,1,1,3,107100,1,3,2,0
2,4,1,2,3,1,7,2,2,1,1,1,6,1,3,60000,1,3,2,0
2,7,1,3,1,1,11,2,3,1,1,8,1,1,1,36720,1,1,1,0
2,4,1,1,1,1,1,2,2,1,1,3,1,1,3,100000,1,3,2,0
2,11,1,2,1,1,2,2,2,1,1,4,1,1,1,55075,1,1,1,0
2,4,1,1,1,1,2,2,4,1,1,4,1,1,3,110000,1,3,2,0
2,1,1,7,3,1,7,1,4,1,1,1,1,1,1,48616,1,1,1,0
2,1,1,1,8,1,7,1,4,1,1,5,1,1,1,1000000,1,1,1,0
2,4,1,1,2,9,3,2,3,2,2,5,1,1,3,115000,1,3,2,0
2,4,3,1,1,1,7,2,2,1,1,5,1,1,3,80000,1,3,2,0
1,6,1,1,12,9,2,2,3,1,1,8,1,2,1,14856,2,2,2,0
2,7,1,3,1,3,3,2,1,1,1,2,1,2,1,51408,1,1,1,0
2,7,1,3,1,6,1,2,4,1,1,2,1,1,1,29373,1,1,1,0
1,4,3,1,1,1,1,2,1,1,1,1,7,2,3,74000,1,3,2,0
2,7,1,2,7,10,4,2,4,1,1,3,1,1,1,73433,1,1,1,0
1,4,2,1,1,4,2,2,3,1,1,2,1,1,3,87800,1,3,2,0
2,4,1,1,7,15,11,1,1,1,1,3,6,1,3,65000,1,3,2,0
2,4,1,3,2,1,7,2,2,1,1,4,1,2,3,87500,1,3,2,0
2,1,1,2,1,1,1,2,4,1,1,8,1,1,1,750084,1,1,1,0
2,15,1,8,1,1,3,2,3,1,1,1,1,1,2,87768,1,1,2,0
2,4,1,1,8,14,2,1,1,1,1,2,1,2,3,57000,1,3,2,0
2,4,1,1,1,1,2,1,3,1,1,1,3,1,3,115000,1,3,2,0
2,4,2,1,3,4,1,1,3,1,1,1,1,2,3,74000,1,3,2,0
2,2,1,1,3,4,7,2,3,1,1,6,1,2,2,18785,2,2,2,0
2,2,1,2,11,1,2,2,3,1,1,1,3,1,2,4320,2,2,2,0
2,19,1,2,3,4,2,3,1,1,1,2,1,1,1,35244,1,1,3,0
1,4,1,1,1,4,7,1,3,1,1,1,1,1,3,43180,1,3,2,0
2,11,1,2,1,1,3,2,1,1,1,1,1,1,1,51403,1,1,1,0
2,12,2,1,1,7,1,3,1,1,1,7,1,1,3,66027,1,1,1,0
2,7,1,1,1,1,1,2,3,1,1,4,1,1,1,66089,1,1,1,0
2,6,1,2,3,1,3,2,2,1,1,7,1,1,1,44228,2,2,2,0
2,4,1,1,5,1,5,1,2,1,1,3,1,1,3,65000,1,3,2,0
2,5,2,2,1,1,3,2,1,1,1,8,1,2,1,55873,2,2,1,0
1,4,1,1,1,1,7,1,3,1,1,6,1,2,3,64000,1,3,2,0
2,6,1,1,3,14,3,2,2,1,1,1,1,2,1,19104,2,2,2,0
2,4,1,1,3,1,11,2,4,1,1,8,1,1,3,149000,1,3,2,0
2,4,1,1,8,3,3,3,3,1,1,1,1,1,3,95000,1,3,2,0
2,19,1,1,1,1,2,2,2,1,1,2,1,1,1,39648,1,1,3,0
2,4,1,1,5,1,2,2,4,1,1,3,1,1,3,87500,1,3,2,0
2,1,1,2,2,3,4,1,3,1,1,4,1,2,1,73619,1,1,1,0
2,7,1,3,1,1,1,3,3,1,4,2,1,1,1,0,1,1,1,0
2,4,1,3,1,1,2,2,3,1,1,1,1,2,3,56000,1,3,2,0
2,10,1,1,1,1,3,3,4,1,1,3,1,1,4,71976,1,1,1,0
1,4,1,2,1,14,1,2,4,1,1,2,1,1,3,77000,1,3,2,0
2,2,1,1,1,1,2,2,3,1,1,3,3,2,2,11115,2,2,2,0
2,9,1,1,1,1,1,2,4,1,1,1,4,1,2,9540,2,2,2,0
2,7,1,2,1,1,7,2,4,1,1,7,3,1,1,75880,1,1,1,0
2,8,1,7,1,1,3,3,4,1,1,8,1,1,1,587460,1,1,1,0
2,14,1,1,1,1,3,1,3,1,1,4,2,2,5,23592,3,2,2,0
2,4,2,2,2,14,7,1,4,2,1,2,1,1,3,46333,1,3,2,0
2,18,1,6,1,1,1,4,3,1,1,3,1,2,1,71940,1,1,3,1
1,4,1,1,1,1,11,2,3,1,1,2,1,1,3,90000,1,3,2,0
2,4,1,2,1,15,3,2,2,1,1,8,2,1,3,127000,1,3,2,0
2,7,1,5,1,1,1,3,3,1,1,2,1,1,1,73433,1,1,1,0
2,4,1,2,6,14,5,1,2,1,1,3,1,1,3,75000,1,3,2,0
1,12,1,1,1,1,1,2,3,1,1,1,1,1,3,71664,1,1,1,0
2,4,1,1,1,1,7,2,2,1,1,3,1,1,3,140000,1,3,2,0
2,1,1,1,1,1,1,3,3,1,1,3,1,1,1,51394,1,1,1,0
2,16,1,1,1,1,4,3,3,1,1,1,1,1,1,0,1,1,3,0
2,2,1,1,12,1,2,2,1,1,1,1,6,1,2,5640,2,2,2,0
1,4,1,1,7,4,2,2,2,2,1,1,6,1,3,85000,1,3,2,0
2,2,2,1,1,1,5,2,3,1,3,2,1,1,2,936,2,2,2,0
2,3,1,1,12,1,7,3,4,1,1,2,1,1,1,74856,1,1,3,0
2,6,1,2,1,1,7,3,2,1,1,6,1,1,1,25476,2,2,2,0
2,7,3,3,1,9,2,1,4,1,1,6,1,1,1,10284,1,1,1,0
2,12,1,2,1,1,4,1,3,1,1,4,1,2,3,92600,1,1,1,0
1,5,1,2,1,1,1,1,2,1,1,3,1,1,1,42348,2,2,1,0
2,14,1,1,1,4,1,2,2,2,1,2,3,1,5,24708,3,2,2,0
2,15,1,1,1,1,7,1,3,1,1,8,1,2,2,105324,1,1,2,0
2,19,3,1,1,1,1,1,1,1,1,2,1,1,1,19092,1,1,3,0
1,1,1,1,1,1,1,1,1,1,1,1,1,1,1,38199,1,1,1,0
2,3,1,3,1,1,3,2,4,1,1,7,1,2,1,68868,1,1,3,0
2,4,1,5,1,1,4,2,4,1,1,2,1,1,3,225000,1,3,2,0
2,7,3,1,1,1,2,1,4,1,1,3,3,2,1,27537,1,1,1,0
2,1,3,3,1,4,4,3,3,1,1,2,1,1,1,33337,1,1,1,0
2,2,1,1,1,2,5,2,3,1,1,2,5,1,2,3926,2,2,2,0
2,12,1,3,12,1,1,3,2,1,1,8,1,1,3,96660,1,1,1,0
2,2,1,2,12,1,1,1,3,1,1,2,1,2,2,7884,2,2,2,0
1,4,1,1,1,1,7,1,3,2,3,3,1,1,3,71400,1,3,2,0
2,6,1,6,3,1,2,2,2,1,1,5,1,2,1,30000,2,2,2,0
2,7,2,2,1,1,4,1,2,1,1,3,1,1,1,63642,1,1,1,0
1,12,1,1,4,6,2,1,4,2,1,2,1,1,3,66027,1,1,1,0
2,8,1,5,1,1,11,3,3,1,1,2,1,1,1,33072,1,1,1,0
2,1,1,1,1,1,2,2,3,1,1,1,1,1,1,50005,1,1,1,0
2,4,1,1,3,3,7,2,3,1,1,2,1,2,3,120000,1,3,2,0
2,3,1,5,6,3,7,3,3,1,1,2,1,1,1,46416,1,1,3,0
2,2,1,1,1,1,7,2,3,1,1,3,3,1,2,21916,2,2,2,0
2,7,3,1,1,1,3,2,3,1,1,2,1,1,1,49932,1,1,1,0
2,4,1,1,1,1,1,2,2,1,1,8,1,1,3,65000,1,3,2,0
2,1,1,1,8,1,3,2,3,1,1,1,5,1,1,111123,1,1,1,0
1,1,1,3,9,1,5,1,1,1,1,2,1,2,1,56951,1,1,1,0
2,4,1,1,1,1,1,2,4,1,1,6,1,2,3,105000,1,3,2,0
1,2,1,1,3,1,2,2,3,1,1,7,1,2,2,15024,2,2,2,0
2,20,1,2,1,1,11,3,1,1,1,1,1,2,1,84000,3,2,2,0
1,4,1,1,1,1,7,2,1,1,2,1,1,1,3,80000,1,3,2,0
2,12,1,3,1,15,1,2,3,1,1,2,1,2,3,56365,1,1,1,0
1,5,1,2,1,4,3,2,3,1,1,3,1,2,1,59988,2,2,1,0
2,7,1,1,1,1,1,2,2,1,1,4,1,1,1,88116,1,1,1,0
2,14,3,3,1,1,7,2,2,1,1,6,5,2,5,20592,3,2,2,0
2,2,2,1,8,1,2,4,3,1,1,7,3,1,2,10175,2,2,2,1
2,5,1,3,1,1,7,3,3,2,1,2,1,1,1,10584,2,2,1,0
2,1,1,1,1,1,3,1,3,1,3,2,1,1,1,59034,1,1,1,0
2,5,1,3,1,1,4,2,3,1,1,8,1,2,1,67044,2,2,1,0
2,1,1,1,9,6,1,1,1,1,1,4,1,1,1,83342,1,1,1,0
1,4,1,1,1,1,7,2,1,2,4,3,1,1,3,70000,1,3,2,0
2,2,1,2,1,5,1,3,3,1,1,7,3,2,2,15024,2,2,2,0
2,19,1,2,8,1,7,2,4,1,1,1,1,2,1,35244,1,1,3,0
2,12,2,2,1,1,7,3,2,1,1,7,5,1,3,48313,1,1,1,0
2,4,1,2,1,1,11,1,3,2,2,1,6,1,3,160000,1,3,2,0
1,4,1,1,1,1,7,1,4,1,1,1,1,1,3,82000,1,3,2,0
2,4,1,1,1,1,1,2,4,1,1,2,1,1,3,150000,1,3,2,0
2,4,1,1,1,1,4,1,1,1,1,3,1,1,3,166000,1,3,2,0
1,11,1,2,8,1,1,1,1,1,1,1,1,1,1,45283,1,1,1,0
2,2,1,1,7,1,4,2,1,1,1,2,3,1,2,17220,2,2,2,0
2,4,1,2,4,4,2,2,4,1,1,1,1,1,3,82000,1,3,2,0
2,2,1,1,1,2,2,2,4,1,1,8,3,1,2,5076,2,2,2,0
2,4,1,1,9,1,1,3,2,1,1,1,1,1,3,55000,1,3,2,0
1,11,1,2,1,4,7,2,4,1,1,1,1,1,1,36720,1,1,1,0
1,4,1,2,5,1,3,1,3,1,1,1,1,2,3,150000,1,3,2,0
2,4,1,1,7,1,7,2,1,1,1,8,6,1,3,60000,1,3,2,0
2,4,1,1,1,1,4,1,4,1,1,3,1,2,3,130000,1,3,2,0
2,7,1,2,5,7,4,2,3,1,1,3,1,1,1,77104,1,1,1,0
2,2,1,1,1,1,2,2,4,1,1,1,3,2,2,15024,2,2,2,0
1,7,1,2,8,1,2,2,4,1,1,3,1,1,1,67560,1,1,1,0
2,11,1,2,1,1,3,2,3,1,1,5,1,1,1,75880,1,1,1,0
2,4,1,7,7,1,4,2,2,2,1,1,1,2,3,135000,1,3,2,0
2,7,1,2,5,1,2,2,2,2,1,5,6,1,1,67313,1,1,1,0
2,10,1,1,8,1,3,1,4,1,1,3,1,1,4,91969,1,1,1,0
1,4,1,1,8,1,7,2,2,1,1,1,1,1,3,118000,1,3,2,0
2,4,1,1,1,1,7,2,2,1,1,3,1,1,3,77000,1,3,2,0
2,4,1,1,1,1,7,2,2,1,1,3,1,1,3,235000,1,3,2,0
2,6,1,2,5,1,1,2,2,1,1,3,1,1,1,42456,2,2,2,0
2,4,3,1,5,8,2,1,3,1,1,2,1,1,3,90000,1,3,2,0
2,7,1,2,1,1,4,2,4,1,1,4,1,1,1,73433,1,1,1,0
2,7,1,1,3,1,2,2,3,1,1,2,1,1,1,73428,1,1,1,0
2,4,1,2,1,3,7,2,3,1,1,1,3,2,3,105000,1,3,2,0
2,12,1,2,3,1,1,2,3,1,1,5,1,1,3,60391,1,1,1,0
2,2,1,1,1,10,7,3,3,1,1,8,3,2,2,270504,2,2,2,0
2,4,1,1,2,1,3,1,4,1,1,1,1,1,3,68000,1,3,2,0
2,2,1,2,1,1,7,1,2,1,1,1,3,2,2,46963,2,2,2,0
2,11,1,2,1,6,2,2,3,1,1,3,1,1,1,51403,1,1,1,0
2,14,1,1,1,1,2,3,4,1,1,1,5,1,5,19236,3,2,2,0
2,13,1,6,1,1,2,1,3,1,1,8,2,1,1,440592,1,1,1,0
2,19,1,3,1,1,1,3,3,1,1,3,1,1,1,40878,1,1,3,0
2,11,1,2,12,3,1,2,2,1,1,3,1,1,1,39164,1,1,1,0
2,7,1,3,7,1,11,2,3,1,1,6,1,1,1,48955,1,1,1,0
2,7,1,2,1,1,1,1,4,1,1,2,1,1,1,734328,1,1,1,0
2,4,1,1,3,2,7,2,4,1,1,1,3,1,3,170000,1,3,2,0
2,1,1,1,1,13,1,2,3,1,1,1,1,1,1,90288,1,1,1,0
2,4,1,1,1,8,3,3,3,1,1,3,1,1,3,105000,1,3,2,0
2,1,1,2,7,4,2,2,4,2,1,3,1,1,1,716748,1,1,1,0
2,7,1,2,1,1,3,2,2,1,1,1,1,2,1,55075,1,1,1,0
2,7,2,3,1,1,7,1,3,1,4,3,1,1,1,23496,1,1,1,0
2,5,1,1,1,9,4,2,3,1,1,3,1,2,1,37056,2,2,1,0
2,12,1,4,12,1,1,2,4,1,1,8,1,2,3,77300,1,1,1,0
2,4,1,1,1,1,4,2,3,1,1,3,1,2,3,104000,1,3,2,0
2,2,1,3,3,6,5,1,3,1,1,8,3,1,2,1128,2,2,2,0
1,11,1,1,1,1,1,2,2,1,1,1,1,1,1,31821,1,1,1,0
2,2,1,1,3,2,2,2,3,1,1,3,3,2,2,15654,2,2,2,0
2,4,1,5,1,1,1,3,2,1,1,2,1,2,3,120000,1,3,2,0
2,2,1,2,1,1,3,2,2,1,1,1,3,1,2,16437,2,2,2,0
2,16,1,6,1,1,4,1,1,1,1,2,1,1,1,67560,1,1,3,0
2,12,1,1,1,7,3,2,1,1,1,1,3,1,3,80521,1,1,1,0
2,13,2,2,3,7,3,1,3,1,1,1,1,1,1,26925,1,1,1,0
1,2,1,1,1,4,7,3,1,1,1,2,6,1,2,3384,2,2,2,0
2,10,1,3,8,1,1,2,4,1,1,2,1,1,4,59980,1,1,1,0
2,6,1,1,1,2,7,2,4,1,1,1,1,1,1,74304,2,2,2,0
2,2,1,2,1,1,1,1,2,1,1,3,3,1,2,20351,2,2,2,0
2,4,1,2,1,1,11,2,4,1,1,6,1,1,3,80000,1,3,2,0
2,4,1,5,2,1,3,3,3,1,1,8,7,1,3,39000,1,3,2,0
2,7,1,6,1,1,3,2,3,1,1,3,1,2,1,64254,1,1,1,0
2,18,1,3,1,1,4,1,2,1,1,1,1,1,1,104269,1,1,3,0
1,4,1,1,8,1,2,1,2,1,1,1,1,2,3,65000,1,3,2,0
2,2,2,2,1,1,1,2,1,1,1,1,1,2,2,18785,2,2,2,0
2,7,1,3,1,1,1,1,3,1,1,3,1,1,1,73433,1,1,1,0
2,1,1,3,7,1,5,2,3,1,1,3,1,1,1,48616,1,1,1,0
2,11,1,2,1,3,2,2,3,1,1,2,1,1,1,42836,1,1,1,0
1,4,1,1,3,14,2,1,4,1,1,4,1,1,3,68000,1,3,2,0
2,7,1,1,2,4,2,2,3,1,1,1,1,1,1,38184,1,1,1,0
2,10,1,1,1,1,4,2,4,1,1,3,1,1,4,79973,1,1,1,0
2,4,1,1,4,3,5,3,3,2,1,6,6,1,3,70000,1,3,2,0
2,11,1,2,1,1,7,2,2,1,1,8,1,1,1,46507,1,1,1,0
2,4,2,2,6,19,5,2,2,1,1,4,1,1,3,52000,1,3,2,0
2,2,1,3,6,4,5,2,1,1,1,2,3,1,2,1500,2,2,2,0
2,4,3,2,1,8,4,1,1,1,1,2,1,1,3,200000,1,3,2,0
2,7,1,7,1,1,3,2,3,1,1,2,1,1,1,84129,1,1,1,0
1,7,1,5,1,6,5,2,3,1,2,2,1,1,1,13212,1,1,1,0
2,2,1,1,1,1,2,1,4,1,1,1,3,1,2,12216,2,2,2,0
2,2,1,1,4,1,2,3,1,1,1,7,3,1,2,39150,2,2,2,0
1,1,1,1,1,1,1,2,2,1,1,3,1,1,1,88899,1,1,1,0
2,12,1,3,1,1,6,3,3,1,1,3,1,1,3,57975,1,1,1,0
2,9,1,1,8,1,7,1,3,1,1,1,4,2,2,7632,2,2,2,0
2,7,1,1,1,1,4,2,3,1,1,3,1,1,1,79552,1,1,1,0
2,16,1,2,1,4,7,2,3,1,1,3,1,1,1,58869,1,1,3,0
1,11,1,2,1,1,7,3,3,1,1,6,1,1,1,41612,1,1,1,0
2,14,1,1,8,4,7,2,2,1,1,8,2,1,5,28452,3,2,2,0
2,19,1,2,1,9,11,2,2,1,1,2,1,1,1,63030,1,1,3,0
1,4,1,1,1,1,1,1,3,1,3,2,6,1,3,125000,1,3,2,0
2,4,1,1,1,1,1,2,3,1,1,2,1,1,3,110000,1,3,2,0
2,3,1,2,6,14,2,2,4,1,1,2,1,1,1,52404,1,1,3,0
2,4,1,1,3,3,2,2,3,1,1,8,1,1,3,114000,1,3,2,0
2,2,1,1,1,1,2,2,4,1,1,3,3,1,2,10958,2,2,2,0
2,2,1,1,1,1,3,2,4,1,1,1,6,1,2,28178,2,2,2,0
2,4,1,2,5,1,7,2,2,1,1,1,1,1,3,65000,1,3,2,0
1,4,1,1,7,8,2,1,2,1,1,2,1,1,3,165000,1,3,2,0
1,4,1,1,2,1,2,1,2,1,1,6,1,1,3,56000,1,3,2,0
2,18,1,2,1,1,3,2,1,1,1,2,1,1,1,114696,1,1,3,0
2,18,1,1,1,4,1,2,3,1,1,1,1,1,1,23772,1,1,3,0
2,2,1,1,3,1,1,2,3,1,1,7,3,2,2,13152,2,2,2,0
2,2,1,1,3,4,2,2,3,1,1,1,3,1,2,13306,2,2,2,0
1,3,1,1,3,13,7,2,2,1,1,2,1,1,1,47388,1,1,3,0
2,2,1,2,1,1,2,1,1,1,1,2,1,1,2,15588,2,2,2,0
2,4,1,1,12,3,1,2,2,2,2,2,1,1,3,62000,1,3,2,0
1,4,1,1,1,1,7,1,1,1,1,3,1,1,3,74000,1,3,2,0
2,2,1,1,1,2,2,1,3,1,1,7,6,2,2,9393,2,2,2,0
1,7,1,2,1,1,4,2,2,1,1,1,2,1,1,44064,1,1,1,0
2,4,1,4,8,1,2,1,3,1,1,6,1,2,3,43700,1,3,2,0
2,3,1,2,3,8,3,2,2,1,1,2,1,2,1,49932,1,1,3,0
2,16,1,2,1,6,2,1,4,1,1,1,1,1,1,42836,1,1,3,0
2,4,1,2,5,4,2,2,1,1,1,1,1,1,3,72000,1,3,2,0
2,2,1,2,1,1,2,2,2,1,1,5,6,2,2,6204,2,2,2,0
2,6,1,1,1,9,4,3,3,1,1,1,1,1,1,38208,2,2,2,0
2,4,1,3,1,1,7,1,2,1,1,1,1,2,3,75000,1,3,2,0
2,7,1,5,1,1,1,3,1,1,4,2,1,1,1,14688,1,1,1,0
2,2,1,3,1,15,7,2,1,1,1,2,3,1,2,20351,2,2,2,0
2,9,1,1,1,1,3,1,3,1,1,1,4,2,2,47688,2,2,2,0
2,11,2,2,1,16,8,3,4,1,1,3,2,1,1,23496,1,1,1,0
2,16,1,1,12,3,1,1,2,1,1,2,1,2,1,94239,1,1,3,0
1,4,1,1,1,1,7,1,4,1,1,3,1,2,3,82000,1,3,2,0
2,2,1,2,1,1,7,2,4,1,1,7,1,2,2,1884,2,2,2,0
2,7,1,2,3,6,1,1,4,1,1,3,1,2,1,55075,1,1,1,0
1,4,1,1,1,14,4,2,3,1,1,3,1,2,3,88000,1,3,2,0
2,2,1,1,1,1,2,1,1,1,1,3,1,2,2,8076,2,2,2,0
2,7,1,3,1,3,1,3,3,1,1,1,1,1,1,55075,1,1,1,0
1,14,1,1,8,2,2,2,3,1,1,3,1,1,5,22452,3,2,2,0
2,1,1,1,12,4,3,2,3,1,1,1,4,2,1,69452,1,1,1,0
2,4,1,1,8,1,2,2,1,1,1,1,7,1,3,56000,1,3,2,0
2,17,1,1,1,1,1,2,2,1,1,1,1,1,1,32316,1,1,3,0
2,4,1,1,6,4,2,1,1,1,1,2,1,1,3,123000,1,3,2,0
2,13,1,1,1,1,7,2,4,1,1,7,2,1,1,22032,1,1,1,0
2,15,3,1,1,3,2,2,1,1,1,2,4,1,2,83376,1,1,2,0
2,18,1,2,1,1,3,2,2,1,1,3,1,2,1,120953,1,1,3,0
2,2,1,2,8,1,7,1,3,1,1,1,6,2,2,5166,2,2,2,0
2,4,1,1,1,1,1,1,2,1,1,1,1,1,3,80000,1,3,2,0
2,13,2,1,1,9,7,2,3,1,1,5,1,1,1,19582,1,1,1,0
2,2,1,1,1,16,7,3,3,1,1,1,3,2,2,29743,2,2,2,0
2,1,1,1,1,4,1,3,3,1,1,2,1,1,1,616728,1,1,1,0
2,13,1,1,1,1,3,2,4,1,3,7,1,1,1,56298,1,1,1,0
2,4,1,1,1,9,1,2,2,1,1,1,1,1,3,160000,1,3,2,0
2,19,2,2,5,9,1,1,3,1,1,3,1,1,1,35492,1,1,3,0
2,14,1,1,1,1,2,2,4,1,1,1,1,1,5,7116,3,2,2,0
2,4,1,1,9,1,2,2,2,1,1,3,1,1,3,92000,1,3,2,0
1,12,1,1,1,1,1,1,2,1,1,3,1,2,3,48313,1,1,1,0
2,8,1,3,1,1,6,1,4,1,1,3,1,2,1,45528,1,1,1,0
2,4,2,1,1,3,7,3,2,1,1,6,6,1,3,95000,1,3,2,0
1,8,1,2,1,4,1,3,3,1,1,3,1,1,1,36716,1,1,1,0
1,2,1,2,1,1,7,2,2,1,1,3,1,1,2,37571,2,2,2,0
1,2,1,1,3,1,2,1,3,1,1,3,1,1,2,6012,2,2,2,0
2,7,1,1,8,1,1,2,2,1,1,3,1,1,1,66084,1,1,1,0
2,1,1,1,1,1,1,1,1,1,1,1,1,1,1,55562,1,1,1,0
2,4,1,5,5,6,3,3,2,1,1,1,6,1,3,70000,1,3,2,0
2,2,1,1,3,3,2,3,3,1,1,9,6,1,2,6576,2,2,2,0
2,8,1,1,4,1,4,1,4,1,1,2,1,2,1,20556,1,1,1,0
2,4,1,2,5,8,2,3,3,1,1,3,1,1,3,115000,1,3,2,0
2,4,1,1,1,1,1,2,4,1,1,1,1,1,3,110000,1,3,2,0
2,1,1,2,1,1,4,2,3,1,1,3,1,1,1,50005,1,1,1,0
2,18,1,2,1,4,1,2,2,1,1,1,1,1,1,125124,1,1,3,0
2,16,1,2,7,1,7,2,2,1,3,3,1,1,1,61194,1,1,3,0
2,2,1,1,1,1,2,2,3,1,1,1,3,1,2,10175,2,2,2,0
2,14,1,2,1,1,2,4,3,1,1,1,2,1,5,26196,3,2,2,1
2,1,1,2,1,1,11,2,2,1,1,3,1,1,1,159740,1,1,1,0
2,4,1,1,1,3,2,2,3,1,1,2,1,1,3,89100,1,3,2,0
2,7,2,3,12,1,7,1,4,1,1,2,1,2,1,44064,1,1,1,0
2,4,1,1,8,4,1,1,3,1,1,1,1,2,3,80000,1,3,2,0
2,12,1,2,1,1,1,1,3,2,1,1,1,1,3,43280,1,1,1,0
2,12,1,2,3,1,7,2,3,1,1,3,3,2,3,72469,1,1,1,0
1,11,1,2,1,1,4,1,4,1,1,2,1,1,1,64254,1,1,1,0
1,9,2,1,1,3,5,3,2,1,1,1,1,1,2,12396,2,2,2,0
1,7,1,3,1,1,1,2,1,1,1,1,1,1,1,44060,1,1,1,0
1,13,3,1,1,1,8,2,2,2,1,1,2,1,1,33045,1,1,1,0
2,7,2,1,1,1,1,2,2,1,3,2,1,1,1,36716,1,1,1,0
2,5,1,2,1,2,1,2,4,1,1,3,1,1,1,59988,2,2,1,0
2,1,1,2,2,14,5,1,3,2,3,5,1,1,1,48616,1,1,1,0
2,20,1,1,4,3,2,2,4,1,1,1,1,1,1,21600,3,2,2,0
2,4,1,1,6,1,1,2,3,1,1,8,1,2,3,65000,1,3,2,0
1,6,1,2,3,14,5,3,2,1,1,1,1,1,1,12732,2,2,2,0
2,10,1,2,1,3,7,1,4,1,1,1,6,1,4,39987,1,1,1,0
1,4,1,1,3,6,2,1,4,2,1,1,1,2,3,20000,1,3,2,0
1,11,1,6,1,1,5,1,3,1,1,3,5,1,1,45283,1,1,1,0
2,4,1,1,1,1,2,2,1,1,1,6,1,1,3,80000,1,3,2,0
2,3,1,5,1,1,3,2,3,1,1,3,1,1,1,62136,1,1,3,0
1,12,1,2,1,1,1,2,4,1,1,2,1,1,3,76495,1,1,1,0
1,15,1,1,1,1,4,1,3,1,1,8,4,2,2,98304,1,1,2,0
2,5,1,2,1,1,4,2,3,1,1,3,1,1,1,17640,2,2,1,0
2,2,1,2,1,1,7,2,4,1,1,1,1,1,2,19959,2,2,2,0
2,1,2,1,8,6,2,1,4,1,1,7,6,1,1,22225,1,1,1,0
2,10,1,1,1,1,8,1,3,1,1,3,1,2,4,59180,1,1,1,0
2,14,2,3,8,1,1,2,3,1,1,2,1,2,5,11232,3,2,2,0
2,12,1,1,3,1,2,2,2,1,1,1,1,1,3,68443,1,1,1,0
2,11,1,2,1,3,1,1,3,1,1,1,1,1,1,51403,1,1,1,0
2,9,1,1,1,1,3,2,3,1,1,6,4,1,2,445056,2,2,2,0
2,20,1,2,3,1,7,2,4,1,1,3,1,1,1,41760,3,2,2,0
2,2,2,1,1,1,2,2,4,1,1,3,6,2,2,5640,2,2,2,0
2,4,1,1,1,4,1,2,3,1,1,1,1,2,3,123000,1,3,2,0
2,4,1,1,3,3,2,2,4,2,2,1,2,1,3,840000,1,3,2,0
2,4,1,1,4,1,5,1,2,2,1,3,4,2,3,98000,1,3,2,0
2,11,1,1,1,1,9,3,2,1,1,7,1,1,1,48955,1,1,1,0
2,1,1,2,7,1,7,2,3,1,1,1,1,1,1,152794,1,1,1,0
2,14,1,3,8,1,7,4,3,1,1,8,1,1,5,13476,3,2,2,1
2,2,1,1,3,18,5,1,3,1,1,6,3,2,2,14089,2,2,2,0
1,4,1,1,1,1,7,1,1,1,1,1,2,1,3,69400,1,3,2,0
2,2,1,1,8,2,2,2,3,1,1,3,1,1,2,28178,2,2,2,0
2,18,2,1,1,13,7,1,2,1,1,6,1,1,1,81336,1,1,3,0
2,1,1,1,1,1,11,2,3,1,1,1,1,1,1,64451,1,1,1,0
2,15,1,1,1,3,7,2,2,1,1,7,4,1,2,105324,1,1,2,0
2,1,1,1,1,1,6,1,1,1,1,1,1,2,1,62507,1,1,1,0
2,13,1,1,1,1,2,2,3,1,1,2,1,2,1,36716,1,1,1,0
2,4,1,2,1,4,1,1,3,1,1,3,1,1,3,170000,1,3,2,0
1,15,1,1,1,1,1,1,2,1,1,6,1,1,2,84264,1,1,2,0
2,4,1,2,1,1,6,2,2,1,1,8,1,2,3,91000,1,3,2,0
2,3,1,4,3,1,1,2,4,1,1,1,4,1,1,68868,1,1,3,0
2,4,1,1,3,4,2,2,2,1,1,1,1,1,3,55000,1,3,2,0
2,12,1,1,1,1,3,2,3,1,1,8,2,1,3,32209,1,1,1,0
2,11,1,2,1,1,1,1,3,1,1,1,1,1,1,48955,1,1,1,0
2,1,1,3,11,3,2,1,1,1,1,7,1,2,1,9996,1,1,1,0
2,7,1,1,1,1,11,3,3,1,1,8,1,1,1,48955,1,1,1,0
2,10,1,1,1,1,3,2,2,1,1,1,7,1,4,107964,1,1,1,0
1,4,1,4,11,5,7,1,3,1,1,2,1,2,3,145000,1,3,2,0
2,6,1,2,1,1,3,1,2,1,1,1,1,1,1,23352,2,2,2,0
2,11,1,2,1,1,4,2,3,1,1,1,1,1,1,56298,1,1,1,0
2,12,1,1,1,1,1,2,4,1,1,3,1,1,3,67638,1,1,1,0
2,20,1,2,7,1,2,2,1,1,1,3,1,1,1,8400,3,2,2,0
2,4,1,1,2,1,2,1,4,1,1,1,1,1,3,91000,1,3,2,0
1,4,1,3,12,1,4,3,3,1,1,9,1,1,3,51000,1,3,2,0
2,4,1,1,1,1,3,3,3,1,1,1,1,1,3,150000,1,3,2,0
2,1,1,3,7,4,1,2,3,1,2,1,1,2,1,70841,1,1,1,0
2,7,1,2,1,3,2,2,3,1,1,4,1,1,1,587460,1,1,1,0
2,4,1,1,1,4,2,2,4,1,3,8,1,1,3,57400,1,3,2,0
2,11,1,2,1,4,1,2,2,1,1,1,1,1,1,616836,1,1,1,0
1,2,1,1,1,1,2,1,3,1,1,1,3,1,2,12216,2,2,2,0
2,4,1,1,8,1,4,2,2,1,1,1,1,2,3,190000,1,3,2,0
2,11,2,1,1,1,7,1,4,1,1,1,2,1,1,1000000,1,1,1,0
2,7,1,3,1,6,7,1,3,1,1,5,1,2,1,51403,1,1,1,0
2,8,1,3,6,1,3,2,3,1,1,1,4,2,1,44064,1,1,1,0
2,4,1,1,1,1,1,1,4,1,1,3,1,1,3,65921,1,3,2,0
2,7,1,8,1,13,4,3,3,1,1,7,1,1,1,76370,1,1,1,0
2,15,1,8,4,2,7,2,3,1,1,2,4,2,2,98304,1,1,2,0
1,7,1,2,1,1,1,2,4,1,1,7,1,1,1,75880,1,1,1,0
2,3,1,1,1,5,1,1,1,1,1,8,1,1,1,88332,1,1,3,0
2,7,1,2,5,3,2,2,4,1,1,4,1,1,1,63636,1,1,1,0
2,14,3,6,8,1,1,3,3,1,1,1,1,1,5,23208,3,2,2,0
2,4,1,1,3,1,2,2,4,1,1,3,3,1,3,117000,1,3,2,0
1,2,2,9,1,6,2,2,1,1,1,7,3,1,2,1884,2,2,2,0
2,2,1,1,1,1,7,2,4,1,1,6,3,1,2,127740,2,2,2,0
2,4,1,1,2,1,3,2,1,1,1,3,1,1,3,111000,1,3,2,0
2,4,1,1,9,1,5,2,4,1,1,1,1,1,3,55000,1,3,2,0
2,14,2,1,1,1,1,3,3,1,1,1,1,1,5,11976,3,2,2,0
2,4,1,1,8,1,3,2,3,1,2,3,1,1,3,77500,1,3,2,0
2,16,1,2,3,9,2,2,2,1,1,4,1,1,1,44060,1,1,3,0
2,1,1,1,8,15,3,2,3,1,1,3,1,2,1,48616,1,1,1,0
2,11,1,4,8,13,11,3,3,1,1,6,1,1,1,50179,1,1,1,0
2,4,2,1,1,1,3,2,4,1,1,3,1,1,3,155000,1,3,2,0
2,4,2,4,1,4,4,3,4,2,1,6,1,1,3,60000,1,3,2,0
1,1,1,1,12,3,3,1,3,1,1,1,1,1,1,733416,1,1,1,0
1,11,1,2,1,8,2,2,3,1,1,4,2,1,1,52627,1,1,1,0
2,4,1,1,3,1,1,2,3,1,1,3,1,1,3,125000,1,3,2,0
1,4,1,1,1,5,3,2,3,1,1,2,1,2,3,110000,1,3,2,0
2,3,1,3,1,1,1,2,2,1,1,2,1,1,1,47904,1,1,3,0
2,2,3,1,1,5,11,1,3,1,1,1,2,1,2,80511,2,2,2,0
2,4,1,1,8,1,3,2,3,1,1,2,1,1,3,60000,1,3,2,0
2,12,1,3,1,1,3,2,3,1,1,3,1,1,3,48313,1,1,1,0
2,6,1,2,2,14,2,1,2,1,1,4,1,1,1,13164,2,2,2,0
2,14,3,1,1,1,1,2,2,1,1,1,1,1,5,32940,3,2,2,0
2,6,1,5,1,2,5,4,3,1,1,2,1,2,1,0,2,2,2,1
1,7,2,2,4,1,2,3,2,1,1,1,1,1,1,14687,1,1,1,0
2,2,3,1,1,1,2,3,4,1,1,1,3,1,2,11741,2,2,2,0
2,1,2,1,1,9,7,2,3,1,1,8,1,1,1,35004,1,1,1,0
2,4,1,1,1,1,11,2,3,1,1,2,7,1,3,60000,1,3,2,0
2,7,2,2,7,1,11,1,2,1,1,2,1,1,1,33780,1,1,1,0
2,1,1,2,10,1,2,1,3,1,1,8,1,1,1,38893,1,1,1,0
2,4,1,1,1,1,1,2,3,1,1,7,1,1,3,124000,1,3,2,0
2,2,1,2,1,9,7,2,3,1,1,3,3,2,2,18785,2,2,2,0
2,3,1,1,12,1,1,2,4,1,1,1,1,1,1,46860,1,1,3,0
2,2,1,2,1,1,3,2,3,1,1,1,3,2,2,7140,2,2,2,0
2,2,1,1,12,3,1,2,1,1,1,2,3,1,2,12524,2,2,2,0
1,1,1,2,1,1,7,2,3,1,1,2,1,1,1,73619,1,1,1,0
2,18,1,1,1,1,7,1,2,1,1,2,1,2,1,85501,1,1,3,0
2,7,1,1,1,1,7,1,3,1,1,2,1,1,1,734328,1,1,1,0
2,2,1,1,1,1,1,2,2,1,1,3,3,2,2,34440,2,2,2,0
1,4,1,1,1,15,1,1,4,2,1,1,1,1,3,55000,1,3,2,0
2,12,1,1,3,9,4,1,3,1,1,3,1,1,3,50326,1,1,1,0
2,4,1,1,1,4,1,2,1,1,1,1,1,1,3,77000,1,3,2,0
1,12,1,2,3,1,3,2,3,1,1,2,1,2,3,56365,1,1,1,0
2,2,1,1,1,1,7,1,3,1,1,8,3,2,2,21916,2,2,2,0
2,7,1,2,1,1,2,2,3,1,1,1,1,1,1,73433,1,1,1,0
1,14,1,3,8,4,2,3,3,1,1,1,2,1,5,14976,3,2,2,0
1,1,1,7,7,4,2,1,2,1,1,4,1,1,1,48616,1,1,1,0
2,14,1,2,12,1,2,2,4,1,1,4,1,1,5,11976,3,2,2,0
2,12,1,2,1,3,1,1,4,1,1,2,1,1,3,52339,1,1,1,0
2,10,1,1,1,4,2,1,2,1,1,1,1,1,4,51983,1,1,1,0
2,7,2,1,3,1,1,2,4,1,1,3,1,1,1,73433,1,1,1,0
1,6,1,6,1,1,1,2,4,1,1,8,1,1,1,10620,2,2,2,0
2,1,1,2,7,14,3,1,3,1,1,3,1,1,1,138904,1,1,1,0
2,4,1,3,1,12,2,1,3,1,1,3,1,1,3,42000,1,3,2,0
2,4,1,1,6,1,7,2,4,1,1,2,1,2,3,124000,1,3,2,0
2,10,3,1,1,1,7,2,2,1,1,8,1,1,4,63979,1,1,1,0
2,6,1,2,1,1,3,2,1,1,1,3,1,1,1,33540,2,2,2,0
2,4,2,1,1,1,2,1,3,1,1,1,1,1,3,64000,1,3,2,0
2,2,2,1,3,6,5,2,3,1,1,1,6,1,2,5820,2,2,2,0
2,1,1,1,1,1,4,2,3,2,3,8,1,1,1,69452,1,1,1,0
2,4,1,1,1,1,1,3,3,1,1,1,1,1,3,66000,1,3,2,0
2,7,3,2,3,1,1,2,2,1,1,3,1,2,1,51408,1,1,1,0
1,1,1,1,1,4,2,2,1,1,1,2,1,1,1,31253,1,1,1,0
1,17,1,5,1,1,5,2,3,1,1,1,1,1,1,33045,1,1,3,0
1,13,1,7,8,4,7,1,2,1,1,5,1,1,1,36716,1,1,1,0
2,4,1,2,1,4,4,4,1,1,1,1,1,1,3,157500,1,3,2,1
2,4,1,2,1,9,3,2,2,2,1,6,1,1,3,72000,1,3,2,0
2,1,1,1,1,1,4,3,3,1,1,2,1,1,1,750084,1,1,1,0
1,4,1,1,7,1,7,1,2,1,1,3,1,1,3,200000,1,3,2,0
2,12,1,1,1,14,3,3,4,1,1,5,6,1,3,85353,1,1,1,0
2,11,2,2,1,8,1,2,2,1,1,1,1,1,1,26436,1,1,1,0
2,6,1,3,1,4,7,2,3,1,1,2,1,2,1,21228,2,2,2,0
2,1,1,2,1,1,7,2,4,1,1,1,1,1,1,48616,1,1,1,0
1,14,3,2,1,1,2,2,3,1,1,7,5,1,5,6732,3,2,2,0
2,8,3,1,1,1,3,3,3,1,1,7,1,1,1,20556,1,1,1,0
2,4,1,1,5,1,1,2,4,1,1,1,4,2,3,120175,1,3,2,0
2,8,1,7,1,16,3,2,2,1,1,1,1,1,1,39164,1,1,1,0
2,2,1,2,3,1,1,1,1,1,1,3,1,2,2,37572,2,2,2,0
2,2,1,1,1,1,3,2,3,2,1,1,3,1,2,36005,2,2,2,0
2,4,1,1,1,1,7,1,4,1,1,6,1,1,3,63000,1,3,2,0
2,1,1,1,1,4,3,1,3,1,1,8,1,1,1,77786,1,1,1,0
2,9,1,1,1,1,3,5,2,1,1,7,4,2,2,12720,2,2,2,0
2,12,1,2,1,1,3,2,1,2,2,1,1,1,3,88573,1,1,1,0
2,12,1,2,1,1,7,2,3,1,1,8,3,2,3,68443,1,1,1,0
2,7,1,2,1,1,1,3,3,2,1,5,2,1,1,61194,1,1,1,0
2,11,1,2,1,1,4,3,1,1,1,1,1,1,1,73433,1,1,1,0
1,4,1,6,9,5,7,2,3,2,1,5,1,2,3,98000,1,3,2,0
2,4,1,1,1,1,11,2,2,1,1,6,1,1,3,2000000,1,3,2,0
2,7,1,1,1,1,2,2,3,2,1,3,1,2,1,48955,1,1,1,0
1,4,1,1,1,5,3,2,1,2,2,4,5,1,3,129000,1,3,2,0
2,2,1,1,1,1,7,2,4,1,1,3,1,1,2,78272,2,2,2,0
2,4,1,1,1,1,1,2,2,1,1,1,1,1,3,126000,1,3,2,0
1,1,1,2,7,11,5,2,3,2,1,3,1,1,1,52472,1,1,1,0
2,17,1,3,8,1,1,2,3,1,1,8,1,1,1,40392,1,1,3,0
1,4,1,1,4,4,2,2,2,2,1,1,3,1,3,115000,1,3,2,0
2,4,1,1,9,1,1,2,4,2,1,8,1,1,3,93000,1,3,2,0
2,1,1,1,1,1,1,1,3,1,1,1,1,1,1,500052,1,1,1,0
2,4,1,1,2,1,1,1,3,1,1,3,1,1,3,85000,1,3,2,0
2,4,2,3,1,18,5,4,1,1,1,8,1,1,3,3000,1,3,2,1
2,10,1,1,1,1,3,3,2,1,1,2,1,2,4,64379,1,1,1,0
2,4,2,1,1,14,7,2,2,1,1,1,1,2,3,80000,1,3,2,0
2,13,1,2,1,1,1,2,3,1,1,1,1,1,1,50700,1,1,1,0
2,7,1,2,1,1,1,2,4,1,1,3,1,1,1,79552,1,1,1,0
2,4,1,1,1,14,1,1,3,1,1,3,1,1,3,86000,1,3,2,0
2,1,1,7,7,14,3,1,3,1,1,1,1,1,1,650076,1,1,1,0
2,4,1,1,1,1,3,3,3,1,1,1,1,1,3,95000,1,3,2,0
1,12,1,1,1,9,1,2,4,1,1,3,1,1,3,56365,1,1,1,0
2,4,1,4,1,1,7,2,2,1,3,8,1,1,3,60000,1,3,2,0
2,4,1,2,4,4,3,2,4,1,2,3,1,1,3,64800,1,3,2,0
2,14,1,1,8,1,2,3,2,1,1,1,1,1,5,8988,3,2,2,0
2,4,1,1,2,13,2,3,4,1,1,1,4,1,3,65000,1,3,2,0
2,7,1,1,4,1,4,2,3,1,1,8,1,1,1,65477,1,1,1,0
2,12,1,1,1,1,3,2,2,1,1,3,2,1,3,49923,1,1,1,0
2,4,1,1,1,2,2,1,2,1,1,4,1,1,3,180000,1,3,2,0
2,2,2,1,1,2,2,3,4,1,1,3,1,2,2,1884,2,2,2,0
2,18,1,2,1,2,1,1,4,1,1,3,1,1,1,107397,1,1,3,0
2,7,1,2,1,9,7,2,1,1,1,2,1,2,1,55075,1,1,1,0
2,2,1,2,12,3,7,2,3,1,1,2,6,1,2,23482,2,2,2,0
2,16,1,2,2,1,2,1,2,1,1,1,1,1,1,44672,1,1,3,0
2,6,1,1,8,4,2,1,3,1,1,3,1,1,1,48000,2,2,2,0
2,4,1,1,3,4,7,2,1,1,1,7,3,1,3,180000,1,3,2,0
2,4,1,1,2,1,7,2,4,1,1,1,1,2,3,65000,1,3,2,0
2,4,1,3,3,14,7,2,3,1,1,1,2,1,3,50000,1,3,2,0
2,12,1,1,5,1,1,2,3,1,1,1,1,1,3,60391,1,1,1,0
2,2,1,7,1,6,2,2,3,1,1,9,3,1,2,8140,2,2,2,0
2,7,1,2,1,1,4,2,2,1,1,8,4,1,1,58752,1,1,1,0
2,2,2,2,1,7,4,3,3,1,1,3,3,1,2,10958,2,2,2,0
2,4,1,1,7,1,1,3,4,1,1,1,1,1,3,155000,1,3,2,0
2,1,1,1,1,6,11,1,4,1,1,1,1,1,1,125014,1,1,1,0
2,7,2,1,8,1,7,2,4,1,1,2,1,1,1,44060,1,1,1,0
2,4,1,3,1,4,1,1,1,1,1,6,1,1,3,150000,1,3,2,0
1,4,1,2,4,1,2,2,4,1,1,8,1,1,3,90000,1,3,2,0
2,13,1,3,1,1,4,2,4,1,1,8,1,1,1,45895,1,1,1,0
2,4,3,1,4,11,5,2,1,2,1,1,2,2,3,12400,1,3,2,0
2,2,1,1,1,1,5,2,3,1,1,9,4,2,2,1879,2,2,2,0
2,1,1,4,8,1,2,1,2,1,1,2,1,1,1,33337,1,1,1,0
2,2,1,1,3,3,7,1,4,1,1,1,1,2,2,159672,2,2,2,0
2,4,1,3,1,1,11,3,2,1,1,5,1,2,3,90000,1,3,2,0
2,4,1,4,4,3,5,1,2,2,1,3,1,1,3,17500,1,3,2,0
2,4,1,1,1,1,7,2,4,1,1,3,1,1,3,97000,1,3,2,0
2,7,1,7,1,14,3,2,4,1,1,2,1,1,1,505368,1,1,1,0
2,6,1,6,8,1,1,2,2,1,1,2,1,1,1,8496,2,2,2,0
2,13,3,4,1,1,4,4,2,1,1,1,2,1,1,33045,1,1,1,1
2,4,2,1,8,1,2,1,2,1,1,8,4,1,3,85000,1,3,2,0
2,4,2,1,1,1,1,2,2,1,1,7,1,2,3,320000,1,3,2,0
2,15,1,1,7,4,7,1,4,1,1,1,1,2,2,56172,1,1,2,0
2,4,1,2,1,1,7,2,2,1,1,1,1,2,3,80000,1,3,2,0
2,5,1,2,1,1,7,2,2,1,1,2,1,1,1,17640,2,2,1,0
2,16,1,3,1,1,3,2,4,1,1,5,1,1,1,58752,1,1,3,0
2,6,1,4,5,8,5,5,3,1,1,2,1,2,1,7008,2,2,2,0
2,1,1,1,1,1,3,1,3,1,1,1,1,2,1,62507,1,1,1,0
2,9,3,1,1,13,7,2,2,1,1,1,1,1,2,12720,2,2,2,0
1,10,1,3,1,4,1,1,4,1,1,1,1,1,4,61580,1,1,1,0
2,1,1,1,8,3,2,2,1,1,1,1,1,1,1,37504,1,1,1,0
2,3,1,2,3,1,3,3,2,1,1,3,1,1,1,43666,1,1,3,0
2,12,1,4,1,1,4,1,3,2,1,6,1,1,3,49923,1,1,1,0
2,4,1,2,1,1,3,2,3,1,1,8,3,1,3,120000,1,3,2,0
2,14,1,1,8,3,1,3,4,1,1,4,1,1,5,269496,3,2,2,0
2,4,1,1,3,1,7,2,2,1,1,3,1,1,3,1200000,1,3,2,0
1,11,1,2,8,1,1,2,4,1,1,7,1,2,1,38184,1,1,1,0
2,10,1,7,1,7,3,2,4,1,1,4,3,1,4,95968,1,1,1,0
2,4,1,7,2,8,4,1,4,1,1,4,1,1,3,102960,1,3,2,0
2,13,1,1,1,1,11,1,3,1,1,9,1,1,1,61194,1,1,1,0
2,12,2,3,1,1,2,1,4,1,1,3,1,1,3,6050,1,1,1,0
2,4,1,4,1,3,7,2,4,1,1,1,3,1,3,50000,1,3,2,0
1,4,1,1,5,1,11,3,3,1,1,1,1,1,3,65000,1,3,2,0
2,1,1,3,8,1,5,1,2,1,1,6,1,1,1,30559,1,1,1,0
2,14,3,5,8,9,2,1,3,1,1,2,1,2,5,8604,3,2,2,0
2,10,1,1,8,15,5,2,1,1,1,1,1,1,4,71976,1,1,1,0
1,2,1,1,1,3,2,2,3,2,1,3,3,2,2,22548,2,2,2,0
2,12,1,1,7,4,7,1,3,2,1,2,3,2,3,83742,1,1,1,0
1,4,1,2,1,2,7,2,2,2,1,3,3,1,3,80000,1,3,2,0
2,4,1,2,1,1,2,2,4,1,1,1,1,1,3,130000,1,3,2,0
2,7,1,1,1,1,2,2,2,1,1,1,4,2,1,68537,1,1,1,0
2,4,1,1,9,1,1,2,2,1,1,4,1,2,3,73800,1,3,2,0
2,4,1,1,1,11,1,3,2,2,2,3,1,1,3,80000,1,3,2,0
2,12,1,1,1,1,7,3,2,2,2,1,2,1,3,96626,1,1,1,0
2,4,1,2,1,4,3,2,2,1,1,3,1,1,3,100000,1,3,2,0
1,9,1,2,7,8,7,1,3,2,1,1,1,2,2,13032,2,2,2,0
2,7,1,2,1,4,7,3,3,1,1,2,1,1,1,41122,1,1,1,0
2,7,1,2,3,8,7,2,3,1,1,1,1,1,1,54336,1,1,1,0
2,13,1,2,1,4,3,1,3,1,1,2,1,2,1,514032,1,1,1,0
2,7,1,2,1,1,7,2,3,1,1,3,1,1,1,61194,1,1,1,0
2,4,1,1,1,1,7,2,3,1,1,1,1,1,3,70000,1,3,2,0
2,12,1,1,6,14,7,2,4,1,1,5,1,1,3,217408,1,1,1,0
1,4,1,1,8,4,7,1,4,1,1,8,1,1,3,85000,1,3,2,0
2,4,1,1,1,1,1,1,4,1,1,3,1,1,3,2000000,1,3,2,0
1,1,1,2,3,8,4,2,3,1,1,8,3,1,1,76397,1,1,1,0
2,2,2,2,1,1,2,1,3,1,1,7,1,1,2,7514,2,2,2,0
1,13,1,6,12,6,2,1,3,1,1,5,1,1,1,31821,1,1,1,0
2,4,1,4,10,1,2,3,4,1,1,3,7,1,3,65000,1,3,2,0
2,12,1,1,1,4,7,1,4,1,1,1,1,1,3,52339,1,1,1,0
2,18,2,3,1,1,7,2,3,1,1,3,1,1,1,56304,1,1,3,0
1,1,1,2,1,3,1,1,4,1,1,3,3,1,1,46533,1,1,1,0
2,1,2,1,9,3,7,1,4,1,1,1,1,1,1,600060,1,1,1,0
2,3,1,2,1,1,7,3,3,1,1,1,2,1,1,49404,1,1,3,0
2,4,1,3,5,1,2,2,4,2,3,2,1,1,3,115000,1,3,2,0
2,3,1,1,1,1,4,2,2,1,1,6,1,1,1,59880,1,1,3,0
1,7,1,1,1,4,7,1,3,1,1,2,1,2,1,67313,1,1,1,0
1,14,1,1,1,1,1,3,2,1,1,1,1,1,5,44916,3,2,2,0
2,7,2,1,1,1,2,2,3,1,1,3,1,2,1,35244,1,1,1,0
2,1,1,3,1,1,3,2,2,2,1,4,1,1,1,48616,1,1,1,0
2,1,1,1,1,1,2,3,1,1,1,6,1,1,1,29172,1,1,1,0
2,6,1,2,1,3,7,2,2,1,1,3,1,2,1,18048,2,2,2,0
1,4,1,1,1,1,2,1,2,1,1,1,1,1,3,60000,1,3,2,0
2,16,1,2,3,14,7,2,2,1,1,6,1,1,1,31572,1,1,3,0
2,12,1,1,1,1,2,2,2,1,1,3,1,1,3,52339,1,1,1,0
2,13,1,1,1,15,4,2,3,1,1,1,1,2,1,1000000,1,1,1,0
2,16,1,1,8,1,4,3,2,1,1,1,1,1,1,48912,1,1,3,0
2,7,1,2,1,1,7,3,2,1,1,2,1,2,1,44064,1,1,1,0
1,4,1,1,1,1,3,1,3,1,1,8,1,1,3,75000,1,3,2,0
2,18,3,5,1,1,4,3,2,1,1,2,1,1,1,78202,1,1,3,0
1,4,1,1,1,1,1,2,1,1,2,8,1,2,3,103000,1,3,2,0
2,11,1,2,1,4,7,2,4,1,1,3,1,1,1,34269,1,1,1,0
2,2,2,1,3,1,2,3,3,1,1,1,3,1,2,281784,2,2,2,0
2,4,1,1,9,4,2,2,2,2,1,1,5,1,3,75000,1,3,2,0
2,4,2,4,1,3,7,2,2,1,1,4,1,1,3,15000,1,3,2,0
2,14,1,3,8,1,3,2,2,1,1,8,1,2,5,18720,3,2,2,0
2,14,3,3,1,1,3,2,3,1,1,1,1,1,5,9360,3,2,2,0
2,2,1,2,1,1,7,1,1,1,1,3,1,2,2,11736,2,2,2,0
2,13,1,2,1,1,7,2,2,1,1,3,1,1,1,24478,1,1,1,0
2,2,1,1,3,1,2,1,3,1,2,1,3,1,2,9393,2,2,2,0
2,2,1,1,1,17,7,2,3,1,1,1,3,2,2,15024,2,2,2,0
2,4,1,1,1,1,10,2,4,1,1,7,4,1,3,125000,1,3,2,0
2,2,1,1,1,6,2,1,2,2,1,3,6,1,2,5076,2,2,2,0
2,10,2,1,1,1,2,2,2,1,1,1,1,1,4,60000,1,1,1,0
2,4,2,3,4,1,3,2,3,1,1,6,1,1,3,126000,1,3,2,0
2,12,1,1,1,1,2,1,3,2,1,3,1,1,3,30598,1,1,1,0
2,4,1,3,1,1,1,1,3,1,1,1,1,1,3,75000,1,3,2,0
1,12,1,3,12,1,1,1,4,1,1,1,1,1,3,64417,1,1,1,0
2,4,1,1,4,4,2,2,4,1,1,3,1,1,3,70000,1,3,2,0
1,6,1,4,3,1,4,1,2,1,1,6,1,2,1,12732,2,2,2,0
2,4,1,2,1,1,1,2,2,1,1,3,1,2,3,145000,1,3,2,0
2,2,1,1,3,14,2,2,3,1,1,8,3,1,2,5640,2,2,2,0
2,7,3,3,1,2,1,2,3,1,1,4,1,1,1,14100,1,1,1,0
2,2,1,1,3,2,5,2,4,1,1,1,1,1,2,5256,2,2,2,0
2,12,1,5,1,3,3,2,3,2,1,2,1,1,3,80521,1,1,1,0
2,13,1,1,1,4,1,1,4,1,1,1,2,1,1,469968,1,1,1,0
2,2,1,2,1,3,7,1,3,1,1,3,3,1,2,0,2,2,2,0
2,2,2,1,1,1,2,4,2,1,1,2,6,2,2,0,2,2,2,1
2,4,1,1,8,1,2,2,2,1,1,1,5,2,3,85000,1,3,2,0
2,4,1,2,5,1,7,2,3,1,1,6,1,1,3,120000,1,3,2,0
2,1,1,2,6,1,5,1,2,1,1,1,3,1,1,58340,1,1,1,0
2,1,3,2,1,9,3,2,3,1,1,7,6,2,1,69452,1,1,1,0
1,4,1,1,8,1,1,1,2,1,1,1,1,1,3,140000,1,3,2,0
2,4,1,1,4,4,5,3,1,1,1,1,1,1,3,75000,1,3,2,0
2,8,1,5,1,1,2,2,3,1,1,7,1,1,1,108950,1,1,1,0
2,4,1,3,7,4,5,2,3,2,1,1,4,1,3,85000,1,3,2,0
2,4,1,1,1,1,3,3,2,1,1,6,1,1,3,90000,1,3,2,0
2,4,1,1,1,9,7,2,4,1,1,5,1,1,3,92500,1,3,2,0
2,10,1,1,1,1,3,2,3,1,1,4,4,2,4,112762,1,1,1,0
2,10,1,7,8,4,7,1,4,1,1,1,1,1,4,74775,1,1,1,0
2,2,1,2,1,3,7,2,3,1,1,9,1,2,2,13152,2,2,2,0
2,1,1,3,1,1,3,1,3,1,1,2,1,2,1,61118,1,1,1,0
2,1,1,3,9,1,2,2,1,1,1,9,1,1,1,22225,1,1,1,0
1,4,1,1,1,1,7,2,3,1,1,6,6,1,3,70000,1,3,2,0
2,4,1,1,1,2,7,2,3,1,1,6,1,1,3,55000,1,3,2,0
2,17,1,1,12,3,3,2,2,2,2,3,1,1,1,54564,1,1,3,0
2,6,1,5,1,1,5,2,2,1,1,8,1,1,1,16980,2,2,2,0
2,15,1,5,12,1,1,2,3,1,1,1,4,2,2,56172,1,1,2,0
1,4,1,2,7,14,7,1,4,1,1,4,1,1,3,90000,1,3,2,0
2,1,2,3,6,4,3,2,3,1,1,3,1,2,1,31948,1,1,1,0
2,4,1,1,1,1,2,1,4,1,1,1,6,1,3,150000,1,3,2,0
2,2,1,1,1,1,1,2,1,1,1,1,3,1,2,9396,2,2,2,0
2,4,1,1,1,3,2,2,3,1,1,8,1,1,3,85000,1,3,2,0
2,16,1,5,1,1,1,2,2,1,1,5,1,1,1,57276,1,1,3,0
2,4,1,1,7,14,2,2,4,1,1,1,1,1,3,42000,1,3,2,0
2,5,1,2,1,4,3,1,2,1,1,8,1,1,1,35292,2,2,1,0
2,3,1,1,1,1,2,2,4,1,1,1,1,1,1,47908,1,1,3,0
1,17,1,1,8,4,2,2,4,1,1,2,1,1,1,30024,1,1,3,0
1,4,1,1,1,1,3,2,4,1,1,2,6,1,3,95000,1,3,2,0
2,1,1,1,1,1,2,3,3,1,1,1,1,1,1,45144,1,1,1,0
1,4,1,2,1,1,2,1,3,1,1,1,3,1,3,120000,1,3,2,0
2,14,3,3,1,1,1,2,3,1,1,6,1,1,5,9360,3,2,2,0
2,1,1,1,1,3,1,1,2,1,1,3,1,1,1,83342,1,1,1,0
2,11,1,3,4,3,5,2,3,1,1,2,1,1,1,42836,1,1,1,0
2,7,1,2,1,1,1,2,4,1,1,1,1,1,1,59358,1,1,1,0
2,4,1,1,12,3,7,2,2,2,1,1,1,1,3,83000,1,3,2,0
2,20,1,2,8,3,3,1,2,1,1,3,1,1,1,19026,3,2,2,0
2,4,1,1,1,1,3,2,3,1,1,3,1,2,3,145000,1,3,2,0
2,4,1,2,1,1,1,2,4,1,1,2,1,1,3,115000,1,3,2,0
2,4,1,2,1,8,2,2,4,2,2,5,3,1,3,98000,1,3,2,0
1,15,1,1,1,1,7,2,2,1,1,1,4,1,2,91284,1,1,2,0
1,4,1,1,1,1,1,2,2,1,1,8,1,1,3,96000,1,3,2,0
2,4,1,2,12,6,1,2,2,1,1,2,6,2,3,45000,1,3,2,0
2,4,1,1,5,8,1,1,2,1,1,3,1,2,3,86000,1,3,2,0
2,15,1,1,1,13,7,1,3,1,1,3,1,2,2,49152,1,1,2,0
2,4,1,1,1,1,4,1,3,1,1,1,1,1,3,125000,1,3,2,0
2,1,1,1,1,1,1,1,3,1,1,3,1,1,1,69452,1,1,1,0
2,4,1,8,1,1,4,2,3,1,1,2,1,1,3,120000,1,3,2,0
1,13,1,3,1,2,4,1,2,1,1,6,2,1,1,36716,1,1,1,0
2,12,1,1,1,1,1,2,3,1,1,3,1,2,3,52339,1,1,1,0
2,2,2,1,8,1,7,2,1,1,1,6,1,1,2,8448,2,2,2,0
2,7,1,2,1,1,7,2,2,1,1,2,1,1,1,49322,1,1,1,0
2,10,1,7,1,1,4,2,3,1,3,9,1,1,4,115961,1,1,1,0
2,14,1,4,1,4,1,1,3,1,1,2,2,1,5,22452,3,2,2,0
2,14,1,6,1,1,7,2,2,1,1,7,1,1,5,18720,3,2,2,0
2,17,1,2,3,1,1,1,3,1,1,4,1,2,1,95460,1,1,3,0
2,13,1,3,1,3,2,1,2,1,1,6,1,1,1,48955,1,1,1,0
2,4,1,2,1,4,7,1,1,1,1,3,1,1,3,100000,1,3,2,0
2,7,1,2,8,1,2,2,4,1,2,3,1,1,1,63156,1,1,1,0
2,12,1,1,1,9,4,2,1,1,1,3,6,1,3,72469,1,1,1,0
1,12,1,2,1,1,1,1,3,1,1,3,3,2,3,76495,1,1,1,0
2,2,1,3,3,2,5,3,3,1,1,3,3,1,2,2664,2,2,2,0
1,4,1,1,1,1,3,3,3,1,1,1,1,1,3,176000,1,3,2,0
2,6,1,2,3,3,2,2,2,1,1,3,1,1,1,36084,2,2,2,0
2,4,3,3,9,3,7,2,4,1,1,1,1,1,3,85000,1,3,2,0
2,4,1,1,9,3,4,2,2,2,2,1,1,1,3,48000,1,3,2,0
1,4,2,2,1,8,1,2,4,1,1,3,1,1,3,37000,1,3,2,0
2,4,1,3,1,1,4,2,4,2,2,3,1,1,3,160000,1,3,2,0
2,7,1,1,8,1,7,2,2,1,1,4,4,1,1,61194,1,1,1,0
2,1,1,1,7,1,2,2,4,1,1,1,1,1,1,30559,1,1,1,0
2,12,1,4,1,1,7,2,3,1,1,1,1,2,3,72469,1,1,1,0
2,7,1,2,7,3,1,2,3,1,1,4,4,2,1,57522,1,1,1,0
2,10,1,3,1,1,2,1,3,1,1,8,1,2,4,79973,1,1,1,0
1,7,1,2,1,2,3,1,4,1,1,2,1,2,1,63156,1,1,1,0
2,19,1,1,1,1,4,2,4,1,1,2,1,1,1,44328,1,1,3,0
2,13,1,2,1,1,7,2,3,1,1,1,1,1,1,616836,1,1,1,0
1,14,3,5,1,14,1,2,2,1,1,4,1,1,5,7896,3,2,2,0
2,1,1,1,1,1,3,2,2,1,1,3,1,1,1,66188,1,1,1,0
2,7,2,2,1,1,7,2,4,1,1,1,1,1,1,26436,1,1,1,0
2,16,1,2,3,1,1,1,2,1,1,1,2,1,1,80776,1,1,3,0
2,2,1,1,3,1,2,1,2,1,1,7,3,1,2,13306,2,2,2,0
1,18,1,7,1,11,1,1,4,1,1,5,1,1,1,96971,1,1,3,0
2,11,1,2,1,9,1,3,3,1,1,5,1,1,1,41612,1,1,1,0
2,4,1,1,1,9,4,2,4,1,1,6,1,2,3,144000,1,3,2,0
2,3,1,2,1,1,3,1,2,1,1,9,1,1,1,73428,1,1,3,0
2,2,2,1,8,9,2,3,1,1,4,1,3,1,2,4320,2,2,2,0
2,2,1,2,7,1,1,1,2,1,1,4,3,2,2,33657,2,2,2,0
2,4,1,2,3,1,8,2,4,1,1,8,1,1,3,105000,1,3,2,0
2,4,1,1,3,1,7,2,2,1,1,6,1,2,3,80000,1,3,2,0
2,6,1,1,6,3,2,3,3,1,1,3,1,1,1,14856,2,2,2,0
2,4,1,2,3,1,7,1,2,1,1,4,1,2,3,100000,1,3,2,0
1,17,1,1,1,2,4,2,4,1,1,3,1,1,1,63642,1,1,3,0
2,3,1,1,1,1,3,1,2,1,1,8,1,1,1,58392,1,1,3,0
1,8,1,2,1,1,7,1,2,1,1,2,1,1,1,37940,1,1,1,0
1,9,1,1,1,1,3,1,3,1,1,1,3,2,2,27972,2,2,2,0
2,11,1,2,1,10,11,1,3,1,1,4,1,2,1,122388,1,1,1,0
2,8,2,2,1,4,1,2,3,1,1,2,1,1,1,26436,1,1,1,0
2,2,2,1,1,3,7,2,4,1,1,1,1,2,2,23482,2,2,2,0
1,4,1,2,1,1,3,1,3,1,1,8,4,1,3,115000,1,3,2,0
2,2,1,2,1,1,2,2,3,1,1,7,3,1,2,90168,2,2,2,0
2,7,1,2,1,1,4,2,3,1,2,2,1,1,1,85671,1,1,1,0
2,2,2,1,1,1,7,2,3,1,1,6,3,2,2,18785,2,2,2,0
2,19,1,2,1,1,7,4,3,1,1,3,2,1,1,54336,1,1,3,1
2,2,1,1,3,2,2,2,1,1,1,1,3,1,2,7044,2,2,2,0
1,4,1,1,1,1,1,1,3,1,1,1,1,1,3,69900,1,3,2,0
2,4,1,1,1,1,3,2,4,1,1,3,1,1,3,119600,1,3,2,0
2,12,1,1,3,13,7,3,1,1,1,1,1,1,3,50326,1,1,1,0
1,7,1,2,1,1,1,1,3,1,1,8,1,2,1,79552,1,1,1,0
2,16,2,3,3,1,3,1,1,1,1,4,1,1,1,24972,1,1,3,0
1,11,3,1,1,4,2,2,2,2,3,3,1,1,1,56298,1,1,1,0
2,7,2,2,1,8,7,1,4,1,1,2,1,1,1,61194,1,1,1,0
2,9,3,2,1,1,1,3,3,2,1,7,4,2,2,42912,2,2,2,0
2,11,1,2,1,1,2,2,4,1,1,7,2,1,1,43325,1,1,1,0
2,2,1,2,1,1,2,3,3,1,1,2,3,2,2,8448,2,2,2,0
2,12,1,1,1,4,1,2,4,2,2,1,2,1,3,41871,1,1,1,0
1,5,1,2,3,1,4,4,1,1,3,2,1,1,1,56460,2,2,1,1
2,18,1,1,1,1,1,2,4,1,1,8,1,1,1,130337,1,1,3,0
2,2,1,5,1,1,5,2,3,1,1,1,3,2,2,6576,2,2,2,0
2,4,1,3,1,14,7,2,4,1,1,8,1,2,3,80000,1,3,2,0
2,5,1,3,5,1,7,3,1,1,1,6,1,1,1,37848,2,2,1,0
2,7,1,7,7,1,4,3,2,2,3,2,1,1,1,73433,1,1,1,0
2,1,1,1,6,14,1,3,2,1,1,3,3,1,1,108345,1,1,1,0
2,4,1,1,5,4,4,2,4,1,2,6,1,1,3,187000,1,3,2,0
2,4,3,1,1,1,7,1,2,1,1,1,3,1,3,130000,1,3,2,0
2,2,2,1,1,1,2,2,2,1,1,1,6,1,2,7827,2,2,2,0
2,2,1,2,1,2,1,2,3,1,1,3,3,1,2,18780,2,2,2,0
1,6,1,4,2,4,2,2,2,1,1,8,1,2,1,8496,2,2,2,0
1,4,1,1,4,1,5,1,1,2,1,3,1,1,3,99000,1,3,2,0
2,1,1,1,1,1,4,1,3,1,1,1,1,1,1,45144,1,1,1,0
2,4,1,1,5,1,2,1,4,1,1,1,1,1,3,60000,1,3,2,0
2,4,1,7,7,8,6,1,3,1,3,4,1,1,3,130500,1,3,2,0
2,4,1,3,1,1,3,2,3,1,1,8,7,1,3,80000,1,3,2,0
2,4,1,2,5,1,7,2,4,1,1,3,1,1,3,105000,1,3,2,0
1,6,1,2,5,1,2,2,4,1,1,7,1,1,1,30780,2,2,2,0
1,4,1,1,3,1,1,1,3,1,1,1,6,1,3,88800,1,3,2,0
2,10,1,2,8,1,3,3,3,1,1,3,6,1,4,115961,1,1,1,0
2,4,1,2,5,1,1,1,4,1,1,1,1,1,3,181000,1,3,2,0
2,6,1,5,3,1,1,2,3,1,1,3,1,1,1,42456,2,2,2,0
1,18,1,2,1,1,4,1,4,1,1,5,1,1,1,1000000,1,1,3,0
2,5,1,2,1,1,1,2,1,1,1,2,1,1,1,28236,2,2,1,0
2,1,1,1,1,1,4,1,2,1,1,1,1,1,1,49418,1,1,1,0
2,7,1,2,1,6,4,1,4,1,1,5,1,2,1,83712,1,1,1,0
2,7,2,7,1,16,11,2,2,1,1,3,1,2,1,68537,1,1,1,0
2,12,1,1,8,4,2,2,2,1,1,5,1,1,3,64417,1,1,1,0
2,1,2,1,6,3,3,2,3,1,1,2,1,1,1,83342,1,1,1,0
2,2,1,2,1,1,7,3,3,1,1,1,3,2,2,8610,2,2,2,0
2,4,1,2,1,1,3,2,1,1,1,3,1,1,3,130000,1,3,2,0
2,12,1,1,1,1,11,2,4,1,1,2,1,1,3,60391,1,1,1,0
2,12,1,1,1,4,1,2,3,1,1,8,4,2,3,79716,1,1,1,0
2,9,1,1,3,3,3,2,2,1,1,1,1,2,2,30840,2,2,2,0
2,9,3,3,1,1,11,3,3,1,1,1,4,2,2,32400,2,2,2,0
2,7,3,1,1,1,2,2,4,1,1,2,1,1,1,46260,1,1,1,0
2,2,1,2,12,1,2,2,3,1,1,4,1,1,2,150288,2,2,2,0
2,12,1,1,1,1,1,2,3,1,1,1,1,1,3,52017,1,1,1,0
2,1,2,5,2,1,2,2,4,1,1,1,1,1,1,20836,1,1,1,0
1,10,1,1,1,1,7,3,2,1,1,4,1,1,4,83972,1,1,1,0
2,7,1,5,1,1,4,2,3,1,1,5,1,1,1,51408,1,1,1,0
2,4,1,1,5,1,5,3,3,1,1,1,1,1,3,55000,1,3,2,0
2,4,1,1,4,1,2,2,2,1,1,6,1,1,3,65000,1,3,2,0
2,4,1,1,1,1,1,3,3,1,1,8,1,1,3,150000,1,3,2,0
2,16,1,1,12,3,7,1,1,1,1,3,1,1,1,42588,1,1,3,0
1,4,1,1,5,1,2,2,4,1,1,6,1,1,3,73500,1,3,2,0
1,10,1,1,1,1,4,1,2,1,1,1,2,2,4,71976,1,1,1,0
2,2,2,2,1,1,2,2,4,1,1,3,6,2,2,27207,2,2,2,0
2,4,1,1,9,1,2,1,3,1,1,1,1,1,3,52000,1,3,2,0
1,2,1,1,1,1,2,2,3,1,1,9,3,1,2,4692,2,2,2,0
2,2,1,1,1,1,7,1,3,1,1,9,6,2,2,12524,2,2,2,0
2,4,1,3,4,3,5,2,3,2,2,3,1,1,3,45000,1,3,2,0
2,10,1,2,1,1,3,2,2,1,1,3,1,1,4,107964,1,1,1,0
2,2,3,1,1,14,5,3,1,1,1,1,1,1,2,7827,2,2,2,0
2,4,1,1,1,2,7,1,4,1,1,1,1,1,3,156000,1,3,2,0
2,12,1,1,5,4,7,1,4,1,1,9,1,2,3,64417,1,1,1,0
1,4,1,1,4,4,5,2,2,2,2,8,5,1,3,30000,1,3,2,0
2,5,1,2,3,1,5,2,4,1,1,2,4,1,1,17640,2,2,1,0
2,13,1,2,7,1,3,2,1,1,2,2,1,1,1,52872,1,1,1,0
1,13,1,7,7,8,1,2,4,1,1,4,1,1,1,44064,1,1,1,0
2,7,1,2,1,14,2,2,1,1,1,3,1,2,1,57522,1,1,1,0
2,4,1,1,1,1,2,1,4,1,1,1,1,1,3,57000,1,3,2,0
2,4,1,1,1,1,11,2,2,2,1,3,1,1,3,75000,1,3,2,0
1,14,3,2,1,1,3,1,2,1,1,2,1,1,5,29940,3,2,2,0
1,4,1,1,1,1,7,2,1,1,1,8,1,1,3,75000,1,3,2,0
2,4,1,3,1,3,7,2,3,1,1,1,1,1,3,110000,1,3,2,0
1,2,1,2,1,2,2,2,3,1,1,9,2,2,2,131496,2,2,2,0
2,12,1,3,1,1,3,3,3,1,1,8,1,1,3,120782,1,1,1,0
2,2,1,1,3,4,5,1,2,1,1,3,3,1,2,2256,2,2,2,0
2,7,1,1,1,1,7,2,3,1,1,6,1,1,1,48955,1,1,1,0
2,4,1,7,7,8,1,2,2,1,1,5,1,2,3,100000,1,3,2,0
1,4,1,1,1,4,1,2,3,1,1,2,1,1,3,80000,1,3,2,0
1,4,1,1,3,4,3,3,4,1,3,5,1,1,3,110000,1,3,2,0
1,20,1,2,3,14,5,4,2,1,1,1,1,1,1,8352,3,2,2,1
2,4,1,2,1,1,1,1,3,1,1,3,2,1,3,119000,1,3,2,0
2,1,1,3,1,1,2,1,3,1,1,2,1,2,1,52783,1,1,1,0
2,4,1,2,1,9,1,2,3,2,2,8,1,2,3,95000,1,3,2,0
2,4,1,1,1,1,1,3,2,1,1,1,1,1,3,88500,1,3,2,0
2,4,1,1,1,2,1,1,2,1,1,2,2,1,3,85000,1,3,2,0
2,4,1,1,3,6,5,1,2,1,1,1,1,2,3,110000,1,3,2,0
2,19,3,1,2,1,2,2,2,1,1,3,1,1,1,29376,1,1,3,0
2,16,1,2,1,1,8,2,3,1,1,6,3,1,1,100358,1,1,3,0
1,2,1,1,3,1,7,2,2,1,1,3,1,1,2,375708,2,2,2,0
2,12,1,1,7,1,7,1,4,1,1,3,6,1,3,64417,1,1,1,0
2,15,1,8,8,6,7,2,2,1,1,3,1,1,2,84000,1,1,2,0
1,6,1,2,1,1,4,1,3,1,1,8,1,2,1,28020,2,2,2,0
1,4,1,1,2,4,2,2,2,1,1,1,1,2,3,90000,1,3,2,0
2,12,1,1,1,1,3,2,4,1,1,2,6,2,3,60391,1,1,1,0
2,2,1,1,1,1,7,2,4,1,1,7,3,1,2,5640,2,2,2,0
2,4,1,1,9,3,5,2,4,1,1,2,2,1,3,78500,1,3,2,0
2,2,1,1,1,4,5,2,1,1,1,1,3,1,2,3948,2,2,2,0
2,2,1,2,1,1,1,3,3,1,1,4,1,2,2,22548,2,2,2,0
2,4,3,1,1,1,1,2,2,1,1,1,1,2,3,80400,1,3,2,0
1,12,1,1,1,2,4,2,4,1,3,1,1,2,3,85755,1,1,1,0
2,4,3,1,5,1,2,1,3,1,1,4,1,2,3,100000,1,3,2,0
2,20,1,6,3,1,2,1,3,1,1,5,1,1,1,31200,3,2,2,0
2,4,1,2,1,2,1,3,1,1,1,4,5,1,3,170000,1,3,2,0
2,4,1,3,1,1,2,1,4,1,1,2,1,1,3,105000,1,3,2,0
2,8,1,2,6,1,2,1,2,1,1,6,1,1,1,29376,1,1,1,0
1,1,1,2,4,4,7,1,2,1,1,8,1,1,1,45838,1,1,1,0
2,4,1,1,8,1,3,2,4,1,1,1,2,2,3,123585,1,3,2,0
2,7,1,2,1,15,4,2,2,1,1,2,1,1,1,44064,1,1,1,0
1,4,1,1,3,17,1,2,3,1,1,3,1,1,3,114400,1,3,2,0
2,1,1,1,1,1,7,2,3,1,1,1,1,1,1,55562,1,1,1,0
2,4,1,2,1,9,7,2,2,1,1,3,1,2,3,130000,1,3,2,0
2,1,1,3,1,1,3,2,4,1,1,4,4,2,1,483384,1,1,1,0
2,12,1,2,1,9,8,2,4,1,1,1,1,2,3,64417,1,1,1,0
2,1,1,3,9,1,7,1,2,1,1,1,1,2,1,41671,1,1,1,0
2,1,1,1,1,9,3,2,3,1,1,2,1,1,1,52783,1,1,1,0
2,7,1,1,1,3,5,2,2,1,1,2,1,1,1,42297,1,1,1,0
2,4,1,2,1,1,4,2,4,1,1,6,1,1,3,170000,1,3,2,0
2,14,1,1,1,1,7,1,3,1,1,8,2,1,5,26952,3,2,2,0
2,11,1,4,7,3,2,2,3,1,1,3,1,1,1,36720,1,1,1,0
2,2,1,1,3,14,1,2,2,1,1,3,1,2,2,54790,2,2,2,0
2,15,2,4,12,3,2,2,1,1,1,3,1,2,2,52668,1,1,2,0
2,6,1,3,5,9,11,2,3,1,1,1,1,2,1,12732,2,2,2,0
2,10,1,1,3,1,1,2,3,1,1,1,1,2,4,39987,1,1,1,0
1,2,1,2,1,1,5,4,3,1,1,1,1,1,2,3757,2,2,2,1
2,2,2,2,1,1,7,2,2,1,1,3,1,1,2,56352,2,2,2,0
2,4,1,3,8,1,1,2,4,1,1,8,1,1,3,71000,1,3,2,0
2,2,1,1,3,3,1,3,4,1,1,3,3,1,2,26299,2,2,2,0
2,12,1,2,7,4,2,3,4,1,1,1,1,1,3,60391,1,1,1,0
2,2,1,2,1,4,7,3,4,1,1,9,3,1,2,169068,2,2,2,0
2,13,1,1,1,1,7,2,2,1,1,2,1,1,1,28149,1,1,1,0
2,12,1,1,2,1,2,1,3,1,1,2,1,1,3,68443,1,1,1,0
2,17,1,2,7,1,2,2,3,1,1,2,1,1,1,49932,1,1,3,0
2,4,1,1,1,1,2,2,2,1,1,8,1,1,3,74400,1,3,2,0
1,2,1,2,3,3,2,3,2,1,1,3,3,1,2,7884,2,2,2,0
2,2,2,1,1,3,2,2,3,1,1,3,3,1,2,13150,2,2,2,0
2,6,1,3,1,3,7,2,3,2,1,1,4,2,1,32904,2,2,2,0
2,14,1,1,9,6,7,1,3,1,1,5,1,1,5,26196,3,2,2,0
2,7,1,2,1,9,11,1,3,1,1,3,1,1,1,61194,1,1,1,0
2,4,1,2,7,3,5,1,2,1,1,3,1,1,3,80000,1,3,2,0
2,4,1,1,1,3,1,1,1,1,1,3,1,1,3,95000,1,3,2,0
1,9,1,1,3,7,1,2,2,1,1,6,1,1,2,28608,2,2,2,0
1,11,1,1,1,1,1,1,1,1,1,3,1,2,1,46507,1,1,1,0
2,14,1,1,1,4,1,2,1,1,1,3,2,1,5,16464,3,2,2,0
2,2,1,2,1,2,7,2,1,1,1,1,3,2,2,18780,2,2,2,0
2,16,1,1,1,1,4,2,2,1,1,8,1,1,1,73433,1,1,3,0
2,12,3,1,1,1,2,3,2,1,1,1,1,1,3,36235,1,1,1,0
2,4,3,1,1,1,7,3,2,1,1,8,1,2,3,74000,1,3,2,0
2,4,1,1,8,4,2,1,2,1,1,4,1,1,3,984000,1,3,2,0
2,4,1,4,8,1,1,3,3,1,1,1,1,2,3,102000,1,3,2,0
2,1,1,1,1,1,7,2,3,1,1,3,1,1,1,43060,1,1,1,0
2,4,1,3,11,4,4,1,1,1,1,2,1,1,3,60000,1,3,2,0
2,4,1,1,12,1,3,2,2,1,1,8,3,1,3,75000,1,3,2,0
2,16,1,1,1,1,2,2,3,1,1,7,1,1,1,55075,1,1,3,0
2,4,3,1,1,14,2,2,3,1,1,6,1,1,3,89000,1,3,2,0
2,1,1,2,5,1,4,2,3,1,1,1,1,2,1,111123,1,1,1,0
2,5,1,2,1,4,4,1,3,1,1,4,1,1,1,41124,2,2,1,0
2,7,1,1,1,3,2,2,1,1,1,1,1,1,1,67313,1,1,1,0
2,1,1,2,7,1,7,2,4,1,1,2,1,1,1,550056,1,1,1,0
1,7,1,1,1,1,1,2,3,1,1,2,1,1,1,77100,1,1,1,0
2,7,1,2,1,7,5,2,4,1,1,7,1,1,1,11748,1,1,1,0
2,4,1,1,8,1,4,2,3,1,1,2,1,2,3,150000,1,3,2,0
2,7,3,1,3,7,2,1,4,1,1,5,1,2,1,43320,1,1,1,0
2,4,1,3,2,1,7,1,2,1,1,4,1,1,3,2000000,1,3,2,0
2,1,3,1,7,14,2,2,4,1,1,3,1,1,1,600060,1,1,1,0
2,7,1,1,1,2,3,1,2,1,1,5,1,1,1,82000,1,1,1,0
2,10,1,1,1,4,1,1,2,1,1,1,1,1,4,55981,1,1,1,0
2,4,1,3,1,1,1,2,3,1,1,8,1,2,3,81800,1,3,2,0
2,2,1,1,1,1,2,1,4,1,1,2,6,1,2,4128,2,2,2,0
2,8,1,5,1,1,1,2,3,1,1,2,1,1,1,48955,1,1,1,0
2,4,1,1,1,4,7,2,2,2,1,1,6,1,3,55000,1,3,2,0
2,2,1,1,1,1,1,2,1,1,1,1,3,1,2,28178,2,2,2,0
2,4,1,4,1,1,7,1,3,1,1,3,1,1,3,100000,1,3,2,0
2,1,1,2,8,1,7,3,4,1,1,3,1,1,1,62507,1,1,1,0
2,1,1,1,1,1,3,2,1,1,1,2,1,1,1,47227,1,1,1,0
1,4,1,1,1,1,7,1,4,1,1,8,1,2,3,105000,1,3,2,0
2,4,1,1,10,1,2,2,2,2,1,4,1,1,3,50000,1,3,2,0
1,4,2,2,3,1,2,2,3,1,1,6,1,2,3,120000,1,3,2,0
2,4,1,1,6,6,2,2,1,1,1,5,1,1,3,70000,1,3,2,0
2,7,1,1,1,9,1,3,3,1,1,5,1,1,1,36716,1,1,1,0
1,3,1,3,4,1,3,1,4,1,1,5,1,2,1,83844,1,1,3,0
2,4,1,1,1,1,1,2,2,1,1,1,1,1,3,140000,1,3,2,0
1,4,1,4,6,3,5,2,2,1,3,1,2,1,3,60000,1,3,2,0
2,8,1,2,1,8,3,2,4,1,1,2,1,2,1,117492,1,1,1,0
1,7,1,2,1,1,1,3,3,1,1,8,1,1,1,62418,1,1,1,0
2,4,1,1,9,1,7,1,3,1,1,3,1,1,3,65000,1,3,2,0
1,7,1,1,1,1,4,2,3,1,1,1,2,1,1,67313,1,1,1,0
2,6,1,1,1,1,3,3,2,1,1,8,1,1,1,16980,2,2,2,0
2,14,1,1,1,15,4,2,4,1,1,1,1,1,5,56148,3,2,2,0
2,4,1,1,1,2,1,2,3,1,1,8,1,1,3,95500,1,3,2,0
2,2,1,2,1,4,1,1,3,1,1,3,1,1,2,28178,2,2,2,0
2,4,1,2,1,1,7,3,2,1,1,1,3,1,3,120000,1,3,2,0
2,9,2,2,8,1,2,2,3,1,1,2,4,1,2,7944,2,2,2,0
1,9,1,1,1,1,3,2,3,1,1,1,4,1,2,36552,2,2,2,0
1,4,1,7,7,8,1,2,4,1,1,3,1,1,3,110000,1,3,2,0
2,18,2,2,1,1,2,2,2,1,1,3,4,2,1,7090,1,1,3,0
2,2,2,1,1,1,7,2,1,1,1,9,3,1,2,8364,2,2,2,0
2,1,1,1,7,1,7,2,1,1,1,1,1,2,1,62507,1,1,1,0
2,2,1,1,3,7,7,2,3,1,1,1,1,1,2,15024,2,2,2,0
2,4,1,2,1,1,4,3,1,1,1,1,3,1,3,132000,1,3,2,0
2,1,1,2,7,1,2,1,4,1,1,1,1,1,1,56534,1,1,1,0
2,7,1,5,1,1,7,2,3,1,1,3,1,1,1,48955,1,1,1,0
2,4,1,1,8,15,5,3,2,2,1,8,1,1,3,48000,1,3,2,0
2,20,1,2,1,2,1,2,3,1,1,3,1,1,1,25200,3,2,2,0
1,1,1,2,1,14,1,3,2,2,1,3,1,1,1,50005,1,1,1,0
2,2,1,1,3,4,2,3,3,1,1,1,1,1,2,12524,2,2,2,0
1,5,1,2,1,1,7,1,3,1,1,2,1,2,1,38112,2,2,1,0
2,2,1,2,1,1,7,3,2,1,1,1,3,2,2,20664,2,2,2,0
2,2,2,2,1,3,2,1,4,1,1,3,3,1,2,4692,2,2,2,0
2,4,1,6,4,4,4,2,3,1,1,3,1,1,3,135000,1,3,2,0
2,14,1,1,1,1,7,2,4,1,1,2,1,1,5,11232,3,2,2,0
2,7,1,7,1,7,11,2,2,1,1,3,1,2,1,97910,1,1,1,0
2,4,3,1,7,9,2,3,2,1,1,3,1,1,3,92000,1,3,2,0
2,4,3,1,1,1,1,2,3,1,1,2,1,2,3,82000,1,3,2,0
2,6,1,1,3,1,2,1,3,1,1,3,1,2,1,31980,2,2,2,0
2,2,3,2,3,1,7,1,3,1,1,4,1,2,2,17220,2,2,2,0
2,16,1,1,1,1,3,2,3,1,1,8,1,1,1,53604,1,1,3,0
2,2,1,1,3,1,4,1,3,1,1,1,3,1,2,70445,2,2,2,0
2,1,1,2,5,1,11,2,1,1,1,3,1,1,1,97233,1,1,1,0
2,4,2,3,1,3,1,2,1,2,1,4,1,1,3,50000,1,3,2,0
1,1,1,1,1,1,1,2,3,1,1,1,1,1,1,44449,1,1,1,0
2,4,1,4,1,10,4,3,2,1,1,3,2,2,3,90000,1,3,2,0
2,1,1,1,1,1,7,1,2,2,1,3,1,1,1,1000000,1,1,1,0
2,11,1,2,1,4,7,1,3,1,1,3,1,1,1,51403,1,1,1,0
2,4,1,1,2,1,5,1,4,2,2,1,1,1,3,70000,1,3,2,0
2,4,1,2,8,1,4,2,2,1,1,2,1,2,3,125000,1,3,2,0
2,11,1,3,7,1,7,2,3,1,1,2,1,1,1,39164,1,1,1,0
2,4,1,4,1,2,1,1,3,1,1,1,2,2,3,150000,1,3,2,0
1,2,1,1,1,1,5,2,1,1,1,1,3,1,2,11271,2,2,2,0
2,11,1,2,7,8,2,1,3,1,1,7,1,1,1,42588,1,1,1,0
2,1,1,1,12,1,1,2,2,1,1,1,1,2,1,45144,1,1,1,0
2,2,1,2,1,1,1,2,1,1,1,1,3,1,2,338136,2,2,2,0
2,16,1,1,1,1,1,2,3,1,1,1,4,2,1,73433,1,1,3,0
2,2,3,2,1,1,2,2,2,1,1,1,3,1,2,7827,2,2,2,0
2,4,1,1,6,1,1,1,1,1,1,1,6,1,3,134000,1,3,2,0
1,12,1,1,1,4,7,2,3,1,1,1,1,1,3,56369,1,1,1,0
1,4,1,1,7,1,7,1,3,1,1,1,1,1,3,49500,1,3,2,0
2,16,1,1,12,1,1,1,3,2,2,2,1,1,1,44064,1,1,3,0
2,2,2,1,1,1,3,1,1,1,1,1,3,1,2,23482,2,2,2,0
2,2,3,2,1,4,2,2,3,1,1,2,3,2,2,4692,2,2,2,0
1,11,1,2,1,1,4,2,3,1,1,4,1,1,1,48466,1,1,1,0
2,11,3,2,6,1,5,3,4,1,1,4,1,1,1,73433,1,1,1,0
2,2,1,1,8,2,7,5,1,1,1,1,1,1,2,9012,2,2,2,0
2,1,1,2,1,1,1,2,2,1,1,2,1,2,1,34726,1,1,1,0
2,4,1,2,1,1,4,2,2,1,1,1,1,1,3,85383,1,3,2,0
2,1,1,3,1,1,4,3,2,1,1,3,1,2,1,55562,1,1,1,0
1,4,1,1,1,3,2,1,2,1,1,1,2,1,3,120000,1,3,2,0
2,4,1,2,1,16,3,2,2,1,1,5,1,1,3,72000,1,3,2,0
2,2,2,1,1,1,2,1,1,1,1,1,6,1,2,10896,2,2,2,0
2,2,1,1,1,14,5,1,1,1,1,1,1,1,2,7044,2,2,2,0
2,7,2,2,1,1,7,1,3,1,1,3,1,1,1,73433,1,1,1,0
2,16,1,1,3,1,4,3,3,1,1,5,1,1,1,68537,1,1,3,0
2,19,1,2,8,1,3,3,3,1,1,2,1,1,1,44724,1,1,3,0
2,4,1,1,1,1,7,2,4,1,1,1,1,1,3,90000,1,3,2,0
1,19,1,3,1,1,10,1,2,1,1,8,4,2,1,73433,1,1,3,0
2,4,1,3,1,1,8,2,4,2,3,7,1,1,3,175000,1,3,2,0
1,2,1,1,1,13,2,1,3,1,1,7,3,1,2,0,2,2,2,0
2,10,1,1,1,1,7,1,4,1,1,1,1,1,4,57661,1,1,1,0
2,8,1,1,3,1,1,2,3,1,1,5,1,1,1,35492,1,1,1,0
2,1,1,3,8,1,1,1,3,1,1,7,1,1,1,62507,1,1,1,0
1,8,1,1,1,7,3,1,2,1,1,3,1,2,1,528720,1,1,1,0
2,1,1,1,1,1,3,3,3,1,1,2,1,1,1,76397,1,1,1,0
2,4,1,1,9,1,1,2,2,1,1,2,1,1,3,47000,1,3,2,0
2,11,1,1,1,1,1,2,3,1,1,2,1,1,1,31821,1,1,1,0
2,7,2,6,3,1,7,2,4,1,1,7,2,1,1,30360,1,1,1,0
2,16,2,5,3,7,11,3,2,1,1,6,1,1,1,160328,1,1,3,0
2,2,1,1,8,1,7,1,4,1,1,2,3,2,2,20351,2,2,2,0
2,4,3,2,3,1,1,2,4,1,1,3,1,1,3,115000,1,3,2,0
2,10,1,2,1,4,1,3,3,1,1,3,1,2,4,92000,1,1,1,0
2,4,1,1,1,1,4,2,4,1,1,3,1,2,3,102000,1,3,2,0
2,2,2,1,1,4,2,2,3,1,1,1,1,1,2,12524,2,2,2,0
2,5,1,1,1,9,1,2,3,1,1,6,1,1,1,35292,2,2,1,0
1,12,1,3,12,6,1,2,2,1,1,6,1,1,3,48313,1,1,1,0
2,4,2,1,7,14,7,1,2,2,1,3,6,1,3,10500,1,3,2,0
2,4,1,4,4,15,1,1,2,2,3,3,1,1,3,145000,1,3,2,0
2,4,1,1,2,4,7,1,4,1,1,8,1,1,3,100000,1,3,2,0
2,12,1,1,5,14,7,1,3,1,1,1,3,2,3,100652,1,1,1,0
2,11,1,2,1,4,7,2,4,1,1,4,1,1,1,84448,1,1,1,0
1,2,1,1,8,1,1,1,3,1,1,1,3,1,2,14089,2,2,2,0
2,1,1,1,4,1,3,2,2,1,1,4,1,2,1,62507,1,1,1,0
2,7,1,2,1,9,7,1,4,1,1,1,1,1,1,73433,1,1,1,0
1,4,1,2,5,1,6,2,3,1,1,4,1,2,3,210000,1,3,2,0
2,4,1,2,2,13,2,3,1,1,1,1,1,1,3,80000,1,3,2,0
2,4,1,7,1,1,4,1,3,1,1,1,3,1,3,154000,1,3,2,0
2,3,1,1,8,1,7,2,3,1,1,1,1,1,1,51648,1,1,3,0
2,18,1,1,8,1,7,3,2,1,1,3,1,1,1,104269,1,1,3,0
2,4,1,2,7,8,7,2,1,1,1,5,2,1,3,75000,1,3,2,0
2,4,1,1,1,1,4,2,4,1,1,3,1,1,3,175000,1,3,2,0
2,2,1,1,3,1,5,3,2,1,1,1,3,1,2,9396,2,2,2,0
2,2,1,1,1,1,7,1,4,1,1,2,3,1,2,11268,2,2,2,0
2,4,1,1,1,1,7,2,3,1,1,1,1,1,3,118320,1,3,2,0
2,4,1,2,4,4,1,2,2,1,1,5,1,2,3,136,1,3,2,0
2,12,1,4,1,1,7,2,4,1,1,3,1,1,3,56365,1,1,1,0
2,4,1,3,1,1,7,2,3,1,4,9,1,2,3,67000,1,3,2,0
2,1,1,3,1,1,11,1,4,1,2,2,1,2,1,63257,1,1,1,0
2,10,1,2,1,1,2,1,4,1,1,3,2,1,4,67977,1,1,1,0
1,4,1,1,7,1,7,1,2,2,1,4,1,1,3,135000,1,3,2,0
2,7,1,1,1,1,4,2,2,1,1,2,1,2,1,734328,1,1,1,0
2,6,1,6,8,1,2,2,3,1,1,5,1,1,1,25476,2,2,2,0
2,4,1,4,8,1,7,2,4,1,1,1,1,1,3,120000,1,3,2,0
2,4,1,2,1,1,4,2,2,1,1,6,1,1,3,148000,1,3,2,0
2,7,2,2,1,8,7,2,4,1,1,5,1,1,1,61194,1,1,1,0
2,4,1,1,1,1,7,3,3,1,2,1,1,1,3,55000,1,3,2,0
2,7,1,2,6,1,5,2,1,1,1,3,1,1,1,67313,1,1,1,0
2,4,1,7,5,1,3,1,2,1,1,1,1,2,3,185000,1,3,2,0
2,14,1,3,1,1,3,3,4,1,1,2,2,2,5,14520,3,2,2,0
2,4,1,1,1,1,3,2,3,1,1,3,1,1,3,106000,1,3,2,0
1,6,1,3,1,1,2,2,4,1,1,4,1,1,1,24000,2,2,2,0
2,18,1,3,9,1,7,1,3,1,1,1,1,1,1,56304,1,1,3,0
2,2,1,1,1,1,1,3,4,1,1,3,3,2,2,39136,2,2,2,0
2,4,1,4,1,1,1,3,3,1,1,6,1,1,3,75000,1,3,2,0
2,4,1,1,1,1,1,2,3,1,1,5,1,1,3,125000,1,3,2,0
2,4,1,2,1,1,4,1,3,1,1,1,1,2,3,94860,1,3,2,0
2,4,1,1,1,1,4,1,4,1,1,4,1,1,3,75000,1,3,2,0
2,19,1,1,1,1,2,2,3,2,2,8,1,1,1,44794,1,1,3,0
2,4,1,1,8,1,1,2,4,1,1,3,1,1,3,86100,1,3,2,0
2,12,2,3,1,18,2,1,2,1,1,1,1,1,3,36235,1,1,1,0
2,6,1,2,7,9,1,2,3,1,1,5,1,1,1,12000,2,2,2,0
2,8,1,1,1,1,7,2,3,1,1,5,1,1,1,33045,1,1,1,0
2,4,1,1,1,1,7,2,4,1,1,8,2,1,3,150000,1,3,2,0
2,4,1,1,1,1,8,2,3,1,1,1,1,1,3,103000,1,3,2,0
2,2,1,2,1,1,1,2,3,1,1,3,3,2,2,11268,2,2,2,0
1,20,1,2,1,1,7,3,3,1,1,3,1,2,1,18000,3,2,2,0
2,4,1,2,1,1,1,1,1,1,1,8,1,1,3,90000,1,3,2,0
2,12,1,2,1,1,7,3,3,1,1,1,1,2,3,60391,1,1,1,0
2,12,1,1,1,1,1,1,2,1,1,2,1,1,3,657060,1,1,1,0
1,4,1,1,1,1,1,2,1,1,1,2,6,1,3,2000000,1,3,2,0
2,4,1,3,9,3,7,1,1,2,2,1,1,1,3,105000,1,3,2,0
2,6,1,2,1,1,3,2,3,1,1,3,1,2,1,23352,2,2,2,0
2,2,1,1,1,1,1,2,2,1,1,1,4,1,2,11064,2,2,2,0
1,4,1,1,3,1,1,2,4,1,1,1,2,2,3,111000,1,3,2,0
1,14,1,6,3,10,1,2,4,1,1,5,1,1,5,46787,3,2,2,0
2,4,1,1,1,1,7,1,4,1,1,3,2,1,3,135000,1,3,2,0
2,11,1,1,1,1,7,2,2,1,1,3,2,1,1,52627,1,1,1,0
2,11,2,2,1,1,1,2,2,1,1,2,1,1,1,41612,1,1,1,0
2,17,1,2,1,4,7,1,2,1,1,5,1,1,1,67313,1,1,3,0
2,4,1,1,1,6,2,2,2,1,1,1,1,1,3,2000000,1,3,2,0
2,2,1,1,1,3,2,2,4,1,1,7,5,1,2,17220,2,2,2,0
1,2,1,1,1,3,7,2,4,1,1,3,3,1,2,17611,2,2,2,0
2,15,1,3,5,1,2,2,3,1,1,3,1,1,2,70212,1,1,2,0
1,2,1,1,1,9,1,2,2,1,1,2,3,1,2,27240,2,2,2,0
2,4,1,1,9,4,2,1,3,1,1,1,3,1,3,95000,1,3,2,0
1,11,1,2,3,7,2,1,2,1,1,3,1,1,1,46507,1,1,1,0
2,4,1,5,1,6,7,1,4,1,1,1,1,1,3,106000,1,3,2,0
2,5,1,5,1,1,1,2,3,1,1,3,1,2,1,38820,2,2,1,0
1,2,1,1,1,1,1,1,3,1,1,1,3,1,2,23482,2,2,2,0
2,10,1,1,1,1,4,4,2,1,1,2,1,1,4,60000,1,1,1,1
1,7,1,2,1,1,3,2,3,1,1,3,1,1,1,73433,1,1,1,0
2,1,1,3,1,1,1,1,4,1,1,2,1,2,1,61118,1,1,1,0
2,2,1,1,1,1,2,2,2,1,1,7,1,1,2,5640,2,2,2,0
2,4,1,1,9,1,1,1,4,1,1,1,1,1,3,50000,1,3,2,0
2,1,1,1,1,1,7,2,2,1,1,6,1,1,1,32642,1,1,1,0
2,4,1,2,1,8,2,2,4,1,1,3,1,1,3,100000,1,3,2,0
2,3,1,8,1,1,3,1,2,1,1,1,1,1,1,71856,1,1,3,0
2,1,1,2,1,1,2,1,2,1,1,1,1,1,1,41671,1,1,1,0
1,4,1,3,1,3,1,1,2,1,1,8,1,1,3,102000,1,3,2,0
2,4,1,1,1,1,3,2,2,1,1,6,1,2,3,100000,1,3,2,0
1,1,1,2,7,1,7,2,1,2,1,5,1,1,1,79175,1,1,1,0
2,2,2,2,1,1,7,2,4,1,1,2,3,1,2,122100,2,2,2,0
2,4,1,1,1,1,2,1,3,1,1,3,1,2,3,110000,1,3,2,0
1,15,1,1,1,1,1,2,3,2,1,1,1,1,2,101808,1,1,2,0
2,13,1,6,7,4,3,1,3,1,1,3,1,1,1,79552,1,1,1,0
2,1,1,3,3,1,3,2,3,1,1,3,1,1,1,69452,1,1,1,0
2,4,1,1,1,1,7,3,3,1,1,1,6,1,3,48000,1,3,2,0
2,7,1,1,1,1,7,1,3,1,1,6,2,2,1,59970,1,1,1,0
2,4,1,2,3,1,4,2,2,1,1,3,1,1,3,119000,1,3,2,0
2,4,1,1,1,1,7,2,2,1,1,1,1,2,3,76000,1,3,2,0
2,10,1,1,1,1,4,3,2,1,1,3,1,1,4,67977,1,1,1,0
2,17,1,1,1,1,7,3,3,1,1,2,1,1,1,30840,1,1,3,0
2,4,1,1,1,9,2,1,2,1,1,8,6,1,3,2000000,1,3,2,0
2,7,1,2,3,7,4,1,2,1,1,2,1,1,1,49932,1,1,1,0
2,10,1,1,1,3,3,1,2,1,1,3,1,1,4,78320,1,1,1,0
2,4,1,4,3,1,7,3,3,1,4,6,1,1,3,101000,1,3,2,0
2,4,1,1,1,1,7,2,2,1,1,1,1,2,3,90000,1,3,2,0
2,7,1,2,2,1,2,2,4,1,1,2,1,2,1,807756,1,1,1,0
2,4,1,1,6,1,5,2,1,1,1,1,1,1,3,80000,1,3,2,0
2,1,1,1,1,4,3,2,2,1,3,1,1,1,1,61118,1,1,1,0
2,18,1,7,7,1,7,3,2,1,1,2,1,2,1,91344,1,1,3,0
2,1,1,2,1,1,7,2,2,1,1,2,1,1,1,125014,1,1,1,0
2,4,1,3,3,1,2,2,3,1,1,1,1,1,3,102000,1,3,2,0
1,1,1,2,1,4,7,1,1,1,1,2,1,1,1,45838,1,1,1,0
2,4,1,1,1,1,2,2,3,1,1,6,1,1,3,100000,1,3,2,0
2,9,1,3,1,1,7,3,2,1,1,7,4,1,2,34968,2,2,2,0
2,11,1,6,1,1,7,2,1,1,3,2,5,1,1,32316,1,1,1,0
2,4,1,7,1,6,1,1,4,2,2,5,1,2,3,960000,1,3,2,0
2,1,3,2,10,14,5,1,2,2,2,2,1,1,1,36705,1,1,1,0
2,12,1,2,1,7,7,1,4,1,1,3,1,1,3,56365,1,1,1,0
2,16,1,2,8,4,3,2,3,1,1,2,1,1,1,47731,1,1,3,0
1,19,3,1,1,1,7,2,1,1,1,1,4,2,1,14688,1,1,3,0
2,13,1,6,12,1,7,2,3,1,1,1,1,1,1,30597,1,1,1,0
2,1,1,2,1,1,7,2,4,1,1,4,1,1,1,48616,1,1,1,0
1,4,1,1,1,1,7,2,4,1,1,1,1,1,3,75000,1,3,2,0
1,4,1,3,1,1,11,1,3,1,1,2,1,1,3,112000,1,3,2,0
2,4,1,1,7,1,5,2,1,1,1,4,1,1,3,1800000,1,3,2,0
1,1,1,2,1,1,7,2,1,1,1,3,1,1,1,33336,1,1,1,0
2,5,1,2,3,1,2,2,2,1,1,3,1,1,1,22236,2,2,1,0
2,13,1,6,1,1,2,3,1,1,1,5,1,1,1,176244,1,1,1,0
2,12,3,1,1,1,7,2,2,1,1,3,1,1,3,59183,1,1,1,0
2,4,1,2,1,1,4,3,4,1,1,2,5,1,3,110000,1,3,2,0
2,4,2,2,4,8,4,2,2,2,1,4,1,1,3,60000,1,3,2,0
2,7,1,2,1,4,3,2,2,1,1,3,1,2,1,75880,1,1,1,0
2,6,1,2,5,1,4,2,1,1,1,3,1,1,1,74304,2,2,2,0
1,1,1,1,5,1,7,1,2,1,1,1,1,1,1,48616,1,1,1,0
2,13,1,7,1,6,8,2,3,1,1,3,1,2,1,61194,1,1,1,0
2,7,1,2,1,16,4,2,3,1,1,3,1,1,1,61608,1,1,1,0
2,2,2,1,3,2,2,2,1,1,2,1,3,1,2,6576,2,2,2,0
2,20,1,2,5,1,3,2,3,1,1,3,1,1,1,53652,3,2,2,0
2,2,1,1,1,4,2,3,3,2,1,8,6,1,2,10175,2,2,2,0
2,1,1,2,3,1,7,2,1,1,1,3,1,1,1,50005,1,1,1,0
1,4,1,1,1,4,7,2,2,1,1,6,5,1,3,65000,1,3,2,0
2,7,3,2,1,1,7,2,3,1,1,3,1,1,1,61194,1,1,1,0
1,6,1,2,1,1,7,2,4,1,1,3,1,1,1,20808,2,2,2,0
2,1,1,1,1,6,2,2,1,1,1,5,1,2,1,36115,1,1,1,0
2,4,1,1,6,1,2,2,3,1,1,7,2,1,3,95500,1,3,2,0
2,13,1,4,1,4,7,2,3,1,1,7,2,1,1,34269,1,1,1,0
1,4,1,1,4,3,5,1,4,2,2,1,1,1,3,100000,1,3,2,0
2,6,2,6,5,9,3,1,4,1,1,5,1,1,1,14856,2,2,2,0
2,4,1,1,1,4,4,2,2,1,1,1,1,2,3,110000,1,3,2,0
2,7,3,1,9,18,2,1,3,1,1,3,1,1,1,14688,1,1,1,0
2,4,1,3,1,4,1,1,3,1,1,2,1,2,3,93600,1,3,2,0
1,4,1,1,1,1,1,2,4,2,1,5,1,1,3,120000,1,3,2,0
2,4,1,1,7,1,2,1,2,1,1,1,1,1,3,185400,1,3,2,0
2,2,1,1,1,1,2,1,2,1,1,7,3,2,2,12216,2,2,2,0
2,1,1,1,1,1,1,2,4,1,1,1,1,1,1,83342,1,1,1,0
2,7,1,2,1,1,4,2,2,1,1,2,1,2,1,52728,1,1,1,0
2,7,1,1,1,1,1,1,3,1,1,5,1,1,1,66701,1,1,1,0
2,4,1,1,8,15,4,2,4,1,1,1,1,1,3,90200,1,3,2,0
2,13,1,8,4,3,4,3,3,1,1,2,2,2,1,62418,1,1,1,0
2,1,1,3,6,3,7,2,3,1,3,2,1,1,1,500052,1,1,1,0
2,4,1,1,1,1,1,2,3,1,1,1,1,1,3,141000,1,3,2,0
2,12,1,1,1,4,1,2,4,1,3,2,1,1,3,60391,1,1,1,0
2,14,1,1,1,1,7,2,1,1,1,1,1,1,5,27324,3,2,2,0
2,4,1,1,6,1,7,1,2,1,1,4,1,2,3,100000,1,3,2,0
2,1,1,3,11,1,1,3,4,1,1,2,1,1,1,40282,1,1,1,0
2,5,1,1,1,1,3,2,2,2,1,1,1,1,1,79399,2,2,1,0
2,2,2,1,1,5,7,1,4,1,1,3,6,1,2,27004,2,2,2,0
2,7,3,2,6,10,11,3,4,2,1,2,1,1,1,132180,1,1,1,0
1,2,1,1,1,11,5,2,3,1,1,2,6,1,2,4248,2,2,2,0
2,4,1,1,6,1,7,2,3,1,1,3,1,2,3,68000,1,3,2,0
2,4,1,3,11,1,3,2,3,1,4,1,1,1,3,90000,1,3,2,0
2,4,1,1,1,1,7,1,3,1,1,1,1,2,3,100000,1,3,2,0
2,6,1,2,1,1,1,2,3,1,1,1,1,2,1,36084,2,2,2,0
2,7,1,1,1,1,4,2,3,1,1,3,1,2,1,73433,1,1,1,0
1,13,1,2,12,14,2,2,2,1,1,2,2,1,1,22030,1,1,1,0
2,4,1,1,1,4,11,1,3,1,1,3,1,2,3,134500,1,3,2,0
2,12,1,1,3,4,1,2,2,1,1,1,1,1,3,52339,1,1,1,0
2,12,1,2,1,14,7,3,3,1,1,3,3,1,3,44534,1,1,1,0
2,7,1,5,8,2,4,2,3,1,1,2,1,2,1,95462,1,1,1,0
2,16,1,1,1,1,4,2,4,1,1,1,1,2,1,30600,1,1,3,0
2,8,1,5,1,1,1,1,2,1,1,2,1,1,1,32316,1,1,1,0
2,4,1,1,8,4,7,1,4,1,1,6,1,1,3,60000,1,3,2,0
2,4,3,1,7,1,5,1,3,1,1,1,1,2,3,48000,1,3,2,0
1,4,1,1,5,1,7,2,4,1,1,3,1,1,3,140000,1,3,2,0
2,1,1,2,1,1,4,2,2,2,4,1,1,1,1,50700,1,1,1,0
2,3,1,1,1,4,2,2,4,1,1,8,1,1,1,49404,1,1,3,0
1,11,1,2,12,4,2,2,4,1,1,4,1,1,1,64866,1,1,1,0
2,10,1,8,3,1,11,2,4,1,1,1,1,1,4,60780,1,1,1,0
2,9,1,1,1,1,7,2,3,1,1,1,4,1,2,8004,2,2,2,0
2,4,1,2,5,8,11,2,1,1,1,3,1,1,3,130000,1,3,2,0
2,4,1,1,1,1,1,2,3,1,1,1,1,1,3,150000,1,3,2,0
2,5,1,1,1,3,3,2,2,1,1,3,1,1,1,19920,2,2,1,0
2,2,1,2,1,3,7,2,2,1,1,1,1,1,2,23482,2,2,2,0
2,4,2,1,1,6,7,1,4,1,1,1,3,1,3,105000,1,3,2,0
2,4,2,1,5,8,7,2,2,1,2,5,1,1,3,340000,1,3,2,0
2,7,1,2,1,1,1,2,2,1,1,3,1,2,1,55075,1,1,1,0
1,2,1,1,1,1,1,2,3,1,1,3,6,2,2,14480,2,2,2,0
2,14,1,1,3,9,2,2,3,1,1,1,1,1,5,11232,3,2,2,0
2,4,1,1,8,1,4,2,4,1,1,4,1,1,3,190000,1,3,2,0
2,4,3,4,2,4,5,3,2,1,1,8,2,1,3,2000000,1,3,2,0
2,1,1,1,1,4,1,1,3,1,1,8,1,2,1,475056,1,1,1,0
2,4,1,2,6,4,5,2,2,1,1,2,6,1,3,95000,1,3,2,0
2,5,1,2,1,11,7,3,3,1,1,3,1,1,1,56460,2,2,1,0
2,16,1,2,3,4,7,2,4,1,1,2,1,1,1,79552,1,1,3,0
2,6,1,3,4,1,11,2,2,1,1,8,1,2,1,29724,2,2,2,0
2,1,1,4,1,1,6,1,3,1,1,8,1,1,1,1000000,1,1,1,0
1,12,1,4,2,4,4,2,1,1,1,1,4,1,3,115956,1,1,1,0
1,18,1,1,11,1,5,2,3,1,1,2,1,1,1,81330,1,1,3,0
1,16,1,1,9,1,5,2,2,1,1,2,1,1,1,35244,1,1,3,0
2,14,1,1,1,1,1,2,4,1,1,2,2,1,5,22452,3,2,2,0
2,4,1,1,1,1,1,1,4,1,1,4,1,1,3,80000,1,3,2,0
1,4,1,1,5,1,7,1,2,2,1,1,1,1,3,135000,1,3,2,0
2,11,3,2,1,8,7,1,2,1,1,2,1,2,1,30840,1,1,1,0
2,3,1,3,1,1,3,2,2,1,1,3,1,1,1,50904,1,1,3,0
2,3,1,2,1,8,1,1,2,1,1,6,1,1,1,47904,1,1,3,0
2,7,1,3,1,4,1,3,3,1,1,2,1,1,1,42836,1,1,1,0
2,2,2,2,1,1,7,1,3,1,1,9,3,1,2,104076,2,2,2,0
2,7,1,2,1,1,3,2,2,1,1,3,1,1,1,45528,1,1,1,0
2,2,1,1,8,1,7,2,3,1,1,7,3,2,2,8219,2,2,2,0
2,6,1,2,3,1,7,1,3,1,1,3,1,1,1,26748,2,2,2,0
2,1,1,4,11,1,3,1,3,1,1,8,1,1,1,55562,1,1,1,0
2,17,1,2,1,1,7,1,3,1,1,2,1,2,1,44652,1,1,3,0
2,1,1,1,1,1,5,2,4,1,1,2,1,1,1,34726,1,1,1,0
1,4,3,1,1,3,7,2,2,2,1,5,1,1,3,92000,1,3,2,0
2,2,1,1,1,2,7,2,2,1,1,1,1,1,2,9396,2,2,2,0
2,4,1,1,1,1,1,2,4,1,1,1,1,2,3,88000,1,3,2,0
2,4,1,1,7,1,2,2,4,1,1,3,1,1,3,87000,1,3,2,0
2,1,1,3,1,1,1,2,3,1,1,4,1,1,1,36115,1,1,1,0
2,12,1,1,1,1,3,2,1,1,1,3,3,2,3,76495,1,1,1,0
2,11,1,2,1,9,3,2,1,1,1,8,1,2,1,61194,1,1,1,0
1,7,1,1,1,6,7,1,2,2,1,8,1,1,1,52627,1,1,1,0
2,4,1,3,7,1,3,3,3,1,1,2,1,1,3,65000,1,3,2,0
2,4,1,2,5,1,1,3,1,1,1,1,1,2,3,95000,1,3,2,0
2,15,1,1,1,1,1,2,2,1,1,1,1,1,2,112344,1,1,2,0
2,18,1,2,1,1,1,2,1,1,1,5,1,1,1,93842,1,1,3,0
2,1,1,7,7,1,7,1,1,1,1,1,1,1,1,44449,1,1,1,0
2,14,1,3,1,6,7,1,3,1,1,1,2,1,5,132,3,2,2,0
2,4,1,1,1,1,7,3,4,1,1,3,6,1,3,1020000,1,3,2,0
2,4,1,2,1,1,7,2,3,1,1,1,3,1,3,102000,1,3,2,0
2,1,1,1,1,15,3,1,4,1,1,2,1,1,1,52783,1,1,1,0
2,4,1,4,7,1,7,1,1,1,1,1,6,1,3,85000,1,3,2,0
2,17,1,7,1,8,1,1,3,1,1,5,1,2,1,34269,1,1,3,0
1,4,1,1,12,6,1,1,2,1,1,1,1,1,3,33000,1,3,2,0
2,13,3,5,1,1,1,2,2,1,1,6,1,1,1,17628,1,1,1,0
2,2,1,2,1,2,5,2,2,1,1,3,6,1,2,7704,2,2,2,0
2,13,1,3,12,4,2,2,4,1,1,1,1,1,1,34269,1,1,1,0
2,20,1,1,1,1,1,1,4,1,1,8,1,1,1,32400,3,2,2,0
2,4,1,1,7,14,7,2,3,1,1,4,6,1,3,52000,1,3,2,0
2,4,1,1,5,14,2,1,2,1,1,1,1,1,3,63000,1,3,2,0
2,4,1,1,12,3,2,3,1,1,1,2,1,1,3,45000,1,3,2,0
2,4,1,1,1,1,1,1,2,1,1,6,1,1,3,47600,1,3,2,0
2,14,3,5,1,1,1,3,3,1,2,3,2,2,5,22452,3,2,2,0
2,2,2,2,3,1,5,1,2,1,1,1,5,1,2,65748,2,2,2,0
2,12,1,1,1,1,7,2,2,1,1,1,1,1,3,54916,1,1,1,0
2,12,1,1,1,1,7,3,2,1,1,3,1,2,3,128834,1,1,1,0
2,4,1,1,1,1,1,2,1,1,1,4,1,1,3,120000,1,3,2,0
1,12,1,4,4,3,5,2,2,2,1,1,1,1,3,60391,1,1,1,0
2,4,1,2,1,1,11,2,4,1,1,1,3,2,3,155000,1,3,2,0
2,1,1,1,1,3,7,2,3,1,1,1,1,1,1,62507,1,1,1,0
1,4,1,2,2,14,7,2,1,1,1,4,6,1,3,40000,1,3,2,0
2,4,3,3,5,1,7,2,2,1,1,1,1,1,3,83000,1,3,2,0
2,7,1,1,3,1,1,2,1,1,1,7,3,2,1,89343,1,1,1,0
2,4,1,1,1,1,1,2,3,1,1,2,1,1,3,74000,1,3,2,0
2,1,1,1,1,1,4,3,2,1,1,2,6,1,1,104178,1,1,1,0
2,4,1,4,1,3,2,2,1,1,1,4,5,1,3,73500,1,3,2,0
2,4,1,1,8,1,2,2,2,2,2,2,3,1,3,42000,1,3,2,0
2,4,1,2,7,13,1,1,3,1,1,5,1,2,3,105000,1,3,2,0
1,4,1,1,1,13,1,2,2,2,1,1,1,1,3,720000,1,3,2,0
1,4,1,1,1,4,3,1,3,1,1,2,1,1,3,109000,1,3,2,0
2,12,2,4,12,1,1,2,3,1,1,6,1,1,3,76495,1,1,1,0
2,18,1,1,1,1,3,2,3,1,1,1,1,1,1,89411,1,1,3,0
2,4,1,1,2,1,7,2,3,1,1,2,1,2,3,130000,1,3,2,0
1,4,1,1,12,1,4,2,3,2,2,1,1,1,3,50000,1,3,2,0
1,13,1,1,1,9,1,2,2,1,1,2,1,1,1,367164,1,1,1,0
1,9,1,1,1,1,1,2,4,1,1,3,4,1,2,20664,2,2,2,0
2,4,3,1,1,1,3,1,4,1,1,1,1,1,3,105000,1,3,2,0
2,6,2,3,8,1,2,1,4,1,1,8,1,2,1,19104,2,2,2,0
2,4,1,1,1,9,4,2,3,1,1,6,1,2,3,128000,1,3,2,0
1,7,2,2,3,9,2,2,2,1,1,3,1,2,1,55075,1,1,1,0
2,2,2,1,1,1,1,2,3,1,1,6,4,2,2,5640,2,2,2,0
2,4,2,3,1,18,5,1,2,1,1,8,1,2,3,56000,1,3,2,0
2,4,1,4,1,4,1,2,4,1,2,1,1,1,3,100000,1,3,2,0
2,1,1,7,7,8,3,2,3,1,1,4,1,1,1,41671,1,1,1,0
2,5,2,1,1,1,1,2,2,1,1,3,1,1,1,35288,2,2,1,0
1,2,1,1,8,1,2,1,4,1,1,1,3,2,2,11694,2,2,2,0
1,7,2,1,8,8,7,2,2,2,2,1,4,1,1,27945,1,1,1,0
2,4,1,3,11,1,11,2,2,1,1,2,1,1,3,133000,1,3,2,0
1,4,1,2,7,1,1,2,1,2,1,1,1,1,3,63000,1,3,2,0
2,4,2,1,1,1,1,1,4,1,1,1,1,1,3,92000,1,3,2,0
2,4,1,3,1,1,2,2,3,1,1,2,1,2,3,538800,1,3,2,0
2,4,1,2,1,1,3,3,3,1,1,3,2,1,3,180000,1,3,2,0
2,5,1,2,3,1,7,3,4,1,1,8,1,1,1,55188,2,2,1,0
2,4,1,1,7,1,2,2,4,1,1,8,1,1,3,78800,1,3,2,0
1,2,1,1,3,15,5,1,2,1,1,1,2,2,2,7827,2,2,2,0
2,4,1,1,1,1,1,1,3,1,1,5,1,1,3,143000,1,3,2,0
2,10,1,1,8,1,1,2,3,1,1,2,1,1,4,51983,1,1,1,0
2,5,2,1,3,3,2,2,2,1,1,1,1,1,1,19764,2,2,1,0
2,4,1,2,1,1,7,2,3,1,1,5,1,1,3,80000,1,3,2,0
2,2,2,2,1,8,1,1,2,1,1,3,1,1,2,4692,2,2,2,0
2,4,1,2,4,4,5,1,1,1,1,3,1,2,3,81000,1,3,2,0
2,4,1,2,1,1,4,2,2,1,1,4,2,1,3,171000,1,3,2,0
2,2,1,1,1,1,7,2,3,1,1,9,6,2,2,39919,2,2,2,0
2,14,3,5,1,4,1,3,1,1,1,2,2,1,5,96789,3,2,2,0
1,6,1,3,1,1,3,2,1,1,1,8,1,1,1,14856,2,2,2,0
1,4,1,1,1,1,7,2,3,1,1,3,1,1,3,66000,1,3,2,0
2,11,3,1,1,4,1,3,3,1,1,4,1,1,1,14688,1,1,1,0
2,8,1,3,1,1,7,2,3,1,1,5,1,1,1,24972,1,1,1,0
2,7,1,1,1,4,7,1,3,1,1,1,6,1,1,58746,1,1,1,0
2,2,1,1,1,4,2,2,1,1,1,1,3,1,2,21212,2,2,2,0
2,7,1,5,8,1,1,3,3,1,1,1,1,1,1,38184,1,1,1,0
1,4,1,1,1,1,3,1,1,1,1,8,1,2,3,94000,1,3,2,0
2,13,1,2,1,1,1,3,2,1,1,2,1,1,1,36716,1,1,1,0
2,12,1,1,8,7,1,1,3,1,1,1,1,1,3,48313,1,1,1,0
2,11,1,2,1,1,3,1,3,1,1,1,1,1,1,33048,1,1,1,0
2,4,1,1,6,5,6,2,3,1,1,4,2,1,3,110000,1,3,2,0
2,4,1,2,1,9,1,1,4,1,1,1,1,1,3,79743,1,3,2,0
1,7,1,3,12,4,2,2,1,1,1,4,1,1,1,48955,1,1,1,0
1,4,1,1,1,1,7,2,1,1,1,5,1,1,3,57000,1,3,2,0
2,2,2,1,1,1,7,3,2,1,1,2,3,2,2,18785,2,2,2,0
1,4,1,2,3,10,1,2,1,1,1,1,3,2,3,125000,1,3,2,0
2,7,1,5,1,1,7,4,4,1,1,1,1,1,1,67313,1,1,1,1
2,11,1,2,1,3,3,2,2,1,1,6,1,1,1,55075,1,1,1,0
2,2,1,1,1,1,7,3,3,1,1,1,1,2,2,11788,2,2,2,0
2,4,1,2,1,1,4,2,2,1,1,8,1,1,3,151000,1,3,2,0
2,4,1,1,1,3,7,2,3,2,1,3,6,1,3,155000,1,3,2,0
2,4,1,1,9,13,3,2,3,1,1,4,1,1,3,50000,1,3,2,0
1,7,1,5,1,4,2,2,3,1,1,5,1,1,1,51408,1,1,1,0
2,7,2,1,1,1,2,1,4,1,1,6,1,1,1,15948,1,1,1,0
1,4,1,1,1,1,2,1,2,1,1,3,1,1,3,62000,1,3,2,0
2,7,1,2,1,1,4,2,3,1,1,3,1,1,1,890004,1,1,1,0
2,16,2,5,1,1,2,2,3,1,2,8,1,1,1,5880,1,1,3,0
2,2,1,1,8,1,1,2,2,1,1,3,3,2,2,31309,2,2,2,0
2,4,1,1,1,1,2,2,4,1,1,3,2,1,3,88000,1,3,2,0
2,13,1,1,1,1,7,1,4,1,1,8,2,1,1,51403,1,1,1,0
2,1,1,2,4,1,2,1,2,1,1,3,1,1,1,48616,1,1,1,0
2,1,1,1,7,13,2,1,3,1,1,2,1,2,1,52783,1,1,1,0
2,4,1,1,1,1,6,3,3,1,1,1,1,1,3,160000,1,3,2,0
2,7,1,2,1,1,7,2,4,1,1,6,1,1,1,55075,1,1,1,0
2,10,1,1,12,1,4,2,3,1,1,3,1,1,4,111963,1,1,1,0
2,4,1,1,3,1,7,1,1,1,1,2,1,1,3,57500,1,3,2,0
2,4,1,1,1,1,1,3,3,1,1,6,1,1,3,102400,1,3,2,0
2,3,1,1,1,1,1,2,4,1,1,3,1,1,1,94320,1,1,3,0
2,13,1,1,1,1,3,2,4,1,1,8,1,2,1,23254,1,1,1,0
2,4,1,1,8,1,7,1,4,1,1,1,1,1,3,100000,1,3,2,0
2,4,1,1,2,6,2,1,4,1,1,1,1,1,3,103000,1,3,2,0
1,13,1,1,1,3,2,4,3,1,3,2,1,1,1,17628,1,1,1,1
2,4,1,1,1,1,3,2,2,1,1,4,1,1,3,115000,1,3,2,0
2,4,1,3,6,11,5,1,2,1,1,3,1,2,3,65520,1,3,2,0
2,2,1,1,1,3,2,2,3,1,1,1,3,1,2,15028,2,2,2,0
1,4,1,2,1,1,5,2,4,1,1,1,1,1,3,70000,1,3,2,0
2,4,1,1,4,1,7,1,4,1,1,1,1,1,3,58000,1,3,2,0
2,4,1,1,6,1,7,2,2,1,1,1,1,1,3,1116000,1,3,2,0
2,1,1,1,1,4,3,2,3,1,1,2,1,1,1,69452,1,1,1,0
1,6,2,2,5,2,7,2,2,1,1,3,4,1,1,12732,2,2,2,0
2,4,1,1,1,2,2,2,1,2,4,4,1,1,3,70000,1,3,2,0
2,12,1,3,9,3,7,2,2,1,1,8,1,1,3,39858,1,1,1,0
2,1,1,1,5,1,1,1,3,1,1,4,1,1,1,120846,1,1,1,0
2,1,1,3,1,15,2,1,3,1,1,8,1,1,1,58340,1,1,1,0
2,5,1,2,1,2,1,1,3,1,1,3,1,1,1,70577,2,2,1,0
2,4,1,2,7,14,2,2,1,1,1,1,1,1,3,113000,1,3,2,0
2,13,1,1,1,3,7,2,3,1,1,1,2,1,1,36716,1,1,1,0
2,13,1,1,1,2,1,2,2,1,1,2,1,1,1,88116,1,1,1,0
2,13,2,2,1,2,1,1,2,1,1,7,1,1,1,34269,1,1,1,0
2,12,1,1,12,14,7,2,3,1,1,2,1,1,3,40261,1,1,1,0
2,4,1,1,1,1,6,2,3,1,1,1,1,1,3,75000,1,3,2,0
2,10,1,1,8,4,1,2,3,1,1,8,4,2,4,87971,1,1,1,0
2,1,1,5,1,3,3,2,3,1,1,2,4,2,1,48616,1,1,1,0
1,1,1,1,1,3,7,1,2,1,1,3,1,1,1,400044,1,1,1,0
2,10,1,1,1,4,2,2,2,1,1,7,3,2,4,59980,1,1,1,0
2,2,1,1,1,2,2,2,2,1,1,8,3,2,2,3756,2,2,2,0
2,4,1,1,1,4,3,2,3,1,1,3,1,1,3,85849,1,3,2,0
2,4,1,9,5,13,1,3,2,1,1,7,1,1,3,84000,1,3,2,0
2,1,1,1,1,10,1,3,2,1,1,8,1,2,1,48616,1,1,1,0
2,7,1,1,1,1,1,2,1,1,1,8,1,1,1,58308,1,1,1,0
2,1,1,1,1,1,1,1,2,1,1,1,1,1,1,75703,1,1,1,0
2,7,1,5,5,1,1,3,3,1,1,2,1,1,1,73428,1,1,1,0
2,6,1,6,8,1,2,2,3,1,1,5,1,1,1,14856,2,2,2,0
2,4,1,3,3,1,7,2,2,1,1,1,1,2,3,105000,1,3,2,0
2,13,1,2,3,11,7,2,2,1,1,3,1,1,1,34269,1,1,1,0
2,4,1,3,11,4,4,2,4,1,1,6,1,2,3,91000,1,3,2,0
2,1,1,3,3,15,1,1,4,2,1,8,4,1,1,125014,1,1,1,0
2,4,1,2,1,1,1,1,4,1,1,2,1,1,3,175000,1,3,2,0
2,4,1,1,1,4,11,2,3,1,4,1,6,1,3,130000,1,3,2,0
2,4,1,1,3,1,1,2,1,1,1,2,6,1,3,275000,1,3,2,0
2,13,1,3,9,1,5,2,1,1,1,4,2,1,1,367164,1,1,1,0
2,4,1,1,1,1,1,3,4,1,1,3,1,1,3,102000,1,3,2,0
2,4,1,1,1,9,1,2,3,1,1,1,1,2,3,70000,1,3,2,0
2,4,1,1,1,1,1,1,3,1,1,3,1,2,3,110000,1,3,2,0
2,16,1,2,3,1,2,2,3,1,1,3,1,1,1,73433,1,1,3,0
1,4,1,1,4,1,5,2,4,2,2,8,1,1,3,75000,1,3,2,0
2,4,1,2,1,5,11,2,3,1,1,4,1,2,3,125000,1,3,2,0
2,2,2,1,1,1,7,2,3,1,1,7,1,2,2,150288,2,2,2,0
2,2,1,1,1,1,7,2,3,1,1,1,3,1,2,14089,2,2,2,0
2,4,1,6,4,1,7,1,4,1,1,3,2,1,3,102500,1,3,2,0
2,1,3,2,2,1,2,1,4,1,1,3,1,2,1,65285,1,1,1,0
2,4,1,1,1,15,5,2,3,2,1,1,5,1,3,120000,1,3,2,0
1,14,1,1,1,1,7,3,3,1,1,1,1,2,5,8232,3,2,2,0
2,10,1,1,3,1,2,2,4,1,1,4,1,1,4,63979,1,1,1,0
2,12,1,1,1,3,4,2,2,1,1,1,1,1,3,76495,1,1,1,0
2,1,1,3,8,1,2,2,2,1,1,8,1,1,1,48616,1,1,1,0
1,4,1,1,6,15,2,2,4,2,1,4,1,1,3,90000,1,3,2,0
2,8,1,1,1,2,3,1,4,1,1,1,1,1,1,48955,1,1,1,0
1,13,1,3,1,1,7,2,2,1,1,3,1,1,1,32844,1,1,1,0
1,12,1,2,1,8,1,1,2,1,1,3,4,1,3,72469,1,1,1,0
2,4,1,4,1,1,4,2,3,1,1,3,1,2,3,80000,1,3,2,0
2,1,1,3,9,1,2,1,2,1,1,1,1,2,1,29948,1,1,1,0
2,8,1,2,1,1,7,1,4,1,1,2,1,1,1,37940,1,1,1,0
2,11,1,2,3,1,3,2,4,1,1,3,1,1,1,56543,1,1,1,0
2,2,1,1,3,1,2,3,1,1,1,8,3,1,2,18780,2,2,2,0
1,4,1,1,1,1,3,2,3,1,1,3,1,1,3,80000,1,3,2,0
2,10,1,1,1,17,7,2,4,2,2,3,6,1,4,67977,1,1,1,0
1,9,2,1,1,1,1,3,2,1,1,8,1,2,2,15900,2,2,2,0
2,11,1,2,6,1,7,2,2,1,1,4,2,1,1,41612,1,1,1,0
2,4,1,1,6,1,4,1,4,1,1,3,1,1,3,140000,1,3,2,0
2,4,1,1,2,3,5,2,2,1,1,3,1,1,3,79000,1,3,2,0
2,4,1,5,12,1,1,1,3,1,1,1,1,1,3,110000,1,3,2,0
2,8,1,1,1,1,3,2,2,1,1,2,1,1,1,29373,1,1,1,0
2,2,2,2,12,6,2,2,4,1,1,3,1,1,2,5640,2,2,2,0
2,4,1,1,1,1,1,2,1,1,1,6,1,1,3,86000,1,3,2,0
2,4,1,1,5,3,3,1,3,1,1,8,1,2,3,115000,1,3,2,0
2,1,1,5,9,3,7,1,2,1,1,8,1,1,1,83342,1,1,1,0
2,4,1,1,1,1,2,2,3,1,1,8,1,2,3,70000,1,3,2,0
2,1,1,2,3,1,2,1,2,1,1,3,1,1,1,62507,1,1,1,0
2,7,1,2,1,1,4,2,2,1,2,2,1,1,1,72209,1,1,1,0
2,2,1,2,1,1,2,2,3,1,1,3,1,1,2,5160,2,2,2,0
1,4,1,1,4,1,2,1,3,1,1,3,6,1,3,145000,1,3,2,0
2,1,1,2,1,10,3,2,2,1,1,1,3,1,1,66674,1,1,1,0
1,12,1,2,1,1,2,2,1,2,1,1,3,1,3,53144,1,1,1,0
2,1,1,1,1,4,7,3,3,1,2,1,1,1,1,66674,1,1,1,0
2,2,1,1,3,1,7,3,1,1,1,6,1,1,2,8448,2,2,2,0
2,1,1,2,1,13,5,2,1,1,1,2,1,2,1,30924,1,1,1,0
2,3,1,1,1,1,3,2,3,1,1,1,1,2,1,54948,1,1,3,0
2,4,1,2,1,1,3,1,1,2,1,2,1,1,3,120000,1,3,2,0
2,1,2,2,4,1,2,2,4,1,1,2,1,1,1,62507,1,1,1,0
1,16,1,1,1,1,3,1,4,1,1,6,1,2,1,61194,1,1,3,0
2,14,3,3,1,5,7,2,2,1,1,2,1,1,5,9360,3,2,2,0
1,4,1,1,1,1,3,2,4,1,1,8,1,1,3,1884000,1,3,2,0
2,8,2,1,1,3,3,2,3,2,1,2,1,2,1,411228,1,1,1,0
2,12,1,1,1,1,1,2,4,1,1,7,1,1,3,80521,1,1,1,0
2,7,1,7,1,1,1,3,3,1,1,2,1,1,1,15910,1,1,1,0
2,1,1,9,1,5,1,1,3,1,1,8,1,2,1,90288,1,1,1,0
2,1,1,7,1,1,4,2,1,1,1,1,1,2,1,70105,1,1,1,0
2,3,1,5,1,1,4,1,2,1,1,2,1,1,1,82344,1,1,3,0
2,18,1,4,4,1,3,2,3,1,1,6,1,1,1,83416,1,1,3,0
1,14,1,1,8,1,2,4,3,1,1,8,5,1,5,10668,3,2,2,1
2,4,1,1,1,15,3,1,1,1,1,8,2,1,3,75000,1,3,2,0
2,13,1,1,1,3,2,1,2,1,1,7,1,1,1,22030,1,1,1,0
2,2,1,1,1,1,2,1,3,1,1,7,3,1,2,10488,2,2,2,0
2,1,1,3,7,3,2,2,2,1,1,1,1,1,1,34726,1,1,1,0
2,4,3,1,8,14,2,1,1,1,1,2,1,2,3,70000,1,3,2,0
1,4,1,2,1,1,7,1,3,1,1,4,1,2,3,90000,1,3,2,0
2,4,1,3,1,1,1,2,2,1,1,3,1,1,3,70000,1,3,2,0
2,2,1,1,1,4,2,4,1,1,1,7,3,2,2,4922,2,2,2,1
2,12,1,6,2,4,5,2,2,1,1,5,1,1,3,46702,1,1,1,0
2,11,1,2,1,1,7,2,3,1,1,2,1,1,1,50179,1,1,1,0
2,1,1,1,1,1,1,2,3,1,1,3,1,1,1,41671,1,1,1,0
1,14,1,5,8,1,1,2,1,1,1,7,6,2,5,23394,3,2,2,0
2,4,1,4,1,1,7,2,3,1,1,2,1,1,3,75000,1,3,2,0
1,14,2,1,8,4,7,2,4,1,1,7,1,1,5,9732,3,2,2,0
1,7,1,1,8,1,4,2,2,1,1,1,2,1,1,72209,1,1,1,0
2,7,1,5,1,1,4,2,3,1,1,2,1,1,1,58752,1,1,1,0
2,6,1,6,8,2,7,1,2,1,1,8,1,1,1,34392,2,2,2,0
2,1,1,7,7,3,11,1,3,1,1,2,1,1,1,59729,1,1,1,0
2,14,1,1,8,1,7,2,4,1,1,2,1,1,5,26196,3,2,2,0
2,4,1,1,4,4,2,2,3,1,1,1,2,1,3,115000,1,3,2,0
2,1,1,1,1,1,5,2,2,1,1,2,1,1,1,31948,1,1,1,0
2,16,1,1,1,1,7,2,2,1,1,1,1,1,1,42588,1,1,3,0
2,1,1,1,1,1,4,2,2,1,1,2,1,1,1,62507,1,1,1,0
2,18,1,5,1,4,5,1,2,1,1,1,1,1,1,60000,1,1,3,0
1,16,1,1,5,14,1,1,1,1,1,1,1,1,1,29376,1,1,3,0
2,1,1,2,5,7,6,1,3,1,2,1,1,1,1,68063,1,1,1,0
2,13,1,2,1,3,3,2,2,1,1,1,1,1,1,46507,1,1,1,0
2,19,1,2,1,1,7,1,2,2,1,2,1,1,1,44064,1,1,3,0
2,1,1,1,1,1,1,2,4,1,1,1,1,1,1,61118,1,1,1,0
1,4,1,1,1,15,3,2,2,1,1,6,1,2,3,1224000,1,3,2,0
2,1,1,5,3,1,4,1,3,1,1,1,1,1,1,66674,1,1,1,0
2,2,2,1,1,1,1,2,4,1,2,1,3,2,2,74388,2,2,2,0
2,4,1,3,1,15,2,2,3,1,4,1,1,1,3,77400,1,3,2,0
2,17,1,1,3,4,8,2,3,1,1,2,1,1,1,80772,1,1,3,0
2,6,1,1,3,1,7,2,3,1,1,4,4,2,1,31188,2,2,2,0
1,4,1,2,1,1,8,2,2,1,1,3,5,2,3,143000,1,3,2,0
2,4,1,1,5,5,3,1,2,1,1,1,1,2,3,144580,1,3,2,0
1,4,1,1,8,14,3,2,2,1,1,2,1,2,3,87000,1,3,2,0
1,2,1,1,1,1,7,3,1,1,1,1,1,2,2,13152,2,2,2,0
2,4,1,2,1,1,4,1,2,1,1,3,1,1,3,150000,1,3,2,0
1,4,1,1,1,1,2,1,2,2,3,8,5,1,3,130000,1,3,2,0
2,4,1,1,1,3,4,1,2,1,1,1,1,1,3,130000,1,3,2,0
2,4,1,1,1,8,7,1,4,1,1,5,3,1,3,110000,1,3,2,0
2,18,1,2,1,1,1,2,2,1,1,8,1,1,1,93996,1,1,3,0
2,4,2,2,1,1,7,1,3,1,1,3,3,1,3,230700,1,3,2,0
2,2,2,1,1,13,2,2,3,1,1,5,5,1,2,0,2,2,2,0
2,6,1,2,1,1,3,2,2,1,1,3,1,1,1,14856,2,2,2,0
1,12,1,1,3,1,2,2,2,1,1,3,1,1,3,57975,1,1,1,0
2,2,1,1,8,1,1,2,3,2,1,1,3,1,2,16061,2,2,2,0
2,9,1,1,1,3,1,3,3,1,1,7,1,1,2,47688,2,2,2,0
2,4,1,1,1,1,7,1,4,1,1,9,1,1,3,103000,1,3,2,0
2,14,1,1,8,1,1,2,3,1,1,1,1,1,5,22452,3,2,2,0
1,7,1,1,8,1,2,2,3,1,1,8,1,1,1,51408,1,1,1,0
1,14,1,1,1,1,2,1,2,1,1,2,2,1,5,7488,3,2,2,0
2,11,1,6,1,1,7,2,3,1,1,1,1,1,1,30597,1,1,1,0
2,13,1,2,3,8,7,3,2,1,1,1,1,1,1,39164,1,1,1,0
2,4,1,1,1,15,3,2,4,1,1,1,1,2,3,98500,1,3,2,0
2,1,1,8,1,1,7,3,3,1,1,1,1,1,1,97233,1,1,1,0
2,4,1,1,7,4,2,2,2,1,1,5,1,1,3,70000,1,3,2,0
2,1,1,1,1,4,3,1,3,1,1,1,1,2,1,62507,1,1,1,0
2,4,1,1,3,6,1,2,4,1,1,1,1,1,3,110000,1,3,2,0
2,4,1,1,1,1,2,4,4,1,1,1,1,1,3,112400,1,3,2,1
2,4,1,1,1,17,7,2,3,1,1,1,1,1,3,100000,1,3,2,0
2,4,1,1,1,1,3,1,4,1,1,1,1,1,3,132000,1,3,2,0
2,8,2,1,1,1,1,2,3,1,1,2,1,1,1,26925,1,1,1,0
2,4,1,1,1,1,3,2,3,1,1,1,1,1,3,79250,1,3,2,0
2,4,1,2,1,1,3,2,4,1,1,3,3,1,3,134000,1,3,2,0
2,7,1,2,1,1,2,1,2,1,3,1,1,1,1,55075,1,1,1,0
2,6,1,1,3,1,1,2,3,1,2,2,1,1,1,27600,2,2,2,0
2,4,1,1,1,2,7,2,4,1,1,2,1,1,3,1620000,1,3,2,0
2,12,1,1,2,1,2,2,2,1,1,8,6,1,3,52339,1,1,1,0
2,4,1,3,1,13,7,3,4,1,1,1,1,2,3,130000,1,3,2,0
2,7,1,3,1,2,1,5,3,1,1,1,1,2,1,73428,1,1,1,0
2,20,1,1,1,1,4,2,4,1,2,1,1,2,1,42000,3,2,2,0
2,4,1,1,1,1,4,3,3,1,1,2,1,1,3,74000,1,3,2,0
2,4,1,1,1,4,1,2,1,1,1,3,1,1,3,95000,1,3,2,0
2,8,3,3,1,1,2,2,3,1,1,1,6,1,1,17628,1,1,1,0
2,4,1,1,1,1,1,2,1,1,1,3,1,1,3,72000,1,3,2,0
2,1,1,2,3,8,2,2,3,1,1,1,1,1,1,69452,1,1,1,0
2,10,1,2,1,1,2,2,3,2,1,2,3,1,4,40000,1,1,1,0
2,15,1,1,1,7,7,2,2,1,1,2,4,1,2,77232,1,1,2,0
2,2,1,1,7,2,5,1,2,1,1,1,1,1,2,5256,2,2,2,0
2,16,1,1,1,2,7,1,3,1,1,1,1,1,1,46560,1,1,3,0
2,5,1,1,6,1,2,1,4,1,1,6,1,1,1,14820,2,2,1,0
2,10,1,1,1,1,5,2,3,1,1,1,1,2,4,83972,1,1,1,0
2,3,1,4,1,1,3,2,2,1,2,1,1,1,1,50904,1,1,3,0
2,20,3,2,3,1,2,2,2,1,1,3,1,2,1,24000,3,2,2,0
2,1,1,7,7,1,3,2,1,1,1,1,1,2,1,70841,1,1,1,0
2,1,1,1,1,5,3,2,4,1,1,1,1,1,1,62507,1,1,1,0
2,1,1,1,1,1,11,1,2,1,1,8,1,1,1,41671,1,1,1,0
2,4,1,1,6,1,11,2,4,1,1,3,1,1,3,150000,1,3,2,0
2,20,1,1,5,1,11,3,1,1,1,1,1,1,1,29232,3,2,2,0
2,4,1,2,1,9,4,2,2,1,1,3,1,2,3,93000,1,3,2,0
2,12,1,1,1,1,3,2,1,1,1,1,1,1,3,91794,1,1,1,0
2,11,3,1,1,1,2,2,1,1,1,4,5,1,1,18504,1,1,1,0
2,12,1,5,3,1,4,2,3,1,1,1,1,1,3,48313,1,1,1,0
2,4,1,2,1,1,1,2,3,1,1,7,6,2,3,153000,1,3,2,0
2,19,1,2,3,9,11,1,1,1,1,4,2,1,1,73433,1,1,3,0
1,10,1,1,4,1,2,2,2,1,1,6,1,1,4,83972,1,1,1,0
2,14,1,1,8,3,7,1,4,1,1,7,2,1,5,6732,3,2,2,0
2,7,3,3,1,1,5,2,4,1,1,3,1,2,1,14688,1,1,1,0
2,2,2,1,1,1,7,2,2,1,2,1,3,2,2,18785,2,2,2,0
1,1,1,1,1,1,3,2,4,1,1,5,1,1,1,55562,1,1,1,0
2,16,2,1,8,1,7,3,4,1,1,3,3,2,1,68537,1,1,3,0
2,1,2,2,1,4,3,2,3,1,1,2,1,2,1,127097,1,1,1,0
2,4,3,1,1,1,7,2,4,1,1,5,1,1,3,100000,1,3,2,0
2,11,2,2,5,4,1,2,3,1,1,1,1,1,1,47119,1,1,1,0
2,14,1,1,1,8,1,2,1,1,1,1,4,2,5,389268,3,2,2,0
2,4,1,1,1,1,3,3,4,1,1,3,6,1,3,120000,1,3,2,0
2,12,1,2,1,1,1,2,2,1,1,1,1,1,3,52339,1,1,1,0
2,4,1,1,6,3,7,1,3,1,1,3,1,1,3,117000,1,3,2,0
2,1,1,1,5,4,1,1,4,1,1,4,1,1,1,47950,1,1,1,0
2,4,1,1,8,1,11,1,3,1,1,5,1,1,3,113300,1,3,2,0
2,4,1,1,1,1,11,2,3,1,1,4,1,2,3,131000,1,3,2,0
1,7,1,1,1,1,7,1,3,2,1,3,1,1,1,66089,1,1,1,0
1,4,1,3,1,5,7,1,4,1,2,1,1,1,3,144000,1,3,2,0
2,6,1,3,3,9,4,2,3,1,1,8,1,2,1,25476,2,2,2,0
1,3,1,6,12,1,1,2,2,1,1,8,1,1,1,58392,1,1,3,0
2,11,1,2,1,4,4,2,3,1,1,4,1,1,1,55075,1,1,1,0
2,7,2,2,4,1,2,1,1,1,1,3,1,1,1,26436,1,1,1,0
2,1,1,7,5,8,7,1,2,1,1,2,1,1,1,633396,1,1,1,0
2,16,1,2,1,1,11,2,3,2,1,3,1,2,1,82000,1,1,3,0
2,4,1,1,6,4,2,1,2,1,1,1,1,2,3,60000,1,3,2,0
2,6,2,6,1,15,1,2,2,1,1,5,1,1,1,21228,2,2,2,0
1,14,1,1,8,4,7,2,3,1,1,1,1,1,5,14976,3,2,2,0
2,4,1,1,1,4,11,1,2,1,1,1,1,1,3,140000,1,3,2,0
2,2,2,1,3,1,2,1,4,1,1,7,3,1,2,123984,2,2,2,0
2,7,1,3,1,3,1,2,2,1,1,3,1,1,1,44064,1,1,1,0
2,4,1,5,1,1,4,2,4,1,1,2,1,1,3,90000,1,3,2,0
2,4,3,1,3,1,2,1,4,1,1,3,2,1,3,88000,1,3,2,0
2,8,1,1,8,1,3,2,3,1,1,5,1,1,1,32748,1,1,1,0
1,4,3,1,1,9,7,2,4,1,1,3,1,1,3,115000,1,3,2,0
2,3,1,3,1,1,3,2,2,1,1,3,1,2,1,53892,1,1,3,0
1,7,1,5,1,1,3,1,3,1,1,1,1,1,1,66084,1,1,1,0
2,4,1,4,12,1,1,2,2,1,1,2,1,2,3,51000,1,3,2,0
2,12,1,3,1,1,1,2,4,1,1,1,1,2,3,60391,1,1,1,0
2,4,1,1,12,3,1,2,2,1,1,3,2,2,3,42000,1,3,2,0
1,2,1,2,3,14,5,2,3,2,1,2,3,1,2,2254,2,2,2,0
2,4,1,1,1,1,3,1,2,2,2,3,6,1,3,66000,1,3,2,0
2,11,1,2,6,1,7,2,2,1,1,2,1,1,1,32316,1,1,1,0
2,10,1,1,1,1,7,3,3,1,1,5,1,1,4,127957,1,1,1,0
2,12,1,3,12,1,3,2,2,1,1,3,1,2,3,64417,1,1,1,0
2,4,1,1,7,14,1,1,2,1,1,4,1,2,3,70000,1,3,2,0
1,18,1,1,1,1,4,2,3,1,1,1,1,2,1,183582,1,1,3,0
1,5,1,1,1,1,7,2,4,1,1,8,1,1,1,30000,2,2,1,0
2,2,1,2,6,1,3,2,3,1,1,3,3,1,2,30060,2,2,2,0
2,7,1,2,1,1,4,2,3,1,1,5,1,2,1,58746,1,1,1,0
1,18,1,1,1,1,4,1,3,1,1,8,1,2,1,86544,1,1,3,0
2,1,1,1,1,4,2,2,1,1,1,1,1,1,1,62507,1,1,1,0
2,7,3,2,1,1,4,1,2,1,1,3,1,1,1,53851,1,1,1,0
2,2,1,2,6,1,7,1,3,1,1,1,3,2,2,14088,2,2,2,0
2,12,1,4,1,4,2,1,2,1,1,1,1,2,3,56365,1,1,1,0
2,12,1,1,1,1,1,3,3,1,1,8,3,1,3,88573,1,1,1,0
2,1,1,2,3,3,7,2,4,1,1,2,1,1,1,28197,1,1,1,0
1,7,1,2,1,4,3,2,1,1,4,3,1,1,1,59970,1,1,1,0
2,11,1,2,3,8,1,2,3,1,1,4,1,1,1,48955,1,1,1,0
2,4,1,1,1,1,1,3,2,2,3,6,5,1,3,123000,1,3,2,0
1,13,1,7,7,1,2,1,3,1,1,1,2,1,1,33045,1,1,1,0
2,2,1,1,1,3,7,3,3,1,1,1,5,1,2,10332,2,2,2,0
2,4,1,1,1,1,4,2,2,1,1,1,1,1,3,110000,1,3,2,0
1,12,1,1,1,1,1,2,4,1,1,1,1,1,3,74885,1,1,1,0
1,13,1,1,3,1,7,2,1,1,1,5,1,1,1,41000,1,1,1,0
2,7,1,1,1,4,1,1,2,1,1,1,1,1,1,80776,1,1,1,0
2,4,1,1,1,9,8,2,2,1,1,4,1,2,3,88000,1,3,2,0
1,2,2,1,8,1,2,2,3,1,2,1,3,1,2,10175,2,2,2,0
2,4,1,1,1,1,4,3,3,1,1,5,1,1,3,118000,1,3,2,0
1,4,1,1,1,1,1,2,2,1,1,6,1,1,3,61200,1,3,2,0
2,15,1,1,6,6,5,3,4,1,1,4,1,1,2,49152,1,1,2,0
2,7,1,2,1,9,3,2,3,1,1,2,1,1,1,48468,1,1,1,0
2,4,1,1,1,1,11,2,2,1,1,1,1,1,3,97000,1,3,2,0
2,4,1,3,1,1,4,3,3,1,1,6,1,1,3,180939,1,3,2,0
2,5,1,2,2,1,2,2,3,1,1,3,1,1,1,26472,2,2,1,0
1,7,2,1,1,3,2,2,4,1,1,7,1,1,1,38184,1,1,1,0
2,7,2,1,1,1,2,1,1,1,1,2,1,1,1,822444,1,1,1,0
2,7,1,1,1,2,2,3,3,1,1,3,1,1,1,52872,1,1,1,0
2,1,1,3,1,1,1,2,3,1,1,7,1,1,1,54895,1,1,1,0
2,4,1,1,11,1,5,2,4,1,1,6,1,1,3,65000,1,3,2,0
1,4,1,1,1,4,7,1,4,2,1,6,1,1,3,55000,1,3,2,0
2,4,2,2,1,1,2,2,2,1,1,3,5,1,3,2000000,1,3,2,0
2,4,1,1,1,9,1,1,3,1,1,4,1,1,3,145000,1,3,2,0
1,4,1,1,8,1,1,2,4,1,1,4,1,1,3,115000,1,3,2,0
2,4,1,1,2,3,7,1,4,1,1,1,1,1,3,90000,1,3,2,0
2,1,3,3,1,1,7,2,2,1,2,9,1,2,1,641736,1,1,1,0
2,6,1,1,1,1,3,2,2,1,1,1,1,1,1,24408,2,2,2,0
2,1,1,1,1,4,7,2,4,2,2,1,1,1,1,41671,1,1,1,0
1,18,1,3,12,1,3,2,2,1,1,7,1,1,1,925908,1,1,3,0
2,18,2,2,1,8,3,2,4,1,1,4,1,1,1,72989,1,1,3,0
2,4,1,4,1,1,11,2,2,1,1,8,1,1,3,110000,1,3,2,0
2,1,1,2,1,1,1,2,3,1,1,2,1,1,1,34726,1,1,1,0
2,1,1,7,1,1,11,2,2,1,1,2,1,1,1,37226,1,1,1,0
2,6,1,2,1,1,3,2,4,1,1,5,1,1,1,24327,2,2,2,0
1,2,3,6,1,1,1,2,2,1,1,3,3,1,2,18780,2,2,2,0
2,7,2,2,1,8,7,1,2,2,1,3,1,1,1,48955,1,1,1,0
2,4,3,3,8,1,2,2,2,1,1,8,6,1,3,2000000,1,3,2,0
2,11,1,2,1,2,7,2,4,1,1,7,1,1,1,73433,1,1,1,0
1,4,1,2,4,3,7,2,4,1,1,4,1,1,3,138000,1,3,2,0
2,1,1,3,1,1,4,2,3,1,3,3,1,2,1,62507,1,1,1,0
2,10,1,1,1,9,7,2,4,1,1,4,1,1,4,63179,1,1,1,0
2,12,1,1,1,1,4,1,2,1,1,1,3,2,3,60391,1,1,1,0
2,2,3,2,8,1,7,1,3,1,1,7,3,1,2,2820,2,2,2,0
2,17,1,1,1,4,1,3,2,1,1,1,1,1,1,88116,1,1,3,0
2,2,1,1,8,1,2,2,2,1,1,2,3,1,2,6879,2,2,2,0
2,4,1,3,1,1,7,3,3,1,1,8,2,1,3,50000,1,3,2,0
1,2,1,2,12,1,2,2,2,1,1,8,1,2,2,9396,2,2,2,0
2,1,1,2,1,1,2,2,2,1,1,8,1,2,1,51394,1,1,1,0
1,6,1,1,1,1,1,2,3,1,1,1,1,1,1,38208,2,2,2,0
1,12,1,1,1,4,1,2,3,1,1,4,1,2,3,104678,1,1,1,0
2,4,1,1,1,1,1,1,4,1,1,6,1,2,3,690000,1,3,2,0
2,2,1,2,1,1,1,2,1,1,1,1,3,1,2,25047,2,2,2,0
2,16,1,1,1,1,4,2,2,1,1,3,1,1,1,82000,1,1,3,0
1,2,1,1,1,1,1,2,2,1,1,1,1,1,2,93926,2,2,2,0
2,7,2,2,1,1,7,2,4,1,1,7,1,1,1,734328,1,1,1,0
1,4,1,1,1,3,7,2,3,1,1,1,1,1,3,132000,1,3,2,0
1,4,2,7,3,9,5,1,4,1,1,1,6,1,3,140000,1,3,2,0
2,9,3,2,5,1,1,3,2,1,1,2,3,2,2,7944,2,2,2,0
2,1,1,2,1,4,3,3,1,1,1,3,1,1,1,97233,1,1,1,0
1,15,1,5,1,1,1,2,4,1,1,8,4,1,2,70212,1,1,2,0
2,6,1,2,8,1,7,2,3,1,1,3,1,1,1,3180,2,2,2,0
2,2,3,1,1,1,1,1,1,2,1,9,3,2,2,13698,2,2,2,0
2,4,1,1,1,3,1,2,3,1,1,3,1,1,3,80000,1,3,2,0
2,8,1,1,1,3,2,2,4,1,1,1,1,1,1,29376,1,1,1,0
2,4,1,1,2,4,2,2,1,2,1,5,1,1,3,150000,1,3,2,0
2,7,1,2,1,1,3,2,2,1,1,5,1,1,1,73433,1,1,1,0
1,4,1,1,2,3,5,2,4,1,1,3,1,1,3,54000,1,3,2,0
2,4,3,1,1,1,7,3,3,1,1,3,7,1,3,80000,1,3,2,0
2,6,3,1,8,1,11,2,4,1,2,6,1,2,1,48000,2,2,2,0
2,16,1,2,1,2,1,2,3,1,1,3,1,2,1,96123,1,1,3,0
2,11,1,2,1,1,4,1,4,1,1,2,1,1,1,807756,1,1,1,0
2,18,1,1,1,4,4,2,2,1,1,8,1,2,1,114696,1,1,3,0
2,4,1,3,3,3,2,1,1,2,1,3,1,2,3,100000,1,3,2,0
2,4,1,4,1,4,2,2,2,1,1,8,1,1,3,70000,1,3,2,0
1,7,1,2,1,3,7,2,2,1,1,1,1,1,1,73433,1,1,1,0
2,5,1,2,3,1,1,2,2,1,1,2,1,1,1,40584,2,2,1,0
1,4,1,2,2,1,5,2,2,2,1,3,1,2,3,95000,1,3,2,0
1,12,1,4,12,1,7,2,3,1,1,2,1,1,3,1000000,1,1,1,0
2,11,1,2,7,1,7,2,2,1,1,8,1,1,1,26436,1,1,1,0
2,6,1,2,3,1,7,2,4,1,1,3,1,1,1,24408,2,2,2,0
2,5,1,1,1,1,2,2,1,1,1,1,6,2,1,45876,2,2,1,0
2,4,1,3,4,1,4,3,3,1,1,1,2,1,3,97500,1,3,2,0
2,11,1,1,1,2,1,2,4,1,1,3,1,1,1,616836,1,1,1,0
2,4,1,1,1,15,11,2,3,2,4,3,1,1,3,102000,1,3,2,0
2,8,1,3,1,1,1,2,3,1,1,7,1,1,1,25701,1,1,1,0
2,4,1,2,1,1,1,2,2,1,1,4,1,1,3,152000,1,3,2,0
2,11,2,2,5,1,7,1,2,2,1,9,1,1,1,29376,1,1,1,0
2,12,1,1,1,1,7,2,2,1,1,1,1,1,3,84547,1,1,1,0
2,12,1,3,1,1,11,3,2,1,1,6,1,1,3,45092,1,1,1,0
2,7,2,2,5,1,2,2,3,1,1,5,1,1,1,52872,1,1,1,0
2,2,1,1,1,1,7,2,3,1,1,1,3,2,2,36788,2,2,2,0
2,4,1,2,5,1,7,1,3,1,1,6,1,2,3,110000,1,3,2,0
2,4,1,1,8,13,7,2,2,1,1,1,1,2,3,45000,1,3,2,0
2,11,1,1,1,1,3,1,2,1,1,8,1,2,1,48955,1,1,1,0
2,4,3,3,1,3,2,2,4,1,1,3,2,2,3,65000,1,3,2,0
2,4,1,5,1,1,2,1,4,1,1,8,1,2,3,48000,1,3,2,0
2,4,1,1,2,3,7,1,2,1,1,4,3,1,3,170000,1,3,2,0
2,2,2,1,1,1,2,3,4,1,1,2,1,1,2,116472,2,2,2,0
2,9,2,1,1,1,2,2,3,1,1,1,1,1,2,15900,2,2,2,0
2,4,1,3,1,1,4,2,2,1,1,6,1,1,3,92000,1,3,2,0
2,13,1,1,1,15,4,1,2,1,1,5,1,1,1,54497,1,1,1,0
1,5,1,1,1,1,7,2,4,1,1,8,1,1,1,49404,2,2,1,0
1,8,1,2,5,8,2,1,3,2,1,7,1,1,1,381852,1,1,1,0
2,18,1,7,1,1,3,2,3,1,1,1,1,1,1,151191,1,1,3,0
2,4,3,1,5,1,7,2,2,1,1,2,1,1,3,57000,1,3,2,0
2,6,1,6,5,1,3,3,4,1,1,5,6,1,1,11676,2,2,2,0
2,4,1,1,9,9,1,2,2,1,1,1,1,1,3,126000,1,3,2,0
1,6,1,5,6,1,2,2,3,1,1,1,1,2,1,5304,2,2,2,0
2,17,1,2,1,8,1,2,2,1,1,3,1,1,1,47736,1,1,3,0
2,1,1,3,3,14,7,2,2,1,1,1,1,1,1,55006,1,1,1,0
2,4,1,1,1,3,3,1,4,1,1,1,2,2,3,133000,1,3,2,0
2,10,1,1,1,1,1,2,4,1,1,3,3,1,4,111963,1,1,1,0
2,12,1,4,1,1,7,2,4,2,1,1,1,1,3,66027,1,1,1,0
2,4,1,3,1,1,1,2,1,1,1,3,1,1,3,67000,1,3,2,0
2,13,1,1,1,3,7,3,4,1,1,7,1,1,1,53361,1,1,1,0
2,4,1,1,1,1,5,3,2,1,1,1,1,1,3,70000,1,3,2,0
2,12,1,1,1,4,3,1,4,1,1,6,1,2,3,1000000,1,1,1,0
2,13,3,1,3,11,5,2,3,1,1,2,2,1,1,514032,1,1,1,0
2,4,1,1,1,1,7,3,4,1,1,2,2,2,3,115000,1,3,2,0
2,4,1,1,6,14,2,3,4,1,1,1,1,1,3,150000,1,3,2,0
2,2,1,2,1,2,2,1,1,1,4,3,3,1,2,7884,2,2,2,0
2,18,1,4,1,4,7,2,4,1,1,2,1,2,1,104269,1,1,3,0
2,4,3,1,1,1,3,2,3,2,1,1,1,1,3,63000,1,3,2,0
1,1,1,3,1,1,3,2,4,1,1,2,1,1,1,486164,1,1,1,0
2,11,1,2,1,9,1,2,3,1,1,3,1,1,1,66089,1,1,1,0
1,19,1,2,7,3,1,1,3,1,1,2,1,1,1,46992,1,1,3,0
2,12,2,1,4,1,7,1,2,1,1,2,1,1,3,6050,1,1,1,0
2,2,1,1,8,4,1,3,2,1,1,3,3,1,2,17823,2,2,2,0
1,1,1,1,1,3,7,1,2,1,1,5,1,1,1,69452,1,1,1,0
2,13,1,2,1,1,7,1,3,1,1,3,2,1,1,29376,1,1,1,0
2,4,1,1,9,1,7,2,1,1,1,1,1,1,3,85000,1,3,2,0
2,2,2,1,1,1,7,2,1,1,1,3,3,1,2,62618,2,2,2,0
1,11,1,2,3,2,2,2,4,2,1,4,1,1,1,41612,1,1,1,0
2,4,1,1,1,4,4,2,2,1,1,1,6,1,3,220000,1,3,2,0
2,2,1,1,8,3,7,2,2,1,1,1,3,1,2,206640,2,2,2,0
2,14,1,2,1,1,3,3,4,1,1,7,1,1,5,13104,3,2,2,0
2,4,1,2,1,8,2,2,4,1,1,8,1,2,3,70000,1,3,2,0
2,12,1,1,1,1,1,2,2,1,1,1,1,1,3,70859,1,1,1,0
2,4,1,1,1,1,7,1,2,1,1,3,1,1,3,42000,1,3,2,0
2,20,1,3,1,1,7,2,3,1,1,3,1,2,1,35076,3,2,2,0
1,2,1,1,1,6,2,3,2,1,1,1,2,2,2,11741,2,2,2,0
1,18,3,5,1,1,5,1,3,1,1,3,1,1,1,10008,1,1,3,0
2,7,1,2,8,1,11,2,1,1,1,3,1,1,1,88119,1,1,1,0
2,13,1,6,1,1,11,2,3,1,1,2,2,1,1,42836,1,1,1,0
2,2,1,1,8,1,7,3,3,1,1,1,3,2,2,3757,2,2,2,0
2,4,1,1,4,3,5,1,4,1,1,3,1,1,3,84000,1,3,2,0
2,17,1,2,1,1,4,2,1,1,1,2,1,1,1,55812,1,1,3,0
2,4,1,7,5,14,4,2,3,1,1,4,1,2,3,60000,1,3,2,0
2,11,1,2,8,12,7,1,3,1,1,1,1,2,1,78202,1,1,1,0
2,12,2,1,5,1,7,2,3,1,1,8,1,2,3,48313,1,1,1,0
2,12,1,3,1,1,1,2,2,1,1,8,1,1,3,75690,1,1,1,0
2,14,1,1,1,3,7,2,3,1,1,8,1,1,5,14976,3,2,2,0
2,2,2,2,1,2,5,3,1,1,1,3,1,1,2,6756,2,2,2,0
2,4,1,2,3,7,1,2,4,1,1,3,1,1,3,101100,1,3,2,0
2,3,1,1,8,1,2,2,3,1,1,2,1,1,1,67368,1,1,3,0
2,4,1,7,7,1,4,1,4,1,3,1,1,1,3,110000,1,3,2,0
2,1,1,1,7,1,7,3,1,2,1,3,1,1,1,44449,1,1,1,0
2,19,1,2,1,1,3,2,4,1,1,7,1,1,1,60216,1,1,3,0
2,6,1,3,1,1,7,1,1,1,1,8,1,1,1,25476,2,2,2,0
2,4,1,1,7,4,8,1,2,1,1,3,1,2,3,170000,1,3,2,0
1,4,1,1,2,2,2,1,1,2,1,5,1,1,3,110000,1,3,2,0
2,11,1,2,1,1,7,3,3,1,1,6,1,1,1,51403,1,1,1,0
2,11,1,1,1,1,7,2,2,1,1,3,1,1,1,34269,1,1,1,0
2,19,1,5,1,1,1,2,4,1,1,2,1,1,1,55075,1,1,3,0
2,7,1,2,1,1,2,3,3,1,1,4,1,1,1,67313,1,1,1,0
1,4,1,2,1,1,3,1,2,1,1,2,4,1,3,91500,1,3,2,0
2,13,1,6,1,1,3,3,4,1,1,8,2,2,1,36716,1,1,1,0
2,4,1,1,1,1,4,2,4,1,1,1,1,1,3,100000,1,3,2,0
1,4,1,1,8,1,2,2,2,1,3,1,2,1,3,62000,1,3,2,0
2,10,1,1,1,1,6,3,4,1,1,6,2,1,4,87971,1,1,1,0
2,2,1,1,1,9,7,3,4,1,1,1,2,2,2,35222,2,2,2,0
2,4,1,1,1,1,7,2,4,1,1,4,1,1,3,85500,1,3,2,0
2,1,1,1,9,1,7,2,2,1,1,6,1,2,1,51394,1,1,1,0
2,1,1,5,1,1,4,2,1,1,1,1,1,1,1,47227,1,1,1,0
2,11,1,2,1,1,7,2,2,1,1,1,1,1,1,46507,1,1,1,0
2,1,1,7,7,1,1,2,3,1,1,3,1,1,1,55187,1,1,1,0
2,4,1,1,3,7,4,2,3,1,1,2,1,2,3,97000,1,3,2,0
1,4,1,2,1,1,3,2,2,1,1,6,3,2,3,100000,1,3,2,0
2,9,1,1,1,2,7,2,3,1,1,2,4,1,2,23844,2,2,2,0
1,1,1,2,4,1,7,1,1,1,1,2,1,2,1,69452,1,1,1,0
2,4,1,2,1,2,3,2,3,1,1,4,1,1,3,106000,1,3,2,0
1,10,2,5,3,16,5,1,1,2,1,1,1,1,4,66378,1,1,1,0
2,1,1,2,1,1,2,2,4,1,1,4,4,1,1,41671,1,1,1,0
2,1,1,3,1,1,4,2,3,1,1,2,1,2,1,69452,1,1,1,0
1,2,1,1,3,7,7,1,1,1,1,7,3,1,2,12524,2,2,2,0
2,4,3,1,3,14,7,1,2,1,1,1,1,2,3,90000,1,3,2,0
2,1,1,2,3,4,2,1,4,2,1,2,1,1,1,54589,1,1,1,0
2,2,2,1,1,3,7,2,2,1,1,7,3,2,2,16908,2,2,2,0
2,4,1,1,5,1,2,2,1,1,3,3,1,1,3,51000,1,3,2,0
1,1,1,1,8,1,2,2,2,1,1,2,1,1,1,86120,1,1,1,0
1,18,1,2,3,4,7,1,3,1,1,1,1,1,1,119910,1,1,3,0
2,4,1,4,1,1,7,1,3,1,1,8,3,2,3,72000,1,3,2,0
2,1,1,2,1,1,3,2,2,1,1,1,1,1,1,76397,1,1,1,0
2,4,1,1,2,1,2,1,4,2,1,1,1,1,3,78300,1,3,2,0
2,4,1,1,9,3,3,2,2,2,1,3,1,2,3,100000,1,3,2,0
1,4,1,4,11,1,1,1,2,2,2,6,1,1,3,128029,1,3,2,0
2,4,1,1,9,1,1,2,2,1,1,8,1,1,3,70000,1,3,2,0
1,1,1,7,7,4,2,2,3,1,3,8,1,1,1,78481,1,1,1,0
2,4,1,1,7,14,5,1,1,2,2,1,1,1,3,85000,1,3,2,0
2,14,1,3,12,1,3,2,3,1,1,1,1,2,5,9360,3,2,2,0
2,2,3,1,1,1,2,2,4,1,1,1,3,2,2,4128,2,2,2,0
2,2,1,1,1,2,7,2,3,1,1,1,1,2,2,10144,2,2,2,0
1,12,3,1,1,1,7,1,4,1,1,1,6,2,3,61599,1,1,1,0
1,1,1,1,12,3,7,2,1,1,1,2,1,1,1,45144,1,1,1,0
1,4,1,1,3,1,2,3,2,1,1,2,1,1,3,100000,1,3,2,0
2,2,2,1,1,7,1,2,3,1,1,1,3,1,2,157800,2,2,2,0
1,4,2,1,1,1,3,1,4,1,1,1,1,2,3,110000,1,3,2,0
2,4,1,1,1,1,7,2,4,1,1,8,1,1,3,84000,1,3,2,0
2,3,1,3,3,1,3,2,3,1,1,3,1,2,1,47904,1,1,3,0
1,15,3,2,7,8,3,1,2,1,1,1,1,2,2,87768,1,1,2,0
2,4,1,1,6,1,2,1,2,1,1,3,1,2,3,88000,1,3,2,0
1,2,1,1,3,1,2,2,3,1,1,1,3,2,2,7608,2,2,2,0
2,11,1,2,1,1,1,2,3,1,1,7,1,1,1,52627,1,1,1,0
1,3,1,1,1,1,1,1,3,2,1,3,1,1,1,47904,1,1,3,0
2,7,1,1,1,1,7,2,3,1,1,4,1,1,1,64866,1,1,1,0
2,4,1,3,3,1,3,2,4,1,1,3,1,1,3,160000,1,3,2,0
1,2,3,2,1,9,7,2,3,1,1,1,6,1,2,10958,2,2,2,0
2,4,1,1,1,4,3,2,3,1,1,1,1,2,3,120000,1,3,2,0
2,2,1,1,3,2,2,2,3,1,1,8,1,2,2,5640,2,2,2,0
2,4,1,2,3,11,3,2,2,1,1,6,3,2,3,144000,1,3,2,0
2,2,1,2,3,1,2,1,3,1,1,1,3,1,2,18785,2,2,2,0
1,2,1,1,1,2,7,2,3,1,1,7,3,1,2,13150,2,2,2,0
1,2,1,1,1,2,7,1,2,1,1,3,3,1,2,5322,2,2,2,0
2,13,3,1,8,1,7,3,3,1,1,2,1,1,1,22030,1,1,1,0
2,12,3,2,3,4,7,3,2,1,1,1,1,2,3,42676,1,1,1,0
2,4,1,1,8,1,4,1,1,1,2,9,1,1,3,160000,1,3,2,0
2,6,2,6,8,15,5,2,3,1,1,3,1,1,1,10620,2,2,2,0
2,11,1,2,1,1,7,2,4,1,1,1,1,1,1,58746,1,1,1,0
2,4,1,1,4,3,5,3,1,1,1,3,1,1,3,120000,1,3,2,0
1,2,1,1,1,2,2,2,3,1,2,2,1,1,2,15654,2,2,2,0
2,11,1,1,10,1,4,2,2,1,4,9,1,1,1,33045,1,1,1,0
2,4,3,3,1,1,7,2,3,1,1,2,1,1,3,65000,1,3,2,0
2,4,1,1,5,14,5,2,2,1,1,1,1,1,3,53600,1,3,2,0
2,10,1,7,7,14,11,2,2,1,1,4,1,1,4,67977,1,1,1,0
2,4,1,1,1,1,3,2,3,1,1,3,1,2,3,125000,1,3,2,0
2,4,1,7,1,8,1,2,4,1,2,3,5,1,3,118000,1,3,2,0
2,4,1,2,1,1,7,2,1,1,1,2,1,2,3,85000,1,3,2,0
1,6,1,4,1,1,1,2,2,1,1,7,1,1,1,31848,2,2,2,0
2,1,1,1,1,1,7,3,1,1,1,1,1,1,1,38893,1,1,1,0
2,7,1,1,1,1,7,1,2,1,1,1,1,2,1,58746,1,1,1,0
2,7,1,2,8,1,7,2,1,1,1,3,6,1,1,70373,1,1,1,0
1,2,1,1,1,2,2,2,1,1,1,1,3,1,2,37571,2,2,2,0
1,1,1,4,1,1,5,1,2,1,1,2,1,1,1,58340,1,1,1,0
2,17,3,1,1,1,7,1,3,1,1,2,1,1,1,44064,1,1,3,0
2,12,1,1,3,2,7,2,3,1,1,6,1,2,3,76495,1,1,1,0
2,2,1,1,3,1,7,3,3,1,1,1,1,1,2,12216,2,2,2,0
2,4,1,2,1,11,7,3,4,1,1,9,6,2,3,100000,1,3,2,0
2,2,1,1,1,1,2,1,1,1,1,7,6,1,2,6948,2,2,2,0
1,20,1,1,8,3,1,2,2,1,1,3,1,2,1,51000,3,2,2,0
2,4,1,5,1,15,7,2,1,1,1,6,1,1,3,90000,1,3,2,0
1,4,1,1,6,6,2,1,4,1,1,1,1,1,3,60000,1,3,2,0
2,13,1,2,6,14,7,1,2,1,1,5,1,1,1,46507,1,1,1,0
2,1,1,1,1,15,1,1,2,1,1,2,1,1,1,104178,1,1,1,0
2,4,2,3,8,1,4,2,2,1,1,3,1,2,3,145000,1,3,2,0
2,6,1,5,1,1,5,2,2,1,1,5,1,1,1,6684,2,2,2,0
2,2,1,1,1,1,2,2,3,1,1,3,3,1,2,4692,2,2,2,0
2,16,1,2,1,1,7,1,2,1,1,8,6,1,1,61194,1,1,3,0
2,17,1,1,6,14,2,2,2,1,1,1,1,1,1,51403,1,1,3,0
1,3,1,3,1,14,7,1,3,1,1,2,1,2,1,34428,1,1,3,0
2,4,1,1,1,3,11,3,2,2,3,3,6,1,3,71000,1,3,2,0
2,4,1,2,1,3,5,2,3,2,1,3,3,1,3,74000,1,3,2,0
2,13,1,3,5,13,7,3,3,1,1,1,1,1,1,6612,1,1,1,0
2,4,1,1,1,4,6,1,1,1,1,1,1,2,3,145000,1,3,2,0
2,1,1,1,1,4,1,2,4,1,1,2,1,1,1,52783,1,1,1,0
2,7,1,1,1,1,3,1,3,1,1,1,4,2,1,75880,1,1,1,0
2,4,1,1,4,3,5,2,1,1,1,1,1,2,3,80000,1,3,2,0
2,4,1,4,1,1,7,2,4,1,1,3,1,1,3,65000,1,3,2,0
2,4,1,1,1,1,3,1,3,1,1,5,1,1,3,63000,1,3,2,0
2,13,1,6,12,1,2,2,3,1,1,1,1,1,1,31821,1,1,1,0
2,2,1,1,1,16,3,2,2,1,1,1,3,1,2,36005,2,2,2,0
2,4,1,1,1,4,1,2,1,2,1,4,1,1,3,130000,1,3,2,0
2,4,1,1,3,1,1,2,4,1,1,1,3,2,3,123000,1,3,2,0
2,4,1,2,1,1,5,2,3,1,4,1,3,1,3,900000,1,3,2,0
2,1,1,1,12,1,7,1,4,1,1,5,1,1,1,66674,1,1,1,0
2,4,1,3,1,1,7,2,3,1,1,1,1,1,3,80000,1,3,2,0
2,1,1,3,1,1,1,3,3,1,1,8,1,1,1,45838,1,1,1,0
2,4,1,1,1,4,1,2,3,2,2,1,1,1,3,100000,1,3,2,0
1,4,1,1,1,1,3,2,2,1,1,3,1,1,3,75000,1,3,2,0
2,4,1,1,1,3,3,3,1,1,1,1,6,1,3,85000,1,3,2,0
2,4,3,3,2,3,3,3,3,1,3,8,1,1,3,65000,1,3,2,0
2,6,1,2,7,3,2,1,4,1,1,1,1,1,1,10620,2,2,2,0
2,7,2,1,3,1,3,1,4,1,1,6,3,1,1,8808,1,1,1,0
2,10,1,3,1,1,1,3,2,1,1,8,1,1,4,67977,1,1,1,0
2,2,1,1,1,11,2,2,3,1,1,4,1,1,2,9396,2,2,2,0
2,18,1,2,1,9,1,2,3,1,1,3,1,1,1,90714,1,1,3,0
2,4,1,4,8,1,7,1,1,1,1,3,1,1,3,72000,1,3,2,0
2,2,1,1,1,3,5,2,4,1,3,8,1,1,2,18780,2,2,2,0
2,4,1,2,4,14,5,2,3,2,2,3,1,1,3,60000,1,3,2,0
2,8,1,3,1,1,3,2,2,1,1,2,1,1,1,36716,1,1,1,0
2,1,1,1,5,4,2,3,1,1,1,1,1,1,1,48616,1,1,1,0
2,8,1,2,1,1,1,1,2,1,1,2,1,1,1,42836,1,1,1,0
1,11,1,2,1,1,3,1,2,1,1,3,1,1,1,44060,1,1,1,0
2,2,1,1,1,1,2,1,1,1,1,1,3,1,2,0,2,2,2,0
2,1,1,2,1,1,7,1,3,1,1,1,1,1,1,66674,1,1,1,0
2,5,3,1,1,1,7,2,3,1,1,2,1,2,1,41170,2,2,1,0
2,4,1,4,7,4,2,2,1,1,1,2,4,1,3,111000,1,3,2,0
2,14,1,1,3,14,7,2,3,1,1,1,1,1,5,37428,3,2,2,0
2,20,2,1,8,1,5,3,3,1,1,6,1,2,1,18350,3,2,2,0
2,10,1,1,8,14,3,2,2,1,3,3,1,1,4,67977,1,1,1,0
1,4,1,1,1,3,1,1,1,1,1,1,1,2,3,117000,1,3,2,0
1,4,1,2,6,1,11,1,2,1,1,3,1,2,3,55000,1,3,2,0
2,4,1,2,5,1,3,1,4,1,1,3,1,1,3,105000,1,3,2,0
2,17,2,2,1,1,1,2,2,1,1,1,1,1,1,48468,1,1,3,0
2,4,1,2,5,2,7,2,3,2,2,8,6,1,3,150000,1,3,2,0
2,13,1,2,7,16,2,1,2,1,1,1,1,1,1,25701,1,1,1,0
2,14,1,2,1,16,11,1,3,1,1,1,1,1,5,34872,3,2,2,0
2,2,2,2,1,1,1,3,3,1,1,3,1,1,2,7512,2,2,2,0
2,15,1,5,1,1,4,3,4,1,1,3,1,1,2,1000000,1,1,2,0
2,2,1,4,11,14,5,1,3,1,1,8,1,2,2,5076,2,2,2,0
2,6,1,1,1,1,1,1,3,1,1,1,1,2,1,19104,2,2,2,0
2,12,1,4,3,18,5,3,2,2,3,2,5,1,3,32209,1,1,1,0
1,12,1,2,1,1,3,1,2,1,1,2,2,2,3,92600,1,1,1,0
2,4,3,1,4,4,1,2,2,1,1,6,1,2,3,110000,1,3,2,0
2,4,1,1,1,1,3,2,2,1,1,3,1,2,3,120000,1,3,2,0
1,11,1,2,1,4,3,1,2,1,1,8,2,2,1,58746,1,1,1,0
2,4,1,2,2,15,2,1,4,1,1,5,1,1,3,110000,1,3,2,0
2,17,1,1,1,1,3,2,2,1,1,1,1,2,1,44064,1,1,3,0
1,15,1,1,1,4,7,2,2,1,1,3,1,2,2,98304,1,1,2,0
2,16,1,1,1,1,7,2,3,1,1,8,1,1,1,49932,1,1,3,0
2,7,3,1,1,9,1,2,3,1,1,3,1,1,1,58752,1,1,1,0
2,20,1,2,7,1,7,2,4,1,1,3,1,2,1,27600,3,2,2,0
1,12,1,4,8,1,7,2,4,1,1,4,1,1,3,39858,1,1,1,0
2,3,1,2,1,1,4,2,2,1,1,7,1,1,1,74076,1,1,3,0
2,4,1,2,1,2,3,2,3,1,1,1,1,2,3,176000,1,3,2,0
1,14,3,5,5,1,1,2,3,1,1,2,6,1,5,12732,3,2,2,0
2,2,1,1,6,1,7,2,3,1,1,1,3,2,2,5640,2,2,2,0
2,14,1,1,1,1,2,3,3,1,1,6,1,2,5,6180,3,2,2,0
2,1,1,1,1,1,11,2,2,1,1,1,1,1,1,90913,1,1,1,0
2,4,1,1,1,1,11,2,2,1,1,1,1,1,3,90000,1,3,2,0
2,4,2,2,2,8,1,2,1,1,1,3,1,1,3,130000,1,3,2,0
2,1,1,3,1,3,7,2,2,1,1,8,1,2,1,27781,1,1,1,0
2,4,1,2,6,1,7,2,2,1,1,2,1,1,3,115500,1,3,2,0
2,10,1,1,8,4,7,2,4,1,1,2,1,1,4,57981,1,1,1,0
2,7,1,2,1,8,2,2,3,1,1,3,1,2,1,80772,1,1,1,0
2,4,1,2,1,2,1,1,1,1,1,1,1,1,3,120000,1,3,2,0
2,7,1,2,1,1,3,2,3,1,1,2,1,1,1,69761,1,1,1,0
2,7,1,3,1,1,3,1,3,1,1,3,1,1,1,116268,1,1,1,0
2,14,1,1,1,1,7,3,3,1,1,1,1,1,5,26201,3,2,2,0
2,2,1,1,1,14,5,2,4,1,1,9,1,1,2,1879,2,2,2,0
2,7,1,2,3,4,5,2,3,1,1,3,1,1,1,55075,1,1,1,0
2,1,1,1,1,9,1,2,2,2,1,8,1,1,1,50005,1,1,1,0
2,4,1,4,1,1,2,3,4,1,3,3,1,1,3,48880,1,3,2,0
2,10,1,9,1,1,9,3,3,1,1,7,1,1,4,527820,1,1,1,0
1,2,2,1,3,2,2,2,3,1,1,1,3,1,2,9476,2,2,2,0
1,4,1,1,6,1,1,3,4,1,1,3,1,1,3,67000,1,3,2,0
2,4,1,9,1,6,7,2,1,1,1,2,1,2,3,2000000,1,3,2,0
2,12,2,2,3,6,8,1,2,1,1,1,1,1,3,201303,1,1,1,0
2,4,1,1,4,1,7,2,2,1,1,1,1,2,3,135000,1,3,2,0
2,2,1,1,3,6,2,1,3,1,1,2,1,2,2,22908,2,2,2,0
2,1,1,2,1,1,1,2,4,1,2,5,1,1,1,36810,1,1,1,0
2,11,1,2,3,1,1,2,3,1,1,5,1,1,1,45283,1,1,1,0
2,12,1,1,1,1,7,2,1,1,1,1,6,1,3,56365,1,1,1,0
2,17,1,2,1,4,4,1,2,1,1,8,1,2,1,61194,1,1,3,0
1,12,1,2,1,4,3,2,2,1,1,1,6,2,3,80521,1,1,1,0
2,7,2,3,1,1,3,3,3,1,1,3,4,2,1,35244,1,1,1,0
2,4,1,1,1,1,2,2,3,1,1,1,1,1,3,66000,1,3,2,0
2,11,1,1,1,1,1,2,3,1,1,4,1,1,1,61194,1,1,1,0
2,1,1,1,1,1,4,1,1,1,1,1,1,1,1,54173,1,1,1,0
1,9,2,1,1,1,1,1,2,1,1,1,1,1,2,14304,2,2,2,0
1,1,1,7,7,9,7,2,3,1,1,3,1,1,1,56951,1,1,1,0
2,4,1,1,5,4,1,1,3,1,2,2,1,1,3,78000,1,3,2,0
2,4,1,1,8,1,7,2,4,1,1,1,1,1,3,100000,1,3,2,0
2,4,1,3,1,1,4,2,4,1,1,3,1,1,3,110000,1,3,2,0
2,7,1,2,5,1,4,2,2,1,1,2,1,2,1,73433,1,1,1,0
2,5,1,3,1,1,7,2,2,1,1,8,1,1,1,9876,2,2,1,0
2,4,1,2,9,9,2,2,1,1,1,1,1,1,3,62000,1,3,2,0
2,4,1,1,1,1,1,3,4,1,1,3,1,1,3,130000,1,3,2,0
2,2,1,1,1,1,2,2,2,1,1,3,1,2,2,38400,2,2,2,0
2,4,1,1,5,1,7,2,3,1,1,8,1,1,3,77946,1,3,2,0
2,4,1,3,1,1,2,1,3,1,1,6,1,2,3,50000,1,3,2,0
2,7,1,2,1,8,7,2,3,1,1,8,1,1,1,77104,1,1,1,0
1,16,1,2,1,1,7,1,3,1,1,2,1,2,1,73428,1,1,3,0
2,6,1,2,8,9,3,2,2,1,1,3,1,2,1,24,2,2,2,0
2,7,3,4,1,4,4,2,4,1,1,8,1,1,1,67560,1,1,1,0
2,4,1,1,1,1,7,2,3,1,1,1,1,1,3,83000,1,3,2,0
2,1,1,1,1,1,7,2,4,1,1,2,1,1,1,483384,1,1,1,0
2,4,1,1,1,1,3,1,2,1,1,1,1,2,3,140000,1,3,2,0
1,6,1,2,5,5,1,1,3,1,1,3,1,2,1,46704,2,2,2,0
2,18,1,2,1,1,1,3,3,1,1,3,5,1,1,85671,1,1,3,0
2,4,1,1,1,5,1,1,4,1,1,4,3,1,3,120000,1,3,2,0
2,4,1,3,9,1,3,2,2,1,1,3,1,1,3,2000000,1,3,2,0
2,7,1,1,8,5,2,2,1,1,1,1,4,2,1,73428,1,1,1,0
2,12,1,1,1,14,4,2,2,1,1,8,1,2,3,57975,1,1,1,0
2,12,1,1,1,2,2,2,3,1,1,3,3,2,3,60391,1,1,1,0
2,12,1,1,6,1,4,2,2,1,1,2,1,1,3,41871,1,1,1,0
2,2,1,1,3,6,2,3,3,1,1,2,3,1,2,6204,2,2,2,0
2,11,1,2,1,9,3,2,3,1,1,1,1,1,1,38498,1,1,1,0
2,10,1,3,4,14,5,2,1,1,1,5,1,1,4,43985,1,1,1,0
1,11,1,1,1,1,1,1,3,1,1,1,1,2,1,67313,1,1,1,0
1,4,1,1,1,1,3,2,2,1,1,5,1,1,3,100000,1,3,2,0
2,4,1,1,7,1,2,1,1,1,1,1,1,2,3,120000,1,3,2,0
2,4,1,3,11,1,5,2,4,1,1,1,1,1,3,31000,1,3,2,0
2,11,1,6,1,1,7,3,2,1,1,5,1,1,1,55075,1,1,1,0
2,13,1,5,1,4,1,2,3,1,1,3,1,1,1,69452,1,1,1,0
2,4,1,2,1,3,7,4,2,1,1,3,3,2,3,155000,1,3,2,1
2,8,1,5,1,3,2,2,1,1,1,2,1,1,1,440592,1,1,1,0
2,1,1,3,8,1,2,2,3,1,1,1,1,1,1,23058,1,1,1,0
2,6,3,2,5,1,7,2,3,1,1,1,1,1,1,44400,2,2,2,0
2,7,1,1,1,10,7,3,2,1,1,2,1,1,1,68537,1,1,1,0
2,9,2,1,1,7,2,1,3,1,1,1,1,1,2,1272,2,2,2,0
1,13,1,2,1,13,3,2,4,1,1,3,1,1,1,41612,1,1,1,0
2,2,1,1,1,2,7,1,1,1,1,8,3,1,2,14089,2,2,2,0
2,7,1,3,1,1,11,3,2,1,1,2,1,1,1,39164,1,1,1,0
2,15,1,1,1,1,2,2,3,1,1,4,1,1,2,39324,1,1,2,0
2,7,2,2,1,1,1,2,2,1,1,3,1,1,1,97910,1,1,1,0
1,1,1,1,1,1,4,3,3,1,1,1,1,1,1,56951,1,1,1,0
2,1,1,1,1,1,1,1,3,1,1,2,1,1,1,600060,1,1,1,0
2,14,1,6,3,1,1,2,2,1,1,9,1,1,5,11232,3,2,2,0
2,4,1,1,1,4,7,3,4,1,1,7,2,1,3,42500,1,3,2,0
2,1,2,2,1,1,7,2,4,1,1,2,1,1,1,50005,1,1,1,0
2,4,1,1,1,1,1,2,2,1,1,3,1,1,3,178000,1,3,2,0
1,12,1,1,4,14,5,2,2,2,2,8,1,1,3,44609,1,1,1,0
2,8,3,5,1,1,1,3,3,1,2,2,1,1,1,34269,1,1,1,0
2,4,1,1,1,1,7,3,3,1,1,9,1,1,3,105000,1,3,2,0
1,16,1,1,1,3,2,2,3,1,1,1,1,1,1,47242,1,1,3,0
1,2,2,1,1,1,2,2,3,1,1,1,3,2,2,5636,2,2,2,0
1,4,3,2,3,7,7,2,4,1,1,1,1,1,3,110000,1,3,2,0
2,16,1,1,1,1,3,1,2,1,1,1,1,1,1,80776,1,1,3,0
1,9,1,3,11,1,3,2,2,1,1,2,1,1,2,52800,2,2,2,0
2,2,2,2,1,3,2,1,2,1,1,2,1,1,2,4512,2,2,2,0
2,2,1,3,1,1,1,2,4,1,1,2,3,2,2,6575,2,2,2,0
2,12,1,3,8,1,1,2,2,1,1,2,1,1,3,60391,1,1,1,0
2,4,1,1,1,1,1,2,4,1,1,3,1,2,3,145000,1,3,2,0
1,6,1,6,1,13,4,1,3,1,1,5,1,1,1,27600,2,2,2,0
2,4,2,3,1,1,7,3,2,1,1,9,2,1,3,60000,1,3,2,0
2,12,1,1,3,11,1,2,3,1,1,1,1,2,3,57975,1,1,1,0
2,4,1,1,1,1,1,3,3,1,1,3,1,2,3,112000,1,3,2,0
2,7,1,2,1,1,1,2,2,1,1,2,1,1,1,58746,1,1,1,0
1,2,1,1,1,1,7,2,1,1,1,7,3,1,2,13024,2,2,2,0
2,7,1,2,1,1,11,1,4,1,1,3,1,1,1,73428,1,1,1,0
2,4,1,7,1,8,3,2,2,2,1,3,1,1,3,150000,1,3,2,0
2,15,1,3,1,1,4,2,3,1,1,1,2,2,2,98304,1,1,2,0
2,12,1,2,1,1,7,2,2,1,1,3,3,1,3,56365,1,1,1,0
2,1,1,2,1,1,7,2,1,1,1,1,1,1,1,41671,1,1,1,0
2,7,1,1,3,4,7,1,2,1,1,2,1,1,1,91791,1,1,1,0
2,4,1,1,8,4,4,2,3,1,1,1,1,2,3,68000,1,3,2,0
2,4,1,1,1,1,2,1,2,1,1,2,1,1,3,175000,1,3,2,0
2,4,1,1,1,1,1,3,3,1,1,6,1,1,3,96500,1,3,2,0
1,2,1,2,1,4,1,2,3,1,1,1,1,2,2,7512,2,2,2,0
2,1,1,1,1,1,3,3,1,1,1,1,1,1,1,113901,1,1,1,0
2,16,1,2,7,3,7,2,1,1,1,3,1,2,1,74657,1,1,3,0
1,7,1,2,8,1,1,2,2,1,1,1,4,1,1,660900,1,1,1,0
2,8,1,2,1,3,3,2,4,1,1,2,1,1,1,778392,1,1,1,0
2,12,1,1,4,3,2,2,3,2,1,3,3,1,3,80521,1,1,1,0
2,6,1,6,2,3,5,3,3,1,1,2,1,1,1,10620,2,2,2,0
2,3,1,2,1,1,4,2,4,1,1,6,1,2,1,70368,1,1,3,0
2,4,1,7,5,9,2,1,4,1,3,3,1,1,3,112320,1,3,2,0
2,7,1,2,1,1,7,1,3,1,1,3,1,1,1,70500,1,1,1,0
1,11,1,2,1,4,1,2,3,1,1,7,1,1,1,53851,1,1,1,0
2,12,1,1,1,1,3,2,4,1,2,1,5,1,3,104678,1,1,1,0
1,10,1,1,1,1,3,3,1,2,1,2,6,1,4,99967,1,1,1,0
2,2,1,2,1,2,2,2,2,1,1,3,3,1,2,5166,2,2,2,0
2,2,2,1,3,4,2,2,4,1,1,1,3,1,2,8266,2,2,2,0
2,12,1,1,1,8,3,2,4,1,1,5,1,1,3,80521,1,1,1,0
2,4,1,2,1,1,2,2,3,2,1,1,3,1,3,85000,1,3,2,0
2,7,1,2,1,1,1,2,3,1,1,1,1,1,1,84448,1,1,1,0
2,19,1,5,1,1,7,1,3,1,1,2,1,1,1,20556,1,1,3,0
2,10,1,3,1,15,1,3,2,1,1,1,1,1,4,75175,1,1,1,0
2,8,1,3,1,1,4,1,3,1,1,2,1,1,1,73433,1,1,1,0
2,3,1,3,1,6,2,2,1,1,1,6,1,1,1,336,1,1,3,0
2,1,1,7,5,7,7,2,1,1,1,2,1,1,1,44449,1,1,1,0
2,2,1,2,1,1,7,3,3,1,1,1,3,1,2,27240,2,2,2,0
2,9,1,2,4,1,5,2,3,2,1,1,1,2,2,8400,2,2,2,0
1,6,2,3,8,1,7,2,3,1,1,8,1,2,1,24408,2,2,2,0
1,4,1,2,1,1,4,2,3,2,1,6,1,1,3,90000,1,3,2,0
2,1,1,2,3,1,7,2,1,2,1,1,1,2,1,44449,1,1,1,0
2,4,3,3,1,3,5,4,1,1,1,7,2,1,3,21600,1,3,2,1
1,4,1,1,12,1,1,1,1,1,1,8,1,1,3,70000,1,3,2,0
2,9,3,1,1,6,2,1,4,1,1,2,4,1,2,39732,2,2,2,0
1,4,1,2,1,5,1,1,1,1,1,3,1,1,3,115000,1,3,2,0
1,20,1,2,3,1,7,3,3,1,1,8,1,1,1,20880,3,2,2,0
1,14,1,1,1,6,7,2,3,1,1,4,2,1,5,12477,3,2,2,0
2,6,1,1,3,1,11,2,3,1,1,1,1,2,1,38208,2,2,2,0
2,3,1,1,1,1,7,3,2,1,1,8,1,1,1,45960,1,1,3,0
2,4,1,1,5,4,2,1,3,1,1,8,1,1,3,105000,1,3,2,0
1,9,1,2,1,1,3,1,3,2,1,2,4,2,2,31789,2,2,2,0
1,4,1,2,1,1,3,2,4,1,1,1,1,1,3,120000,1,3,2,0
2,12,1,1,1,4,7,1,1,1,1,2,6,1,3,64417,1,1,1,0
2,4,1,1,1,1,1,1,2,1,1,1,1,1,3,106500,1,3,2,0
1,4,2,7,1,1,3,4,3,1,1,4,3,2,3,135000,1,3,2,1
2,4,1,1,1,1,4,2,3,1,1,1,1,2,3,104000,1,3,2,0
1,6,1,2,3,1,2,1,4,1,1,5,1,1,1,34176,2,2,2,0
2,11,1,6,10,1,2,3,3,1,1,3,1,1,1,36716,1,1,1,0
2,2,1,1,1,1,1,1,2,1,1,3,3,2,2,9396,2,2,2,0
2,4,1,1,1,1,11,4,3,1,1,3,5,2,3,175000,1,3,2,1
2,2,1,1,1,7,7,2,3,1,1,3,1,1,2,17220,2,2,2,0
2,4,1,1,1,1,2,2,3,1,1,1,1,2,3,125000,1,3,2,0
2,4,1,1,1,1,7,2,4,1,1,1,6,1,3,92000,1,3,2,0
2,17,1,2,1,1,4,2,2,1,1,3,1,1,1,76368,1,1,3,0
2,1,1,2,1,1,1,1,2,1,1,1,1,1,1,76397,1,1,1,0
2,3,1,4,12,3,2,2,3,1,1,7,1,1,1,56892,1,1,3,0
2,2,1,1,8,3,3,2,3,1,1,1,3,2,2,43832,2,2,2,0
2,4,1,2,1,1,3,2,4,2,1,1,6,1,3,187000,1,3,2,0
2,7,1,2,1,8,3,1,3,1,1,2,1,1,1,68537,1,1,1,0
2,4,1,1,1,3,1,1,2,1,1,1,1,2,3,80000,1,3,2,0
1,11,1,2,1,7,3,1,3,1,1,1,1,2,1,53851,1,1,1,0
1,2,1,1,8,1,2,2,3,1,4,1,1,2,2,7827,2,2,2,0
2,6,1,3,5,3,1,2,3,2,1,8,1,2,1,13800,2,2,2,0
2,6,1,5,1,1,2,1,3,1,1,1,1,2,1,28236,2,2,2,0
2,4,1,1,1,1,1,3,4,1,1,2,1,1,3,90000,1,3,2,0
2,4,1,2,1,1,4,2,3,1,1,1,1,2,3,136000,1,3,2,0
2,1,2,3,9,3,7,1,1,1,1,8,1,2,1,700080,1,1,1,0
2,7,2,3,1,4,2,2,3,1,2,2,1,1,1,12636,1,1,1,0
1,8,1,2,1,1,3,2,3,1,1,2,1,1,1,36716,1,1,1,0
2,11,1,3,1,1,4,3,2,1,1,1,1,2,1,49932,1,1,1,0
2,13,1,1,1,1,1,1,3,1,1,6,2,2,1,35492,1,1,1,0
2,3,1,5,7,3,2,2,4,1,1,7,1,2,1,46416,1,1,3,0
2,2,1,1,1,4,5,1,4,1,1,1,2,1,2,2160,2,2,2,0
1,4,2,2,4,4,2,1,1,1,1,8,1,2,3,68000,1,3,2,0
2,2,1,1,1,1,1,1,3,1,1,7,3,1,2,13619,2,2,2,0
2,7,1,3,2,1,2,2,3,1,1,4,1,1,1,36716,1,1,1,0
2,4,1,2,5,8,2,2,4,1,1,7,2,2,3,85000,1,3,2,0
1,12,1,1,1,17,7,2,1,1,1,3,1,1,3,48313,1,1,1,0
2,14,1,8,1,1,7,2,3,1,1,8,2,2,5,11232,3,2,2,0
1,9,1,1,1,1,7,3,4,1,1,3,4,1,2,14628,2,2,2,0
2,5,1,2,3,2,3,3,2,1,1,2,1,1,1,59988,2,2,1,0
2,10,1,1,1,1,7,2,4,1,1,1,1,1,4,143952,1,1,1,0
2,5,1,2,1,1,6,2,3,1,2,4,1,2,1,52932,2,2,1,0
2,6,1,1,1,1,1,2,4,1,1,2,1,1,1,41400,2,2,2,0
2,11,1,2,1,1,4,1,4,1,1,1,6,1,1,71352,1,1,1,0
1,12,1,1,1,1,7,2,4,1,1,2,1,1,3,56365,1,1,1,0
2,14,2,2,8,1,7,3,1,1,1,7,1,1,5,11232,3,2,2,0
2,4,1,1,1,15,1,2,3,1,1,1,1,1,3,110000,1,3,2,0
2,2,1,1,1,1,1,2,2,2,1,6,3,1,2,16040,2,2,2,0
2,1,1,4,8,1,1,1,3,1,1,6,1,2,1,443376,1,1,1,0
2,2,1,2,1,1,7,3,3,1,1,1,6,2,2,7512,2,2,2,0
2,2,1,1,1,1,7,2,2,1,1,3,1,2,2,12524,2,2,2,0
2,6,1,1,1,1,2,3,2,1,1,8,1,1,1,19104,2,2,2,0
2,2,1,7,1,1,1,2,3,1,1,2,3,1,2,15972,2,2,2,0
2,2,1,2,1,1,2,2,1,1,1,2,1,2,2,7884,2,2,2,0
2,7,1,2,7,14,2,2,3,1,1,2,1,2,1,67313,1,1,1,0
2,4,1,2,1,4,1,1,3,1,1,6,1,1,3,160000,1,3,2,0
2,7,1,1,5,2,1,2,2,1,1,1,1,1,1,73433,1,1,1,0
2,2,3,3,3,2,2,3,1,1,1,1,3,1,2,7512,2,2,2,0
1,2,1,1,1,4,1,2,1,1,1,2,3,2,2,13152,2,2,2,0
1,7,1,1,1,1,7,1,4,1,1,7,1,1,1,1000000,1,1,1,0
2,6,1,2,1,1,2,2,2,1,1,1,1,1,1,21228,2,2,2,0
2,4,1,1,1,1,1,1,2,1,1,2,1,1,3,87000,1,3,2,0
2,7,2,1,3,8,3,2,2,1,1,2,1,1,1,14688,1,1,1,0
2,1,1,1,9,3,2,1,4,1,1,2,1,2,1,55562,1,1,1,0
2,4,1,1,1,1,7,1,4,1,1,3,1,1,3,110000,1,3,2,0
2,4,1,1,1,1,2,2,4,1,1,1,1,1,3,58000,1,3,2,0
1,4,1,1,6,1,7,2,2,1,1,1,1,1,3,115000,1,3,2,0
2,13,1,2,1,1,11,1,2,1,1,3,1,1,1,71435,1,1,1,0
2,4,1,1,1,1,7,1,3,1,1,3,1,1,3,120000,1,3,2,0
2,13,3,6,3,1,1,3,3,1,1,5,2,1,1,32979,1,1,1,0
2,2,1,1,3,1,2,2,2,1,1,8,3,1,2,8736,2,2,2,0
2,4,1,2,1,9,3,2,3,1,1,1,1,2,3,83000,1,3,2,0
1,9,1,1,1,1,2,2,2,1,1,1,1,1,2,228,2,2,2,0
2,11,2,2,1,4,7,2,2,1,1,3,1,1,1,110148,1,1,1,0
2,4,1,1,1,1,4,2,3,1,1,3,1,1,3,71760,1,3,2,0
2,5,1,3,1,3,1,2,3,1,1,2,1,1,1,21168,2,2,1,0
1,2,1,1,3,1,2,2,4,1,1,8,1,2,2,7592,2,2,2,0
2,11,1,6,1,15,4,2,1,1,1,5,1,1,1,51403,1,1,1,0
2,4,1,1,1,10,3,2,4,1,1,2,1,1,3,108000,1,3,2,0
2,4,1,1,1,1,2,1,1,1,1,3,2,1,3,94000,1,3,2,0
2,1,1,2,5,1,11,2,2,1,1,2,1,1,1,69452,1,1,1,0
2,4,1,1,1,6,2,2,4,1,1,3,1,2,3,54000,1,3,2,0
1,2,2,3,1,1,2,2,3,1,2,1,1,2,2,6948,2,2,2,0
2,4,1,1,1,1,9,1,3,1,1,8,3,2,3,195000,1,3,2,0
2,11,1,1,1,4,2,1,3,1,1,2,1,1,1,30597,1,1,1,0
2,4,1,1,8,1,7,2,2,2,1,1,7,1,3,60000,1,3,2,0
2,20,1,2,1,1,2,2,2,1,1,7,1,1,1,24000,3,2,2,0
2,4,3,1,1,8,1,3,1,1,1,6,1,1,3,79032,1,3,2,0
2,12,1,1,1,1,1,2,2,1,1,1,1,2,3,44287,1,1,1,0
2,4,1,3,1,5,7,1,3,1,1,6,2,2,3,55000,1,3,2,0
2,10,1,1,1,1,3,2,4,1,1,2,1,1,4,51983,1,1,1,0
2,4,3,3,1,3,6,2,3,1,1,8,1,2,3,59115,1,3,2,0
2,11,1,2,8,4,2,1,2,1,1,5,1,1,1,55075,1,1,1,0
2,9,1,2,1,1,7,3,1,1,1,1,1,2,2,222528,2,2,2,0
2,1,1,1,1,9,7,2,2,1,1,2,1,1,1,30559,1,1,1,0
2,4,1,2,1,1,7,2,2,1,1,3,3,1,3,2000000,1,3,2,0
2,4,1,1,1,1,1,3,3,2,1,1,3,1,3,60000,1,3,2,0
2,5,1,2,3,1,2,2,3,1,1,3,1,1,1,8472,2,2,1,0
2,10,1,3,11,15,7,2,1,1,1,2,1,1,4,199933,1,1,1,0
2,7,1,2,5,1,1,2,3,1,1,3,1,1,1,82000,1,1,1,0
2,20,2,2,1,1,1,2,3,1,1,3,1,1,1,36000,3,2,2,0
2,11,1,2,1,1,4,2,2,1,1,3,1,1,1,183582,1,1,1,0
2,5,1,1,1,1,3,2,4,1,1,3,1,1,1,111747,2,2,1,0
2,13,1,2,3,1,2,2,3,1,1,3,1,1,1,33045,1,1,1,0
1,4,1,1,7,5,7,1,3,2,1,5,2,1,3,145000,1,3,2,0
2,7,1,1,1,1,3,1,2,1,1,2,1,1,1,69024,1,1,1,0
2,4,1,3,9,1,2,2,3,1,1,7,1,1,3,76000,1,3,2,0
2,4,3,1,1,18,2,1,2,1,1,3,1,1,3,12000,1,3,2,0
1,7,1,3,1,15,2,2,2,1,1,1,1,1,1,61194,1,1,1,0
2,4,1,1,5,1,4,2,4,1,3,1,1,1,3,177000,1,3,2,0
2,15,1,1,8,1,1,4,2,1,1,8,3,1,2,63192,1,1,2,1
2,1,1,1,1,1,7,1,1,1,1,2,1,1,1,44449,1,1,1,0
2,2,1,1,1,2,2,3,3,1,1,1,3,1,2,6204,2,2,2,0
2,5,2,1,5,1,1,2,4,1,1,3,1,1,1,24114,2,2,1,0
2,2,1,1,1,2,2,2,2,1,1,3,3,2,2,18780,2,2,2,0
2,2,2,2,1,4,1,3,2,1,1,1,2,1,2,20351,2,2,2,0
2,4,1,1,4,1,2,1,1,1,1,1,1,1,3,53000,1,3,2,0
2,4,1,1,1,1,11,1,2,1,3,3,1,1,3,113000,1,3,2,0
2,4,1,2,3,3,4,2,2,1,1,3,1,1,3,150000,1,3,2,0
2,2,1,1,3,3,7,1,2,1,1,1,3,1,2,13306,2,2,2,0
2,17,1,1,1,1,1,2,3,1,1,8,1,1,1,36720,1,1,3,0
2,7,1,2,8,1,1,2,3,1,1,3,1,1,1,66089,1,1,1,0
2,10,1,1,1,1,4,2,4,1,1,1,1,1,4,95968,1,1,1,0
1,6,1,1,1,4,7,3,3,1,1,5,1,1,1,4248,2,2,2,0
2,13,1,1,3,1,7,2,3,1,1,1,1,2,1,73433,1,1,1,0
2,9,1,4,11,3,7,2,3,1,1,8,1,2,2,20556,2,2,2,0
2,6,1,1,1,6,5,2,2,2,1,1,1,1,1,10620,2,2,2,0
2,4,1,4,8,1,1,2,3,1,1,6,1,1,3,1850000,1,3,2,0
2,2,1,2,1,2,7,1,1,1,1,2,1,2,2,150288,2,2,2,0
2,2,2,1,1,1,3,2,3,1,1,3,1,1,2,13200,2,2,2,0
2,1,1,2,3,4,2,2,3,1,1,1,1,1,1,45838,1,1,1,0
1,2,1,2,1,2,2,2,1,1,1,1,5,1,2,12216,2,2,2,0
2,4,1,2,1,1,5,2,4,2,1,3,3,1,3,73645,1,3,2,0
2,4,1,1,1,1,11,2,2,1,1,5,1,2,3,108000,1,3,2,0
2,1,2,3,1,4,2,1,2,1,1,9,1,1,1,410328,1,1,1,0
2,19,1,2,1,10,8,1,3,1,1,7,1,2,1,91791,1,1,3,0
2,4,1,3,6,1,5,2,3,1,1,8,5,2,3,80000,1,3,2,0
1,17,2,2,1,4,2,2,1,1,1,2,1,1,1,67313,1,1,3,0
1,1,1,1,1,1,7,1,4,1,1,1,1,1,1,48616,1,1,1,0
2,4,1,2,3,1,3,2,4,1,1,1,1,1,3,82000,1,3,2,0
2,4,3,1,3,1,7,2,4,1,1,1,4,1,3,85000,1,3,2,0
2,4,1,1,1,1,3,2,2,1,1,5,1,2,3,55000,1,3,2,0
2,2,1,1,1,3,7,2,3,1,1,7,1,2,2,20351,2,2,2,0
2,17,2,1,1,1,2,2,2,1,1,1,1,1,1,44064,1,1,3,0
2,13,1,2,1,1,3,3,2,1,1,5,1,1,1,587460,1,1,1,0
2,2,2,2,3,1,5,3,2,1,1,3,3,1,2,5640,2,2,2,0
2,11,1,2,1,9,2,2,2,1,1,3,1,1,1,53851,1,1,1,0
1,1,1,2,1,4,2,2,3,1,1,1,1,1,1,41671,1,1,1,0
2,13,1,2,1,3,7,2,2,1,1,1,2,1,1,41124,1,1,1,0
2,4,1,1,5,3,2,2,4,1,1,1,1,1,3,86000,1,3,2,0
2,2,2,1,1,2,2,2,4,1,1,8,6,1,2,93924,2,2,2,0
2,12,1,4,1,1,1,1,2,1,1,4,7,1,3,60391,1,1,1,0
2,12,1,1,1,1,7,1,4,1,1,1,1,1,3,53144,1,1,1,0
2,7,1,9,7,1,11,3,3,1,1,3,1,1,1,79308,1,1,1,0
1,7,1,2,7,4,3,2,1,1,1,3,1,2,1,159104,1,1,1,0
1,5,1,1,1,2,1,1,4,1,1,3,1,1,1,42348,2,2,1,0
2,12,1,1,1,1,2,2,3,1,1,3,1,1,3,44609,1,1,1,0
2,4,1,1,4,16,2,2,3,1,3,8,5,1,3,120000,1,3,2,0
2,11,1,6,12,1,7,3,1,1,1,3,1,1,1,44064,1,1,1,0
2,4,1,1,1,5,1,2,4,1,1,1,1,1,3,200000,1,3,2,0
2,18,1,4,1,1,3,1,3,1,3,6,1,1,1,62556,1,1,3,0
1,4,1,1,8,13,1,2,1,1,1,5,1,1,3,2000000,1,3,2,0
2,6,1,2,1,1,7,3,2,1,1,3,1,1,1,33972,2,2,2,0
2,2,1,1,5,3,5,1,2,1,1,1,1,1,2,15972,2,2,2,0
2,4,1,1,1,1,5,1,3,1,1,1,4,2,3,70000,1,3,2,0
2,1,1,3,1,4,3,2,2,1,1,2,1,2,1,48616,1,1,1,0
1,16,1,1,1,2,7,3,3,1,1,3,1,1,1,44060,1,1,3,0
2,7,1,5,1,6,7,1,4,1,1,3,1,1,1,61680,1,1,1,0
1,2,1,1,1,4,2,2,4,1,1,2,3,1,2,8340,2,2,2,0
2,1,1,1,1,1,4,2,4,1,1,9,1,1,1,62507,1,1,1,0
2,6,1,2,1,1,1,1,2,1,1,3,1,1,1,25476,2,2,2,0
2,14,2,3,1,1,7,2,4,1,1,8,1,1,5,7488,3,2,2,0
1,4,1,1,1,3,2,2,4,1,1,1,1,1,3,63000,1,3,2,0
2,4,3,1,1,1,2,3,3,1,1,2,1,1,3,100000,1,3,2,0
2,4,1,1,1,1,3,2,3,1,1,8,3,2,3,1320000,1,3,2,0
2,8,2,5,8,1,3,2,4,1,1,7,1,1,1,36716,1,1,1,0
1,13,1,1,1,1,3,1,3,1,1,2,1,1,1,48955,1,1,1,0
2,4,1,3,3,1,7,2,4,1,1,5,3,1,3,60000,1,3,2,0
1,4,1,1,4,4,1,1,3,1,3,3,1,1,3,112000,1,3,2,0
2,4,1,6,7,1,1,1,3,1,1,3,1,2,3,142000,1,3,2,0
2,16,1,3,1,14,4,2,3,1,1,1,1,1,1,55075,1,1,3,0
2,7,1,2,7,1,11,2,3,1,1,3,1,2,1,78328,1,1,1,0
2,16,1,3,7,1,1,1,3,1,1,5,1,1,1,70495,1,1,3,0
2,7,1,1,1,7,11,2,4,2,2,5,1,1,1,81174,1,1,1,0
2,3,3,2,1,1,1,2,2,1,1,1,1,1,1,47904,1,1,3,0
2,7,1,2,3,1,1,1,1,1,1,7,3,1,1,79552,1,1,1,0
2,7,1,1,8,1,2,2,2,1,1,1,1,2,1,61194,1,1,1,0
2,11,1,2,1,4,7,3,3,1,4,5,1,1,1,29376,1,1,1,0
2,1,1,1,1,1,1,2,1,1,1,8,1,2,1,62507,1,1,1,0
2,4,1,3,1,1,1,2,4,1,1,3,1,1,3,123097,1,3,2,0
2,12,1,1,1,2,7,2,1,2,1,1,1,2,3,85353,1,1,1,0
2,4,1,1,1,1,2,2,4,1,1,3,2,1,3,160000,1,3,2,0
2,4,1,1,2,3,5,3,2,2,3,5,1,1,3,90000,1,3,2,0
2,11,1,2,1,1,1,2,4,1,1,7,1,1,1,46507,1,1,1,0
1,12,1,2,1,1,7,2,1,1,1,2,4,1,3,56365,1,1,1,0
2,2,1,1,12,1,2,2,3,1,1,7,3,2,2,9393,2,2,2,0
2,4,1,1,1,1,11,3,3,1,1,1,1,1,3,135000,1,3,2,0
1,10,1,1,1,1,4,2,4,1,1,3,1,1,4,103965,1,1,1,0
1,10,1,2,8,1,2,1,4,1,1,6,3,1,4,39987,1,1,1,0
2,12,1,1,7,1,7,2,2,1,1,4,1,1,3,56365,1,1,1,0
2,14,3,3,1,1,5,2,1,1,1,2,1,1,5,7488,3,2,2,0
2,1,1,3,12,1,1,1,3,1,1,1,1,1,1,50839,1,1,1,0
2,10,1,4,8,4,1,3,4,1,1,6,1,2,4,55981,1,1,1,0
2,4,1,1,1,1,1,1,4,1,1,3,7,1,3,62000,1,3,2,0
2,4,1,1,1,1,7,2,3,1,1,3,1,1,3,100000,1,3,2,0
2,2,1,1,3,1,7,2,2,1,1,7,3,2,2,10958,2,2,2,0
2,4,1,1,1,7,7,1,3,1,1,8,5,1,3,89200,1,3,2,0
2,2,1,1,1,1,7,2,3,1,1,1,3,1,2,11741,2,2,2,0
2,4,1,1,4,1,7,4,4,1,1,1,1,1,3,123000,1,3,2,1
2,18,1,1,4,14,2,2,3,1,1,7,1,1,1,77580,1,1,3,0
2,12,1,4,8,1,7,2,4,1,1,8,1,1,3,45092,1,1,1,0
2,14,1,1,8,4,7,2,3,1,1,2,1,1,5,1000000,3,2,2,0
1,2,1,1,8,1,2,2,3,1,1,7,3,1,2,8448,2,2,2,0
2,17,1,1,1,4,1,1,3,1,1,2,1,2,1,46992,1,1,3,0
1,4,1,1,1,1,4,1,4,1,1,1,2,2,3,85000,1,3,2,0
2,7,1,1,1,1,1,2,3,1,1,1,2,1,1,45528,1,1,1,0
2,1,1,1,1,1,3,2,3,1,1,1,1,1,1,49394,1,1,1,0
2,14,1,1,8,1,4,2,3,1,1,7,2,2,5,65508,3,2,2,0
1,2,1,1,1,1,1,1,2,1,1,1,3,2,2,18112,2,2,2,0
2,1,1,1,1,1,4,3,2,1,1,2,1,1,1,66674,1,1,1,0
2,5,2,1,5,1,5,2,2,1,1,3,1,1,1,21876,2,2,1,0
2,3,1,1,1,15,2,3,3,2,1,3,1,1,1,52404,1,1,3,0
2,5,1,1,1,1,2,3,1,1,1,8,1,1,1,55873,2,2,1,0
1,13,1,2,1,7,1,3,1,1,1,3,2,1,1,58752,1,1,1,0
1,4,1,2,1,1,8,1,4,1,1,3,1,2,3,1680000,1,3,2,0
2,2,1,3,6,1,2,2,1,1,1,1,1,1,2,4692,2,2,2,0
2,1,1,1,1,11,3,2,3,1,1,1,1,2,1,94455,1,1,1,0
2,11,1,3,7,4,4,2,4,1,1,1,1,1,1,22030,1,1,1,0
2,4,1,2,8,1,4,3,2,1,1,3,1,1,3,70000,1,3,2,0
2,4,1,1,1,4,1,1,4,1,3,2,1,1,3,90000,1,3,2,0
2,14,1,5,1,1,1,1,4,1,1,1,2,1,5,26196,3,2,2,0
1,2,1,1,5,6,2,1,3,1,1,1,6,1,2,21916,2,2,2,0
2,1,1,1,1,6,7,1,4,1,1,1,1,1,1,45838,1,1,1,0
2,10,1,1,1,1,1,2,3,1,1,2,1,1,4,51983,1,1,1,0
2,7,1,2,1,2,4,2,2,1,1,3,1,2,1,73433,1,1,1,0
2,1,1,1,7,1,2,2,3,1,3,2,1,1,1,41671,1,1,1,0
2,12,1,1,1,17,1,1,2,1,1,6,1,1,3,76495,1,1,1,0
2,4,1,1,2,4,2,1,2,1,2,8,1,2,3,71000,1,3,2,0
2,6,1,2,5,1,1,2,4,1,1,5,1,2,1,38208,2,2,2,0
2,20,1,2,1,1,3,2,3,1,1,1,1,2,1,38400,3,2,2,0
2,4,1,2,8,1,4,3,1,2,3,3,1,1,3,85000,1,3,2,0
2,2,1,1,1,1,1,3,3,1,1,3,3,1,2,10958,2,2,2,0
2,4,1,1,1,4,2,2,4,2,2,2,1,1,3,73000,1,3,2,0
2,2,1,2,1,2,1,2,2,1,1,7,3,1,2,4044,2,2,2,0
2,4,1,1,8,3,3,3,3,1,1,3,1,2,3,81900,1,3,2,0
2,4,1,1,6,2,2,1,4,1,1,1,1,1,3,60000,1,3,2,0
2,11,1,2,1,1,2,1,3,1,1,9,1,1,1,41612,1,1,1,0
2,4,1,1,1,1,2,2,3,1,1,1,1,1,3,100000,1,3,2,0
2,2,2,1,1,4,7,2,3,1,2,1,1,2,2,15972,2,2,2,0
2,16,1,4,8,1,1,2,3,1,1,3,1,2,1,44064,1,1,3,0
2,4,1,1,1,1,1,2,3,1,1,3,1,1,3,102000,1,3,2,0
2,4,1,1,1,1,1,2,3,1,1,1,1,2,3,110000,1,3,2,0
2,4,1,1,1,1,11,1,2,1,1,6,1,2,3,125000,1,3,2,0
2,13,1,2,1,5,1,1,3,1,1,7,1,1,1,64254,1,1,1,0
2,4,1,2,8,4,2,2,2,1,1,1,1,1,3,90000,1,3,2,0
2,4,1,1,1,1,7,3,2,1,1,8,1,2,3,63500,1,3,2,0
2,1,1,3,6,14,1,1,3,1,1,2,1,1,1,71,1,1,1,0
2,2,1,1,3,7,2,3,4,1,1,1,3,2,2,17220,2,2,2,0
2,1,1,1,12,3,7,1,2,1,1,9,1,1,1,97233,1,1,1,0
2,1,1,2,1,17,3,1,1,1,1,2,3,1,1,516720,1,1,1,0
2,4,1,1,1,1,7,1,4,1,1,1,2,1,3,85000,1,3,2,0
2,4,1,1,8,1,1,1,4,1,1,3,1,1,3,145000,1,3,2,0
2,4,1,1,8,3,2,2,3,1,1,8,6,2,3,79500,1,3,2,0
2,13,1,1,1,1,1,2,3,1,3,8,1,1,1,16152,1,1,1,0
2,18,3,1,1,1,3,3,1,1,1,2,5,1,1,75072,1,1,3,0
1,14,1,6,1,1,7,3,2,1,1,1,5,1,5,16848,3,2,2,0
2,12,1,1,6,1,11,3,3,1,1,4,1,1,3,72469,1,1,1,0
2,8,1,5,1,13,3,2,3,1,1,7,1,1,1,264360,1,1,1,0
2,4,2,1,1,1,7,2,2,1,4,2,1,1,3,86000,1,3,2,0
2,4,1,3,4,1,8,2,3,1,1,6,1,2,3,129800,1,3,2,0
2,4,1,2,9,1,7,1,4,1,1,3,1,1,3,110000,1,3,2,0
2,15,1,1,1,1,11,1,3,1,1,1,2,1,2,175536,1,1,2,0
2,4,1,2,1,4,1,3,4,1,1,3,1,1,3,61500,1,3,2,0
2,2,2,1,1,2,2,3,2,2,1,7,3,1,2,3192,2,2,2,0
2,4,1,1,1,1,7,2,2,1,1,5,1,1,3,105000,1,3,2,0
2,14,1,1,1,1,1,1,1,1,1,7,2,2,5,14976,3,2,2,0
1,2,1,1,3,14,7,2,2,1,1,2,3,2,2,32874,2,2,2,0
2,2,1,5,3,3,1,2,1,1,1,8,3,1,2,7514,2,2,2,0
1,4,2,3,1,5,5,2,4,1,1,3,1,1,3,20800,1,3,2,0
2,11,1,2,1,4,7,2,2,1,1,1,1,1,1,41959,1,1,1,0
2,4,1,5,1,4,2,2,3,1,1,2,1,2,3,130000,1,3,2,0
2,7,1,1,1,1,11,2,3,1,1,1,1,1,1,954624,1,1,1,0
1,7,1,2,1,3,2,2,3,1,1,8,1,1,1,56544,1,1,1,0
2,2,2,2,1,2,5,2,1,1,1,2,3,1,2,4692,2,2,2,0
2,1,1,1,1,8,2,2,2,1,1,3,1,1,1,56951,1,1,1,0
1,4,2,2,1,1,1,2,2,1,1,1,3,2,3,127000,1,3,2,0
2,7,1,1,1,1,4,2,3,1,1,5,1,1,1,73428,1,1,1,0
1,8,1,2,1,1,1,3,2,1,1,3,1,1,1,440592,1,1,1,0
1,2,1,2,1,3,2,2,2,2,1,2,3,2,2,0,2,2,2,0
2,4,1,1,3,9,9,1,3,1,1,1,1,2,3,133250,1,3,2,0
2,4,1,7,7,1,4,2,2,1,1,1,1,2,3,130000,1,3,2,0
2,4,1,1,4,1,7,2,2,1,1,5,2,1,3,2000000,1,3,2,0
2,10,1,1,1,4,1,2,3,1,1,8,1,1,4,54382,1,1,1,0
2,4,1,1,1,1,8,2,3,1,1,4,1,1,3,102000,1,3,2,0
1,18,1,2,3,9,2,2,4,1,1,3,1,1,1,94885,1,1,3,0
1,1,1,2,1,7,2,2,4,1,1,1,1,1,1,45838,1,1,1,0
2,4,1,3,1,1,7,1,3,1,2,4,1,1,3,65000,1,3,2,0
2,1,1,1,1,1,7,2,4,1,1,1,1,1,1,41671,1,1,1,0
2,4,1,1,1,1,6,2,3,1,1,3,1,2,3,90000,1,3,2,0
2,1,1,1,1,1,3,1,4,1,1,2,1,1,1,55562,1,1,1,0
2,14,1,2,1,1,4,1,4,1,1,1,1,2,5,1000000,3,2,2,0
2,17,1,1,12,3,2,2,4,1,1,3,1,1,1,35244,1,1,3,0
2,4,1,2,5,14,2,2,3,1,1,3,1,1,3,85000,1,3,2,0
2,4,1,1,1,4,4,2,2,1,1,3,1,1,3,2000000,1,3,2,0
2,12,1,1,1,2,2,2,3,2,1,2,6,1,3,53949,1,1,1,0
2,14,1,1,1,2,2,1,1,1,1,1,2,1,5,23388,3,2,2,0
2,3,1,1,8,1,2,2,1,1,1,1,1,1,1,47904,1,1,3,0
2,7,1,3,1,1,3,3,3,1,1,2,1,1,1,39164,1,1,1,0
2,4,1,3,5,1,7,2,3,1,1,1,1,2,3,93000,1,3,2,0
2,2,1,1,8,2,1,3,3,1,1,2,3,2,2,16437,2,2,2,0
2,19,1,5,1,1,7,2,3,1,2,2,1,1,1,32316,1,1,3,0
2,4,1,1,1,4,3,2,4,1,1,1,2,1,3,98000,1,3,2,0
2,1,1,1,1,1,1,2,3,1,1,1,1,1,1,34726,1,1,1,0
2,4,1,2,1,1,1,2,4,1,1,6,1,1,3,165000,1,3,2,0
2,12,1,1,1,1,2,4,3,1,1,1,6,1,3,82937,1,1,1,1
2,4,1,1,1,1,8,2,3,1,1,3,1,2,3,135000,1,3,2,0
2,12,1,9,11,4,1,2,2,1,1,8,1,2,3,61196,1,1,1,0
2,4,1,7,7,1,3,2,2,1,1,1,1,1,3,140000,1,3,2,0
2,4,1,1,1,1,3,2,1,1,1,1,1,1,3,120000,1,3,2,0
2,7,1,5,1,1,1,2,4,1,2,2,1,1,1,37940,1,1,1,0
1,2,1,1,1,2,2,2,4,1,1,3,3,1,2,16437,2,2,2,0
2,7,1,2,3,7,1,3,3,1,1,2,1,1,1,61194,1,1,1,0
2,4,1,3,1,1,4,3,1,1,1,2,1,2,3,60000,1,3,2,0
2,4,1,1,5,1,2,2,4,1,1,1,1,1,3,125000,1,3,2,0
1,4,1,1,6,4,1,2,3,1,1,5,1,2,3,104300,1,3,2,0
2,19,3,1,1,4,3,2,4,1,1,3,1,1,1,23496,1,1,3,0
1,4,1,2,1,9,9,1,3,1,1,2,3,1,3,94000,1,3,2,0
2,2,2,1,3,1,7,2,1,1,1,1,1,1,2,7827,2,2,2,0
1,4,1,3,1,10,5,1,2,1,1,9,1,1,3,85000,1,3,2,0
2,6,1,2,1,1,7,2,3,2,1,3,1,1,1,38208,2,2,2,0
1,4,1,1,8,3,1,1,4,1,1,2,1,1,3,60000,1,3,2,0
1,2,1,1,1,4,2,2,3,1,1,3,3,1,2,18785,2,2,2,0
2,6,1,3,3,1,3,2,1,1,1,3,1,2,1,9552,2,2,2,0
2,2,1,2,1,1,2,1,1,1,1,8,2,1,2,3756,2,2,2,0
2,4,1,1,1,13,1,1,2,1,1,6,5,1,3,60000,1,3,2,0
2,4,1,1,1,1,7,1,3,1,1,1,1,1,3,85000,1,3,2,0
2,1,1,2,7,8,2,2,2,1,1,1,1,1,1,41671,1,1,1,0
2,2,1,1,1,1,7,1,1,1,1,2,1,1,2,375708,2,2,2,0
2,4,1,1,1,9,11,2,1,1,1,6,1,1,3,95000,1,3,2,0
2,1,1,1,1,1,7,2,2,1,1,1,1,1,1,62507,1,1,1,0
2,15,1,1,8,1,7,3,3,1,1,1,4,1,2,72000,1,1,2,0
2,4,1,1,8,1,3,2,4,1,1,3,2,1,3,220000,1,3,2,0
2,1,1,7,7,1,2,2,1,1,1,3,1,2,1,34726,1,1,1,0
2,4,1,2,5,1,2,2,2,1,1,1,1,1,3,72000,1,3,2,0
2,11,1,1,1,4,7,3,1,1,1,3,1,2,1,39164,1,1,1,0
2,4,1,3,8,1,1,1,3,1,1,1,1,1,3,110000,1,3,2,0
1,7,3,5,1,14,7,3,3,1,1,2,1,1,1,35244,1,1,1,0
2,2,1,1,1,1,2,1,3,1,1,2,3,2,2,5088,2,2,2,0
2,4,2,1,1,1,1,3,1,1,1,1,1,1,3,135000,1,3,2,0
2,12,1,4,1,1,3,2,3,2,1,4,1,1,3,56365,1,1,1,0
2,1,1,1,12,4,1,2,1,2,3,1,1,1,1,44449,1,1,1,0
2,12,1,1,1,1,2,1,1,1,1,2,1,1,3,57975,1,1,1,0
2,4,1,1,4,4,1,2,4,1,1,1,1,1,3,90000,1,3,2,0
2,4,1,3,11,1,2,1,3,1,1,8,1,2,3,70000,1,3,2,0
2,7,1,3,1,1,1,2,2,1,1,4,1,1,1,88119,1,1,1,0
1,4,1,1,1,1,4,2,1,2,1,1,1,1,3,300000,1,3,2,0
2,7,1,2,1,1,7,2,4,1,1,5,1,1,1,79307,1,1,1,0
2,2,1,1,1,17,7,2,3,1,1,5,1,1,2,16437,2,2,2,0
2,4,2,5,1,18,5,1,1,1,1,2,2,1,3,76000,1,3,2,0
2,2,2,1,8,1,2,2,3,1,1,2,1,1,2,0,2,2,2,0
2,2,1,1,1,4,2,3,2,1,1,7,1,1,2,12524,2,2,2,0
2,4,1,1,12,3,7,1,3,1,1,3,1,2,3,73500,1,3,2,0
2,8,1,2,8,1,1,1,1,1,1,3,1,1,1,32433,1,1,1,0
2,2,2,1,1,2,1,3,2,1,1,1,1,2,2,9396,2,2,2,0
2,10,1,1,1,1,7,2,1,1,1,7,1,1,4,998064,1,1,1,0
2,4,1,1,1,1,3,1,3,1,1,5,1,2,3,2000000,1,3,2,0
2,12,1,1,1,4,1,2,2,1,1,7,1,1,3,68443,1,1,1,0
2,1,1,1,1,1,7,2,1,2,2,2,1,1,1,40282,1,1,1,0
2,12,1,1,1,1,3,2,4,1,1,1,6,2,3,120782,1,1,1,0
1,13,1,5,1,1,1,3,3,1,1,2,2,1,1,36716,1,1,1,0
2,1,1,1,1,1,3,1,4,1,1,2,1,1,1,60007,1,1,1,0
2,16,1,2,1,1,3,2,2,1,1,1,1,1,1,57522,1,1,3,0
2,4,1,1,5,14,2,2,2,1,1,3,1,1,3,80000,1,3,2,0
2,4,1,1,2,4,5,2,2,2,4,3,5,1,3,60000,1,3,2,0
1,4,1,2,1,4,3,1,4,1,1,4,1,1,3,130000,1,3,2,0
2,12,1,5,5,1,4,2,3,1,1,2,1,1,3,52339,1,1,1,0
2,1,1,2,1,1,3,2,3,2,1,1,1,1,1,83342,1,1,1,0
2,4,3,1,2,3,7,2,4,1,1,1,1,1,3,35000,1,3,2,0
2,4,1,1,1,4,7,2,1,1,1,6,2,2,3,86000,1,3,2,0
1,4,1,1,12,3,7,2,3,1,1,2,1,2,3,90000,1,3,2,0
2,19,3,2,1,1,3,3,2,1,1,3,1,2,1,1000000,1,1,3,0
2,4,1,1,1,2,7,2,3,1,3,4,1,1,3,112345,1,3,2,0
2,14,2,1,8,1,1,1,4,1,1,1,1,1,5,37428,3,2,2,0
2,10,1,1,1,1,1,1,4,1,1,1,1,1,4,95968,1,1,1,0
2,9,1,1,1,4,4,2,4,1,1,7,4,2,2,72000,2,2,2,0
2,4,1,2,1,1,7,2,4,1,1,3,5,1,3,105000,1,3,2,0
2,4,1,1,1,1,1,2,2,1,1,1,1,1,3,75000,1,3,2,0
2,5,1,3,1,1,7,1,3,1,2,2,1,1,1,45876,2,2,1,0
2,4,2,2,1,1,7,1,4,1,1,1,6,1,3,82000,1,3,2,0
2,16,1,3,1,1,7,2,4,1,3,3,1,1,1,41612,1,1,3,0
2,2,1,1,1,1,2,2,3,1,1,2,3,1,2,25047,2,2,2,0
2,4,1,2,5,1,7,2,2,1,3,4,1,1,3,110000,1,3,2,0
1,12,1,1,1,3,1,2,3,2,1,1,7,1,3,51534,1,1,1,0
2,7,1,2,1,9,7,2,1,1,1,3,1,1,1,64866,1,1,1,0
2,3,3,1,1,1,2,2,1,1,1,3,1,1,1,53892,1,1,3,0
2,4,1,1,8,1,7,2,3,1,1,8,1,2,3,75000,1,3,2,0
2,4,1,2,1,1,2,1,2,1,1,2,1,1,3,16500,1,3,2,0
2,4,3,1,1,1,7,1,2,1,1,3,1,1,3,67000,1,3,2,0
2,18,1,1,1,1,3,3,2,1,1,3,1,1,1,109483,1,1,3,0
2,12,1,4,12,1,4,2,3,1,1,1,1,1,3,64417,1,1,1,0
1,5,1,2,8,14,7,3,2,1,1,2,1,1,1,31764,2,2,1,0
2,7,1,3,7,1,5,2,4,1,1,1,1,1,1,13956,1,1,1,0
2,1,1,3,1,1,4,2,3,1,1,1,1,1,1,50005,1,1,1,0
1,6,1,1,3,4,1,3,3,1,1,8,1,1,1,15864,2,2,2,0
2,20,1,3,8,1,4,2,4,1,1,1,1,1,1,28800,3,2,2,0
2,4,1,1,3,1,3,2,3,1,1,1,1,1,3,118500,1,3,2,0
2,6,2,3,1,1,1,2,3,1,1,1,1,1,1,36084,2,2,2,0
2,4,1,1,1,13,7,2,4,1,1,3,1,1,3,120000,1,3,2,0
1,18,1,1,6,8,7,1,4,1,1,3,1,2,1,91236,1,1,3,0
2,19,3,3,1,2,7,1,4,1,1,7,1,2,1,22032,1,1,3,0
1,12,1,1,1,4,7,3,3,1,1,1,1,1,3,52339,1,1,1,0
2,4,1,1,1,1,2,3,1,1,1,2,1,1,3,72000,1,3,2,0
2,2,1,1,1,4,7,1,2,1,1,1,1,2,2,13152,2,2,2,0
2,3,1,2,7,9,11,2,3,1,1,5,1,1,1,52404,1,1,3,0
2,4,1,3,1,1,1,2,4,1,1,2,1,1,3,100000,1,3,2,0
2,5,3,1,1,1,1,2,2,1,2,5,1,1,1,42348,2,2,1,0
2,14,3,1,1,8,7,2,3,1,1,1,2,1,5,26196,3,2,2,0
1,4,1,1,1,1,11,2,3,1,1,3,1,1,3,135000,1,3,2,0
2,6,1,2,8,2,2,2,3,1,1,3,1,1,1,29280,2,2,2,0
2,2,1,1,1,1,1,2,3,1,1,2,3,2,2,16908,2,2,2,0
2,6,1,2,8,7,3,2,2,1,1,5,1,1,1,12096,2,2,2,0
2,2,1,1,3,4,1,1,3,1,1,3,3,1,2,18081,2,2,2,0
2,4,1,2,1,1,7,1,4,1,1,1,1,1,3,100000,1,3,2,0
2,4,1,2,7,4,7,2,3,1,1,1,1,2,3,90000,1,3,2,0
2,3,1,1,12,1,2,1,4,1,1,9,1,2,1,54648,1,1,3,0
2,4,1,2,1,4,4,2,4,1,1,1,1,2,3,66200,1,3,2,0
2,10,2,2,1,1,4,2,3,1,1,1,5,1,4,127957,1,1,1,0
2,7,1,1,1,1,2,2,4,1,1,7,1,1,1,29376,1,1,1,0
2,7,1,5,1,4,4,1,4,1,1,2,1,1,1,563964,1,1,1,0
2,7,2,5,1,1,1,2,3,1,1,1,1,1,1,58752,1,1,1,0
2,13,1,2,3,3,1,2,1,1,1,3,1,1,1,57522,1,1,1,0
2,4,1,1,1,1,11,3,3,1,1,1,2,2,3,89900,1,3,2,0
1,11,1,5,1,1,3,2,3,1,1,4,1,2,1,55075,1,1,1,0
2,1,1,3,1,1,6,1,3,1,1,2,1,1,1,27225,1,1,1,0
2,4,1,1,3,17,1,2,3,1,1,3,2,1,3,138000,1,3,2,0
2,11,1,7,1,8,3,2,2,1,1,3,1,1,1,61194,1,1,1,0
2,4,1,2,3,8,2,2,1,1,1,3,1,1,3,195000,1,3,2,0
2,13,1,1,1,1,1,1,3,1,1,1,2,1,1,34269,1,1,1,0
1,3,1,1,3,9,7,1,4,1,1,8,1,1,1,56892,1,1,3,0
1,7,1,1,1,15,1,1,1,1,1,4,1,1,1,55075,1,1,1,0
2,10,1,3,3,1,2,2,4,1,1,1,1,1,4,67977,1,1,1,0
2,10,1,1,7,14,7,2,2,2,2,1,1,1,4,63979,1,1,1,0
2,4,1,3,1,1,7,2,3,1,1,3,1,1,3,72000,1,3,2,0
2,1,1,1,1,1,7,2,3,1,1,2,1,1,1,79731,1,1,1,0
2,12,1,1,1,1,2,1,2,1,1,2,1,2,3,100652,1,1,1,0
2,16,1,3,6,3,2,2,4,1,1,3,1,1,1,41124,1,1,3,0
1,11,2,2,1,1,7,2,2,1,1,1,6,2,1,26436,1,1,1,0
1,4,3,4,1,14,2,1,4,1,1,8,7,1,3,2000000,1,3,2,0
2,2,1,2,1,1,3,2,3,1,1,8,3,2,2,36005,2,2,2,0
2,2,1,1,3,1,2,3,2,1,1,1,3,2,2,11088,2,2,2,0
2,4,1,2,2,14,2,2,4,1,1,4,5,1,3,85000,1,3,2,0
1,10,1,1,1,9,7,2,4,1,2,2,1,1,4,66378,1,1,1,0
2,4,1,1,4,1,2,1,4,1,1,3,1,2,3,120000,1,3,2,0
2,4,1,3,1,1,1,2,2,1,1,4,1,1,3,115000,1,3,2,0
2,2,1,2,1,1,5,2,1,1,4,9,3,1,2,3192,2,2,2,0
1,16,1,1,1,2,7,2,3,1,1,8,1,1,1,36060,1,1,3,0
2,4,1,2,3,10,3,2,1,1,1,1,1,1,3,110000,1,3,2,0
2,4,1,1,7,1,1,1,2,1,1,1,1,2,3,117500,1,3,2,0
2,4,1,2,1,1,2,2,2,1,1,5,1,1,3,108000,1,3,2,0
1,14,1,1,1,2,7,2,4,1,1,1,6,1,5,28384,3,2,2,0
1,4,1,1,8,3,7,2,3,2,2,8,1,1,3,45000,1,3,2,0
2,4,1,3,4,4,2,1,3,1,1,3,1,2,3,93000,1,3,2,0
1,12,3,4,1,1,7,2,3,1,1,2,1,1,3,62001,1,1,1,0
2,2,1,1,1,4,2,2,3,1,1,7,1,2,2,7512,2,2,2,0
2,8,1,1,1,1,3,2,2,1,1,2,1,1,1,293736,1,1,1,0
2,10,1,1,1,6,4,1,1,1,1,2,1,1,4,79174,1,1,1,0
1,4,1,1,2,1,11,3,3,1,1,1,2,2,3,57000,1,3,2,0
1,7,1,2,5,7,7,2,2,2,1,4,1,1,1,78328,1,1,1,0
1,11,1,2,1,9,7,2,2,1,1,8,1,1,1,34512,1,1,1,0
2,4,1,1,1,1,2,2,2,1,1,3,1,2,3,63890,1,3,2,0
2,4,1,3,1,1,3,2,2,1,1,1,1,1,3,128000,1,3,2,0
2,1,1,1,1,1,8,1,2,1,1,1,1,1,1,86120,1,1,1,0
2,2,1,2,1,2,7,2,2,1,1,3,3,1,2,18780,2,2,2,0
2,4,1,1,1,2,7,1,2,1,1,5,1,1,3,155000,1,3,2,0
2,2,1,1,1,4,7,2,1,1,1,3,3,1,2,6576,2,2,2,0
2,4,1,1,1,1,8,2,3,1,1,2,1,2,3,164000,1,3,2,0
2,4,1,2,1,1,3,1,4,1,1,7,6,2,3,135000,1,3,2,0
2,13,1,5,1,3,2,2,2,1,1,5,1,1,1,22030,1,1,1,0
2,5,3,1,1,1,1,2,2,1,1,1,1,1,1,13020,2,2,1,0
2,4,1,1,1,1,7,1,2,1,1,1,2,1,3,120000,1,3,2,0
2,4,1,3,1,5,3,2,2,1,2,1,1,2,3,105000,1,3,2,0
2,7,1,1,1,1,7,2,3,1,1,8,5,2,1,42836,1,1,1,0
2,13,1,2,1,2,7,1,2,1,1,2,3,1,1,42836,1,1,1,0
2,4,1,4,1,1,4,2,3,1,1,8,1,2,3,120000,1,3,2,0
2,7,1,1,1,1,1,3,3,1,1,1,1,2,1,48955,1,1,1,0
2,5,1,2,1,1,1,2,3,1,1,3,1,2,1,79399,2,2,1,0
2,2,1,1,1,3,5,2,3,1,1,8,3,1,2,3757,2,2,2,0
2,4,1,4,11,1,1,2,4,1,1,1,1,1,3,300000,1,3,2,0
2,7,1,4,1,1,11,1,3,1,1,2,1,2,1,64620,1,1,1,0
2,6,1,1,1,1,1,1,4,1,1,5,1,1,1,11676,2,2,2,0
2,2,1,1,1,1,5,2,2,1,2,4,1,1,2,6888,2,2,2,0
1,18,1,2,1,14,1,2,2,1,1,8,1,1,1,66084,1,1,3,0
1,12,2,3,1,1,1,1,2,1,1,3,1,1,3,28988,1,1,1,0
1,14,1,1,1,2,7,1,2,2,4,4,2,1,5,10476,3,2,2,0
2,17,1,2,3,14,4,1,4,1,1,7,1,2,1,90567,1,1,3,0
2,4,1,3,1,3,3,2,3,1,1,1,1,1,3,190000,1,3,2,0
2,4,1,1,1,4,7,3,3,1,1,6,1,1,3,70000,1,3,2,0
2,4,1,1,1,3,3,1,4,2,1,3,3,1,3,120000,1,3,2,0
2,10,1,1,1,4,8,1,4,2,1,8,1,2,4,113842,1,1,1,0
2,4,1,1,1,1,1,2,4,1,1,1,1,2,3,94800,1,3,2,0
2,1,1,7,7,1,7,1,4,1,1,1,1,2,1,50700,1,1,1,0
2,4,1,1,1,9,1,1,3,1,1,2,1,1,3,110000,1,3,2,0
2,6,1,2,1,1,11,2,2,1,1,3,1,2,1,67932,2,2,2,0
2,7,1,7,1,1,11,2,1,1,1,2,1,2,1,73428,1,1,1,0
2,2,1,1,1,1,2,2,1,1,1,8,3,2,2,7512,2,2,2,0
2,1,1,1,1,1,4,2,2,1,1,1,1,1,1,55562,1,1,1,0
1,12,1,1,1,4,8,2,3,1,1,2,6,1,3,45897,1,1,1,0
2,2,1,2,5,1,2,3,2,1,1,1,1,1,2,13040,2,2,2,0
2,12,1,4,8,1,2,1,3,1,1,2,1,2,3,62001,1,1,1,0
1,10,1,1,1,2,1,2,4,1,1,1,1,2,4,79973,1,1,1,0
2,13,1,3,6,1,5,2,2,1,1,8,2,1,1,14688,1,1,1,0
2,4,1,1,1,1,4,2,4,1,1,1,1,1,3,126000,1,3,2,0
2,4,1,7,5,14,7,1,4,1,1,1,1,1,3,2000000,1,3,2,0
1,7,2,1,1,7,1,2,3,1,1,3,1,1,1,73428,1,1,1,0
2,4,1,1,8,1,7,2,3,1,1,3,1,2,3,145000,1,3,2,0
1,4,1,3,8,4,2,2,2,1,1,1,1,1,3,54000,1,3,2,0
2,4,2,1,7,8,2,1,1,2,3,2,4,1,3,34000,1,3,2,0
2,4,1,3,1,1,1,1,4,1,1,8,5,1,3,77000,1,3,2,0
2,4,1,1,7,1,11,3,4,1,1,3,1,1,3,200000,1,3,2,0
2,5,1,3,5,3,7,1,2,1,1,2,1,1,1,10584,2,2,1,0
1,6,1,2,1,3,7,2,2,1,1,8,1,1,1,14856,2,2,2,0
2,7,3,1,1,17,7,2,3,1,1,7,1,1,1,17628,1,1,1,0
2,4,1,3,1,2,2,2,2,1,1,6,3,1,3,120000,1,3,2,0
2,19,3,3,7,1,1,2,3,1,1,8,1,1,1,41612,1,1,3,0
2,4,1,1,2,11,5,2,2,1,1,3,2,1,3,100000,1,3,2,0
2,4,1,1,8,4,1,1,3,1,1,1,2,1,3,150000,1,3,2,0
2,4,1,1,4,8,7,1,2,1,1,1,1,2,3,125000,1,3,2,0
1,6,1,2,1,1,3,2,3,1,1,3,1,1,1,19104,2,2,2,0
2,2,1,2,8,1,1,2,3,1,1,1,1,2,2,0,2,2,2,0
2,13,1,1,1,1,4,2,4,1,1,8,1,1,1,40388,1,1,1,0
2,13,1,6,12,1,3,2,3,1,1,2,1,1,1,18360,1,1,1,0
2,12,1,1,1,9,3,2,4,1,1,1,1,1,3,60391,1,1,1,0
2,1,1,1,3,1,1,3,3,1,1,1,1,1,1,97233,1,1,1,0
2,11,1,1,1,10,1,3,3,1,1,9,1,1,1,67313,1,1,1,0
2,4,1,1,9,3,7,1,4,1,1,4,1,1,3,100000,1,3,2,0
2,4,1,2,7,14,2,2,1,1,1,3,1,1,3,70000,1,3,2,0
2,7,1,5,1,1,1,2,4,1,1,2,1,1,1,54463,1,1,1,0
2,19,1,2,8,1,3,1,2,1,2,2,1,1,1,61194,1,1,3,0
2,1,1,2,1,1,7,2,4,1,2,8,1,1,1,69452,1,1,1,0
2,1,1,3,8,15,4,3,4,1,1,4,4,1,1,111123,1,1,1,0
2,4,1,7,9,2,5,1,1,1,1,1,1,1,3,70000,1,3,2,0
2,4,1,2,1,1,1,2,3,2,4,3,1,1,3,80000,1,3,2,0
2,11,1,1,1,1,3,2,3,1,2,2,2,1,1,67313,1,1,1,0
2,4,1,2,7,7,2,1,2,2,1,1,1,2,3,82500,1,3,2,0
1,4,1,1,1,1,4,1,3,2,2,1,1,1,3,100000,1,3,2,0
2,19,1,1,1,1,1,1,3,1,1,3,1,1,1,61194,1,1,3,0
2,8,2,1,4,1,3,1,2,1,1,2,1,2,1,587460,1,1,1,0
2,6,1,3,8,1,7,1,4,1,1,6,1,2,1,25476,2,2,2,0
2,4,1,5,12,1,4,2,2,1,1,2,1,1,3,180000,1,3,2,0
2,4,1,1,1,9,1,2,3,1,1,3,1,1,3,113000,1,3,2,0
2,4,1,1,1,1,7,2,4,1,1,1,1,2,3,65000,1,3,2,0
2,4,1,5,1,1,7,2,1,1,4,1,1,1,3,50000,1,3,2,0
2,4,1,1,3,15,1,2,4,1,1,6,1,1,3,115000,1,3,2,0
2,16,1,2,7,1,1,3,2,1,1,1,1,2,1,851820,1,1,3,0
2,4,1,4,1,2,4,1,3,1,1,1,1,2,3,143000,1,3,2,0
2,2,1,2,1,8,1,2,2,1,1,3,3,1,2,23482,2,2,2,0
2,4,1,1,1,3,4,3,3,1,1,3,1,1,3,105000,1,3,2,0
2,12,1,1,8,1,1,1,1,1,1,8,1,1,3,60391,1,1,1,0
1,1,1,1,1,4,1,2,4,1,1,9,1,1,1,50005,1,1,1,0
2,6,1,1,8,1,5,1,2,1,1,1,1,2,1,21228,2,2,2,0
2,7,1,2,3,1,11,1,2,1,1,7,1,1,1,59484,1,1,1,0
2,4,2,2,5,8,1,2,4,1,1,4,1,1,3,75000,1,3,2,0
2,4,1,1,1,5,1,1,3,1,1,6,1,2,3,121000,1,3,2,0
2,10,1,1,1,1,1,2,2,1,1,2,1,1,4,49424,1,1,1,0
1,4,1,1,1,1,3,2,3,1,1,3,1,1,3,130000,1,3,2,0
2,11,1,1,1,1,1,1,4,1,1,1,1,2,1,50179,1,1,1,0
2,13,3,4,1,4,3,2,3,1,1,2,1,1,1,21912,1,1,1,0
2,4,1,3,9,4,2,2,3,1,1,1,1,1,3,80000,1,3,2,0
2,15,2,2,1,14,4,1,2,2,1,5,1,2,2,28572,1,1,2,0
2,4,1,3,1,8,1,2,1,1,1,4,1,1,3,180000,1,3,2,0
2,7,1,5,1,1,3,2,3,1,1,8,1,1,1,73433,1,1,1,0
1,4,1,1,2,1,2,3,3,1,1,4,1,1,3,78750,1,3,2,0
2,17,1,2,4,1,1,2,2,1,1,8,1,2,1,55075,1,1,3,0
2,4,1,1,8,4,7,2,4,1,1,1,1,2,3,95000,1,3,2,0
2,4,1,1,4,1,2,1,3,1,1,1,1,1,3,1096656,1,3,2,0
2,2,1,1,1,6,2,1,1,1,1,1,1,1,2,11268,2,2,2,0
2,3,1,2,3,1,11,1,3,1,1,3,3,2,1,68868,1,1,3,0
2,6,1,2,3,8,7,1,1,1,1,1,1,1,1,26532,2,2,2,0
2,4,3,2,5,14,2,2,3,1,1,1,1,1,3,75000,1,3,2,0
2,16,1,3,1,1,1,1,2,1,2,3,1,1,1,44064,1,1,3,0
1,16,1,1,1,1,7,2,2,1,1,1,1,1,1,44064,1,1,3,0
2,4,1,5,3,1,8,3,2,1,1,6,1,1,3,150000,1,3,2,0
2,20,2,2,1,1,3,2,3,1,1,1,1,1,1,36000,3,2,2,0
2,1,1,1,1,1,7,1,4,1,1,1,1,2,1,50743,1,1,1,0
2,4,1,1,1,11,7,2,2,1,1,3,1,2,3,84000,1,3,2,0
2,5,1,2,6,1,5,2,2,1,1,6,1,1,1,28236,2,2,1,0
2,13,1,3,1,1,7,1,3,1,1,2,2,1,1,26925,1,1,1,0
2,2,1,1,3,1,1,2,3,1,1,7,3,1,2,28178,2,2,2,0
2,4,1,1,1,4,2,2,4,1,1,6,1,1,3,58000,1,3,2,0
2,6,1,2,1,1,3,3,3,1,1,3,1,2,1,27600,2,2,2,0
2,3,1,1,8,1,2,2,4,1,1,4,1,1,1,50904,1,1,3,0
2,4,1,1,1,2,7,1,4,1,1,1,1,1,3,1440000,1,3,2,0
1,11,1,2,1,10,7,2,2,1,1,8,1,1,1,22032,1,1,1,0
1,2,3,1,1,1,3,3,3,1,1,1,3,1,2,5820,2,2,2,0
2,3,1,3,11,1,8,3,3,1,1,4,1,1,1,62880,1,1,3,0
2,1,1,3,8,4,2,1,1,1,1,3,1,1,1,650076,1,1,1,0
1,4,2,2,1,3,3,2,2,1,1,1,5,2,3,175000,1,3,2,0
2,12,1,4,1,1,1,2,2,1,1,7,1,1,3,36235,1,1,1,0
2,2,1,2,1,1,7,1,3,1,1,5,6,2,2,11271,2,2,2,0
2,3,1,3,1,1,8,1,3,1,1,8,1,1,1,52704,1,1,3,0
2,7,1,1,1,4,7,2,2,1,1,8,1,1,1,61194,1,1,1,0
2,1,1,2,3,4,5,2,3,1,1,2,1,2,1,52089,1,1,1,0
2,1,2,1,1,1,3,2,4,1,1,8,1,1,1,34587,1,1,1,0
1,4,1,2,1,1,3,1,3,1,1,1,5,2,3,100000,1,3,2,0
2,7,3,5,1,1,7,3,3,1,1,2,3,1,1,9396,1,1,1,0
1,4,1,1,1,1,7,1,4,2,1,3,1,1,3,2000000,1,3,2,0
2,16,1,2,1,1,2,1,2,1,1,3,1,1,1,44064,1,1,3,0
2,2,2,1,1,3,5,1,3,1,3,9,3,1,2,4692,2,2,2,0
2,4,1,2,1,15,1,2,4,1,1,1,3,1,3,160000,1,3,2,0
2,7,1,1,1,1,3,1,2,1,1,3,1,1,1,66089,1,1,1,0
2,7,1,5,12,1,1,3,3,1,1,1,3,1,1,1000000,1,1,1,0
2,4,1,2,1,1,4,2,4,2,1,1,1,1,3,95000,1,3,2,0
2,7,2,1,1,1,7,1,3,1,2,2,1,1,1,16152,1,1,1,0
2,5,3,3,1,4,2,2,4,1,1,1,1,2,1,17640,2,2,1,0
2,4,2,2,1,1,7,1,4,1,1,1,3,2,3,123000,1,3,2,0
2,7,1,1,1,1,1,2,2,1,1,3,1,1,1,46507,1,1,1,0
2,7,1,2,1,1,1,3,3,1,1,8,3,2,1,66089,1,1,1,0
1,2,1,1,3,1,1,2,2,1,1,1,3,2,2,23482,2,2,2,0
2,5,1,2,3,2,1,1,2,1,1,2,4,2,1,44112,2,2,1,0
1,8,2,2,1,1,7,2,3,1,1,3,1,1,1,35244,1,1,1,0
1,2,1,1,1,1,2,2,1,1,1,2,1,2,2,6768,2,2,2,0
1,15,3,1,3,9,1,1,3,1,1,4,1,2,2,91284,1,1,2,0
2,2,1,1,1,1,7,2,3,1,1,3,3,2,2,11741,2,2,2,0
1,2,1,1,8,1,7,1,3,1,1,2,3,1,2,78900,2,2,2,0
2,4,1,2,1,9,3,1,4,2,1,1,1,1,3,68000,1,3,2,0
2,4,1,1,1,9,1,2,2,1,1,1,1,1,3,115000,1,3,2,0
2,7,3,5,1,1,7,1,2,1,1,3,1,1,1,14100,1,1,1,0
2,6,1,1,8,3,1,2,3,1,1,5,1,2,1,21228,2,2,2,0
1,15,1,1,1,1,7,2,3,1,1,6,4,1,2,101808,1,1,2,0
2,7,1,3,1,1,1,3,3,1,1,8,1,1,1,51403,1,1,1,0
1,4,1,3,1,1,11,2,4,1,1,8,1,1,3,125000,1,3,2,0
2,4,1,1,2,1,3,2,4,1,1,1,3,1,3,85000,1,3,2,0
2,8,1,5,1,1,1,1,3,1,1,2,1,2,1,45895,1,1,1,0
2,6,1,2,7,1,7,2,2,1,1,8,1,1,1,23352,2,2,2,0
2,4,1,3,8,6,7,2,3,1,1,8,7,2,3,85000,1,3,2,0
1,4,1,1,8,4,3,1,4,2,1,1,1,2,3,86000,1,3,2,0
2,11,1,2,1,1,3,2,2,1,1,1,1,1,1,63642,1,1,1,0
1,4,1,1,2,1,7,1,3,1,3,6,1,1,3,55000,1,3,2,0
2,1,1,2,7,1,1,1,3,1,3,3,1,1,1,62507,1,1,1,0
2,1,1,1,1,3,2,3,1,1,1,6,1,1,1,37504,1,1,1,0
2,7,1,3,1,1,11,3,3,1,2,2,1,1,1,61194,1,1,1,0
2,4,1,1,1,1,4,1,3,1,1,6,1,2,3,110000,1,3,2,0
2,1,1,2,1,3,4,2,4,1,1,2,1,1,1,104178,1,1,1,0
2,2,1,1,1,2,2,2,3,1,1,1,3,2,2,6576,2,2,2,0
2,4,1,1,1,1,7,2,4,1,1,4,1,1,3,75500,1,3,2,0
2,18,1,7,1,4,2,3,3,1,1,2,1,1,1,67775,1,1,3,0
2,1,1,2,1,1,4,2,2,1,1,4,1,1,1,97233,1,1,1,0
2,4,1,2,3,8,7,2,3,1,1,6,1,2,3,76000,1,3,2,0
2,12,1,1,3,1,2,2,2,1,1,1,1,2,3,60391,1,1,1,0
2,1,1,5,3,5,2,2,2,1,1,2,1,2,1,71976,1,1,1,0
2,6,1,2,1,9,1,2,3,1,1,1,1,1,1,18048,2,2,2,0
2,7,1,1,1,2,3,2,3,1,1,3,4,1,1,70985,1,1,1,0
2,4,1,1,1,1,1,3,4,1,1,1,4,1,3,135000,1,3,2,0
2,4,1,1,6,14,5,2,1,1,1,1,1,1,3,59000,1,3,2,0
1,3,3,3,1,13,2,3,3,1,1,2,1,1,1,56148,1,1,3,0
2,1,1,1,1,13,8,3,3,1,4,3,1,1,1,41671,1,1,1,0
2,4,1,7,7,11,4,2,3,1,1,4,1,1,3,120000,1,3,2,0
2,1,1,1,1,1,4,2,3,1,1,1,1,2,1,83342,1,1,1,0
2,3,1,2,1,1,1,1,4,1,1,3,1,1,1,97308,1,1,3,0
2,1,1,3,11,1,1,2,4,2,1,2,1,1,1,48616,1,1,1,0
2,4,1,1,1,4,1,3,3,1,1,3,4,2,3,85000,1,3,2,0
2,4,1,1,1,1,1,1,3,1,1,1,1,1,3,104000,1,3,2,0
1,4,1,2,1,1,1,2,3,1,1,1,1,1,3,103000,1,3,2,0
2,4,1,2,1,1,7,1,1,1,1,3,3,1,3,87000,1,3,2,0
1,11,1,2,1,1,7,2,2,1,1,3,1,1,1,61194,1,1,1,0
2,4,1,1,1,1,4,2,3,1,1,5,1,1,3,115000,1,3,2,0
1,4,2,2,1,5,4,1,2,1,1,3,1,1,3,150000,1,3,2,0
1,2,1,1,3,3,1,1,2,1,1,4,3,2,2,26612,2,2,2,0
2,15,1,1,1,1,3,1,2,1,1,3,1,2,2,105324,1,1,2,0
2,20,1,2,1,6,3,2,1,1,1,3,1,1,1,48000,3,2,2,0
2,4,1,1,1,1,7,2,4,1,1,3,1,1,3,65000,1,3,2,0
2,19,1,2,1,1,1,2,3,1,3,3,1,1,1,59673,1,1,3,0
2,4,3,4,1,1,4,1,3,1,3,3,1,1,3,57096,1,3,2,0
2,10,1,1,1,3,7,2,4,1,1,8,1,1,4,83972,1,1,1,0
2,5,1,5,1,1,4,2,3,1,1,1,1,1,1,38820,2,2,1,0
2,4,1,3,1,15,3,2,1,1,1,3,1,1,3,160000,1,3,2,0
2,12,1,1,1,1,7,1,1,1,1,6,1,1,3,52339,1,1,1,0
2,1,3,4,1,6,7,3,3,1,1,8,1,1,1,48616,1,1,1,0
2,4,1,3,1,1,3,2,3,1,1,2,1,1,3,68040,1,3,2,0
2,7,1,3,1,1,2,2,2,1,1,2,1,1,1,57276,1,1,1,0
1,4,2,1,1,1,2,3,3,1,1,4,1,1,3,70000,1,3,2,0
2,6,1,6,3,1,8,1,2,1,1,5,1,1,1,57324,2,2,2,0
2,2,1,2,3,1,2,2,1,1,1,1,1,2,2,317352,2,2,2,0
2,12,1,4,12,4,7,1,2,1,1,1,4,1,3,72469,1,1,1,0
2,4,1,2,1,1,4,2,4,1,1,1,3,1,3,250000,1,3,2,0
2,12,1,1,1,1,7,2,4,1,1,1,1,1,3,48313,1,1,1,0
2,14,2,3,1,18,5,2,1,1,1,2,1,1,5,4260,3,2,2,0
2,7,1,3,7,1,2,2,2,2,1,2,1,1,1,67313,1,1,1,0
2,14,3,1,8,1,5,3,3,1,1,2,1,1,5,3252,3,2,2,0
1,14,1,3,7,3,5,3,3,1,1,2,1,1,5,5616,3,2,2,0
2,4,1,1,6,1,2,1,2,1,1,1,1,2,3,120000,1,3,2,0
2,4,1,1,3,14,1,1,4,1,1,3,5,1,3,100000,1,3,2,0
1,4,1,2,1,1,4,1,3,1,1,6,1,2,3,87500,1,3,2,0
2,1,1,1,1,1,1,2,1,1,1,3,1,2,1,86815,1,1,1,0
2,9,2,3,3,1,7,1,3,1,1,1,1,1,2,12500,2,2,2,0
2,3,1,1,1,1,2,2,3,1,1,1,1,1,1,538968,1,1,3,0
2,13,1,2,1,1,3,1,2,1,1,1,1,1,1,58746,1,1,1,0
2,14,1,2,1,1,1,1,3,1,1,3,1,1,5,44916,3,2,2,0
1,4,1,1,1,1,1,1,3,1,1,4,1,1,3,155000,1,3,2,0
2,2,2,1,1,1,7,2,1,1,1,1,6,1,2,23482,2,2,2,0
2,7,1,2,1,1,3,2,4,1,1,4,1,1,1,84448,1,1,1,0
2,4,1,1,8,1,4,2,2,1,1,2,4,2,3,120000,1,3,2,0
2,3,1,3,1,1,3,2,3,1,1,2,1,1,1,47904,1,1,3,0
2,19,1,5,1,1,4,3,3,1,1,3,1,1,1,47731,1,1,3,0
2,13,1,1,1,3,3,2,4,1,1,4,1,1,1,48955,1,1,1,0
2,4,3,1,1,1,7,2,3,1,1,1,1,1,3,90000,1,3,2,0
2,4,1,1,8,4,5,2,2,1,1,1,6,1,3,60000,1,3,2,0
2,7,1,1,1,1,8,2,3,1,1,1,1,2,1,102804,1,1,1,0
2,2,1,2,1,3,5,1,1,1,1,1,3,2,2,3756,2,2,2,0
2,7,1,4,1,1,2,2,2,1,1,4,1,1,1,39164,1,1,1,0
2,7,3,2,1,1,11,2,3,1,1,3,1,1,1,83712,1,1,1,0
2,4,1,7,7,1,11,2,3,1,1,1,3,1,3,165000,1,3,2,0
1,4,1,1,8,1,1,2,3,1,1,1,1,2,3,100000,1,3,2,0
2,2,1,1,1,4,2,3,3,1,1,3,3,1,2,37571,2,2,2,0
2,6,1,2,5,1,7,2,3,1,1,8,1,2,1,21228,2,2,2,0
2,7,1,2,1,1,11,1,1,1,1,2,1,1,1,61194,1,1,1,0
2,4,1,7,1,1,11,2,4,1,1,5,1,2,3,145000,1,3,2,0
1,13,1,1,1,5,8,1,3,1,1,2,1,2,1,61194,1,1,1,0
2,9,1,2,1,1,7,2,3,1,1,1,4,1,2,23844,2,2,2,0
2,13,1,1,1,1,1,2,2,1,1,2,2,1,1,32433,1,1,1,0
2,4,1,1,8,4,3,1,4,1,1,1,1,2,3,118000,1,3,2,0
2,7,1,1,1,1,7,2,3,1,1,2,1,1,1,62846,1,1,1,0
1,1,1,7,7,8,7,1,1,1,1,2,1,1,1,90288,1,1,1,0
2,11,1,2,5,8,2,1,2,1,1,1,1,1,1,42836,1,1,1,0
2,5,3,1,1,6,2,2,4,1,1,1,1,1,1,22932,2,2,1,0
2,1,2,1,1,1,11,2,2,1,1,3,1,2,1,1000000,1,1,1,0
1,20,1,3,7,1,1,3,2,1,1,3,1,2,1,58200,3,2,2,0
2,20,1,2,1,2,3,1,3,1,1,3,1,2,1,48000,3,2,2,0
2,2,1,2,1,1,7,2,4,1,1,7,3,1,2,0,2,2,2,0
2,4,1,1,2,1,1,1,4,1,1,6,1,1,3,80000,1,3,2,0
2,13,1,3,12,1,4,2,3,1,1,6,2,1,1,25701,1,1,1,0
2,11,1,7,1,14,1,2,3,1,1,2,1,1,1,55075,1,1,1,0
2,5,1,2,3,1,5,2,2,1,1,3,1,1,1,18348,2,2,1,0
2,2,1,2,5,8,5,1,3,1,1,7,3,2,2,10958,2,2,2,0
2,20,1,2,1,1,2,1,4,1,1,3,1,1,1,15000,3,2,2,0
2,4,1,1,8,3,2,2,3,1,1,1,1,1,3,135900,1,3,2,0
2,2,1,2,1,9,7,2,3,1,1,7,1,2,2,6576,2,2,2,0
1,13,1,2,3,1,3,2,2,1,1,4,2,1,1,34269,1,1,1,0
2,4,1,1,8,1,7,2,4,1,1,5,1,1,3,74000,1,3,2,0
2,1,1,2,1,1,1,2,3,1,1,3,1,1,1,93760,1,1,1,0
2,16,1,1,1,1,9,2,3,1,1,8,1,2,1,80776,1,1,3,0
2,4,1,1,6,4,2,1,3,1,1,3,1,2,3,85000,1,3,2,0
2,4,1,2,1,15,11,3,3,1,1,3,1,1,3,220000,1,3,2,0
2,4,1,1,8,1,2,1,4,1,1,2,1,1,3,64000,1,3,2,0
2,4,1,1,1,4,2,1,3,1,1,1,1,1,3,2000000,1,3,2,0
2,4,1,2,1,1,1,2,4,1,1,3,1,1,3,150000,1,3,2,0
2,4,1,1,8,1,7,3,2,1,1,6,1,1,3,95000,1,3,2,0
2,1,2,1,1,1,2,1,2,1,1,9,1,1,1,30559,1,1,1,0
2,8,1,1,1,1,7,2,3,1,1,2,1,1,1,39164,1,1,1,0
2,4,2,1,1,1,7,3,2,1,1,4,1,1,3,98500,1,3,2,0
2,4,1,1,3,8,2,3,3,1,1,1,1,1,3,110000,1,3,2,0
2,4,1,2,2,5,1,2,1,1,1,1,1,1,3,150000,1,3,2,0
2,14,1,1,1,1,7,2,2,1,1,1,2,1,5,13284,3,2,2,0
2,6,1,4,3,1,7,4,2,1,1,6,1,1,1,23136,2,2,2,1
2,1,1,1,1,1,3,1,4,1,1,2,1,2,1,79175,1,1,1,0
2,2,1,1,1,4,2,1,2,1,1,1,3,1,2,6384,2,2,2,0
2,2,1,1,1,1,2,2,2,1,1,1,6,1,2,10332,2,2,2,0
2,4,1,1,7,1,7,1,4,2,2,1,1,1,3,105000,1,3,2,0
1,19,1,2,1,1,4,1,3,1,1,1,1,1,1,73066,1,1,3,0
2,1,1,2,1,15,3,2,4,1,1,5,1,1,1,83342,1,1,1,0
2,5,1,2,1,1,1,1,3,2,1,3,1,1,1,27168,2,2,1,0
1,2,1,1,1,1,2,2,3,1,1,1,6,1,2,3096,2,2,2,0
1,10,1,1,1,3,1,1,4,2,1,1,1,1,4,93569,1,1,1,0
2,13,1,2,1,3,3,3,4,1,1,3,2,1,1,538506,1,1,1,0
2,1,1,5,5,13,1,2,4,1,1,8,1,1,1,81953,1,1,1,0
2,4,1,1,4,1,2,2,2,1,1,1,1,1,3,92000,1,3,2,0
1,2,1,1,3,1,7,2,1,1,1,1,3,2,2,20292,2,2,2,0
2,7,1,2,6,1,3,2,1,1,1,6,1,1,1,48468,1,1,1,0
2,2,1,1,1,1,7,1,3,1,1,1,1,2,2,16908,2,2,2,0
2,5,1,1,1,6,1,3,3,1,1,3,1,1,1,10236,2,2,1,0
2,12,1,4,1,1,4,2,4,1,1,1,1,1,3,62807,1,1,1,0
2,5,1,2,1,1,1,2,3,1,1,1,1,1,1,56460,2,2,1,0
1,12,1,1,1,3,4,3,2,2,1,1,1,1,3,84547,1,1,1,0
2,2,1,1,1,1,2,2,4,1,1,7,3,2,2,58704,2,2,2,0
2,4,1,2,3,1,1,2,4,1,1,3,1,1,3,97000,1,3,2,0
1,12,1,1,1,1,7,1,3,1,1,1,3,1,3,66027,1,1,1,0
2,4,1,1,3,7,1,2,3,1,1,1,1,1,3,83000,1,3,2,0
1,4,1,7,7,1,7,1,2,1,1,3,1,1,3,110000,1,3,2,0
2,2,2,1,3,1,2,3,3,1,1,7,3,2,2,150288,2,2,2,0
2,20,1,2,1,1,7,2,2,1,1,1,1,1,1,30000,3,2,2,0
2,4,1,2,7,14,2,3,2,1,2,1,1,1,3,83000,1,3,2,0
2,18,1,1,1,7,7,2,3,1,1,3,1,1,1,93842,1,1,3,0
2,13,1,6,1,1,3,2,2,1,1,5,2,1,1,36716,1,1,1,0
2,18,3,8,1,15,2,2,2,1,1,7,1,1,1,99056,1,1,3,0
2,7,1,7,2,14,2,2,2,1,1,3,1,2,1,46992,1,1,1,0
2,5,1,2,1,6,7,2,2,1,1,1,1,1,1,28236,2,2,1,0
2,4,1,4,12,6,4,2,3,1,1,6,1,2,3,91000,1,3,2,0
1,4,1,1,1,3,7,1,4,1,1,1,1,1,3,123000,1,3,2,0
1,7,1,2,2,3,5,4,4,1,1,1,1,1,1,36716,1,1,1,1
2,4,1,2,7,1,7,2,4,1,1,1,1,1,3,82000,1,3,2,0
2,4,1,2,1,1,4,2,3,1,1,5,3,1,3,130000,1,3,2,0
2,1,1,1,7,4,4,2,2,1,1,2,1,1,1,76397,1,1,1,0
2,18,2,2,7,8,7,1,4,1,1,4,1,1,1,62562,1,1,3,0
1,2,1,1,3,2,7,2,3,1,1,1,3,1,2,281784,2,2,2,0
2,2,3,1,3,11,2,3,3,1,1,1,1,1,2,1884,2,2,2,0
2,12,1,1,1,1,1,2,4,1,1,3,6,1,3,80521,1,1,1,0
1,16,1,2,1,1,2,2,2,2,1,1,1,1,1,35244,1,1,3,0
1,4,1,1,7,1,7,1,1,1,1,3,1,1,3,136000,1,3,2,0
2,4,1,1,1,1,7,1,3,1,1,1,1,2,3,117500,1,3,2,0
2,12,1,2,1,7,7,1,1,1,1,4,1,1,3,60391,1,1,1,0
2,7,1,1,1,1,7,2,3,1,1,2,1,1,1,44060,1,1,1,0
2,11,1,2,1,1,3,1,3,1,1,8,1,2,1,97910,1,1,1,0
2,18,1,5,1,13,3,2,2,1,1,1,1,2,1,135132,1,1,3,0
2,12,1,1,1,1,1,2,3,1,1,1,4,1,3,60391,1,1,1,0
2,4,1,1,1,4,3,2,2,1,1,6,1,2,3,85000,1,3,2,0
2,12,1,1,7,1,11,2,2,1,1,1,1,2,3,72469,1,1,1,0
2,4,1,1,2,4,4,2,1,1,1,1,1,1,3,75000,1,3,2,0
2,5,3,1,1,2,5,1,2,1,1,2,1,1,1,12348,2,2,1,0
2,2,1,1,1,2,2,3,2,1,1,1,1,2,2,2820,2,2,2,0
1,2,1,1,1,1,7,1,3,1,1,1,3,1,2,50094,2,2,2,0
1,2,2,2,1,3,2,2,2,2,1,6,3,2,2,7827,2,2,2,0
2,4,1,1,5,1,5,1,1,1,1,1,1,1,3,73000,1,3,2,0
2,8,1,7,1,15,1,3,1,1,1,3,1,2,1,40388,1,1,1,0
2,1,1,1,1,15,7,1,1,2,1,2,1,1,1,61118,1,1,1,0
2,2,2,2,1,1,7,2,2,1,1,7,1,1,2,8448,2,2,2,0
2,4,1,2,2,14,7,1,2,1,1,1,1,1,3,110000,1,3,2,0
2,6,1,2,8,1,3,2,1,1,1,3,1,1,1,33700,2,2,2,0
2,4,1,1,12,3,7,2,4,2,1,3,1,1,3,130000,1,3,2,0
2,4,1,3,1,2,7,2,2,1,1,1,1,1,3,350000,1,3,2,0
2,7,1,1,1,7,1,2,2,1,1,6,1,2,1,65496,1,1,1,0
2,19,1,3,1,1,3,3,3,1,1,2,1,1,1,61194,1,1,3,0
2,2,1,1,1,8,7,2,4,1,1,9,3,1,2,21792,2,2,2,0
1,4,2,2,9,8,1,2,2,2,1,3,1,1,3,100000,1,3,2,0
2,7,2,1,1,1,7,2,3,1,1,1,4,1,1,18358,1,1,1,0
2,10,1,1,1,4,4,3,2,1,1,2,1,1,4,51983,1,1,1,0
2,4,1,1,6,1,2,1,3,1,1,3,1,2,3,55625,1,3,2,0
2,1,1,3,1,1,7,2,2,1,1,2,1,1,1,40282,1,1,1,0
1,4,1,1,1,1,1,1,4,1,1,1,1,1,3,85000,1,3,2,0
1,11,1,2,5,9,7,2,2,1,1,4,1,2,1,85671,1,1,1,0
2,4,1,2,1,2,2,2,2,1,1,4,3,1,3,142000,1,3,2,0
2,20,1,2,1,4,3,1,2,1,1,1,1,1,1,36720,3,2,2,0
1,2,2,1,3,1,1,3,3,1,1,3,3,1,2,319344,2,2,2,0
2,12,1,3,1,3,3,3,3,1,1,3,1,1,3,112730,1,1,1,0
2,16,1,2,1,1,1,2,3,1,1,2,1,1,1,53851,1,1,3,0
2,4,1,1,1,17,4,1,4,1,1,1,1,1,3,120000,1,3,2,0
2,4,1,3,1,1,7,2,3,1,1,1,1,2,3,74000,1,3,2,0
2,12,1,1,1,1,1,2,1,1,1,1,1,1,3,72469,1,1,1,0
2,12,1,1,6,1,3,2,2,1,1,8,1,2,3,96626,1,1,1,0
2,6,1,4,5,9,2,2,3,1,1,7,1,2,1,24408,2,2,2,0
2,1,1,1,1,1,3,1,1,1,1,3,1,1,1,62507,1,1,1,0
2,7,1,2,1,1,3,1,4,1,1,3,1,1,1,954624,1,1,1,0
2,3,1,2,1,1,4,1,4,1,1,2,1,1,1,62380,1,1,3,0
2,9,2,2,8,1,8,2,2,1,1,2,4,1,2,42000,2,2,2,0
2,8,1,1,5,1,3,1,2,1,1,5,1,1,1,41124,1,1,1,0
2,3,1,2,5,1,4,2,2,1,1,2,1,1,1,73433,1,1,3,0
2,2,1,1,3,11,2,3,3,1,1,9,1,1,2,8516,2,2,2,0
2,10,1,1,1,1,3,2,2,1,1,1,1,2,4,74375,1,1,1,0
2,4,1,2,3,17,2,2,4,1,1,3,4,1,3,94000,1,3,2,0
2,4,1,1,1,3,7,3,2,1,1,8,1,1,3,85000,1,3,2,0
1,4,1,1,6,1,2,2,4,1,1,8,1,1,3,74000,1,3,2,0
2,11,1,1,1,1,3,1,3,1,1,2,1,1,1,48955,1,1,1,0
1,1,2,2,1,1,3,1,4,1,1,2,1,2,1,55562,1,1,1,0
1,7,1,2,1,1,7,1,2,2,1,2,1,1,1,55075,1,1,1,0
2,5,1,2,1,1,2,2,3,1,1,3,1,1,1,35292,2,2,1,0
2,4,1,1,3,4,2,2,4,1,1,1,7,1,3,960000,1,3,2,0
2,7,1,4,11,3,7,2,3,1,1,5,1,2,1,41124,1,1,1,0
2,15,1,4,3,1,4,1,4,1,1,3,1,1,2,95148,1,1,2,0
2,13,1,3,3,1,2,1,2,1,1,6,1,1,1,18358,1,1,1,0
2,7,1,2,1,1,4,3,2,1,1,2,1,1,1,73433,1,1,1,0
2,4,1,2,5,4,2,2,1,1,1,3,1,1,3,115000,1,3,2,0
1,7,2,1,1,14,2,2,4,1,1,2,3,1,1,55075,1,1,1,0
2,4,1,2,1,1,7,1,2,1,1,3,1,1,3,2000000,1,3,2,0
2,8,1,2,1,1,4,1,4,1,1,2,1,2,1,36720,1,1,1,0
2,2,1,1,1,1,2,1,3,1,1,9,1,1,2,7884,2,2,2,0
2,13,2,2,3,1,1,1,4,1,1,1,1,1,1,28149,1,1,1,0
2,4,1,3,8,1,1,2,2,1,1,1,2,2,3,143000,1,3,2,0
2,16,1,2,1,8,4,2,3,1,1,3,1,1,1,59970,1,1,3,0
2,5,1,1,1,2,3,2,3,1,1,5,1,1,1,30696,2,2,1,0
2,14,1,1,1,4,4,2,2,1,1,2,2,1,5,33684,3,2,2,0
2,4,1,4,8,1,1,1,3,1,1,2,2,2,3,105000,1,3,2,0
1,11,1,2,8,1,3,1,4,1,3,1,1,1,1,63642,1,1,1,0
2,7,1,2,5,9,1,2,1,2,1,3,1,1,1,75880,1,1,1,0
2,4,1,1,1,1,1,2,2,1,1,1,1,2,3,110000,1,3,2,0
2,7,1,2,1,4,1,1,4,1,1,2,1,1,1,104269,1,1,1,0
2,7,1,2,1,1,7,2,2,1,1,3,1,1,1,64866,1,1,1,0
2,4,1,3,2,1,2,1,4,1,1,5,1,1,3,68000,1,3,2,0
2,7,1,1,1,1,2,2,2,1,1,1,1,2,1,56298,1,1,1,0
2,4,1,4,1,3,5,1,4,1,1,9,1,1,3,47000,1,3,2,0
2,16,1,2,1,9,1,2,4,1,1,3,1,1,1,50664,1,1,3,0
2,7,1,2,1,1,7,2,3,1,1,2,1,2,1,58746,1,1,1,0
2,4,1,1,7,4,2,1,4,1,1,5,1,1,3,86000,1,3,2,0
2,6,1,2,1,1,3,2,2,1,1,8,1,1,1,12732,2,2,2,0
2,2,1,2,1,1,7,3,2,1,1,1,3,1,2,15024,2,2,2,0
1,11,1,2,1,1,7,1,2,1,1,4,1,1,1,55075,1,1,1,0
1,2,1,1,1,1,1,2,3,2,1,1,3,2,2,20351,2,2,2,0
2,13,1,3,1,1,1,2,2,1,1,1,1,1,1,45283,1,1,1,0
2,4,1,2,5,1,1,2,2,1,1,3,1,2,3,99000,1,3,2,0
2,4,1,3,1,15,3,3,3,1,1,2,1,1,3,110000,1,3,2,0
2,4,1,2,3,1,7,2,2,1,1,3,2,1,3,83000,1,3,2,0
2,5,1,1,1,1,7,2,3,1,1,1,1,1,1,77640,2,2,1,0
2,7,1,2,1,7,1,1,2,1,1,6,1,2,1,57522,1,1,1,0
1,4,1,1,4,1,2,2,4,1,1,1,1,1,3,110000,1,3,2,0
1,13,1,3,1,1,1,2,2,1,1,7,1,1,1,10800,1,1,1,0
2,4,1,1,4,3,1,1,4,1,1,1,1,1,3,95000,1,3,2,0
1,17,1,7,7,14,1,2,2,1,1,3,1,1,1,511092,1,1,3,0
2,12,1,2,3,7,7,1,3,1,1,2,4,1,3,76495,1,1,1,0
2,16,2,1,1,1,4,2,3,1,1,3,1,1,1,38184,1,1,3,0
2,4,1,1,3,1,1,2,3,1,1,3,7,2,3,67000,1,3,2,0
2,7,1,2,1,1,1,2,2,1,1,5,1,1,1,84448,1,1,1,0
2,8,1,1,1,1,1,2,4,1,1,1,1,1,1,48955,1,1,1,0
2,4,1,2,4,8,7,1,4,1,1,1,1,2,3,87000,1,3,2,0
1,11,1,2,1,1,7,2,4,1,1,7,1,1,1,39776,1,1,1,0
2,19,2,1,1,1,2,1,2,1,1,3,1,1,1,22032,1,1,3,0
2,1,1,1,1,1,1,1,2,1,1,2,1,2,1,62507,1,1,1,0
2,4,3,1,2,4,5,1,4,1,1,4,1,1,3,55000,1,3,2,0
2,6,1,1,8,7,2,1,3,1,1,8,1,2,1,23352,2,2,2,0
2,4,1,4,1,1,11,1,4,1,1,6,1,1,3,130000,1,3,2,0
2,19,1,2,2,1,3,2,4,1,1,2,1,1,1,46992,1,1,3,0
2,7,1,2,1,1,7,2,1,1,1,2,1,1,1,73433,1,1,1,0
1,14,3,6,1,3,1,1,4,1,1,1,1,1,5,26196,3,2,2,0
2,2,1,2,1,3,2,2,3,1,1,8,1,1,2,49212,2,2,2,0
2,4,1,1,12,3,7,2,2,1,1,6,1,2,3,83000,1,3,2,0
2,16,1,1,5,1,1,3,2,1,1,1,1,1,1,41124,1,1,3,0
2,2,2,1,1,2,2,3,3,1,1,1,3,2,2,12524,2,2,2,0
2,4,1,2,1,7,1,2,3,1,1,1,1,2,3,76000,1,3,2,0
2,5,1,1,1,7,1,2,4,1,1,2,1,2,1,33528,2,2,1,0
2,12,1,1,12,1,6,2,2,1,1,3,6,1,3,66430,1,1,1,0
2,4,1,1,1,1,4,2,3,1,1,7,1,1,3,118000,1,3,2,0
1,11,1,7,1,1,1,2,2,1,3,1,4,1,1,91791,1,1,1,0
2,7,1,5,1,1,3,3,1,1,1,2,1,1,1,97910,1,1,1,0
2,10,1,1,1,3,7,2,2,1,1,3,6,1,4,91170,1,1,1,0
2,12,1,1,3,4,1,2,2,1,1,6,3,1,3,72469,1,1,1,0
2,4,1,3,12,1,11,2,3,1,1,8,1,2,3,90000,1,3,2,0
2,5,1,2,3,1,7,2,2,1,1,4,1,1,1,42346,2,2,1,0
1,5,1,2,1,4,2,2,2,1,1,2,1,1,1,25056,2,2,1,0
1,4,1,1,1,1,1,2,3,1,1,1,1,1,3,75000,1,3,2,0
2,3,1,3,1,1,2,3,3,1,1,3,1,1,1,59880,1,1,3,0
2,17,1,1,1,1,1,2,2,1,1,1,1,2,1,42836,1,1,3,0
2,4,1,2,1,1,2,1,3,2,1,1,6,1,3,87500,1,3,2,0
2,4,1,1,4,1,7,2,3,1,1,8,1,2,3,108000,1,3,2,0
2,4,1,8,1,11,2,2,4,1,1,7,3,2,3,30000,1,3,2,0
2,4,2,2,2,1,7,2,3,2,3,3,1,1,3,64000,1,3,2,0
2,4,1,1,1,1,1,2,4,1,1,1,1,1,3,122000,1,3,2,0
2,4,1,1,1,1,7,3,3,1,1,5,7,1,3,105000,1,3,2,0
2,1,1,2,4,4,5,1,2,1,1,4,1,1,1,600060,1,1,1,0
2,14,1,1,12,1,7,2,2,1,1,4,2,2,5,14976,3,2,2,0
2,1,1,1,1,1,3,2,3,1,1,1,1,1,1,48616,1,1,1,0
2,5,1,2,7,1,3,2,2,1,1,3,1,1,1,42348,2,2,1,0
2,2,1,1,1,2,7,2,3,1,4,9,3,2,2,13150,2,2,2,0
2,2,1,2,1,1,7,2,2,1,1,2,3,1,2,7827,2,2,2,0
2,17,1,2,1,1,7,2,3,1,1,2,1,1,1,48468,1,1,3,0
2,7,1,2,3,1,7,1,2,2,1,3,3,1,1,67313,1,1,1,0
1,12,1,1,1,5,1,1,2,2,1,1,1,1,3,80521,1,1,1,0
2,2,1,1,1,1,2,2,1,1,1,9,3,2,2,8928,2,2,2,0
2,2,1,1,3,2,7,2,2,1,1,1,6,2,2,34831,2,2,2,0
2,18,1,2,1,1,11,3,3,1,1,1,1,1,1,106356,1,1,3,0
2,12,1,1,5,1,11,1,1,1,1,2,1,2,3,100000,1,1,1,0
2,13,1,1,1,1,7,1,2,1,1,1,1,1,1,528720,1,1,1,0
2,2,1,1,1,8,7,2,1,1,1,1,3,1,2,12524,2,2,2,0
2,4,1,7,5,1,8,2,1,2,1,1,1,1,3,65000,1,3,2,0
2,6,1,2,1,1,3,2,3,1,1,1,4,2,1,29724,2,2,2,0
1,8,1,1,1,9,4,1,2,1,1,8,1,1,1,36716,1,1,1,0
2,4,2,4,1,1,2,2,4,1,1,3,7,2,3,17500,1,3,2,0
2,11,1,2,1,1,1,1,2,1,1,3,1,1,1,587460,1,1,1,0
1,12,1,1,1,3,1,3,1,1,1,1,2,1,3,104678,1,1,1,0
2,4,3,1,9,1,11,3,3,1,1,6,1,2,3,105000,1,3,2,0
2,6,1,6,5,5,7,2,3,1,1,5,6,1,1,42456,2,2,2,0
2,4,1,1,1,15,7,1,2,1,1,5,1,1,3,120000,1,3,2,0
1,7,1,1,1,1,1,2,3,1,1,3,1,2,1,46992,1,1,1,0
2,4,1,1,1,1,3,1,1,1,1,3,1,1,3,120000,1,3,2,0
2,7,2,1,3,14,7,2,4,1,1,6,4,1,1,17628,1,1,1,0
2,4,1,1,3,4,1,2,2,1,1,6,6,1,3,96500,1,3,2,0
1,11,1,3,1,1,2,2,4,1,1,1,5,1,1,50179,1,1,1,0
2,4,1,1,1,1,1,2,3,1,1,6,1,2,3,80000,1,3,2,0
2,7,2,5,1,15,1,1,2,1,1,2,1,1,1,79552,1,1,1,0
2,9,2,1,1,1,3,2,2,1,1,2,1,1,2,31788,2,2,2,0
2,4,1,1,1,1,7,2,1,1,3,3,1,1,3,60000,1,3,2,0
1,2,1,2,1,1,1,2,3,1,1,3,1,1,2,39136,2,2,2,0
2,2,1,6,3,1,2,2,1,1,1,7,1,2,2,0,2,2,2,0
2,4,1,1,1,1,1,1,3,1,1,1,2,1,3,190000,1,3,2,0
2,6,1,2,1,1,7,2,3,1,1,3,1,1,1,31848,2,2,2,0
2,4,1,1,1,1,7,2,3,1,1,3,1,1,3,60000,1,3,2,0
2,4,1,2,1,1,7,1,4,1,1,3,1,1,3,100000,1,3,2,0
2,4,3,3,1,3,3,2,3,1,1,6,1,2,3,112000,1,3,2,0
2,4,1,1,8,1,1,2,2,1,1,1,1,2,3,105000,1,3,2,0
2,1,1,1,7,1,2,2,4,1,1,3,1,1,1,52089,1,1,1,0
2,2,1,1,1,1,2,1,3,1,1,3,3,1,2,21916,2,2,2,0
2,2,1,2,1,15,7,2,3,1,1,6,1,1,2,1879,2,2,2,0
1,4,1,1,1,9,7,2,2,1,1,4,5,1,3,90000,1,3,2,0
2,6,1,2,8,6,1,2,2,1,1,8,1,2,1,25476,2,2,2,0
2,13,3,1,1,1,2,2,1,1,1,1,2,1,1,24478,1,1,1,0
2,3,1,2,1,1,1,3,3,1,1,8,1,1,1,50904,1,1,3,0
2,4,1,1,1,1,3,3,2,1,1,3,1,2,3,85000,1,3,2,0
2,2,1,1,3,1,7,2,4,1,1,1,3,1,2,21916,2,2,2,0
2,4,1,1,7,3,2,3,4,2,1,6,6,1,3,50000,1,3,2,0
2,4,1,1,1,4,7,2,4,1,1,3,2,1,3,100000,1,3,2,0
2,12,1,3,9,1,2,2,2,1,1,8,1,2,3,628068,1,1,1,0
2,15,1,2,6,9,2,1,2,2,2,3,1,1,2,63192,1,1,2,0
1,1,1,1,4,1,1,1,3,1,1,1,1,2,1,52783,1,1,1,0
2,4,1,2,1,1,4,2,3,1,1,3,3,1,3,120000,1,3,2,0
2,12,1,1,3,1,2,2,2,1,1,1,1,1,3,72230,1,1,1,0
2,4,1,1,1,4,4,1,4,1,1,1,1,2,3,102000,1,3,2,0
2,4,1,1,1,3,11,2,3,1,1,5,1,1,3,122000,1,3,2,0
2,4,1,1,1,1,3,2,4,1,1,5,4,2,3,115000,1,3,2,0
2,14,1,3,1,1,11,2,1,1,2,1,1,2,5,89832,3,2,2,0
1,4,2,2,7,8,2,1,2,2,1,1,3,1,3,2000000,1,3,2,0
2,12,1,1,6,9,2,3,4,1,1,1,6,1,3,70859,1,1,1,0
2,1,1,2,2,4,7,1,2,1,1,1,1,2,1,62507,1,1,1,0
2,4,1,1,1,1,7,2,3,1,1,5,1,2,3,58000,1,3,2,0
1,8,1,2,1,1,7,1,2,1,1,2,1,1,1,40388,1,1,1,0
1,2,1,2,1,1,1,2,2,1,1,1,3,2,2,12396,2,2,2,0
2,4,1,1,9,4,2,1,4,1,1,1,1,2,3,88000,1,3,2,0
2,11,1,2,1,1,1,2,2,1,1,1,1,1,1,67313,1,1,1,0
1,2,1,1,1,1,2,2,3,1,1,6,3,1,2,10175,2,2,2,0
2,5,1,2,1,1,1,2,2,1,1,3,1,1,1,56460,2,2,1,0
2,7,1,5,1,13,1,1,2,1,1,1,4,1,1,97910,1,1,1,0
1,2,2,1,1,1,7,3,3,1,1,1,3,2,2,23482,2,2,2,0
2,7,2,5,8,1,3,3,3,1,1,2,1,1,1,337788,1,1,1,0
2,1,1,2,1,8,1,3,4,1,1,1,1,1,1,125014,1,1,1,0
2,4,1,1,7,15,1,2,4,1,1,1,1,1,3,85000,1,3,2,0
2,18,1,2,1,1,3,2,2,1,1,7,1,1,1,92800,1,1,3,0
2,11,1,2,1,1,1,3,4,1,1,2,4,1,1,46507,1,1,1,0
2,7,1,2,1,1,1,1,3,1,1,2,1,1,1,58746,1,1,1,0
2,7,1,2,1,7,4,1,3,1,1,3,1,1,1,85671,1,1,1,0
2,7,1,1,1,4,4,2,3,1,1,2,1,1,1,52872,1,1,1,0
1,4,1,1,1,4,3,2,1,1,3,1,1,1,3,130000,1,3,2,0
2,4,1,1,5,14,2,1,2,1,1,1,1,1,3,87000,1,3,2,0
2,2,1,2,1,4,2,2,1,1,1,4,3,1,2,8448,2,2,2,0
2,4,1,4,1,13,2,2,1,1,1,1,1,2,3,23000,1,3,2,0
1,17,1,2,1,1,1,1,3,1,1,3,1,1,1,46296,1,1,3,0
1,4,1,1,7,1,7,2,4,1,1,1,6,1,3,129000,1,3,2,0
2,6,1,2,1,2,1,2,1,1,1,1,1,1,1,115000,2,2,2,0
2,7,1,1,1,1,3,1,4,1,1,2,1,1,1,55075,1,1,1,0
1,4,1,1,1,4,2,1,4,2,2,2,1,1,3,94000,1,3,2,0
2,2,1,1,3,1,1,2,1,1,1,3,3,1,2,34752,2,2,2,0
1,4,1,1,1,2,7,1,4,2,1,1,1,1,3,114800,1,3,2,0
2,4,1,1,1,9,1,2,3,1,1,2,1,1,3,85000,1,3,2,0
2,16,1,1,1,1,10,3,2,1,1,1,1,1,1,58752,1,1,3,0
2,19,1,4,1,1,11,2,3,1,1,2,1,1,1,68537,1,1,3,0
1,5,1,1,1,12,2,1,3,1,1,1,1,1,1,28236,2,2,1,0
2,6,1,2,1,1,7,2,1,1,1,3,1,2,1,19104,2,2,2,0
2,4,1,4,12,1,1,3,2,1,1,4,1,2,3,50000,1,3,2,0
1,1,1,2,1,1,3,1,2,1,1,4,1,1,1,69452,1,1,1,0
2,11,1,2,1,1,1,2,2,1,1,3,1,1,1,35244,1,1,1,0
2,18,1,1,1,1,3,2,3,1,2,1,1,1,1,156404,1,1,3,0
1,14,1,2,1,1,1,2,2,1,1,9,1,1,5,33684,3,2,2,0
2,1,1,1,1,4,1,1,4,2,2,2,1,1,1,50005,1,1,1,0
1,6,1,2,8,7,1,2,1,1,1,2,1,2,1,25476,2,2,2,0
2,2,1,2,12,1,5,2,3,1,1,8,1,1,2,3000,2,2,2,0
2,6,1,2,1,4,3,2,1,1,1,3,1,1,1,26532,2,2,2,0
2,7,1,2,1,1,11,3,3,1,1,3,1,1,1,75880,1,1,1,0
1,4,1,2,1,1,1,2,1,1,1,3,3,1,3,65000,1,3,2,0
2,2,1,2,1,1,2,2,2,1,1,3,3,1,2,4512,2,2,2,0
2,10,1,7,1,1,3,1,3,1,1,1,1,2,4,79973,1,1,1,0
2,6,1,2,8,1,7,2,2,1,1,8,1,2,1,27600,2,2,2,0
2,4,1,1,6,1,2,3,4,1,1,4,1,1,3,120000,1,3,2,0
2,4,1,1,1,9,3,2,1,1,1,1,1,1,3,110000,1,3,2,0
2,4,3,1,1,4,4,2,3,1,1,6,1,2,3,76000,1,3,2,0
2,5,3,3,1,14,2,1,2,1,1,6,1,1,1,17640,2,2,1,0
1,14,1,1,12,1,2,1,3,1,1,1,1,1,5,46800,3,2,2,0
2,2,1,1,1,1,7,2,3,1,1,1,1,1,2,1879,2,2,2,0
1,11,1,2,1,1,3,1,2,1,1,8,1,1,1,48468,1,1,1,0
2,4,1,2,1,2,1,1,3,1,1,3,1,2,3,88000,1,3,2,0
2,15,1,1,1,1,7,1,2,1,1,3,1,1,2,87768,1,1,2,0
2,12,1,1,1,11,2,3,3,1,1,3,3,1,3,40261,1,1,1,0
1,2,1,1,1,1,7,2,4,1,1,1,1,1,2,62618,2,2,2,0
2,6,1,2,7,1,2,1,3,1,1,3,1,2,1,50952,2,2,2,0
2,9,3,1,1,1,1,2,3,1,1,2,4,1,2,26544,2,2,2,0
2,4,1,1,4,3,3,2,2,1,1,3,1,1,3,95000,1,3,2,0
1,2,1,1,1,1,2,4,4,2,1,3,1,1,2,31932,2,2,2,1
1,10,1,1,1,1,4,2,2,1,1,3,1,1,4,863712,1,1,1,0
2,1,1,2,1,1,3,3,2,1,1,1,1,1,1,40282,1,1,1,0
2,10,3,1,1,4,3,2,3,1,1,1,4,1,4,63979,1,1,1,0
2,4,1,1,1,1,3,3,2,1,1,1,1,1,3,154000,1,3,2,0
1,10,1,1,8,1,7,2,3,1,3,9,6,1,4,51983,1,1,1,0
2,2,1,2,1,1,2,1,2,1,1,2,3,2,2,6576,2,2,2,0
2,2,1,1,3,1,2,3,2,1,1,4,3,2,2,34440,2,2,2,0
2,11,1,1,1,1,7,2,3,1,1,4,1,1,1,42836,1,1,1,0
1,4,1,1,1,1,1,2,3,1,2,8,1,1,3,130000,1,3,2,0
1,4,1,2,2,1,5,1,3,2,1,2,2,1,3,60500,1,3,2,0
2,2,2,1,3,3,5,2,4,1,1,1,3,1,2,3756,2,2,2,0
1,7,1,1,1,1,4,3,3,1,1,2,1,1,1,67313,1,1,1,0
1,6,1,2,1,7,3,2,2,1,1,1,1,1,1,41604,2,2,2,0
2,7,1,7,1,9,11,2,3,1,1,8,1,2,1,104030,1,1,1,0
2,12,1,1,1,4,1,3,3,2,1,3,1,1,3,52339,1,1,1,0
2,7,1,5,1,3,2,1,3,1,1,3,4,1,1,82248,1,1,1,0
1,4,1,1,1,1,7,2,3,1,2,1,1,1,3,81000,1,3,2,0
2,4,1,1,1,2,4,2,4,1,1,3,6,1,3,165000,1,3,2,0
2,6,1,3,1,1,2,1,3,1,1,1,1,1,1,12732,2,2,2,0
2,9,3,2,1,1,1,1,2,1,1,7,4,1,2,12000,2,2,2,0
1,5,1,2,1,1,2,2,2,2,1,3,1,1,1,30000,2,2,1,0
2,2,1,1,1,1,7,1,4,1,1,3,1,1,2,22548,2,2,2,0
1,4,1,1,1,1,7,1,3,1,1,1,1,1,3,54000,1,3,2,0
2,13,1,3,1,10,3,1,3,1,1,1,1,1,1,29376,1,1,1,0
2,16,1,1,5,3,2,1,2,1,1,3,1,1,1,35892,1,1,3,0
2,4,3,1,1,1,1,2,2,1,1,1,1,2,3,120000,1,3,2,0
1,1,1,1,6,20,5,1,3,2,1,9,3,1,1,41671,1,1,1,0
2,12,1,2,1,1,3,2,3,1,1,1,1,2,3,1000000,1,1,1,0
2,13,1,2,8,8,1,2,3,1,1,2,1,1,1,61194,1,1,1,0
2,12,1,1,1,4,7,2,3,1,1,1,6,1,3,56365,1,1,1,0
2,6,1,2,1,1,3,1,3,1,1,8,1,1,1,24408,2,2,2,0
2,8,1,1,1,10,1,2,3,1,1,3,1,2,1,57522,1,1,1,0
2,4,1,3,6,1,2,2,3,1,1,2,1,1,3,92500,1,3,2,0
2,4,1,1,1,15,1,2,2,1,1,1,1,1,3,125000,1,3,2,0
2,15,1,5,2,1,4,2,3,1,1,2,1,2,2,121128,1,1,2,0
2,14,1,1,1,1,1,2,3,1,1,8,2,1,5,54000,3,2,2,0
2,2,1,1,1,1,1,1,3,1,1,7,3,1,2,30060,2,2,2,0
1,4,1,2,5,14,7,2,4,1,2,3,6,1,3,66000,1,3,2,0
2,2,1,1,3,1,7,2,3,1,1,4,3,1,2,37571,2,2,2,0
2,4,1,1,1,3,4,2,4,1,1,3,5,1,3,107000,1,3,2,0
2,4,1,4,8,5,1,2,1,1,1,1,6,1,3,235000,1,3,2,0
1,2,1,2,1,1,1,2,2,1,4,9,3,2,2,26612,2,2,2,0
2,2,1,1,8,1,2,3,3,1,1,8,3,1,2,9396,2,2,2,0
2,7,1,2,1,1,4,3,3,1,1,3,1,2,1,128507,1,1,1,0
2,13,1,3,1,4,2,2,3,1,1,6,1,2,1,29373,1,1,1,0
2,2,1,1,1,1,7,2,3,1,1,1,3,2,2,6204,2,2,2,0
2,1,1,1,1,1,6,2,3,1,1,1,2,1,1,125014,1,1,1,0
2,7,1,2,1,13,11,2,3,1,1,2,1,2,1,57276,1,1,1,0
1,4,1,1,8,1,7,2,3,2,1,1,1,1,3,63000,1,3,2,0
2,7,1,7,1,1,3,2,2,1,1,2,1,1,1,46507,1,1,1,0
2,4,1,1,3,2,5,2,3,1,1,2,1,1,3,52000,1,3,2,0
1,4,1,4,1,1,2,1,3,1,1,6,1,1,3,48000,1,3,2,0
2,4,3,5,12,4,7,2,3,1,1,2,1,1,3,32000,1,3,2,0
2,11,1,2,1,1,1,2,2,1,1,2,1,1,1,41612,1,1,1,0
2,5,1,2,3,1,2,2,2,1,1,2,1,1,1,15180,2,2,1,0
2,2,1,1,3,1,2,2,2,1,1,3,3,2,2,8766,2,2,2,0
2,7,1,2,1,3,3,2,2,1,1,2,1,1,1,72209,1,1,1,0
1,15,1,2,1,1,1,1,2,1,1,1,1,2,2,104500,1,1,2,0
2,2,1,1,1,1,7,2,3,1,1,1,3,2,2,4692,2,2,2,0
2,12,1,1,1,1,3,2,3,1,1,1,1,2,3,72469,1,1,1,0
2,4,1,3,1,1,7,3,3,1,1,1,1,1,3,80000,1,3,2,0
2,20,1,2,7,1,7,2,2,1,1,3,1,2,1,50400,3,2,2,0
2,2,1,2,1,1,1,2,4,1,1,3,3,1,2,12216,2,2,2,0
2,12,1,4,1,1,1,2,3,1,1,6,1,1,3,50326,1,1,1,0
2,13,1,4,12,1,7,1,2,1,1,1,2,1,1,25701,1,1,1,0
2,7,1,1,1,9,3,2,3,1,1,3,1,2,1,35244,1,1,1,0
2,4,3,1,1,14,1,2,4,1,1,3,3,1,3,70000,1,3,2,0
2,4,1,2,7,1,2,1,4,1,1,2,1,1,3,69000,1,3,2,0
2,17,1,1,1,4,7,3,3,1,1,2,1,1,1,39648,1,1,3,0
1,7,1,1,11,4,3,2,3,1,1,2,1,1,1,55075,1,1,1,0
2,1,1,2,1,2,2,2,1,1,1,1,6,1,1,40008,1,1,1,0
2,16,1,2,3,5,1,2,2,1,1,3,1,2,1,97910,1,1,3,0
2,4,3,2,2,8,2,2,1,1,1,1,1,1,3,185000,1,3,2,0
2,15,1,5,1,3,2,2,3,1,1,2,4,1,2,105324,1,1,2,0
2,7,1,1,12,14,2,1,2,1,1,5,1,1,1,52872,1,1,1,0
2,7,1,2,8,2,7,1,2,2,3,1,1,1,1,57522,1,1,1,0
2,4,1,1,9,3,2,2,2,1,1,1,1,1,3,57000,1,3,2,0
2,4,1,1,1,1,1,1,4,1,1,3,1,1,3,115000,1,3,2,0
2,5,2,1,1,13,6,2,3,1,1,8,1,1,1,24696,2,2,1,0
2,3,3,2,2,14,5,1,4,1,1,5,1,1,1,43416,1,1,3,0
2,13,1,1,3,1,7,2,2,1,1,6,1,1,1,29580,1,1,1,0
2,2,1,1,3,15,2,2,4,1,1,3,3,1,2,84528,2,2,2,0
2,20,1,2,1,9,1,1,4,1,1,3,1,1,1,24000,3,2,2,0
2,9,1,1,3,1,2,1,3,1,1,2,1,1,2,27024,2,2,2,0
2,4,1,1,1,1,7,2,3,1,1,2,2,1,3,55000,1,3,2,0
2,12,1,1,1,1,3,2,3,1,1,8,1,1,3,64618,1,1,1,0
2,12,1,1,1,17,7,2,2,1,1,8,1,1,3,44287,1,1,1,0
2,7,1,3,1,1,1,1,2,1,1,2,1,1,1,53851,1,1,1,0
2,4,1,1,1,1,7,1,2,1,1,3,1,1,3,79000,1,3,2,0
2,7,2,2,1,1,1,2,4,1,1,2,1,1,1,61194,1,1,1,0
2,4,1,1,8,4,2,1,4,1,1,3,1,1,3,65000,1,3,2,0
2,3,1,1,12,2,3,1,2,1,1,1,1,1,1,37428,1,1,3,0
1,12,1,1,1,1,1,1,2,2,1,1,1,1,3,72469,1,1,1,0
2,1,1,1,1,15,3,1,4,1,1,1,1,1,1,55562,1,1,1,0
1,16,1,2,1,7,4,2,2,1,1,3,1,1,1,51403,1,1,3,0
2,4,1,1,8,3,7,2,3,1,1,6,1,1,3,90000,1,3,2,0
2,11,1,1,1,4,7,1,1,1,1,2,1,1,1,763704,1,1,1,0
1,2,1,1,3,9,1,1,4,1,1,3,3,2,2,17220,2,2,2,0
2,1,1,1,8,1,3,3,2,1,1,2,1,1,1,79175,1,1,1,0
2,17,2,2,7,1,7,1,1,2,1,1,1,1,1,29376,1,1,3,0
2,14,1,1,3,1,2,2,2,1,1,1,2,1,5,11976,3,2,2,0
2,4,1,1,1,15,4,2,3,1,1,8,1,2,3,140000,1,3,2,0
2,18,1,2,1,1,3,2,3,1,1,3,1,1,1,70068,1,1,3,0
1,13,1,1,1,1,2,1,3,1,2,3,1,1,1,367164,1,1,1,0
2,18,1,2,7,1,7,1,2,2,2,1,1,1,1,70903,1,1,3,0
2,10,1,2,8,3,3,2,2,1,1,1,6,1,4,91969,1,1,1,0
1,4,1,1,1,2,7,2,2,1,1,1,1,1,3,70000,1,3,2,0
2,6,3,3,1,1,2,3,3,1,1,8,1,1,1,14856,2,2,2,0
2,2,1,1,1,1,1,2,1,1,1,1,3,1,2,37571,2,2,2,0
2,4,1,1,2,1,3,1,2,1,1,4,6,1,3,140000,1,3,2,0
2,1,1,2,7,7,6,1,3,1,1,1,1,2,1,80564,1,1,1,0
2,3,1,5,10,1,11,1,3,1,1,2,1,1,1,44914,1,1,3,0
2,4,1,1,4,4,2,1,4,1,1,8,1,1,3,30000,1,3,2,0
2,1,1,1,1,1,2,2,1,1,1,2,1,1,1,52783,1,1,1,0
2,14,1,1,1,4,3,1,2,1,1,2,2,2,5,31812,3,2,2,0
2,10,1,3,1,1,4,2,4,1,3,6,1,1,4,76774,1,1,1,0
2,12,1,4,1,1,2,2,4,1,1,3,1,1,3,74080,1,1,1,0
2,4,1,2,1,2,3,1,1,1,1,3,2,1,3,153000,1,3,2,0
1,12,1,1,5,1,7,2,3,1,1,8,1,1,3,76495,1,1,1,0
2,12,1,1,1,1,1,3,3,1,2,1,1,1,3,48313,1,1,1,0
2,8,1,1,1,4,7,1,3,1,1,1,1,1,1,24478,1,1,1,0
2,11,2,2,1,1,1,2,1,1,1,4,6,1,1,51403,1,1,1,0
2,4,1,2,1,1,1,3,4,1,1,3,3,1,3,126000,1,3,2,0
2,4,1,1,1,1,7,2,2,1,1,1,1,1,3,75000,1,3,2,0
2,4,2,2,7,8,1,2,3,1,1,2,1,1,3,28000,1,3,2,0
1,4,1,2,1,1,7,2,4,2,1,3,6,1,3,1440000,1,3,2,0
1,1,1,1,8,1,7,1,2,1,1,2,1,1,1,34726,1,1,1,0
2,4,3,1,6,4,2,1,4,1,1,3,1,1,3,85000,1,3,2,0
2,4,1,1,1,1,1,1,2,1,1,1,1,1,3,87500,1,3,2,0
2,2,1,2,7,1,2,2,1,1,3,1,1,1,2,2820,2,2,2,0
2,4,1,1,1,1,1,2,3,1,1,1,1,1,3,125000,1,3,2,0
2,2,1,1,3,5,1,2,4,1,1,8,6,2,2,50094,2,2,2,0
1,5,1,2,3,1,2,2,4,1,1,7,1,1,1,19404,2,2,1,0
1,7,1,4,12,1,11,1,4,1,1,3,1,1,1,73433,1,1,1,0
2,12,1,1,12,6,7,2,3,1,1,2,1,1,3,39455,1,1,1,0
2,4,1,1,1,4,1,2,4,1,1,2,1,1,3,2000000,1,3,2,0
2,4,1,1,2,4,11,1,2,1,1,7,6,1,3,150000,1,3,2,0
1,2,1,1,8,2,2,2,3,1,1,1,1,1,2,14088,2,2,2,0
2,11,1,2,1,15,11,3,3,1,1,1,1,2,1,88119,1,1,1,0
1,2,1,1,1,2,7,3,3,1,1,2,3,2,2,34440,2,2,2,0
2,4,1,3,11,15,7,2,4,1,1,1,1,2,3,80000,1,3,2,0
2,3,1,1,1,3,3,2,3,2,1,2,1,1,1,74856,1,1,3,0
2,16,1,1,1,1,7,1,2,1,1,1,1,1,1,37812,1,1,3,0
2,6,1,3,10,14,1,2,2,1,1,3,1,1,1,55200,2,2,2,0
2,7,1,2,1,1,1,2,1,1,3,2,1,1,1,1000000,1,1,1,0
1,5,1,1,1,1,2,3,3,1,1,3,1,2,1,65640,2,2,1,0
1,4,1,1,1,1,7,2,4,1,1,1,1,1,3,55000,1,3,2,0
2,4,1,2,1,3,2,1,3,1,1,6,3,1,3,80000,1,3,2,0
1,4,1,1,4,3,2,3,3,1,1,1,1,1,3,62000,1,3,2,0
2,4,1,1,1,1,1,2,2,1,1,2,1,1,3,94000,1,3,2,0
2,11,1,2,1,14,7,3,2,1,1,8,2,1,1,61194,1,1,1,0
1,4,1,1,1,1,7,2,2,2,1,1,1,1,3,139400,1,3,2,0
1,4,1,1,8,1,1,1,4,1,3,2,1,1,3,110000,1,3,2,0
2,16,2,1,1,1,1,2,2,1,1,4,1,1,1,57522,1,1,3,0
1,4,1,2,7,1,7,2,4,2,1,3,1,1,3,70000,1,3,2,0
2,1,1,2,7,1,3,1,4,1,1,2,1,1,1,63896,1,1,1,0
2,1,1,2,3,9,2,2,4,1,1,1,1,1,1,48616,1,1,1,0
2,11,3,1,11,1,2,2,3,1,1,4,1,1,1,23988,1,1,1,0
2,7,1,5,1,4,1,2,2,1,1,2,1,2,1,35244,1,1,1,0
1,12,1,1,1,6,2,4,4,1,2,1,6,1,3,32209,1,1,1,1
1,4,1,1,1,15,7,1,2,1,1,3,1,1,3,90000,1,3,2,0
2,4,1,3,5,1,1,3,2,1,1,3,1,1,3,105000,1,3,2,0
2,4,2,4,1,1,2,2,3,1,1,6,2,1,3,33000,1,3,2,0
2,4,1,1,1,1,1,2,2,1,1,2,1,2,3,75000,1,3,2,0
2,2,2,1,1,1,5,3,1,1,1,3,6,1,2,9396,2,2,2,0
2,13,1,1,1,1,1,2,2,1,1,8,1,1,1,36716,1,1,1,0
2,2,3,1,1,1,7,2,3,1,1,3,3,1,2,12768,2,2,2,0
2,16,1,2,1,1,2,2,3,1,1,2,1,1,1,49932,1,1,3,0
2,7,1,5,1,1,1,2,1,1,1,4,1,1,1,32316,1,1,1,0
2,7,1,2,1,1,7,2,2,1,1,4,1,1,1,63030,1,1,1,0
2,1,1,7,1,8,1,1,2,1,1,3,1,1,1,43755,1,1,1,0
2,2,2,1,1,3,2,2,3,1,1,2,3,1,2,4320,2,2,2,0
2,4,1,1,1,4,3,1,3,1,1,1,3,2,3,115000,1,3,2,0
2,4,1,1,1,1,7,2,2,1,1,1,2,1,3,75000,1,3,2,0
2,4,1,1,9,1,7,1,3,1,1,1,1,1,3,80000,1,3,2,0
2,8,1,5,1,1,7,2,3,1,1,2,1,1,1,29373,1,1,1,0
2,16,1,1,1,1,7,2,2,1,1,1,1,1,1,35988,1,1,3,0
2,4,1,1,5,1,5,1,4,1,1,3,2,1,3,71500,1,3,2,0
2,1,1,1,1,1,6,1,1,1,1,2,1,2,1,104178,1,1,1,0
2,4,1,1,2,1,2,1,2,1,1,3,1,1,3,125000,1,3,2,0
2,4,1,3,11,1,1,2,3,1,1,1,1,2,3,120000,1,3,2,0
2,2,2,2,1,1,2,2,4,1,1,7,3,1,2,7138,2,2,2,0
2,4,1,1,1,1,3,3,3,1,3,1,1,1,3,660000,1,3,2,0
2,4,1,5,1,11,5,2,3,1,1,8,1,1,3,70000,1,3,2,0
1,5,1,1,2,11,5,2,4,2,2,3,1,1,1,17640,2,2,1,0
2,11,1,2,1,9,4,3,3,1,1,5,1,1,1,52627,1,1,1,0
2,14,3,1,1,2,7,1,4,1,1,1,2,1,5,31192,3,2,2,0
2,10,1,1,1,1,1,2,3,1,1,8,7,1,4,47984,1,1,1,0
2,1,1,3,3,20,2,3,3,1,1,2,1,1,1,31948,1,1,1,0
2,7,1,1,3,2,7,1,4,1,1,5,1,1,1,78328,1,1,1,0
2,4,1,2,9,3,2,2,2,1,1,5,1,1,3,90000,1,3,2,0
2,1,1,1,7,9,7,2,4,1,1,2,1,1,1,83342,1,1,1,0
2,1,1,1,1,1,2,2,3,1,1,2,1,1,1,45144,1,1,1,0
2,4,1,1,1,1,2,2,4,1,1,1,1,1,3,80000,1,3,2,0
2,2,1,1,3,3,2,2,4,1,1,2,3,1,2,6576,2,2,2,0
2,4,1,5,12,4,3,2,4,1,1,2,1,2,3,89500,1,3,2,0
2,4,1,1,3,4,7,1,2,1,1,1,1,2,3,105000,1,3,2,0
1,1,1,1,1,1,3,2,4,1,1,7,2,1,1,63896,1,1,1,0
1,8,1,1,1,1,3,2,2,1,1,2,6,1,1,55075,1,1,1,0
1,13,2,1,1,1,4,1,3,1,1,7,1,1,1,68537,1,1,1,0
2,14,3,5,1,1,3,2,2,1,1,1,1,1,5,10476,3,2,2,0
2,4,1,7,3,14,7,2,3,1,1,5,2,1,3,78780,1,3,2,0
1,4,1,1,8,1,1,1,2,1,1,2,1,2,3,85000,1,3,2,0
2,1,1,1,1,13,1,2,3,1,2,2,1,1,1,21391,1,1,1,0
2,5,1,1,1,2,7,2,4,1,1,3,1,1,1,49404,2,2,1,0
2,7,3,1,2,15,2,2,4,1,2,3,1,1,1,44064,1,1,1,0
2,1,1,2,3,1,2,1,1,1,1,1,1,1,1,55562,1,1,1,0
2,16,1,2,1,1,9,2,3,1,1,5,1,2,1,214301,1,1,3,0
2,2,3,1,1,1,2,1,4,1,1,2,3,2,2,7091,2,2,2,0
2,1,1,1,1,1,4,1,4,1,1,8,1,1,1,70320,1,1,1,0
1,4,1,1,9,3,7,1,4,2,2,1,2,1,3,88000,1,3,2,0
2,1,1,1,1,1,1,1,3,1,1,2,1,1,1,683412,1,1,1,0
2,6,1,6,1,9,1,2,3,1,1,5,1,2,1,36084,2,2,2,0
2,4,3,4,1,1,2,2,2,1,1,2,1,1,3,31000,1,3,2,0
2,16,1,1,1,1,7,3,2,1,1,3,1,1,1,46997,1,1,3,0
2,2,1,1,1,2,2,2,2,1,1,1,1,1,2,10524,2,2,2,0
2,20,1,2,1,4,7,1,2,1,1,3,1,1,1,12000,3,2,2,0
2,11,1,2,1,9,7,2,3,1,1,1,1,1,1,52872,1,1,1,0
2,2,1,2,1,3,7,2,3,1,1,1,3,2,2,26738,2,2,2,0
2,4,1,1,4,1,11,2,2,2,1,1,3,1,3,150000,1,3,2,0
1,2,1,2,1,1,2,2,3,1,1,3,3,1,2,6576,2,2,2,0
1,2,1,1,3,1,7,2,3,2,1,1,1,2,2,26612,2,2,2,0
2,2,1,1,1,1,2,1,1,1,1,3,1,1,2,7827,2,2,2,0
2,4,1,1,1,3,1,2,2,2,1,3,1,1,3,80000,1,3,2,0
2,18,1,1,1,1,3,2,3,1,1,2,1,2,1,75072,1,1,3,0
2,1,1,1,5,4,11,2,2,1,1,2,1,1,1,41671,1,1,1,0
2,4,1,7,5,8,4,1,4,1,1,3,1,1,3,129000,1,3,2,0
2,4,1,3,9,5,7,2,4,1,1,1,1,1,3,115000,1,3,2,0
2,7,2,2,3,8,2,2,3,1,1,3,1,1,1,5880,1,1,1,0
1,1,1,2,1,1,5,2,4,2,1,3,1,1,1,45838,1,1,1,0
1,2,1,1,3,9,7,2,3,1,1,1,1,1,2,15028,2,2,2,0
2,1,1,1,1,1,1,1,2,1,1,3,1,1,1,583392,1,1,1,0
2,3,1,1,1,1,7,1,2,1,1,9,1,1,1,55392,1,1,3,0
2,4,1,1,1,1,1,2,3,1,1,3,1,1,3,145000,1,3,2,0
2,2,2,2,1,3,2,1,2,2,1,3,3,1,2,6262,2,2,2,0
2,4,1,1,1,1,1,2,4,1,1,3,1,2,3,81000,1,3,2,0
2,7,1,2,4,1,2,2,3,1,1,2,1,2,1,35988,1,1,1,0
2,15,3,1,1,1,1,1,2,2,1,8,1,2,2,122880,1,1,2,0
2,4,1,1,4,3,2,2,1,1,1,1,1,1,3,111000,1,3,2,0
2,9,1,1,6,4,5,1,2,1,1,1,4,1,2,11126,2,2,2,0
2,10,3,1,2,1,7,2,1,1,1,1,1,1,4,63979,1,1,1,0
2,2,1,2,1,1,7,2,1,1,1,3,3,1,2,18785,2,2,2,0
2,4,1,1,1,1,7,2,1,1,1,2,1,2,3,103000,1,3,2,0
2,4,1,1,1,1,1,1,4,1,1,1,1,1,3,80000,1,3,2,0
2,16,1,3,12,1,2,2,1,1,1,6,1,1,1,33780,1,1,3,0
1,1,1,1,2,4,5,1,2,2,1,8,4,1,1,34726,1,1,1,0
1,16,1,1,1,2,1,2,3,1,1,1,3,2,1,66084,1,1,3,0
2,1,1,1,1,1,4,3,2,1,1,4,1,1,1,37504,1,1,1,0
2,10,1,1,1,15,3,2,1,1,1,9,1,1,4,74375,1,1,1,0
2,8,1,2,1,3,3,1,3,1,1,3,1,1,1,440592,1,1,1,0
2,4,1,3,1,1,1,2,3,1,1,3,1,1,3,140000,1,3,2,0
2,4,1,1,1,1,2,2,2,1,1,4,1,2,3,115000,1,3,2,0
2,14,1,1,1,1,1,2,3,2,1,8,6,1,5,41916,3,2,2,0
2,4,1,4,1,4,2,2,2,1,1,6,1,1,3,93600,1,3,2,0
2,4,1,1,1,9,4,1,1,1,1,8,1,1,3,85000,1,3,2,0
2,7,1,1,1,1,1,2,3,1,1,9,2,2,1,67313,1,1,1,0
2,1,1,2,1,1,2,2,2,1,2,1,1,1,1,27781,1,1,1,0
2,1,1,2,1,1,4,2,4,1,1,3,1,2,1,125014,1,1,1,0
2,4,1,1,1,15,7,2,2,1,1,8,1,1,3,75200,1,3,2,0
2,16,1,1,1,1,2,2,2,1,1,6,1,2,1,39648,1,1,3,0
1,4,1,1,5,1,7,2,2,1,1,3,6,1,3,112000,1,3,2,0
2,4,1,1,1,1,3,2,3,1,1,1,1,2,3,120000,1,3,2,0
2,1,1,1,1,1,1,3,3,1,1,6,3,1,1,62507,1,1,1,0
2,4,1,1,1,15,7,1,3,1,1,1,1,2,3,142000,1,3,2,0
2,12,1,5,1,5,3,2,4,1,1,7,1,1,3,104678,1,1,1,0
1,14,1,1,1,1,3,3,3,1,1,5,1,1,5,11232,3,2,2,0
2,7,1,9,7,1,4,1,2,1,2,3,2,1,1,89592,1,1,1,0
2,6,1,2,1,1,3,3,2,1,1,5,1,2,1,31848,2,2,2,0
2,4,1,2,8,1,3,2,1,1,1,3,1,1,3,107000,1,3,2,0
2,4,1,3,1,1,7,2,2,1,1,2,1,2,3,65000,1,3,2,0
1,1,1,2,5,4,5,2,4,1,1,1,1,1,1,33615,1,1,1,0
2,4,1,1,12,6,7,2,3,1,1,6,1,1,3,62000,1,3,2,0
2,1,1,1,5,1,5,1,4,1,1,1,1,1,1,36115,1,1,1,0
2,4,1,1,1,2,7,2,4,1,1,1,2,1,3,150000,1,3,2,0
1,4,1,7,1,1,11,2,2,1,1,2,1,2,3,95000,1,3,2,0
2,1,1,1,1,1,3,1,3,1,1,1,1,1,1,52089,1,1,1,0
2,2,1,2,1,1,3,2,2,1,1,3,6,2,2,31309,2,2,2,0
2,4,1,1,1,4,7,2,3,2,3,8,5,1,3,115000,1,3,2,0
2,4,1,1,1,2,7,1,2,1,1,3,1,2,3,95000,1,3,2,0
2,4,1,1,3,3,5,3,4,1,1,3,6,1,3,110000,1,3,2,0
2,5,1,4,1,1,7,2,4,1,1,2,1,1,1,25404,2,2,1,0
2,13,1,1,1,1,11,2,3,1,1,1,1,1,1,31821,1,1,1,0
2,3,1,1,1,1,3,2,4,1,1,3,1,1,1,47904,1,1,3,0
1,11,1,2,1,9,4,2,2,1,1,2,1,2,1,66089,1,1,1,0
2,10,1,1,1,1,3,1,1,1,1,1,1,1,4,767748,1,1,1,0
2,2,1,2,1,2,5,2,3,1,1,3,3,1,2,4920,2,2,2,0
1,4,1,1,1,4,3,2,4,1,1,9,1,1,3,195000,1,3,2,0
2,7,1,1,1,1,3,1,3,1,1,3,1,1,1,49932,1,1,1,0
2,4,1,1,4,1,7,1,4,1,1,1,1,1,3,92200,1,3,2,0
2,14,1,1,12,4,2,3,3,1,1,7,1,2,5,19836,3,2,2,0
1,14,1,1,1,1,7,1,1,1,1,6,3,1,5,28452,3,2,2,0
2,7,2,1,1,1,3,1,2,1,1,2,1,1,1,70272,1,1,1,0
2,7,1,1,1,1,7,1,2,1,1,3,1,1,1,57767,1,1,1,0
2,4,1,1,1,1,4,2,4,1,1,2,1,1,3,101000,1,3,2,0
1,17,1,2,1,1,3,2,4,1,1,1,1,2,1,66084,1,1,3,0
2,2,2,2,1,4,7,2,1,1,1,3,3,1,2,5448,2,2,2,0
2,4,1,2,1,1,4,2,2,1,1,8,1,2,3,118750,1,3,2,0
2,4,2,1,1,1,7,1,2,2,1,1,3,2,3,1020000,1,3,2,0
2,4,2,1,1,1,2,2,4,1,1,4,3,1,3,175000,1,3,2,0
2,14,1,1,1,7,1,2,4,2,1,8,2,1,5,23808,3,2,2,0
2,4,3,1,1,1,7,2,3,1,1,1,1,1,3,98000,1,3,2,0
2,9,1,1,1,1,1,2,2,2,1,7,4,1,2,30516,2,2,2,0
2,2,1,2,1,3,2,1,4,1,1,1,1,2,2,7800,2,2,2,0
2,7,1,2,5,1,1,1,2,1,1,2,1,2,1,616836,1,1,1,0
2,2,1,1,1,9,7,1,3,1,1,1,3,2,2,18780,2,2,2,0
2,4,1,1,1,1,1,2,4,1,1,1,1,1,3,125000,1,3,2,0
2,4,1,3,2,1,5,1,3,1,1,8,1,1,3,82000,1,3,2,0
2,4,1,3,2,4,1,2,3,1,1,6,1,1,3,80000,1,3,2,0
2,5,1,1,1,1,7,2,2,1,1,3,1,1,1,38820,2,2,1,0
2,4,1,1,2,1,5,1,3,1,1,1,3,1,3,816000,1,3,2,0
2,4,1,1,9,1,2,1,1,1,1,8,6,1,3,135000,1,3,2,0
1,13,1,2,1,1,7,2,2,1,1,4,1,1,1,34269,1,1,1,0
2,5,1,3,1,1,1,2,2,1,1,8,1,1,1,56460,2,2,1,0
2,7,1,2,1,9,3,2,2,1,1,2,1,1,1,51408,1,1,1,0
2,4,1,1,1,1,3,2,1,1,1,1,1,1,3,85000,1,3,2,0
2,4,1,1,9,6,1,3,3,1,1,8,1,1,3,80000,1,3,2,0
1,2,1,2,7,8,2,2,2,1,1,3,3,1,2,0,2,2,2,0
1,4,1,1,1,1,3,1,3,1,1,5,1,1,3,104000,1,3,2,0
2,4,1,1,1,1,7,2,2,1,2,4,1,1,3,78000,1,3,2,0
2,7,1,2,1,1,7,2,2,1,1,2,1,1,1,62418,1,1,1,0
2,4,1,1,1,1,2,2,2,1,1,1,1,2,3,42000,1,3,2,0
2,4,1,6,4,4,5,1,4,1,1,3,1,1,3,84000,1,3,2,0
1,2,1,2,1,1,5,2,3,1,1,7,3,1,2,2256,2,2,2,0
2,6,1,3,1,1,1,3,3,1,1,3,1,1,1,48828,2,2,2,0
2,3,1,2,8,1,5,2,2,1,1,6,1,2,1,49404,1,1,3,0
2,4,1,3,1,1,3,2,1,1,1,8,1,1,3,160000,1,3,2,0
1,11,1,2,1,1,7,1,3,1,1,2,1,1,1,45895,1,1,1,0
1,4,3,1,1,4,7,2,1,1,1,8,1,2,3,110000,1,3,2,0
2,7,1,2,1,7,4,2,2,1,1,3,1,2,1,82000,1,1,1,0
2,4,1,1,2,14,7,2,3,1,1,2,1,1,3,40000,1,3,2,0
2,1,1,2,1,1,7,1,1,1,1,3,1,1,1,80564,1,1,1,0
2,20,1,2,1,1,2,2,2,1,1,3,1,1,1,36000,3,2,2,0
1,12,1,1,1,1,7,1,3,1,1,1,1,2,3,53949,1,1,1,0
2,4,1,1,6,4,7,2,2,1,1,3,1,1,3,135000,1,3,2,0
2,2,1,1,8,14,7,2,1,1,1,1,6,2,2,123984,2,2,2,0
2,11,1,2,5,8,2,1,2,1,1,3,1,1,1,61194,1,1,1,0
2,17,3,3,1,1,3,2,4,1,1,1,1,1,1,39648,1,1,3,0
1,17,1,1,1,4,1,2,3,1,1,2,1,1,1,49932,1,1,3,0
2,12,1,1,1,1,4,2,2,1,1,1,1,1,3,60391,1,1,1,0
2,2,2,1,3,1,2,1,3,2,1,1,3,1,2,6387,2,2,2,0
2,2,1,1,1,2,5,2,4,1,1,1,6,1,2,6262,2,2,2,0
2,4,1,1,7,1,2,2,2,2,1,1,1,1,3,78000,1,3,2,0
2,4,1,1,5,14,2,2,2,1,1,6,1,1,3,80000,1,3,2,0
2,14,3,2,1,14,1,2,4,1,1,3,1,1,5,30696,3,2,2,0
2,4,1,3,1,1,11,3,3,1,1,3,1,1,3,95000,1,3,2,0
2,17,1,2,1,1,1,2,4,1,1,1,1,1,1,35616,1,1,3,0
2,4,1,1,1,4,2,1,4,1,1,1,1,1,3,135000,1,3,2,0
2,4,1,4,1,1,2,2,1,2,1,5,1,1,3,65000,1,3,2,0
2,2,2,1,8,3,7,1,1,1,1,7,1,1,2,7138,2,2,2,0
1,4,1,1,8,1,7,1,4,1,1,2,1,1,3,58000,1,3,2,0
2,13,1,1,1,1,1,2,2,1,1,1,1,2,1,150000,1,1,1,0
2,10,1,1,8,1,1,2,2,1,1,7,1,1,4,59980,1,1,1,0
2,4,1,1,1,1,7,2,2,2,2,1,1,1,3,75000,1,3,2,0
2,4,1,1,7,1,2,1,4,1,1,3,1,1,3,57000,1,3,2,0
1,10,1,1,8,3,1,2,2,1,1,2,1,1,4,65378,1,1,1,0
2,2,1,2,1,2,7,2,1,1,1,2,1,1,2,8297,2,2,2,0
1,7,1,1,1,9,1,2,3,1,1,1,1,1,1,70985,1,1,1,0
1,4,1,2,1,1,2,2,4,1,1,3,3,1,3,1392000,1,3,2,0
2,16,1,1,1,1,7,2,1,1,1,2,1,1,1,73433,1,1,3,0
1,2,1,1,3,4,7,1,4,1,1,9,1,2,2,23856,2,2,2,0
2,14,1,1,3,1,1,2,2,1,1,1,2,1,5,11232,3,2,2,0
2,10,1,1,3,7,6,2,2,1,1,1,1,2,4,66378,1,1,1,0
1,4,1,1,12,1,5,3,3,1,1,8,1,1,3,16146,1,3,2,0
2,6,1,6,8,4,1,2,3,1,1,1,1,1,1,65808,2,2,2,0
2,2,1,1,1,1,7,1,4,1,1,8,3,2,2,4884,2,2,2,0
2,2,2,1,1,4,2,2,4,2,1,1,1,1,2,4512,2,2,2,0
2,4,1,1,7,1,2,1,2,2,1,3,1,1,3,92000,1,3,2,0
2,1,1,1,1,1,4,1,3,1,1,3,1,1,1,52783,1,1,1,0
2,5,1,3,1,1,7,2,3,1,1,2,1,1,1,29160,2,2,1,0
2,5,1,1,1,5,3,2,4,1,1,3,1,1,1,56460,2,2,1,0
2,2,1,1,1,2,1,2,3,1,1,3,6,2,2,9300,2,2,2,0
2,12,1,1,1,1,3,1,3,1,1,8,1,2,3,52339,1,1,1,0
2,20,2,3,6,1,7,1,1,1,1,6,1,2,1,16704,3,2,2,0
2,11,1,2,1,1,7,3,2,1,1,3,1,1,1,37940,1,1,1,0
2,10,1,1,1,1,7,3,2,1,1,1,1,1,4,47824,1,1,1,0
2,4,1,2,4,1,4,2,2,1,1,1,1,1,3,140000,1,3,2,0
2,4,1,1,1,1,7,2,2,1,1,5,1,2,3,76000,1,3,2,0
2,4,1,7,1,1,6,1,2,1,1,5,1,2,3,140000,1,3,2,0
1,15,1,1,1,1,2,2,3,1,1,3,1,1,2,21060,1,1,2,0
2,11,1,2,1,4,2,2,3,2,1,4,1,1,1,44064,1,1,1,0
2,6,1,1,2,3,2,3,4,1,1,3,1,1,1,23352,2,2,2,0
1,14,2,6,8,1,1,1,3,1,1,8,6,1,5,26196,3,2,2,0
2,4,1,3,1,4,1,2,2,1,2,9,2,1,3,55000,1,3,2,0
2,7,2,1,5,14,2,2,4,1,1,3,1,1,1,6612,1,1,1,0
2,16,2,1,8,10,1,1,2,1,1,3,1,1,1,5880,1,1,3,0
2,2,1,1,3,2,1,1,1,1,1,1,3,1,2,10958,2,2,2,0
2,1,1,2,3,1,7,2,2,1,1,1,1,1,1,775080,1,1,1,0
2,12,1,2,5,8,2,2,1,1,1,2,1,1,3,48313,1,1,1,0
1,4,1,1,1,4,1,2,1,1,1,3,1,1,3,72000,1,3,2,0
2,19,1,5,7,1,11,2,4,1,1,3,1,1,1,67560,1,1,3,0
2,4,1,1,5,14,7,2,2,1,1,1,1,1,3,86000,1,3,2,0
2,4,1,1,9,1,1,1,2,1,1,1,1,1,3,118000,1,3,2,0
2,15,1,4,1,11,2,1,3,1,1,8,1,1,2,46344,1,1,2,0
2,4,3,1,1,7,4,2,3,1,1,8,1,1,3,95000,1,3,2,0
2,4,1,1,1,4,7,2,3,1,4,3,1,1,3,60000,1,3,2,0
1,4,1,1,1,4,7,1,4,1,1,1,1,2,3,120000,1,3,2,0
2,7,2,5,3,1,4,2,3,1,1,7,1,1,1,38916,1,1,1,0
1,4,1,1,1,1,1,1,3,1,1,8,1,2,3,68000,1,3,2,0
2,10,1,2,1,4,3,2,3,1,1,1,1,2,4,199950,1,1,1,0
2,12,1,1,8,1,7,1,4,2,1,8,1,1,3,49923,1,1,1,0
2,16,1,2,1,7,7,2,2,1,1,1,1,1,1,29376,1,1,3,0
2,15,1,5,1,1,7,2,2,1,1,1,4,2,2,87768,1,1,2,0
2,4,1,1,1,4,7,3,2,2,1,1,1,1,3,75000,1,3,2,0
2,2,1,2,1,2,7,2,1,1,1,5,1,1,2,6262,2,2,2,0
2,4,1,1,3,1,1,2,3,1,1,6,5,2,3,130000,1,3,2,0
2,4,1,1,1,4,2,1,3,1,1,1,1,1,3,70000,1,3,2,0
1,9,2,1,1,2,5,2,3,1,1,7,1,1,2,7800,2,2,2,0
2,1,1,2,1,4,1,2,4,1,1,8,1,1,1,54336,1,1,1,0
2,4,1,1,1,4,7,2,4,1,1,1,1,1,3,98000,1,3,2,0
1,8,1,2,1,9,4,1,3,1,1,2,1,2,1,40388,1,1,1,0
2,4,1,4,1,15,7,3,3,1,1,2,1,1,3,61000,1,3,2,0
2,1,1,1,1,2,7,1,2,1,1,2,1,1,1,104178,1,1,1,0
2,1,1,3,1,1,3,1,3,1,1,8,1,1,1,55562,1,1,1,0
2,11,1,2,1,3,2,1,2,1,1,2,6,2,1,55075,1,1,1,0
2,4,1,4,11,1,1,2,3,1,1,1,1,2,3,80000,1,3,2,0
2,14,1,1,8,1,3,1,4,1,1,2,4,1,5,5160,3,2,2,0
2,1,1,1,1,7,2,2,4,1,1,1,1,1,1,51394,1,1,1,0
2,4,1,2,1,1,7,1,4,1,1,4,6,1,3,140000,1,3,2,0
2,1,2,1,1,1,7,1,1,1,4,1,1,1,1,82981,1,1,1,0
1,6,1,2,1,1,1,2,3,1,4,1,1,2,1,21228,2,2,2,0
2,1,1,7,1,1,4,2,3,1,1,1,1,1,1,55562,1,1,1,0
2,4,2,1,1,4,5,2,3,1,1,3,1,2,3,70000,1,3,2,0
2,7,1,2,1,1,1,2,2,1,1,3,1,1,1,57522,1,1,1,0
2,10,3,1,8,1,7,1,2,1,1,4,1,1,4,959676,1,1,1,0
2,4,1,4,8,1,1,2,1,1,1,6,1,1,3,80000,1,3,2,0
2,2,1,2,1,1,7,2,3,1,1,6,3,2,2,9012,2,2,2,0
1,1,1,1,1,1,1,2,4,1,1,1,1,1,1,650076,1,1,1,0
2,4,1,1,1,15,3,2,4,1,1,8,1,1,3,90000,1,3,2,0
2,7,1,5,1,1,5,2,1,2,1,2,1,1,1,46992,1,1,1,0
2,10,3,1,1,1,1,2,4,1,1,3,1,1,4,149950,1,1,1,0
2,12,1,1,1,1,7,2,3,1,1,1,1,1,3,53949,1,1,1,0
2,6,1,6,1,1,11,1,4,1,1,8,1,2,1,42456,2,2,2,0
2,4,1,1,2,3,5,1,2,2,2,2,6,1,3,52500,1,3,2,0
2,11,1,2,1,9,3,2,3,1,1,1,1,2,1,44060,1,1,1,0
2,6,1,3,1,1,1,2,3,1,1,8,1,1,1,13800,2,2,2,0
2,4,1,1,3,1,2,2,4,1,1,2,1,1,3,130000,1,3,2,0
2,4,1,2,1,1,4,1,4,1,1,3,1,1,3,108000,1,3,2,0
2,1,1,1,8,6,11,2,2,1,1,7,1,1,1,69452,1,1,1,0
1,8,1,2,1,4,3,1,4,1,1,7,1,1,1,33045,1,1,1,0
2,4,1,1,3,14,6,1,3,1,1,4,3,1,3,106500,1,3,2,0
2,4,1,1,1,14,1,2,3,2,1,2,1,1,3,73500,1,3,2,0
2,11,1,1,1,2,7,1,2,1,1,2,1,2,1,29376,1,1,1,0
2,4,1,1,6,1,2,2,1,1,1,1,1,2,3,175000,1,3,2,0
2,2,2,1,1,1,3,2,3,1,1,1,3,2,2,172824,2,2,2,0
2,4,1,2,2,14,7,3,1,1,1,2,1,2,3,95000,1,3,2,0
2,2,1,1,1,6,2,1,1,1,1,8,3,1,2,5636,2,2,2,0
2,11,1,1,1,2,1,3,2,1,1,6,1,1,1,88119,1,1,1,0
2,7,1,5,3,1,2,1,3,1,1,7,2,1,1,80776,1,1,1,0
2,4,1,1,12,3,2,1,2,2,1,1,1,1,3,35000,1,3,2,0
2,4,1,1,1,1,7,3,2,1,1,8,1,2,3,95000,1,3,2,0
2,4,1,4,11,2,7,3,3,1,1,3,1,2,3,100000,1,3,2,0
2,3,1,1,1,7,3,2,3,1,1,2,1,1,1,50902,1,1,3,0
2,5,3,3,1,3,5,1,2,1,1,2,1,1,1,10896,2,2,1,0
2,2,1,1,1,3,7,3,1,1,1,1,1,2,2,53225,2,2,2,0
2,4,1,1,1,4,3,1,1,1,1,1,2,1,3,105000,1,3,2,0
2,6,1,6,8,4,3,2,3,1,1,5,1,1,1,14856,2,2,2,0
2,11,1,2,3,1,2,2,2,1,1,4,1,1,1,55075,1,1,1,0
2,17,1,3,12,1,3,2,2,1,1,3,1,1,1,39648,1,1,3,0
2,4,1,1,8,9,1,1,3,1,1,4,1,1,3,49440,1,3,2,0
2,12,1,1,1,1,3,1,1,1,1,1,1,1,3,80521,1,1,1,0
1,4,1,3,11,3,3,1,4,1,1,1,2,1,3,130000,1,3,2,0
2,4,1,1,8,1,3,1,2,1,1,1,1,1,3,118000,1,3,2,0
2,2,1,1,1,4,2,2,2,1,4,1,3,1,2,24420,2,2,2,0
2,18,1,1,1,1,7,2,1,1,1,1,1,1,1,104269,1,1,3,0
2,8,1,2,1,1,3,2,2,1,1,3,1,2,1,32316,1,1,1,0
2,7,1,2,1,1,7,2,3,2,1,3,1,1,1,52872,1,1,1,0
2,16,1,1,1,1,2,2,3,1,1,1,1,1,1,47736,1,1,3,0
2,1,1,7,7,1,7,2,2,1,2,1,1,1,1,51394,1,1,1,0
1,7,1,2,1,2,1,2,2,1,1,2,1,1,1,54336,1,1,1,0
2,7,2,5,1,1,7,2,3,1,1,1,1,1,1,12120,1,1,1,0
2,4,1,2,1,1,11,3,3,1,1,3,1,2,3,135000,1,3,2,0
2,1,1,1,1,4,3,1,2,1,1,3,1,2,1,38199,1,1,1,0
2,18,1,2,1,1,11,2,2,2,2,3,1,1,1,104269,1,1,3,0
1,16,1,2,1,1,4,2,4,1,1,1,1,1,1,59970,1,1,3,0
2,8,1,4,1,2,1,2,2,1,1,6,1,1,1,352476,1,1,1,0
1,4,3,1,1,4,7,2,2,1,1,3,3,1,3,96000,1,3,2,0
2,13,1,2,1,1,1,2,4,1,1,3,1,1,1,59970,1,1,1,0
1,16,2,2,7,8,2,2,4,1,1,4,1,1,1,45283,1,1,3,0
2,4,1,2,1,1,3,1,2,2,2,8,1,1,3,60000,1,3,2,0
2,12,1,1,1,1,3,2,3,1,1,1,1,1,3,96626,1,1,1,0
2,3,1,2,3,6,5,2,1,1,1,8,1,1,1,40428,1,1,3,0
2,2,1,1,3,1,2,3,3,1,1,8,3,1,2,6575,2,2,2,0
1,11,1,2,1,1,4,2,2,1,1,7,1,2,1,42836,1,1,1,0
2,12,1,2,1,1,7,3,3,1,1,6,1,1,3,28992,1,1,1,0
2,4,1,1,1,1,1,2,3,1,1,1,1,1,3,996000,1,3,2,0
2,4,1,1,6,3,5,2,2,1,1,1,1,1,3,2000000,1,3,2,0
2,4,1,2,1,1,1,2,1,1,1,3,3,1,3,120000,1,3,2,0
2,7,1,5,1,1,1,2,2,1,1,2,1,1,1,73428,1,1,1,0
2,4,1,1,1,1,3,2,2,1,1,3,1,1,3,95000,1,3,2,0
1,13,3,1,1,1,7,2,4,2,1,3,1,1,1,29376,1,1,1,0
2,1,1,2,1,1,3,1,4,1,1,3,1,1,1,750084,1,1,1,0
2,19,1,2,8,1,1,2,2,1,1,5,1,1,1,41124,1,1,3,0
2,4,1,1,4,1,7,1,1,1,1,5,1,1,3,130000,1,3,2,0
2,4,1,1,4,1,7,1,2,2,1,8,1,2,3,55000,1,3,2,0
2,4,3,2,6,1,3,2,4,1,1,1,5,1,3,100000,1,3,2,0
1,10,3,1,1,1,1,2,2,1,1,2,1,1,4,55981,1,1,1,0
2,4,1,1,9,6,11,1,4,1,1,3,1,1,3,87000,1,3,2,0
2,2,1,1,1,1,7,2,3,1,1,1,3,2,2,32874,2,2,2,0
2,8,2,7,1,1,1,3,4,1,3,3,1,2,1,24972,1,1,1,0
2,7,1,5,1,1,2,2,2,1,1,8,1,2,1,27900,1,1,1,0
1,4,1,2,1,1,4,2,4,1,1,5,1,1,3,117000,1,3,2,0
2,12,1,2,1,15,3,2,2,1,1,2,1,2,3,67638,1,1,1,0
2,4,1,1,1,1,3,2,1,1,1,3,1,1,3,100000,1,3,2,0
2,2,1,2,1,6,2,1,2,1,1,3,1,1,2,7044,2,2,2,0
2,5,1,1,9,6,1,2,3,2,1,3,1,2,1,28236,2,2,1,0
2,1,1,2,1,1,3,2,2,1,1,6,4,1,1,55562,1,1,1,0
2,1,1,1,1,4,1,2,4,1,1,2,1,1,1,44449,1,1,1,0
2,6,1,2,3,1,3,1,4,1,1,3,1,2,1,61992,2,2,2,0
2,18,1,1,1,1,11,2,2,1,2,1,1,1,1,114696,1,1,3,0
2,4,1,1,3,1,2,2,4,1,1,3,1,1,3,75000,1,3,2,0
2,3,1,3,1,1,4,1,4,1,1,1,1,1,1,53892,1,1,3,0
1,17,1,1,1,1,4,2,4,1,1,3,1,1,1,58752,1,1,3,0
2,11,1,2,1,3,3,2,3,1,1,1,1,2,1,41124,1,1,1,0
2,10,1,1,1,1,7,1,2,1,1,2,1,1,4,83972,1,1,1,0
2,7,1,2,3,3,2,2,2,1,1,4,6,1,1,68537,1,1,1,0
1,15,3,7,8,1,11,1,1,1,1,8,4,1,2,38616,1,1,2,0
2,2,1,1,6,14,7,1,3,1,4,5,1,1,2,225420,2,2,2,0
2,1,1,3,1,2,7,2,3,1,1,2,1,1,1,51394,1,1,1,0
2,1,1,1,7,1,5,2,2,2,1,8,1,1,1,750084,1,1,1,0
2,7,1,2,1,15,3,2,3,1,1,5,1,1,1,122388,1,1,1,0
2,11,1,2,12,1,7,1,2,1,1,4,1,1,1,39164,1,1,1,0
2,18,1,2,5,1,7,2,2,1,1,7,1,1,1,93842,1,1,3,0
1,10,1,3,4,2,4,2,4,1,1,3,1,1,4,51983,1,1,1,0
2,4,1,1,1,11,1,2,2,1,1,8,1,1,3,121000,1,3,2,0
1,4,1,1,5,15,2,3,4,1,1,2,4,1,3,72000,1,3,2,0
1,2,1,2,1,4,7,2,4,1,1,2,3,1,2,7827,2,2,2,0
2,14,3,1,1,1,4,2,2,1,1,1,2,1,5,44916,3,2,2,0
1,6,1,2,7,9,4,2,2,1,1,3,1,1,1,12096,2,2,2,0
2,4,1,1,1,4,3,1,3,1,1,1,1,1,3,78000,1,3,2,0
2,6,1,1,1,14,1,2,3,1,1,1,1,1,1,57324,2,2,2,0
2,2,1,1,1,1,2,2,1,1,1,8,2,2,2,11268,2,2,2,0
2,11,1,2,1,1,4,2,3,1,1,3,1,2,1,61194,1,1,1,0
1,4,1,1,3,4,2,1,1,1,1,1,1,1,3,68000,1,3,2,0
2,7,1,1,1,1,2,2,3,1,1,2,1,2,1,76368,1,1,1,0
2,2,1,2,1,10,3,3,1,1,1,3,3,1,2,56356,2,2,2,0
2,4,1,3,8,1,5,3,1,2,2,8,1,2,3,55000,1,3,2,0
1,4,1,1,1,1,9,1,4,1,1,4,1,1,3,90000,1,3,2,0
2,4,1,1,4,1,7,3,2,2,1,1,1,1,3,100000,1,3,2,0
2,7,1,5,1,1,11,2,3,1,1,8,1,2,1,38184,1,1,1,0
2,4,1,1,2,10,4,2,3,1,1,3,1,1,3,70000,1,3,2,0
2,7,1,5,3,1,4,1,1,1,1,4,6,1,1,85671,1,1,1,0
2,14,1,1,1,3,7,1,3,1,2,3,1,1,5,5988,3,2,2,0
1,2,1,1,1,2,7,4,4,1,1,6,4,1,2,10958,2,2,2,1
2,14,1,6,8,2,4,2,1,1,3,1,1,1,5,26196,3,2,2,0
2,7,1,2,3,1,1,2,3,1,1,2,1,1,1,76492,1,1,1,0
2,2,1,2,1,1,7,2,1,1,1,3,3,1,2,15654,2,2,2,0
2,4,1,1,1,1,1,2,2,1,2,3,1,2,3,70000,1,3,2,0
2,4,1,2,8,1,1,2,3,1,1,6,1,2,3,120000,1,3,2,0
2,4,1,2,5,14,7,1,4,1,1,3,1,1,3,1044000,1,3,2,0
2,4,1,3,3,1,2,3,1,1,1,3,1,1,3,60000,1,3,2,0
2,4,1,1,7,1,2,2,4,1,1,4,3,1,3,131000,1,3,2,0
2,4,1,1,1,5,4,2,4,1,1,4,1,2,3,1800000,1,3,2,0
2,4,1,5,8,1,11,3,3,1,1,4,1,1,3,113000,1,3,2,0
1,7,1,2,1,1,3,2,2,1,1,3,1,2,1,58746,1,1,1,0
2,4,1,1,9,4,1,1,2,1,1,1,1,1,3,240000,1,3,2,0
1,1,1,3,1,1,2,2,2,1,1,8,2,1,1,73619,1,1,1,0
2,13,1,2,3,1,4,2,2,1,1,7,1,1,1,45283,1,1,1,0
2,7,1,2,3,9,2,1,4,1,1,7,1,1,1,1000000,1,1,1,0
2,16,1,2,2,1,5,1,1,2,2,1,1,1,1,36716,1,1,3,0
2,14,1,1,1,1,3,3,2,2,1,2,1,1,5,37430,3,2,2,0
2,4,1,1,6,13,3,2,3,1,1,6,1,1,3,2000000,1,3,2,0
1,7,1,2,3,1,2,3,3,1,1,7,1,1,1,52872,1,1,1,0
2,6,1,5,3,1,5,2,3,1,1,1,1,2,1,21960,2,2,2,0
2,9,2,3,1,1,2,2,2,1,1,3,1,1,2,19068,2,2,2,0
2,7,1,1,1,4,2,1,3,1,1,1,1,1,1,67313,1,1,1,0
2,1,1,3,3,8,2,2,4,1,1,1,1,1,1,26808,1,1,1,0
2,4,1,1,1,4,7,1,2,1,1,6,1,1,3,55000,1,3,2,0
2,10,1,1,12,1,3,2,2,1,1,1,1,1,4,65978,1,1,1,0
2,8,1,3,1,2,7,2,3,1,1,7,1,2,1,36716,1,1,1,0
2,7,2,2,1,14,3,2,2,1,1,3,1,1,1,55812,1,1,1,0
2,4,1,1,7,1,1,2,2,1,1,1,1,1,3,2000000,1,3,2,0
2,4,1,1,1,6,2,1,4,1,1,3,1,1,3,115000,1,3,2,0
2,4,1,2,1,1,3,2,1,1,1,5,5,2,3,118000,1,3,2,0
2,19,3,3,1,1,1,2,4,1,1,2,1,1,1,61194,1,1,3,0
2,16,1,2,1,4,8,1,3,1,1,3,1,2,1,86895,1,1,3,0
2,16,1,3,1,3,4,1,3,1,1,2,1,2,1,61272,1,1,3,0
2,19,3,1,8,1,3,2,3,1,1,2,1,1,1,51403,1,1,3,0
2,4,1,1,2,4,2,1,4,1,1,1,1,1,3,50000,1,3,2,0
2,2,1,1,1,3,2,2,3,1,1,1,6,2,2,6575,2,2,2,0
2,4,1,1,9,4,2,3,2,1,3,1,1,1,3,78500,1,3,2,0
2,4,1,1,1,4,7,2,4,1,1,6,1,1,3,80000,1,3,2,0
2,4,1,1,2,3,2,2,3,1,1,3,1,1,3,75000,1,3,2,0
2,4,1,1,9,13,5,1,4,2,1,3,1,1,3,52000,1,3,2,0
1,9,2,2,1,8,7,1,2,1,1,4,1,1,2,15900,2,2,2,0
2,12,1,1,1,4,7,1,2,2,3,2,6,1,3,52339,1,1,1,0
2,4,1,1,3,1,10,1,2,1,1,1,6,1,3,180000,1,3,2,0
1,1,1,1,1,1,7,2,4,1,1,5,1,1,1,38893,1,1,1,0
1,2,2,1,3,1,2,2,1,1,1,9,6,1,2,47340,2,2,2,0
1,2,3,1,1,1,7,3,3,1,1,8,3,2,2,21916,2,2,2,0
2,15,1,3,1,1,7,2,3,1,1,5,4,1,2,108840,1,1,2,0
2,5,1,3,1,1,3,3,2,1,1,5,1,1,1,76458,2,2,1,0
1,1,1,1,1,1,7,1,3,1,1,1,4,2,1,58340,1,1,1,0
2,12,1,2,1,1,1,2,1,1,1,1,1,1,3,72469,1,1,1,0
2,4,1,1,8,1,2,3,3,1,1,8,1,1,3,49000,1,3,2,0
2,4,1,1,1,1,2,2,2,1,3,2,1,1,3,72000,1,3,2,0
2,10,1,1,1,1,3,2,2,1,1,2,6,1,4,87372,1,1,1,0
2,20,1,2,1,5,1,2,1,1,4,3,1,1,1,44400,3,2,2,0
2,4,1,7,5,2,2,2,3,1,1,2,1,1,3,92500,1,3,2,0
2,4,1,1,12,1,1,2,2,1,1,3,1,1,3,70000,1,3,2,0
2,4,1,1,1,2,7,3,3,1,1,2,3,2,3,80000,1,3,2,0
2,4,1,1,1,10,11,3,2,1,1,1,1,1,3,172000,1,3,2,0
2,4,1,1,2,1,2,2,3,1,1,1,1,1,3,75000,1,3,2,0
2,15,1,1,1,1,11,2,3,1,1,3,1,2,2,140436,1,1,2,0
1,6,2,2,7,2,5,2,3,1,1,7,1,1,1,14856,2,2,2,0
1,4,1,1,1,1,7,2,3,1,1,3,1,1,3,105000,1,3,2,0
2,16,1,1,8,1,1,2,1,1,1,1,1,1,1,63156,1,1,3,0
2,1,1,2,3,1,7,2,2,1,1,3,1,1,1,58340,1,1,1,0
2,4,1,2,1,1,4,2,1,1,1,1,1,2,3,304000,1,3,2,0
2,3,1,3,12,1,3,2,4,1,1,1,1,1,1,59880,1,1,3,0
2,4,2,1,2,6,2,4,4,1,1,3,1,1,3,80000,1,3,2,1
2,7,1,1,5,2,1,2,4,1,1,1,1,1,1,73433,1,1,1,0
2,17,2,1,1,1,7,2,2,1,1,1,1,1,1,41856,1,1,3,0
2,4,1,2,3,1,3,3,3,1,2,8,1,1,3,118000,1,3,2,0
2,2,1,1,1,1,7,1,1,1,1,1,3,1,2,34440,2,2,2,0
2,2,1,1,1,1,7,3,4,1,1,7,3,2,2,14664,2,2,2,0
2,4,1,1,1,1,4,2,3,1,1,1,1,2,3,120000,1,3,2,0
1,10,1,1,1,4,3,1,1,1,1,1,1,2,4,91570,1,1,1,0
1,12,1,3,1,4,3,2,3,1,1,1,1,1,3,20292,1,1,1,0
2,14,1,1,1,2,2,2,1,1,1,1,1,1,5,19464,3,2,2,0
2,4,1,1,7,1,2,1,3,1,1,4,1,2,3,137000,1,3,2,0
2,19,1,2,1,1,1,3,1,1,3,3,1,1,1,63397,1,1,3,0
2,4,1,1,1,4,4,1,2,1,1,3,1,2,3,120000,1,3,2,0
2,6,1,1,8,1,3,2,4,2,1,1,1,1,1,36624,2,2,2,0
2,2,1,1,1,1,2,2,4,1,1,8,1,1,2,4696,2,2,2,0
2,4,1,1,1,1,3,2,3,1,1,1,1,2,3,82000,1,3,2,0
2,4,1,2,3,2,2,1,2,2,1,1,3,1,3,62400,1,3,2,0
1,4,1,1,1,2,3,1,2,1,1,1,6,1,3,145000,1,3,2,0
2,4,1,1,1,1,2,2,2,1,1,4,1,1,3,140000,1,3,2,0
2,4,2,2,2,1,2,2,2,1,1,3,1,2,3,25000,1,3,2,0
1,4,1,1,8,6,2,3,4,2,2,1,1,1,3,62000,1,3,2,0
2,9,1,1,1,3,7,1,3,1,1,7,4,1,2,23844,2,2,2,0
1,1,1,1,5,1,2,1,1,2,1,4,1,1,1,50005,1,1,1,0
2,7,1,2,8,1,4,2,3,1,1,7,1,1,1,97910,1,1,1,0
2,13,1,1,1,2,3,2,3,1,1,1,2,2,1,55075,1,1,1,0
2,4,1,1,1,1,3,2,4,1,1,1,1,1,3,142000,1,3,2,0
2,16,2,1,1,1,4,2,2,1,1,8,1,2,1,43476,1,1,3,0
1,5,1,1,5,1,2,3,3,1,1,1,1,2,1,18348,2,2,1,0
2,5,1,3,1,15,3,2,2,1,4,8,1,1,1,52933,2,2,1,0
2,4,1,5,1,1,3,2,1,1,1,2,1,1,3,65000,1,3,2,0
2,4,1,2,1,1,7,2,2,1,1,3,1,1,3,52000,1,3,2,0
1,18,1,1,1,1,7,2,3,2,1,3,3,2,1,1000000,1,1,3,0
2,13,3,6,1,3,2,1,3,1,1,5,1,1,1,30597,1,1,1,0
2,4,1,2,1,1,7,2,2,1,1,3,1,2,3,696000,1,3,2,0
2,4,1,1,9,6,5,3,4,1,1,4,1,1,3,50000,1,3,2,0
2,12,2,4,12,4,2,1,3,2,1,1,1,1,3,17292,1,1,1,0
2,2,2,1,1,1,2,1,2,1,1,8,5,1,2,93600,2,2,2,0
2,4,1,1,1,9,2,2,3,1,1,9,6,1,3,96000,1,3,2,0
2,12,2,1,1,1,7,2,2,1,1,7,3,1,3,84547,1,1,1,0
2,6,1,3,3,3,7,2,3,1,1,1,1,1,1,21228,2,2,2,0
2,4,1,3,1,1,7,2,2,1,1,1,1,2,3,130000,1,3,2,0
2,4,1,4,8,1,7,2,3,2,3,6,1,2,3,130000,1,3,2,0
2,9,1,1,1,1,7,2,3,1,1,3,4,1,2,23844,2,2,2,0
2,1,1,3,1,15,1,2,4,1,1,1,1,1,1,131264,1,1,1,0
2,4,1,3,5,13,2,2,3,1,1,8,1,2,3,125000,1,3,2,0
2,13,1,5,1,1,8,3,1,1,1,1,1,2,1,100950,1,1,1,0
2,18,2,2,7,8,1,2,4,1,1,1,1,1,1,67572,1,1,3,0
2,11,2,7,5,8,1,3,3,1,1,7,1,1,1,27900,1,1,1,0
2,4,1,1,1,1,1,2,4,1,1,8,1,1,3,110000,1,3,2,0
2,4,1,1,4,1,7,1,4,2,1,1,1,1,3,85000,1,3,2,0
2,4,1,1,1,2,1,2,2,1,1,1,1,2,3,155000,1,3,2,0
2,14,1,1,1,1,4,2,3,1,1,1,1,1,5,12348,3,2,2,0
2,20,1,2,4,1,5,2,3,1,4,3,1,1,1,5016,3,2,2,0
2,4,1,1,1,1,2,2,2,1,2,8,1,1,3,40000,1,3,2,0
2,1,1,1,6,3,5,2,1,2,1,1,1,1,1,50,1,1,1,0
2,4,1,1,1,4,3,2,3,1,1,1,1,1,3,90000,1,3,2,0
1,7,1,3,1,10,1,3,3,1,1,3,1,2,1,88119,1,1,1,0
2,8,2,2,1,9,1,2,3,1,1,3,1,1,1,79552,1,1,1,0
2,16,1,1,1,1,3,2,4,1,1,3,3,1,1,75636,1,1,3,0
2,14,1,1,8,2,1,2,2,1,1,3,1,2,5,29940,3,2,2,0
2,7,1,2,4,11,5,2,2,2,1,2,1,1,1,35982,1,1,1,0
1,4,1,1,1,1,2,2,1,1,1,5,2,1,3,75000,1,3,2,0
2,4,1,3,1,4,2,3,3,1,1,8,1,2,3,52000,1,3,2,0
2,18,1,4,1,1,7,3,4,1,1,6,1,1,1,72989,1,1,3,0
2,1,1,1,1,2,1,2,3,2,1,2,1,1,1,118068,1,1,1,0
1,4,1,1,6,1,2,2,3,1,1,6,1,2,3,110000,1,3,2,0
2,7,1,1,1,1,8,1,2,1,1,6,1,1,1,88116,1,1,1,0
2,10,1,2,8,1,7,1,4,1,2,2,1,1,4,71976,1,1,1,0
1,4,1,2,1,1,1,2,2,1,1,6,1,2,3,68250,1,3,2,0
2,7,1,2,3,1,2,2,2,2,1,3,1,2,1,61194,1,1,1,0
2,14,3,1,1,1,1,2,4,1,1,7,2,1,5,26580,3,2,2,0
2,4,1,1,3,1,3,2,3,1,1,6,1,2,3,112000,1,3,2,0
2,10,1,3,1,1,8,3,2,1,1,1,1,2,4,73576,1,1,1,0
2,2,1,1,3,1,1,1,3,1,1,3,3,1,2,18785,2,2,2,0
1,4,1,1,1,4,2,2,4,1,1,6,1,1,3,67500,1,3,2,0
1,7,1,2,1,9,4,2,4,1,1,3,1,2,1,104030,1,1,1,0
2,4,1,1,1,1,7,1,4,2,1,8,5,1,3,95000,1,3,2,0
1,1,1,1,1,4,1,2,2,1,1,1,1,1,1,48616,1,1,1,0
2,1,1,2,1,1,1,1,3,1,1,2,1,1,1,69452,1,1,1,0
2,1,1,1,1,3,1,3,2,1,1,2,1,1,1,41671,1,1,1,0
2,1,1,1,1,17,1,2,2,1,1,2,1,1,1,54034,1,1,1,0
2,3,1,1,3,4,2,1,4,1,1,1,1,2,1,49404,1,1,3,0
2,4,1,5,1,1,4,2,4,1,1,1,1,1,3,100000,1,3,2,0
1,15,1,1,3,3,3,1,3,1,1,7,4,2,2,87768,1,1,2,0
2,7,1,5,1,1,7,2,2,1,1,2,1,1,1,73433,1,1,1,0
2,16,1,1,1,1,1,1,2,1,1,8,1,2,1,51408,1,1,3,0
2,11,1,2,12,4,7,2,3,1,1,3,1,1,1,60147,1,1,1,0
2,2,2,1,1,1,2,2,2,1,1,3,1,1,2,12216,2,2,2,0
2,4,1,2,1,3,3,3,3,1,1,1,1,1,3,127000,1,3,2,0
2,2,1,1,1,1,2,2,2,1,1,1,3,1,2,11741,2,2,2,0
1,4,3,2,9,1,2,1,1,1,1,1,1,2,3,70001,1,3,2,0
2,4,2,1,4,1,7,2,3,1,1,1,1,1,3,92000,1,3,2,0
2,1,1,2,1,1,11,2,3,1,1,2,1,2,1,97233,1,1,1,0
2,4,2,5,1,1,1,1,3,1,1,8,1,2,3,76500,1,3,2,0
2,1,1,1,7,1,2,1,3,1,1,1,1,1,1,33337,1,1,1,0
2,4,2,2,1,18,7,1,1,1,1,3,3,1,3,116000,1,3,2,0
2,4,1,5,1,1,7,2,2,1,1,1,1,1,3,116000,1,3,2,0
1,4,1,1,6,9,2,2,1,1,1,1,1,2,3,52000,1,3,2,0
2,7,1,3,1,11,7,2,2,1,1,2,1,1,1,52627,1,1,1,0
2,10,1,1,1,1,4,2,2,1,1,1,1,1,4,1000000,1,1,1,0
2,2,1,2,1,1,1,2,2,2,1,2,1,2,2,17220,2,2,2,0
2,4,1,2,1,14,2,2,4,1,3,3,1,1,3,60000,1,3,2,0
2,4,1,4,1,1,7,3,3,1,1,6,1,2,3,59529,1,3,2,0
2,1,1,2,1,1,3,1,1,1,1,4,1,1,1,86120,1,1,1,0
2,2,1,1,1,1,2,3,3,1,1,2,1,1,2,7884,2,2,2,0
2,6,1,1,3,1,3,2,1,1,1,3,1,1,1,46704,2,2,2,0
2,16,1,2,1,6,2,1,2,1,1,3,1,1,1,587460,1,1,3,0
2,13,1,2,8,1,7,2,3,1,2,3,1,1,1,37206,1,1,1,0
1,7,2,1,1,14,2,2,2,1,1,2,6,1,1,10400,1,1,1,0
2,2,1,1,3,1,5,1,4,1,1,2,1,1,2,3000,2,2,2,0
2,4,1,1,3,8,1,2,4,1,1,3,6,1,3,141000,1,3,2,0
2,12,1,7,7,1,1,3,3,1,1,3,1,1,3,40000,1,1,1,0
2,6,1,1,1,4,4,2,1,1,1,1,1,1,1,19104,2,2,2,0
1,8,1,3,1,1,1,1,3,1,1,2,1,1,1,36716,1,1,1,0
1,4,1,1,1,1,1,2,3,1,1,3,1,1,3,60000,1,3,2,0
2,4,1,1,7,1,5,1,3,1,1,3,1,1,3,58000,1,3,2,0
2,16,1,1,1,1,11,3,2,1,1,4,1,2,1,110148,1,1,3,0
2,12,1,1,1,1,1,3,3,1,1,2,1,1,3,48313,1,1,1,0
2,16,1,2,2,1,3,1,2,1,1,2,1,1,1,64866,1,1,3,0
2,4,1,2,1,2,1,2,2,1,1,8,1,1,3,138000,1,3,2,0
2,4,1,1,1,1,7,2,2,1,1,8,1,1,3,115000,1,3,2,0
1,12,1,1,8,1,3,2,2,1,1,7,1,1,3,67362,1,1,1,0
1,12,1,1,1,1,7,1,1,1,1,1,1,1,3,74080,1,1,1,0
2,7,1,2,1,1,1,1,4,1,1,3,1,1,1,73433,1,1,1,0
1,1,1,2,1,1,3,2,3,1,1,1,1,2,1,55603,1,1,1,0
2,4,1,2,3,14,2,1,4,1,1,8,6,1,3,120000,1,3,2,0
2,7,1,1,8,1,3,2,3,1,1,2,1,1,1,44064,1,1,1,0
2,4,1,1,1,1,8,3,3,1,1,3,1,2,3,101000,1,3,2,0
2,10,1,1,1,1,1,1,1,2,1,3,1,1,4,74375,1,1,1,0
2,3,1,3,1,3,11,3,3,1,1,3,1,1,1,68868,1,1,3,0
2,18,1,2,1,9,3,3,3,1,1,3,1,2,1,108440,1,1,3,0
2,12,2,1,1,1,3,3,4,1,1,1,6,1,3,140912,1,1,1,0
2,10,1,7,3,13,4,2,3,1,1,4,1,1,4,67977,1,1,1,0
2,4,1,1,4,3,3,2,2,1,1,4,1,1,3,182000,1,3,2,0
2,13,2,1,1,1,3,3,2,1,1,7,2,1,1,24478,1,1,1,0
2,4,1,1,8,1,7,2,2,1,1,2,1,1,3,90000,1,3,2,0
1,2,1,1,3,2,2,1,2,1,1,2,1,1,2,147468,2,2,2,0
1,2,1,1,3,9,3,2,4,1,1,7,3,2,2,45398,2,2,2,0
2,4,1,1,1,1,7,2,3,1,1,8,1,1,3,150000,1,3,2,0
2,1,1,1,1,1,8,2,3,1,1,1,1,1,1,59729,1,1,1,0
2,4,1,2,5,14,2,2,3,1,1,3,6,1,3,65000,1,3,2,0
2,2,1,2,8,3,1,2,1,1,1,7,6,2,2,7671,2,2,2,0
1,4,1,3,1,1,10,2,4,1,1,1,1,2,3,280000,1,3,2,0
2,7,1,2,1,1,1,1,3,1,1,2,1,1,1,80772,1,1,1,0
2,13,1,6,1,1,3,3,3,1,1,1,5,2,1,36716,1,1,1,0
2,2,1,1,1,4,5,2,4,1,1,1,1,1,2,11271,2,2,2,0
2,2,2,8,8,7,7,3,2,1,1,1,4,2,2,131496,2,2,2,0
1,10,1,1,1,1,4,1,3,1,1,2,4,2,4,99967,1,1,1,0
2,11,1,2,1,1,2,2,4,1,1,9,1,1,1,42836,1,1,1,0
2,4,1,2,3,9,2,1,3,1,1,1,1,2,3,101600,1,3,2,0
2,4,2,1,7,14,5,2,1,1,1,7,1,1,3,30000,1,3,2,0
2,1,1,2,4,1,1,1,4,1,1,1,1,1,1,97233,1,1,1,0
2,1,1,3,7,4,2,3,4,1,1,2,1,1,1,25003,1,1,1,0
1,1,1,2,1,3,7,1,2,1,1,1,5,1,1,833424,1,1,1,0
2,4,1,3,1,1,11,1,3,1,1,5,1,2,3,100000,1,3,2,0
2,4,2,3,1,1,11,2,1,1,1,8,1,2,3,150000,1,3,2,0
2,4,1,4,11,1,1,3,3,1,1,1,1,1,3,50000,1,3,2,0
2,4,1,2,1,4,7,1,2,1,1,4,3,1,3,135000,1,3,2,0
2,2,1,1,1,1,2,1,3,1,1,1,1,1,2,6262,2,2,2,0
2,4,1,7,3,14,7,2,4,1,1,4,1,1,3,110000,1,3,2,0
2,16,1,2,1,8,1,3,3,1,1,2,1,2,1,73433,1,1,3,0
2,4,1,1,2,1,7,2,3,1,2,1,1,2,3,94000,1,3,2,0
1,4,1,1,8,1,2,1,2,1,1,8,1,1,3,53000,1,3,2,0
2,1,1,1,1,1,7,2,2,1,1,2,1,1,1,52783,1,1,1,0
2,15,1,1,4,11,5,1,4,2,2,3,4,1,2,26328,1,1,2,0
2,7,3,2,1,16,4,2,3,1,1,3,1,1,1,66089,1,1,1,0
2,1,1,2,5,1,7,2,4,1,1,2,6,1,1,113901,1,1,1,0
2,4,1,1,2,1,2,2,2,1,1,8,1,1,3,50000,1,3,2,0
2,4,1,3,11,1,2,3,3,1,1,1,1,1,3,60000,1,3,2,0
2,4,1,2,1,1,8,1,2,1,1,1,1,2,3,178000,1,3,2,0
2,7,1,1,3,3,7,2,3,1,1,1,1,1,1,67313,1,1,1,0
2,4,1,1,1,2,7,2,4,1,1,1,1,2,3,150000,1,3,2,0
2,4,1,2,1,1,1,2,2,1,1,1,1,2,3,150000,1,3,2,0
1,16,1,1,1,1,2,1,4,2,1,3,1,1,1,77844,1,1,3,0
2,14,3,3,1,6,2,3,3,1,3,3,1,1,5,7860,3,2,2,0
1,7,3,2,6,1,5,2,3,1,1,3,1,1,1,35244,1,1,1,0
2,11,1,2,1,1,4,3,2,1,1,4,1,1,1,116268,1,1,1,0
1,7,1,2,1,1,7,2,3,1,1,3,1,2,1,104030,1,1,1,0
2,16,1,4,1,1,1,3,1,1,1,2,1,1,1,55075,1,1,3,0
2,4,1,1,1,1,7,2,2,1,1,3,1,1,3,68000,1,3,2,0
2,4,1,2,7,1,2,1,3,1,1,4,2,1,3,85000,1,3,2,0
2,5,1,2,1,1,2,2,2,1,1,3,1,1,1,38820,2,2,1,0
1,7,1,1,1,1,2,2,2,1,1,8,1,1,1,54336,1,1,1,0
2,1,1,1,7,4,7,2,1,1,1,2,1,1,1,69452,1,1,1,0
2,4,1,2,5,1,7,2,4,1,4,3,1,1,3,175000,1,3,2,0
2,4,1,2,1,16,7,1,1,1,1,8,2,1,3,85000,1,3,2,0
2,10,1,1,1,1,4,3,3,1,1,3,1,1,4,66300,1,1,1,0
2,7,3,1,1,1,11,2,2,1,1,3,1,1,1,24228,1,1,1,0
1,4,1,2,1,1,7,2,3,2,4,3,6,1,3,85000,1,3,2,0
2,4,1,1,9,1,3,2,3,1,1,3,1,2,3,110000,1,3,2,0
2,14,1,1,8,1,1,2,1,1,1,3,1,1,5,15900,3,2,2,0
2,4,1,1,1,9,7,1,3,1,1,2,1,1,3,54000,1,3,2,0
2,1,1,3,1,1,1,1,2,1,1,8,1,1,1,31948,1,1,1,0
2,4,1,1,8,1,7,4,2,1,1,1,1,1,3,63000,1,3,2,1
2,4,1,2,1,1,3,1,2,1,2,1,1,1,3,80000,1,3,2,0
2,4,1,1,7,1,7,1,3,1,1,1,7,2,3,120000,1,3,2,0
1,7,1,2,1,15,2,2,2,1,1,2,1,1,1,54336,1,1,1,0
2,13,1,1,1,1,3,2,1,1,1,1,2,1,1,61194,1,1,1,0
2,8,1,2,5,1,2,2,3,1,1,3,1,2,1,19824,1,1,1,0
2,4,1,1,1,1,3,1,3,1,1,3,1,2,3,92000,1,3,2,0
2,14,1,1,8,1,2,2,3,1,1,4,1,1,5,22452,3,2,2,0
2,10,1,3,1,1,3,2,4,2,1,1,1,1,4,87971,1,1,1,0
2,4,1,1,1,1,7,2,3,1,1,2,1,1,3,50000,1,3,2,0
2,4,1,1,1,1,1,2,4,1,1,3,3,1,3,130000,1,3,2,0
2,2,1,1,1,2,1,3,3,1,1,3,3,2,2,28444,2,2,2,0
2,4,2,3,1,1,2,1,2,2,4,4,1,1,3,24000,1,3,2,0
2,1,1,1,1,1,7,2,2,1,1,2,1,1,1,90288,1,1,1,0
2,18,1,1,1,1,3,2,3,1,1,3,1,1,1,98013,1,1,3,0
2,5,1,2,1,1,4,2,3,2,1,4,4,2,1,65280,2,2,1,0
2,18,1,2,1,3,2,2,3,1,1,4,4,2,1,88629,1,1,3,0
1,14,1,1,1,1,7,2,4,2,1,2,1,1,5,33684,3,2,2,0
2,4,1,1,1,1,7,2,4,2,1,4,1,1,3,80000,1,3,2,0
2,4,1,1,1,9,1,2,1,1,1,3,1,1,3,100000,1,3,2,0
2,5,2,1,1,1,7,3,3,1,1,2,1,1,1,37347,2,2,1,0
2,17,1,1,8,4,7,2,2,1,1,8,1,1,1,44544,1,1,3,0
1,2,1,2,1,1,3,2,3,1,1,3,2,2,2,15654,2,2,2,0
2,4,1,1,1,4,1,3,4,1,1,1,3,1,3,150000,1,3,2,0
2,16,1,1,1,1,11,2,2,1,1,1,1,1,1,42836,1,1,3,0
2,4,1,2,3,3,2,2,4,1,1,5,1,1,3,140000,1,3,2,0
2,4,1,4,1,2,7,3,1,1,1,1,1,1,3,78500,1,3,2,0
2,19,1,2,1,1,2,2,4,1,1,9,3,1,1,45528,1,1,3,0
2,7,1,1,1,1,7,2,2,1,1,1,1,2,1,61194,1,1,1,0
2,4,1,4,1,1,2,2,1,1,1,8,1,2,3,53500,1,3,2,0
1,4,1,2,2,4,2,2,3,2,2,4,2,1,3,92000,1,3,2,0
1,4,1,1,1,1,1,2,2,1,1,1,1,1,3,67750,1,3,2,0
2,12,1,1,3,9,7,2,1,1,1,1,1,1,3,64417,1,1,1,0
1,14,1,2,1,1,1,1,2,1,3,3,5,1,5,22452,3,2,2,0
2,4,1,1,1,1,7,2,3,1,1,1,1,1,3,102000,1,3,2,0
1,16,1,1,1,1,3,1,3,1,1,2,1,2,1,79552,1,1,3,0
2,1,1,3,12,1,3,1,2,1,1,8,1,2,1,66674,1,1,1,0
2,18,2,1,1,1,1,2,3,1,1,5,1,1,1,62556,1,1,3,0
2,11,1,2,1,4,7,2,2,1,1,1,1,1,1,46507,1,1,1,0
2,14,3,3,1,1,11,2,3,1,1,6,1,2,5,26580,3,2,2,0
2,4,1,1,1,1,2,1,2,1,1,3,1,1,3,49900,1,3,2,0
2,8,1,3,1,1,3,2,1,1,1,2,1,1,1,33780,1,1,1,0
2,4,1,1,5,6,7,2,3,1,1,1,1,1,3,68000,1,3,2,0
2,4,1,1,1,3,4,2,2,1,1,1,4,2,3,165000,1,3,2,0
2,4,1,1,1,1,2,1,4,1,1,1,1,1,3,112000,1,3,2,0
1,13,1,1,1,3,7,1,2,1,1,2,3,1,1,25089,1,1,1,0
2,4,3,2,8,15,7,1,3,1,1,1,1,1,3,100000,1,3,2,0
2,5,1,3,1,1,7,2,3,1,1,3,1,1,1,28932,2,2,1,0
2,2,1,2,1,7,7,2,4,1,1,1,3,1,2,28176,2,2,2,0
2,16,1,3,9,4,5,2,2,1,1,1,1,1,1,43320,1,1,3,0
2,1,1,2,1,1,3,2,1,1,1,2,1,1,1,93066,1,1,1,0
2,11,1,7,7,14,3,2,4,1,1,3,1,1,1,44064,1,1,1,0
2,16,1,1,1,1,4,2,3,1,1,2,1,1,1,52872,1,1,3,0
2,4,1,2,5,4,2,2,4,1,1,3,3,1,3,72000,1,3,2,0
2,1,1,2,1,1,1,2,2,1,3,2,1,1,1,44449,1,1,1,0
1,2,1,1,3,8,1,2,3,1,1,1,3,1,2,6575,2,2,2,0
2,2,2,2,1,13,7,2,3,1,1,7,3,1,2,11268,2,2,2,0
2,7,1,5,1,1,3,3,2,1,1,3,1,1,1,45528,1,1,1,0
1,1,1,1,1,1,2,2,2,1,1,8,1,1,1,29170,1,1,1,0
1,12,1,1,1,9,7,1,2,1,3,3,1,1,3,53144,1,1,1,0
2,3,1,4,12,1,2,1,2,1,1,1,4,2,1,47904,1,1,3,0
2,1,1,3,8,1,1,1,1,1,1,8,1,1,1,50005,1,1,1,0
2,2,1,1,1,1,7,2,3,1,1,1,3,1,2,13150,2,2,2,0
1,7,3,1,3,1,2,3,4,1,1,1,1,1,1,51403,1,1,1,0
2,4,1,1,9,1,2,1,2,2,3,3,1,1,3,125000,1,3,2,0
2,20,1,1,3,1,5,2,4,1,1,3,2,1,1,21600,3,2,2,0
2,4,1,1,2,14,2,2,2,1,1,1,1,2,3,70000,1,3,2,0
2,4,1,3,1,1,1,2,3,1,1,3,2,1,3,65000,1,3,2,0
2,4,1,5,3,1,4,3,3,1,1,2,1,1,3,114000,1,3,2,0
2,5,1,1,1,1,2,3,2,1,1,2,1,1,1,33528,2,2,1,0
2,19,1,3,2,1,4,1,3,1,1,8,1,1,1,57276,1,1,3,0
1,4,1,2,2,13,5,2,3,2,3,3,5,2,3,61003,1,3,2,0
1,4,1,2,7,4,2,2,1,1,1,3,1,1,3,80000,1,3,2,0
2,7,1,2,5,1,4,2,1,1,1,1,1,1,1,1000000,1,1,1,0
2,5,1,2,3,1,8,1,4,1,1,8,1,2,1,15876,2,2,1,0
2,12,1,1,1,1,1,2,3,2,1,2,1,1,3,70456,1,1,1,0
2,7,3,3,4,1,3,2,3,1,1,2,1,1,1,54340,1,1,1,0
2,4,1,3,10,1,7,2,3,1,1,4,1,1,3,68000,1,3,2,0
2,1,1,1,1,1,8,2,2,1,1,3,5,1,1,97233,1,1,1,0
2,1,1,3,5,1,5,3,3,1,1,3,1,1,1,34726,1,1,1,0
2,4,3,1,1,9,1,2,2,1,1,3,1,2,3,96900,1,3,2,0
2,4,1,1,8,1,7,1,4,1,1,1,2,2,3,110000,1,3,2,0
2,7,1,2,1,1,7,2,2,1,1,2,1,1,1,58752,1,1,1,0
2,4,3,1,1,1,7,2,3,1,1,1,3,1,3,77000,1,3,2,0
2,1,1,1,1,1,7,2,1,1,1,2,1,1,1,76397,1,1,1,0
2,18,1,5,8,3,2,2,2,1,1,6,1,1,1,53172,1,1,3,0
2,4,1,1,3,1,7,1,4,1,1,1,2,1,3,75000,1,3,2,0
2,4,1,1,1,1,7,2,4,1,1,3,2,1,3,895908,1,3,2,0
2,4,1,1,1,3,2,2,1,1,1,1,1,1,3,90000,1,3,2,0
2,16,1,2,1,2,1,2,3,1,1,8,1,1,1,79552,1,1,3,0
1,2,1,1,1,1,7,1,2,1,1,1,3,2,2,21916,2,2,2,0
2,2,1,1,8,1,2,2,1,1,1,2,1,1,2,28178,2,2,2,0
1,13,1,2,1,3,3,3,3,1,1,9,1,1,1,308412,1,1,1,0
2,4,1,1,1,1,2,2,3,1,1,2,1,1,3,2000000,1,3,2,0
1,4,1,1,1,2,5,1,2,1,1,3,5,2,3,77000,1,3,2,0
1,12,1,1,1,1,7,1,4,1,1,1,1,2,3,49923,1,1,1,0
1,4,1,2,1,1,3,2,2,2,1,1,1,1,3,120000,1,3,2,0
1,4,1,1,1,1,1,2,4,1,1,3,1,1,3,115000,1,3,2,0
2,17,3,2,1,4,7,2,3,1,1,1,1,1,1,38184,1,1,3,0
2,3,1,2,3,1,4,2,2,1,1,3,1,1,1,47904,1,1,3,0
2,13,1,3,8,1,2,2,2,1,1,3,2,1,1,36720,1,1,1,0
2,9,2,1,1,13,5,4,4,2,1,3,1,2,2,24000,2,2,2,1
2,4,1,1,1,3,7,1,3,1,1,3,2,2,3,105000,1,3,2,0
2,4,1,3,12,4,1,1,3,1,1,5,1,1,3,80000,1,3,2,0
2,6,1,1,1,1,4,2,4,1,1,1,1,2,1,57324,2,2,2,0
2,4,1,1,1,1,8,2,4,1,1,1,1,2,3,150000,1,3,2,0
2,4,1,1,4,1,5,2,2,1,1,1,1,1,3,48000,1,3,2,0
2,4,1,1,7,1,4,3,4,1,1,3,1,1,3,135000,1,3,2,0
2,4,3,2,4,1,3,3,2,1,1,4,1,2,3,120000,1,3,2,0
2,4,1,2,1,1,3,3,4,1,1,1,1,1,3,125000,1,3,2,0
2,4,1,1,1,1,7,2,1,2,1,3,1,1,3,105000,1,3,2,0
2,4,1,1,6,3,2,2,2,1,1,2,1,2,3,84000,1,3,2,0
2,13,1,1,3,3,7,3,4,1,1,8,2,2,1,35492,1,1,1,0
2,10,1,1,1,4,3,1,3,1,1,1,1,1,4,71976,1,1,1,0
2,4,1,1,1,9,7,3,3,1,1,3,1,1,3,52500,1,3,2,0
2,16,1,2,1,4,7,2,2,1,1,2,1,1,1,1000000,1,1,3,0
2,2,1,1,1,1,5,2,1,1,1,1,3,2,2,5448,2,2,2,0
2,2,1,1,1,1,2,1,3,1,1,1,3,1,2,5640,2,2,2,0
2,2,1,1,1,3,2,2,4,1,1,1,3,1,2,31309,2,2,2,0
2,4,1,1,9,1,1,2,2,1,1,6,5,1,3,47000,1,3,2,0
1,14,1,3,7,6,5,3,3,1,4,1,1,1,5,4860,3,2,2,0
2,18,1,3,3,3,1,2,2,1,1,3,1,2,1,103227,1,1,3,0
2,2,1,1,1,1,2,3,3,1,1,7,5,2,2,9393,2,2,2,0
2,2,1,1,3,3,2,2,1,1,1,1,3,1,2,6951,2,2,2,0
2,2,1,2,1,1,2,2,3,1,1,1,1,1,2,187848,2,2,2,0
2,18,1,2,1,1,1,2,4,1,1,6,1,1,1,104269,1,1,3,0
2,2,1,2,1,1,3,2,2,1,1,7,3,2,2,13524,2,2,2,0
2,14,1,2,6,14,7,2,4,1,1,4,1,1,5,109170,3,2,2,0
2,8,1,5,1,1,1,2,2,2,1,3,1,1,1,337788,1,1,1,0
2,4,1,1,1,8,7,2,2,1,1,1,1,1,3,65000,1,3,2,0
2,4,3,1,1,11,2,2,2,1,1,1,3,1,3,105000,1,3,2,0
2,7,1,7,1,1,11,2,1,1,1,1,1,1,1,58752,1,1,1,0
1,2,1,1,8,2,7,2,3,1,2,7,3,1,2,15654,2,2,2,0
2,7,1,2,1,1,1,1,3,1,1,1,1,1,1,73433,1,1,1,0
2,8,2,2,1,1,7,2,4,1,1,2,1,1,1,42836,1,1,1,0
1,16,1,2,4,11,5,1,3,1,1,3,1,1,1,49932,1,1,3,0
2,11,1,2,1,1,11,4,2,1,1,4,1,2,1,954624,1,1,1,1
2,7,1,2,1,2,4,2,2,1,1,3,1,1,1,91791,1,1,1,0
2,5,1,2,1,4,2,3,4,1,1,2,4,1,1,31764,2,2,1,0
2,1,1,7,1,8,4,1,3,1,2,4,1,1,1,52783,1,1,1,0
2,2,2,1,3,1,1,2,2,1,1,8,2,1,2,31309,2,2,2,0
2,4,1,1,1,1,4,3,4,1,2,3,1,1,3,99204,1,3,2,0
2,4,1,3,1,4,1,1,4,1,1,8,5,2,3,95000,1,3,2,0
1,6,1,2,1,1,4,1,2,1,1,3,1,2,1,47760,2,2,2,0
2,4,1,2,1,1,7,1,4,1,1,5,1,1,3,75000,1,3,2,0
2,2,1,2,1,9,5,1,2,1,1,9,1,1,2,4884,2,2,2,0
2,4,1,3,1,1,1,5,3,1,1,8,1,2,3,80000,1,3,2,0
2,17,1,2,1,1,3,1,2,1,1,3,1,1,1,66084,1,1,3,0
1,4,1,1,1,1,7,1,3,1,1,3,1,1,3,115000,1,3,2,0
2,4,1,1,1,1,11,1,3,1,1,3,1,1,3,73500,1,3,2,0
2,7,1,1,1,4,3,3,3,1,1,2,1,1,1,49567,1,1,1,0
2,15,1,2,1,1,3,2,1,1,1,4,4,1,2,112344,1,1,2,0
2,1,1,2,7,1,1,3,3,1,4,3,1,1,1,62507,1,1,1,0
2,8,1,3,1,13,7,1,2,1,1,2,1,1,1,35244,1,1,1,0
2,6,1,2,5,1,7,2,3,2,1,4,1,1,1,19104,2,2,2,0
1,1,1,7,3,1,4,2,2,1,2,1,1,1,1,45838,1,1,1,0
2,7,1,1,1,1,7,2,3,1,1,8,1,2,1,61194,1,1,1,0
2,9,2,3,1,1,2,3,3,1,1,7,6,2,2,52000,2,2,2,0
2,4,3,1,1,10,4,2,2,1,1,3,1,2,3,400000,1,3,2,0
2,4,3,1,1,1,3,2,4,1,1,8,1,2,3,128000,1,3,2,0
1,5,1,2,1,1,1,2,1,1,1,2,1,2,1,35292,2,2,1,0
2,16,1,1,1,1,7,2,3,1,1,1,1,1,1,38552,1,1,3,0
2,14,1,1,8,4,7,3,3,2,1,2,1,1,5,18720,3,2,2,0
2,7,1,3,1,9,1,2,2,1,1,5,1,1,1,66084,1,1,1,0
1,5,1,2,1,1,7,2,3,1,1,2,1,1,1,19404,2,2,1,0
2,4,1,1,1,3,2,2,1,2,1,2,7,1,3,56000,1,3,2,0
2,4,1,1,7,1,2,1,3,1,1,3,1,1,3,126000,1,3,2,0
2,7,1,2,1,1,4,2,2,1,1,2,1,1,1,65477,1,1,1,0
2,2,2,1,1,3,2,3,2,1,1,6,3,1,2,9393,2,2,2,0
2,2,1,2,1,1,2,2,2,1,1,3,1,1,2,7512,2,2,2,0
2,4,1,1,1,1,4,2,1,1,1,6,1,1,3,48000,1,3,2,0
2,4,1,1,1,1,7,1,3,1,1,2,1,2,3,77000,1,3,2,0
2,10,1,5,1,1,8,3,3,1,1,2,1,1,4,111963,1,1,1,0
2,4,1,3,11,3,1,2,3,1,1,1,1,1,3,44500,1,3,2,0
1,1,2,2,1,9,2,2,3,1,3,8,1,1,1,716748,1,1,1,0
2,7,1,5,1,1,1,3,3,1,1,2,1,1,1,19092,1,1,1,0
2,16,3,1,1,1,1,2,3,1,1,6,1,1,1,73433,1,1,3,0
2,4,1,1,1,1,7,3,3,1,1,1,1,1,3,138400,1,3,2,0
2,7,2,1,1,13,3,1,2,1,1,2,1,1,1,24972,1,1,1,0
2,4,1,1,1,1,3,2,1,1,1,1,1,1,3,103000,1,3,2,0
1,2,1,6,3,1,7,2,1,1,1,7,3,2,2,11268,2,2,2,0
1,2,2,2,8,2,2,2,2,1,1,9,3,2,2,3948,2,2,2,0
2,4,1,3,1,1,1,2,3,1,1,1,1,1,3,61000,1,3,2,0
2,4,3,4,1,1,4,2,1,1,1,1,1,2,3,100000,1,3,2,0
2,4,1,4,1,1,1,3,2,1,1,6,1,1,3,110000,1,3,2,0
2,1,1,1,1,1,4,2,3,1,1,1,4,1,1,62507,1,1,1,0
2,12,1,1,8,3,5,1,3,2,1,1,1,1,3,541104,1,1,1,0
1,15,1,3,8,1,7,1,3,1,1,1,1,1,2,66705,1,1,2,0
2,6,1,3,12,1,11,3,3,1,1,1,1,1,1,17088,2,2,2,0
2,4,1,1,1,1,1,1,2,1,1,1,1,1,3,130000,1,3,2,0
2,1,1,3,7,1,4,2,3,1,1,1,1,1,1,90288,1,1,1,0
2,1,3,2,1,1,1,3,4,1,1,1,3,1,1,41671,1,1,1,0
2,7,1,2,1,1,1,2,3,1,1,3,3,2,1,63642,1,1,1,0
2,7,1,3,4,10,4,2,3,1,1,3,1,1,1,117492,1,1,1,0
2,4,2,1,1,1,1,2,2,1,1,7,3,2,3,47000,1,3,2,0
2,2,1,1,3,1,2,2,1,1,1,1,1,1,2,7044,2,2,2,0
1,12,1,1,3,7,7,2,4,1,1,5,1,1,3,64417,1,1,1,0
2,2,2,1,1,1,2,2,2,1,1,3,3,2,2,43832,2,2,2,0
2,12,3,4,1,1,2,2,2,1,1,8,5,2,3,48313,1,1,1,0
2,4,1,1,1,4,1,2,3,1,1,4,1,2,3,116000,1,3,2,0
2,1,1,3,12,6,7,1,2,1,1,8,1,1,1,55562,1,1,1,0
2,4,1,1,1,9,3,2,2,2,1,1,1,2,3,66800,1,3,2,0
2,4,1,1,1,1,2,1,2,1,1,8,1,1,3,63700,1,3,2,0
2,4,1,3,1,8,11,1,2,1,1,1,1,2,3,135000,1,3,2,0
2,4,1,3,2,1,3,2,4,1,1,3,1,2,3,106000,1,3,2,0
2,4,2,2,1,1,4,1,1,1,1,3,1,2,3,85000,1,3,2,0
2,4,1,1,9,1,2,2,1,2,1,4,1,1,3,130000,1,3,2,0
1,5,1,2,1,2,7,1,2,1,1,3,1,2,1,55044,2,2,1,0
2,10,3,1,5,1,7,2,2,1,1,8,1,1,4,71976,1,1,1,0
2,2,1,2,8,1,2,1,4,1,1,3,1,1,2,6262,2,2,2,0
2,14,1,3,1,4,4,2,3,1,1,2,1,2,5,14592,3,2,2,0
2,2,1,2,1,9,7,2,3,1,1,9,1,2,2,11432,2,2,2,0
2,4,1,5,1,3,7,2,3,1,1,8,1,1,3,110000,1,3,2,0
2,2,1,1,1,1,7,1,3,1,1,3,3,1,2,10332,2,2,2,0
1,4,1,1,3,1,5,2,3,1,1,3,1,1,3,105000,1,3,2,0
2,4,1,1,1,1,11,2,1,1,1,1,1,1,3,103000,1,3,2,0
2,4,1,1,1,1,4,2,2,1,1,1,1,1,3,105000,1,3,2,0
2,4,1,1,1,15,7,2,4,1,1,1,3,2,3,75000,1,3,2,0
2,17,1,1,12,4,3,2,2,1,1,2,1,1,1,49932,1,1,3,0
2,4,1,3,1,1,2,3,2,1,1,3,2,1,3,2000000,1,3,2,0
2,4,1,2,1,4,4,1,3,1,1,3,1,2,3,110000,1,3,2,0
2,2,3,2,1,1,2,2,3,1,1,2,3,2,2,7850,2,2,2,0
2,7,1,4,1,1,4,2,4,1,1,2,1,1,1,61680,1,1,1,0
2,4,1,1,8,1,3,1,2,1,1,3,1,1,3,90000,1,3,2,0
2,4,1,1,1,3,3,2,4,1,1,2,1,1,3,86000,1,3,2,0
2,14,1,1,3,2,1,2,4,1,1,1,2,1,5,33684,3,2,2,0
1,12,1,1,1,1,7,2,4,1,1,3,1,1,3,56365,1,1,1,0
1,7,1,2,7,14,7,1,2,1,1,3,1,1,1,73433,1,1,1,0
2,2,1,2,1,1,2,2,3,1,1,9,3,1,2,18785,2,2,2,0
2,10,1,3,1,1,7,1,3,1,2,3,1,1,4,83972,1,1,1,0
2,4,1,1,1,1,6,2,1,1,1,3,1,1,3,37200,1,3,2,0
2,11,1,2,1,1,7,2,2,1,1,1,6,1,1,45283,1,1,1,0
2,4,1,1,8,1,7,1,2,1,1,6,1,1,3,91500,1,3,2,0
2,7,1,4,9,9,7,2,3,1,1,3,1,2,1,61194,1,1,1,0
2,19,3,3,1,14,7,1,4,1,1,1,1,1,1,19092,1,1,3,0
2,18,1,2,1,4,3,3,2,1,1,3,1,1,1,125123,1,1,3,0
2,11,1,2,1,4,1,3,3,1,1,3,1,1,1,42836,1,1,1,0
1,4,1,2,3,4,3,1,3,1,1,2,1,1,3,136000,1,3,2,0
2,12,1,2,3,1,3,1,4,1,1,4,4,1,3,80521,1,1,1,0
2,4,1,2,2,1,2,1,4,1,1,4,2,2,3,80000,1,3,2,0
2,2,1,1,1,1,2,2,3,2,1,1,3,1,2,3564,2,2,2,0
1,8,1,2,1,1,1,1,2,1,1,2,1,1,1,31821,1,1,1,0
2,12,1,2,7,8,7,2,3,2,1,1,1,1,3,72469,1,1,1,0
1,11,1,2,1,4,7,2,2,1,1,8,1,1,1,51408,1,1,1,0
2,8,1,2,1,3,1,3,1,1,1,6,1,1,1,469968,1,1,1,0
2,4,1,1,1,1,1,2,4,1,1,1,1,2,3,110000,1,3,2,0
1,11,1,2,1,1,7,2,3,1,1,8,1,1,1,43560,1,1,1,0
1,4,1,2,7,8,2,2,4,2,1,5,1,1,3,90000,1,3,2,0
2,4,1,3,1,14,7,2,4,1,1,3,1,1,3,60000,1,3,2,0
1,4,1,2,1,14,7,2,2,1,1,2,3,1,3,83000,1,3,2,0
2,7,1,2,8,1,1,2,3,1,1,3,1,2,1,80348,1,1,1,0
2,6,1,2,1,1,3,1,2,1,1,1,1,2,1,49884,2,2,2,0
2,4,1,1,8,4,1,2,3,1,1,2,1,2,3,103000,1,3,2,0
2,17,1,1,8,1,1,1,1,1,1,3,1,1,1,39648,1,1,3,0
2,4,1,2,1,1,7,3,3,1,1,1,4,1,3,84000,1,3,2,0
1,1,1,2,1,1,4,1,3,1,1,3,1,1,1,69452,1,1,1,0
1,4,1,1,6,1,2,2,4,1,1,5,1,1,3,70000,1,3,2,0
2,4,1,1,1,1,11,2,4,1,1,4,1,1,3,1200000,1,3,2,0
2,12,1,2,3,7,7,2,4,1,1,1,1,1,3,67638,1,1,1,0
2,5,1,2,3,1,1,2,3,1,1,8,1,2,1,22932,2,2,1,0
1,7,2,1,1,1,5,1,4,1,1,1,1,1,1,13450,1,1,1,0
2,4,1,1,1,1,3,2,1,1,1,1,1,2,3,250000,1,3,2,0
2,4,1,2,1,1,4,2,2,1,1,8,1,1,3,70000,1,3,2,0
2,12,1,1,1,1,7,1,2,1,1,1,1,1,3,68443,1,1,1,0
2,11,1,2,1,1,7,2,3,1,1,5,1,1,1,48955,1,1,1,0
2,14,1,1,1,3,2,3,2,1,4,7,2,1,5,14220,3,2,2,0
2,4,1,8,1,1,8,2,3,1,1,6,1,1,3,960000,1,3,2,0
1,4,1,1,1,4,7,1,1,1,1,1,1,1,3,97000,1,3,2,0
2,8,2,2,1,1,1,2,1,1,1,4,1,2,1,40388,1,1,1,0
2,4,1,1,1,1,3,1,4,1,1,2,1,2,3,115000,1,3,2,0
2,2,1,1,1,5,1,3,3,1,1,2,3,1,2,6384,2,2,2,0
2,4,1,7,7,1,4,2,2,1,1,4,1,1,3,130000,1,3,2,0
1,4,1,1,1,1,4,2,1,1,1,5,1,2,3,130000,1,3,2,0
2,1,2,2,1,8,2,1,2,1,1,3,1,1,1,38893,1,1,1,0
1,13,1,1,1,10,3,2,4,1,1,1,1,1,1,29376,1,1,1,0
2,4,1,4,1,1,1,3,4,1,1,3,1,1,3,39000,1,3,2,0
2,2,1,1,1,1,7,2,2,1,1,9,3,2,2,40701,2,2,2,0
2,20,1,2,1,1,3,2,3,1,1,3,1,2,1,48000,3,2,2,0
2,7,1,2,1,1,1,2,2,1,1,2,1,1,1,61194,1,1,1,0
2,7,1,1,1,1,7,2,2,1,1,1,1,1,1,57522,1,1,1,0
2,4,1,2,5,4,4,2,3,1,1,4,1,1,3,135000,1,3,2,0
2,4,1,1,1,1,3,2,3,1,1,3,3,2,3,63000,1,3,2,0
2,7,1,2,1,2,7,3,2,1,1,2,1,1,1,70985,1,1,1,0
1,4,1,1,8,1,7,1,4,1,1,3,1,1,3,90000,1,3,2,0
2,4,1,2,2,8,2,2,4,2,1,5,1,1,3,110000,1,3,2,0
2,2,1,1,1,2,5,2,3,1,1,8,3,1,2,5636,2,2,2,0
2,10,1,1,1,1,1,2,2,1,1,3,3,2,4,99967,1,1,1,0
2,4,1,1,1,11,7,2,4,1,1,3,1,1,3,93000,1,3,2,0
2,5,2,1,8,1,4,2,3,1,1,2,1,1,1,21168,2,2,1,0
2,4,1,2,2,3,2,2,4,1,1,5,1,1,3,110000,1,3,2,0
2,7,1,2,7,14,1,1,2,1,1,2,1,1,1,62418,1,1,1,0
2,3,1,2,4,3,5,2,2,2,1,1,6,1,1,46416,1,1,3,0
2,4,1,1,1,4,3,2,1,1,1,3,1,1,3,150000,1,3,2,0
2,2,1,2,1,1,2,3,1,1,1,3,6,2,2,13306,2,2,2,0
2,1,1,2,1,1,2,2,2,1,1,5,1,1,1,40282,1,1,1,0
1,2,1,1,3,1,7,1,3,1,1,3,3,2,2,25047,2,2,2,0
2,2,2,1,1,1,2,2,3,1,1,1,3,1,2,0,2,2,2,0
2,13,1,3,3,20,1,2,2,1,1,4,2,1,1,22032,1,1,1,0
2,1,1,2,1,1,4,2,3,1,2,8,1,1,1,83342,1,1,1,0
1,19,1,2,5,14,1,1,1,2,1,5,1,1,1,51403,1,1,3,0
2,1,1,1,1,1,3,2,2,1,1,2,1,1,1,32642,1,1,1,0
2,7,1,2,3,17,3,2,2,1,1,3,1,2,1,44060,1,1,1,0
2,7,1,2,1,9,7,2,3,1,1,1,6,1,1,68537,1,1,1,0
2,12,1,3,1,1,8,3,1,1,2,8,1,1,3,40261,1,1,1,0
2,6,1,2,5,1,11,1,2,1,1,3,1,1,1,58596,2,2,2,0
2,8,1,2,1,14,11,1,2,1,1,3,1,1,1,56298,1,1,1,0
2,13,3,4,1,1,3,2,1,2,2,6,1,1,1,25701,1,1,1,0
2,2,1,1,1,2,7,1,1,1,4,1,1,1,2,209460,2,2,2,0
2,1,1,1,7,1,5,2,2,1,1,2,1,1,1,56951,1,1,1,0
2,2,2,1,8,2,2,1,1,1,2,1,6,2,2,7140,2,2,2,0
2,1,1,1,1,1,7,1,4,1,1,1,1,1,1,62507,1,1,1,0
2,14,1,7,3,1,1,2,4,1,1,1,2,1,5,46788,3,2,2,0
2,4,1,1,1,1,3,2,2,1,1,1,1,2,3,79800,1,3,2,0
2,3,1,2,1,1,4,2,2,1,1,3,1,2,1,682692,1,1,3,0
2,20,1,2,1,8,4,1,3,1,1,3,1,2,1,27600,3,2,2,0
1,4,1,3,4,1,1,1,2,1,1,2,1,2,3,110000,1,3,2,0
2,2,1,3,1,1,3,2,3,1,1,1,3,2,2,25047,2,2,2,0
1,10,1,1,1,1,1,2,2,1,1,9,6,1,4,79973,1,1,1,0
1,4,1,4,1,15,2,3,3,1,1,7,1,1,3,57000,1,3,2,0
2,9,1,1,8,11,1,2,4,1,1,7,1,2,2,23844,2,2,2,0
2,2,2,1,1,1,3,2,3,1,1,1,3,2,2,26612,2,2,2,0
2,4,1,3,1,1,2,1,2,1,1,4,6,1,3,66000,1,3,2,0
2,4,1,1,5,1,2,2,3,1,1,3,1,1,3,80000,1,3,2,0
2,11,1,2,1,1,3,2,3,2,1,3,1,2,1,55075,1,1,1,0
2,4,1,1,7,1,5,2,2,1,1,1,1,1,3,63000,1,3,2,0
2,4,1,1,1,2,3,2,4,1,1,6,1,1,3,73000,1,3,2,0
2,4,1,2,2,4,5,2,2,2,2,3,1,1,3,84000,1,3,2,0
2,4,1,1,1,2,2,1,2,1,1,6,1,2,3,140000,1,3,2,0
2,4,1,1,8,1,3,2,3,1,1,2,1,1,3,80000,1,3,2,0
2,4,1,1,6,1,4,2,2,1,1,1,1,1,3,115000,1,3,2,0
2,4,1,1,1,1,2,3,3,1,1,5,6,1,3,130000,1,3,2,0
2,4,1,3,5,1,2,3,3,1,1,3,1,2,3,106000,1,3,2,0
2,4,1,1,3,7,11,1,3,1,1,1,1,1,3,153000,1,3,2,0
2,4,1,5,1,1,2,1,4,2,1,6,1,1,3,140000,1,3,2,0
2,1,1,2,3,4,5,3,3,1,1,3,1,1,1,34726,1,1,1,0
2,1,1,2,7,1,5,1,4,1,1,5,1,1,1,55562,1,1,1,0
2,4,1,1,8,1,1,1,2,1,1,8,1,1,3,2000000,1,3,2,0
2,12,1,1,1,2,11,1,4,1,1,1,1,1,3,65222,1,1,1,0
2,4,1,1,1,1,2,2,4,1,1,1,1,1,3,75000,1,3,2,0
2,14,3,1,1,14,2,2,1,1,1,3,2,1,5,5424,3,2,2,0
2,4,1,1,1,3,2,2,3,1,1,4,1,1,3,50000,1,3,2,0
2,3,1,3,1,1,7,2,3,1,1,1,1,1,1,44916,1,1,3,0
2,4,1,1,3,1,2,2,3,2,1,1,4,1,3,100000,1,3,2,0
1,2,1,1,3,2,7,2,3,1,1,1,1,2,2,25047,2,2,2,0
2,6,1,3,3,6,4,2,3,1,1,8,1,1,1,10620,2,2,2,0
2,4,2,2,1,1,2,2,4,1,1,3,3,1,3,125000,1,3,2,0
2,4,1,1,8,3,7,1,2,1,1,2,1,1,3,2000000,1,3,2,0
2,4,1,4,1,1,1,2,1,1,1,1,1,2,3,115000,1,3,2,0
1,2,1,1,1,1,2,2,3,1,1,1,3,1,2,10175,2,2,2,0
2,4,1,2,1,1,7,2,2,2,1,1,1,1,3,123000,1,3,2,0
2,4,1,7,5,8,8,1,4,1,1,3,1,2,3,74000,1,3,2,0
2,4,1,2,3,2,11,1,2,1,2,1,1,1,3,137000,1,3,2,0
2,4,1,1,9,1,7,2,1,1,1,3,1,1,3,115050,1,3,2,0
2,1,1,1,1,1,4,2,2,1,1,1,1,1,1,63896,1,1,1,0
1,4,1,1,1,1,4,1,3,1,1,3,1,1,3,177500,1,3,2,0
2,4,1,3,6,1,2,2,1,1,1,2,2,2,3,62000,1,3,2,0
2,4,2,1,1,4,1,2,4,1,1,3,6,1,3,150000,1,3,2,0
2,11,1,1,1,13,1,1,4,1,1,1,1,1,1,61194,1,1,1,0
1,10,1,1,1,4,3,2,2,2,2,1,1,2,4,60780,1,1,1,0
2,13,1,2,1,1,1,4,4,1,1,3,1,1,1,48955,1,1,1,1
2,4,1,5,1,1,1,3,3,1,1,6,1,1,3,46000,1,3,2,0
1,4,1,1,5,1,5,2,4,1,1,1,1,1,3,80000,1,3,2,0
1,10,1,1,1,1,2,1,2,2,1,1,3,1,4,63979,1,1,1,0
2,4,1,7,7,1,1,1,2,1,1,1,1,1,3,59004,1,3,2,0
2,4,1,1,4,5,2,1,2,2,1,5,1,1,3,110000,1,3,2,0
2,4,1,4,11,1,2,2,3,1,1,6,1,2,3,80000,1,3,2,0
2,4,1,1,1,3,4,2,3,1,1,2,5,2,3,99500,1,3,2,0
2,5,1,2,1,1,3,3,3,1,1,3,1,1,1,40584,2,2,1,0
1,2,1,2,1,1,2,2,3,1,1,8,3,1,2,4320,2,2,2,0
2,2,1,2,1,1,3,2,2,1,1,7,3,1,2,15024,2,2,2,0
2,5,1,2,3,1,1,2,3,1,1,8,1,1,1,14112,2,2,1,0
2,1,2,1,1,1,1,1,4,1,1,8,1,1,1,53825,1,1,1,0
2,7,1,2,1,9,4,3,2,1,1,2,1,1,1,77104,1,1,1,0
2,4,1,3,1,1,2,1,2,1,1,1,1,1,3,105000,1,3,2,0
2,10,1,1,1,1,1,2,2,2,1,3,1,1,4,66378,1,1,1,0
2,4,1,1,1,1,4,2,3,1,1,1,1,1,3,80000,1,3,2,0
2,12,2,2,3,16,3,1,2,1,1,3,1,1,3,27377,1,1,1,0
2,1,1,2,4,4,2,1,1,1,1,1,1,1,1,54173,1,1,1,0
1,20,1,2,6,7,5,1,4,1,1,5,1,1,1,10560,3,2,2,0
2,4,1,1,1,1,7,2,4,1,1,3,1,1,3,104000,1,3,2,0
2,4,1,1,8,1,2,2,4,1,1,3,1,1,3,50000,1,3,2,0
2,4,1,1,3,2,7,2,2,1,1,1,1,1,3,100000,1,3,2,0
1,1,1,1,2,1,2,1,3,1,1,1,1,1,1,43060,1,1,1,0
2,4,1,2,3,4,1,1,3,1,1,7,6,1,3,105000,1,3,2,0
2,4,1,1,1,1,3,2,2,1,1,1,1,1,3,70000,1,3,2,0
2,4,1,5,3,1,7,1,2,1,1,2,1,1,3,56000,1,3,2,0
2,19,1,1,1,1,3,2,1,1,1,8,3,1,1,52872,1,1,3,0
2,4,1,1,1,9,2,3,4,1,1,2,1,1,3,99000,1,3,2,0
2,1,1,1,1,1,7,3,3,1,1,3,1,1,1,97233,1,1,1,0
1,1,1,1,1,1,7,2,4,1,1,8,1,1,1,566724,1,1,1,0
2,7,1,3,1,1,7,2,4,1,1,8,1,1,1,36720,1,1,1,0
2,7,1,2,1,1,3,1,3,1,1,3,1,1,1,51403,1,1,1,0
2,4,1,1,2,1,1,2,4,2,2,3,1,1,3,115000,1,3,2,0
1,4,1,1,1,7,7,1,3,1,1,1,1,1,3,75000,1,3,2,0
1,11,1,1,1,1,7,3,2,1,1,1,1,1,1,28644,1,1,1,0
1,4,1,1,5,3,5,1,1,1,1,8,1,1,3,95000,1,3,2,0
2,4,1,1,1,1,1,1,3,1,1,1,1,1,3,165000,1,3,2,0
2,2,1,1,3,1,2,2,1,1,1,2,1,2,2,5636,2,2,2,0
2,4,1,1,8,1,3,2,4,1,1,1,1,1,3,115000,1,3,2,0
1,14,1,1,1,1,1,2,3,1,1,1,2,1,5,16764,3,2,2,0
2,4,1,1,1,1,7,1,2,1,1,1,1,2,3,106000,1,3,2,0
2,16,1,2,7,1,1,1,4,1,1,3,1,1,1,704952,1,1,3,0
1,4,1,1,8,1,11,2,2,1,1,3,1,2,3,136000,1,3,2,0
2,6,1,1,8,1,8,2,3,1,1,5,1,1,1,21229,2,2,2,0
1,7,1,1,1,9,7,2,4,1,1,3,1,1,1,51408,1,1,1,0
2,13,1,1,3,2,7,1,2,1,1,3,1,1,1,48955,1,1,1,0
2,2,1,1,3,1,7,2,2,1,1,1,4,1,2,18785,2,2,2,0
2,4,1,3,9,1,7,2,1,2,2,6,5,1,3,90000,1,3,2,0
2,4,1,1,1,1,2,2,3,1,1,1,1,1,3,69500,1,3,2,0
2,4,1,1,8,15,7,2,1,1,1,1,2,1,3,83000,1,3,2,0
1,4,1,1,1,1,7,2,4,1,1,1,1,1,3,100000,1,3,2,0
2,2,2,2,1,1,2,2,3,1,1,3,6,2,2,384000,2,2,2,0
2,14,1,2,1,1,3,1,4,2,3,1,1,1,5,29195,3,2,2,0
2,4,2,2,1,1,7,2,3,1,3,2,1,1,3,100000,1,3,2,0
2,8,1,4,1,6,1,2,2,1,1,1,1,1,1,29076,1,1,1,0
2,18,1,7,7,1,7,2,2,1,1,3,1,1,1,97910,1,1,3,0
2,20,1,2,1,3,3,3,4,1,1,4,1,1,1,24000,3,2,2,0
1,4,1,1,6,3,2,1,4,2,3,1,1,1,3,84000,1,3,2,0
2,12,1,1,9,4,7,1,4,1,1,5,1,1,3,72469,1,1,1,0
2,4,1,4,1,1,3,2,4,1,1,6,1,2,3,95000,1,3,2,0
2,13,1,2,1,1,2,3,3,1,1,9,1,1,1,44060,1,1,1,0
2,4,1,5,7,1,3,2,4,1,1,3,4,1,3,45000,1,3,2,0
2,4,1,1,1,9,3,2,3,1,1,1,2,1,3,104000,1,3,2,0
1,18,1,2,1,1,1,2,2,1,1,3,1,1,1,151191,1,1,3,0
2,5,1,2,1,1,8,2,2,1,1,7,1,2,1,35292,2,2,1,0
2,4,1,2,1,1,11,2,3,1,1,5,1,1,3,166000,1,3,2,0
1,16,1,1,1,1,1,3,2,1,1,2,1,1,1,40020,1,1,3,0
2,1,1,1,1,4,1,2,2,1,1,1,1,1,1,69452,1,1,1,0
2,4,3,1,1,14,3,2,4,2,1,1,1,1,3,54000,1,3,2,0
2,4,1,1,1,1,3,2,1,1,1,2,1,1,3,76800,1,3,2,0
2,4,1,2,1,8,7,2,3,1,1,2,1,1,3,96000,1,3,2,0
1,4,1,3,4,1,6,2,3,1,1,1,1,1,3,122000,1,3,2,0
2,4,1,1,1,1,7,2,4,1,3,8,5,1,3,44256,1,3,2,0
2,13,1,1,1,17,7,3,3,1,1,7,1,2,1,39164,1,1,1,0
1,15,1,1,1,1,4,1,3,2,2,8,3,2,2,110592,1,1,2,0
2,4,1,1,3,1,4,1,3,1,1,6,1,2,3,90000,1,3,2,0
2,4,1,1,1,1,3,3,3,2,3,8,1,1,3,80000,1,3,2,0
2,1,1,1,1,1,3,3,3,1,1,1,1,1,1,36115,1,1,1,0
2,16,1,2,1,1,4,2,4,1,1,8,1,1,1,46260,1,1,3,0
2,4,1,2,1,9,3,2,2,1,1,1,1,1,3,110000,1,3,2,0
2,4,1,1,2,1,5,2,3,1,1,4,1,1,3,100000,1,3,2,0
2,2,1,1,3,4,2,1,4,1,1,1,3,1,2,6588,2,2,2,0
1,2,1,1,1,1,5,1,4,1,1,1,3,1,2,4884,2,2,2,0
1,4,1,1,8,14,3,1,2,1,1,1,1,1,3,70000,1,3,2,0
2,1,1,3,1,2,6,2,4,1,1,8,1,1,1,104178,1,1,1,0
2,2,2,1,1,2,7,1,4,1,1,1,4,1,2,26612,2,2,2,0
2,8,1,2,1,1,7,3,2,1,1,8,1,2,1,29373,1,1,1,0
2,4,1,3,1,1,3,3,3,1,1,6,1,2,3,94000,1,3,2,0
2,2,1,1,1,1,7,2,3,1,1,3,3,1,2,32874,2,2,2,0
2,2,2,2,1,2,2,2,3,1,1,8,5,1,2,5640,2,2,2,0
2,4,1,1,1,4,1,1,2,1,1,3,1,1,3,115000,1,3,2,0
2,1,1,2,7,4,7,2,1,1,1,1,1,1,1,31948,1,1,1,0
2,4,1,1,7,1,1,2,4,1,2,4,1,1,3,225000,1,3,2,0
2,4,1,1,5,14,2,2,2,2,1,3,1,1,3,85000,1,3,2,0
1,2,1,1,1,1,7,1,3,1,1,2,3,1,2,26926,2,2,2,0
1,2,1,2,8,1,2,2,2,1,1,3,1,1,2,3756,2,2,2,0
2,11,1,2,1,1,6,2,4,1,2,3,1,1,1,36720,1,1,1,0
1,2,1,1,1,3,2,1,3,1,1,8,3,1,2,9706,2,2,2,0
2,2,3,2,1,1,5,1,3,1,1,2,1,2,2,2820,2,2,2,0
2,14,1,1,8,14,3,2,2,1,1,1,1,1,5,29940,3,2,2,0
2,4,2,1,1,10,3,2,4,1,1,5,3,1,3,260000,1,3,2,0
2,7,1,1,1,1,7,1,4,1,1,3,1,1,1,61194,1,1,1,0
2,12,1,1,1,9,2,2,1,1,1,3,1,1,3,52339,1,1,1,0
2,12,1,2,1,14,7,3,3,1,1,4,1,1,3,56365,1,1,1,0
2,4,1,1,3,1,2,2,4,1,1,4,1,1,3,148500,1,3,2,0
2,3,1,1,8,1,11,1,4,1,1,3,1,1,1,71856,1,1,3,0
2,2,2,1,12,3,5,2,2,1,1,1,1,1,2,1500,2,2,2,0
2,11,1,2,1,1,4,1,3,1,1,5,1,2,1,62556,1,1,1,0
2,7,1,1,9,1,1,1,2,1,1,3,1,1,1,58752,1,1,1,0
2,7,1,1,1,3,1,1,3,1,1,3,1,1,1,46992,1,1,1,0
2,2,1,2,1,1,3,2,2,1,1,2,3,2,2,39919,2,2,2,0
2,4,1,1,7,1,1,3,2,2,1,3,3,1,3,80000,1,3,2,0
2,4,1,1,1,1,3,1,2,1,1,6,1,2,3,150000,1,3,2,0
2,2,1,1,1,1,2,3,3,1,1,7,3,2,2,12915,2,2,2,0
2,4,1,1,6,1,2,2,3,1,1,1,1,1,3,100500,1,3,2,0
2,1,1,2,1,14,2,2,3,1,1,3,2,2,1,90288,1,1,1,0
2,13,1,4,8,1,3,2,2,2,3,8,1,1,1,37451,1,1,1,0
2,2,1,1,1,3,7,2,3,1,1,1,3,2,2,9393,2,2,2,0
2,5,1,2,1,4,1,2,2,1,2,1,1,1,1,15180,2,2,1,0
2,4,1,1,1,8,7,2,4,1,1,1,1,2,3,160000,1,3,2,0
1,6,1,1,2,1,2,2,2,1,1,4,1,1,1,4248,2,2,2,0
2,4,1,3,1,1,3,2,3,1,1,1,1,1,3,66000,1,3,2,0
2,13,1,2,3,4,1,2,3,2,4,2,1,1,1,39164,1,1,1,0
2,11,1,2,1,1,7,2,3,1,1,3,1,1,1,51403,1,1,1,0
2,7,3,1,1,1,4,2,4,1,1,7,1,2,1,55075,1,1,1,0
2,2,1,1,1,1,5,2,3,1,1,3,1,1,2,5009,2,2,2,0
2,4,1,4,1,14,2,3,2,1,1,3,1,1,3,56000,1,3,2,0
1,4,1,2,1,10,3,1,3,1,1,4,1,2,3,170000,1,3,2,0
1,5,1,1,6,1,1,3,3,1,1,3,1,1,1,42348,2,2,1,0
1,17,1,1,3,14,7,1,2,1,1,7,3,2,1,9396,1,1,3,0
2,4,1,1,1,1,3,2,2,1,1,6,1,1,3,106000,1,3,2,0
2,4,2,1,1,1,1,2,2,1,1,8,1,2,3,105000,1,3,2,0
2,12,1,2,1,4,7,3,2,1,1,3,1,1,3,837744,1,1,1,0
1,2,1,1,1,4,2,3,3,1,1,1,3,2,2,15028,2,2,2,0
2,1,1,1,1,3,4,2,1,1,1,1,1,1,1,72230,1,1,1,0
2,4,1,1,12,6,7,2,3,1,1,2,1,1,3,36000,1,3,2,0
2,1,1,2,1,4,3,2,2,2,1,3,1,1,1,111123,1,1,1,0
2,7,1,2,1,2,7,2,3,1,1,3,1,1,1,73428,1,1,1,0
2,14,1,1,8,1,2,2,3,1,1,2,2,1,5,14220,3,2,2,0
2,7,1,2,1,6,1,2,3,2,2,2,1,1,1,55075,1,1,1,0
2,1,1,1,12,1,4,2,2,1,1,1,1,1,1,48616,1,1,1,0
2,3,1,3,1,1,3,2,2,1,1,3,1,2,1,56892,1,1,3,0
1,4,1,1,1,2,1,1,3,1,1,3,1,1,3,95680,1,3,2,0
2,4,1,7,7,8,3,1,1,1,1,4,2,2,3,131000,1,3,2,0
1,1,1,5,1,1,2,3,3,1,1,2,1,2,1,50005,1,1,1,0
2,4,1,1,1,5,1,2,2,1,1,4,1,1,3,175000,1,3,2,0
2,4,1,1,1,1,3,1,2,1,1,3,1,2,3,86000,1,3,2,0
2,13,1,3,1,1,1,2,1,1,1,3,2,2,1,58746,1,1,1,0
2,5,1,1,1,1,7,2,4,1,1,7,1,1,1,45876,2,2,1,0
2,4,1,5,7,3,2,2,3,1,1,6,1,1,3,44000,1,3,2,0
1,2,1,2,1,1,2,2,4,2,1,3,3,1,2,63120,2,2,2,0
2,4,2,1,1,1,7,2,3,1,1,8,6,1,3,160000,1,3,2,0
2,4,1,1,1,12,1,2,3,1,1,3,1,2,3,72000,1,3,2,0
1,4,1,1,7,4,5,2,4,2,2,8,1,1,3,74000,1,3,2,0
1,4,1,2,1,2,7,2,4,1,1,2,3,1,3,104000,1,3,2,0
2,4,1,1,1,4,7,2,3,1,1,2,2,2,3,63000,1,3,2,0
2,16,1,1,1,1,3,2,1,1,2,1,1,1,1,42228,1,1,3,0
2,12,1,1,1,1,7,2,2,1,1,1,1,1,3,37500,1,1,1,0
2,11,1,2,1,1,7,3,3,2,1,8,6,1,1,41612,1,1,1,0
1,8,1,2,1,1,7,2,3,2,1,7,1,1,1,39164,1,1,1,0
2,16,1,1,1,1,4,2,3,1,1,3,1,1,1,51979,1,1,3,0
2,4,2,3,1,2,2,2,3,1,1,3,1,2,3,62000,1,3,2,0
2,2,1,1,1,3,3,3,3,1,1,7,3,2,2,68879,2,2,2,0
2,2,2,1,1,4,2,2,2,1,1,1,3,1,2,2448,2,2,2,0
1,5,1,2,5,1,5,2,3,1,1,3,1,1,1,22452,2,2,1,0
2,14,3,1,1,1,4,2,2,1,1,8,2,2,5,104808,3,2,2,0
2,4,1,2,5,4,7,1,1,1,1,3,1,2,3,95000,1,3,2,0
1,4,1,1,1,1,2,1,4,1,1,1,1,2,3,35360,1,3,2,0
2,4,1,1,1,2,3,3,2,1,1,3,1,1,3,83000,1,3,2,0
2,4,1,1,1,1,4,1,3,1,1,1,1,2,3,110000,1,3,2,0
2,19,1,5,7,1,1,2,2,1,1,3,1,1,1,46992,1,1,3,0
2,12,1,2,5,1,11,2,1,1,1,1,1,1,3,108704,1,1,1,0
2,8,1,3,7,1,6,3,3,1,1,3,1,2,1,130000,1,1,1,0
2,12,1,1,1,1,8,2,2,1,1,2,1,2,3,76495,1,1,1,0
2,4,1,1,6,14,7,2,4,1,1,1,1,2,3,900000,1,3,2,0
1,3,1,1,1,1,4,2,2,1,1,1,1,1,1,67368,1,1,3,0
2,12,1,1,3,1,7,2,2,1,1,2,1,1,3,124808,1,1,1,0
2,14,1,1,8,1,3,1,1,1,1,2,5,1,5,39672,3,2,2,0
1,11,1,2,12,3,3,1,3,1,1,8,1,2,1,42836,1,1,1,0
2,2,2,1,1,1,2,2,4,1,1,1,1,1,2,112716,2,2,2,0
2,13,1,4,1,15,7,2,3,1,4,1,2,1,1,88119,1,1,1,0
2,2,1,1,1,1,3,1,2,1,1,7,3,2,2,65748,2,2,2,0
2,12,1,2,1,6,7,2,3,1,1,3,1,1,3,52339,1,1,1,0
2,2,2,1,8,1,2,1,2,1,1,1,3,1,2,720000,2,2,2,0
2,3,1,3,1,1,2,2,2,2,1,7,1,1,1,47904,1,1,3,0
2,12,1,3,4,14,11,2,4,2,3,1,1,1,3,88573,1,1,1,0
1,1,1,1,1,1,7,1,3,2,1,3,1,1,1,38893,1,1,1,0
1,4,3,4,11,3,2,2,4,2,1,6,1,1,3,53000,1,3,2,0
1,4,1,1,8,8,7,2,2,1,1,8,1,1,3,56000,1,3,2,0
2,10,1,2,1,1,7,1,3,1,1,3,4,2,4,55981,1,1,1,0
2,4,2,1,6,1,5,2,4,1,1,1,3,1,3,54000,1,3,2,0
2,4,1,1,4,1,2,1,4,2,1,4,1,1,3,130000,1,3,2,0
2,4,1,2,5,8,2,2,3,1,1,3,1,2,3,85000,1,3,2,0
2,4,3,3,1,2,2,2,2,1,1,1,1,1,3,21000,1,3,2,0
2,4,1,1,1,2,1,2,2,1,1,2,1,1,3,140000,1,3,2,0
2,2,1,1,1,1,7,1,1,1,1,1,3,2,2,37571,2,2,2,0
2,1,1,1,3,3,2,1,3,1,1,2,1,1,1,45838,1,1,1,0
2,4,1,3,7,1,3,1,3,1,1,3,1,2,3,160000,1,3,2,0
1,9,1,1,1,4,1,2,3,1,1,3,1,1,2,11448,2,2,2,0
1,4,1,2,5,8,2,1,1,1,1,3,1,1,3,150000,1,3,2,0
2,14,1,5,1,3,7,2,1,1,1,2,1,2,5,34155,3,2,2,0
2,6,1,2,3,3,4,2,3,1,1,7,1,1,1,37152,2,2,2,0
1,4,1,1,1,9,1,1,3,1,1,3,1,1,3,80200,1,3,2,0
2,4,1,3,1,14,2,2,2,1,1,3,1,1,3,55000,1,3,2,0
2,7,3,2,5,1,4,1,4,1,1,4,2,1,1,82000,1,1,1,0
1,7,1,1,5,14,2,2,2,2,1,2,1,2,1,47736,1,1,1,0
1,13,1,3,1,3,7,1,2,1,1,8,2,1,1,440592,1,1,1,0
1,6,1,1,1,6,3,1,3,1,1,8,1,1,1,12732,2,2,2,0
2,7,1,3,4,1,5,2,3,1,1,3,3,2,1,42588,1,1,1,0
2,4,1,4,1,1,5,2,2,1,1,3,5,2,3,48000,1,3,2,0
2,4,1,1,5,3,3,2,2,1,1,8,1,1,3,115000,1,3,2,0
2,4,1,1,7,1,2,2,1,1,1,3,1,1,3,100000,1,3,2,0
1,4,1,1,1,1,1,2,2,1,1,3,3,2,3,124000,1,3,2,0
1,11,1,2,1,2,2,2,2,1,1,3,1,1,1,47119,1,1,1,0
2,1,1,1,5,1,2,2,1,1,1,3,1,1,1,48616,1,1,1,0
2,4,1,1,1,1,1,1,2,1,1,1,1,1,3,170000,1,3,2,0
2,15,1,1,12,1,2,1,2,1,1,2,1,2,2,45636,1,1,2,0
2,15,3,1,3,1,2,2,2,1,1,8,4,1,2,75480,1,1,2,0
2,20,1,1,1,1,4,2,2,1,1,1,1,1,1,36000,3,2,2,0
1,1,2,2,1,4,1,2,4,1,1,3,1,2,1,138904,1,1,1,0
2,7,3,1,1,1,7,2,2,1,1,2,1,1,1,44064,1,1,1,0
2,2,1,1,1,2,7,2,3,1,1,9,3,1,2,12837,2,2,2,0
2,4,1,1,1,6,7,2,3,1,1,2,1,1,3,100000,1,3,2,0
2,4,1,1,3,7,3,1,2,1,1,6,1,1,3,75000,1,3,2,0
2,1,1,1,1,1,3,2,2,1,1,8,1,1,1,69452,1,1,1,0
2,4,1,1,1,3,7,3,4,1,1,8,1,1,3,55000,1,3,2,0
2,7,1,2,1,1,4,2,2,1,1,9,5,2,1,78328,1,1,1,0
1,6,1,2,1,1,7,1,3,1,1,4,1,1,1,36084,2,2,2,0
1,4,1,1,1,4,1,2,2,2,1,1,1,1,3,125000,1,3,2,0
2,11,1,2,1,1,1,2,1,1,1,3,1,1,1,45283,1,1,1,0
2,12,2,7,1,8,1,3,3,1,1,4,7,1,3,65000,1,1,1,0
1,4,1,1,1,1,7,2,3,2,1,3,5,1,3,148000,1,3,2,0
2,4,2,1,4,1,11,2,1,1,1,1,1,1,3,225000,1,3,2,0
2,4,1,1,3,1,3,2,2,1,1,8,6,2,3,125000,1,3,2,0
2,2,2,1,1,4,7,1,2,1,1,1,6,1,2,18780,2,2,2,0
1,4,1,1,1,1,4,1,3,1,1,5,1,2,3,90000,1,3,2,0
2,10,1,1,5,4,7,2,4,1,1,5,1,1,4,79973,1,1,1,0
2,2,1,2,1,1,7,3,3,1,1,7,3,1,2,11268,2,2,2,0
1,10,1,2,5,9,1,2,1,1,1,3,1,1,4,87971,1,1,1,0
2,6,2,2,3,14,7,1,2,1,1,3,1,1,1,42456,2,2,2,0
2,4,1,2,1,1,7,2,1,1,1,1,6,1,3,170000,1,3,2,0
1,12,1,1,1,1,4,1,2,1,1,1,1,1,3,1000000,1,1,1,0
2,4,1,7,1,1,4,1,4,1,1,3,4,1,3,140000,1,3,2,0
2,1,1,2,1,1,1,1,3,1,1,8,1,1,1,63896,1,1,1,0
1,12,1,1,1,1,2,3,2,1,1,1,1,1,3,44287,1,1,1,0
2,2,1,2,1,1,2,1,3,1,1,3,1,1,2,49776,2,2,2,0
2,19,1,1,8,6,7,2,1,1,1,1,1,1,1,46507,1,1,3,0
2,14,1,2,3,14,11,3,3,1,1,1,1,1,5,37430,3,2,2,0
2,12,1,1,1,4,7,1,3,2,1,1,1,1,3,45897,1,1,1,0
2,4,1,1,6,6,2,2,3,1,1,8,1,1,3,150000,1,3,2,0
2,11,1,2,7,1,2,2,2,1,1,3,1,1,1,64866,1,1,1,0
2,8,1,2,1,1,4,1,2,1,1,2,1,1,1,20806,1,1,1,0
2,4,1,3,1,1,7,2,4,1,1,3,6,2,3,109000,1,3,2,0
2,2,1,1,1,1,3,1,2,1,1,3,3,1,2,32405,2,2,2,0
2,4,1,1,1,1,3,2,3,1,1,3,1,1,3,40000,1,3,2,0
2,1,1,7,3,9,4,1,1,1,1,1,1,1,1,63896,1,1,1,0
2,13,3,2,1,8,3,2,4,1,1,2,1,1,1,29373,1,1,1,0
1,10,1,1,1,4,3,3,1,1,1,1,1,1,4,1000000,1,1,1,0
2,2,1,1,8,1,2,3,4,1,1,1,3,2,2,15654,2,2,2,0
2,4,1,1,1,1,3,3,3,2,2,4,1,1,3,150000,1,3,2,0
2,16,1,2,4,1,2,2,2,1,1,8,1,1,1,45283,1,1,3,0
2,2,1,1,1,6,7,2,4,1,1,6,3,1,2,8448,2,2,2,0
2,6,1,3,6,15,2,2,3,1,1,3,1,1,1,18600,2,2,2,0
2,5,2,2,1,1,2,2,4,1,1,2,1,2,1,42348,2,2,1,0
2,10,1,1,8,1,11,2,4,1,1,2,1,1,4,1000000,1,1,1,0
2,4,1,2,2,14,2,2,4,1,1,3,1,1,3,65000,1,3,2,0
2,4,1,3,11,4,4,1,2,1,1,6,1,1,3,125000,1,3,2,0
2,12,1,1,1,1,4,2,2,1,1,1,1,2,3,48313,1,1,1,0
2,13,1,1,1,13,7,2,4,1,1,1,1,1,1,36716,1,1,1,0
2,14,1,1,1,1,1,1,4,1,1,2,1,2,5,37428,3,2,2,0
2,18,1,2,1,7,1,2,2,1,1,2,1,1,1,112611,1,1,3,0
1,6,1,7,7,8,3,1,3,1,1,3,1,2,1,12732,2,2,2,0
1,2,1,1,1,1,3,2,4,1,4,2,1,1,2,15967,2,2,2,0
1,4,1,2,1,4,3,1,3,2,1,3,1,1,3,100000,1,3,2,0
1,2,1,2,1,3,7,2,1,1,1,1,1,1,2,4696,2,2,2,0
2,4,1,1,12,1,3,2,3,2,2,8,1,1,3,54000,1,3,2,0
2,16,2,1,1,1,4,2,2,1,1,6,1,1,1,55512,1,1,3,0
2,4,1,1,8,1,4,2,3,1,1,1,1,1,3,102000,1,3,2,0
2,18,3,3,1,1,7,2,3,1,2,7,5,1,1,780768,1,1,3,0
1,2,1,1,1,11,2,2,2,1,1,1,3,1,2,20351,2,2,2,0
2,5,1,2,3,4,3,1,3,1,1,3,1,2,1,56460,2,2,1,0
1,7,1,3,1,10,6,3,2,1,1,2,1,1,1,134627,1,1,1,0
2,5,1,1,5,1,3,2,1,1,1,4,1,1,1,31764,2,2,1,0
2,4,1,2,7,1,3,2,2,1,1,5,1,2,3,150000,1,3,2,0
1,7,1,5,1,1,1,2,3,1,1,7,4,1,1,36995,1,1,1,0
2,4,2,1,1,1,2,2,2,1,1,1,1,1,3,62500,1,3,2,0
2,12,1,3,8,1,3,2,3,1,1,1,7,1,3,38650,1,1,1,0
2,2,1,1,1,1,1,2,3,1,1,2,3,2,2,10175,2,2,2,0
2,4,1,3,3,13,1,2,2,1,1,3,1,2,3,96000,1,3,2,0
2,4,1,2,2,14,2,2,4,1,1,4,6,1,3,79000,1,3,2,0
2,6,1,3,12,1,1,1,4,1,1,1,1,1,1,27600,2,2,2,0
2,19,2,2,1,16,4,1,4,1,1,8,1,1,1,55442,1,1,3,0
2,18,2,2,1,18,4,2,3,1,1,3,1,1,1,1000000,1,1,3,0
2,1,1,1,1,13,7,3,2,1,1,8,1,1,1,50004,1,1,1,0
2,1,1,2,8,4,7,2,4,1,1,2,1,1,1,40282,1,1,1,0
2,2,2,1,1,1,2,2,4,1,1,9,1,1,2,16437,2,2,2,0
2,5,2,1,1,9,7,3,3,1,1,3,1,1,1,7056,2,2,1,0
2,4,1,2,1,14,1,1,4,1,1,1,1,1,3,105000,1,3,2,0
2,12,1,1,1,4,1,2,4,1,1,1,5,1,3,72469,1,1,1,0
2,4,1,1,1,6,1,1,4,1,1,3,1,1,3,92000,1,3,2,0
2,4,1,1,6,1,7,1,4,1,1,5,1,2,3,150000,1,3,2,0
2,7,1,5,4,1,1,2,2,1,1,2,1,2,1,51408,1,1,1,0
1,2,1,2,1,2,5,2,3,1,1,1,5,1,2,3287,2,2,2,0
2,4,1,1,1,1,2,2,4,2,1,1,1,1,3,144000,1,3,2,0
2,4,1,1,1,4,9,1,2,1,1,8,1,1,3,155000,1,3,2,0
2,3,2,1,1,3,1,2,3,1,1,1,1,1,1,50904,1,1,3,0
2,4,1,1,2,1,2,2,2,1,1,1,1,1,3,120000,1,3,2,0
2,18,1,3,1,1,11,2,3,1,1,3,1,1,1,1000000,1,1,3,0
2,11,1,2,1,2,1,2,3,1,1,2,1,1,1,67313,1,1,1,0
2,4,2,1,1,4,4,3,2,1,1,1,6,2,3,86000,1,3,2,0
2,1,1,2,1,10,11,2,2,1,1,2,1,1,1,97233,1,1,1,0
2,4,1,1,8,3,3,3,4,1,1,2,1,1,3,63000,1,3,2,0
2,1,1,1,1,1,3,2,2,1,1,3,1,2,1,305589,1,1,1,0
2,4,1,1,1,1,3,1,3,1,1,5,1,2,3,95000,1,3,2,0
2,4,1,1,2,3,2,2,3,1,1,6,1,1,3,57000,1,3,2,0
2,4,1,1,8,1,7,4,1,1,1,6,1,2,3,84000,1,3,2,1
2,20,1,2,1,1,1,2,1,1,1,4,1,1,1,66000,3,2,2,0
2,5,1,2,1,1,2,2,2,1,1,3,1,2,1,17640,2,2,1,0
2,1,1,1,1,1,1,1,1,1,1,4,1,1,1,86120,1,1,1,0
2,11,1,2,12,1,3,3,4,1,1,3,1,1,1,46507,1,1,1,0
2,4,2,1,2,1,2,1,3,1,1,4,1,1,3,96000,1,3,2,0
2,4,1,1,1,14,1,2,3,1,1,4,1,1,3,90000,1,3,2,0
2,4,1,1,7,14,2,1,4,1,1,1,1,1,3,67000,1,3,2,0
2,5,1,2,1,1,4,1,3,1,1,3,1,2,1,42348,2,2,1,0
2,4,2,2,1,1,7,2,3,1,1,3,3,1,3,12000,1,3,2,0
2,4,1,1,1,3,1,2,4,1,1,2,1,1,3,155000,1,3,2,0
2,1,1,2,8,1,1,1,1,1,1,1,2,2,1,88899,1,1,1,0
2,2,1,1,1,1,2,2,1,1,4,1,1,1,2,11741,2,2,2,0
2,12,1,1,1,1,4,2,3,2,1,1,1,1,3,88573,1,1,1,0
2,4,1,4,1,4,2,1,4,1,1,1,1,1,3,40000,1,3,2,0
2,20,2,4,1,1,7,2,4,1,1,1,1,1,1,54000,3,2,2,0
1,20,1,2,1,1,7,4,4,1,1,3,1,1,1,3600,3,2,2,1
2,1,1,3,8,3,2,2,4,1,1,3,1,1,1,241692,1,1,1,0
2,6,1,6,3,1,7,2,3,1,1,5,1,2,1,15924,2,2,2,0
2,6,1,4,8,7,1,2,3,1,1,6,4,1,1,25476,2,2,2,0
2,4,1,1,9,1,1,2,4,1,1,1,1,2,3,85000,1,3,2,0
2,2,1,2,1,1,7,2,1,1,1,2,1,2,2,12915,2,2,2,0
1,4,1,2,8,1,7,1,1,1,1,8,5,1,3,100000,1,3,2,0
2,4,1,1,1,1,1,2,1,1,4,4,1,1,3,110000,1,3,2,0
2,2,1,1,1,1,2,2,3,1,1,1,3,1,2,8297,2,2,2,0
1,6,1,2,8,1,3,1,1,2,1,3,1,1,1,23352,2,2,2,0
2,11,1,2,1,1,4,1,1,1,1,1,1,1,1,51408,1,1,1,0
2,11,1,2,1,3,1,2,2,1,1,3,1,1,1,675576,1,1,1,0
2,4,1,2,3,1,7,2,2,1,1,3,3,1,3,114000,1,3,2,0
2,17,1,2,1,1,7,2,4,1,1,3,1,1,1,46992,1,1,3,0
2,11,1,7,7,1,4,2,3,1,1,6,1,2,1,41124,1,1,1,0
1,16,1,1,4,4,5,1,4,2,1,3,1,1,1,41124,1,1,3,0
2,6,1,2,5,5,3,2,2,1,1,4,1,1,1,25692,2,2,2,0
2,12,1,1,1,1,2,2,3,1,1,1,3,1,3,60391,1,1,1,0
2,1,1,1,7,3,2,1,4,2,1,3,1,1,1,97233,1,1,1,0
2,7,1,5,1,1,8,1,3,1,1,3,1,1,1,66089,1,1,1,0
2,1,1,1,1,2,1,2,3,2,1,1,1,1,1,46533,1,1,1,0
2,4,1,3,6,1,4,2,3,1,3,1,1,1,3,150000,1,3,2,0
2,1,1,2,1,4,3,2,4,1,1,3,1,1,1,69452,1,1,1,0
1,10,1,1,8,4,4,1,3,1,1,1,1,2,4,87971,1,1,1,0
2,19,1,5,1,3,1,2,4,1,1,8,1,1,1,45528,1,1,3,0
1,11,1,7,7,8,7,2,3,2,1,2,1,1,1,73433,1,1,1,0
2,7,1,2,5,1,11,3,3,1,1,8,1,1,1,58752,1,1,1,0
2,8,1,2,1,1,7,2,4,1,1,3,1,1,1,30597,1,1,1,0
2,16,1,3,1,1,7,2,2,1,1,3,1,1,1,32316,1,1,3,0
2,12,1,3,9,1,7,2,3,1,1,1,1,1,3,39455,1,1,1,0
2,5,1,2,1,3,1,1,3,1,1,8,3,2,1,38820,2,2,1,0
2,4,1,1,1,4,1,2,2,1,1,3,1,1,3,105000,1,3,2,0
2,4,1,1,1,1,11,3,3,1,1,1,1,2,3,130000,1,3,2,0
2,4,2,3,1,1,1,3,3,1,1,2,1,1,3,100000,1,3,2,0
2,4,1,1,1,1,4,1,3,1,1,1,1,2,3,105000,1,3,2,0
1,4,2,2,1,1,3,2,3,1,1,3,3,2,3,120000,1,3,2,0
2,7,1,1,1,1,7,1,2,1,1,2,1,1,1,67558,1,1,1,0
2,2,1,1,8,1,7,1,2,1,1,1,3,2,2,5636,2,2,2,0
2,1,1,2,1,4,3,1,2,1,1,3,1,2,1,90288,1,1,1,0
1,6,1,4,8,1,5,2,3,1,1,1,1,1,1,6372,2,2,2,0
2,4,1,1,8,1,7,2,2,1,3,8,1,2,3,65000,1,3,2,0
2,19,1,1,1,1,4,2,3,1,1,4,1,1,1,61680,1,1,3,0
2,4,1,2,1,1,1,2,1,1,1,6,4,1,3,103000,1,3,2,0
2,7,1,1,1,1,2,3,3,2,1,1,1,1,1,44064,1,1,1,0
2,4,1,3,2,7,4,2,1,1,1,5,1,2,3,50000,1,3,2,0
1,2,1,1,8,1,7,2,2,1,1,1,1,2,2,12210,2,2,2,0
2,4,1,1,1,6,7,2,1,1,1,1,1,1,3,61907,1,3,2,0
2,7,1,3,1,1,11,2,3,1,1,7,4,1,1,79552,1,1,1,0
2,19,3,5,1,1,2,1,2,1,1,3,1,1,1,36720,1,1,3,0
2,14,1,1,8,1,7,3,1,1,1,2,1,1,5,20592,3,2,2,0
2,7,1,2,4,1,1,2,4,1,1,2,1,1,1,68537,1,1,1,0
2,7,1,2,1,1,1,2,4,1,1,2,1,1,1,73433,1,1,1,0
2,19,2,1,1,1,3,1,3,1,1,4,1,1,1,48833,1,1,3,0
2,2,1,1,1,14,7,1,1,1,1,1,3,1,2,15654,2,2,2,0
2,4,1,5,1,4,3,3,3,1,1,8,1,2,3,75000,1,3,2,0
2,7,1,2,1,2,3,2,1,1,1,5,1,1,1,69761,1,1,1,0
2,2,2,1,3,2,5,2,3,1,1,3,1,1,2,3756,2,2,2,0
1,7,1,7,1,1,1,2,4,1,1,8,1,1,1,73433,1,1,1,0
1,2,1,1,1,6,2,1,3,1,1,2,3,2,2,9000,2,2,2,0
2,14,3,1,1,8,7,2,3,1,1,1,2,1,5,22452,3,2,2,0
2,3,1,2,5,7,4,2,2,1,2,3,1,2,1,56292,1,1,3,0
1,4,1,1,4,1,7,1,4,1,1,1,1,1,3,76000,1,3,2,0
2,2,2,2,1,4,2,1,3,2,1,7,1,1,2,2820,2,2,2,0
2,6,3,1,1,1,2,2,2,1,1,3,1,1,1,28200,2,2,2,0
2,7,1,1,1,1,2,2,4,1,1,3,1,1,1,79552,1,1,1,0
2,6,1,6,1,9,7,2,2,1,1,1,1,1,1,6372,2,2,2,0
2,2,1,1,6,1,2,2,1,1,1,1,3,2,2,12216,2,2,2,0
2,7,1,1,1,4,7,2,3,1,1,3,1,1,1,53851,1,1,1,0
2,4,1,1,7,1,3,1,2,1,1,1,1,2,3,148000,1,3,2,0
2,2,1,1,3,1,5,2,3,1,1,1,1,1,2,11268,2,2,2,0
2,2,2,2,1,1,5,2,1,1,1,3,3,1,2,4692,2,2,2,0
2,3,1,2,5,1,7,1,2,1,1,1,1,1,1,74856,1,1,3,0
2,2,1,1,3,4,2,1,2,1,1,8,3,1,2,9393,2,2,2,0
2,7,1,5,1,1,1,2,4,1,1,2,1,1,1,58752,1,1,1,0
2,6,1,2,8,1,1,2,2,2,2,2,1,1,1,38208,2,2,2,0
1,2,1,2,1,1,2,1,3,1,1,6,3,2,2,28178,2,2,2,0
2,2,2,1,1,1,7,1,1,1,1,2,3,2,2,9549,2,2,2,0
2,13,1,3,1,1,7,2,3,1,1,5,1,1,1,29376,1,1,1,0
2,13,1,1,1,1,7,3,3,1,1,4,1,1,1,30597,1,1,1,0
2,7,2,2,1,16,4,2,3,1,1,3,1,1,1,63114,1,1,1,0
2,11,3,4,1,3,5,2,3,1,1,6,1,1,1,21864,1,1,1,0
2,2,2,1,1,1,7,3,3,1,1,1,1,1,2,17971,2,2,2,0
2,18,1,5,1,3,1,2,1,1,2,2,1,1,1,65064,1,1,3,0
2,1,1,1,4,1,5,2,2,2,1,8,5,1,1,41671,1,1,1,0
2,4,1,2,1,8,3,3,3,1,1,2,1,1,3,107000,1,3,2,0
2,4,1,1,9,6,2,4,2,1,1,1,5,1,3,56500,1,3,2,1
1,5,1,2,1,1,4,1,2,1,1,2,1,1,1,44112,2,2,1,0
2,3,1,3,1,1,3,2,2,1,1,1,1,1,1,44916,1,1,3,0
2,4,1,3,1,1,4,2,1,1,1,2,1,2,3,120000,1,3,2,0
2,3,1,1,8,1,2,1,3,1,1,1,1,2,1,43416,1,1,3,0
2,2,1,1,8,1,7,2,3,1,1,8,3,2,2,13152,2,2,2,0
2,7,1,1,1,1,7,3,1,1,1,6,4,1,1,73433,1,1,1,0
2,1,1,1,12,3,11,2,3,1,1,8,1,1,1,36115,1,1,1,0
2,4,1,1,1,1,1,1,3,2,2,8,6,1,3,40000,1,3,2,0
2,6,1,3,1,1,3,2,2,1,1,1,1,2,1,10620,2,2,2,0
1,7,1,2,1,1,4,2,1,1,1,8,1,1,1,79552,1,1,1,0
2,8,1,2,1,1,3,1,2,1,1,3,1,2,1,91791,1,1,1,0
2,4,1,3,1,1,4,3,3,1,1,2,1,1,3,33280,1,3,2,0
1,4,1,1,1,4,7,2,1,1,1,1,5,1,3,100000,1,3,2,0
2,12,1,1,1,1,1,2,4,1,1,7,3,1,3,57975,1,1,1,0
2,8,1,3,1,13,3,2,4,1,1,2,1,1,1,30840,1,1,1,0
1,7,1,2,8,14,1,2,2,1,1,3,1,1,1,65000,1,1,1,0
1,12,1,1,1,1,3,2,4,1,1,8,1,2,3,48313,1,1,1,0
2,17,1,2,1,1,3,1,2,1,1,2,1,2,1,54336,1,1,3,0
2,4,1,1,1,1,7,1,1,1,1,3,1,1,3,90000,1,3,2,0
2,4,1,2,1,1,3,3,3,1,1,2,1,1,3,119040,1,3,2,0
2,10,1,2,1,1,7,3,1,1,1,3,5,1,4,36364,1,1,1,0
2,2,1,1,8,9,2,1,2,1,1,1,6,1,2,9393,2,2,2,0
2,12,1,1,1,9,1,2,3,1,1,1,1,1,3,69248,1,1,1,0
2,4,1,1,1,3,3,1,3,1,1,3,1,1,3,65000,1,3,2,0
2,16,2,2,1,8,1,2,4,1,1,3,1,1,1,58752,1,1,3,0
2,13,3,3,12,4,7,2,1,1,1,2,2,1,1,25701,1,1,1,0
2,16,2,2,8,1,7,1,4,1,1,3,1,1,1,66824,1,1,3,0
2,18,3,4,1,4,5,2,4,1,1,4,1,1,1,25020,1,1,3,0
2,1,1,1,1,1,7,2,4,1,1,1,1,1,1,750084,1,1,1,0
1,7,1,2,1,2,1,1,4,1,1,5,1,2,1,74657,1,1,1,0
2,13,1,1,1,1,1,2,1,1,1,2,2,1,1,44060,1,1,1,0
2,2,1,1,8,2,7,2,3,1,1,1,3,2,2,11268,2,2,2,0
2,15,1,1,1,1,1,2,2,1,2,1,1,1,2,101808,1,1,2,0
2,7,1,3,1,1,11,2,4,1,1,5,1,2,1,48955,1,1,1,0
2,2,1,3,1,1,1,2,1,1,1,7,3,1,2,8448,2,2,2,0
2,11,1,2,1,1,1,1,3,1,1,1,1,1,1,61194,1,1,1,0
1,2,1,1,1,1,2,3,3,1,1,1,3,1,2,54790,2,2,2,0
2,5,2,2,7,1,1,2,1,1,1,3,1,1,1,24696,2,2,1,0
2,4,1,1,1,1,7,2,1,1,1,1,1,1,3,65000,1,3,2,0
2,4,3,2,6,14,2,1,2,1,1,1,1,1,3,93150,1,3,2,0
1,12,1,2,1,1,7,2,2,1,1,3,3,1,3,72469,1,1,1,0
2,4,1,2,1,3,7,3,3,1,1,1,1,2,3,95000,1,3,2,0
2,6,1,2,3,1,7,1,3,1,1,3,1,1,1,25476,2,2,2,0
2,12,1,1,8,1,1,3,3,1,1,1,1,1,3,45092,1,1,1,0
2,12,1,1,1,2,7,2,4,1,1,6,1,1,3,60391,1,1,1,0
1,15,1,1,8,1,7,1,3,1,1,3,1,1,2,87768,1,1,2,0
2,4,1,2,3,1,7,2,2,1,1,1,4,1,3,81000,1,3,2,0
2,2,2,1,1,1,5,2,2,1,1,2,1,2,2,3756,2,2,2,0
1,4,1,1,1,15,3,1,3,1,1,3,1,2,3,180000,1,3,2,0
2,14,1,3,8,1,7,1,3,1,1,6,1,1,5,18732,3,2,2,0
2,10,1,1,1,4,1,2,2,1,2,1,1,2,4,62379,1,1,1,0
2,4,2,1,1,1,3,2,1,1,1,3,6,1,3,173000,1,3,2,0
2,4,1,1,1,1,4,2,3,1,1,1,1,1,3,110000,1,3,2,0
2,4,1,1,1,1,1,2,2,2,1,1,1,1,3,70000,1,3,2,0
1,8,1,2,5,1,7,2,3,2,1,3,1,1,1,33045,1,1,1,0
2,7,1,2,3,1,4,1,3,1,1,1,1,1,1,67313,1,1,1,0
2,4,1,1,1,5,7,1,3,1,1,7,1,1,3,2000000,1,3,2,0
1,16,1,2,1,1,7,2,3,2,1,3,1,1,1,41856,1,1,3,0
2,7,1,1,1,1,7,2,4,1,1,1,3,1,1,73428,1,1,1,0
2,7,1,2,1,1,4,1,2,1,1,3,1,1,1,79552,1,1,1,0
2,16,1,1,2,14,3,2,4,1,1,5,1,1,1,624180,1,1,3,0
2,4,1,1,1,13,7,3,3,1,1,1,1,1,3,95000,1,3,2,0
2,4,1,1,6,3,2,2,2,2,1,1,1,1,3,59000,1,3,2,0
2,4,1,2,3,1,1,3,3,1,1,1,3,2,3,100000,1,3,2,0
2,19,1,1,1,1,7,1,3,1,1,7,1,2,1,61194,1,1,3,0
2,4,2,1,1,1,7,2,2,1,1,4,1,1,3,104000,1,3,2,0
1,4,1,1,1,4,3,2,3,1,1,3,1,2,3,104000,1,3,2,0
2,4,1,2,1,1,11,2,2,1,1,3,1,1,3,295000,1,3,2,0
2,4,1,1,1,4,1,2,2,1,1,2,1,1,3,110000,1,3,2,0
1,4,1,2,6,14,3,3,1,1,1,3,1,1,3,48000,1,3,2,0
2,4,1,3,1,1,3,2,1,1,1,1,1,1,3,107000,1,3,2,0
2,14,1,1,3,13,7,2,4,1,3,1,2,1,5,1000000,3,2,2,0
2,2,1,1,1,4,7,1,3,1,1,9,3,1,2,11349,2,2,2,0
2,19,1,3,1,1,1,2,3,1,1,8,1,1,1,39409,1,1,3,0
1,4,1,1,1,1,7,2,2,1,1,3,2,1,3,113000,1,3,2,0
2,3,1,2,1,1,7,3,3,1,1,3,1,1,1,47004,1,1,3,0
2,4,1,1,8,13,2,2,3,1,1,8,1,1,3,67000,1,3,2,0
2,13,1,1,1,1,1,1,3,1,1,9,1,1,1,40388,1,1,1,0
2,4,1,3,9,1,7,2,3,1,1,8,1,2,3,80000,1,3,2,0
2,14,1,3,3,3,5,3,1,1,1,8,2,1,5,3936,3,2,2,0
1,20,1,2,8,3,5,2,3,1,1,1,1,1,1,12000,3,2,2,0
2,7,1,1,1,4,1,2,4,1,1,7,1,2,1,71232,1,1,1,0
2,2,1,2,1,2,7,2,2,1,1,3,3,2,2,12837,2,2,2,0
2,4,1,1,1,1,2,2,1,1,1,3,1,2,3,115000,1,3,2,0
2,2,1,1,1,1,7,1,3,1,3,1,3,1,2,15654,2,2,2,0
2,1,1,1,9,4,4,2,2,1,1,8,1,1,1,66674,1,1,1,0
2,13,3,1,1,1,1,2,4,1,1,1,1,1,1,536064,1,1,1,0
2,4,1,1,1,1,7,1,4,1,1,8,6,1,3,90000,1,3,2,0
2,5,1,2,5,11,3,2,4,1,1,2,1,1,1,30000,2,2,1,0
2,4,1,1,1,1,3,1,2,1,1,8,6,1,3,65000,1,3,2,0
2,4,1,1,1,4,1,2,3,1,1,9,3,2,3,150000,1,3,2,0
2,5,1,3,8,11,5,2,4,1,1,2,1,1,1,15180,2,2,1,0
2,4,1,3,1,1,7,2,2,1,1,1,1,2,3,107000,1,3,2,0
2,4,1,1,9,1,2,2,2,2,1,1,1,1,3,100000,1,3,2,0
2,6,1,2,5,2,3,2,4,1,1,3,1,1,1,31848,2,2,2,0
2,12,1,3,2,13,7,2,3,2,2,7,1,1,3,64417,1,1,1,0
2,4,2,2,1,1,2,1,3,1,1,3,3,2,3,10000,1,3,2,0
2,1,1,1,1,1,7,1,3,1,3,8,1,1,1,69452,1,1,1,0
2,4,1,2,1,6,1,1,4,1,1,1,1,1,3,150000,1,3,2,0
2,15,1,1,1,1,1,3,4,1,1,1,1,1,2,170000,1,1,2,0
2,1,1,1,4,1,2,2,3,1,3,8,1,1,1,566724,1,1,1,0
2,2,2,2,1,2,7,2,1,1,1,2,2,2,2,12024,2,2,2,0
1,9,1,1,1,1,1,3,3,1,1,1,1,2,2,25260,2,2,2,0
2,20,1,2,3,4,7,3,1,1,1,4,1,1,1,18000,3,2,2,0
2,11,3,3,2,1,2,2,3,1,1,8,4,2,1,47731,1,1,1,0
2,12,1,2,6,3,5,2,3,2,1,1,3,1,3,30195,1,1,1,0
2,4,1,1,1,9,11,2,4,2,2,1,5,1,3,110000,1,3,2,0
2,5,2,1,5,1,7,2,3,1,1,3,1,1,1,11640,2,2,1,0
2,12,1,1,1,1,1,2,4,1,1,1,1,2,3,75690,1,1,1,0
2,7,1,3,1,1,2,1,2,1,1,2,1,1,1,56000,1,1,1,0
2,4,1,7,7,1,7,2,2,2,1,4,6,1,3,42500,1,3,2,0
1,4,1,2,2,1,7,1,2,1,1,1,1,1,3,43500,1,3,2,0
2,4,1,1,1,1,1,2,2,1,1,1,1,1,3,135000,1,3,2,0
2,8,1,2,8,1,2,2,4,1,1,7,1,1,1,19092,1,1,1,0
2,14,2,1,3,8,3,2,2,1,1,4,2,2,5,7488,3,2,2,0
2,8,1,2,1,1,1,1,3,1,1,2,1,1,1,45283,1,1,1,0
2,4,1,1,1,5,1,1,2,1,1,9,1,1,3,165000,1,3,2,0
2,4,1,2,3,1,7,1,4,2,2,5,3,1,3,155000,1,3,2,0
2,1,1,1,1,4,2,2,2,1,1,1,1,1,1,441720,1,1,1,0
2,4,1,1,1,4,3,2,2,1,1,4,1,1,3,120000,1,3,2,0
2,17,1,2,8,9,7,2,4,1,1,2,1,1,1,44064,1,1,3,0
2,4,1,1,8,1,3,1,3,1,1,2,3,2,3,105000,1,3,2,0
2,13,3,1,1,9,7,3,3,1,1,2,1,1,1,30597,1,1,1,0
2,1,1,1,4,4,7,1,4,1,1,1,1,1,1,36115,1,1,1,0
2,4,1,1,1,1,7,2,4,1,1,3,1,1,3,94000,1,3,2,0
1,8,1,1,1,1,7,2,4,1,1,2,1,1,1,17916,1,1,1,0
2,4,1,2,1,4,4,2,3,1,1,4,6,1,3,45000,1,3,2,0
2,13,1,2,1,4,4,3,2,1,1,1,1,1,1,24478,1,1,1,0
1,7,1,2,7,8,5,1,3,1,1,6,1,1,1,51408,1,1,1,0
2,7,1,2,7,9,3,2,3,1,1,4,1,2,1,67560,1,1,1,0
1,9,3,1,1,1,7,1,3,2,1,6,4,1,2,25428,2,2,2,0
1,4,1,1,1,4,2,2,2,1,1,1,1,1,3,60000,1,3,2,0
2,4,1,2,3,1,7,2,1,1,1,1,3,1,3,76000,1,3,2,0
1,4,1,3,1,1,7,3,4,1,1,1,1,1,3,30000,1,3,2,0
2,6,1,2,1,2,7,1,3,1,1,2,1,1,1,21228,2,2,2,0
2,4,1,7,3,4,1,2,3,1,1,4,1,2,3,121000,1,3,2,0
2,1,1,3,3,1,7,2,3,2,2,2,1,1,1,47227,1,1,1,0
2,4,1,2,1,9,1,1,2,1,1,4,1,1,3,123000,1,3,2,0
2,4,1,1,1,1,9,1,4,2,2,5,1,2,3,175000,1,3,2,0
1,4,1,1,4,3,2,1,3,1,2,3,1,1,3,105000,1,3,2,0
2,10,1,1,1,13,4,2,1,1,1,8,1,1,4,103965,1,1,1,0
2,7,1,1,1,1,7,1,3,1,1,2,1,1,1,61194,1,1,1,0
1,2,1,1,1,2,7,1,4,1,2,3,5,1,2,10958,2,2,2,0
2,1,1,3,1,1,3,2,4,1,1,7,1,1,1,625068,1,1,1,0
2,7,1,2,1,9,11,2,4,1,1,3,1,2,1,63642,1,1,1,0
1,1,1,1,1,5,3,2,3,1,1,2,1,2,1,111123,1,1,1,0
2,16,1,1,12,4,2,2,1,2,1,3,1,1,1,32316,1,1,3,0
1,4,1,1,4,1,5,1,1,2,1,3,1,1,3,100000,1,3,2,0
2,18,3,1,3,7,1,1,2,1,1,5,1,2,1,83416,1,1,3,0
2,4,1,1,2,1,1,2,2,1,1,1,1,1,3,133000,1,3,2,0
2,1,1,2,1,1,1,3,3,1,1,1,1,2,1,77786,1,1,1,0
2,1,1,1,1,1,7,1,1,1,1,1,1,1,1,65979,1,1,1,0
2,7,2,1,1,1,5,2,2,1,1,3,1,1,1,17134,1,1,1,0
2,4,1,3,9,1,2,2,2,2,1,1,1,2,3,50000,1,3,2,0
2,4,1,1,1,1,3,2,4,1,1,1,1,1,3,144400,1,3,2,0
2,2,2,1,3,1,2,1,3,1,1,8,3,1,2,12524,2,2,2,0
1,4,1,2,1,15,7,1,3,1,1,3,1,2,3,81500,1,3,2,0
2,1,1,1,3,1,7,1,4,1,1,1,1,1,1,77167,1,1,1,0
2,2,1,1,6,1,2,2,1,1,1,8,3,2,2,13152,2,2,2,0
2,4,1,7,3,8,2,1,2,1,1,4,1,2,3,100300,1,3,2,0
2,2,1,1,1,2,2,2,4,1,1,1,6,1,2,178464,2,2,2,0
2,2,1,1,1,1,7,2,3,1,1,7,3,1,2,9393,2,2,2,0
2,4,1,6,2,1,2,1,1,1,1,5,4,1,3,83500,1,3,2,0
2,7,1,7,5,14,2,2,2,1,1,3,1,1,1,77104,1,1,1,0
1,14,1,1,1,1,3,2,3,2,1,2,5,1,5,15720,3,2,2,0
2,4,1,1,1,4,1,2,3,1,1,1,1,2,3,75000,1,3,2,0
1,1,1,1,1,1,3,1,1,1,1,1,1,1,1,75008,1,1,1,0
1,4,1,1,8,3,5,1,3,2,2,1,6,1,3,55000,1,3,2,0
2,2,1,2,1,1,7,2,2,1,1,1,1,2,2,150288,2,2,2,0
1,4,1,7,3,14,3,1,4,2,1,1,1,2,3,55000,1,3,2,0
2,4,1,1,1,4,7,2,3,1,2,1,2,1,3,85000,1,3,2,0
2,10,1,5,5,1,4,1,1,1,1,2,1,1,4,1000000,1,1,1,0
1,4,1,1,8,1,3,2,2,2,1,3,1,1,3,85748,1,3,2,0
2,7,3,2,3,16,3,2,4,1,1,2,3,1,1,62412,1,1,1,0
2,4,1,1,1,10,11,3,2,1,1,3,1,1,3,240000,1,3,2,0
2,7,1,7,1,9,4,2,2,1,1,3,1,2,1,80776,1,1,1,0
2,4,1,1,1,1,1,2,4,1,1,8,1,1,3,130000,1,3,2,0
2,2,1,1,1,4,7,3,4,1,1,4,3,1,2,10958,2,2,2,0
2,4,1,6,10,3,7,1,3,1,1,5,4,2,3,70000,1,3,2,0
2,7,1,4,3,15,8,1,3,1,1,2,1,2,1,73428,1,1,1,0
2,7,2,5,1,1,1,3,3,1,1,2,1,1,1,8808,1,1,1,0
2,4,1,2,1,1,1,2,3,1,1,1,1,2,3,96000,1,3,2,0
2,4,1,3,1,1,4,1,3,1,1,1,1,2,3,160000,1,3,2,0
2,8,1,1,1,1,3,2,2,1,1,1,1,1,1,411228,1,1,1,0
2,4,1,1,1,1,1,2,3,1,1,8,1,1,3,49000,1,3,2,0
2,2,3,1,1,4,5,2,3,1,1,7,6,2,2,8453,2,2,2,0
2,1,1,1,3,1,7,2,3,1,1,2,1,1,1,62507,1,1,1,0
2,4,3,2,2,9,2,1,3,2,2,5,2,1,3,75000,1,3,2,0
2,2,1,1,1,1,7,2,3,1,1,8,1,1,2,11268,2,2,2,0
2,14,3,1,5,8,7,3,2,1,1,8,1,1,5,29940,3,2,2,0
2,7,1,1,8,1,1,1,1,1,1,1,1,2,1,122388,1,1,1,0
2,2,1,1,1,15,2,1,3,1,4,6,3,2,2,23482,2,2,2,0
2,1,1,3,8,1,4,1,1,1,1,8,1,1,1,48616,1,1,1,0
2,1,1,1,1,1,7,2,1,1,1,3,1,1,1,76397,1,1,1,0
2,13,1,2,1,3,1,1,4,1,1,3,1,1,1,24478,1,1,1,0
2,12,1,2,5,9,3,2,2,2,1,3,1,1,3,140912,1,1,1,0
1,4,1,1,8,1,2,2,3,1,1,3,1,1,3,60000,1,3,2,0
2,4,3,1,3,4,7,1,4,1,1,4,1,1,3,75000,1,3,2,0
2,4,1,1,1,1,3,2,2,1,1,3,1,2,3,72000,1,3,2,0
2,1,1,1,1,1,1,1,2,1,1,1,1,2,1,104178,1,1,1,0
2,12,1,2,3,1,3,3,2,1,1,1,1,1,3,136886,1,1,1,0
1,4,1,1,1,1,7,2,3,1,1,2,1,2,3,76000,1,3,2,0
1,6,3,2,3,1,7,1,3,1,1,3,2,2,1,19104,2,2,2,0
2,7,1,2,8,1,1,1,3,1,1,2,1,1,1,67320,1,1,1,0
2,4,1,1,1,4,3,2,3,1,1,4,1,2,3,150000,1,3,2,0
1,2,1,2,1,1,2,3,3,1,1,6,3,1,2,6384,2,2,2,0
2,4,1,1,1,1,3,2,4,1,1,1,1,1,3,109000,1,3,2,0
2,2,1,1,8,1,2,2,3,1,2,2,1,2,2,19568,2,2,2,0
2,4,1,1,1,1,11,1,2,1,1,8,1,2,3,112000,1,3,2,0
1,4,1,1,1,3,2,1,4,1,1,1,1,1,3,80000,1,3,2,0
2,1,1,5,1,1,7,1,2,1,1,2,1,1,1,600060,1,1,1,0
1,4,1,2,1,1,3,2,3,1,1,3,1,1,3,120000,1,3,2,0
1,1,1,2,7,15,2,2,2,2,2,8,1,1,1,37504,1,1,1,0
2,15,1,1,5,1,2,2,2,1,1,7,4,1,2,31596,1,1,2,0
2,4,1,5,1,9,5,2,3,1,4,3,5,1,3,30000,1,3,2,0
2,18,1,6,5,1,2,3,3,1,1,4,1,1,1,62556,1,1,3,0
2,1,1,1,12,1,3,2,4,1,1,2,1,1,1,750084,1,1,1,0
2,4,1,1,1,1,4,1,1,1,3,2,1,1,3,100000,1,3,2,0
2,1,1,2,1,1,7,1,1,1,1,8,1,1,1,76397,1,1,1,0
1,13,1,1,1,1,4,2,3,1,1,2,1,2,1,67313,1,1,1,0
2,7,1,3,1,6,7,2,2,1,2,8,1,1,1,33780,1,1,1,0
1,2,1,1,1,1,3,2,3,1,4,9,1,2,2,150288,2,2,2,0
2,2,1,1,1,4,2,2,2,1,1,1,2,2,2,0,2,2,2,0
2,1,1,1,1,1,1,3,1,1,1,1,1,1,1,666744,1,1,1,0
1,17,1,9,2,8,7,3,3,1,1,3,1,2,1,57276,1,1,3,0
2,7,1,2,8,1,1,1,2,1,1,2,1,1,1,61194,1,1,1,0
2,2,1,1,8,1,7,3,3,1,1,1,3,1,2,105192,2,2,2,0
2,9,3,7,1,11,3,1,3,2,1,2,1,2,2,31788,2,2,2,0
2,4,1,1,8,4,2,2,2,1,1,1,1,2,3,67700,1,3,2,0
2,4,1,1,1,8,7,1,4,1,1,1,1,2,3,81000,1,3,2,0
2,7,1,2,1,1,11,2,2,1,1,6,1,1,1,41856,1,1,1,0
2,7,1,2,1,1,3,1,2,1,1,2,1,2,1,73433,1,1,1,0
2,19,1,1,1,1,3,3,1,1,4,6,1,1,1,58752,1,1,3,0
2,4,1,1,8,1,4,2,3,1,1,1,1,2,3,133000,1,3,2,0
2,12,1,1,1,6,4,2,4,1,4,4,1,1,3,64417,1,1,1,0
2,16,1,2,2,1,3,2,3,1,1,3,1,2,1,85671,1,1,3,0
2,12,1,1,1,2,3,1,3,1,1,2,1,1,3,68443,1,1,1,0
2,2,1,1,1,1,2,1,1,1,1,2,3,2,2,6262,2,2,2,0
2,2,1,2,1,1,7,2,4,1,1,3,3,1,2,6356,2,2,2,0
1,1,1,1,2,1,5,2,2,2,1,1,1,1,1,50700,1,1,1,0
2,4,1,1,4,5,7,2,3,1,1,3,1,1,3,1200000,1,3,2,0
2,4,1,1,1,4,1,2,3,1,1,1,1,2,3,135000,1,3,2,0
1,4,1,1,9,1,3,2,3,2,2,1,1,1,3,86500,1,3,2,0
1,7,3,2,4,1,2,2,1,2,1,2,1,1,1,29373,1,1,1,0
2,8,1,4,1,1,1,3,4,1,1,2,1,1,1,381852,1,1,1,0
2,2,1,1,1,9,7,3,3,1,1,4,1,1,2,6262,2,2,2,0
2,1,2,1,1,4,1,2,1,1,1,1,1,1,1,86120,1,1,1,0
1,7,1,1,1,1,3,2,3,1,1,2,1,1,1,63642,1,1,1,0
2,4,1,1,2,8,2,1,2,1,1,5,1,1,3,110000,1,3,2,0
1,1,1,1,1,14,7,1,4,1,1,1,1,1,1,46533,1,1,1,0
2,4,1,1,5,1,3,2,2,1,1,6,1,1,3,76000,1,3,2,0
2,1,1,2,7,4,3,2,4,2,1,2,1,1,1,666744,1,1,1,0
2,2,1,1,1,3,2,2,3,1,1,1,3,1,2,9768,2,2,2,0
2,6,1,6,3,9,3,2,4,1,1,5,1,2,1,23184,2,2,2,0
1,3,1,1,1,2,2,1,3,1,1,1,1,2,1,61144,1,1,3,0
2,1,1,1,1,1,1,2,1,1,1,2,1,1,1,50005,1,1,1,0
2,18,1,2,1,1,1,2,3,1,1,1,1,1,1,86544,1,1,3,0
2,11,1,7,1,1,11,1,3,1,1,3,1,1,1,58752,1,1,1,0
1,4,1,1,1,1,7,1,2,2,1,1,1,1,3,130000,1,3,2,0
2,14,2,9,1,4,2,2,2,1,1,7,1,1,5,748596,3,2,2,0
2,10,1,7,7,1,2,2,2,1,1,1,1,1,4,54382,1,1,1,0
2,19,1,2,1,4,4,1,3,1,1,3,1,2,1,66089,1,1,3,0
2,4,1,1,2,1,4,1,4,2,1,1,1,1,3,140000,1,3,2,0
2,4,1,1,1,4,2,1,1,1,1,8,1,1,3,52000,1,3,2,0
2,8,1,5,8,1,7,2,4,1,1,7,1,2,1,30597,1,1,1,0
2,4,1,1,8,9,2,2,2,1,1,6,1,1,3,50000,1,3,2,0
2,7,1,1,1,1,4,3,3,1,1,1,1,1,1,67313,1,1,1,0
2,4,1,1,9,3,7,1,4,1,1,3,1,2,3,135,1,3,2,0
2,18,1,1,1,1,7,1,3,2,1,4,5,1,1,121995,1,1,3,0
2,2,2,1,1,4,2,2,3,1,1,1,6,2,2,11652,2,2,2,0
1,1,1,1,1,1,7,3,4,1,1,1,1,1,1,40282,1,1,1,0
2,18,1,2,8,1,7,2,2,1,1,8,1,2,1,97910,1,1,3,0
2,4,1,1,8,4,2,2,3,1,1,1,2,2,3,600000,1,3,2,0
2,2,1,2,8,9,2,2,3,1,1,7,1,1,2,5640,2,2,2,0
2,13,1,2,4,1,7,2,2,1,1,1,1,1,1,30597,1,1,1,0
2,5,1,1,8,6,2,2,3,1,1,3,1,1,1,49404,2,2,1,0
2,4,1,2,6,14,8,2,3,1,1,1,1,2,3,145000,1,3,2,0
2,4,1,1,2,4,2,2,4,2,1,1,5,1,3,60000,1,3,2,0
2,12,1,1,1,1,7,2,1,1,1,1,1,1,3,51534,1,1,1,0
2,4,1,1,1,4,1,1,4,1,1,1,1,1,3,83800,1,3,2,0
2,4,1,1,7,3,7,1,2,1,1,1,1,1,3,100000,1,3,2,0
2,4,3,1,1,4,7,2,2,1,1,3,1,1,3,85000,1,3,2,0
1,4,1,2,7,15,2,2,2,2,2,4,3,1,3,110000,1,3,2,0
2,9,1,1,3,1,1,1,2,1,1,6,4,2,2,12720,2,2,2,0
1,11,1,1,1,1,3,3,2,1,1,5,1,1,1,69761,1,1,1,0
2,11,1,2,1,1,7,2,3,1,1,1,1,1,1,36720,1,1,1,0
2,1,1,1,9,5,3,2,4,1,1,3,1,1,1,1000000,1,1,1,0
2,4,1,1,1,1,3,3,3,1,1,4,1,2,3,101757,1,3,2,0
2,18,2,2,7,1,7,2,1,1,1,4,1,1,1,58812,1,1,3,0
2,12,1,1,9,3,5,3,2,1,1,1,5,1,3,44689,1,1,1,0
2,6,1,1,1,8,1,3,1,1,1,1,1,1,1,12732,2,2,2,0
2,6,1,8,3,1,5,2,3,1,1,3,1,2,1,8496,2,2,2,0
2,4,1,7,2,8,2,2,2,2,1,4,4,1,3,150000,1,3,2,0
2,3,1,2,1,5,4,2,3,1,1,1,1,1,1,74856,1,1,3,0
2,2,1,2,1,1,2,1,4,1,1,7,3,1,2,3756,2,2,2,0
2,11,1,2,3,1,7,2,4,1,1,1,1,1,1,57522,1,1,1,0
2,16,1,4,12,3,1,2,4,1,1,6,3,2,1,32316,1,1,3,0
2,12,1,4,1,1,1,1,4,1,1,6,7,2,3,51534,1,1,1,0
1,4,1,1,8,14,7,2,2,1,1,1,3,1,3,52000,1,3,2,0
2,14,1,2,1,1,1,1,1,1,1,1,1,1,5,16848,3,2,2,0
2,4,1,1,7,1,4,2,1,1,1,1,1,2,3,1200000,1,3,2,0
2,4,1,1,8,4,7,2,3,1,1,1,1,2,3,75000,1,3,2,0
1,7,1,4,1,1,7,1,3,1,1,3,1,2,1,42836,1,1,1,0
2,4,1,1,8,1,2,2,2,1,1,3,1,2,3,88000,1,3,2,0
2,7,1,1,7,1,2,2,3,2,1,6,5,1,1,84448,1,1,1,0
2,4,1,2,8,9,1,1,1,1,1,8,1,2,3,80000,1,3,2,0
2,1,1,1,7,1,2,2,4,1,1,1,1,1,1,62507,1,1,1,0
2,16,1,1,1,1,3,3,3,1,1,1,1,1,1,83224,1,1,3,0
2,4,1,1,1,1,7,2,4,1,1,1,1,1,3,78000,1,3,2,0
2,7,2,2,1,1,3,1,3,1,1,3,1,1,1,64620,1,1,1,0
2,4,1,1,1,4,7,1,2,1,1,1,1,1,3,2000000,1,3,2,0
1,12,1,1,1,9,4,1,2,1,1,3,6,1,3,96626,1,1,1,0
2,8,1,2,1,1,3,1,2,1,1,3,1,1,1,42836,1,1,1,0
1,4,1,2,1,1,2,2,3,1,1,1,3,1,3,95000,1,3,2,0
2,4,1,2,1,5,4,1,1,2,1,4,3,1,3,154500,1,3,2,0
2,7,1,2,1,8,4,2,3,1,1,4,1,2,1,104030,1,1,1,0
2,2,1,1,3,6,2,2,2,1,1,6,3,2,2,17220,2,2,2,0
2,2,1,1,8,1,2,3,1,1,1,2,3,2,2,123984,2,2,2,0
1,4,1,1,4,4,5,2,4,1,1,1,6,1,3,102000,1,3,2,0
2,15,1,1,1,1,7,3,3,1,1,3,3,2,2,93036,1,1,2,0
2,2,1,1,1,4,2,2,4,1,1,3,3,1,2,18780,2,2,2,0
2,2,1,1,1,3,7,4,3,1,1,1,3,1,2,11741,2,2,2,1
2,4,1,4,1,11,7,2,3,1,1,4,1,2,3,67500,1,3,2,0
2,7,1,4,12,1,11,1,2,1,1,2,1,1,1,78328,1,1,1,0
1,4,1,2,7,9,2,1,4,1,1,3,1,1,3,75000,1,3,2,0
2,10,3,5,1,1,7,2,3,1,1,2,1,1,4,71976,1,1,1,0
1,4,1,1,3,14,1,2,1,1,4,1,1,1,3,1680000,1,3,2,0
2,4,1,1,1,1,8,2,1,1,1,8,1,1,3,100000,1,3,2,0
2,4,1,1,1,4,7,3,1,1,1,2,1,2,3,68000,1,3,2,0
1,10,1,1,3,1,7,2,4,2,1,1,3,2,4,99967,1,1,1,0
2,7,1,1,1,1,7,2,2,1,1,1,1,1,1,49932,1,1,1,0
2,2,2,1,5,3,2,1,4,1,1,2,3,1,2,112716,2,2,2,0
2,2,1,1,1,5,7,2,3,1,1,3,3,1,2,13524,2,2,2,0
2,15,1,1,1,4,2,3,3,1,1,3,4,1,2,63192,1,1,2,0
2,17,1,5,10,1,7,3,3,1,3,2,2,1,1,39072,1,1,3,0
2,4,1,2,9,1,7,1,1,1,1,3,1,1,3,150000,1,3,2,0
2,4,1,3,1,3,4,1,3,1,1,3,1,1,3,135000,1,3,2,0
2,11,1,2,3,6,7,1,3,1,1,2,1,1,1,46992,1,1,1,0
2,7,1,5,1,1,11,3,3,1,1,8,1,1,1,61140,1,1,1,0
2,2,1,2,1,1,3,2,1,1,1,3,3,1,2,38353,2,2,2,0
2,11,1,1,12,1,5,1,4,1,1,3,1,1,1,42836,1,1,1,0
2,4,1,1,1,1,7,2,1,1,1,2,3,1,3,68000,1,3,2,0
2,4,1,1,1,1,3,2,1,1,1,1,1,1,3,130000,1,3,2,0
1,7,1,1,1,1,7,2,2,1,1,4,1,1,1,78328,1,1,1,0
2,17,1,7,1,5,4,2,2,1,1,2,1,1,1,73433,1,1,3,0
2,1,1,1,1,1,11,2,2,1,1,2,1,2,1,76397,1,1,1,0
2,6,1,1,3,1,10,2,3,1,1,2,1,1,1,16980,2,2,2,0
2,11,1,2,1,1,3,1,3,1,1,2,1,2,1,48955,1,1,1,0
2,7,1,4,1,1,4,2,3,1,1,6,1,1,1,1000000,1,1,1,0
2,6,1,1,3,11,5,3,4,1,1,1,1,1,1,15924,2,2,2,0
2,2,3,1,3,9,7,2,3,1,1,2,3,2,2,11532,2,2,2,0
1,4,1,1,8,1,4,2,2,1,1,3,1,1,3,1320000,1,3,2,0
2,7,2,3,12,1,2,1,2,2,1,2,2,1,1,796,1,1,1,0
2,15,1,5,4,13,7,1,3,1,1,6,1,1,2,31596,1,1,2,0
2,4,1,8,1,1,3,2,3,1,1,1,1,1,3,140000,1,3,2,0
2,4,2,2,6,8,7,2,4,1,1,1,1,2,3,180000,1,3,2,0
1,2,1,2,1,1,1,1,4,1,1,6,3,2,2,6156,2,2,2,0
1,19,1,1,3,1,3,1,4,1,1,7,1,2,1,83224,1,1,3,0
2,6,1,1,5,3,7,1,4,1,1,1,1,2,1,33972,2,2,2,0
1,15,1,1,7,1,5,3,2,1,1,3,1,1,2,51780,1,1,2,0
2,13,1,1,1,1,2,2,3,1,1,2,1,1,1,40388,1,1,1,0
2,4,1,1,8,1,3,1,4,2,2,8,1,1,3,150000,1,3,2,0
2,4,1,1,1,1,3,2,3,1,3,3,1,1,3,58000,1,3,2,0
2,4,1,1,6,1,2,1,1,1,1,5,1,1,3,75000,1,3,2,0
2,4,3,2,8,12,4,2,4,1,1,3,1,1,3,60000,1,3,2,0
2,4,1,2,4,8,2,2,2,2,2,2,1,1,3,88000,1,3,2,0
1,6,1,1,1,15,7,2,2,1,1,3,1,1,1,19320,2,2,2,0
2,10,1,1,1,1,1,2,3,1,1,9,6,1,4,67977,1,1,1,0
1,6,1,1,3,1,7,1,3,1,1,3,1,2,1,48828,2,2,2,0
1,4,1,4,1,1,2,1,2,1,1,6,1,2,3,60000,1,3,2,0
2,4,1,1,1,1,2,1,1,1,1,3,1,2,3,92500,1,3,2,0
2,10,1,5,1,1,4,3,1,1,1,1,1,1,4,43985,1,1,1,0
2,4,1,1,1,2,7,3,2,1,1,1,1,1,3,170000,1,3,2,0
2,16,1,2,9,6,4,2,2,1,1,8,1,2,1,55075,1,1,3,0
2,13,1,6,5,1,10,2,2,1,1,3,1,2,1,63642,1,1,1,0
1,4,1,2,1,1,2,1,2,1,1,1,2,2,3,98000,1,3,2,0
2,10,1,3,1,1,1,2,3,1,1,1,1,1,4,95968,1,1,1,0
2,14,1,1,1,4,7,2,4,1,1,1,1,1,5,9360,3,2,2,0
1,2,2,1,1,8,7,2,2,1,1,1,3,1,2,20664,2,2,2,0
2,4,1,2,5,8,3,2,4,1,1,3,1,2,3,114000,1,3,2,0
2,13,1,3,4,1,7,2,4,2,2,2,1,1,1,44060,1,1,1,0
2,7,1,2,8,14,1,1,4,1,1,1,1,1,1,70985,1,1,1,0
1,1,1,2,1,13,4,3,3,1,1,1,1,1,1,81953,1,1,1,0
1,2,1,1,8,2,2,2,3,1,1,1,6,1,2,6912,2,2,2,0
2,1,1,1,1,5,1,1,2,1,1,2,1,1,1,97233,1,1,1,0
2,5,1,3,1,9,1,2,1,1,1,2,1,1,1,28932,2,2,1,0
2,4,1,1,1,2,7,2,2,1,1,8,4,1,3,70000,1,3,2,0
2,4,1,1,6,1,2,2,2,2,2,2,1,1,3,100000,1,3,2,0
2,20,1,2,8,1,7,2,4,1,1,1,1,1,1,50112,3,2,2,0
2,4,1,2,4,4,2,1,2,1,1,2,1,2,3,62000,1,3,2,0
2,6,1,3,7,1,2,2,1,2,1,1,1,1,1,24000,2,2,2,0
2,4,1,1,8,6,1,1,2,1,1,1,1,1,3,81000,1,3,2,0
2,4,1,1,8,3,7,2,2,1,1,1,1,1,3,70000,1,3,2,0
2,14,1,3,1,10,7,1,4,1,1,7,4,1,5,20600,3,2,2,0
2,1,1,1,2,4,5,1,4,2,1,3,1,1,1,55562,1,1,1,0
2,13,1,3,1,1,3,2,3,1,1,2,2,1,1,23496,1,1,1,0
1,7,1,1,1,1,2,1,2,1,1,2,4,1,1,30840,1,1,1,0
2,2,2,2,1,1,7,1,1,1,1,3,6,2,2,29743,2,2,2,0
2,4,1,1,1,1,1,3,4,1,1,8,1,1,3,120000,1,3,2,0
2,4,1,2,1,9,3,1,4,1,1,1,1,2,3,150000,1,3,2,0
2,1,1,3,6,1,4,3,3,1,1,8,1,1,1,51672,1,1,1,0
2,2,1,2,1,10,3,3,1,1,1,3,3,2,2,9396,2,2,2,0
2,4,1,1,5,8,3,2,2,1,1,4,6,1,3,180000,1,3,2,0
2,1,1,1,7,1,2,2,2,1,1,1,1,1,1,76397,1,1,1,0
2,1,1,1,1,9,7,2,3,1,1,2,1,1,1,41671,1,1,1,0
2,16,1,1,1,1,7,1,2,1,1,3,2,1,1,100358,1,1,3,0
2,4,1,1,8,4,2,1,2,1,1,1,3,2,3,42000,1,3,2,0
2,5,1,2,1,1,7,2,4,1,1,2,1,1,1,44460,2,2,1,0
1,4,1,3,8,1,2,2,4,1,1,1,1,1,3,75000,1,3,2,0
1,4,1,1,1,4,1,1,4,1,1,3,1,1,3,120000,1,3,2,0
2,4,2,1,1,1,3,2,3,1,1,3,3,1,3,90000,1,3,2,0
2,4,1,3,8,1,3,3,3,1,1,6,1,2,3,52500,1,3,2,0
1,20,2,2,1,8,7,1,4,1,1,1,1,1,1,3132,3,2,2,0
1,2,1,9,1,1,7,2,2,1,1,1,6,1,2,6575,2,2,2,0
1,9,1,1,1,2,3,2,3,1,1,7,4,1,2,25428,2,2,2,0
2,7,1,1,1,1,1,2,3,1,1,2,1,1,1,73433,1,1,1,0
2,9,2,1,1,1,1,3,2,1,1,1,1,1,2,24000,2,2,2,0
2,7,1,1,1,9,4,2,4,1,1,2,1,1,1,48955,1,1,1,0
2,14,3,5,1,1,2,2,3,1,1,1,1,1,5,10476,3,2,2,0
2,2,2,2,1,13,5,2,3,1,1,3,1,1,2,4696,2,2,2,0
2,11,1,1,12,3,7,1,2,1,1,7,1,1,1,807756,1,1,1,0
2,4,1,1,1,1,7,1,2,1,1,1,1,1,3,70000,1,3,2,0
2,11,1,2,1,1,7,2,3,1,1,7,1,1,1,56298,1,1,1,0
2,16,1,2,1,1,1,2,4,1,1,1,1,1,1,85671,1,1,3,0
1,6,1,3,8,1,2,2,4,1,1,8,1,1,1,11676,2,2,2,0
2,1,1,2,1,1,2,1,2,1,1,1,1,1,1,97233,1,1,1,0
1,9,1,1,6,6,2,1,3,1,1,2,4,1,2,22248,2,2,2,0
2,11,1,2,8,1,1,2,3,1,1,1,1,1,1,63642,1,1,1,0
2,19,1,2,1,1,4,2,2,1,1,4,1,1,1,56543,1,1,3,0
2,4,1,1,1,11,1,1,2,1,1,2,1,1,3,73000,1,3,2,0
2,2,2,1,8,1,2,1,1,1,1,9,3,2,2,16908,2,2,2,0
2,4,1,5,1,1,2,2,3,1,1,1,1,1,3,57000,1,3,2,0
2,4,1,2,1,1,8,1,2,1,1,9,6,2,3,130000,1,3,2,0
2,4,1,3,1,1,3,2,4,1,1,8,1,2,3,99400,1,3,2,0
2,4,1,1,1,1,1,2,3,1,1,1,1,2,3,100000,1,3,2,0
2,12,2,1,1,1,1,2,3,1,1,3,1,1,3,64417,1,1,1,0
2,4,1,5,5,1,8,3,2,1,1,1,1,2,3,200000,1,3,2,0
2,4,1,1,1,1,1,2,3,1,3,1,1,1,3,202000,1,3,2,0
2,7,3,1,1,1,1,2,4,1,1,1,1,1,1,75880,1,1,1,0
1,4,1,1,1,15,2,1,3,1,1,1,1,1,3,90000,1,3,2,0
2,5,1,2,1,1,4,2,4,1,1,2,1,2,1,48348,2,2,1,0
2,13,1,3,8,13,1,1,2,1,1,6,1,1,1,39164,1,1,1,0
2,7,3,1,1,1,11,2,3,1,1,2,1,1,1,61194,1,1,1,0
1,1,1,1,1,1,7,1,3,1,2,2,1,1,1,45838,1,1,1,0
2,18,1,2,1,2,3,2,2,1,1,4,1,1,1,93840,1,1,3,0
2,20,3,1,6,1,2,2,3,1,1,2,1,1,1,22800,3,2,2,0
2,1,1,1,12,3,4,1,4,1,1,3,1,1,1,72230,1,1,1,0
2,7,1,5,1,1,3,2,2,1,1,2,1,1,1,48955,1,1,1,0
2,3,1,2,5,1,3,2,2,1,1,3,1,2,1,54492,1,1,3,0
2,1,1,2,1,1,2,2,2,1,1,3,1,1,1,80564,1,1,1,0
2,6,1,6,1,1,3,2,2,1,1,5,1,2,1,40332,2,2,2,0
2,1,1,2,5,1,7,2,1,1,1,1,1,1,1,64590,1,1,1,0
1,12,1,3,1,1,3,2,4,1,1,3,1,1,3,66833,1,1,1,0
2,13,1,1,1,4,1,2,1,1,1,1,1,1,1,46507,1,1,1,0
2,20,1,2,8,5,4,3,2,1,1,3,1,2,1,60000,3,2,2,0
2,4,1,3,4,3,11,3,4,2,2,3,1,1,3,65000,1,3,2,0
2,3,1,5,1,1,3,2,3,2,2,2,1,1,1,49405,1,1,3,0
2,12,1,2,1,1,7,1,4,1,1,3,1,1,3,74885,1,1,1,0
2,12,1,1,3,7,2,3,2,1,1,1,1,1,3,54755,1,1,1,0
1,13,1,2,1,14,1,2,2,1,1,3,1,1,1,440592,1,1,1,0
2,4,1,4,12,1,2,2,3,1,1,2,1,2,3,50000,1,3,2,0
2,7,1,1,3,1,1,2,3,1,1,2,1,1,1,63642,1,1,1,0
2,7,1,7,7,8,1,1,1,1,1,8,1,1,1,70985,1,1,1,0
2,4,1,2,1,1,3,1,2,1,1,2,1,2,3,102000,1,3,2,0
2,1,1,2,6,4,5,2,4,1,1,2,1,1,1,450048,1,1,1,0
2,4,1,1,1,9,1,3,3,1,1,1,1,1,3,45000,1,3,2,0
2,4,1,4,1,15,7,2,4,1,1,8,1,2,3,93500,1,3,2,0
2,7,1,2,3,15,7,1,2,1,1,3,1,1,1,90567,1,1,1,0
2,2,1,2,1,1,2,2,3,1,1,2,1,1,2,8448,2,2,2,0
2,12,3,1,2,14,2,1,3,1,1,1,1,1,3,44583,1,1,1,0
2,18,2,2,7,8,7,1,3,1,1,3,1,1,1,64647,1,1,3,0
2,4,1,1,7,1,1,3,3,1,1,4,1,1,3,135000,1,3,2,0
2,4,1,1,5,8,2,2,3,1,1,4,6,1,3,85000,1,3,2,0
2,7,1,2,5,1,11,3,3,1,1,2,1,1,1,91791,1,1,1,0
2,20,2,2,1,1,1,2,2,1,1,3,1,2,1,34200,3,2,2,0
1,4,1,2,1,15,7,1,3,1,1,5,1,1,3,76000,1,3,2,0
2,4,1,7,7,15,3,1,2,1,1,1,6,1,3,280000,1,3,2,0
2,7,1,3,1,1,1,2,2,1,1,2,1,1,1,51408,1,1,1,0
2,4,1,1,1,1,11,2,2,1,1,3,1,2,3,212000,1,3,2,0
2,2,2,1,1,1,2,2,3,1,1,7,1,2,2,14089,2,2,2,0
1,10,1,3,9,13,7,1,4,1,1,3,1,1,4,57115,1,1,1,0
1,4,1,3,11,1,7,2,3,1,1,8,1,2,3,1800000,1,3,2,0
1,14,1,1,8,1,3,2,1,1,1,5,1,1,5,22452,3,2,2,0
2,4,1,2,1,1,1,3,1,1,1,1,1,2,3,125000,1,3,2,0
2,18,1,3,1,3,3,2,4,1,1,8,1,1,1,112611,1,1,3,0
2,4,1,1,1,14,11,2,4,1,1,1,2,2,3,93000,1,3,2,0
1,2,1,1,3,3,5,2,3,1,1,3,3,1,2,14088,2,2,2,0
2,6,1,1,3,1,7,3,3,1,2,3,1,1,1,10620,2,2,2,0
2,11,1,2,1,1,3,2,2,1,1,2,1,2,1,63642,1,1,1,0
2,2,1,1,1,8,5,1,2,2,1,3,1,1,2,6000,2,2,2,0
2,20,1,3,1,1,1,3,2,1,1,3,1,2,1,50400,3,2,2,0
1,4,1,1,1,1,4,1,4,1,1,6,1,1,3,110000,1,3,2,0
2,10,1,1,5,1,4,1,4,1,3,1,3,1,4,63979,1,1,1,0
2,12,1,2,1,17,1,2,2,1,1,3,1,1,3,69248,1,1,1,0
2,7,1,1,1,4,3,2,3,1,1,2,1,1,1,42836,1,1,1,0
2,20,1,2,1,1,1,2,2,1,1,1,3,1,1,38268,3,2,2,0
2,12,1,1,8,1,1,2,3,1,1,2,3,2,3,44300,1,1,1,0
2,2,1,1,1,1,2,1,2,1,4,4,1,1,2,5640,2,2,2,0
2,7,1,2,3,9,11,2,3,1,1,2,1,1,1,102806,1,1,1,0
2,4,1,2,1,1,4,2,2,2,1,2,1,2,3,96000,1,3,2,0
1,4,1,1,4,3,2,2,3,2,1,5,1,1,3,68000,1,3,2,0
2,4,2,1,1,1,1,2,2,1,1,3,1,1,3,140000,1,3,2,0
2,14,3,3,1,1,3,2,3,1,1,3,2,1,5,9924,3,2,2,0
2,4,1,1,1,1,4,1,4,1,1,3,1,2,3,140000,1,3,2,0
2,4,1,1,1,1,3,1,3,1,1,1,1,2,3,140000,1,3,2,0
1,9,1,1,1,6,7,3,3,1,1,1,1,1,2,14304,2,2,2,0
2,4,3,1,1,4,2,2,2,1,1,8,1,1,3,58000,1,3,2,0
2,4,1,1,4,4,2,1,4,1,1,4,1,1,3,81000,1,3,2,0
2,4,2,1,1,4,4,3,3,2,1,1,1,1,3,144500,1,3,2,0
2,13,1,1,1,1,4,2,2,1,1,5,1,1,1,1000000,1,1,1,0
2,2,2,1,8,1,3,2,3,1,1,1,3,1,2,356916,2,2,2,0
1,4,1,1,8,15,3,2,2,1,1,3,1,2,3,94000,1,3,2,0
2,8,1,2,8,1,1,2,3,1,1,3,1,1,1,48955,1,1,1,0
2,1,3,1,5,1,3,1,2,1,1,2,1,1,1,62507,1,1,1,0
2,4,1,1,3,1,7,1,4,1,1,1,1,1,3,100000,1,3,2,0
2,13,1,1,1,1,7,2,3,1,1,1,1,1,1,42836,1,1,1,0
2,4,1,1,1,1,1,2,1,1,1,8,1,2,3,130000,1,3,2,0
2,4,1,1,1,1,7,3,2,1,1,1,1,1,3,59000,1,3,2,0
2,4,1,1,1,1,3,2,4,1,1,1,1,1,3,89000,1,3,2,0
1,8,3,1,1,1,7,2,3,1,1,2,1,1,1,24478,1,1,1,0
1,15,1,1,1,1,4,1,4,1,1,4,4,2,2,277939,1,1,2,0
1,4,1,1,1,4,7,2,1,1,1,3,1,2,3,78800,1,3,2,0
2,2,1,1,1,4,5,1,3,1,1,1,3,1,2,6731,2,2,2,0
2,12,1,3,1,1,10,2,3,1,1,4,1,1,3,1000000,1,1,1,0
1,4,1,1,1,1,1,1,3,1,2,1,1,2,3,125000,1,3,2,0
2,4,1,3,12,1,1,1,3,1,1,1,1,2,3,108600,1,3,2,0
2,13,1,1,3,3,3,1,4,1,1,1,1,1,1,39164,1,1,1,0
2,18,1,7,1,1,11,1,4,1,1,2,1,1,1,145977,1,1,3,0
2,6,1,2,3,1,4,3,4,1,1,3,1,1,1,31848,2,2,2,0
1,4,1,1,1,1,3,2,1,1,1,3,1,1,3,190000,1,3,2,0
2,19,1,3,1,1,7,3,3,1,1,4,1,1,1,39648,1,1,3,0
1,16,1,3,1,1,4,1,3,1,1,1,1,1,1,60216,1,1,3,0
2,7,1,5,1,9,3,2,4,1,1,5,1,1,1,97910,1,1,1,0
1,12,1,1,7,1,2,2,1,1,1,6,1,1,3,64417,1,1,1,0
2,4,3,1,1,1,7,1,3,1,1,6,1,2,3,80000,1,3,2,0
1,4,1,1,1,9,2,2,3,2,2,3,1,1,3,65000,1,3,2,0
1,7,1,1,1,3,2,2,3,1,2,3,1,2,1,73433,1,1,1,0
1,7,1,2,1,1,7,2,2,1,1,3,1,1,1,60582,1,1,1,0
2,4,1,5,3,1,7,3,3,1,1,2,1,1,3,80000,1,3,2,0
1,7,1,2,1,8,1,2,3,1,1,3,1,1,1,73433,1,1,1,0
2,4,1,1,7,1,5,1,4,1,1,5,1,1,3,54000,1,3,2,0
2,2,2,1,1,1,7,2,2,1,1,2,1,2,2,10332,2,2,2,0
2,2,1,2,1,1,2,1,3,1,1,1,3,1,2,6575,2,2,2,0
2,14,1,1,1,1,3,2,4,1,1,2,5,1,5,29940,3,2,2,0
2,13,1,1,3,1,11,2,3,1,1,2,2,2,1,38552,1,1,1,0
2,8,1,3,1,1,2,3,3,1,1,2,1,1,1,28149,1,1,1,0
1,11,1,2,1,1,7,1,4,2,1,2,1,1,1,51403,1,1,1,0
2,2,1,1,3,1,1,2,1,1,1,3,1,1,2,6262,2,2,2,0
2,4,1,2,3,6,7,1,3,1,1,4,6,1,3,120000,1,3,2,0
2,4,3,1,1,1,7,2,3,1,1,6,1,2,3,80000,1,3,2,0
2,4,1,1,1,1,7,2,1,1,1,4,1,1,3,65000,1,3,2,0
2,1,1,1,1,1,3,2,1,1,1,3,1,2,1,63896,1,1,1,0
2,6,1,2,1,1,3,2,1,2,1,6,1,1,1,26112,2,2,2,0
2,5,1,1,1,1,1,3,3,1,1,3,1,1,1,39128,2,2,1,0
2,1,1,3,7,14,2,1,3,1,1,1,1,1,1,48616,1,1,1,0
1,4,1,1,3,9,7,1,3,2,2,1,1,1,3,57000,1,3,2,0
2,4,1,7,2,8,10,1,4,1,1,2,1,1,3,95000,1,3,2,0
2,2,1,2,1,1,2,2,3,1,1,7,3,1,2,7512,2,2,2,0
2,2,1,2,1,2,7,2,2,1,1,1,6,1,2,15654,2,2,2,0
2,4,1,1,8,1,7,2,4,1,1,2,1,1,3,60000,1,3,2,0
2,4,3,1,5,1,7,1,1,1,1,1,1,2,3,150000,1,3,2,0
2,5,1,2,1,1,3,2,4,1,1,8,1,1,1,47640,2,2,1,0
2,5,1,2,8,2,3,2,3,1,1,3,1,2,1,63516,2,2,1,0
2,4,1,1,1,4,1,3,2,2,2,3,1,1,3,76000,1,3,2,0
1,7,3,2,1,4,4,1,1,1,1,6,1,1,1,61194,1,1,1,0
2,4,1,2,1,1,3,2,4,1,1,3,1,1,3,95000,1,3,2,0
2,7,1,2,8,7,1,3,3,1,1,3,1,1,1,77100,1,1,1,0
2,8,1,2,1,8,3,1,2,1,1,8,1,1,1,39164,1,1,1,0
2,9,1,2,1,1,1,2,2,1,1,7,1,1,2,79552,2,2,2,0
2,4,1,3,8,14,5,2,2,1,1,8,5,1,3,85000,1,3,2,0
1,4,1,1,1,15,7,1,2,1,1,3,1,1,3,140000,1,3,2,0
2,8,1,2,1,1,7,1,2,1,1,3,1,1,1,34269,1,1,1,0
2,4,1,3,1,13,3,2,3,1,1,1,1,1,3,75000,1,3,2,0
2,7,2,5,4,15,5,1,4,1,1,2,1,1,1,19600,1,1,1,0
2,19,1,2,1,1,3,2,2,1,1,8,1,2,1,68537,1,1,3,0
2,3,1,3,1,1,7,2,2,1,1,1,1,1,1,64380,1,1,3,0
1,2,1,2,1,1,7,1,3,1,1,1,3,2,2,18785,2,2,2,0
2,19,3,3,7,1,2,2,2,1,1,4,1,1,1,17628,1,1,3,0
2,18,1,5,1,1,1,2,3,1,1,2,1,1,1,86544,1,1,3,0
2,14,1,1,1,13,3,3,3,1,1,2,2,1,5,38184,3,2,2,0
2,4,1,1,1,1,4,3,4,1,3,3,1,1,3,133023,1,3,2,0
2,7,1,1,1,1,1,2,2,2,1,1,1,1,1,58379,1,1,1,0
2,7,1,1,1,1,1,2,2,1,1,2,1,1,1,122388,1,1,1,0
2,2,1,2,1,1,1,3,1,1,1,1,1,1,2,10802,2,2,2,0
1,9,1,1,1,1,7,1,2,1,1,7,5,1,2,6996,2,2,2,0
1,6,1,9,1,4,2,2,3,1,1,1,1,1,1,4884,2,2,2,0
2,8,3,2,1,1,7,3,4,1,1,2,1,1,1,14688,1,1,1,0
2,1,1,1,8,1,4,3,2,1,1,8,1,1,1,0,1,1,1,0
2,5,1,2,1,1,1,1,3,1,1,3,1,1,1,59988,2,2,1,0
2,4,1,1,1,4,3,2,2,1,1,6,6,1,3,80000,1,3,2,0
2,11,1,1,1,4,7,3,1,1,1,3,1,2,1,39164,1,1,1,0
2,12,1,3,1,1,1,2,2,1,1,8,3,1,3,48313,1,1,1,0
1,4,1,1,8,4,2,1,3,1,1,3,1,2,3,55000,1,3,2,0
1,10,1,1,3,1,7,1,4,1,1,1,1,1,4,87971,1,1,1,0
2,7,1,5,1,1,2,3,2,1,1,2,6,1,1,8076,1,1,1,0
2,1,1,2,1,1,1,1,2,1,1,3,1,1,1,104178,1,1,1,0
2,16,1,2,1,1,4,2,3,1,1,1,1,2,1,65352,1,1,3,0
2,1,1,1,1,1,3,2,1,1,1,1,1,1,1,68757,1,1,1,0
2,1,1,1,1,1,7,2,2,1,1,3,1,1,1,90288,1,1,1,0
1,4,1,1,1,1,1,1,1,1,1,3,1,1,3,2000000,1,3,2,0
2,5,1,2,1,7,1,2,2,1,1,3,1,1,1,18708,2,2,1,0
2,15,1,1,1,1,7,2,1,1,1,8,1,1,2,120000,1,1,2,0
2,10,1,1,1,2,1,1,1,1,1,2,1,1,4,105565,1,1,1,0
2,4,1,1,3,2,2,2,2,1,1,8,1,1,3,60000,1,3,2,0
2,4,1,1,1,2,7,1,3,1,1,5,1,1,3,80000,1,3,2,0
1,3,2,3,5,18,5,2,3,1,1,1,4,1,1,4488,1,1,3,0
2,1,1,1,9,3,3,2,2,1,1,3,1,1,1,641736,1,1,1,0
2,7,3,1,1,1,7,2,2,1,1,8,1,2,1,63642,1,1,1,0
2,12,1,4,1,1,1,2,3,1,1,6,1,1,3,64417,1,1,1,0
2,18,3,5,1,1,2,3,3,1,1,1,1,1,1,50052,1,1,3,0
2,10,1,2,5,14,1,2,2,1,1,2,1,1,4,79973,1,1,1,0
1,2,1,1,1,1,2,3,1,1,1,7,1,2,2,6012,2,2,2,0
2,3,1,4,8,1,2,1,1,1,1,2,1,1,1,43666,1,1,3,0
2,4,1,2,1,1,1,2,3,1,1,4,3,1,3,92000,1,3,2,0
2,7,1,4,1,1,7,1,3,1,1,2,1,1,1,58752,1,1,1,0
2,11,1,2,1,4,2,2,2,1,1,3,5,1,1,52627,1,1,1,0
2,8,1,2,1,2,1,1,3,1,1,3,1,1,1,34269,1,1,1,0
1,9,1,1,1,1,2,1,3,1,1,7,4,1,2,31788,2,2,2,0
2,4,2,3,4,1,5,2,4,1,1,1,1,2,3,65000,1,3,2,0
2,2,2,1,1,17,2,1,1,1,1,3,3,2,2,4696,2,2,2,0
2,1,1,1,1,6,7,2,3,1,1,6,1,1,1,38199,1,1,1,0
2,12,1,1,1,1,3,2,2,1,1,6,1,1,3,136886,1,1,1,0
2,4,1,3,11,4,2,2,2,1,1,2,1,1,3,105000,1,3,2,0
2,19,1,3,1,1,4,2,1,1,1,2,1,1,1,51408,1,1,3,0
2,2,1,1,1,1,1,2,4,1,1,2,3,1,2,37571,2,2,2,0
2,11,1,2,3,1,1,1,3,1,1,3,1,2,1,55075,1,1,1,0
2,4,1,1,9,15,5,2,2,1,1,3,1,1,3,45000,1,3,2,0
2,1,1,2,7,14,2,1,4,1,1,2,1,1,1,34726,1,1,1,0
2,4,1,2,3,6,7,1,2,1,1,3,1,2,3,132000,1,3,2,0
2,4,1,5,1,1,3,1,1,1,1,1,7,1,3,140000,1,3,2,0
2,4,1,1,1,1,3,2,2,1,1,3,1,1,3,75000,1,3,2,0
2,7,2,2,1,8,11,2,4,1,2,2,1,2,1,39026,1,1,1,0
2,7,1,1,3,1,4,2,2,1,1,1,4,2,1,66084,1,1,1,0
2,11,1,2,12,1,3,2,4,1,1,3,1,1,1,48955,1,1,1,0
1,4,1,1,1,1,3,3,2,1,1,1,1,1,3,95500,1,3,2,0
2,4,1,2,2,1,7,2,2,1,1,1,1,1,3,101000,1,3,2,0
2,7,2,1,1,15,7,1,3,1,1,2,4,1,1,64866,1,1,1,0
2,4,1,1,5,1,4,1,3,1,1,1,6,2,3,115000,1,3,2,0
2,4,1,3,1,4,7,2,1,1,1,1,1,1,3,130000,1,3,2,0
2,4,1,1,1,1,1,2,2,1,1,3,1,1,3,88000,1,3,2,0
2,1,1,3,1,1,4,2,3,1,1,8,1,2,1,51394,1,1,1,0
1,12,1,1,1,1,7,2,3,1,1,1,1,2,3,60391,1,1,1,0
2,8,3,3,1,6,2,2,3,1,1,2,1,1,1,30597,1,1,1,0
2,4,1,1,1,1,1,2,4,1,1,4,1,2,3,85000,1,3,2,0
2,4,1,1,12,1,4,1,4,1,1,8,1,2,3,115000,1,3,2,0
2,4,3,3,1,7,4,3,2,1,1,2,3,2,3,50000,1,3,2,0
2,2,1,2,1,3,7,1,1,1,1,7,3,1,2,5028,2,2,2,0
1,20,1,1,4,6,3,3,1,1,1,6,1,1,1,6684,3,2,2,0
2,4,1,1,2,11,5,2,1,2,1,5,1,1,3,75000,1,3,2,0
2,12,1,5,12,3,7,2,4,1,1,7,2,1,3,48313,1,1,1,0
2,19,2,1,1,1,7,2,2,1,1,1,4,1,1,29376,1,1,3,0
2,13,1,3,1,1,3,2,2,1,1,2,1,1,1,61194,1,1,1,0
2,7,2,1,12,3,1,2,3,1,1,7,1,1,1,85671,1,1,1,0
2,4,1,4,12,1,2,3,3,1,1,8,1,1,3,45000,1,3,2,0
2,4,3,4,1,1,1,1,2,1,1,8,1,1,3,74000,1,3,2,0
2,7,1,1,6,1,4,2,2,1,1,5,1,2,1,79552,1,1,1,0
2,4,1,1,1,7,4,3,2,1,1,1,1,2,3,100000,1,3,2,0
2,4,1,1,1,1,4,1,3,1,1,8,1,1,3,160000,1,3,2,0
2,10,1,1,1,3,3,3,3,1,1,1,1,1,4,95968,1,1,1,0
2,16,3,2,1,2,7,3,1,1,1,3,1,1,1,67313,1,1,3,0
2,12,1,3,9,3,5,1,4,1,1,2,1,1,3,1000000,1,1,1,0
2,4,1,1,1,1,1,2,3,2,1,3,1,1,3,70000,1,3,2,0
2,4,1,1,12,1,7,2,1,1,1,1,1,2,3,64000,1,3,2,0
2,2,2,1,1,1,1,2,3,1,1,1,3,1,2,37572,2,2,2,0
1,10,1,1,1,4,7,2,2,1,1,8,6,1,4,59980,1,1,1,0
2,4,2,1,8,11,7,1,1,1,1,3,1,1,3,132000,1,3,2,0
2,1,1,2,5,1,2,2,3,1,1,2,1,1,1,33337,1,1,1,0
1,12,1,1,1,1,1,1,3,1,3,3,1,2,3,64417,1,1,1,0
1,3,1,1,8,1,2,2,1,1,1,4,1,1,1,47004,1,1,3,0
2,4,1,1,1,9,3,3,2,1,1,3,1,2,3,150000,1,3,2,0
2,4,1,3,7,1,2,1,3,1,1,4,1,1,3,150000,1,3,2,0
2,10,1,7,1,1,7,1,4,1,1,1,1,2,4,59980,1,1,1,0
1,4,1,1,1,1,3,1,3,1,2,3,1,1,3,90000,1,3,2,0
2,4,1,1,1,1,2,1,1,1,1,3,1,1,3,60000,1,3,2,0
1,16,1,2,1,8,1,3,2,1,1,3,1,1,1,30840,1,1,3,0
1,6,1,2,6,1,5,2,3,1,1,3,1,2,1,14652,2,2,2,0
2,12,1,1,1,1,3,1,4,1,1,1,1,2,3,112730,1,1,1,0
1,6,1,2,4,6,5,2,1,1,1,1,1,1,1,8496,2,2,2,0
2,2,1,2,3,8,7,2,1,1,1,1,1,2,2,16908,2,2,2,0
1,12,1,1,1,1,1,2,3,1,1,4,3,1,3,70859,1,1,1,0
1,10,1,7,1,8,3,2,4,1,2,1,3,2,4,94369,1,1,1,0
2,7,1,7,7,1,11,2,2,1,1,3,1,2,1,171343,1,1,1,0
2,4,1,4,1,9,4,3,3,1,1,1,1,1,3,63592,1,3,2,0
2,7,1,5,1,1,7,2,3,1,1,2,1,2,1,38184,1,1,1,0
2,4,1,2,7,1,11,2,2,1,1,3,1,2,3,154000,1,3,2,0
2,1,1,2,3,8,1,2,2,1,1,1,1,1,1,47880,1,1,1,0
2,1,1,3,1,1,4,1,1,1,1,2,1,1,1,83342,1,1,1,0
2,4,1,1,1,1,7,1,4,1,1,5,1,1,3,97000,1,3,2,0
2,2,1,2,1,1,2,2,3,1,1,2,3,1,2,4512,2,2,2,0
1,2,1,2,8,1,1,2,3,1,1,1,3,2,2,11652,2,2,2,0
2,6,1,1,5,4,5,2,3,1,1,8,1,1,1,7428,2,2,2,0
2,2,1,2,1,1,2,2,2,1,1,3,1,1,2,7671,2,2,2,0
1,7,1,1,1,1,7,2,3,1,1,1,1,1,1,85671,1,1,1,0
2,5,1,2,1,1,1,1,2,1,1,3,1,1,1,52932,2,2,1,0
2,3,1,1,1,1,7,1,3,1,1,2,1,1,1,592860,1,1,3,0
1,4,1,1,1,4,7,2,3,1,1,3,1,1,3,115000,1,3,2,0
2,11,3,6,8,1,7,2,4,1,1,1,1,2,1,16452,1,1,1,0
2,6,1,1,1,1,1,1,2,2,1,1,1,1,1,9552,2,2,2,0
2,7,1,5,1,1,6,2,2,1,1,2,1,2,1,31821,1,1,1,0
2,1,1,1,9,2,7,2,2,1,1,2,1,1,1,97233,1,1,1,0
2,18,1,1,1,1,1,2,4,1,1,1,1,1,1,125123,1,1,3,0
2,12,1,2,5,15,3,2,4,1,1,1,1,2,3,72469,1,1,1,0
2,4,1,1,3,1,7,1,2,1,1,8,1,1,3,100000,1,3,2,0
2,11,2,2,1,14,7,2,1,1,1,4,5,1,1,42588,1,1,1,0
1,7,1,2,1,1,7,2,2,1,1,3,1,1,1,45283,1,1,1,0
2,5,3,5,12,1,3,3,3,1,3,3,1,1,1,28236,2,2,1,0
2,12,1,1,1,1,7,1,1,1,1,2,1,1,3,46702,1,1,1,0
2,6,3,2,1,1,1,2,4,1,1,3,1,1,1,33324,2,2,2,0
2,15,1,8,1,2,2,1,4,1,1,7,1,1,2,84000,1,1,2,0
2,2,1,1,3,1,7,2,4,1,1,1,1,2,2,22548,2,2,2,0
2,4,1,1,4,4,2,1,1,2,1,1,1,1,3,74000,1,3,2,0
2,13,1,2,7,8,2,1,1,2,2,3,2,1,1,30597,1,1,1,0
2,4,1,1,3,1,2,2,3,1,1,1,1,2,3,70000,1,3,2,0
2,2,1,1,8,2,5,2,2,1,1,1,3,1,2,2090,2,2,2,0
2,14,1,2,1,1,7,2,3,1,1,7,2,1,5,26825,3,2,2,0
2,1,1,2,1,1,4,3,3,1,3,1,1,1,1,45838,1,1,1,0
2,14,1,1,1,1,7,2,2,2,2,8,2,1,5,33192,3,2,2,0
2,7,3,1,1,1,7,1,1,2,1,6,3,1,1,23496,1,1,1,0
2,1,1,2,1,1,1,3,2,1,1,8,1,1,1,70146,1,1,1,0
2,4,1,1,1,1,1,2,1,1,1,5,1,1,3,128000,1,3,2,0
2,9,1,1,3,2,7,1,3,1,1,1,1,1,2,25428,2,2,2,0
2,4,1,1,1,14,2,1,2,1,1,8,1,2,3,129000,1,3,2,0
2,2,1,1,1,3,2,3,4,1,1,1,3,2,2,10175,2,2,2,0
2,10,1,3,8,1,1,2,3,1,1,8,2,1,4,111963,1,1,1,0
1,4,1,1,2,2,2,2,4,2,1,4,2,1,3,42000,1,3,2,0
1,2,1,2,1,4,2,1,2,1,1,8,3,1,2,4696,2,2,2,0
2,4,1,1,1,3,3,2,2,1,1,3,1,1,3,186000,1,3,2,0
2,19,1,2,1,1,5,2,4,1,1,4,1,1,1,44549,1,1,3,0
2,3,1,2,1,6,7,2,2,1,1,2,1,1,1,82344,1,1,3,0
1,7,1,1,1,1,1,1,2,2,1,1,1,1,1,68537,1,1,1,0
1,10,1,1,8,5,4,1,3,1,1,1,1,2,4,100447,1,1,1,0
1,4,1,3,3,1,3,3,2,2,2,2,1,1,3,118000,1,3,2,0
2,20,1,1,1,1,7,2,3,1,1,3,1,1,1,20880,3,2,2,0
2,4,1,1,2,1,2,1,4,1,1,1,1,1,3,125000,1,3,2,0
2,4,1,1,1,1,1,2,1,1,1,3,5,1,3,1440000,1,3,2,0
2,15,1,3,8,3,4,1,4,1,1,3,1,1,2,122880,1,1,2,0
2,1,1,1,1,1,1,1,2,1,1,1,1,1,1,43060,1,1,1,0
2,1,1,1,1,4,7,2,1,1,1,8,1,1,1,52783,1,1,1,0
2,7,2,3,1,1,4,1,3,1,1,3,1,1,1,5880,1,1,1,0
2,4,1,1,1,1,1,2,1,1,1,1,1,2,3,102000,1,3,2,0
2,4,1,4,1,12,2,1,4,1,1,1,1,1,3,70000,1,3,2,0
2,12,1,4,1,1,1,2,4,1,1,6,1,1,3,60391,1,1,1,0
2,1,1,3,8,1,7,2,1,1,1,3,1,1,1,686736,1,1,1,0
2,13,2,1,3,14,5,1,2,1,1,2,1,1,1,24972,1,1,1,0
2,11,1,2,1,10,4,3,2,1,1,3,1,1,1,122388,1,1,1,0
2,13,1,1,1,2,3,2,2,1,1,3,1,1,1,30597,1,1,1,0
2,4,1,2,1,1,4,3,2,1,1,3,1,1,3,140000,1,3,2,0
1,11,1,2,1,1,1,2,3,1,1,3,1,1,1,61194,1,1,1,0
2,7,1,1,1,1,3,1,2,1,1,2,1,1,1,74316,1,1,1,0
2,11,1,2,1,1,3,2,3,1,1,3,1,1,1,63642,1,1,1,0
2,7,1,2,1,1,4,2,3,1,1,3,1,1,1,104030,1,1,1,0
2,12,1,1,1,1,1,2,4,1,1,8,1,1,3,60391,1,1,1,0
2,5,1,2,1,1,3,2,2,1,1,7,1,1,1,59990,2,2,1,0
2,14,1,1,1,1,7,1,1,1,3,7,2,1,5,26196,3,2,2,0
1,6,1,2,1,2,7,3,2,1,1,5,1,1,1,7428,2,2,2,0
2,2,1,2,1,3,2,3,3,1,1,2,1,2,2,3756,2,2,2,0
1,4,1,2,1,4,10,1,1,1,1,8,1,1,3,200000,1,3,2,0
2,6,3,2,5,1,7,2,2,1,1,3,1,1,1,12732,2,2,2,0
2,1,2,2,7,14,2,3,1,1,1,1,1,1,1,20526,1,1,1,0
2,10,1,1,1,1,1,2,4,1,1,8,3,2,4,96768,1,1,1,0
2,4,1,1,6,1,2,2,4,1,1,3,1,1,3,100000,1,3,2,0
2,7,1,1,1,10,3,3,2,1,1,2,1,1,1,32316,1,1,1,0
2,1,1,1,1,4,8,3,3,1,1,3,1,2,1,75008,1,1,1,0
1,10,1,3,12,1,1,2,1,1,1,1,1,1,4,55981,1,1,1,0
2,4,1,3,1,3,7,2,2,1,1,1,1,1,3,100000,1,3,2,0
2,7,1,6,1,1,2,2,2,1,1,5,2,1,1,67313,1,1,1,0
2,4,1,7,7,8,1,1,2,1,1,5,1,2,3,110000,1,3,2,0
2,8,1,4,1,1,3,2,2,1,1,1,1,1,1,27168,1,1,1,0
2,2,1,1,1,1,7,2,4,1,1,1,3,1,2,16813,2,2,2,0
2,11,1,2,1,1,7,1,2,1,1,1,5,1,1,55075,1,1,1,0
2,4,1,1,9,1,3,3,3,1,1,8,1,1,3,75000,1,3,2,0
2,4,1,8,7,1,1,3,3,1,1,4,1,1,3,27000,1,3,2,0
2,2,2,5,1,3,7,1,2,1,1,3,6,2,2,10332,2,2,2,0
2,14,3,2,1,1,3,1,4,1,1,2,2,1,5,46787,3,2,2,0
2,1,1,5,1,13,5,2,2,1,1,2,1,2,1,400044,1,1,1,0
2,4,1,3,7,13,2,1,2,1,1,2,1,1,3,2000000,1,3,2,0
1,4,1,2,1,1,7,2,4,1,1,3,1,1,3,300000,1,3,2,0
2,7,2,1,1,1,3,1,2,1,1,2,1,1,1,8076,1,1,1,0
2,18,1,2,1,1,3,2,2,1,3,1,1,1,1,95928,1,1,3,0
2,5,1,3,1,9,4,2,1,1,1,3,1,2,1,41824,2,2,1,0
2,3,1,2,1,1,3,2,1,1,1,2,1,1,1,44916,1,1,3,0
2,4,2,1,3,1,7,1,3,1,1,3,1,1,3,118000,1,3,2,0
2,6,1,2,1,1,3,2,2,1,1,3,1,1,1,31848,2,2,2,0
2,13,1,2,1,1,1,2,3,1,1,3,2,1,1,40388,1,1,1,0
1,4,3,1,1,14,4,3,3,2,1,3,1,1,3,106668,1,3,2,0
2,6,1,8,5,1,4,2,3,1,1,4,1,2,1,29724,2,2,2,0
2,2,1,2,1,1,5,5,4,1,1,9,1,1,2,5640,2,2,2,0
1,15,1,1,7,4,1,1,1,1,1,1,1,2,2,75480,1,1,2,0
1,7,1,1,1,1,7,2,3,1,1,2,4,1,1,32316,1,1,1,0
2,4,1,1,8,1,5,2,2,1,1,8,6,1,3,57200,1,3,2,0
1,4,1,1,1,1,1,3,3,2,2,3,1,1,3,91000,1,3,2,0
2,4,1,3,1,1,1,1,3,1,1,3,5,1,3,105000,1,3,2,0
2,4,1,2,2,8,2,2,4,2,1,1,1,1,3,230000,1,3,2,0
2,12,2,1,9,1,5,1,1,1,1,1,1,2,3,32209,1,1,1,0
1,1,1,7,5,1,4,2,2,1,1,1,6,1,1,46498,1,1,1,0
2,3,1,1,12,3,7,1,4,2,1,2,1,1,1,53892,1,1,3,0
1,14,1,1,1,1,7,1,1,1,1,4,1,1,5,27979,3,2,2,0
2,1,1,1,1,1,7,3,1,2,1,1,1,1,1,33337,1,1,1,0
1,14,1,1,1,1,1,3,3,1,1,1,2,1,5,25080,3,2,2,0
2,2,1,1,1,1,7,2,4,1,1,1,3,1,2,7848,2,2,2,0
1,4,2,1,5,14,2,2,2,1,1,2,1,2,3,85000,1,3,2,0
2,4,1,1,2,1,5,1,4,2,1,1,1,1,3,100000,1,3,2,0
1,7,1,2,1,4,4,3,3,1,1,3,1,2,1,97910,1,1,1,0
2,11,1,1,1,5,4,2,2,1,1,1,1,2,1,79552,1,1,1,0
2,4,1,1,1,1,11,2,1,2,2,5,2,1,3,90000,1,3,2,0
2,11,1,2,1,3,4,3,3,1,1,3,1,1,1,58746,1,1,1,0
2,14,1,1,12,1,1,1,1,1,1,1,1,1,5,25452,3,2,2,0
1,8,2,3,1,3,7,3,2,1,1,3,1,1,1,36716,1,1,1,0
2,6,1,2,1,1,4,3,3,1,1,3,1,1,1,26964,2,2,2,0
2,12,1,1,1,1,4,3,3,1,1,7,6,1,3,66083,1,1,1,0
2,11,1,2,1,1,7,3,2,1,1,1,1,1,1,48955,1,1,1,0
2,20,2,2,4,9,2,2,3,2,1,8,1,1,1,13368,3,2,2,0
2,1,1,1,1,1,3,3,3,1,1,1,1,1,1,59034,1,1,1,0
2,1,1,1,1,1,7,1,1,1,1,1,1,1,1,52783,1,1,1,0
2,19,2,6,1,16,7,2,4,1,1,4,1,1,1,44064,1,1,3,0
1,9,1,1,1,2,3,2,4,1,1,2,4,1,2,35868,2,2,2,0
1,1,1,1,1,1,1,2,3,1,1,2,1,1,1,100011,1,1,1,0
2,4,1,1,2,1,2,2,4,1,1,4,1,1,3,61500,1,3,2,0
2,11,1,2,1,1,3,2,3,1,3,6,1,1,1,46507,1,1,1,0
2,1,1,1,1,1,4,3,2,1,1,1,1,1,1,47227,1,1,1,0
1,10,2,1,1,1,3,2,2,1,1,7,1,2,4,141000,1,1,1,0
2,15,1,1,7,1,3,1,3,1,1,5,1,2,2,70212,1,1,2,0
2,4,1,2,1,1,11,1,2,1,1,2,1,1,3,180000,1,3,2,0
2,4,1,1,3,1,3,2,3,1,1,2,7,1,3,55000,1,3,2,0
2,2,2,1,12,4,2,2,3,1,1,7,1,2,2,5640,2,2,2,0
2,4,1,2,3,6,3,1,3,1,1,3,1,1,3,85000,1,3,2,0
1,7,1,3,1,1,7,1,4,1,1,1,1,1,1,82734,1,1,1,0
2,11,1,2,1,1,7,1,2,1,1,1,1,1,1,50179,1,1,1,0
2,7,1,5,1,1,7,2,2,1,1,5,1,1,1,48468,1,1,1,0
2,2,1,1,3,1,7,1,4,2,1,7,3,1,2,13200,2,2,2,0
2,4,1,1,3,15,1,2,3,1,1,3,1,1,3,169000,1,3,2,0
2,7,2,1,1,1,7,3,3,1,1,8,1,1,1,19092,1,1,1,0
2,4,1,3,4,1,11,2,1,1,1,3,1,1,3,250000,1,3,2,0
2,2,1,1,1,1,3,3,3,1,1,1,3,2,2,15654,2,2,2,0
1,8,1,5,1,6,7,2,4,1,1,2,1,1,1,16152,1,1,1,0
1,4,1,1,1,1,7,1,1,1,1,1,1,1,3,73000,1,3,2,0
2,4,1,1,1,1,7,1,4,1,1,3,1,1,3,73830,1,3,2,0
2,8,2,1,7,8,5,2,3,1,1,2,1,1,1,29373,1,1,1,0
1,13,1,7,12,1,1,1,2,1,1,1,1,1,1,23052,1,1,1,0
2,13,3,1,1,1,7,3,4,1,1,2,1,1,1,30597,1,1,1,0
2,4,1,1,1,1,4,2,3,1,1,1,1,1,3,110000,1,3,2,0
2,2,1,2,1,1,1,2,2,1,1,1,3,2,2,20351,2,2,2,0
2,13,3,2,1,1,1,1,4,1,1,2,1,1,1,440592,1,1,1,0
1,2,1,2,1,2,7,1,2,1,1,2,3,1,2,10140,2,2,2,0
2,4,1,1,3,1,3,1,1,1,1,8,6,2,3,66000,1,3,2,0
2,2,1,1,1,1,1,2,3,1,1,2,3,2,2,217716,2,2,2,0
2,12,1,4,1,1,2,2,3,1,1,8,5,1,3,45092,1,1,1,0
1,6,1,2,1,1,11,2,3,1,1,2,1,2,1,58800,2,2,2,0
2,2,1,1,3,19,5,1,4,1,3,3,1,2,2,4128,2,2,2,0
2,4,1,1,1,1,3,2,4,1,1,1,1,2,3,64000,1,3,2,0
2,4,1,1,1,11,7,2,4,1,2,1,3,1,3,840000,1,3,2,0
1,6,2,7,7,16,5,1,4,1,1,4,1,1,1,8496,2,2,2,0
2,13,3,2,1,1,1,1,1,1,1,9,1,1,1,42836,1,1,1,0
2,4,1,1,4,8,3,2,4,1,1,1,5,1,3,35000,1,3,2,0
2,7,1,3,1,1,7,3,3,1,1,3,1,1,1,528720,1,1,1,0
2,1,1,1,1,1,7,3,2,1,1,7,1,2,1,1000000,1,1,1,0
2,11,2,3,1,1,5,3,2,1,1,1,1,1,1,10284,1,1,1,0
2,4,2,3,1,6,5,1,4,1,1,2,2,1,3,104000,1,3,2,0
2,12,1,1,1,1,1,2,3,1,1,1,4,1,3,55560,1,1,1,0
2,7,1,7,5,8,3,2,1,1,1,3,1,1,1,79552,1,1,1,0
2,12,1,2,7,1,2,3,3,2,1,1,6,1,3,64417,1,1,1,0
1,4,3,2,2,14,7,1,2,1,1,3,1,1,3,69000,1,3,2,0
2,5,1,1,1,1,7,3,3,1,1,2,1,1,1,24696,2,2,1,0
2,18,1,1,12,10,1,2,3,1,1,3,1,1,1,145977,1,1,3,0
2,16,1,4,9,1,1,2,2,1,1,6,1,1,1,36720,1,1,3,0
1,12,1,1,1,15,7,2,2,1,1,3,1,1,3,1000000,1,1,1,0
2,1,1,1,3,3,3,2,4,1,1,1,3,2,1,285744,1,1,1,0
1,18,1,4,12,1,7,1,3,1,1,1,1,1,1,52135,1,1,3,0
2,4,3,1,1,4,2,2,4,1,1,5,1,1,3,80000,1,3,2,0
2,4,1,1,4,2,2,2,4,1,1,3,1,1,3,115000,1,3,2,0
2,4,1,2,7,1,1,2,4,1,1,1,1,1,3,2000000,1,3,2,0
2,4,1,1,1,4,2,1,4,1,1,1,1,1,3,82000,1,3,2,0
2,11,1,3,12,1,1,2,3,2,2,1,1,1,1,52627,1,1,1,0
1,4,1,2,1,1,7,3,3,1,1,3,3,1,3,130000,1,3,2,0
1,13,1,2,1,1,3,1,4,1,1,4,1,1,1,57400,1,1,1,0
2,4,3,1,1,1,1,1,2,1,1,3,1,1,3,70100,1,3,2,0
2,4,1,1,1,1,1,2,3,1,1,1,5,1,3,100203,1,3,2,0
2,19,1,2,1,1,11,1,3,1,1,8,1,2,1,79308,1,1,3,0
1,14,1,3,8,1,1,3,4,1,1,1,1,1,5,280728,3,2,2,0
2,1,1,3,1,1,3,3,2,1,1,2,1,1,1,27781,1,1,1,0
1,4,1,7,7,14,9,1,2,1,1,8,1,1,3,125000,1,3,2,0
2,4,2,3,1,1,7,2,2,1,1,7,2,1,3,140000,1,3,2,0
2,16,1,2,1,1,1,1,2,1,1,2,1,1,1,52872,1,1,3,0
2,7,1,2,5,8,7,2,2,1,1,5,1,1,1,48955,1,1,1,0
2,1,1,1,1,1,1,1,2,1,1,2,1,2,1,58340,1,1,1,0
2,4,1,2,8,13,1,3,3,1,1,7,1,1,3,66666,1,3,2,0
2,20,1,1,1,1,3,2,2,1,1,3,1,2,1,32400,3,2,2,0
2,5,1,2,1,4,4,2,2,1,1,3,1,2,1,64695,2,2,1,0
2,8,1,3,1,1,3,3,2,1,1,5,1,2,1,29373,1,1,1,0
1,14,1,1,1,1,1,2,4,1,1,7,1,1,5,43668,3,2,2,0
2,2,1,1,1,1,5,1,2,1,1,2,1,1,2,169068,2,2,2,0
2,16,1,5,1,7,1,2,4,1,1,1,1,1,1,37452,1,1,3,0
2,2,1,1,1,2,1,2,1,1,1,1,1,1,2,23482,2,2,2,0
2,7,1,4,1,13,7,2,3,1,1,6,1,1,1,528720,1,1,1,0
1,4,1,7,2,14,7,2,1,2,2,3,1,1,3,75000,1,3,2,0
2,4,1,1,1,1,11,2,1,1,1,1,1,1,3,120000,1,3,2,0
2,7,1,3,1,1,3,2,2,1,1,2,1,2,1,51408,1,1,1,0
1,7,1,5,1,1,3,1,3,1,1,2,1,2,1,73433,1,1,1,0
2,1,1,1,2,1,2,2,2,1,1,1,1,2,1,47227,1,1,1,0
2,9,1,2,5,1,2,1,3,1,1,6,1,1,2,16800,2,2,2,0
1,14,1,3,1,1,5,2,3,1,1,4,1,1,5,811000,3,2,2,0
2,4,1,1,1,1,7,2,1,1,1,8,1,2,3,62400,1,3,2,0
2,4,1,4,1,4,2,2,3,1,1,1,1,1,3,39840,1,3,2,0
2,7,2,1,1,1,1,2,2,1,1,2,1,1,1,51403,1,1,1,0
2,4,2,3,1,4,2,2,4,1,1,2,2,2,3,55000,1,3,2,0
2,2,1,1,1,1,7,2,3,1,1,4,3,2,2,14089,2,2,2,0
1,7,1,5,1,1,3,2,4,1,1,2,1,2,1,74904,1,1,1,0
2,4,1,1,1,1,7,1,3,1,1,8,1,1,3,102000,1,3,2,0
2,4,1,1,12,1,2,2,3,2,1,9,1,1,3,68000,1,3,2,0
2,2,1,1,3,4,2,2,2,1,1,3,3,1,2,8610,2,2,2,0
2,4,1,3,1,15,11,2,1,1,1,1,1,2,3,93000,1,3,2,0
2,7,1,2,1,1,3,3,3,1,1,3,1,1,1,58746,1,1,1,0
2,13,1,2,7,2,5,2,2,1,3,1,2,1,1,25701,1,1,1,0
2,4,1,2,1,14,1,1,2,1,1,3,3,1,3,97000,1,3,2,0
2,4,1,8,7,1,4,2,3,1,2,3,1,1,3,192000,1,3,2,0
2,12,1,1,6,3,2,1,4,1,1,1,1,1,3,64417,1,1,1,0
1,20,1,2,3,1,2,2,2,1,1,3,1,1,1,12600,3,2,2,0
1,4,1,1,1,4,1,2,3,1,1,1,6,1,3,124000,1,3,2,0
1,4,1,1,3,1,5,3,3,2,1,6,6,1,3,87000,1,3,2,0
2,4,1,1,1,1,7,3,3,1,1,6,2,1,3,75000,1,3,2,0
2,1,1,1,5,1,2,3,3,1,1,1,1,1,1,111123,1,1,1,0
2,4,1,1,1,1,1,3,4,1,1,2,1,2,3,8250,1,3,2,0
1,10,1,1,12,3,3,1,4,1,1,1,1,2,4,102366,1,1,1,0
2,12,3,3,1,1,11,1,3,1,1,3,3,2,3,136886,1,1,1,0
2,2,2,1,1,11,5,1,1,1,1,1,1,2,2,56352,2,2,2,0
2,4,1,4,8,1,1,2,2,1,1,3,1,2,3,155000,1,3,2,0
2,1,1,1,1,1,7,1,4,1,1,2,1,1,1,62507,1,1,1,0
2,4,1,1,1,1,3,2,3,1,1,2,1,2,3,110000,1,3,2,0
2,2,1,1,1,1,7,1,1,1,1,7,4,1,2,7512,2,2,2,0
2,2,1,1,1,1,7,3,3,1,1,1,3,2,2,14089,2,2,2,0
2,14,1,1,8,3,4,2,4,1,1,2,5,1,5,39300,3,2,2,0
2,14,1,1,8,1,1,2,3,1,1,3,1,2,5,28072,3,2,2,0
2,3,1,4,12,4,1,3,3,1,1,2,1,1,1,44916,1,1,3,0
2,3,1,1,8,1,4,3,3,1,1,7,3,1,1,53148,1,1,3,0
2,1,1,2,5,4,2,2,3,1,1,4,3,1,1,40282,1,1,1,0
2,3,1,3,1,1,1,3,2,1,1,2,1,1,1,52404,1,1,3,0
2,1,1,3,1,1,2,1,3,1,1,2,3,2,1,47227,1,1,1,0
2,4,1,1,1,1,1,2,3,1,1,8,1,1,3,80000,1,3,2,0
2,1,1,3,1,1,5,2,4,1,1,2,1,1,1,48616,1,1,1,0
1,9,1,1,1,1,7,2,2,1,1,1,4,1,2,31788,2,2,2,0
2,4,1,1,1,4,2,3,4,1,1,4,4,1,3,68000,1,3,2,0
1,18,1,2,1,1,4,2,3,1,1,1,1,2,1,166831,1,1,3,0
2,6,1,1,12,1,2,2,2,1,1,1,1,1,1,12732,2,2,2,0
2,4,1,1,1,1,1,1,3,1,1,1,2,1,3,60000,1,3,2,0
2,4,1,2,1,1,7,2,2,1,1,1,3,1,3,118000,1,3,2,0
2,4,1,1,1,4,1,1,4,1,1,1,2,1,3,115000,1,3,2,0
2,5,1,2,8,1,1,2,3,1,1,8,1,1,1,21173,2,2,1,0
2,14,1,1,8,1,7,3,3,1,1,7,1,1,5,13104,3,2,2,0
2,1,1,1,12,3,3,2,2,1,1,5,1,1,1,38893,1,1,1,0
2,4,1,1,1,1,3,3,2,1,1,1,1,1,3,72000,1,3,2,0
2,11,1,2,1,1,4,2,2,1,1,3,1,2,1,67313,1,1,1,0
2,1,1,1,9,1,2,1,4,1,1,8,1,1,1,48616,1,1,1,0
2,4,1,3,1,1,11,2,2,1,1,2,1,2,3,112000,1,3,2,0
2,4,1,2,1,1,3,1,1,1,1,1,1,1,3,120000,1,3,2,0
2,16,1,3,11,9,2,3,2,1,1,8,1,1,1,46992,1,1,3,0
2,4,1,1,1,15,2,2,2,1,1,1,1,1,3,80000,1,3,2,0
2,14,1,1,1,4,11,2,4,1,1,7,2,2,5,30324,3,2,2,0
2,1,1,7,1,1,4,1,4,1,1,8,1,1,1,55562,1,1,1,0
2,1,2,7,3,14,2,1,2,1,1,1,6,1,1,79175,1,1,1,0
2,16,1,3,1,13,1,1,3,1,1,8,1,1,1,35244,1,1,3,0
2,4,1,1,1,4,5,3,2,1,1,6,1,1,3,81500,1,3,2,0
2,7,1,1,1,9,1,2,3,1,1,3,1,1,1,48955,1,1,1,0
2,4,1,1,1,1,2,2,1,1,1,6,1,1,3,54000,1,3,2,0
2,2,1,1,1,1,1,1,2,1,1,1,3,2,2,15888,2,2,2,0
2,2,1,1,1,2,2,1,2,1,1,3,3,1,2,29112,2,2,2,0
1,8,1,2,1,1,3,1,2,1,1,2,1,1,1,34269,1,1,1,0
2,10,1,7,1,1,3,1,3,1,1,1,1,2,4,131956,1,1,1,0
2,6,1,2,1,9,7,2,2,1,1,3,1,1,1,3720,2,2,2,0
2,1,1,1,7,3,5,2,3,1,3,6,1,1,1,29170,1,1,1,0
2,7,1,7,7,1,2,2,2,1,1,2,1,1,1,61194,1,1,1,0
2,1,1,2,7,1,5,2,2,1,2,1,1,1,1,38199,1,1,1,0
2,8,1,1,1,1,1,2,3,1,1,3,1,1,1,22030,1,1,1,0
2,4,3,1,5,4,2,2,4,2,1,4,6,1,3,81500,1,3,2,0
2,5,3,3,1,1,4,2,1,1,2,1,1,1,1,26472,2,2,1,0
2,4,1,1,2,1,9,2,4,1,1,2,1,1,3,75000,1,3,2,0
2,5,1,1,1,1,7,2,4,2,3,2,1,1,1,63516,2,2,1,0
1,7,1,1,1,1,1,3,2,1,1,3,1,1,1,58752,1,1,1,0
1,4,1,5,1,10,2,1,1,1,1,2,1,2,3,150000,1,3,2,0
2,7,1,5,1,7,3,1,3,1,1,3,1,2,1,66084,1,1,1,0
2,4,1,1,1,4,3,2,2,1,1,8,1,2,3,87000,1,3,2,0
2,1,1,3,1,1,1,3,4,1,1,8,1,2,1,76397,1,1,1,0
1,4,1,1,1,1,2,2,3,2,1,4,1,1,3,72500,1,3,2,0
1,4,1,3,12,1,3,1,3,1,1,9,5,1,3,42500,1,3,2,0
2,11,1,1,4,1,7,3,3,1,1,6,1,1,1,22032,1,1,1,0
2,4,1,1,3,1,10,2,2,1,1,4,1,1,3,150000,1,3,2,0
2,8,1,3,1,1,4,2,2,1,1,8,1,1,1,42836,1,1,1,0
2,1,1,1,1,1,1,3,4,1,1,2,1,1,1,62507,1,1,1,0
2,2,1,2,1,15,7,2,2,1,1,1,1,2,2,1879,2,2,2,0
2,2,3,1,1,1,7,1,2,1,1,7,3,2,2,8448,2,2,2,0
2,6,1,2,1,1,7,2,3,1,1,3,1,1,1,19104,2,2,2,0
2,4,1,1,1,1,3,2,3,1,1,4,1,1,3,105000,1,3,2,0
1,2,1,1,1,1,5,1,2,2,1,9,1,1,2,3948,2,2,2,0
2,2,2,1,1,3,7,1,2,1,1,1,2,2,2,16437,2,2,2,0
1,10,1,1,3,7,2,1,2,1,1,8,1,1,4,53582,1,1,1,0
2,12,1,1,1,1,4,2,4,1,1,4,1,1,3,74885,1,1,1,0
2,11,1,2,1,4,1,2,2,1,1,3,1,1,1,61194,1,1,1,0
1,15,1,1,1,3,4,2,2,2,1,3,1,1,2,84264,1,1,2,0
1,4,1,1,8,1,7,3,3,1,1,3,1,1,3,2000000,1,3,2,0
2,2,1,1,1,1,2,3,3,1,1,1,3,1,2,5640,2,2,2,0
2,7,1,1,1,1,4,2,3,1,1,2,1,1,1,55812,1,1,1,0
1,4,1,1,1,4,1,1,3,1,1,2,1,2,3,90000,1,3,2,0
2,5,3,1,1,3,5,2,3,2,1,3,1,1,1,8784,2,2,1,0
2,14,3,3,8,3,5,1,2,1,1,1,1,2,5,9540,3,2,2,0
2,4,3,1,2,1,2,2,1,1,1,3,1,1,3,77000,1,3,2,0
2,1,1,6,6,14,2,2,1,2,1,2,1,1,1,83342,1,1,1,0
2,4,1,1,1,1,4,1,4,1,1,1,1,2,3,200000,1,3,2,0
1,4,1,4,1,3,7,3,3,1,1,1,1,1,3,39000,1,3,2,0
2,4,1,1,1,1,1,2,3,1,1,1,4,1,3,78000,1,3,2,0
2,4,1,1,3,1,7,1,2,1,1,5,1,1,3,61000,1,3,2,0
1,6,1,1,1,1,1,1,3,1,1,6,4,1,1,10620,2,2,2,0
2,2,1,2,1,1,1,2,2,1,1,7,3,1,2,5640,2,2,2,0
2,5,1,2,1,1,4,2,3,1,1,8,1,1,1,56460,2,2,1,0
1,4,1,1,1,1,7,3,3,1,1,1,5,1,3,55000,1,3,2,0
1,4,1,2,1,1,7,2,4,1,1,3,3,2,3,100000,1,3,2,0
2,2,1,2,8,1,7,1,3,1,1,7,3,1,2,15654,2,2,2,0
2,4,3,2,1,1,7,3,2,1,1,1,1,1,3,69000,1,3,2,0
2,7,1,1,6,1,2,2,3,1,1,8,1,1,1,704952,1,1,1,0
2,1,1,2,2,4,5,2,2,1,1,1,1,1,1,650076,1,1,1,0
2,8,1,2,3,1,4,2,3,1,1,5,1,1,1,26436,1,1,1,0
2,2,1,1,3,1,7,2,3,1,1,8,3,2,2,6888,2,2,2,0
1,1,1,1,8,1,1,3,4,1,1,2,1,1,1,41671,1,1,1,0
1,5,1,2,1,1,4,3,2,1,1,4,1,1,1,47640,2,2,1,0
1,14,1,2,1,1,7,2,2,1,1,1,4,1,5,11232,3,2,2,0
2,4,1,1,3,7,2,2,3,1,1,1,1,1,3,75000,1,3,2,0
2,4,1,2,5,1,2,1,2,1,1,1,6,2,3,115000,1,3,2,0
2,4,1,3,6,1,7,1,4,1,1,8,2,2,3,110000,1,3,2,0
2,12,1,1,1,1,4,3,3,1,1,3,1,1,3,117561,1,1,1,0
2,2,3,2,1,1,2,1,2,1,1,1,3,1,2,9941,2,2,2,0
1,16,1,1,1,3,1,1,2,2,1,1,1,2,1,851820,1,1,3,0
2,2,3,1,1,1,2,3,1,1,1,2,6,2,2,3948,2,2,2,0
2,2,1,1,1,1,7,1,2,1,1,3,1,1,2,7512,2,2,2,0
2,10,1,1,3,1,5,2,4,1,2,1,1,1,4,39987,1,1,1,0
2,7,1,2,1,1,11,2,3,1,1,2,1,1,1,52872,1,1,1,0
2,2,1,1,1,3,7,2,3,1,1,1,3,2,2,375708,2,2,2,0
2,2,2,1,1,13,1,1,4,1,1,1,3,2,2,21036,2,2,2,0
2,12,3,1,1,2,3,2,4,1,3,4,1,1,3,38650,1,1,1,0
1,2,2,1,1,3,7,2,2,1,1,2,3,2,2,43832,2,2,2,0
2,4,1,1,2,1,5,2,3,1,1,1,1,1,3,65000,1,3,2,0
2,19,2,1,1,1,1,2,2,1,1,2,1,1,1,44064,1,1,3,0
2,2,1,1,1,1,1,2,2,1,1,6,1,2,2,10113,2,2,2,0
1,4,1,2,7,8,1,1,4,2,1,1,1,2,3,72000,1,3,2,0
2,2,1,1,1,2,5,1,4,1,1,7,1,1,2,7827,2,2,2,0
2,4,1,1,7,4,2,2,1,1,1,1,1,1,3,67500,1,3,2,0
2,7,1,2,1,1,10,1,2,1,1,3,3,2,1,122388,1,1,1,0
1,1,1,3,1,1,1,2,2,1,1,8,1,1,1,111818,1,1,1,0
2,7,1,2,1,9,4,2,3,1,2,2,1,1,1,46507,1,1,1,0
2,4,1,1,4,1,7,2,2,1,1,6,1,2,3,95000,1,3,2,0
1,4,1,1,1,16,3,1,1,2,1,5,6,1,3,141000,1,3,2,0
2,4,1,3,1,1,4,2,2,1,1,2,1,1,3,78000,1,3,2,0
2,4,1,2,5,1,3,2,4,1,1,3,3,2,3,92000,1,3,2,0
2,5,1,2,3,9,1,3,4,1,1,2,1,1,1,35292,2,2,1,0
2,7,1,1,3,1,3,2,3,1,1,3,1,2,1,64866,1,1,1,0
2,6,1,3,4,1,2,2,4,1,1,5,1,2,1,21228,2,2,2,0
2,4,1,3,1,1,7,2,2,1,1,7,3,1,3,140000,1,3,2,0
2,4,1,2,4,3,5,2,4,2,1,1,1,1,3,50000,1,3,2,0
2,4,3,1,7,1,3,3,4,2,1,5,3,1,3,93000,1,3,2,0
2,7,1,7,7,1,3,1,4,1,1,3,1,1,1,881196,1,1,1,0
2,4,1,1,3,1,3,2,3,1,4,9,3,2,3,135000,1,3,2,0
1,3,1,3,8,1,7,2,1,1,1,1,1,1,1,51648,1,1,3,0
1,2,2,2,1,1,5,2,4,1,1,3,6,1,2,2820,2,2,2,0
2,2,1,1,3,3,2,2,3,1,1,4,3,1,2,32874,2,2,2,0
1,7,1,3,1,1,7,2,2,1,1,1,1,1,1,54336,1,1,1,0
1,1,1,2,1,1,3,2,3,1,1,2,1,2,1,66674,1,1,1,0
1,20,1,2,5,1,3,2,3,1,1,4,1,2,1,51408,3,2,2,0
2,4,1,2,1,1,3,1,2,1,1,6,1,1,3,88000,1,3,2,0
2,7,1,2,3,9,2,2,4,1,1,3,1,1,1,75880,1,1,1,0
2,4,1,1,6,3,5,1,3,2,3,6,1,1,3,50000,1,3,2,0
2,11,2,2,8,1,1,2,3,1,1,1,1,2,1,73433,1,1,1,0
2,2,1,1,3,1,3,2,3,1,1,1,3,2,2,18780,2,2,2,0
2,4,1,1,1,1,1,3,2,1,1,2,1,1,3,85000,1,3,2,0
2,4,1,1,1,1,11,1,2,1,1,6,3,1,3,70000,1,3,2,0
2,7,1,3,1,9,2,2,2,1,1,2,1,1,1,44064,1,1,1,0
2,7,1,2,1,1,4,2,1,1,1,7,1,1,1,80348,1,1,1,0
2,12,1,2,3,1,3,2,3,1,1,3,1,1,3,60391,1,1,1,0
1,4,1,1,7,2,2,1,4,1,1,1,1,2,3,70000,1,3,2,0
2,4,1,3,1,1,1,2,1,1,3,1,1,1,3,72600,1,3,2,0
2,1,2,8,1,1,5,2,4,1,1,7,1,1,1,29172,1,1,1,0
2,7,1,1,4,1,2,2,3,1,1,3,1,1,1,61194,1,1,1,0
2,11,1,2,1,1,7,2,3,1,1,1,1,1,1,50179,1,1,1,0
2,6,1,1,8,3,1,2,3,1,1,1,1,1,1,33972,2,2,2,0
2,13,1,2,1,4,3,1,1,1,1,2,1,1,1,33045,1,1,1,0
2,4,1,1,1,1,3,2,4,1,1,1,1,2,3,105000,1,3,2,0
1,7,1,2,1,1,4,2,3,1,1,5,1,1,1,58746,1,1,1,0
2,7,1,1,9,6,2,3,2,1,1,2,1,1,1,44064,1,1,1,0
2,4,1,2,3,1,1,3,3,1,1,3,1,1,3,92000,1,3,2,0
2,2,2,1,1,15,5,1,1,1,1,9,6,1,2,7827,2,2,2,0
2,1,1,2,1,1,3,2,3,1,1,3,1,2,1,111123,1,1,1,0
2,16,1,3,1,3,7,2,3,1,1,3,1,1,1,85671,1,1,3,0
2,1,1,3,1,15,3,2,2,1,1,8,1,2,1,59034,1,1,1,0
2,7,1,7,4,1,2,2,2,1,1,3,1,1,1,48955,1,1,1,0
2,17,1,7,1,1,3,1,2,1,1,1,1,2,1,88369,1,1,3,0
2,4,1,7,7,8,1,1,1,1,1,5,1,1,3,66000,1,3,2,0
1,4,1,1,1,1,4,1,1,1,1,1,1,2,3,64000,1,3,2,0
2,10,2,1,8,5,11,4,3,1,1,1,1,1,4,145552,1,1,1,1
2,11,1,7,1,8,4,1,2,2,1,3,4,1,1,77844,1,1,1,0
2,5,1,3,5,1,2,2,3,1,1,1,1,1,1,28236,2,2,1,0
1,4,1,1,1,1,4,2,4,1,1,1,1,2,3,145000,1,3,2,0
2,1,1,1,8,1,1,2,3,1,1,2,1,1,1,55562,1,1,1,0
2,7,2,2,8,8,5,2,3,1,1,3,3,1,1,14688,1,1,1,0
2,1,1,3,1,1,3,1,1,1,3,3,1,1,1,62507,1,1,1,0
1,4,1,1,1,4,2,1,3,1,1,2,6,2,3,500000,1,3,2,0
2,2,1,1,8,1,7,2,2,1,1,7,1,1,2,9393,2,2,2,0
2,2,3,1,3,4,7,3,3,1,1,1,3,1,2,10958,2,2,2,0
2,6,2,3,8,1,2,2,1,1,1,6,1,2,1,10620,2,2,2,0
2,12,1,3,12,1,1,3,3,1,1,2,1,1,3,48313,1,1,1,0
2,4,1,3,7,6,4,3,3,1,1,8,1,1,3,89000,1,3,2,0
2,4,1,1,8,1,1,2,3,1,1,8,1,2,3,120000,1,3,2,0
2,2,2,2,5,1,5,2,2,1,1,4,1,1,2,2820,2,2,2,0
1,10,1,1,3,1,7,2,2,1,1,2,3,1,4,76776,1,1,1,0
1,5,1,2,7,8,7,2,4,2,2,2,1,1,1,17640,2,2,1,0
2,7,1,1,1,1,4,3,4,1,1,2,1,1,1,63642,1,1,1,0
1,2,1,2,1,1,1,2,2,1,1,3,6,2,2,20351,2,2,2,0
1,12,1,1,3,11,2,1,1,1,1,4,3,1,3,50728,1,1,1,0
2,4,1,3,5,14,1,2,3,1,2,2,1,1,3,56000,1,3,2,0
2,4,1,2,1,1,1,2,1,1,1,3,1,2,3,110000,1,3,2,0
2,4,1,1,4,1,2,2,2,1,1,3,1,1,3,50000,1,3,2,0
2,11,1,2,1,4,7,2,3,1,1,5,1,1,1,38156,1,1,1,0
2,13,1,2,3,10,7,2,3,1,1,1,1,1,1,44060,1,1,1,0
1,7,1,7,7,1,7,2,2,1,1,1,1,2,1,104030,1,1,1,0
2,1,1,1,1,1,1,1,1,1,1,8,1,2,1,900096,1,1,1,0
2,7,1,1,1,1,1,3,2,1,1,2,4,1,1,73433,1,1,1,0
2,3,1,2,3,1,7,1,4,1,1,4,1,1,1,56591,1,1,3,0
2,2,1,1,1,9,7,1,1,1,1,1,6,1,2,21133,2,2,2,0
1,4,1,2,1,1,1,2,4,1,1,3,3,2,3,165000,1,3,2,0
2,17,1,2,1,8,1,2,4,1,3,2,1,1,1,51408,1,1,3,0
1,2,1,1,3,13,2,3,4,1,1,1,3,2,2,187848,2,2,2,0
2,16,1,1,1,1,1,1,1,1,1,1,1,1,1,91791,1,1,3,0
2,1,1,1,1,1,7,1,3,1,1,1,1,1,1,55562,1,1,1,0
1,2,2,1,1,1,2,2,3,1,1,1,3,2,2,385104,2,2,2,0
2,2,1,1,3,1,1,2,3,1,1,3,1,2,2,25047,2,2,2,0
2,4,1,2,1,8,1,2,3,1,1,1,1,1,3,83000,1,3,2,0
2,4,1,1,8,1,3,2,4,1,1,4,1,1,3,60000,1,3,2,0
2,4,1,1,1,16,3,2,4,1,1,3,1,1,3,75000,1,3,2,0
2,15,1,5,1,4,3,2,3,1,1,3,4,2,2,70212,1,1,2,0
2,14,1,1,3,14,5,2,3,1,1,1,2,1,5,15720,3,2,2,0
1,14,2,3,1,19,1,1,3,1,1,2,6,1,5,6732,3,2,2,0
2,4,1,3,1,3,7,2,2,1,1,8,1,2,3,70000,1,3,2,0
2,12,1,1,8,1,11,1,4,1,1,1,1,1,3,73274,1,1,1,0
2,3,1,1,8,1,7,2,3,2,1,1,1,1,1,48660,1,1,3,0
1,6,1,2,1,1,4,2,2,1,1,3,1,1,1,29724,2,2,2,0
2,4,1,4,1,1,7,2,4,1,1,1,1,1,3,68000,1,3,2,0
2,12,1,2,5,14,2,1,3,1,1,1,6,1,3,80521,1,1,1,0
2,4,1,1,5,1,7,1,1,1,1,8,1,1,3,52000,1,3,2,0
2,11,1,2,1,1,2,2,2,1,1,3,5,1,1,30840,1,1,1,0
2,4,1,1,1,1,7,2,3,1,1,4,1,1,3,95000,1,3,2,0
2,11,1,4,1,1,5,2,2,1,1,6,1,1,1,35492,1,1,1,0
1,11,1,2,1,1,1,2,4,1,3,7,1,1,1,46507,1,1,1,0
2,4,1,1,4,1,1,2,2,1,1,6,1,1,3,45000,1,3,2,0
2,14,2,1,3,8,2,2,4,1,1,7,2,1,5,18715,3,2,2,0
2,1,1,1,3,1,2,2,3,1,1,3,1,1,1,62507,1,1,1,0
2,2,1,1,1,1,2,1,2,1,1,1,1,1,2,125856,2,2,2,0
2,4,1,1,1,1,7,2,3,1,1,3,1,1,3,66400,1,3,2,0
2,8,1,2,1,1,3,2,3,1,1,3,1,1,1,48955,1,1,1,0
2,8,1,4,8,1,1,2,2,1,1,2,1,1,1,24478,1,1,1,0
2,13,1,1,8,1,3,2,2,1,3,1,1,1,1,67313,1,1,1,0
2,8,3,3,1,4,1,2,3,1,1,2,1,1,1,39164,1,1,1,0
1,1,1,1,1,4,7,1,1,1,1,2,1,2,1,58340,1,1,1,0
2,4,3,1,1,1,2,2,3,1,1,1,4,1,3,86000,1,3,2,0
2,1,1,1,1,1,7,3,4,1,1,1,1,2,1,34726,1,1,1,0
2,7,1,2,1,3,1,2,1,1,1,3,1,1,1,55075,1,1,1,0
2,4,2,3,1,1,7,2,2,1,1,1,1,2,3,870000,1,3,2,0
1,6,1,6,8,1,2,1,2,1,1,5,1,1,1,12732,2,2,2,0
2,4,1,1,1,1,3,2,2,1,1,3,1,1,3,135000,1,3,2,0
1,4,1,1,1,1,3,1,3,1,1,1,1,1,3,65000,1,3,2,0
2,12,1,1,12,15,3,2,2,1,1,8,1,2,3,101457,1,1,1,0
1,4,1,2,1,1,1,2,1,1,1,5,1,1,3,165000,1,3,2,0
2,3,1,1,1,1,1,2,3,1,1,3,1,1,1,43920,1,1,3,0
2,8,1,5,1,9,11,2,3,1,1,2,1,1,1,36716,1,1,1,0
2,9,1,1,1,2,7,2,3,1,1,1,4,1,2,14304,2,2,2,0
2,4,1,3,1,1,7,2,1,1,1,1,6,1,3,90000,1,3,2,0
1,7,1,2,1,4,3,1,3,1,1,3,2,1,1,79552,1,1,1,0
2,14,1,3,8,3,7,2,2,1,2,1,2,1,5,1000000,3,2,2,0
2,19,3,1,1,1,2,2,3,1,1,7,1,1,1,23496,1,1,3,0
2,2,1,1,3,19,1,2,2,1,1,9,3,2,2,28176,2,2,2,0
2,6,1,2,1,3,2,1,3,1,1,8,1,1,1,36,2,2,2,0
2,4,2,2,1,8,4,3,3,1,1,3,1,1,3,20000,1,3,2,0
2,2,1,1,3,1,5,1,3,1,1,1,3,2,2,0,2,2,2,0
2,4,1,1,8,4,7,2,3,1,1,6,1,2,3,110000,1,3,2,0
2,2,2,1,1,1,1,2,2,1,1,8,3,1,2,28178,2,2,2,0
2,4,3,1,3,1,3,2,4,1,1,3,1,1,3,75000,1,3,2,0
2,2,1,2,1,3,7,1,4,1,1,3,3,1,2,7332,2,2,2,0
2,4,1,1,1,15,3,2,2,1,1,1,2,1,3,95000,1,3,2,0
2,2,1,2,1,1,1,1,4,1,1,2,3,2,2,27145,2,2,2,0
2,20,1,2,1,1,2,2,2,1,1,3,1,1,1,16704,3,2,2,0
2,12,1,3,1,2,2,2,3,1,1,2,3,1,3,72469,1,1,1,0
2,13,1,7,1,1,3,2,2,1,1,1,1,1,1,34269,1,1,1,0
2,4,1,1,1,4,1,2,2,1,1,3,1,1,3,75000,1,3,2,0
2,6,1,2,1,2,1,2,2,1,1,1,1,1,1,39276,2,2,2,0
2,10,1,1,8,1,8,1,2,1,1,1,1,2,4,87971,1,1,1,0
2,12,2,1,1,1,7,2,2,1,1,1,1,1,3,48313,1,1,1,0
2,3,1,7,7,1,7,2,4,1,1,1,1,1,1,47904,1,1,3,0
2,4,1,1,1,1,1,3,1,1,1,3,1,1,3,110000,1,3,2,0
2,4,1,2,1,1,6,3,2,1,1,3,3,2,3,105000,1,3,2,0
2,1,1,2,2,1,1,2,2,1,1,1,1,1,1,50005,1,1,1,0
2,4,1,1,1,1,1,2,4,1,1,3,1,2,3,100000,1,3,2,0
2,4,1,2,1,1,4,2,2,1,1,4,1,2,3,157000,1,3,2,0
2,2,1,2,1,4,1,2,1,1,1,1,4,1,2,21916,2,2,2,0
1,4,1,1,7,1,1,2,1,2,3,4,1,1,3,300000,1,3,2,0
2,4,1,1,2,1,11,1,2,2,1,1,1,1,3,70000,1,3,2,0
2,15,3,1,1,3,7,1,1,1,1,1,2,2,2,90000,1,1,2,0
2,4,1,1,12,1,3,2,2,1,1,8,1,1,3,115000,1,3,2,0
1,1,1,1,7,1,2,1,2,1,1,2,1,1,1,583392,1,1,1,0
1,7,1,2,1,1,1,2,3,1,1,4,1,2,1,85671,1,1,1,0
2,4,1,1,1,4,7,1,3,1,1,8,1,1,3,80000,1,3,2,0
2,13,1,1,1,3,2,1,2,1,1,3,2,1,1,34269,1,1,1,0
2,6,1,3,1,1,1,2,3,1,1,8,1,1,1,19104,2,2,2,0
2,4,1,2,1,4,2,1,4,1,1,5,1,1,3,88000,1,3,2,0
2,3,1,3,3,1,4,2,4,1,1,1,1,1,1,55692,1,1,3,0
2,4,1,3,1,1,7,2,4,1,1,2,1,1,3,105000,1,3,2,0
1,8,1,3,1,1,11,3,4,1,1,6,1,1,1,32066,1,1,1,0
2,4,1,1,8,1,3,2,2,1,1,6,1,2,3,115000,1,3,2,0
2,4,1,1,9,4,7,2,2,1,1,1,4,1,3,82000,1,3,2,0
2,16,1,1,3,2,7,2,2,1,1,1,2,1,1,793068,1,1,3,0
2,4,1,2,1,1,3,3,1,1,3,1,2,1,3,106000,1,3,2,0
2,2,1,2,1,5,7,4,3,1,4,7,6,2,2,7200,2,2,2,1
2,4,1,7,7,8,3,2,2,1,1,4,1,1,3,95000,1,3,2,0
2,12,1,1,1,2,1,1,4,1,1,3,1,1,3,773004,1,1,1,0
2,7,1,2,1,1,3,1,2,1,1,3,1,2,1,73433,1,1,1,0
2,18,1,2,3,7,4,1,2,1,1,3,1,1,1,98013,1,1,3,0
2,4,1,1,1,9,7,2,3,1,1,1,1,1,3,58000,1,3,2,0
2,4,1,1,12,1,1,2,3,1,1,8,1,1,3,75000,1,3,2,0
2,7,1,1,1,4,7,2,2,1,1,6,1,1,1,64866,1,1,1,0
2,3,1,1,1,4,4,1,3,1,1,4,2,2,1,96065,1,1,3,0
2,9,2,1,1,1,2,2,3,1,1,1,1,1,2,11124,2,2,2,0
2,2,1,2,1,1,7,3,3,1,3,7,3,2,2,11584,2,2,2,0
2,4,1,1,1,1,1,2,1,1,1,3,1,1,3,90000,1,3,2,0
2,7,2,2,1,1,2,1,2,1,1,2,4,1,1,44060,1,1,1,0
2,12,1,2,1,1,1,2,3,1,1,4,1,1,3,80521,1,1,1,0
2,6,1,3,1,1,3,3,3,1,1,7,1,1,1,33972,2,2,2,0
2,1,1,1,1,1,1,1,2,1,3,5,1,1,1,45838,1,1,1,0
2,3,1,4,3,1,7,2,3,1,1,2,1,1,1,76397,1,1,3,0
2,17,1,3,1,1,3,2,2,1,1,8,2,1,1,51408,1,1,3,0
2,4,1,1,8,9,3,1,3,1,1,6,1,2,3,105000,1,3,2,0
2,4,1,1,1,1,3,1,4,1,1,7,1,1,3,122000,1,3,2,0
2,5,1,2,1,1,3,2,2,1,1,3,1,1,1,33528,2,2,1,0
2,1,1,1,1,15,4,1,2,1,1,8,1,1,1,69452,1,1,1,0
2,1,1,2,4,1,2,2,4,2,2,4,1,1,1,54173,1,1,1,0
2,2,1,1,1,1,3,2,3,1,1,3,3,2,2,14088,2,2,2,0
2,9,1,1,1,4,1,2,3,1,1,2,1,1,2,31788,2,2,2,0
2,2,3,2,1,1,2,2,2,1,1,3,2,1,2,22777,2,2,2,0
1,4,1,7,7,15,11,1,1,1,3,4,1,1,3,165000,1,3,2,0
2,16,1,1,1,1,3,2,3,1,1,6,1,1,1,30840,1,1,3,0
1,1,1,1,6,17,5,1,4,2,1,3,3,1,1,38893,1,1,1,0
2,4,3,4,1,13,4,3,4,1,1,2,1,2,3,75000,1,3,2,0
2,1,1,1,1,1,3,2,2,1,1,2,1,1,1,48616,1,1,1,0
2,2,1,6,1,1,7,1,1,1,1,1,1,1,2,30996,2,2,2,0
2,14,3,1,1,1,7,3,1,1,1,1,2,1,5,18720,3,2,2,0
2,7,1,5,11,1,2,1,3,1,1,3,1,2,1,62418,1,1,1,0
2,3,1,2,7,1,4,3,2,1,1,2,1,1,1,62880,1,1,3,0
2,1,1,1,1,1,4,2,4,1,1,2,1,1,1,66674,1,1,1,0
2,12,1,1,8,10,3,3,2,1,1,4,1,1,3,96626,1,1,1,0
2,14,1,6,12,1,7,3,2,1,1,7,2,2,5,16092,3,2,2,0
1,1,1,7,3,1,3,2,3,1,1,4,1,1,1,125014,1,1,1,0
2,1,2,2,1,16,1,3,4,1,1,1,1,1,1,333372,1,1,1,0
2,4,1,1,1,5,3,1,3,1,1,1,1,2,3,90000,1,3,2,0
2,7,1,2,8,1,4,2,3,1,1,5,1,1,1,75880,1,1,1,0
2,6,1,2,3,1,5,3,2,1,1,3,1,1,1,11676,2,2,2,0
2,3,1,1,8,1,2,2,4,1,1,3,1,1,1,44916,1,1,3,0
1,6,1,2,1,13,1,2,2,1,1,3,1,1,1,21228,2,2,2,0
2,4,1,1,3,14,2,1,3,1,1,3,1,1,3,70000,1,3,2,0
1,6,1,6,8,3,2,1,1,2,1,5,1,1,1,9552,2,2,2,0
2,4,1,1,5,14,3,2,3,2,1,8,1,1,3,85000,1,3,2,0
2,4,1,2,5,8,7,2,1,1,1,4,2,1,3,60000,1,3,2,0
2,4,1,1,8,1,8,3,1,1,1,1,1,2,3,120000,1,3,2,0
2,4,1,1,1,1,11,2,3,1,1,5,1,1,3,215000,1,3,2,0
2,7,1,2,7,4,3,1,2,1,1,4,1,1,1,73433,1,1,1,0
2,4,2,1,8,3,1,2,2,1,1,2,1,1,3,130000,1,3,2,0
2,14,1,1,8,1,1,2,3,1,1,2,2,1,5,18720,3,2,2,0
2,1,1,2,1,15,3,1,4,1,1,4,1,1,1,58340,1,1,1,0
1,12,2,1,1,1,1,2,3,1,1,8,1,1,3,62001,1,1,1,0
2,16,3,5,1,1,7,2,4,1,1,1,1,1,1,1000000,1,1,3,0
1,1,1,2,7,1,2,2,1,1,1,5,1,1,1,35421,1,1,1,0
1,2,1,1,8,1,2,2,4,1,1,2,3,1,2,1879,2,2,2,0
2,4,1,1,1,1,5,2,1,1,1,8,1,2,3,82000,1,3,2,0
2,17,1,2,1,3,1,2,2,1,1,3,1,1,1,52627,1,1,3,0
2,13,1,6,1,1,2,2,2,1,1,7,2,2,1,308412,1,1,1,0
2,4,1,9,1,1,8,3,3,1,1,3,1,1,3,80000,1,3,2,0
2,4,1,2,1,4,1,1,2,1,1,8,1,1,3,102000,1,3,2,0
2,2,1,2,1,1,2,2,3,1,2,3,3,1,2,5448,2,2,2,0
2,1,1,7,1,1,1,2,3,1,3,1,1,1,1,76397,1,1,1,0
2,2,1,1,8,1,2,2,3,1,1,3,1,2,2,10332,2,2,2,0
1,4,1,3,1,1,3,2,3,1,1,8,1,1,3,45000,1,3,2,0
2,12,1,1,7,3,2,2,3,1,3,1,1,1,3,62807,1,1,1,0
2,1,2,2,1,1,3,2,3,1,1,1,1,1,1,62507,1,1,1,0
1,2,1,2,1,1,1,2,2,1,1,3,3,2,2,15216,2,2,2,0
2,1,1,1,5,1,7,2,4,2,2,1,1,1,1,63201,1,1,1,0
2,20,1,2,1,2,1,2,2,1,1,3,1,1,1,35496,3,2,2,0
2,13,3,2,1,4,1,2,3,1,1,7,1,1,1,30597,1,1,1,0
2,1,1,1,1,1,2,3,3,1,1,2,1,1,1,42805,1,1,1,0
2,9,2,1,1,1,2,2,3,1,1,6,1,1,2,11124,2,2,2,0
2,4,1,1,4,1,1,3,1,1,1,4,1,2,3,95000,1,3,2,0
2,6,1,1,8,3,7,2,3,1,1,2,1,2,1,42456,2,2,2,0
2,4,1,1,1,1,4,2,3,1,4,1,1,1,3,100000,1,3,2,0
2,4,1,1,1,3,2,1,2,1,1,1,1,1,3,60000,1,3,2,0
1,11,1,2,1,9,2,1,2,1,1,3,1,1,1,45283,1,1,1,0
2,4,1,1,5,14,2,2,3,1,1,1,1,1,3,167750,1,3,2,0
2,4,1,2,8,3,5,2,4,2,1,5,5,2,3,275000,1,3,2,0
2,17,1,1,8,4,3,2,1,1,1,1,1,2,1,69024,1,1,3,0
2,6,1,1,5,9,4,2,1,1,1,1,1,1,1,24408,2,2,2,0
2,4,1,3,7,11,6,2,1,1,2,3,1,1,3,67000,1,3,2,0
2,12,1,2,3,3,7,2,3,1,1,3,1,1,3,36720,1,1,1,0
2,20,1,3,1,15,5,3,4,1,1,6,1,2,1,8352,3,2,2,0
1,18,1,2,1,1,7,3,2,1,1,4,3,2,1,104269,1,1,3,0
2,4,1,2,3,1,1,2,2,1,1,1,1,2,3,97000,1,3,2,0
2,2,1,2,1,7,7,2,3,1,1,9,1,2,2,10332,2,2,2,0
2,7,2,2,1,8,1,2,2,1,2,3,1,1,1,55809,1,1,1,0
2,4,2,2,5,8,1,4,3,1,1,4,1,2,3,180000,1,3,2,1
2,7,1,2,1,7,1,2,3,1,1,2,1,1,1,80409,1,1,1,0
2,10,1,1,1,1,7,2,2,1,1,1,1,1,4,47984,1,1,1,0
2,4,1,1,1,1,1,1,4,1,1,2,1,2,3,125000,1,3,2,0
2,7,2,2,7,14,2,1,2,1,3,3,1,1,1,58752,1,1,1,0
2,1,1,3,1,1,7,2,3,1,1,1,1,1,1,30559,1,1,1,0
1,7,1,4,6,13,1,2,2,1,1,2,4,1,1,46992,1,1,1,0
2,1,1,7,7,16,11,2,2,1,1,1,1,1,1,44449,1,1,1,0
2,4,1,2,1,1,1,2,2,1,1,3,1,2,3,150000,1,3,2,0
2,7,1,1,1,1,3,3,3,1,1,2,1,1,1,70006,1,1,1,0
1,1,1,1,1,1,7,1,1,2,1,2,1,2,1,425052,1,1,1,0
2,11,1,1,1,5,4,2,4,1,1,1,1,1,1,56298,1,1,1,0
2,2,1,1,1,8,7,1,2,1,1,2,3,1,2,4128,2,2,2,0
2,7,3,3,1,1,2,2,3,1,1,4,1,1,1,39776,1,1,1,0
2,1,1,1,1,1,7,1,2,1,1,8,1,1,1,41116,1,1,1,0
2,6,1,2,3,1,2,1,2,1,1,3,1,2,1,13800,2,2,2,0
1,1,1,1,1,4,3,1,3,2,2,2,1,2,1,60562,1,1,1,0
2,1,1,4,12,1,3,2,3,1,1,1,5,1,1,75008,1,1,1,0
1,7,1,2,1,1,4,2,3,1,1,3,1,2,1,82612,1,1,1,0
2,2,2,1,8,6,7,2,2,1,1,7,3,2,2,17670,2,2,2,0
2,7,1,1,7,1,2,3,3,1,1,3,1,1,1,48955,1,1,1,0
2,4,1,1,1,1,1,2,3,1,1,5,1,1,3,100000,1,3,2,0
2,4,1,2,1,5,8,3,2,1,1,3,1,2,3,320000,1,3,2,0
2,4,1,2,8,1,11,2,3,1,1,8,1,1,3,55000,1,3,2,0
2,2,1,2,1,5,2,1,4,1,1,1,1,2,2,10958,2,2,2,0
1,4,1,1,1,15,1,1,1,2,1,1,1,1,3,930000,1,3,2,0
1,10,1,1,8,1,2,2,2,1,1,6,6,1,4,55981,1,1,1,0
1,8,1,2,1,14,1,2,2,1,1,3,1,1,1,484656,1,1,1,0
2,4,1,4,9,4,7,2,3,1,1,5,1,2,3,50250,1,3,2,0
2,2,1,1,1,1,1,3,3,1,1,2,1,1,2,178464,2,2,2,0
2,8,1,2,1,1,1,2,2,1,1,3,1,1,1,46507,1,1,1,0
1,1,1,1,4,4,2,2,3,1,1,3,1,2,1,90288,1,1,1,0
2,4,1,1,1,8,3,2,1,1,1,1,1,2,3,1800000,1,3,2,0
2,2,1,2,12,1,5,3,1,1,1,1,3,1,2,5640,2,2,2,0
2,18,2,2,1,4,7,2,1,1,1,2,1,1,1,63604,1,1,3,0
2,13,1,1,1,1,1,2,4,1,1,8,1,1,1,367164,1,1,1,0
2,4,1,4,6,6,5,1,3,1,1,6,2,1,3,55000,1,3,2,0
2,4,1,1,7,1,3,2,3,1,1,6,1,1,3,164000,1,3,2,0
2,2,2,1,3,1,2,2,3,1,1,1,3,1,2,12524,2,2,2,0
2,7,1,1,1,5,1,4,3,1,1,3,1,1,1,79552,1,1,1,1
2,4,1,1,1,1,4,2,4,1,1,2,1,1,3,100000,1,3,2,0
2,2,1,2,1,1,7,2,1,1,1,2,3,1,2,2256,2,2,2,0
2,1,1,1,1,4,1,2,2,1,1,1,1,1,1,88899,1,1,1,0
2,6,1,1,2,1,3,1,3,1,1,8,1,2,1,16980,2,2,2,0
2,2,2,1,8,1,7,1,3,1,1,7,3,2,2,17220,2,2,2,0
2,7,2,2,1,3,7,1,4,1,1,3,1,1,1,82000,1,1,1,0
1,9,2,1,3,1,7,2,2,1,1,1,1,1,2,22248,2,2,2,0
2,1,1,7,1,16,4,1,3,1,1,8,1,1,1,44449,1,1,1,0
2,4,1,1,9,1,1,2,4,1,1,3,1,1,3,840000,1,3,2,0
2,4,1,2,8,1,7,2,3,1,1,5,1,2,3,170000,1,3,2,0
2,8,2,5,1,1,7,2,3,1,1,1,1,1,1,4404,1,1,1,0
2,6,1,2,6,2,1,2,3,1,1,4,1,1,1,48828,2,2,2,0
2,6,1,1,3,1,5,1,3,1,1,4,1,1,1,12096,2,2,2,0
2,3,1,2,1,1,11,2,3,1,1,1,1,1,1,67668,1,1,3,0
2,6,1,2,6,14,5,2,1,1,1,1,1,1,1,16980,2,2,2,0
2,4,1,3,1,2,7,1,3,1,1,8,1,1,3,63000,1,3,2,0
2,5,2,2,1,8,7,2,2,1,1,2,1,1,1,10584,2,2,1,0
2,4,1,1,9,1,2,1,3,1,1,8,1,2,3,46000,1,3,2,0
2,2,1,2,1,1,2,2,3,1,1,1,3,2,2,2630,2,2,2,0
2,4,3,1,1,1,1,2,4,1,1,6,2,1,3,57288,1,3,2,0
1,4,1,1,1,1,2,2,2,1,1,1,1,2,3,76000,1,3,2,0
2,12,2,4,1,6,7,3,3,1,1,6,1,1,3,48313,1,1,1,0
2,1,1,2,1,4,7,1,2,1,1,1,1,1,1,125014,1,1,1,0
2,2,2,1,8,1,2,2,2,1,1,1,1,1,2,5636,2,2,2,0
2,15,1,3,1,1,2,2,3,1,1,3,1,1,2,52668,1,1,2,0
2,2,1,1,3,7,1,1,1,1,1,1,3,2,2,28176,2,2,2,0
2,2,1,1,8,1,7,1,4,1,1,7,4,2,2,19250,2,2,2,0
2,2,1,1,1,13,2,3,3,1,1,6,3,1,2,5640,2,2,2,0
2,2,1,2,1,1,1,3,3,1,1,4,3,1,2,206640,2,2,2,0
2,20,1,1,8,11,2,1,3,1,1,2,1,1,1,31200,3,2,2,0
2,2,1,2,3,1,3,1,3,1,1,6,3,1,2,58391,2,2,2,0
2,2,1,1,1,9,7,2,2,1,1,1,1,2,2,18003,2,2,2,0
2,4,1,1,3,7,1,2,3,1,1,3,1,1,3,136000,1,3,2,0
2,4,1,2,1,4,3,3,3,1,1,8,1,1,3,115000,1,3,2,0
2,7,2,1,1,14,2,2,2,2,1,4,1,1,1,22032,1,1,1,0
2,4,1,1,1,1,3,3,4,1,1,1,1,1,3,98600,1,3,2,0
2,7,2,2,1,15,3,1,4,1,1,3,1,1,1,61194,1,1,1,0
2,7,1,2,8,15,7,3,2,1,4,3,3,1,1,63642,1,1,1,0
2,4,1,3,1,3,2,3,3,1,1,1,1,1,3,52500,1,3,2,0
2,6,2,2,5,9,3,1,3,1,1,3,1,1,1,8496,2,2,2,0
2,4,1,1,1,1,4,3,2,1,1,2,1,2,3,125000,1,3,2,0
2,4,1,1,6,10,7,3,4,1,1,3,1,2,3,100000,1,3,2,0
2,19,1,2,3,1,3,1,2,1,1,3,1,1,1,36720,1,1,3,0
2,2,1,1,1,1,7,2,2,1,1,8,3,2,2,8640,2,2,2,0
1,1,3,3,1,1,7,1,4,1,1,1,1,1,1,41671,1,1,1,0
2,13,3,6,1,3,4,3,3,1,3,7,1,1,1,20616,1,1,1,0
1,2,1,2,7,1,2,2,3,1,1,2,3,1,2,101436,2,2,2,0
1,12,1,1,1,9,7,3,4,1,1,1,1,1,3,53949,1,1,1,0
2,5,1,2,3,2,2,2,1,1,1,3,1,1,1,59988,2,2,1,0
2,18,1,2,1,2,1,2,3,1,1,4,1,1,1,93842,1,1,3,0
1,4,1,1,1,1,8,1,1,1,1,1,5,1,3,85000,1,3,2,0
2,12,1,3,1,13,2,2,3,1,1,2,1,1,3,44287,1,1,1,0
1,6,1,2,1,1,3,2,2,1,1,1,1,2,1,46704,2,2,2,0
2,12,1,2,7,1,2,2,2,2,1,1,1,1,3,52339,1,1,1,0
2,14,1,2,7,1,2,2,2,2,1,1,2,1,5,22452,3,2,2,0
1,10,1,1,1,1,7,1,3,1,1,1,1,2,4,710160,1,1,1,0
2,4,1,2,1,1,3,2,2,1,1,3,1,2,3,210000,1,3,2,0
2,12,1,1,6,4,5,1,3,1,1,2,1,1,3,32209,1,1,1,0
2,7,1,4,8,1,1,2,3,1,1,1,1,2,1,73433,1,1,1,0
2,10,1,1,1,1,2,1,2,2,1,1,1,1,4,44148,1,1,1,0
1,8,1,5,3,1,11,2,3,1,1,2,1,1,1,50179,1,1,1,0
2,4,1,1,3,6,4,2,2,1,1,4,6,1,3,115000,1,3,2,0
2,17,1,1,1,1,1,1,3,2,4,1,1,1,1,42588,1,1,3,0
2,7,2,1,1,1,7,2,3,1,1,3,1,1,1,48468,1,1,1,0
1,14,3,2,6,14,1,2,4,1,1,1,1,2,5,36000,3,2,2,0
1,4,1,1,4,3,2,2,1,2,1,3,2,1,3,122000,1,3,2,0
2,4,1,1,8,4,2,2,1,2,3,2,1,1,3,60000,1,3,2,0
2,3,1,2,1,1,4,3,4,1,1,3,1,1,1,56892,1,1,3,0
2,2,2,1,1,2,7,3,4,1,1,2,3,1,2,5724,2,2,2,0
2,4,1,1,6,14,4,1,4,1,1,6,1,1,3,68000,1,3,2,0
2,12,1,1,1,1,1,1,4,1,1,3,1,1,3,104678,1,1,1,0
1,5,3,1,1,4,2,3,3,1,1,3,1,1,1,27000,2,2,1,0
2,5,3,1,1,1,7,3,4,1,1,8,1,1,1,21168,2,2,1,0
2,12,1,1,8,1,11,2,3,1,1,1,1,2,3,72469,1,1,1,0
2,4,1,1,1,5,1,1,3,2,1,1,1,2,3,135000,1,3,2,0
2,2,1,3,1,6,2,2,2,1,1,8,3,1,2,1884,2,2,2,0
2,4,1,1,1,4,1,2,3,1,1,1,1,1,3,88000,1,3,2,0
2,19,1,3,3,1,3,3,3,1,1,7,1,1,1,73433,1,1,3,0
2,1,1,1,1,1,1,1,2,1,1,2,1,1,1,54173,1,1,1,0
2,4,1,1,7,1,2,1,1,2,2,5,1,1,3,70000,1,3,2,0
2,4,1,1,8,4,3,1,2,1,1,3,1,1,3,107000,1,3,2,0
2,7,1,1,1,9,7,2,2,1,1,2,1,1,1,60092,1,1,1,0
2,13,1,2,1,1,11,2,1,1,3,2,1,1,1,36716,1,1,1,0
2,11,1,2,3,8,2,2,2,1,1,1,1,2,1,39164,1,1,1,0
2,10,1,2,3,4,1,2,3,1,1,1,1,1,4,47984,1,1,1,0
1,12,1,4,1,1,3,1,3,1,1,2,1,2,3,1000000,1,1,1,0
2,7,1,3,1,1,7,3,3,1,1,5,1,1,1,39648,1,1,1,0
2,12,1,1,1,1,4,2,3,1,1,3,1,1,3,60391,1,1,1,0
2,4,1,1,1,4,7,3,1,1,1,3,1,1,3,87300,1,3,2,0
2,2,1,1,1,6,1,1,3,1,1,1,6,2,2,132,2,2,2,0
2,4,3,4,1,1,1,2,3,1,1,1,1,1,3,23000,1,3,2,0
2,4,1,1,3,3,2,2,3,1,3,3,1,1,3,92000,1,3,2,0
2,3,1,3,8,2,7,1,1,1,1,3,1,2,1,65868,1,1,3,0
2,7,1,2,1,7,3,1,4,1,1,3,1,1,1,58746,1,1,1,0
2,4,1,2,1,1,11,2,3,1,1,1,1,1,3,150000,1,3,2,0
2,4,1,1,7,1,2,2,4,1,1,3,1,2,3,100000,1,3,2,0
2,2,1,1,1,4,7,2,4,1,1,2,3,2,2,8610,2,2,2,0
2,16,1,3,1,15,7,2,4,1,1,8,1,1,1,35244,1,1,3,0
2,2,1,1,8,3,7,2,3,1,1,3,1,1,2,10428,2,2,2,0
2,2,1,2,1,2,2,2,2,1,1,1,3,1,2,5640,2,2,2,0
2,5,1,2,1,1,3,3,3,1,1,3,1,1,1,58584,2,2,1,0
2,11,1,2,9,1,1,2,2,1,1,4,1,1,1,58746,1,1,1,0
2,4,1,1,5,1,11,2,3,1,1,8,1,2,3,90000,1,3,2,0
2,16,1,2,1,1,1,2,2,1,1,2,1,1,1,122388,1,1,3,0
2,18,1,2,1,9,1,3,1,1,1,4,1,1,1,72989,1,1,3,0
2,2,1,2,1,4,7,2,3,1,1,3,6,1,2,14088,2,2,2,0
2,4,1,1,1,1,4,1,3,1,1,5,1,2,3,100000,1,3,2,0
2,4,2,1,1,2,7,2,1,1,1,1,1,1,3,74000,1,3,2,0
2,16,1,3,1,1,3,2,2,1,1,3,1,2,1,79552,1,1,3,0
2,1,1,2,1,7,2,1,4,1,1,1,1,1,1,44449,1,1,1,0
2,3,1,1,8,1,7,2,2,1,1,3,1,1,1,67368,1,1,3,0
1,4,1,1,12,4,1,1,1,1,1,1,1,2,3,70000,1,3,2,0
2,1,1,1,1,1,1,2,4,1,1,5,1,1,1,59034,1,1,1,0
2,4,1,1,7,1,7,3,1,1,1,1,1,1,3,2000000,1,3,2,0
2,4,1,3,1,15,4,2,3,1,1,2,1,1,3,122000,1,3,2,0
2,4,1,2,8,1,3,1,3,1,1,1,1,2,3,120150,1,3,2,0
1,4,1,1,12,4,2,1,4,1,1,7,1,1,3,70280,1,3,2,0
2,4,1,1,1,1,7,1,3,1,1,2,1,1,3,120000,1,3,2,0
2,4,1,1,1,1,7,2,4,1,2,4,1,1,3,150000,1,3,2,0
2,1,1,2,3,1,2,2,4,1,3,3,1,1,1,83342,1,1,1,0
2,5,1,1,4,2,5,2,3,2,1,3,5,2,1,12708,2,2,1,0
2,1,1,1,1,1,7,2,3,1,1,8,1,1,1,68757,1,1,1,0
2,7,1,1,1,1,1,1,3,1,1,4,5,1,1,85671,1,1,1,0
2,5,1,2,1,1,1,2,1,1,1,1,2,1,1,19200,2,2,1,0
2,11,1,2,3,1,3,1,3,1,1,1,1,1,1,52872,1,1,1,0
2,4,3,1,3,1,11,2,2,1,1,1,1,2,3,100000,1,3,2,0
2,2,1,3,3,3,7,2,3,1,1,2,3,1,2,20116,2,2,2,0
1,4,1,2,1,3,7,1,4,1,1,1,3,1,3,120000,1,3,2,0
1,4,1,1,7,1,1,2,4,1,1,1,1,2,3,105000,1,3,2,0
1,4,1,1,6,1,3,2,4,1,1,5,1,1,3,84000,1,3,2,0
2,20,1,2,8,14,2,2,1,1,1,8,1,1,1,8400,3,2,2,0
2,2,1,2,1,1,2,3,3,1,1,1,3,1,2,11819,2,2,2,0
2,13,1,4,1,1,7,2,3,1,1,2,1,1,1,42836,1,1,1,0
2,1,1,1,1,1,1,1,3,1,1,8,1,1,1,55562,1,1,1,0
2,12,1,2,1,1,1,1,3,1,1,3,3,2,3,106288,1,1,1,0
2,10,2,1,1,1,4,2,2,1,1,1,1,2,4,83972,1,1,1,0
2,2,1,2,1,1,1,2,1,1,1,2,6,2,2,25356,2,2,2,0
2,12,1,1,1,1,3,1,3,1,1,7,1,1,3,23081,1,1,1,0
1,12,1,3,9,1,1,2,4,1,2,5,1,2,3,48313,1,1,1,0
1,4,1,1,1,15,7,2,1,1,1,4,1,1,3,120000,1,3,2,0
2,2,1,1,3,10,1,2,3,1,1,1,3,1,2,12524,2,2,2,0
2,10,1,1,1,1,2,3,1,1,1,1,3,1,4,55981,1,1,1,0
2,3,1,1,1,1,7,2,3,1,1,1,1,1,1,655740,1,1,3,0
2,17,1,1,1,1,1,2,3,1,1,1,1,1,1,37452,1,1,3,0
2,1,3,1,1,13,7,2,3,2,4,1,1,1,1,44449,1,1,1,0
2,4,1,7,3,7,3,1,1,1,1,4,3,1,3,100000,1,3,2,0
2,4,1,7,3,4,1,3,4,1,1,4,1,1,3,105000,1,3,2,0
1,12,1,1,1,1,11,1,3,1,1,8,2,1,3,52339,1,1,1,0
2,2,1,1,1,1,2,1,3,1,1,1,6,2,2,28178,2,2,2,0
1,2,2,2,1,1,3,2,1,1,1,2,3,2,2,53225,2,2,2,0
2,3,1,1,1,1,1,1,3,1,1,6,1,1,1,56892,1,1,3,0
1,2,2,1,3,4,7,2,2,1,1,9,1,1,2,9396,2,2,2,0
2,4,1,4,10,1,2,3,3,1,1,3,1,2,3,87000,1,3,2,0
2,4,1,2,5,1,7,3,4,1,1,5,1,1,3,98000,1,3,2,0
2,4,1,1,1,15,1,1,2,1,1,3,1,1,3,75000,1,3,2,0
2,1,1,7,1,1,4,1,4,1,1,3,1,1,1,65285,1,1,1,0
2,1,1,1,1,1,1,1,3,1,1,8,1,1,1,72230,1,1,1,0
1,4,1,2,1,4,3,2,2,1,1,1,3,1,3,110000,1,3,2,0
2,4,1,4,9,3,7,2,3,1,1,2,1,1,3,75000,1,3,2,0
2,4,1,7,5,14,7,1,3,1,1,4,1,2,3,105000,1,3,2,0
2,4,1,1,12,1,2,2,4,2,3,3,2,1,3,56000,1,3,2,0
2,14,3,3,1,1,2,3,1,1,1,1,1,1,5,9360,3,2,2,0
2,11,1,3,9,1,1,3,2,2,1,8,1,1,1,36716,1,1,1,0
2,11,1,2,1,14,4,1,3,1,1,3,1,1,1,69761,1,1,1,0
2,4,1,1,1,1,7,2,4,1,1,1,4,1,3,75000,1,3,2,0
1,2,1,1,1,1,1,1,3,1,1,1,3,2,2,31857,2,2,2,0
2,10,1,1,1,15,1,2,3,1,1,3,4,2,4,103965,1,1,1,0
2,19,1,3,1,1,4,1,4,1,1,7,1,1,1,63156,1,1,3,0
1,6,1,1,1,1,3,1,1,1,1,1,1,2,1,29088,2,2,2,0
2,7,1,2,1,1,4,2,2,1,1,3,1,1,1,61680,1,1,1,0
2,1,1,2,1,4,1,1,2,1,1,5,1,1,1,87509,1,1,1,0
2,6,3,1,1,8,2,3,2,1,1,1,1,1,1,11676,2,2,2,0
1,2,1,2,1,1,2,1,3,1,1,3,3,2,2,5256,2,2,2,0
2,4,1,1,1,1,4,2,3,1,1,3,5,1,3,70000,1,3,2,0
2,2,1,1,1,1,7,2,4,1,1,1,4,2,2,14400,2,2,2,0
2,12,1,4,1,1,7,2,2,1,1,6,1,1,3,36235,1,1,1,0
2,4,1,5,9,1,3,3,3,1,1,8,1,2,3,120000,1,3,2,0
2,4,1,1,1,3,3,2,2,1,1,3,1,1,3,182500,1,3,2,0
2,7,2,1,1,1,3,2,3,1,1,3,1,1,1,27168,1,1,1,0
2,5,1,2,3,1,11,2,4,1,1,3,1,2,1,56756,2,2,1,0
2,4,1,2,3,1,7,3,3,1,1,1,1,1,3,80000,1,3,2,0
2,4,1,2,1,3,11,1,3,1,1,3,1,2,3,104000,1,3,2,0
2,4,1,2,5,1,2,1,3,1,1,5,1,1,3,128000,1,3,2,0
2,2,2,1,1,1,2,2,1,1,1,9,3,1,2,7512,2,2,2,0
2,4,1,1,6,15,7,2,3,1,1,1,1,1,3,100000,1,3,2,0
2,2,1,2,1,1,2,3,3,1,1,7,3,1,2,31309,2,2,2,0
1,12,1,1,3,5,4,2,3,1,1,4,4,1,3,106284,1,1,1,0
1,4,1,1,10,1,5,2,1,1,1,3,1,1,3,70000,1,3,2,0
2,11,1,2,8,1,7,2,3,1,1,9,4,1,1,46992,1,1,1,0
2,4,1,3,11,1,5,1,3,1,1,1,1,2,3,70000,1,3,2,0
2,4,1,2,2,1,5,2,2,2,1,8,1,1,3,60000,1,3,2,0
1,4,1,1,1,3,1,1,4,1,1,5,5,2,3,2000000,1,3,2,0
2,2,1,1,1,14,7,2,3,1,1,3,1,1,2,8453,2,2,2,0
2,4,1,1,1,1,3,2,3,1,1,1,1,2,3,90000,1,3,2,0
1,4,1,1,1,1,3,3,3,1,1,4,2,1,3,100000,1,3,2,0
2,12,1,2,1,4,3,1,1,1,1,3,1,1,3,60391,1,1,1,0
2,4,1,1,1,4,1,2,2,1,1,1,1,1,3,80000,1,3,2,0
2,18,1,2,3,7,7,2,3,1,1,6,1,1,1,81330,1,1,3,0
2,4,1,1,2,4,5,1,2,1,1,5,1,1,3,705600,1,3,2,0
2,14,1,1,8,14,2,1,4,1,1,1,2,1,5,11232,3,2,2,0
2,7,3,2,7,16,2,1,2,1,1,3,1,1,1,11748,1,1,1,0
2,2,1,2,1,1,5,2,3,1,1,2,1,1,2,3660,2,2,2,0
2,4,1,1,1,2,3,2,4,1,1,1,1,1,3,111000,1,3,2,0
1,2,1,1,1,1,2,1,3,1,1,9,4,2,2,39136,2,2,2,0
2,4,2,2,7,16,3,3,3,1,4,1,1,1,3,27500,1,3,2,0
2,4,1,2,1,1,3,2,3,1,1,3,1,2,3,150000,1,3,2,0
1,4,1,1,1,3,7,1,4,1,1,4,1,1,3,85000,1,3,2,0
2,1,1,3,12,4,2,2,4,1,1,2,1,2,1,58340,1,1,1,0
2,2,1,2,1,1,2,3,1,1,1,6,3,1,2,15654,2,2,2,0
2,13,1,2,1,3,1,2,3,1,1,6,1,1,1,48955,1,1,1,0
2,2,1,1,1,4,2,1,1,1,1,1,3,1,2,216036,2,2,2,0
2,2,2,2,12,1,1,2,2,2,1,1,3,1,2,6768,2,2,2,0
2,4,1,2,1,6,7,3,4,1,1,1,7,1,3,97000,1,3,2,0
2,11,1,1,1,9,4,2,1,1,1,1,1,1,1,67313,1,1,1,0
1,3,1,1,1,1,2,1,4,1,1,6,1,1,1,46416,1,1,3,0
2,2,1,1,3,1,2,2,3,1,1,3,3,1,2,5544,2,2,2,0
1,4,1,1,1,4,3,1,2,1,1,1,1,1,3,90000,1,3,2,0
1,1,1,2,4,1,5,1,2,2,1,4,1,1,1,48616,1,1,1,0
2,1,1,1,1,1,4,2,3,1,1,3,1,1,1,1000000,1,1,1,0
1,4,2,1,1,4,7,1,3,2,1,5,1,1,3,80000,1,3,2,0
2,4,1,7,7,8,7,2,1,1,1,2,1,1,3,62000,1,3,2,0
2,16,1,2,1,11,1,1,2,1,1,1,1,1,1,54336,1,1,3,0
1,6,1,3,1,6,5,2,1,1,1,1,1,1,1,24000,2,2,2,0
2,4,1,2,8,10,3,2,3,1,1,1,1,1,3,115000,1,3,2,0
1,6,1,3,1,1,4,2,1,1,1,1,1,2,1,13800,2,2,2,0
2,9,1,7,3,4,7,3,2,1,1,1,4,1,2,12396,2,2,2,0
2,4,1,1,1,9,1,2,3,1,1,1,1,1,3,52000,1,3,2,0
2,4,1,1,2,1,5,1,2,2,1,3,5,1,3,74000,1,3,2,0
2,6,1,2,1,1,1,2,4,1,1,3,1,1,1,44064,2,2,2,0
2,4,1,1,10,1,3,2,1,1,1,5,1,1,3,142000,1,3,2,0
1,5,1,2,1,1,1,1,2,1,1,2,1,1,1,63516,2,2,1,0
2,15,1,5,1,1,2,2,2,1,1,3,4,1,2,87768,1,1,2,0
2,2,1,1,1,2,5,1,3,2,1,1,1,2,2,6012,2,2,2,0
2,7,3,2,8,14,1,2,3,2,3,1,1,1,1,73433,1,1,1,0
2,1,1,1,1,1,8,2,3,1,1,1,1,1,1,69452,1,1,1,0
2,9,3,3,1,1,1,2,3,1,1,1,4,2,2,29112,2,2,2,0
1,4,1,1,8,1,7,1,2,1,1,1,6,2,3,1560000,1,3,2,0
2,11,1,6,1,1,3,3,3,1,1,3,1,1,1,61194,1,1,1,0
1,19,1,2,1,2,7,1,4,1,3,7,1,1,1,63642,1,1,3,0
2,4,1,2,3,1,1,2,4,1,1,3,5,1,3,92000,1,3,2,0
1,2,3,1,3,4,2,3,3,1,1,1,3,1,2,5640,2,2,2,0
1,4,2,1,7,1,2,2,4,1,1,3,1,1,3,38000,1,3,2,0
1,4,1,7,7,16,11,2,2,1,1,3,1,1,3,115000,1,3,2,0
2,10,1,1,1,1,3,1,1,1,1,1,3,1,4,115164,1,1,1,0
2,7,1,2,1,1,3,1,2,1,1,2,1,1,1,61194,1,1,1,0
2,11,1,2,1,1,1,2,3,1,1,2,5,1,1,56298,1,1,1,0
2,2,3,1,1,4,2,3,2,1,1,2,3,1,2,78900,2,2,2,0
1,2,1,2,1,1,7,1,3,1,1,3,1,1,2,6951,2,2,2,0
2,4,1,2,5,8,7,2,1,1,1,5,1,1,3,110000,1,3,2,0
2,7,1,1,1,1,7,2,2,1,1,2,1,1,1,70500,1,1,1,0
2,4,1,1,1,1,3,2,4,1,1,4,5,2,3,120000,1,3,2,0
2,7,1,9,1,1,1,1,4,1,1,9,3,1,1,80776,1,1,1,0
1,4,1,1,3,1,2,1,1,1,1,5,1,1,3,85000,1,3,2,0
2,2,1,1,1,3,1,2,2,1,1,7,3,2,2,18780,2,2,2,0
2,1,1,1,7,1,5,2,1,1,1,3,1,1,1,450048,1,1,1,0
2,4,3,1,3,8,7,2,2,1,1,3,1,1,3,102000,1,3,2,0
1,9,2,1,1,1,2,2,3,1,1,5,4,1,2,11124,2,2,2,0
2,11,1,7,1,1,3,1,2,1,1,1,1,1,1,44796,1,1,1,0
1,13,1,2,8,1,7,2,2,1,1,1,1,1,1,42836,1,1,1,0
2,14,3,1,8,1,3,2,3,1,1,2,2,1,5,17220,3,2,2,0
2,4,1,3,8,6,7,1,4,1,1,2,1,1,3,81000,1,3,2,0
1,4,1,2,3,1,2,2,2,2,1,4,3,2,3,100000,1,3,2,0
2,2,1,1,1,1,2,1,3,2,1,2,1,1,2,7512,2,2,2,0
2,7,3,3,1,14,7,1,2,1,1,5,1,1,1,44064,1,1,1,0
1,13,1,2,1,1,3,1,3,2,1,7,2,1,1,40388,1,1,1,0
2,9,2,1,1,1,2,3,3,1,1,8,1,1,2,20124,2,2,2,0
2,8,1,1,7,1,11,2,2,1,1,4,1,1,1,52872,1,1,1,0
2,7,1,2,1,1,1,2,4,1,1,2,1,1,1,48955,1,1,1,0
1,4,1,1,1,1,7,2,3,2,1,1,5,1,3,80000,1,3,2,0
2,4,1,1,5,13,3,3,4,1,1,1,1,1,3,103000,1,3,2,0
1,6,1,2,1,9,1,2,3,1,1,4,1,1,1,21228,2,2,2,0
2,4,1,4,1,1,4,1,2,1,1,8,1,1,3,55000,1,3,2,0
2,2,2,1,1,1,2,2,2,1,1,1,1,1,2,23482,2,2,2,0
2,1,1,2,1,1,4,3,3,1,3,5,1,1,1,97233,1,1,1,0
2,5,1,1,7,1,2,2,3,1,1,3,4,1,1,24696,2,2,1,0
2,1,1,1,1,1,7,2,3,1,1,2,1,1,1,48616,1,1,1,0
2,7,1,2,3,1,1,2,3,1,1,1,4,1,1,67313,1,1,1,0
2,12,1,1,1,1,8,2,3,1,1,4,1,1,3,49118,1,1,1,0
2,4,1,4,4,3,11,2,3,1,3,1,1,1,3,54000,1,3,2,0
2,2,1,1,1,1,7,1,2,1,1,6,3,2,2,10786,2,2,2,0
2,6,1,4,8,13,3,2,4,1,1,6,1,1,1,7428,2,2,2,0
2,7,1,2,8,9,3,2,2,1,1,2,6,1,1,67560,1,1,1,0
1,2,1,1,1,4,7,2,4,1,2,1,3,2,2,8448,2,2,2,0
2,6,1,1,9,1,8,2,3,1,1,3,1,1,1,40332,2,2,2,0
2,3,1,3,3,1,7,1,4,1,1,3,1,1,1,47904,1,1,3,0
2,2,1,2,7,1,7,3,1,1,1,3,1,2,2,18785,2,2,2,0
2,4,1,1,1,4,7,2,1,1,4,4,1,2,3,72000,1,3,2,0
2,7,1,1,1,1,1,2,2,1,1,2,1,1,1,73433,1,1,1,0
2,2,1,2,1,3,2,2,4,1,1,3,1,1,2,12,2,2,2,0
2,13,1,1,1,4,7,2,3,1,1,7,1,1,1,25701,1,1,1,0
2,2,1,1,1,9,7,2,2,1,4,3,3,2,2,17220,2,2,2,0
1,4,1,2,7,1,2,1,1,2,1,1,1,1,3,85000,1,3,2,0
2,7,1,2,1,1,7,2,2,1,1,3,1,1,1,61683,1,1,1,0
2,1,1,1,1,3,1,2,4,1,1,3,1,1,1,54923,1,1,1,0
2,11,3,1,1,1,2,1,4,1,1,1,1,1,1,36716,1,1,1,0
1,2,1,1,12,1,7,1,3,1,1,8,3,1,2,9396,2,2,2,0
1,4,1,1,1,8,11,2,2,1,1,8,1,1,3,91000,1,3,2,0
1,1,1,2,1,5,1,2,4,1,4,2,1,2,1,100705,1,1,1,0
2,2,1,1,3,11,1,2,2,1,1,1,1,2,2,29743,2,2,2,0
2,4,1,1,1,3,1,3,4,1,1,3,1,1,3,174000,1,3,2,0
2,4,1,1,1,4,4,1,4,1,1,3,1,1,3,140000,1,3,2,0
2,12,1,1,1,4,7,2,3,1,1,2,1,1,3,49440,1,1,1,0
2,4,1,1,1,3,2,2,3,1,1,1,1,2,3,61000,1,3,2,0
2,18,1,1,1,1,7,2,3,1,1,8,1,1,1,94885,1,1,3,0
2,7,3,2,1,8,3,1,2,1,1,3,1,1,1,146865,1,1,1,0
2,11,1,2,7,8,2,1,3,1,1,3,1,2,1,51403,1,1,1,0
2,4,1,2,7,1,7,1,4,1,1,3,1,1,3,124000,1,3,2,0
2,3,1,1,1,1,7,2,4,1,1,2,1,1,1,46416,1,1,3,0
2,6,2,2,8,1,2,2,4,1,1,3,1,1,1,10620,2,2,2,0
2,19,1,3,1,1,1,1,4,1,1,2,1,1,1,64866,1,1,3,0
2,1,1,1,1,9,2,1,2,1,1,2,1,1,1,43060,1,1,1,0
2,4,3,2,1,1,1,1,2,1,1,8,1,2,3,80000,1,3,2,0
1,2,2,2,1,13,7,1,4,1,1,3,1,2,2,31309,2,2,2,0
2,14,3,2,1,1,11,2,3,1,1,1,2,2,5,55020,3,2,2,0
2,15,1,1,1,1,4,3,3,1,1,3,1,2,2,122880,1,1,2,0
2,4,1,1,1,1,3,1,1,2,1,1,1,1,3,82000,1,3,2,0
2,4,1,1,1,9,1,2,3,1,1,1,1,1,3,85000,1,3,2,0
2,4,1,1,1,1,3,1,2,1,1,6,1,1,3,94100,1,3,2,0
2,2,2,2,1,2,7,2,3,1,1,2,2,1,2,6204,2,2,2,0
1,5,1,3,3,11,2,2,3,1,1,2,1,1,1,31764,2,2,1,0
2,4,1,1,4,6,11,1,1,1,1,3,1,1,3,108000,1,3,2,0
2,4,1,3,1,1,2,1,3,1,1,1,1,1,3,76000,1,3,2,0
2,1,1,1,1,1,3,1,4,1,1,2,1,2,1,56673,1,1,1,0
2,4,1,7,1,7,4,1,2,1,1,3,1,1,3,140000,1,3,2,0
2,2,2,2,1,1,2,2,1,1,1,3,6,1,2,5636,2,2,2,0
1,2,1,1,3,1,2,1,1,1,1,2,3,1,2,16908,2,2,2,0
1,2,2,2,1,3,2,2,3,2,1,2,1,1,2,4884,2,2,2,0
2,2,1,2,1,1,1,1,2,1,1,3,3,1,2,37571,2,2,2,0
2,4,1,3,12,3,2,1,1,1,1,1,1,1,3,105000,1,3,2,0
1,14,1,2,8,16,3,4,3,1,1,1,2,1,5,16848,3,2,2,1
2,4,1,3,1,1,7,2,2,1,1,9,2,2,3,82000,1,3,2,0
2,5,1,2,1,4,3,3,3,1,1,3,1,1,1,98808,2,2,1,0
2,4,1,1,7,1,7,1,1,1,1,3,1,1,3,140000,1,3,2,0
2,7,1,1,1,3,1,1,3,1,1,3,1,1,1,32316,1,1,1,0
2,20,2,1,3,1,1,2,4,1,1,1,1,1,1,12528,3,2,2,0
2,1,1,2,1,2,7,2,2,2,1,2,1,2,1,433380,1,1,1,0
2,4,1,1,12,3,1,1,3,1,1,4,1,2,3,80000,1,3,2,0
2,4,1,3,6,1,11,2,3,1,3,8,1,1,3,75000,1,3,2,0
2,4,1,1,9,1,5,2,2,2,2,3,1,1,3,115000,1,3,2,0
1,1,1,3,4,4,2,1,3,1,1,2,1,2,1,44449,1,1,1,0
2,7,1,4,1,9,7,1,3,1,1,4,1,2,1,73433,1,1,1,0
2,18,1,1,1,1,1,2,2,1,1,6,1,1,1,1000000,1,1,3,0
2,14,1,1,1,2,4,2,4,1,1,1,1,1,5,21528,3,2,2,0
2,10,1,5,3,1,4,1,1,1,1,1,1,1,4,99967,1,1,1,0
1,7,1,2,1,4,7,2,3,1,1,4,1,1,1,77104,1,1,1,0
2,14,1,2,1,1,3,2,4,1,1,1,1,2,5,13104,3,2,2,0
2,10,1,1,1,1,10,2,1,1,2,2,1,2,4,1000000,1,1,1,0
2,10,1,6,5,8,7,1,1,1,1,4,1,1,4,112,1,1,1,0
2,8,1,9,1,2,7,2,3,1,1,3,1,1,1,73433,1,1,1,0
1,4,1,3,1,1,1,2,4,1,1,6,1,1,3,150000,1,3,2,0
2,10,1,1,9,5,1,1,3,1,1,7,1,1,4,111963,1,1,1,0
2,9,2,1,1,3,7,2,2,1,1,6,1,2,2,25432,2,2,2,0
2,4,1,7,7,14,7,1,1,1,1,2,1,1,3,115000,1,3,2,0
2,4,1,1,4,14,7,1,2,1,1,1,2,1,3,80000,1,3,2,0
2,1,1,2,1,3,1,2,4,1,1,1,6,1,1,69452,1,1,1,0
1,4,1,2,7,4,2,2,4,2,1,3,1,1,3,42000,1,3,2,0
2,12,1,2,1,1,4,2,1,1,3,1,1,1,3,62001,1,1,1,0
2,2,3,1,8,1,7,2,2,1,1,1,6,1,2,5870,2,2,2,0
2,2,2,1,8,2,2,1,3,1,1,1,1,1,2,4692,2,2,2,0
2,2,1,1,1,1,2,2,3,1,1,5,1,2,2,10332,2,2,2,0
2,1,1,1,1,13,1,2,2,1,1,2,1,1,1,43894,1,1,1,0
2,12,1,1,1,1,3,3,3,1,2,3,1,1,3,68443,1,1,1,0
2,5,2,1,1,4,2,3,2,1,1,2,1,1,1,7056,2,2,1,0
2,2,1,2,1,1,2,2,3,1,1,3,3,2,2,78900,2,2,2,0
2,7,1,3,1,1,3,2,3,1,1,2,1,1,1,48955,1,1,1,0
2,14,3,1,3,1,7,2,3,1,1,7,2,2,5,11976,3,2,2,0
2,2,1,1,1,1,2,2,3,1,1,4,3,1,2,10958,2,2,2,0
2,2,1,1,3,2,7,3,3,1,1,1,3,1,2,15654,2,2,2,0
2,6,1,3,8,4,4,2,2,1,1,6,1,1,1,30000,2,2,2,0
2,2,1,2,1,14,1,2,3,1,1,9,3,2,2,14919,2,2,2,0
2,4,1,1,1,9,1,1,2,2,1,1,1,1,3,78309,1,3,2,0
2,2,2,2,1,2,7,2,3,2,1,3,3,1,2,18785,2,2,2,0
2,4,1,3,3,1,1,1,2,1,1,2,2,1,3,140000,1,3,2,0
1,13,1,2,1,2,1,2,4,1,1,1,1,1,1,25704,1,1,1,0
2,4,1,1,1,9,8,1,2,1,1,1,1,2,3,135000,1,3,2,0
2,7,2,2,7,14,7,2,2,1,1,3,1,1,1,44060,1,1,1,0
2,12,1,1,1,1,4,2,3,1,1,1,6,1,3,120782,1,1,1,0
2,4,1,1,5,1,2,1,1,1,1,2,1,1,3,95000,1,3,2,0
2,10,1,4,1,1,7,2,1,1,1,6,1,2,4,55981,1,1,1,0
2,7,1,1,1,3,11,2,3,1,1,1,1,1,1,73433,1,1,1,0
2,14,1,1,8,1,3,2,3,1,1,6,1,2,5,16848,3,2,2,0
1,4,1,2,1,3,1,2,4,2,1,1,1,1,3,121000,1,3,2,0
2,4,3,1,1,1,1,2,2,1,1,1,1,2,3,95000,1,3,2,0
2,7,1,1,1,3,7,2,3,1,3,6,1,1,1,77844,1,1,1,0
2,4,1,3,1,1,3,2,2,1,1,8,1,2,3,120000,1,3,2,0
1,20,1,2,1,9,7,2,2,1,1,1,1,1,1,24000,3,2,2,0
2,1,1,1,8,1,4,1,3,1,1,2,1,2,1,555616,1,1,1,0
2,2,1,2,1,1,7,2,4,1,1,8,3,1,2,9396,2,2,2,0
2,5,1,1,1,3,2,2,4,1,1,1,6,2,1,24696,2,2,1,0
2,16,1,1,1,9,4,2,3,1,1,1,1,1,1,85671,1,1,3,0
2,13,1,2,1,4,1,2,1,1,1,3,1,1,1,23254,1,1,1,0
2,1,1,2,1,1,3,2,2,1,1,8,1,1,1,104178,1,1,1,0
2,4,3,3,1,20,2,1,2,2,3,8,2,1,3,5000,1,3,2,0
2,4,1,3,8,1,4,3,3,1,1,6,1,2,3,65000,1,3,2,0
2,2,1,1,3,1,3,2,1,1,1,1,3,1,2,62618,2,2,2,0
1,4,1,1,5,3,2,2,2,2,1,4,1,1,3,130000,1,3,2,0
2,4,1,3,2,14,8,3,3,1,1,6,1,2,3,75000,1,3,2,0
2,7,1,2,1,1,3,2,3,1,1,2,1,1,1,61194,1,1,1,0
1,8,2,7,1,1,7,1,3,1,1,3,1,1,1,29376,1,1,1,0
2,11,1,2,1,1,7,2,4,1,1,2,1,2,1,50179,1,1,1,0
2,12,1,1,1,1,7,1,2,1,1,1,1,1,3,60391,1,1,1,0
2,4,1,1,8,1,3,1,3,1,1,3,1,2,3,112750,1,3,2,0
2,2,1,1,3,1,5,2,2,2,1,1,3,2,2,9240,2,2,2,0
1,4,1,1,1,1,7,2,4,1,3,2,1,1,3,170000,1,3,2,0
2,6,1,2,1,1,7,4,3,1,1,3,1,1,1,42000,2,2,2,1
1,4,1,7,7,8,1,2,1,1,1,2,1,1,3,150000,1,3,2,0
2,4,1,1,1,1,7,3,1,2,3,4,1,1,3,98000,1,3,2,0
2,4,1,1,1,5,3,2,3,1,1,1,1,2,3,150000,1,3,2,0
2,18,3,3,1,1,3,3,2,1,1,2,1,1,1,62556,1,1,3,0
2,4,1,1,1,15,7,1,1,1,1,4,1,1,3,86000,1,3,2,0
1,2,3,1,1,1,7,1,3,1,1,9,1,1,2,7140,2,2,2,0
2,4,1,1,8,1,11,3,3,1,1,1,1,1,3,275000,1,3,2,0
2,4,1,2,7,4,7,1,4,1,1,4,6,1,3,126000,1,3,2,0
2,12,1,1,3,11,2,3,3,1,1,6,2,1,3,57975,1,1,1,0
1,2,1,2,1,3,7,2,2,1,1,7,3,2,2,7436,2,2,2,0
2,4,1,1,3,1,2,2,4,1,1,1,1,1,3,92500,1,3,2,0
2,4,1,4,8,4,11,1,3,1,1,7,1,2,3,130000,1,3,2,0
2,1,1,7,1,16,4,2,2,1,1,1,1,1,1,48616,1,1,1,0
1,2,1,2,7,5,2,2,2,1,1,2,3,2,2,23482,2,2,2,0
1,4,1,1,8,3,7,1,3,1,1,1,1,1,3,119000,1,3,2,0
2,13,3,3,1,1,7,3,1,1,1,4,2,2,1,34269,1,1,1,0
1,4,1,2,1,1,3,2,3,1,1,3,1,1,3,103000,1,3,2,0
2,4,1,1,6,1,2,1,4,1,1,2,7,1,3,120000,1,3,2,0
2,6,1,7,7,1,11,2,3,1,1,4,1,2,1,42456,2,2,2,0
2,8,1,2,1,4,3,2,2,1,1,2,1,1,1,45189,1,1,1,0
2,5,1,1,1,1,2,2,3,1,1,3,1,1,1,28231,2,2,1,0
2,10,1,8,1,3,1,1,3,1,1,7,1,1,4,71976,1,1,1,0
2,14,1,1,1,1,3,1,1,1,1,3,2,2,5,18720,3,2,2,0
2,5,1,2,1,1,4,2,3,1,1,3,1,1,1,31764,2,2,1,0
1,19,1,2,1,7,3,2,4,1,1,7,1,2,1,42588,1,1,3,0
2,4,1,1,7,2,5,1,4,2,1,1,2,1,3,91000,1,3,2,0
2,4,1,1,1,15,7,2,3,1,1,1,1,1,3,50000,1,3,2,0
2,4,1,4,1,1,2,1,2,1,1,1,1,2,3,70000,1,3,2,0
2,4,1,4,8,9,1,2,1,1,1,3,3,1,3,78811,1,3,2,0
2,4,1,8,9,1,1,1,2,1,1,4,1,1,3,120000,1,3,2,0
2,2,1,2,6,3,2,3,1,2,1,3,3,2,2,9173,2,2,2,0
2,1,1,2,1,1,7,2,1,1,1,1,1,1,1,62507,1,1,1,0
2,4,1,1,1,9,11,3,3,1,2,1,1,2,3,124000,1,3,2,0
2,4,1,1,1,1,7,2,3,1,1,8,1,1,3,84000,1,3,2,0
2,14,1,2,1,1,10,3,2,1,1,8,1,1,5,35928,3,2,2,0
2,4,1,3,2,1,7,2,2,1,1,3,1,2,3,97000,1,3,2,0
2,4,1,4,12,1,1,2,3,1,1,1,2,2,3,756000,1,3,2,0
2,15,1,3,1,1,2,2,4,1,1,1,4,1,2,70212,1,1,2,0
2,1,1,3,1,1,3,2,3,1,1,8,1,1,1,43344,1,1,1,0
2,4,1,1,6,4,5,2,3,1,1,8,6,1,3,52000,1,3,2,0
2,4,1,2,3,1,3,3,1,1,1,4,1,1,3,80000,1,3,2,0
2,4,1,1,1,4,1,1,1,1,1,5,1,1,3,1344000,1,3,2,0
2,2,1,1,1,1,1,2,4,1,1,1,1,2,2,0,2,2,2,0
2,9,1,1,1,1,1,2,4,1,1,1,4,1,2,25428,2,2,2,0
1,14,1,1,1,1,2,2,3,1,1,1,1,1,5,26196,3,2,2,0
2,4,1,1,1,14,2,1,2,1,1,1,1,1,3,75000,1,3,2,0
2,4,1,3,9,2,5,2,3,1,1,8,1,2,3,65000,1,3,2,0
1,5,1,2,8,5,1,1,3,1,1,3,1,1,1,35292,2,2,1,0
2,11,1,2,1,1,7,2,3,1,1,2,1,1,1,34512,1,1,1,0
2,6,1,2,1,8,3,3,2,1,1,1,1,2,1,31848,2,2,2,0
2,4,1,1,1,1,7,1,2,1,1,8,1,1,3,2000000,1,3,2,0
2,7,1,2,1,1,4,2,2,1,1,2,1,2,1,104030,1,1,1,0
2,14,1,1,6,13,2,2,2,1,1,2,1,1,5,24324,3,2,2,0
2,12,1,1,4,1,2,2,4,1,1,5,1,1,3,64417,1,1,1,0
1,12,1,1,1,3,1,2,3,1,1,6,1,1,3,62646,1,1,1,0
2,18,1,3,1,1,1,2,3,1,1,6,1,1,1,81336,1,1,3,0
2,7,1,2,3,14,3,2,3,1,1,4,2,2,1,48955,1,1,1,0
2,4,1,1,6,1,5,1,4,1,1,1,1,1,3,68500,1,3,2,0
1,4,1,1,1,9,10,2,4,1,1,1,1,2,3,107000,1,3,2,0
2,4,1,6,4,3,5,2,4,1,1,5,1,1,3,64000,1,3,2,0
2,3,1,3,8,1,7,1,3,1,1,1,1,1,1,59880,1,1,3,0
1,11,1,2,1,1,1,1,3,1,1,2,4,1,1,734328,1,1,1,0
2,10,1,3,4,1,11,2,4,1,1,8,1,2,4,39987,1,1,1,0
2,4,2,1,7,3,2,1,3,1,1,8,6,1,3,154000,1,3,2,0
2,4,1,1,1,1,1,2,2,1,1,2,1,2,3,105000,1,3,2,0
2,2,1,1,3,1,1,2,1,1,1,1,3,2,2,54790,2,2,2,0
2,2,2,1,1,1,2,3,3,1,1,6,1,1,2,6600,2,2,2,0
2,1,1,3,8,1,4,3,3,1,1,2,1,1,1,41676,1,1,1,0
1,4,1,1,1,1,3,2,2,2,3,4,1,1,3,71000,1,3,2,0
2,4,1,1,3,4,2,2,2,1,1,5,1,1,3,72100,1,3,2,0
2,4,1,1,1,1,3,2,2,1,1,6,1,1,3,132000,1,3,2,0
2,10,1,1,3,7,2,1,1,1,1,5,1,1,4,51983,1,1,1,0
1,3,1,1,1,1,7,1,2,2,1,3,1,1,1,64380,1,1,3,0
2,11,1,2,1,3,1,1,4,2,1,3,1,1,1,46507,1,1,1,0
2,4,1,3,12,5,1,3,2,1,1,3,1,1,3,167000,1,3,2,0
2,4,1,1,1,8,7,3,1,1,1,6,1,1,3,135000,1,3,2,0
2,1,1,7,5,9,3,1,2,1,3,8,1,1,1,44449,1,1,1,0
2,7,1,2,3,16,3,1,3,1,1,2,1,1,1,51408,1,1,1,0
2,12,1,4,1,1,3,3,3,1,1,4,1,1,3,50728,1,1,1,0
2,4,1,1,1,1,4,2,2,1,1,1,1,1,3,240000,1,3,2,0
2,4,1,1,1,1,11,2,4,1,1,1,2,1,3,150000,1,3,2,0
2,4,1,2,1,3,4,2,1,1,1,2,1,2,3,94000,1,3,2,0
2,8,3,2,1,3,2,2,3,1,1,2,1,1,1,23496,1,1,1,0
2,12,1,4,1,3,2,1,2,1,1,1,3,1,3,40261,1,1,1,0
2,13,1,5,8,4,2,2,2,1,1,3,2,1,1,367164,1,1,1,0
1,13,2,5,1,1,1,2,4,1,3,2,1,1,1,57522,1,1,1,0
2,12,1,6,1,3,2,2,3,1,1,5,5,1,3,37845,1,1,1,0
2,6,1,2,8,15,3,2,2,1,1,3,1,2,1,42000,2,2,2,0
2,2,1,2,1,4,7,2,4,1,1,1,6,1,2,18785,2,2,2,0
2,20,1,2,7,1,6,2,2,1,1,4,1,1,1,102900,3,2,2,0
2,2,1,2,1,2,7,2,3,1,1,3,1,1,2,16437,2,2,2,0
1,4,1,1,1,2,1,1,4,1,1,1,2,1,3,144000,1,3,2,0
1,4,1,1,1,1,3,2,3,1,1,3,1,1,3,72000,1,3,2,0
2,4,1,2,1,1,1,1,1,1,1,3,3,1,3,96000,1,3,2,0
2,4,1,2,5,6,8,2,3,2,2,1,1,1,3,145000,1,3,2,0
1,1,1,1,8,9,7,2,4,2,1,1,1,1,1,45838,1,1,1,0
2,4,1,1,6,1,2,1,1,1,1,3,2,1,3,75000,1,3,2,0
1,8,1,6,1,1,7,2,3,1,1,5,1,1,1,28761,1,1,1,0
2,12,1,1,1,1,11,2,3,1,1,5,1,2,3,80521,1,1,1,0
2,4,1,1,4,1,2,3,4,1,1,1,2,1,3,85000,1,3,2,0
2,13,1,1,1,1,7,2,3,1,1,7,1,1,1,440592,1,1,1,0
2,6,1,1,7,1,1,2,3,1,1,1,1,1,1,33972,2,2,2,0
2,4,2,2,3,14,7,1,2,1,1,8,3,1,3,24000,1,3,2,0
2,7,1,1,1,1,7,2,3,1,1,3,2,1,1,74657,1,1,1,0
2,16,1,4,12,1,3,2,3,1,1,4,1,1,1,66089,1,1,3,0
2,3,2,2,1,8,1,1,1,1,1,1,1,2,1,89832,1,1,3,0
2,2,1,1,3,1,7,3,3,1,1,7,3,1,2,26612,2,2,2,0
2,20,1,3,1,2,7,3,2,1,1,1,1,1,1,36000,3,2,2,0
2,4,2,2,3,1,1,1,1,1,1,1,2,1,3,125000,1,3,2,0
2,18,1,1,9,4,2,2,2,2,1,3,1,2,1,87588,1,1,3,0
2,4,1,1,2,1,2,1,3,2,1,1,6,1,3,80000,1,3,2,0
2,7,1,1,6,1,2,2,2,1,1,1,1,1,1,58752,1,1,1,0
1,12,1,1,4,1,1,1,2,2,1,1,1,1,3,72469,1,1,1,0
2,3,1,2,1,1,7,1,4,1,1,3,1,1,1,57636,1,1,3,0
2,12,1,1,1,15,1,2,3,1,1,3,1,1,3,120782,1,1,1,0
2,4,1,1,1,4,5,1,1,1,1,1,3,1,3,95000,1,3,2,0
2,18,3,2,1,14,1,2,2,1,1,3,1,1,1,38856,1,1,3,0
2,2,1,1,1,2,7,2,4,1,1,3,3,1,2,12524,2,2,2,0
2,4,1,1,2,4,5,2,3,1,2,5,5,1,3,100000,1,3,2,0
2,4,1,1,3,1,3,2,2,1,1,1,3,1,3,130000,1,3,2,0
2,13,1,6,12,3,2,3,2,1,1,2,2,1,1,27537,1,1,1,0
2,10,1,1,1,1,1,2,3,1,1,9,1,2,4,99967,1,1,1,0
2,4,1,1,1,1,1,1,2,1,1,1,1,2,3,130000,1,3,2,0
1,18,1,1,1,3,11,1,3,1,1,3,1,2,1,212710,1,1,3,0
2,4,1,1,1,1,2,2,2,2,3,1,1,1,3,280000,1,3,2,0
1,4,1,1,1,1,7,2,3,1,1,8,6,1,3,60000,1,3,2,0
2,4,1,1,1,1,3,3,2,1,1,1,1,1,3,108000,1,3,2,0
2,5,1,2,1,15,3,2,3,1,1,3,1,2,1,42348,2,2,1,0
1,4,1,1,9,6,4,2,4,2,1,3,1,1,3,112000,1,3,2,0
2,4,1,1,1,1,4,3,2,1,1,2,1,1,3,120000,1,3,2,0
2,1,1,3,1,1,4,3,3,1,1,3,1,1,1,65979,1,1,1,0
2,4,1,1,1,1,3,2,2,1,1,3,1,1,3,70000,1,3,2,0
2,7,1,1,1,2,3,3,3,1,1,2,1,1,1,61194,1,1,1,0
1,11,1,2,1,9,2,2,2,1,1,3,1,1,1,48955,1,1,1,0
1,1,1,1,1,17,7,2,3,1,2,1,1,1,1,516720,1,1,1,0
2,12,1,4,1,1,3,3,1,1,1,3,1,2,3,52368,1,1,1,0
2,20,1,2,1,2,2,2,2,1,1,3,1,2,1,24000,3,2,2,0
2,3,1,2,1,1,1,2,2,1,1,3,1,1,1,62380,1,1,3,0
2,17,1,1,1,1,1,2,1,1,1,3,1,1,1,30108,1,1,3,0
2,4,1,1,3,7,3,2,4,1,1,5,1,1,3,109300,1,3,2,0
2,4,1,1,8,1,3,2,4,1,1,8,1,1,3,84000,1,3,2,0
2,2,1,1,1,1,7,3,1,1,1,1,3,1,2,37572,2,2,2,0
2,4,1,2,1,1,3,1,2,1,1,1,1,2,3,150000,1,3,2,0
2,4,1,2,1,1,2,2,2,1,1,1,3,1,3,85000,1,3,2,0
2,4,1,1,1,1,2,2,2,1,1,1,1,1,3,87360,1,3,2,0
2,14,1,1,8,1,1,3,2,1,1,1,2,2,5,37428,3,2,2,0
2,7,1,2,1,1,3,2,4,1,1,7,1,2,1,72696,1,1,1,0
2,12,2,2,2,14,1,2,4,1,1,3,1,1,3,54755,1,1,1,0
2,11,1,2,1,1,1,3,4,1,1,1,1,1,1,53851,1,1,1,0
2,4,1,3,1,1,1,2,3,1,1,1,1,1,3,43000,1,3,2,0
2,4,1,1,1,1,2,3,4,1,1,1,6,1,3,67000,1,3,2,0
2,4,1,1,1,1,7,1,2,1,1,8,1,1,3,102500,1,3,2,0
2,4,1,4,1,14,2,2,2,1,1,8,1,1,3,52000,1,3,2,0
2,4,1,1,9,1,7,2,1,1,1,8,1,1,3,70500,1,3,2,0
2,1,1,1,1,3,1,3,3,1,1,5,1,1,1,56951,1,1,1,0
2,14,1,1,5,4,1,1,3,2,1,1,1,2,5,34311,3,2,2,0
2,11,1,2,1,1,1,2,2,1,1,3,1,1,1,45528,1,1,1,0
2,7,3,3,1,1,3,3,3,1,1,2,4,1,1,82000,1,1,1,0
2,4,1,1,9,16,1,2,3,1,1,1,1,1,3,85000,1,3,2,0
2,1,1,1,1,4,11,3,3,1,1,1,1,1,1,36115,1,1,1,0
2,5,1,2,1,1,2,3,3,1,1,3,1,1,1,35292,2,2,1,0
2,7,2,1,3,8,7,1,2,1,3,2,1,1,1,16152,1,1,1,0
2,3,1,3,1,1,7,2,3,1,1,2,1,1,1,52404,1,1,3,0
2,3,1,1,1,1,6,3,3,1,1,3,3,1,1,68868,1,1,3,0
2,2,1,1,1,3,1,3,4,1,1,3,6,1,2,18785,2,2,2,0
2,1,1,1,1,9,3,1,3,1,1,1,1,1,1,66674,1,1,1,0
2,7,3,1,1,1,3,2,2,1,1,3,1,2,1,61194,1,1,1,0
2,1,1,1,5,1,2,2,4,1,1,6,1,1,1,51394,1,1,1,0
2,2,1,1,1,1,5,2,3,2,1,2,3,1,2,1692,2,2,2,0
2,17,1,2,1,3,3,2,4,1,1,1,1,1,1,52627,1,1,3,0
2,4,1,1,1,1,2,2,1,1,1,1,1,1,3,65000,1,3,2,0
2,2,1,1,1,1,2,2,4,1,1,1,3,1,2,12524,2,2,2,0
2,4,1,1,1,1,3,3,3,1,1,8,1,2,3,120000,1,3,2,0
2,5,1,5,1,1,5,2,2,1,1,6,3,1,1,12876,2,2,1,0
1,4,1,5,8,1,11,2,1,1,1,1,1,2,3,300000,1,3,2,0
1,20,1,2,3,9,1,2,2,1,1,3,1,1,1,36000,3,2,2,0
2,4,1,1,9,3,5,1,4,2,2,3,2,1,3,95000,1,3,2,0
2,4,1,1,7,14,7,1,4,1,1,5,1,1,3,155000,1,3,2,0
2,4,1,2,7,14,5,2,4,1,1,3,1,2,3,40000,1,3,2,0
2,4,1,2,3,2,1,3,2,1,1,8,6,1,3,70000,1,3,2,0
2,1,1,2,7,14,7,2,4,1,1,8,1,2,1,40282,1,1,1,0
2,7,1,1,1,1,4,2,2,1,1,3,1,1,1,110148,1,1,1,0
2,1,1,1,1,4,2,2,2,1,1,2,1,1,1,454800,1,1,1,0
2,5,1,2,8,2,2,2,3,1,1,3,1,1,1,44640,2,2,1,0
2,1,1,1,1,1,7,1,3,1,1,1,1,1,1,433380,1,1,1,0
2,2,1,1,1,1,2,2,2,1,1,8,3,1,2,2820,2,2,2,0
2,14,1,6,8,1,7,2,2,1,1,2,1,1,5,15720,3,2,2,0
1,2,1,1,8,1,2,1,4,1,1,1,1,1,2,15654,2,2,2,0
2,4,1,1,4,1,7,2,2,2,1,1,1,1,3,85000,1,3,2,0
2,11,3,2,1,4,7,2,2,1,1,8,1,1,1,30597,1,1,1,0
2,5,1,2,1,1,1,3,3,1,1,2,1,1,1,26112,2,2,1,0
1,2,1,1,3,10,7,2,3,1,1,3,3,1,2,31309,2,2,2,0
2,1,1,1,1,2,3,1,3,1,1,1,1,1,1,104178,1,1,1,0
1,4,1,3,8,1,3,2,4,1,1,3,1,2,3,140000,1,3,2,0
2,18,1,1,9,1,7,1,4,1,1,5,1,1,1,87588,1,1,3,0
2,4,1,1,1,1,1,2,3,1,1,1,1,1,3,88000,1,3,2,0
2,6,1,3,1,1,1,2,4,1,1,1,1,1,1,23352,2,2,2,0
2,12,1,1,1,1,6,3,3,1,1,1,1,1,3,62807,1,1,1,0
2,4,1,1,1,1,3,2,1,1,3,1,1,1,3,225000,1,3,2,0
2,4,1,1,12,1,4,1,1,1,1,5,1,2,3,93000,1,3,2,0
2,4,3,2,5,14,7,1,1,1,1,3,4,2,3,70000,1,3,2,0
1,7,1,2,1,1,4,2,2,1,1,1,1,1,1,70985,1,1,1,0
2,14,2,3,1,4,7,3,3,1,3,3,2,1,5,7488,3,2,2,0
2,4,1,6,1,1,3,1,3,1,1,3,1,1,3,68000,1,3,2,0
2,2,1,1,1,1,7,2,3,1,1,1,1,2,2,23482,2,2,2,0
1,4,1,3,6,1,7,2,4,1,1,1,1,2,3,89000,1,3,2,0
2,4,1,2,3,3,3,3,2,1,1,3,4,2,3,200000,1,3,2,0
2,17,2,2,1,1,8,2,2,1,1,3,1,1,1,46573,1,1,3,0
2,4,1,2,3,1,1,2,2,1,1,1,1,2,3,138000,1,3,2,0
1,2,1,1,3,1,2,2,3,1,1,2,3,2,2,17220,2,2,2,0
1,4,1,1,1,1,7,1,2,1,1,8,1,2,3,50000,1,3,2,0
2,4,1,1,1,1,1,1,4,1,1,8,1,2,3,80000,1,3,2,0
1,2,1,1,3,4,1,1,3,1,1,7,3,1,2,56352,2,2,2,0
2,1,1,1,1,3,2,3,2,1,1,2,1,1,1,36115,1,1,1,0
2,4,1,1,1,1,1,1,4,1,1,1,1,1,3,85000,1,3,2,0
2,4,1,1,1,1,7,3,3,1,1,1,1,1,3,80000,1,3,2,0
2,4,1,1,1,1,3,2,4,1,1,8,1,2,3,115000,1,3,2,0
2,1,1,7,7,1,2,1,2,1,1,4,1,1,1,36115,1,1,1,0
2,4,1,1,3,1,3,2,4,1,1,1,1,1,3,95200,1,3,2,0
2,2,1,2,1,2,2,1,2,1,1,1,1,1,2,5076,2,2,2,0
2,7,1,1,1,1,1,2,4,1,1,2,1,2,1,67313,1,1,1,0
1,4,1,1,1,1,2,2,1,1,1,1,1,1,3,100000,1,3,2,0
2,2,1,1,3,8,7,1,1,1,1,1,3,1,2,39136,2,2,2,0
2,13,3,6,1,1,7,2,2,1,1,3,1,1,1,24478,1,1,1,0
1,4,2,1,1,1,3,2,3,1,1,3,1,1,3,21000,1,3,2,0
2,6,1,2,8,1,3,2,3,1,1,2,1,2,1,339672,2,2,2,0
2,4,1,1,3,2,1,2,2,1,1,1,1,1,3,115000,1,3,2,0
2,5,3,3,1,1,7,2,3,1,1,3,1,1,1,32748,2,2,1,0
2,12,1,3,1,1,1,1,3,1,1,1,1,1,3,579756,1,1,1,0
2,4,1,3,7,3,7,1,4,1,1,1,1,2,3,109400,1,3,2,0
2,7,1,2,1,8,7,1,2,1,1,5,1,1,1,61194,1,1,1,0
1,4,1,1,10,3,2,2,2,2,1,1,5,1,3,62500,1,3,2,0
2,4,1,1,5,11,7,1,4,1,2,2,1,1,3,78413,1,3,2,0
1,4,1,1,3,3,1,1,4,1,1,3,1,2,3,113000,1,3,2,0
2,2,1,2,1,1,7,1,1,1,1,3,3,1,2,23090,2,2,2,0
2,4,1,3,8,1,3,2,2,1,1,1,4,2,3,45000,1,3,2,0
2,4,1,1,5,8,7,2,3,2,2,1,1,1,3,93000,1,3,2,0
1,4,1,1,12,3,1,2,2,1,1,2,1,1,3,85000,1,3,2,0
2,4,2,1,6,3,2,1,2,1,1,8,2,2,3,40000,1,3,2,0
2,2,1,2,1,1,7,3,3,1,1,5,3,2,2,7671,2,2,2,0
1,4,1,1,1,3,7,2,1,1,1,1,1,1,3,80000,1,3,2,0
2,4,2,2,1,4,7,2,3,1,1,7,1,2,3,118000,1,3,2,0
2,4,1,3,1,4,3,3,3,1,1,6,1,1,3,2000000,1,3,2,0
2,16,1,3,1,1,7,2,2,2,1,1,1,1,1,66089,1,1,3,0
2,4,1,1,1,3,2,1,2,1,1,1,1,1,3,150000,1,3,2,0
1,12,1,1,1,1,2,2,3,1,1,9,6,1,3,64417,1,1,1,0
2,4,1,4,1,14,7,2,3,1,1,1,1,1,3,61000,1,3,2,0
2,4,1,1,1,4,3,3,4,1,1,3,1,1,3,65000,1,3,2,0
1,3,1,1,1,1,7,3,4,2,1,3,1,2,1,49404,1,1,3,0
2,10,1,1,1,1,1,3,1,2,1,2,5,1,4,63979,1,1,1,0
2,4,1,1,1,1,11,2,2,2,1,2,5,1,3,140000,1,3,2,0
2,4,1,1,1,1,1,2,1,1,1,3,1,1,3,110000,1,3,2,0
2,2,2,1,1,4,1,2,1,1,1,1,3,1,2,23482,2,2,2,0
2,4,1,1,12,4,1,2,3,1,1,4,1,1,3,132000,1,3,2,0
2,2,1,1,1,1,3,2,3,1,1,2,6,2,2,20352,2,2,2,0
2,2,2,1,1,1,1,2,2,1,1,1,3,2,2,11741,2,2,2,0
2,7,1,7,1,14,3,2,4,1,1,3,1,2,1,97910,1,1,1,0
2,4,1,1,8,1,4,1,4,1,1,3,1,1,3,85000,1,3,2,0
2,12,1,1,1,3,1,3,3,1,1,6,1,1,3,40261,1,1,1,0
2,13,1,3,1,1,1,2,3,1,1,8,2,1,1,130000,1,1,1,0
2,2,1,1,1,3,2,1,4,1,1,1,3,1,2,15780,2,2,2,0
2,11,1,1,12,1,7,2,2,1,1,1,1,1,1,31140,1,1,1,0
2,2,2,1,1,2,5,3,2,1,1,2,1,1,2,3948,2,2,2,0
2,11,1,1,12,6,1,2,3,1,1,6,1,1,1,85671,1,1,1,0
2,13,1,2,1,4,1,2,4,2,3,7,1,1,1,36716,1,1,1,0
1,4,1,1,1,6,1,1,2,1,1,3,1,1,3,109000,1,3,2,0
2,20,1,2,6,4,5,2,3,1,1,6,1,1,1,3336,3,2,2,0
1,5,2,1,1,9,7,2,4,1,1,1,1,2,1,38820,2,2,1,0
2,2,1,2,1,1,7,3,3,1,1,5,1,2,2,14652,2,2,2,0
2,8,2,1,1,1,2,2,3,1,1,2,1,2,1,31821,1,1,1,0
1,11,2,2,3,8,1,1,2,1,1,3,1,1,1,32678,1,1,1,0
1,1,1,1,1,4,3,3,3,1,1,1,1,1,1,69452,1,1,1,0
1,2,1,3,3,1,2,2,3,1,1,2,1,1,2,30000,2,2,2,0
2,2,1,1,1,1,2,2,2,2,1,7,3,1,2,7827,2,2,2,0
2,6,3,2,1,1,7,2,3,1,1,4,1,1,1,36084,2,2,2,0
2,16,1,1,1,2,2,2,4,1,1,8,2,1,1,63888,1,1,3,0
2,7,2,2,1,4,1,2,3,1,1,2,1,1,1,939936,1,1,1,0
2,4,1,1,2,3,2,1,3,2,3,1,1,1,3,110000,1,3,2,0
1,13,1,1,1,15,7,1,4,1,1,1,1,1,1,40388,1,1,1,0
2,2,2,1,1,4,7,2,2,1,1,1,3,2,2,1000000,2,2,2,0
1,4,1,2,9,4,1,2,4,1,2,3,1,1,3,80000,1,3,2,0
1,1,2,3,1,1,7,1,1,1,1,2,1,1,1,40282,1,1,1,0
2,4,1,1,1,15,7,2,2,2,1,5,1,1,3,72000,1,3,2,0
2,1,1,2,7,4,1,2,4,1,1,1,1,1,1,50004,1,1,1,0
2,14,1,2,1,2,1,2,3,1,1,8,2,1,5,37428,3,2,2,0
2,4,1,5,7,3,2,2,1,1,1,1,1,2,3,105000,1,3,2,0
2,14,2,1,1,1,1,2,3,1,1,8,1,1,5,14976,3,2,2,0
2,5,1,3,1,1,4,2,2,1,1,1,1,2,1,49404,2,2,1,0
2,7,1,2,1,1,4,2,1,2,1,2,1,1,1,52872,1,1,1,0
2,7,1,2,1,1,8,2,2,1,1,2,1,1,1,73433,1,1,1,0
2,6,1,1,6,10,1,2,2,1,1,1,1,1,1,21228,2,2,2,0
2,19,1,2,1,8,2,2,3,1,3,3,1,1,1,38184,1,1,3,0
2,2,2,1,3,1,1,1,4,1,1,7,3,2,2,53225,2,2,2,0
2,4,1,1,1,1,4,2,1,1,1,3,1,1,3,120000,1,3,2,0
2,1,1,1,1,1,7,1,2,1,1,2,1,1,1,34726,1,1,1,0
2,4,1,2,1,3,3,2,2,1,1,8,3,2,3,155000,1,3,2,0
2,5,1,1,1,3,2,2,2,1,1,2,1,1,1,23292,2,2,1,0
2,16,1,1,1,1,7,1,1,1,1,1,1,1,1,55075,1,1,3,0
2,4,2,2,4,8,5,1,2,2,1,1,5,1,3,75000,1,3,2,0
1,2,1,2,1,8,1,1,3,1,1,3,3,1,2,13463,2,2,2,0
2,2,1,2,1,2,1,2,3,1,1,3,1,2,2,11268,2,2,2,0
2,5,1,2,1,2,7,2,4,1,1,3,1,1,1,26472,2,2,1,0
2,7,1,2,1,1,8,1,2,1,1,3,1,1,1,88119,1,1,1,0
2,4,1,1,4,1,2,2,2,1,1,3,6,1,3,74750,1,3,2,0
2,4,1,1,1,4,1,2,3,1,1,8,1,1,3,100000,1,3,2,0
2,15,1,1,1,1,7,2,4,1,1,7,4,2,2,101808,1,1,2,0
2,4,1,1,4,5,7,3,4,1,1,8,1,1,3,145000,1,3,2,0
1,6,1,6,1,9,7,2,3,1,1,5,1,1,1,33972,2,2,2,0
1,1,1,7,7,9,7,2,2,1,1,1,1,1,1,38893,1,1,1,0
1,2,2,1,1,5,1,1,3,1,1,1,3,1,2,18780,2,2,2,0
2,18,1,2,5,1,7,2,2,1,1,3,1,1,1,114696,1,1,3,0
1,12,1,2,1,1,7,2,4,1,1,2,3,1,3,48313,1,1,1,0
2,4,1,1,4,4,2,1,2,2,1,3,1,1,3,85000,1,3,2,0
2,10,1,1,7,4,1,2,1,1,1,4,1,1,4,71976,1,1,1,0
2,4,1,1,1,1,7,2,4,1,1,5,1,1,3,121000,1,3,2,0
2,1,1,2,8,1,3,2,2,1,1,2,1,1,1,62507,1,1,1,0
2,4,1,1,1,1,1,2,2,1,1,1,1,1,3,60000,1,3,2,0
2,18,1,2,3,1,11,3,3,1,1,6,1,2,1,112611,1,1,3,0
2,7,1,1,1,4,1,2,3,1,1,2,1,1,1,48948,1,1,1,0
2,7,1,2,1,1,4,2,2,1,1,3,1,2,1,75880,1,1,1,0
2,7,1,1,1,1,8,2,3,1,1,2,1,1,1,39648,1,1,1,0
2,13,1,3,8,1,4,1,3,1,1,1,1,1,1,29376,1,1,1,0
2,4,1,1,6,13,5,2,3,1,1,2,1,1,3,58000,1,3,2,0
2,4,1,1,1,1,4,2,3,1,1,1,1,1,3,81000,1,3,2,0
2,4,1,1,1,1,2,1,4,1,1,3,1,1,3,70000,1,3,2,0
2,11,1,2,1,7,1,2,4,1,1,1,1,1,1,44060,1,1,1,0
1,4,1,1,2,1,2,2,3,1,1,3,1,1,3,75000,1,3,2,0
2,14,1,1,6,1,11,3,1,1,1,1,5,1,5,10476,3,2,2,0
2,4,1,1,1,1,3,2,3,1,1,2,1,2,3,82000,1,3,2,0
2,1,1,1,1,1,2,2,3,1,1,6,1,2,1,52436,1,1,1,0
2,2,2,2,1,3,1,1,4,1,1,3,1,1,2,31309,2,2,2,0
2,4,1,3,1,1,1,2,1,1,3,2,1,1,3,80000,1,3,2,0
1,16,1,2,3,1,2,2,3,2,1,1,1,1,1,41124,1,1,3,0
2,4,1,1,1,1,7,1,1,1,1,2,6,1,3,90000,1,3,2,0
2,12,1,3,1,4,1,1,2,1,1,9,1,1,3,95015,1,1,1,0
2,4,1,1,1,2,4,2,3,1,3,1,2,1,3,153000,1,3,2,0
2,4,1,2,3,1,3,2,4,1,1,1,1,2,3,120000,1,3,2,0
2,4,1,6,4,1,4,1,4,1,1,5,1,2,3,100000,1,3,2,0
2,4,1,1,1,1,3,2,4,1,1,5,1,1,3,130000,1,3,2,0
1,11,1,1,1,1,1,2,3,1,1,3,1,2,1,35988,1,1,1,0
2,4,1,2,5,14,2,2,2,1,1,1,1,2,3,105000,1,3,2,0
2,4,1,3,8,1,11,3,1,1,1,1,3,2,3,134000,1,3,2,0
2,4,2,2,8,1,11,2,3,1,1,3,1,2,3,90000,1,3,2,0
2,6,2,2,1,2,1,2,4,1,1,1,1,2,1,38208,2,2,2,0
2,4,1,4,11,5,4,2,4,1,1,1,1,2,3,95000,1,3,2,0
2,4,1,1,2,6,2,1,1,1,3,3,1,1,3,75000,1,3,2,0
2,4,1,2,7,4,1,1,1,1,1,1,1,1,3,150000,1,3,2,0
2,1,1,1,1,1,7,1,2,1,1,2,1,1,1,44449,1,1,1,0
2,19,3,1,1,15,4,2,2,1,1,2,1,1,1,48955,1,1,3,0
2,4,1,2,1,1,3,2,3,1,1,3,1,1,3,180000,1,3,2,0
2,2,1,1,8,1,7,2,2,1,1,3,1,1,2,12586,2,2,2,0
2,4,1,1,1,1,7,2,2,1,1,2,1,1,3,70000,1,3,2,0
2,4,1,1,1,1,3,2,3,1,1,2,3,1,3,132500,1,3,2,0
2,12,1,2,1,1,1,2,2,1,1,3,3,1,3,80521,1,1,1,0
1,4,1,2,1,8,7,3,4,1,1,1,1,1,3,2000000,1,3,2,0
2,4,3,3,6,1,3,2,1,1,1,6,1,1,3,95000,1,3,2,0
2,4,1,1,1,1,2,2,3,1,1,2,1,1,3,75000,1,3,2,0
2,11,1,2,1,1,1,2,3,1,1,4,1,1,1,56298,1,1,1,0
2,6,2,9,1,1,5,5,2,2,1,1,1,1,1,9552,2,2,2,0
1,4,1,1,1,4,11,1,3,1,1,8,3,2,3,215000,1,3,2,0
2,19,1,3,1,1,1,2,2,1,3,8,1,1,1,46992,1,1,3,0
2,5,1,2,8,1,3,2,1,1,1,3,1,1,1,26472,2,2,1,0
2,8,1,2,1,4,3,2,3,1,1,2,1,2,1,37940,1,1,1,0
2,4,1,1,1,1,7,1,3,1,1,1,1,2,3,120000,1,3,2,0
1,4,1,2,1,14,1,1,2,1,1,8,1,1,3,56000,1,3,2,0
2,17,3,2,6,3,2,2,2,1,3,3,1,1,1,57522,1,1,3,0
2,7,2,1,1,1,7,2,3,1,1,2,1,1,1,807756,1,1,1,0
2,11,1,2,1,1,3,2,1,1,1,8,1,1,1,36716,1,1,1,0
2,4,1,1,1,1,4,2,1,1,1,1,1,1,3,170000,1,3,2,0
1,4,1,2,1,1,3,2,3,1,3,3,1,1,3,150000,1,3,2,0
2,4,1,2,5,3,2,2,2,1,1,3,1,1,3,200000,1,3,2,0
2,14,1,1,8,3,2,1,4,1,1,2,2,1,5,13104,3,2,2,0
2,4,1,2,3,2,2,2,4,1,1,3,3,1,3,85000,1,3,2,0
2,4,3,1,8,13,7,2,2,1,1,3,1,2,3,72000,1,3,2,0
1,15,2,1,1,4,2,1,2,1,3,1,4,1,2,87770,1,1,2,0
2,2,1,2,1,3,2,2,1,1,1,1,6,2,2,6575,2,2,2,0
2,2,2,9,1,6,7,2,2,1,3,1,3,1,2,6576,2,2,2,0
2,6,1,2,8,7,7,1,2,1,1,3,1,1,1,25476,2,2,2,0
2,18,1,1,1,9,2,2,3,1,1,1,1,1,1,87588,1,1,3,0
2,9,3,1,1,1,7,2,2,1,1,6,1,1,2,31788,2,2,2,0
2,2,1,2,1,1,2,2,3,1,1,8,3,1,2,4884,2,2,2,0
1,2,1,1,1,5,7,2,1,1,2,7,3,1,2,12524,2,2,2,0
2,13,1,2,1,3,2,2,3,1,1,2,1,1,1,40388,1,1,1,0
2,10,3,1,1,8,7,2,2,1,1,8,1,1,4,89170,1,1,1,0
1,3,1,2,3,1,1,2,3,1,1,2,1,1,1,44160,1,1,3,0
2,17,1,1,1,1,1,2,2,1,1,2,1,1,1,51408,1,1,3,0
2,4,1,1,6,6,7,2,4,1,1,1,5,1,3,146000,1,3,2,0
2,4,1,8,8,1,7,3,3,1,1,1,1,2,3,135000,1,3,2,0
1,4,1,1,3,8,4,3,3,1,1,1,3,1,3,205000,1,3,2,0
1,7,1,3,1,1,7,2,2,1,2,2,1,1,1,23592,1,1,1,0
2,7,1,1,1,1,1,2,3,1,1,5,1,1,1,44060,1,1,1,0
2,4,1,1,8,6,1,2,3,1,1,4,1,1,3,100000,1,3,2,0
2,4,1,1,1,1,2,1,2,1,1,8,2,1,3,75000,1,3,2,0
2,6,1,1,1,10,2,1,2,1,1,1,1,1,1,33972,2,2,2,0
2,4,1,1,2,3,2,1,2,2,2,1,1,1,3,1020000,1,3,2,0
1,2,2,2,5,1,7,1,3,1,1,7,3,2,2,84528,2,2,2,0
2,2,1,1,1,1,7,2,1,1,1,1,6,1,2,150288,2,2,2,0
2,1,1,2,9,17,1,2,2,1,1,3,1,1,1,50005,1,1,1,0
2,8,1,3,1,9,3,3,3,1,1,3,1,1,1,969312,1,1,1,0
2,4,1,7,7,1,4,3,4,2,4,4,1,1,3,100000,1,3,2,0
2,5,1,1,1,1,3,2,3,1,1,3,1,1,1,33528,2,2,1,0
2,1,1,2,1,1,7,2,3,1,1,2,1,1,1,58340,1,1,1,0
2,4,1,1,1,1,11,2,3,1,1,1,1,1,3,80000,1,3,2,0
2,7,1,2,1,1,7,2,2,1,1,3,1,1,1,58752,1,1,1,0
2,6,2,7,1,1,1,3,4,1,1,3,1,1,1,36084,2,2,2,0
2,4,1,1,1,1,11,2,4,1,1,3,1,2,3,130000,1,3,2,0
2,2,2,2,1,2,2,2,1,1,1,1,6,1,2,6576,2,2,2,0
2,4,1,1,1,1,1,1,4,1,1,1,2,1,3,100000,1,3,2,0
2,4,1,2,1,6,1,1,4,1,1,3,1,1,3,90000,1,3,2,0
2,18,1,2,1,1,3,1,4,1,1,5,2,1,1,96971,1,1,3,0
2,4,1,1,3,7,2,2,2,1,1,5,2,1,3,65000,1,3,2,0
1,4,1,1,1,2,7,2,3,1,1,1,1,1,3,145000,1,3,2,0
2,4,3,3,12,1,4,2,2,1,1,6,5,1,3,48000,1,3,2,0
2,4,1,1,1,1,1,3,2,1,1,1,1,2,3,60000,1,3,2,0
2,7,2,1,1,14,1,2,3,1,1,3,1,1,1,8567,1,1,1,0
2,1,1,2,1,1,4,2,3,1,1,5,1,2,1,50005,1,1,1,0
2,1,1,1,9,3,5,1,1,1,1,2,1,1,1,34726,1,1,1,0
1,4,1,1,1,1,11,2,4,1,1,4,1,1,3,101088,1,3,2,0
2,10,1,1,1,1,4,2,4,1,1,2,1,2,4,83972,1,1,1,0
2,4,1,2,1,1,1,1,4,1,1,3,1,1,3,120000,1,3,2,0
2,12,1,2,1,1,6,2,2,1,1,1,1,1,3,100652,1,1,1,0
2,7,3,1,1,1,7,2,3,1,1,2,1,2,1,67313,1,1,1,0
1,12,1,3,1,1,1,3,3,1,1,7,1,1,3,80521,1,1,1,0
2,11,1,2,1,1,1,2,3,1,1,1,1,2,1,41124,1,1,1,0
2,7,1,5,8,9,7,2,4,1,1,2,1,1,1,44064,1,1,1,0
2,12,1,1,7,8,7,1,4,1,1,1,2,1,3,13524,1,1,1,0
2,7,1,1,12,6,2,2,2,1,1,1,1,1,1,55075,1,1,1,0
1,4,1,1,1,15,1,2,2,1,1,1,1,1,3,160000,1,3,2,0
1,8,1,1,1,1,2,2,3,1,1,1,1,1,1,39164,1,1,1,0
2,2,1,2,1,1,7,2,2,1,1,1,3,1,2,9862,2,2,2,0
1,4,1,1,1,1,1,3,3,1,1,1,1,1,3,78000,1,3,2,0
2,4,1,1,3,1,1,1,4,1,1,3,1,1,3,167000,1,3,2,0
2,16,1,2,1,1,8,2,4,1,1,2,1,2,1,55515,1,1,3,0
1,4,1,3,11,1,7,2,2,1,1,8,1,1,3,100000,1,3,2,0
2,11,1,2,7,9,7,1,1,1,1,3,1,2,1,55075,1,1,1,0
2,8,1,2,5,1,3,2,4,1,1,7,1,1,1,73433,1,1,1,0
2,1,1,2,7,4,3,2,1,1,1,3,1,1,1,1000000,1,1,1,0
2,7,1,4,1,4,4,2,4,1,1,6,1,1,1,36720,1,1,1,0
2,2,3,1,12,1,2,2,3,1,1,1,6,1,2,8448,2,2,2,0
2,2,3,2,1,1,3,2,3,1,1,3,6,2,2,15000,2,2,2,0
2,15,1,1,1,1,3,2,1,2,1,5,4,1,2,63192,1,1,2,0
2,1,1,1,1,1,7,1,2,1,3,8,1,1,1,62507,1,1,1,0
2,11,1,2,8,2,3,3,3,1,1,3,4,1,1,67313,1,1,1,0
2,6,1,2,1,1,11,2,3,1,1,3,1,1,1,37788,2,2,2,0
2,8,1,3,4,4,7,1,3,1,1,6,1,2,1,36716,1,1,1,0
2,4,1,1,1,4,2,2,3,1,1,3,1,1,3,2000000,1,3,2,0
1,6,1,1,3,1,2,3,3,1,1,1,3,1,1,10620,2,2,2,0
2,4,1,1,1,1,8,2,4,1,1,4,1,1,3,180000,1,3,2,0
2,8,1,2,1,1,3,2,2,1,1,8,1,2,1,572772,1,1,1,0
2,2,2,2,12,1,5,2,4,1,1,3,1,1,2,5870,2,2,2,0
2,20,1,2,8,1,7,2,2,1,1,5,1,1,1,25056,3,2,2,0
2,12,1,4,1,1,7,1,2,1,1,6,1,1,3,80521,1,1,1,0
2,4,1,1,3,15,7,2,2,1,1,8,1,1,3,116458,1,3,2,0
2,4,1,1,1,1,3,2,3,1,1,1,1,1,3,75000,1,3,2,0
1,4,1,1,1,1,7,1,2,1,1,1,1,1,3,134000,1,3,2,0
1,4,1,1,12,6,2,2,3,2,1,6,1,1,3,51000,1,3,2,0
2,6,1,2,8,1,7,2,3,1,1,3,2,1,1,36084,2,2,2,0
1,4,1,1,1,1,3,2,3,2,1,3,6,1,3,110000,1,3,2,0
2,4,1,1,1,3,7,2,4,2,1,5,1,1,3,141900,1,3,2,0
2,7,2,2,1,8,2,1,4,1,1,2,1,1,1,51403,1,1,1,0
2,2,1,2,1,1,2,2,4,1,1,1,3,1,2,11663,2,2,2,0
2,4,1,1,1,1,3,2,1,1,1,3,4,2,3,125000,1,3,2,0
1,3,3,2,7,1,6,2,2,1,3,3,1,1,1,73212,1,1,3,0
2,7,1,4,11,1,7,2,3,1,1,8,1,1,1,48955,1,1,1,0
1,2,1,2,1,4,2,2,3,2,1,1,1,1,2,11741,2,2,2,0
2,16,1,1,1,1,7,2,3,1,1,1,1,1,1,33780,1,1,3,0
2,11,1,7,5,8,3,2,2,1,1,3,1,1,1,29964,1,1,1,0
2,12,1,1,1,1,7,1,2,1,1,1,1,1,3,104678,1,1,1,0
2,10,1,1,3,15,1,2,2,1,1,8,3,2,4,67896,1,1,1,0
1,4,1,2,3,1,7,1,2,1,1,5,3,1,3,272000,1,3,2,0
2,1,1,1,1,4,3,3,2,1,1,1,1,1,1,30559,1,1,1,0
2,1,1,7,1,1,3,3,2,1,1,2,1,1,1,79175,1,1,1,0
2,4,1,2,8,1,1,1,2,2,1,6,1,2,3,80000,1,3,2,0
2,4,1,1,1,4,7,2,1,1,1,1,1,1,3,2000000,1,3,2,0
1,2,1,2,3,8,2,2,4,1,1,1,3,1,2,17220,2,2,2,0
2,15,1,2,1,1,4,2,4,1,1,5,4,1,2,98304,1,1,2,0
2,4,1,1,1,7,3,2,2,1,1,1,2,1,3,120000,1,3,2,0
2,2,1,2,1,2,7,1,3,1,1,1,3,1,2,4944,2,2,2,0
2,6,1,2,1,1,3,2,4,1,1,5,1,2,1,43524,2,2,2,0
2,4,1,1,1,1,1,3,1,1,1,3,1,1,3,85000,1,3,2,0
2,2,2,1,3,1,2,2,4,1,1,1,1,1,2,17220,2,2,2,0
2,12,1,1,1,4,7,1,3,2,1,8,1,1,3,1000000,1,1,1,0
2,7,1,1,9,1,2,2,3,1,1,3,1,1,1,73433,1,1,1,0
2,2,1,2,1,3,5,2,3,1,1,1,3,2,2,5256,2,2,2,0
2,11,1,1,1,3,2,2,2,1,1,1,1,1,1,660900,1,1,1,0
2,5,1,2,4,1,2,2,3,1,1,3,1,1,1,42348,2,2,1,0
2,4,1,1,1,1,7,2,3,1,1,1,3,1,3,100000,1,3,2,0
2,11,1,1,10,2,7,1,3,1,1,1,1,2,1,36716,1,1,1,0
2,4,1,1,4,1,1,2,4,1,1,1,1,2,3,110000,1,3,2,0
2,7,1,2,5,1,4,2,3,1,1,5,1,1,1,62556,1,1,1,0
2,7,1,2,1,1,11,2,2,1,1,3,1,1,1,86652,1,1,1,0
2,1,1,3,1,1,4,1,3,1,1,2,1,2,1,50005,1,1,1,0
1,4,1,1,1,1,2,1,3,1,1,5,1,1,3,68000,1,3,2,0
2,17,1,3,1,1,7,2,3,1,1,2,1,1,1,36720,1,1,3,0
2,7,1,3,1,13,11,3,3,1,1,2,1,1,1,46992,1,1,1,0
2,4,1,1,1,1,7,2,2,1,1,6,1,1,3,62500,1,3,2,0
2,7,3,2,1,16,4,1,2,1,1,3,1,2,1,62418,1,1,1,0
2,4,1,1,1,4,7,3,1,1,2,4,1,1,3,90000,1,3,2,0
2,12,1,4,12,1,3,2,2,1,1,6,7,1,3,38650,1,1,1,0
2,4,1,2,5,10,1,2,1,1,1,5,2,1,3,2000000,1,3,2,0
2,2,2,1,1,1,1,2,1,1,1,1,1,1,2,28178,2,2,2,0
2,2,1,1,12,1,5,2,3,1,1,5,1,2,2,1128,2,2,2,0
1,1,1,2,1,1,4,2,2,1,1,3,1,1,1,91677,1,1,1,0
2,4,1,1,1,6,7,2,1,1,1,6,1,1,3,115000,1,3,2,0
2,5,1,2,1,1,1,3,3,1,1,5,1,1,1,70572,2,2,1,0
2,6,1,1,1,1,3,2,3,1,1,4,1,1,1,36084,2,2,2,0
2,17,1,7,7,9,7,2,3,1,1,4,1,1,1,51408,1,1,3,0
2,1,1,1,1,1,8,2,2,1,1,3,1,2,1,466716,1,1,1,0
2,5,1,1,5,1,2,2,4,1,1,2,1,1,1,29184,2,2,1,0
2,16,1,2,1,15,8,1,4,1,1,3,1,1,1,85671,1,1,3,0
2,10,1,1,1,1,7,1,2,1,1,2,1,1,4,75975,1,1,1,0
2,1,1,1,1,1,7,2,3,1,1,8,1,1,1,31948,1,1,1,0
1,11,1,2,1,4,7,1,2,1,1,1,1,1,1,51648,1,1,1,0
1,4,1,1,1,4,2,1,4,1,1,1,1,1,3,90000,1,3,2,0
2,4,1,1,4,1,2,2,3,1,1,3,1,1,3,12500,1,3,2,0
2,4,1,1,4,1,2,1,1,1,1,3,1,1,3,90000,1,3,2,0
1,1,1,1,7,8,3,1,2,1,1,8,1,1,1,118068,1,1,1,0
1,15,1,8,1,4,1,1,1,2,1,7,4,1,2,101808,1,1,2,0
2,2,1,1,1,1,2,2,3,1,1,1,3,1,2,13306,2,2,2,0
2,2,1,1,1,1,2,1,3,1,1,1,1,1,2,3914,2,2,2,0
2,1,1,1,3,1,3,2,4,1,1,2,1,1,1,38199,1,1,1,0
2,9,1,1,7,1,3,2,3,1,1,1,4,2,2,34968,2,2,2,0
2,4,1,1,1,1,4,1,1,1,1,3,1,1,3,234000,1,3,2,0
2,16,1,3,9,3,3,2,3,1,1,5,1,2,1,52284,1,1,3,0
1,4,1,1,4,6,1,2,2,1,1,3,1,2,3,108000,1,3,2,0
2,11,1,1,8,1,7,2,4,1,1,7,1,1,1,31576,1,1,1,0
1,4,1,1,1,1,3,2,3,2,3,4,1,2,3,130000,1,3,2,0
2,4,1,1,1,14,7,1,3,1,1,6,1,2,3,109500,1,3,2,0
2,6,1,1,1,2,7,2,2,1,1,1,1,1,1,38844,2,2,2,0
1,4,1,1,1,1,7,3,3,1,1,8,1,1,3,57000,1,3,2,0
2,2,1,1,1,1,7,2,4,1,1,1,3,2,2,26612,2,2,2,0
2,2,2,2,1,1,2,1,3,1,1,1,3,1,2,43832,2,2,2,0
2,2,1,1,1,2,5,3,1,1,1,1,1,1,2,8923,2,2,2,0
2,15,1,4,1,1,7,1,4,1,1,8,1,1,2,80748,1,1,2,0
2,17,1,2,5,1,3,2,2,1,1,3,1,1,1,66084,1,1,3,0
2,7,1,2,1,4,1,2,3,1,2,2,1,1,1,79552,1,1,1,0
2,16,1,2,1,8,11,3,3,1,1,4,1,1,1,48468,1,1,3,0
1,12,1,2,1,9,1,2,3,1,1,2,1,1,3,96626,1,1,1,0
2,7,1,2,7,1,11,2,3,1,1,1,2,1,1,61194,1,1,1,0
1,11,1,2,1,9,7,2,3,1,1,3,1,1,1,29373,1,1,1,0
2,6,1,7,3,1,1,1,3,1,1,1,1,2,1,5304,2,2,2,0
1,3,1,1,1,1,4,1,4,1,1,2,1,1,1,57636,1,1,3,0
2,9,2,1,1,4,7,1,3,1,1,1,4,2,2,23844,2,2,2,0
2,6,1,2,7,2,2,3,3,1,1,3,1,1,1,31844,2,2,2,0
2,4,1,1,1,1,3,2,2,1,1,2,1,1,3,93000,1,3,2,0
2,1,1,1,1,1,1,2,2,1,1,2,1,2,1,38893,1,1,1,0
2,4,1,1,1,4,4,2,3,1,3,6,1,1,3,80614,1,3,2,0
2,4,1,4,1,1,7,1,3,1,1,3,1,2,3,90000,1,3,2,0
2,4,1,1,1,1,3,2,2,1,1,1,1,1,3,130000,1,3,2,0
2,4,1,1,1,7,7,2,4,1,1,3,1,2,3,85000,1,3,2,0
2,1,1,1,1,4,1,2,4,1,1,2,1,1,1,70841,1,1,1,0
2,4,1,1,1,3,1,2,3,2,4,3,1,1,3,113000,1,3,2,0
2,7,3,2,1,1,1,1,4,1,1,2,1,1,1,55075,1,1,1,0
2,4,1,4,1,2,2,1,4,1,1,6,5,2,3,55000,1,3,2,0
2,4,1,1,3,6,2,1,3,1,1,1,1,2,3,76000,1,3,2,0
2,7,1,3,1,1,11,1,3,1,1,2,1,1,1,71597,1,1,1,0
2,4,1,1,1,15,1,2,2,2,1,1,1,2,3,82000,1,3,2,0
2,2,1,1,1,3,2,2,3,1,1,7,3,2,2,15654,2,2,2,0
2,2,1,1,1,1,2,1,1,1,1,1,6,1,2,6262,2,2,2,0
2,4,1,1,1,1,3,3,2,1,1,1,1,1,3,145000,1,3,2,0
2,13,1,1,1,3,3,2,2,1,1,2,1,1,1,1000000,1,1,1,0
2,7,1,2,3,1,2,2,3,1,1,3,6,1,1,48468,1,1,1,0
2,7,1,1,6,1,5,3,3,1,1,3,1,1,1,54336,1,1,1,0
2,4,2,2,1,1,4,3,2,1,1,3,1,1,3,250000,1,3,2,0
2,13,1,1,1,1,7,2,4,1,1,2,1,1,1,31821,1,1,1,0
2,12,1,1,1,4,7,1,4,2,2,8,5,1,3,48313,1,1,1,0
2,8,1,2,1,1,3,2,2,1,1,2,1,1,1,29376,1,1,1,0
2,4,1,1,1,1,2,2,2,1,1,1,6,1,3,73000,1,3,2,0
2,2,1,1,1,1,2,1,3,1,1,1,3,1,2,6576,2,2,2,0
2,13,3,4,1,1,2,2,3,1,1,7,1,1,1,8808,1,1,1,0
2,12,1,1,1,2,1,2,2,2,1,1,1,1,3,71664,1,1,1,0
2,4,1,5,4,1,2,1,3,1,1,1,1,1,3,5000,1,3,2,0
2,2,1,2,1,1,7,3,2,1,1,3,3,2,2,46963,2,2,2,0
2,13,1,1,12,1,1,2,4,1,1,7,2,1,1,36716,1,1,1,0
2,2,1,2,5,1,1,2,2,1,1,1,3,1,2,13150,2,2,2,0
2,4,1,1,1,15,11,2,2,1,1,1,2,2,3,100000,1,3,2,0
2,1,1,2,7,8,5,2,1,1,1,8,1,1,1,37712,1,1,1,0
2,4,1,7,7,1,4,2,3,1,1,4,1,1,3,2000000,1,3,2,0
2,1,2,2,1,1,7,2,2,1,1,3,2,1,1,90288,1,1,1,0
1,2,2,1,8,1,2,2,1,1,1,7,3,1,2,7704,2,2,2,0
2,3,1,7,3,8,7,2,4,1,1,1,4,1,1,57636,1,1,3,0
2,4,1,2,7,1,2,1,2,1,1,3,1,1,3,82000,1,3,2,0
2,8,1,5,1,1,7,2,1,1,1,2,1,1,1,39164,1,1,1,0
2,4,1,1,1,2,1,1,3,1,1,1,1,1,3,110000,1,3,2,0
1,2,1,1,1,13,2,2,3,1,1,1,3,1,2,18785,2,2,2,0
2,4,1,2,7,8,2,2,2,1,1,5,1,1,3,55000,1,3,2,0
1,12,1,3,7,1,5,1,2,1,1,1,6,1,3,23351,1,1,1,0
2,5,1,2,1,15,7,2,2,1,1,3,1,1,1,28236,2,2,1,0
1,6,1,2,1,1,1,1,4,1,1,3,1,1,1,31848,2,2,2,0
1,13,1,7,1,1,11,2,2,1,1,1,2,2,1,29373,1,1,1,0
2,2,2,2,1,1,7,3,3,1,4,3,1,1,2,17280,2,2,2,0
2,4,1,1,6,15,2,2,2,1,1,2,1,1,3,122000,1,3,2,0
2,4,1,1,1,1,7,1,4,1,1,5,1,1,3,145000,1,3,2,0
1,12,1,4,8,4,2,2,4,2,1,8,1,1,3,36235,1,1,1,0
2,4,2,1,1,9,1,2,1,1,1,1,1,1,3,105000,1,3,2,0
1,4,1,1,3,1,7,2,3,1,1,1,6,1,3,60000,1,3,2,0
2,4,1,2,1,1,4,3,1,1,1,4,7,2,3,260000,1,3,2,0
2,4,1,1,1,3,1,3,2,1,1,1,1,1,3,73000,1,3,2,0
2,7,1,1,1,1,7,2,2,1,1,2,1,1,1,54336,1,1,1,0
1,4,1,1,1,1,11,2,3,1,1,1,1,1,3,93000,1,3,2,0
1,4,1,1,4,9,1,1,1,1,1,4,1,1,3,170000,1,3,2,0
2,4,3,1,5,8,2,1,1,1,1,3,1,1,3,85000,1,3,2,0
2,4,1,1,9,4,4,2,3,2,1,2,1,1,3,147000,1,3,2,0
2,11,2,2,1,1,1,1,2,1,1,3,1,1,1,25704,1,1,1,0
1,7,1,7,1,1,3,2,1,1,1,3,1,2,1,73433,1,1,1,0
1,1,1,1,5,1,2,2,3,1,1,2,1,1,1,52783,1,1,1,0
2,4,1,1,1,1,1,2,2,1,3,2,1,1,3,74000,1,3,2,0
1,14,1,1,1,1,7,2,4,1,1,1,1,1,5,9732,3,2,2,0
2,1,1,1,9,4,7,2,3,1,1,4,1,1,1,90288,1,1,1,0
2,6,1,6,8,1,2,1,2,1,1,8,1,1,1,23352,2,2,2,0
2,4,1,1,1,4,7,3,3,1,1,3,1,1,3,49000,1,3,2,0
2,11,1,2,1,1,3,3,3,2,1,2,1,2,1,440592,1,1,1,0
2,7,1,7,7,1,2,1,2,1,1,3,1,1,1,110149,1,1,1,0
2,4,1,1,5,1,7,3,1,2,2,8,1,1,3,80000,1,3,2,0
2,1,1,2,1,3,7,2,3,1,1,1,1,1,1,52783,1,1,1,0
2,4,1,1,1,4,7,3,1,1,1,8,1,1,3,72000,1,3,2,0
2,4,1,3,1,1,4,3,3,1,1,3,1,2,3,171000,1,3,2,0
2,11,1,7,1,1,9,2,3,1,1,1,1,2,1,558084,1,1,1,0
1,2,1,2,1,2,1,1,3,1,1,3,1,1,2,0,2,2,2,0
1,4,1,1,1,1,3,1,3,1,1,6,1,1,3,106000,1,3,2,0
1,16,1,4,12,1,2,2,3,1,1,3,1,2,1,23496,1,1,3,0
1,1,1,1,1,1,3,2,3,1,1,1,1,2,1,52783,1,1,1,0
2,2,2,1,1,9,2,1,4,1,1,1,3,2,2,6576,2,2,2,0
2,7,1,1,1,1,3,2,2,1,1,2,1,1,1,62412,1,1,1,0
2,4,1,1,1,9,3,2,3,1,1,3,2,1,3,70000,1,3,2,0
1,14,1,1,8,2,7,1,2,1,1,1,2,1,5,29940,3,2,2,0
2,10,1,3,1,1,4,2,2,1,1,2,1,1,4,63979,1,1,1,0
2,4,1,1,1,2,7,2,4,1,1,2,1,1,3,166000,1,3,2,0
2,16,1,9,8,1,7,2,3,1,1,8,1,2,1,61680,1,1,3,0
2,19,1,1,1,1,4,1,4,1,1,2,1,1,1,79552,1,1,3,0
2,12,1,5,8,1,4,2,3,1,1,1,1,1,3,31403,1,1,1,0
2,4,1,1,3,1,6,3,2,1,1,1,1,1,3,125000,1,3,2,0
2,3,1,1,1,2,7,2,3,1,1,3,1,1,1,68868,1,1,3,0
2,1,2,2,1,3,11,2,3,1,1,3,3,1,1,36672,1,1,1,0
2,10,1,2,3,1,7,2,4,1,2,2,1,1,4,604596,1,1,1,0
2,4,1,1,7,1,2,1,3,1,1,2,6,1,3,70000,1,3,2,0
2,16,1,1,1,1,3,2,3,1,1,3,1,1,1,44064,1,1,3,0
2,13,2,1,1,1,5,1,4,1,1,8,1,1,1,22030,1,1,1,0
2,18,1,2,1,1,7,1,4,1,1,4,1,1,1,135550,1,1,3,0
2,14,1,4,1,3,1,2,4,1,1,7,2,1,5,16848,3,2,2,0
2,9,2,6,12,3,1,1,2,2,1,3,5,1,2,2000000,2,2,2,0
2,16,1,1,8,1,7,2,3,1,1,2,1,1,1,70985,1,1,3,0
2,2,1,1,3,1,7,2,3,1,1,8,3,2,2,8391,2,2,2,0
2,4,1,3,1,1,4,2,3,1,1,7,1,2,3,138500,1,3,2,0
2,4,1,1,1,8,1,2,1,1,1,1,3,1,3,160000,1,3,2,0
2,2,1,1,8,9,7,2,1,1,1,1,3,1,2,9706,2,2,2,0
2,16,1,1,7,3,5,1,1,2,2,3,1,1,1,35316,1,1,3,0
2,4,1,2,3,1,11,3,2,1,1,4,1,1,3,120000,1,3,2,0
2,3,1,1,3,3,7,1,4,1,1,3,1,2,1,62879,1,1,3,0
2,4,1,1,4,2,9,2,1,1,1,2,1,1,3,130000,1,3,2,0
2,12,1,1,1,4,7,1,3,1,1,8,1,1,3,79716,1,1,1,0
2,4,1,2,7,14,2,2,4,2,1,3,1,1,3,51000,1,3,2,0
2,7,1,1,3,4,3,2,3,1,1,8,3,1,1,675576,1,1,1,0
2,4,1,1,1,1,7,1,3,1,1,6,1,1,3,80000,1,3,2,0
1,4,1,1,1,2,1,2,2,1,1,4,4,1,3,154000,1,3,2,0
2,14,3,1,3,1,1,3,3,1,1,2,2,1,5,28068,3,2,2,0
2,12,1,1,1,15,7,1,3,1,2,1,1,1,3,56365,1,1,1,0
2,6,2,8,3,1,1,1,2,1,1,1,1,2,1,60000,2,2,2,0
2,7,1,2,1,3,3,1,2,1,3,7,2,1,1,54336,1,1,1,0
2,2,1,1,1,4,1,2,1,1,1,1,3,1,2,7514,2,2,2,0
1,4,1,1,3,1,7,3,3,2,1,4,2,2,3,125000,1,3,2,0
2,4,1,1,1,1,1,2,2,1,1,3,1,1,3,156000,1,3,2,0
2,2,1,2,1,1,2,1,4,1,1,2,1,1,2,13716,2,2,2,0
2,16,1,1,6,1,2,1,2,1,2,2,1,1,1,42588,1,1,3,0
2,7,1,3,1,1,3,2,3,1,1,1,1,1,1,110149,1,1,1,0
1,2,1,1,1,1,2,1,4,1,1,8,6,1,2,42267,2,2,2,0
2,14,1,1,8,1,7,5,4,1,1,2,2,1,5,29940,3,2,2,0
2,1,1,2,1,1,4,2,3,1,1,4,1,2,1,173630,1,1,1,0
2,4,1,1,3,4,7,2,3,1,1,8,6,1,3,100000,1,3,2,0
2,3,1,3,1,11,1,3,2,1,1,2,6,1,1,40428,1,1,3,0
2,1,1,1,12,3,2,1,4,1,1,8,1,1,1,69452,1,1,1,0
2,2,1,1,8,11,3,2,1,1,1,3,3,1,2,20351,2,2,2,0
1,6,2,3,5,3,5,2,3,1,1,7,6,2,1,7428,2,2,2,0
2,4,1,1,1,1,1,2,4,1,1,1,1,1,3,90000,1,3,2,0
2,4,1,1,1,7,2,1,4,2,1,1,1,2,3,64000,1,3,2,0
1,4,1,1,1,4,11,2,3,2,2,3,6,1,3,160000,1,3,2,0
2,16,1,1,12,1,1,3,3,1,1,4,1,1,1,50791,1,1,3,0
2,4,1,7,3,8,7,1,4,2,1,5,3,1,3,128000,1,3,2,0
2,7,3,1,1,1,2,2,3,1,1,9,1,1,1,55075,1,1,1,0
2,2,1,1,1,3,2,3,3,1,1,1,6,1,2,14089,2,2,2,0
2,2,1,1,3,1,2,1,4,1,1,2,1,2,2,12367,2,2,2,0
2,2,2,1,3,1,5,2,2,1,1,6,1,1,2,3851,2,2,2,0
1,2,2,7,1,1,5,3,1,1,1,7,2,1,2,2348,2,2,2,0
2,4,1,1,3,1,1,2,3,1,1,1,1,1,3,72000,1,3,2,0
2,9,1,1,1,1,2,3,3,1,1,6,3,1,2,15900,2,2,2,0
1,12,1,1,5,1,7,2,4,1,1,1,1,1,3,64417,1,1,1,0
2,7,1,2,1,14,1,2,4,1,1,4,1,1,1,73433,1,1,1,0
2,16,1,1,1,1,1,1,4,1,1,1,1,1,1,55812,1,1,3,0
2,1,1,3,1,1,1,2,2,2,3,1,1,1,1,41671,1,1,1,0
2,4,1,1,8,1,11,2,2,1,1,1,1,1,3,80000,1,3,2,0
2,13,1,2,1,6,11,2,2,1,2,7,1,1,1,30597,1,1,1,0
2,2,2,1,1,1,2,2,3,1,1,3,1,1,2,6262,2,2,2,0
1,7,1,2,8,1,11,2,3,2,1,3,1,1,1,80776,1,1,1,0
1,4,1,3,9,14,7,3,3,1,1,1,1,1,3,91500,1,3,2,0
2,11,1,1,1,1,8,2,3,1,1,2,1,1,1,56910,1,1,1,0
2,15,3,3,1,1,7,2,3,1,1,2,1,1,2,93384,1,1,2,0
2,15,1,1,6,1,11,2,3,1,1,1,1,2,2,105324,1,1,2,0
1,4,1,1,1,15,1,2,2,1,1,4,5,1,3,90000,1,3,2,0
2,12,1,1,1,4,2,2,1,1,1,3,1,1,3,48313,1,1,1,0
2,12,1,2,1,1,7,1,3,1,1,8,1,1,3,1000000,1,1,1,0
2,12,1,3,1,1,3,1,2,1,1,8,1,1,3,54755,1,1,1,0
2,4,1,3,1,1,7,2,2,1,1,5,1,1,3,55000,1,3,2,0
2,2,1,1,1,1,7,2,2,1,1,2,3,1,2,19881,2,2,2,0
2,4,1,1,12,4,7,2,3,1,1,1,2,2,3,43000,1,3,2,0
2,13,1,8,12,1,11,1,3,1,1,8,1,1,1,61194,1,1,1,0
1,7,1,2,1,1,4,2,3,1,1,2,1,1,1,51403,1,1,1,0
1,4,1,2,5,8,1,3,3,1,1,1,1,1,3,75000,1,3,2,0
2,4,1,1,4,1,5,2,2,2,2,1,6,1,3,62500,1,3,2,0
2,4,1,5,8,1,7,2,3,1,3,6,1,1,3,65000,1,3,2,0
2,1,1,1,1,1,3,1,2,2,1,1,1,1,1,36115,1,1,1,0
2,10,1,1,7,1,5,2,2,1,1,2,1,1,4,59980,1,1,1,0
2,4,1,2,1,2,1,2,2,1,3,2,1,1,3,97500,1,3,2,0
2,10,1,1,1,3,7,2,4,1,1,1,1,1,4,67977,1,1,1,0
2,10,1,1,1,1,7,3,3,1,1,2,1,1,4,57581,1,1,1,0
2,17,1,2,1,7,7,2,1,1,1,1,1,1,1,51403,1,1,3,0
2,7,1,1,1,1,7,3,3,1,1,3,1,2,1,734328,1,1,1,0
2,1,1,1,1,1,1,1,1,1,2,4,1,1,1,41671,1,1,1,0
2,4,1,3,8,1,11,3,2,1,1,3,1,1,3,78200,1,3,2,0
2,2,1,1,1,1,7,2,4,1,1,7,3,1,2,7890,2,2,2,0
2,4,1,1,1,1,1,1,3,1,1,1,1,1,3,97750,1,3,2,0
2,7,1,1,1,1,7,1,2,1,1,1,1,2,1,78328,1,1,1,0
2,7,1,7,5,8,4,1,3,1,1,2,1,2,1,97910,1,1,1,0
1,4,1,1,1,1,4,3,2,1,1,3,1,1,3,2000000,1,3,2,0
2,9,1,2,3,1,7,3,2,1,1,1,4,1,2,31788,2,2,2,0
2,1,1,4,12,1,2,2,3,1,1,3,1,2,1,20002,1,1,1,0
2,10,3,1,1,2,1,2,3,1,1,8,1,1,4,91170,1,1,1,0
2,1,1,2,1,1,7,1,2,1,1,1,1,1,1,45838,1,1,1,0
2,4,3,1,1,2,7,2,4,2,2,1,1,1,3,65980,1,3,2,0
2,4,1,4,1,1,11,3,1,1,1,6,1,1,3,50000,1,3,2,0
2,2,1,1,1,1,7,2,4,1,1,9,1,2,2,27048,2,2,2,0
2,19,1,4,3,1,4,2,2,1,1,8,1,1,1,63642,1,1,3,0
2,14,1,1,8,1,7,2,3,1,1,9,1,2,5,14220,3,2,2,0
1,13,1,3,1,6,7,2,2,1,1,2,2,1,1,21300,1,1,1,0
2,13,1,2,1,1,4,1,4,1,1,7,1,1,1,42836,1,1,1,0
1,10,1,1,1,5,11,2,3,1,1,6,1,2,4,119960,1,1,1,0
2,7,1,5,12,1,4,2,1,1,1,3,1,1,1,36716,1,1,1,0
2,18,1,2,7,1,7,2,2,1,1,5,1,1,1,84458,1,1,3,0
2,1,1,2,4,3,2,1,1,1,1,8,1,1,1,104178,1,1,1,0
1,12,3,4,8,15,5,2,2,1,1,8,5,1,3,68443,1,1,1,0
2,4,1,1,1,4,7,2,3,1,1,3,3,1,3,84000,1,3,2,0
2,4,1,4,11,1,2,1,1,1,3,1,2,1,3,125000,1,3,2,0
2,7,2,1,1,1,7,1,2,1,1,2,1,1,1,6612,1,1,1,0
2,13,1,3,3,4,4,2,1,1,2,8,1,1,1,45283,1,1,1,0
2,4,1,1,2,14,7,2,4,1,1,8,1,1,3,50000,1,3,2,0
2,16,1,1,12,1,7,2,4,1,1,1,1,1,1,117492,1,1,3,0
2,4,1,1,1,1,11,3,3,1,1,2,1,1,3,77000,1,3,2,0
2,5,3,3,1,1,4,2,2,1,1,3,1,2,1,31764,2,2,1,0
2,16,1,2,7,1,11,3,3,1,1,3,1,1,1,68537,1,1,3,0
2,11,1,2,1,4,1,3,3,1,1,6,1,1,1,42836,1,1,1,0
2,11,1,2,1,1,7,2,2,1,1,1,4,1,1,33045,1,1,1,0
2,2,3,1,1,1,1,1,1,1,1,7,3,2,2,26612,2,2,2,0
2,4,1,1,1,1,7,1,1,1,1,1,1,1,3,120000,1,3,2,0
2,4,1,3,9,4,5,1,2,1,1,1,1,2,3,50000,1,3,2,0
2,13,1,1,1,1,1,2,3,1,1,8,4,1,1,616836,1,1,1,0
2,4,1,1,1,11,2,1,3,1,1,1,1,2,3,40000,1,3,2,0
2,7,1,2,1,1,7,2,2,1,1,3,1,1,1,59970,1,1,1,0
2,4,1,1,7,1,1,3,4,1,1,3,1,1,3,130000,1,3,2,0
2,17,1,1,1,1,7,2,3,1,1,1,1,1,1,55812,1,1,3,0
2,9,3,2,7,1,4,3,2,1,1,3,4,1,2,27876,2,2,2,0
2,4,1,2,3,1,3,1,3,1,1,2,1,2,3,140000,1,3,2,0
2,7,1,4,12,3,7,2,2,1,1,2,5,1,1,73433,1,1,1,0
2,1,1,1,7,14,2,2,2,1,1,8,1,1,1,34726,1,1,1,0
2,10,1,1,1,1,3,2,1,1,1,1,1,2,4,68777,1,1,1,0
2,4,1,1,1,1,3,1,3,1,1,8,1,1,3,75000,1,3,2,0
2,11,2,2,1,1,1,1,4,1,1,7,1,1,1,55075,1,1,1,0
1,18,1,1,1,15,7,2,2,1,1,1,4,1,1,100099,1,1,3,0
2,9,1,4,8,1,4,2,1,1,1,2,1,2,2,8904,2,2,2,0
2,6,1,1,8,1,3,2,2,1,1,1,1,1,1,46704,2,2,2,0
1,5,1,2,2,3,5,1,3,1,1,4,1,1,1,8820,2,2,1,0
2,12,1,1,1,1,3,2,1,2,3,1,1,1,3,41670,1,1,1,0
2,20,1,2,1,1,4,2,2,1,1,3,1,2,1,60000,3,2,2,0
2,4,1,1,1,1,3,3,3,1,1,3,3,1,3,90000,1,3,2,0
2,4,1,1,9,2,7,2,4,1,1,3,1,1,3,120000,1,3,2,0
2,16,1,1,1,1,7,2,2,1,1,3,1,1,1,41856,1,1,3,0
2,17,1,1,8,1,7,2,3,1,1,1,1,1,1,37452,1,1,3,0
2,4,1,1,1,9,3,3,4,1,1,1,7,1,3,70000,1,3,2,0
2,4,1,5,1,5,3,2,3,1,1,6,1,2,3,120000,1,3,2,0
2,6,3,6,8,1,1,3,4,1,1,5,1,2,1,13800,2,2,2,0
2,4,1,1,1,1,7,1,3,1,1,1,1,2,3,73000,1,3,2,0
2,4,1,1,1,1,3,3,4,1,1,8,1,1,3,75000,1,3,2,0
2,12,1,1,1,2,5,2,4,1,1,1,3,1,3,56365,1,1,1,0
2,14,3,2,1,1,7,2,3,1,1,2,2,2,5,14976,3,2,2,0
2,4,1,1,6,12,7,2,4,1,1,1,1,1,3,61000,1,3,2,0
1,1,1,7,7,8,2,2,4,1,1,7,1,2,1,62507,1,1,1,0
2,12,1,3,1,1,1,2,3,1,1,2,5,1,3,52339,1,1,1,0
2,2,1,2,1,1,7,1,2,1,1,1,3,1,2,11652,2,2,2,0
2,14,3,5,3,1,7,2,4,1,1,1,2,1,5,1000000,3,2,2,0
2,1,1,2,1,1,3,2,4,1,1,8,1,1,1,35301,1,1,1,0
2,4,1,1,1,4,3,2,3,1,1,1,2,1,3,129000,1,3,2,0
2,5,1,2,7,4,3,2,1,1,1,3,1,2,1,42348,2,2,1,0
2,4,3,1,1,1,3,2,4,1,1,6,1,1,3,126000,1,3,2,0
1,4,1,1,1,1,7,1,3,1,1,1,2,1,3,68000,1,3,2,0
1,4,3,2,1,8,7,1,3,1,1,3,6,1,3,135000,1,3,2,0
2,4,1,1,3,1,7,1,3,1,1,1,1,2,3,125000,1,3,2,0
2,7,1,2,1,1,3,2,2,1,1,3,1,1,1,73433,1,1,1,0
2,5,3,2,5,14,7,2,4,1,1,3,1,1,1,56460,2,2,1,0
2,13,1,1,3,4,3,1,3,1,1,1,1,1,1,73433,1,1,1,0
2,2,1,1,1,2,2,2,3,1,1,1,1,2,2,5479,2,2,2,0
1,4,1,3,1,4,2,2,2,1,1,3,1,2,3,120000,1,3,2,0
2,17,1,7,5,8,1,2,3,1,1,5,4,1,1,97910,1,1,3,0
2,1,1,3,1,1,4,3,4,1,1,3,1,1,1,741744,1,1,1,0
2,5,1,1,4,3,5,2,4,2,2,3,1,1,1,12348,2,2,1,0
2,4,1,7,10,1,1,2,1,1,1,3,3,1,3,160000,1,3,2,0
2,2,1,1,3,1,7,2,2,1,1,1,3,1,2,62618,2,2,2,0
2,4,1,1,1,3,7,3,3,2,3,3,1,2,3,95000,1,3,2,0
1,17,1,1,1,1,3,2,4,1,1,2,1,1,1,49932,1,1,3,0
2,20,1,2,5,9,4,2,4,1,1,3,1,1,1,7932,3,2,2,0
1,13,1,5,1,1,7,1,3,1,2,1,2,1,1,55075,1,1,1,0
2,18,1,2,3,1,3,3,3,1,1,3,1,1,1,1000000,1,1,3,0
2,7,1,2,1,2,1,3,3,1,1,3,1,2,1,85671,1,1,1,0
2,11,1,2,1,4,1,3,3,1,1,1,1,1,1,30597,1,1,1,0
2,7,2,1,1,1,1,2,2,1,1,1,1,1,1,117492,1,1,1,0
2,4,1,2,1,1,3,2,3,1,1,6,1,1,3,67000,1,3,2,0
2,8,1,4,12,2,1,2,2,1,1,3,1,1,1,24972,1,1,1,0
2,1,1,1,1,1,3,1,4,1,1,1,1,1,1,69452,1,1,1,0
2,5,1,2,5,1,2,2,4,1,1,2,1,1,1,26472,2,2,1,0
2,7,1,2,5,9,4,2,1,1,1,2,1,1,1,85671,1,1,1,0
2,2,1,1,8,1,2,2,3,1,1,7,3,1,2,5730,2,2,2,0
2,2,1,1,1,2,7,2,3,1,1,1,1,1,2,13524,2,2,2,0
2,2,1,1,1,1,2,3,3,1,1,2,3,1,2,8610,2,2,2,0
2,7,1,1,1,3,7,2,3,1,1,2,1,1,1,36720,1,1,1,0
2,4,1,2,3,5,2,1,2,1,1,4,1,1,3,80100,1,3,2,0
2,4,1,1,1,4,7,2,2,1,1,3,1,1,3,87500,1,3,2,0
2,20,1,3,5,1,1,1,4,1,1,8,1,1,1,18792,3,2,2,0
2,11,1,7,1,1,4,2,3,1,1,8,1,1,1,44064,1,1,1,0
2,12,1,1,1,4,7,2,3,1,1,1,6,1,3,88573,1,1,1,0
1,8,1,1,3,3,2,2,3,1,1,2,1,1,1,23496,1,1,1,0
2,7,2,2,1,2,7,2,2,1,1,3,1,2,1,62418,1,1,1,0
2,17,1,1,1,9,7,2,3,1,1,3,1,1,1,26436,1,1,3,0
2,2,3,1,1,9,7,2,2,1,1,2,3,1,2,13619,2,2,2,0
2,1,1,5,1,6,3,2,3,1,1,3,1,1,1,180575,1,1,1,0
2,15,1,1,1,1,1,1,2,1,1,2,1,1,2,105324,1,1,2,0
2,8,1,2,1,2,1,1,3,1,1,2,1,1,1,42836,1,1,1,0
1,1,1,1,1,5,11,2,2,2,1,1,1,1,1,125014,1,1,1,0
2,10,1,1,1,4,7,2,2,1,1,4,4,1,4,79973,1,1,1,0
2,7,1,2,1,1,8,2,2,1,1,1,1,1,1,61194,1,1,1,0
2,1,1,7,1,8,8,2,2,1,1,3,1,1,1,125014,1,1,1,0
2,4,1,1,1,1,7,1,3,1,1,8,1,1,3,130000,1,3,2,0
2,10,1,1,1,1,3,1,1,2,1,3,6,1,4,95968,1,1,1,0
2,11,1,3,1,1,3,2,3,1,1,4,1,2,1,73428,1,1,1,0
2,6,1,1,1,3,7,3,3,1,1,1,1,1,1,14856,2,2,2,0
2,1,1,1,9,12,5,2,4,1,1,1,1,1,1,20836,1,1,1,0
2,4,3,1,1,1,7,3,2,1,3,6,1,1,3,125000,1,3,2,0
1,2,1,2,1,1,2,2,2,1,1,1,3,2,2,90168,2,2,2,0
2,4,1,3,1,1,7,2,4,1,1,4,1,1,3,75000,1,3,2,0
1,2,1,3,3,3,7,1,3,1,1,1,3,2,2,10175,2,2,2,0
2,4,1,1,4,3,2,2,4,2,1,4,1,1,3,90000,1,3,2,0
2,4,1,1,1,1,11,2,2,1,1,3,1,2,3,150000,1,3,2,0
1,4,1,3,2,6,7,1,3,2,2,4,1,1,3,100000,1,3,2,0
2,13,1,2,6,8,2,2,2,2,1,8,1,1,1,55075,1,1,1,0
2,4,1,1,1,1,7,3,1,1,1,1,1,1,3,1296000,1,3,2,0
2,14,1,1,8,15,7,2,2,1,1,8,1,1,5,18720,3,2,2,0
2,7,1,2,3,2,7,2,3,1,1,2,1,2,1,68537,1,1,1,0
2,4,1,2,1,1,1,2,4,2,2,5,1,1,3,192000,1,3,2,0
2,7,1,3,2,1,7,2,3,1,1,2,1,2,1,73433,1,1,1,0
2,4,1,3,1,1,7,2,3,1,1,2,1,1,3,57400,1,3,2,0
2,10,1,1,3,13,5,1,4,1,1,1,1,1,4,35717,1,1,1,0
2,2,1,2,1,2,2,2,1,1,1,1,6,1,2,7428,2,2,2,0
2,14,3,2,1,8,7,3,3,1,1,1,1,2,5,43668,3,2,2,0
2,13,1,1,1,1,3,2,3,2,1,7,2,1,1,40388,1,1,1,0
2,11,1,2,1,1,1,2,3,1,1,1,1,1,1,47731,1,1,1,0
2,1,1,1,1,1,4,2,4,1,1,1,1,1,1,59034,1,1,1,0
2,12,1,1,1,1,1,2,4,1,1,6,2,2,3,80521,1,1,1,0
2,2,1,1,1,1,2,2,3,1,1,2,3,1,2,15654,2,2,2,0
2,4,3,1,1,14,7,2,3,1,1,3,1,1,3,82500,1,3,2,0
2,3,1,1,1,1,1,3,3,1,1,1,4,1,1,83844,1,1,3,0
2,2,1,2,1,1,5,2,1,1,1,7,3,2,2,4884,2,2,2,0
2,4,1,1,4,1,1,2,4,1,1,1,1,1,3,110000,1,3,2,0
2,2,1,1,1,3,7,3,3,1,1,8,3,1,2,31309,2,2,2,0
2,17,1,2,4,14,2,2,4,1,1,3,1,1,1,39648,1,1,3,0
2,11,1,1,1,13,1,2,2,1,1,1,1,1,1,469968,1,1,1,0
2,12,1,1,1,1,8,2,3,1,1,8,1,2,3,80521,1,1,1,0
2,4,1,1,1,4,3,2,1,2,1,5,6,2,3,130000,1,3,2,0
2,2,1,1,1,1,7,2,1,1,1,8,3,1,2,6262,2,2,2,0
2,4,1,2,8,14,7,2,3,1,1,8,1,2,3,70000,1,3,2,0
2,10,1,2,1,1,4,1,2,1,1,1,1,1,4,143952,1,1,1,0
2,7,1,2,1,1,3,1,2,1,1,5,1,1,1,26436,1,1,1,0
2,4,1,1,1,1,3,1,1,1,1,4,1,2,3,130,1,3,2,0
2,9,1,2,1,1,7,1,3,2,1,1,1,1,2,34439,2,2,2,0
2,4,1,1,1,1,3,2,2,1,1,1,1,1,3,88000,1,3,2,0
2,5,1,3,1,1,11,2,2,1,1,3,1,2,1,54696,2,2,1,0
1,4,1,2,1,1,1,2,4,1,1,1,1,1,3,81000,1,3,2,0
2,4,1,1,1,1,1,1,1,1,1,4,1,2,3,126000,1,3,2,0
2,4,1,1,1,1,1,2,3,1,1,1,1,1,3,63000,1,3,2,0
2,10,1,1,1,1,2,1,3,1,1,3,1,1,4,71976,1,1,1,0
2,1,1,3,11,1,3,3,3,1,1,9,1,1,1,44449,1,1,1,0
2,2,1,2,1,1,7,2,3,1,1,1,4,1,2,9012,2,2,2,0
2,1,1,7,7,1,4,2,3,1,2,1,1,1,1,55562,1,1,1,0
1,4,1,7,5,8,1,1,4,1,1,3,1,1,3,80000,1,3,2,0
1,11,1,1,1,1,1,1,4,1,1,2,1,1,1,23760,1,1,1,0
2,12,1,1,1,1,9,1,2,1,1,3,1,1,3,62807,1,1,1,0
2,4,1,1,8,3,1,2,2,1,1,1,1,2,3,115000,1,3,2,0
2,4,1,1,1,3,3,1,2,1,1,3,1,1,3,154500,1,3,2,0
1,1,2,1,7,4,1,1,1,1,1,7,1,1,1,44449,1,1,1,0
2,4,1,2,1,8,7,1,2,1,1,1,2,1,3,165000,1,3,2,0
2,1,1,1,1,1,7,2,3,1,1,1,1,2,1,76397,1,1,1,0
2,20,1,2,6,1,7,1,3,1,1,1,1,1,1,44400,3,2,2,0
2,16,3,2,1,1,3,2,2,1,1,2,6,1,1,88116,1,1,3,0
2,1,1,3,8,4,4,2,2,1,1,1,1,1,1,34726,1,1,1,0
2,18,1,7,7,1,3,1,2,1,1,3,1,2,1,156404,1,1,3,0
1,2,1,1,1,1,2,1,3,1,1,3,1,1,2,59487,2,2,2,0
2,4,1,1,7,1,5,2,1,1,1,5,1,1,3,65000,1,3,2,0
2,4,1,1,1,1,3,1,4,1,1,3,1,1,3,130000,1,3,2,0
2,11,1,2,1,1,1,2,3,1,1,1,1,1,1,36720,1,1,1,0
1,4,1,4,12,1,3,1,4,1,1,9,4,2,3,85000,1,3,2,0
2,2,2,1,1,4,2,2,1,1,1,4,1,1,2,3757,2,2,2,0
1,4,1,2,1,1,3,1,3,1,1,3,6,2,3,140000,1,3,2,0
1,1,1,1,1,4,7,2,3,1,1,1,1,2,1,48894,1,1,1,0
2,10,1,3,1,4,3,2,4,1,1,2,2,1,4,27991,1,1,1,0
2,2,1,1,1,1,5,2,2,1,1,1,3,2,2,10140,2,2,2,0
2,16,1,1,1,1,7,2,4,1,1,9,3,2,1,73433,1,1,3,0
2,4,1,2,1,9,4,2,3,1,1,1,1,1,3,90000,1,3,2,0
1,2,1,1,1,4,7,2,1,1,1,7,3,2,2,6672,2,2,2,0
2,4,1,1,5,1,1,2,1,1,1,6,1,1,3,90405,1,3,2,0
2,4,1,4,1,1,7,2,3,1,2,6,1,1,3,75000,1,3,2,0
1,8,1,1,1,1,1,2,2,1,1,3,1,1,1,44064,1,1,1,0
1,4,1,3,12,3,3,2,3,1,1,6,1,1,3,88000,1,3,2,0
2,2,1,1,1,3,1,1,4,1,1,2,3,2,2,16152,2,2,2,0
2,12,1,1,1,10,1,1,2,1,1,3,3,1,3,52339,1,1,1,0
2,1,1,5,1,1,2,2,3,1,1,3,1,1,1,27781,1,1,1,0
2,2,1,1,8,2,1,2,1,1,1,7,1,1,2,15654,2,2,2,0
2,13,3,1,1,3,7,1,3,1,3,2,2,1,1,24478,1,1,1,0
1,6,1,1,6,14,5,2,2,2,1,1,1,1,1,21228,2,2,2,0
2,4,1,1,1,1,7,1,4,1,1,3,1,2,3,80000,1,3,2,0
2,2,1,1,3,1,7,1,3,1,1,1,3,1,2,6576,2,2,2,0
2,4,3,3,1,18,2,1,3,1,1,1,1,1,3,36000,1,3,2,0
1,4,1,1,1,1,7,1,4,1,1,8,1,2,3,147000,1,3,2,0
2,4,1,1,1,1,7,1,3,1,1,1,3,1,3,75000,1,3,2,0
1,4,1,1,4,4,5,1,4,1,1,4,1,1,3,50000,1,3,2,0
2,7,2,2,1,1,4,3,2,2,3,2,1,1,1,58752,1,1,1,0
2,12,1,1,8,1,11,2,4,1,1,2,1,1,3,56365,1,1,1,0
2,7,1,2,1,1,3,2,2,1,2,4,1,1,1,70985,1,1,1,0
2,1,1,1,1,1,1,1,1,1,1,4,1,2,1,62507,1,1,1,0
2,4,1,2,6,10,11,1,1,1,1,3,1,2,3,165000,1,3,2,0
2,4,1,1,1,1,7,2,4,1,1,1,1,1,3,105000,1,3,2,0
2,16,1,1,3,7,7,1,2,1,1,1,1,1,1,32310,1,1,3,0
1,6,1,2,1,9,7,3,2,1,1,3,1,1,1,7428,2,2,2,0
2,4,1,1,3,3,2,1,2,1,1,1,7,1,3,85000,1,3,2,0
2,16,1,1,1,1,1,2,3,1,1,1,4,1,1,73433,1,1,3,0
2,7,1,2,7,1,3,2,2,1,1,4,7,2,1,88119,1,1,1,0
2,7,1,1,1,1,1,2,2,1,1,2,1,1,1,61680,1,1,1,0
2,4,1,1,1,13,7,2,4,1,1,6,2,1,3,66700,1,3,2,0
1,4,1,1,1,1,1,1,2,1,1,8,1,1,3,75000,1,3,2,0
2,6,2,6,1,1,4,2,3,1,1,1,1,1,1,33972,2,2,2,0
2,2,2,1,1,2,2,2,3,1,1,1,3,1,2,3756,2,2,2,0
2,2,1,2,1,1,2,2,2,1,1,3,1,1,2,6204,2,2,2,0
1,4,1,1,1,1,7,1,2,1,1,3,1,2,3,130000,1,3,2,0
2,7,1,2,5,9,3,2,2,1,1,5,1,2,1,66089,1,1,1,0
2,1,1,1,1,3,7,1,4,1,3,5,1,1,1,90288,1,1,1,0
2,12,1,4,1,3,7,2,3,1,3,6,1,1,3,60391,1,1,1,0
2,2,1,1,1,1,7,3,2,1,2,1,2,1,2,28178,2,2,2,0
2,4,1,1,1,1,7,2,4,1,1,3,1,1,3,72000,1,3,2,0
2,7,3,1,1,1,4,2,3,1,1,3,1,1,1,33780,1,1,1,0
2,13,1,2,1,1,2,2,4,1,1,7,1,1,1,29373,1,1,1,0
2,7,1,3,1,1,3,2,4,1,1,1,1,1,1,75880,1,1,1,0
2,6,1,2,8,1,11,2,3,1,1,3,1,2,1,50000,2,2,2,0
1,1,1,1,9,6,7,1,2,2,1,4,1,1,1,44449,1,1,1,0
2,6,1,1,6,4,11,3,1,1,1,2,1,2,1,42456,2,2,2,0
2,18,2,3,1,1,3,2,2,1,1,1,1,1,1,24396,1,1,3,0
2,10,1,3,1,1,8,2,4,1,1,3,1,1,4,95968,1,1,1,0
2,1,1,3,11,1,3,2,1,1,1,8,1,1,1,566724,1,1,1,0
2,7,1,5,1,1,7,2,2,1,4,1,1,1,1,36720,1,1,1,0
2,7,1,1,1,1,7,2,3,1,1,1,1,1,1,79552,1,1,1,0
2,3,1,2,1,1,1,3,2,1,1,3,1,1,1,67368,1,1,3,0
1,2,1,1,1,1,3,1,4,1,1,3,3,1,2,39136,2,2,2,0
2,12,2,1,8,2,2,1,4,1,1,1,5,1,3,53144,1,1,1,0
2,17,1,1,1,1,7,2,3,1,1,1,1,1,1,46992,1,1,3,0
1,7,1,7,7,1,11,2,3,1,1,2,1,1,1,63636,1,1,1,0
2,19,1,1,1,1,11,2,3,1,2,3,1,1,1,70500,1,1,3,0
2,4,1,1,1,1,2,2,1,1,1,3,1,2,3,48000,1,3,2,0
1,4,1,1,9,6,2,2,3,2,1,1,1,1,3,115000,1,3,2,0
2,4,2,1,1,14,1,1,1,1,1,1,1,1,3,25000,1,3,2,0
1,16,1,1,1,6,2,1,4,2,1,1,1,1,1,28788,1,1,3,0
2,14,1,2,1,1,1,2,3,1,1,2,1,1,5,4860,3,2,2,0
2,7,1,4,1,3,1,2,3,1,1,2,1,2,1,48955,1,1,1,0
2,8,3,3,1,1,7,2,3,1,3,2,1,1,1,19092,1,1,1,0
2,7,2,1,1,4,2,2,2,1,1,2,1,1,1,602148,1,1,1,0
2,7,1,2,1,1,7,2,2,1,1,3,1,2,1,40392,1,1,1,0
2,1,1,3,7,2,11,1,4,1,1,1,1,1,1,97233,1,1,1,0
2,4,2,4,1,1,1,3,3,1,1,1,1,2,3,94000,1,3,2,0
2,6,1,1,1,1,1,2,2,1,1,3,1,1,1,30576,2,2,2,0
1,4,1,2,7,1,1,2,1,1,1,3,1,2,3,345000,1,3,2,0
2,4,2,2,1,3,2,2,1,1,1,1,3,2,3,84000,1,3,2,0
2,4,1,1,1,1,3,2,2,1,1,1,1,1,3,135000,1,3,2,0
2,1,1,7,5,1,11,2,1,1,1,1,1,1,1,59729,1,1,1,0
1,4,1,2,1,4,4,2,1,1,1,1,3,2,3,100000,1,3,2,0
2,4,1,1,12,7,11,2,2,1,1,8,1,2,3,500000,1,3,2,0
2,14,1,5,1,18,2,3,3,1,1,9,1,1,5,5244,3,2,2,0
2,11,1,1,1,1,1,1,3,1,1,1,1,1,1,40388,1,1,1,0
2,4,1,3,4,15,3,2,3,1,1,2,1,2,3,150000,1,3,2,0
1,10,1,1,3,1,4,1,4,1,3,2,1,1,4,59980,1,1,1,0
1,7,1,3,1,1,3,2,3,1,1,3,1,1,1,55075,1,1,1,0
2,2,1,1,3,1,2,3,3,1,1,7,3,2,2,4596,2,2,2,0
2,4,1,2,3,1,7,1,2,1,1,4,1,2,3,72000,1,3,2,0
1,11,1,2,1,1,1,2,2,1,1,3,1,1,1,97910,1,1,1,0
2,11,1,2,1,1,4,1,2,1,1,4,1,2,1,44064,1,1,1,0
1,4,1,1,1,6,5,3,2,2,1,1,3,1,3,50000,1,3,2,0
2,4,3,1,1,2,7,2,3,1,1,1,3,1,3,120000,1,3,2,0
2,7,1,1,8,1,4,2,3,1,1,2,1,2,1,67803,1,1,1,0
2,10,2,1,1,2,7,1,3,1,1,2,6,1,4,55981,1,1,1,0
1,4,1,1,1,11,2,3,2,1,1,3,1,1,3,74000,1,3,2,0
2,12,1,1,1,1,1,2,4,1,1,1,1,1,3,47508,1,1,1,0
2,4,1,1,2,1,2,1,3,1,1,5,1,1,3,80000,1,3,2,0
2,20,1,1,6,4,1,2,3,1,1,1,1,1,1,30000,3,2,2,0
2,2,1,2,1,4,2,3,3,1,1,3,1,1,2,0,2,2,2,0
2,4,1,1,8,4,7,2,3,1,1,1,1,1,3,50000,1,3,2,0
2,2,1,1,8,2,2,1,3,1,4,1,1,1,2,8076,2,2,2,0
2,4,1,1,1,15,4,2,1,2,1,3,1,2,3,130000,1,3,2,0
2,1,1,2,7,15,7,1,3,1,1,8,1,1,1,52783,1,1,1,0
2,5,1,2,3,7,7,2,1,1,1,2,1,1,1,26472,2,2,1,0
2,2,1,1,8,1,7,1,2,1,1,2,3,2,2,31309,2,2,2,0
2,4,1,1,9,3,2,2,3,1,1,1,1,1,3,56000,1,3,2,0
2,4,1,1,1,4,2,2,2,1,1,2,1,2,3,55000,1,3,2,0
2,6,1,5,1,4,1,3,3,1,2,6,1,1,1,14640,2,2,2,0
2,4,1,3,6,1,2,4,1,1,1,3,1,1,3,120000,1,3,2,1
1,6,1,1,1,1,1,1,4,1,1,6,1,2,1,12732,2,2,2,0
2,4,1,1,1,9,2,2,3,1,1,6,1,2,3,56500,1,3,2,0
2,13,1,1,12,1,2,2,3,1,1,8,1,2,1,22030,1,1,1,0
2,12,1,1,2,1,7,2,1,1,1,3,1,1,3,60391,1,1,1,0
1,7,1,3,1,1,3,2,3,1,1,3,3,1,1,73433,1,1,1,0
2,11,1,1,8,1,1,2,2,1,1,1,1,1,1,51403,1,1,1,0
1,4,1,1,1,3,3,1,2,1,1,1,1,2,3,100013,1,3,2,0
2,4,1,2,1,1,7,2,4,1,1,6,1,1,3,86700,1,3,2,0
1,4,1,4,1,4,3,1,2,1,1,7,1,1,3,97000,1,3,2,0
2,4,1,1,9,1,3,1,4,1,1,8,1,2,3,180000,1,3,2,0
2,7,1,5,1,4,7,1,3,1,1,3,1,1,1,48468,1,1,1,0
2,1,1,1,1,1,4,2,2,1,1,2,1,1,1,83342,1,1,1,0
2,4,1,1,8,1,4,2,2,1,1,5,1,1,3,110000,1,3,2,0
2,2,1,2,1,1,2,2,4,1,1,1,5,1,2,11741,2,2,2,0
1,14,1,2,7,8,1,2,3,1,1,3,1,1,5,37428,3,2,2,0
2,4,1,1,8,1,8,2,1,1,1,1,1,2,3,185000,1,3,2,0
2,19,1,2,1,1,4,2,2,1,1,7,2,1,1,61194,1,1,3,0
2,10,3,3,1,1,3,3,3,1,2,1,1,1,4,52782,1,1,1,0
2,4,1,1,1,1,2,1,4,1,1,5,5,1,3,77254,1,3,2,0
2,2,1,1,1,1,7,2,2,1,1,1,3,1,2,28176,2,2,2,0
2,1,3,7,7,1,3,1,1,1,2,1,1,1,1,50005,1,1,1,0
2,1,3,3,8,3,2,2,2,1,1,1,1,1,1,25003,1,1,1,0
2,7,1,1,8,1,7,2,2,1,1,8,1,1,1,76737,1,1,1,0
2,12,1,2,5,8,7,2,2,2,1,4,1,1,3,72469,1,1,1,0
2,2,1,2,1,1,7,2,3,1,1,3,4,1,2,8076,2,2,2,0
2,4,1,1,1,11,7,2,3,1,1,8,1,1,3,65000,1,3,2,0
1,4,1,3,1,1,1,2,2,1,1,3,1,1,3,130000,1,3,2,0
2,8,1,1,1,1,1,2,2,1,1,2,1,1,1,17628,1,1,1,0
1,8,2,2,1,1,3,1,3,1,1,2,1,2,1,572772,1,1,1,0
2,2,2,2,12,1,2,1,2,1,1,1,3,2,2,7512,2,2,2,0
2,1,2,1,1,1,2,2,3,1,1,1,1,1,1,47000,1,1,1,0
2,10,1,3,8,1,7,2,4,1,1,1,6,1,4,44785,1,1,1,0
1,2,1,1,3,3,2,2,2,1,1,3,3,1,2,19536,2,2,2,0
2,2,1,1,1,2,1,2,1,1,1,1,1,1,2,20351,2,2,2,0
2,18,1,1,1,1,4,2,2,1,1,1,1,1,1,81330,1,1,3,0
1,4,1,1,1,7,1,2,2,1,1,8,1,1,3,84000,1,3,2,0
1,2,2,1,1,1,2,1,4,1,1,7,3,2,2,3000,2,2,2,0
2,1,1,1,1,3,7,3,3,1,1,8,1,2,1,77786,1,1,1,0
2,4,1,1,1,1,7,1,1,1,1,3,2,2,3,175000,1,3,2,0
2,4,1,3,1,4,2,3,2,1,1,6,2,1,3,55000,1,3,2,0
1,4,1,2,7,4,5,2,4,1,1,3,1,1,3,750000,1,3,2,0
2,1,1,1,1,1,3,2,3,1,1,8,1,1,1,69452,1,1,1,0
2,4,1,2,6,3,4,2,2,1,1,3,1,1,3,140000,1,3,2,0
1,2,1,2,8,4,2,2,4,1,1,1,1,2,2,8610,2,2,2,0
2,7,1,2,1,5,7,2,2,2,1,1,1,1,1,49932,1,1,1,0
1,1,1,1,1,1,4,1,4,1,1,2,1,1,1,69452,1,1,1,0
2,4,1,1,1,1,7,2,3,1,1,1,1,2,3,82000,1,3,2,0
1,14,1,1,1,1,3,1,2,1,1,1,2,2,5,16620,3,2,2,0
2,2,1,1,8,1,7,1,3,1,1,1,3,1,2,114588,2,2,2,0
1,12,1,6,1,1,3,1,2,1,1,2,1,1,3,69248,1,1,1,0
2,16,2,2,1,1,1,1,2,1,1,8,1,2,1,73433,1,1,3,0
2,4,1,1,1,15,6,2,3,1,1,3,1,1,3,185000,1,3,2,0
2,1,1,1,1,1,7,2,2,1,1,5,1,1,1,36115,1,1,1,0
2,1,1,2,5,8,2,2,2,1,1,8,1,1,1,43755,1,1,1,0
1,19,1,5,1,4,3,1,1,1,1,3,1,1,1,33780,1,1,3,0
1,4,1,1,1,1,2,1,3,1,1,7,1,2,3,65000,1,3,2,0
2,4,1,1,1,15,3,2,3,1,1,1,1,1,3,100000,1,3,2,0
2,4,1,1,1,1,6,2,4,1,1,6,1,1,3,160000,1,3,2,0
2,12,1,1,1,1,2,2,4,2,1,6,6,1,3,44287,1,1,1,0
2,3,1,2,7,1,3,2,2,1,1,2,1,1,1,56892,1,1,3,0
2,19,1,3,1,2,3,2,3,1,3,3,1,1,1,53116,1,1,3,0
1,8,1,2,3,7,3,2,3,1,1,3,1,1,1,39776,1,1,1,0
1,4,1,2,7,1,4,1,2,1,1,4,1,2,3,60000,1,3,2,0
1,12,1,1,1,1,1,1,2,1,1,1,2,1,3,1000000,1,1,1,0
2,4,1,1,1,1,1,2,2,1,1,3,1,1,3,80000,1,3,2,0
2,2,2,2,1,1,7,2,2,1,1,7,3,1,2,14089,2,2,2,0
2,14,1,2,1,1,7,2,2,1,1,1,1,1,5,28824,3,2,2,0
2,18,1,1,1,4,4,2,2,1,1,2,1,2,1,125123,1,1,3,0
2,4,1,2,1,1,2,2,4,1,1,3,3,2,3,89000,1,3,2,0
1,10,1,1,8,1,2,1,3,1,1,3,7,1,4,55981,1,1,1,0
2,6,1,1,5,2,3,2,2,1,1,4,1,2,1,27600,2,2,2,0
1,4,1,1,1,4,11,1,4,1,1,3,1,2,3,130000,1,3,2,0
2,13,1,1,3,1,3,2,3,1,1,1,1,2,1,660900,1,1,1,0
2,8,2,1,5,9,4,2,3,1,1,3,1,1,1,20806,1,1,1,0
2,6,1,1,6,2,5,1,2,1,1,1,1,2,1,21228,2,2,2,0
2,2,1,1,1,1,7,1,3,1,1,9,1,1,2,14089,2,2,2,0
1,4,1,1,1,4,2,2,4,1,1,2,1,1,3,117000,1,3,2,0
1,2,1,2,1,1,2,1,3,1,1,2,3,1,2,7358,2,2,2,0
2,4,1,2,3,1,1,1,4,1,1,1,1,1,3,5150,1,3,2,0
2,3,1,3,11,1,1,1,3,1,1,3,1,1,1,57939,1,1,3,0
2,12,1,1,5,1,3,2,2,1,1,1,1,1,3,100652,1,1,1,0
2,8,1,1,1,1,1,2,4,1,1,1,1,1,1,25701,1,1,1,0
2,4,1,2,8,14,2,1,2,1,1,3,3,1,3,75000,1,3,2,0
2,4,1,1,1,14,1,3,2,1,1,3,1,1,3,74000,1,3,2,0
2,5,1,2,2,1,5,3,2,2,3,3,1,1,1,15876,2,2,1,0
2,5,3,3,3,1,2,2,3,1,1,3,1,1,1,37056,2,2,1,0
1,14,3,3,5,1,1,3,3,1,1,8,2,1,5,26825,3,2,2,0
2,16,1,2,1,1,7,3,2,1,1,2,1,1,1,73428,1,1,3,0
2,13,1,6,3,4,7,2,1,1,1,5,1,1,1,63642,1,1,1,0
2,11,1,2,1,1,7,1,3,1,1,1,4,1,1,47731,1,1,1,0
2,2,1,1,3,1,5,1,2,1,1,1,6,1,2,4321,2,2,2,0
2,2,1,1,1,3,7,2,3,1,1,1,2,2,2,13152,2,2,2,0
2,11,1,5,1,9,4,2,4,1,1,2,3,1,1,51403,1,1,1,0
2,4,1,3,1,1,2,2,3,1,1,6,1,2,3,100000,1,3,2,0
2,1,1,2,1,1,7,2,2,1,1,3,1,1,1,180000,1,1,1,0
2,4,1,3,11,1,7,1,3,1,1,4,1,1,3,100000,1,3,2,0
2,4,1,3,1,1,11,3,2,1,1,3,1,1,3,55000,1,3,2,0
2,2,1,1,1,3,1,3,1,1,1,3,3,1,2,13152,2,2,2,0
2,4,1,2,1,9,6,3,3,1,1,2,3,1,3,90000,1,3,2,0
2,7,1,2,1,1,1,1,2,1,1,3,1,1,1,56298,1,1,1,0
2,4,1,1,3,1,3,1,3,1,1,7,3,1,3,135000,1,3,2,0
1,1,1,2,1,1,7,2,4,1,1,8,1,1,1,69452,1,1,1,0
2,1,1,1,1,15,3,1,1,1,1,6,1,1,1,61118,1,1,1,0
2,1,1,2,5,9,3,2,2,1,3,1,1,1,1,33337,1,1,1,0
2,4,1,1,1,2,1,3,2,1,1,3,1,1,3,62000,1,3,2,0
2,4,1,1,1,1,2,1,3,2,3,3,4,1,3,75000,1,3,2,0
2,2,1,2,1,3,7,1,3,1,1,3,3,2,2,32874,2,2,2,0
2,4,1,1,3,1,2,2,4,2,1,8,3,1,3,62000,1,3,2,0
2,2,1,1,1,1,1,2,2,1,1,1,3,1,2,29743,2,2,2,0
2,13,1,2,1,14,7,1,3,1,1,3,1,1,1,20556,1,1,1,0
2,13,3,3,1,1,3,2,2,2,1,8,2,1,1,20194,1,1,1,0
2,6,1,2,1,9,2,2,1,1,1,8,1,1,1,21228,2,2,2,0
1,6,1,4,8,6,1,2,1,1,1,1,1,1,1,40332,2,2,2,0
2,4,1,1,2,6,7,2,4,2,1,3,1,1,3,72000,1,3,2,0
1,4,1,1,1,1,7,2,4,1,1,1,1,1,3,777600,1,3,2,0
1,6,1,1,1,14,4,3,2,1,1,8,1,1,1,12732,2,2,2,0
2,4,1,1,1,1,3,2,3,1,1,3,1,2,3,136000,1,3,2,0
1,10,1,1,8,1,2,1,2,1,1,1,1,2,4,61580,1,1,1,0
2,4,1,2,12,1,3,1,4,1,1,4,1,2,3,38208,1,3,2,0
2,4,1,3,1,1,4,2,1,1,1,3,1,2,3,68000,1,3,2,0
2,5,1,2,1,1,4,2,2,1,1,3,1,1,1,33876,2,2,1,0
2,6,1,2,1,1,3,1,2,1,1,9,5,2,1,63684,2,2,2,0
2,10,1,1,8,1,1,2,4,1,1,2,1,1,4,67178,1,1,1,0
2,2,1,1,1,4,2,1,1,1,1,1,3,1,2,9393,2,2,2,0
2,4,1,1,8,6,2,1,2,1,1,2,1,2,3,92000,1,3,2,0
2,4,1,1,3,5,7,1,1,1,1,3,1,1,3,106000,1,3,2,0
1,1,1,1,1,1,1,2,3,1,1,2,1,1,1,41671,1,1,1,0
2,4,1,1,4,1,2,2,4,1,1,5,1,1,3,135000,1,3,2,0
2,2,1,1,3,1,2,2,3,1,1,1,1,1,2,5640,2,2,2,0
2,4,2,2,1,4,2,2,1,1,1,1,6,2,3,1020000,1,3,2,0
2,13,1,1,12,1,7,3,2,1,1,2,1,2,1,29373,1,1,1,0
1,4,1,1,1,1,7,1,4,1,1,8,1,2,3,2000000,1,3,2,0
2,4,1,1,1,1,7,2,4,1,1,8,1,1,3,80000,1,3,2,0
2,10,2,3,8,1,5,2,4,1,1,7,1,1,4,431856,1,1,1,0
2,4,1,1,2,1,2,2,3,1,1,6,1,2,3,75000,1,3,2,0
2,10,1,1,1,14,1,3,2,1,1,4,1,1,4,87971,1,1,1,0
2,4,1,1,1,1,3,3,1,1,1,5,1,2,3,140000,1,3,2,0
1,1,1,1,1,3,7,3,4,1,1,6,6,1,1,41671,1,1,1,0
2,4,1,1,1,1,1,1,4,1,1,1,1,1,3,125000,1,3,2,0
2,4,1,1,1,13,4,1,3,1,2,8,6,1,3,40000,1,3,2,0
2,5,1,2,5,1,3,2,3,1,1,3,1,2,1,30000,2,2,1,0
2,17,1,1,1,1,7,2,1,1,1,4,1,1,1,34512,1,1,3,0
2,1,1,1,1,13,1,2,2,1,1,2,3,2,1,94455,1,1,1,0
2,4,2,1,1,1,3,1,2,1,1,1,2,1,3,145000,1,3,2,0
2,17,1,2,1,1,4,2,2,1,1,1,1,1,1,44064,1,1,3,0
2,5,1,3,7,8,3,2,1,1,3,1,1,1,1,63516,2,2,1,0
2,7,2,2,1,13,2,2,4,1,1,2,1,1,1,46992,1,1,1,0
2,6,2,2,1,1,1,3,4,1,1,1,1,1,1,39060,2,2,2,0
2,4,1,1,1,1,3,2,2,1,1,3,3,1,3,160000,1,3,2,0
2,4,1,1,6,1,7,2,3,1,1,3,1,2,3,40000,1,3,2,0
2,1,1,5,5,1,11,2,1,1,1,6,1,2,1,791748,1,1,1,0
2,7,2,2,1,1,11,3,1,1,1,4,1,1,1,63642,1,1,1,0
1,7,1,2,1,6,7,2,2,1,1,4,6,1,1,62418,1,1,1,0
2,12,1,1,1,1,1,1,4,1,1,3,1,1,3,64417,1,1,1,0
2,4,1,1,8,12,7,2,3,1,1,1,1,1,3,46000,1,3,2,0
2,2,1,2,1,1,7,2,3,1,2,7,3,2,2,5640,2,2,2,0
2,6,3,2,3,13,5,3,1,1,1,3,1,1,1,6372,2,2,2,0
2,6,3,2,5,1,7,2,3,1,1,3,1,1,1,54000,2,2,2,0
2,8,2,7,3,8,4,2,3,1,1,5,1,1,1,34269,1,1,1,0
2,1,1,3,4,3,4,2,2,2,1,3,1,1,1,34726,1,1,1,0
2,13,1,1,1,1,3,1,3,1,1,8,1,2,1,20806,1,1,1,0
2,7,1,3,2,4,7,1,2,2,2,3,6,1,1,116756,1,1,1,0
2,10,1,1,8,1,7,1,1,1,1,2,1,1,4,135955,1,1,1,0
2,4,1,1,1,1,3,1,2,1,1,3,1,1,3,120000,1,3,2,0
2,11,1,2,1,1,1,2,4,1,1,3,1,1,1,38675,1,1,1,0
2,4,1,1,8,1,1,2,2,2,1,1,1,1,3,71500,1,3,2,0
1,9,1,1,2,4,2,1,2,1,1,1,4,2,2,30000,2,2,2,0
1,2,1,1,1,9,1,2,2,1,4,1,2,1,2,10332,2,2,2,0
2,4,3,1,1,1,1,2,3,2,1,8,1,2,3,111000,1,3,2,0
2,4,1,1,1,1,4,2,2,1,1,3,1,1,3,155000,1,3,2,0
2,4,3,1,1,3,7,1,1,1,1,3,1,1,3,87000,1,3,2,0
2,4,1,1,1,1,2,2,4,1,1,3,1,1,3,70500,1,3,2,0
1,8,1,2,7,1,7,1,2,1,1,3,1,1,1,264360,1,1,1,0
2,4,1,2,5,1,7,2,1,1,1,3,1,1,3,96000,1,3,2,0
2,17,3,2,1,12,2,1,3,1,1,3,4,1,1,50179,1,1,3,0
2,1,1,2,1,1,3,2,3,1,1,1,1,1,1,65285,1,1,1,0
2,8,1,1,12,1,1,2,4,1,1,2,1,1,1,23988,1,1,1,0
2,4,2,1,4,8,5,1,3,1,1,1,1,1,3,25000,1,3,2,0
2,2,1,1,1,4,2,2,2,1,1,2,5,1,2,12524,2,2,2,0
2,13,1,3,1,1,2,2,3,1,1,2,2,1,1,22030,1,1,1,0
1,12,1,4,8,1,2,3,3,2,1,2,7,1,3,29793,1,1,1,0
2,4,1,1,1,17,1,1,3,1,1,2,2,1,3,85000,1,3,2,0
2,4,2,1,1,1,7,3,3,1,1,2,1,1,3,70000,1,3,2,0
2,2,1,3,8,1,1,2,1,1,1,3,3,1,2,8078,2,2,2,0
2,4,1,3,1,1,3,2,4,1,1,1,1,2,3,65000,1,3,2,0
2,9,1,9,1,1,2,1,2,1,1,3,4,1,2,9540,2,2,2,0
2,4,1,5,1,1,4,1,2,1,2,1,1,1,3,120000,1,3,2,0
2,3,1,2,1,4,6,1,3,1,1,1,1,1,1,101172,1,1,3,0
2,4,1,2,1,1,4,1,3,1,1,6,1,2,3,121000,1,3,2,0
2,4,1,2,1,1,1,4,1,2,1,3,1,1,3,2000000,1,3,2,1
2,8,1,7,7,8,11,2,2,1,1,2,1,1,1,499344,1,1,1,0
2,2,1,1,1,2,2,1,1,1,1,2,3,1,2,5636,2,2,2,0
2,16,1,1,1,1,1,2,3,1,1,8,1,1,1,51408,1,1,3,0
2,4,1,2,1,6,3,3,2,1,1,3,4,1,3,140000,1,3,2,0
2,4,1,1,1,8,1,2,4,1,1,9,4,1,3,75000,1,3,2,0
2,7,1,2,5,1,7,1,2,1,1,7,1,1,1,85671,1,1,1,0
2,4,1,2,1,1,3,2,4,2,1,1,3,1,3,132800,1,3,2,0
2,12,1,3,1,1,1,1,3,1,1,1,1,1,3,88573,1,1,1,0
2,14,1,4,8,1,1,1,3,1,1,1,2,1,5,11232,3,2,2,0
2,7,1,1,9,3,7,2,3,1,2,2,4,1,1,71230,1,1,1,0
2,11,1,2,8,1,2,2,3,1,1,3,3,1,1,36716,1,1,1,0
2,3,1,1,1,1,1,3,4,1,1,2,1,1,1,40428,1,1,3,0
2,7,1,2,1,1,4,2,1,1,1,2,1,1,1,55075,1,1,1,0
2,4,1,1,6,1,2,1,4,1,1,1,1,2,3,99996,1,3,2,0
2,8,3,3,8,1,1,1,2,1,2,7,2,1,1,36716,1,1,1,0
2,6,1,1,3,1,1,4,3,1,1,2,1,2,1,39060,2,2,2,1
1,4,1,1,1,3,7,2,4,2,1,1,1,1,3,110000,1,3,2,0
2,16,1,1,1,1,3,2,1,1,1,1,1,2,1,67313,1,1,3,0
2,7,3,1,1,8,4,2,4,1,1,2,1,1,1,58746,1,1,1,0
2,5,1,2,3,7,4,1,4,1,1,3,1,1,1,38229,2,2,1,0
2,1,1,1,1,9,3,2,3,1,1,1,1,1,1,66674,1,1,1,0
2,7,1,5,3,1,4,3,3,1,4,2,1,1,1,55075,1,1,1,0
2,2,3,1,1,1,5,2,3,1,1,3,1,2,2,2256,2,2,2,0
2,14,1,1,1,14,1,3,3,1,1,1,2,1,5,9360,3,2,2,0
2,4,1,2,6,14,5,2,3,1,1,5,1,1,3,2000000,1,3,2,0
2,6,1,2,4,3,2,2,3,1,1,1,2,1,1,42456,2,2,2,0
2,4,1,1,1,1,3,1,4,1,2,4,1,1,3,165000,1,3,2,0
2,4,1,1,1,9,3,2,3,1,1,6,1,1,3,67000,1,3,2,0
2,2,1,1,1,1,7,2,2,1,1,1,3,1,2,34440,2,2,2,0
2,4,1,3,1,1,2,3,3,1,1,3,1,1,3,70000,1,3,2,0
2,4,1,1,1,1,2,1,4,1,1,3,5,1,3,62500,1,3,2,0
2,6,1,2,2,2,2,1,3,1,1,3,1,1,1,15924,2,2,2,0
2,4,1,3,1,4,1,2,4,1,1,4,1,1,3,115000,1,3,2,0
2,2,1,2,1,1,7,2,3,1,1,3,3,2,2,14652,2,2,2,0
1,2,1,1,1,2,2,2,2,1,1,1,3,1,2,12524,2,2,2,0
2,2,1,1,1,2,7,2,1,1,1,1,3,1,2,7984,2,2,2,0
1,4,1,1,1,1,7,1,4,1,1,3,4,1,3,115000,1,3,2,0
2,1,1,7,3,1,7,2,3,1,1,8,5,2,1,48616,1,1,1,0
2,7,1,2,3,1,2,3,4,1,1,3,1,1,1,61194,1,1,1,0
1,14,1,2,8,1,3,1,4,1,1,6,1,1,5,21834,3,2,2,0
2,6,1,4,1,1,1,3,3,1,1,1,1,1,1,12732,2,2,2,0
1,7,2,5,1,18,2,1,3,1,1,1,1,1,1,5880,1,1,1,0
2,1,1,4,1,1,11,1,3,1,1,3,1,1,1,72230,1,1,1,0
2,15,1,1,8,1,7,2,3,1,1,9,4,2,2,52668,1,1,2,0
1,4,1,1,1,1,7,1,4,1,1,1,1,1,3,70000,1,3,2,0
1,2,1,1,1,1,1,2,3,1,1,2,5,1,2,15654,2,2,2,0
2,4,1,1,7,14,7,2,1,2,2,3,1,1,3,46000,1,3,2,0
1,4,1,1,8,1,7,2,2,1,1,2,1,2,3,66000,1,3,2,0
2,20,1,1,1,9,7,2,3,2,1,3,3,1,1,30000,3,2,2,0
2,7,1,2,1,14,2,1,2,1,1,7,1,1,1,822444,1,1,1,0
1,12,1,1,1,8,7,1,3,1,1,1,1,1,3,104678,1,1,1,0
2,4,1,1,1,1,1,2,4,1,1,3,1,1,3,120000,1,3,2,0
1,1,1,2,1,1,7,2,3,1,1,4,1,1,1,43060,1,1,1,0
2,4,1,1,3,9,2,2,2,1,1,1,3,1,3,80000,1,3,2,0
1,4,2,2,1,4,10,2,3,1,1,3,3,2,3,103000,1,3,2,0
2,7,1,1,1,1,3,2,3,1,1,2,1,1,1,58752,1,1,1,0
1,13,1,2,3,1,1,3,3,1,1,2,1,1,1,30597,1,1,1,0
2,4,1,2,1,1,7,2,4,1,1,2,1,1,3,82000,1,3,2,0
2,7,3,1,1,1,7,2,4,1,1,3,1,1,1,46992,1,1,1,0
2,4,3,3,1,9,1,2,2,1,1,3,1,1,3,65000,1,3,2,0
2,4,1,1,2,4,7,2,2,1,1,1,1,1,3,120000,1,3,2,0
2,4,1,1,1,1,7,2,2,1,1,1,5,1,3,80000,1,3,2,0
2,4,1,1,1,1,1,1,3,1,1,2,1,1,3,160000,1,3,2,0
2,1,1,2,6,1,7,3,2,1,1,1,1,2,1,83342,1,1,1,0
2,4,1,1,4,1,1,1,2,1,1,1,1,1,3,87000,1,3,2,0
2,4,1,1,1,13,1,3,3,1,1,2,1,1,3,55000,1,3,2,0
2,9,1,8,8,1,7,1,4,1,1,7,1,1,2,12720,2,2,2,0
2,1,1,2,1,1,3,3,3,1,1,3,3,1,1,62507,1,1,1,0
2,14,3,3,1,1,3,2,3,1,1,1,2,2,5,9360,3,2,2,0
2,2,2,2,1,2,7,2,3,1,1,3,2,2,2,112716,2,2,2,0
2,6,1,2,1,1,4,2,2,1,1,3,1,2,1,29724,2,2,2,0
2,4,1,1,1,9,2,1,2,2,2,8,1,1,3,57600,1,3,2,0
2,2,1,2,8,5,7,1,3,1,1,2,1,1,2,46963,2,2,2,0
2,1,1,1,1,1,1,2,2,1,3,2,1,1,1,48955,1,1,1,0
2,6,1,2,1,11,1,2,3,1,1,8,1,1,1,12732,2,2,2,0
2,11,1,2,1,1,3,2,4,1,3,3,1,1,1,536064,1,1,1,0
2,14,1,1,1,1,1,3,3,1,4,1,2,1,5,31812,3,2,2,0
2,4,1,1,3,1,7,2,2,1,1,8,1,1,3,75500,1,3,2,0
2,4,1,1,1,15,2,1,4,2,1,4,4,1,3,100000,1,3,2,0
2,2,3,1,8,13,7,1,2,1,1,1,3,2,2,38588,2,2,2,0
2,2,2,1,1,9,2,1,2,1,1,1,3,1,2,3756,2,2,2,0
1,4,1,1,1,1,1,2,3,1,1,1,1,1,3,91000,1,3,2,0
2,5,2,1,1,17,7,3,3,2,1,2,1,1,1,15876,2,2,1,0
2,14,1,4,12,18,2,2,3,1,1,7,1,2,5,6552,3,2,2,0
1,2,2,1,1,9,7,1,4,1,1,9,3,1,2,13306,2,2,2,0
2,10,1,3,1,3,3,2,3,1,1,2,1,2,4,95968,1,1,1,0
2,8,3,2,1,1,4,3,2,1,1,8,1,1,1,61194,1,1,1,0
2,2,1,1,8,7,2,2,1,1,2,7,3,1,2,7827,2,2,2,0
1,2,2,1,1,4,2,3,4,1,1,1,2,1,2,2820,2,2,2,0
2,4,1,2,8,1,7,3,3,1,1,2,6,1,3,95000,1,3,2,0
2,9,1,1,1,13,7,1,3,1,1,1,1,1,2,15900,2,2,2,0
2,14,1,1,1,2,2,2,3,1,1,1,1,1,5,17964,3,2,2,0
2,6,1,2,8,1,1,2,3,1,1,3,1,1,1,24408,2,2,2,0
2,1,1,1,1,4,2,2,2,1,1,9,1,1,1,31948,1,1,1,0
2,2,2,2,12,1,2,2,3,2,1,1,3,1,2,3756,2,2,2,0
2,7,1,2,5,9,3,3,3,1,1,3,1,1,1,69761,1,1,1,0
2,1,1,2,1,1,1,2,3,1,1,1,1,1,1,88899,1,1,1,0
2,18,2,2,1,1,3,2,2,1,1,2,1,1,1,1000000,1,1,3,0
2,5,1,5,1,3,2,2,3,1,1,2,1,1,1,48522,2,2,1,0
2,2,1,2,1,14,3,3,2,1,1,3,3,2,2,20351,2,2,2,0
2,4,1,2,3,1,7,2,4,1,1,4,1,1,3,1296000,1,3,2,0
2,7,1,3,1,1,7,2,3,1,1,3,1,1,1,49934,1,1,1,0
2,2,1,1,1,15,7,2,2,1,1,1,2,2,2,13306,2,2,2,0
1,4,1,2,1,1,4,2,3,1,1,3,1,2,3,125000,1,3,2,0
2,2,1,1,1,4,2,2,3,1,1,1,3,1,2,7326,2,2,2,0
1,11,1,1,1,4,2,2,3,1,1,2,1,1,1,33780,1,1,1,0
2,4,2,1,6,4,5,2,1,1,1,1,1,1,3,67275,1,3,2,0
1,6,1,2,1,8,7,2,2,2,1,3,1,1,1,24408,2,2,2,0
2,7,1,2,1,1,3,2,2,1,1,3,1,1,1,112572,1,1,1,0
2,7,1,7,7,1,7,1,4,2,1,2,1,1,1,1000000,1,1,1,0
2,13,1,2,5,1,4,1,4,1,1,3,1,2,1,587460,1,1,1,0
2,5,3,2,1,4,2,2,4,1,1,1,1,1,1,27528,2,2,1,0
2,12,1,1,1,4,7,2,3,2,2,3,1,2,3,60391,1,1,1,0
2,10,1,1,1,1,7,2,3,1,1,2,1,1,4,51983,1,1,1,0
2,15,1,1,8,1,2,2,3,2,1,1,4,2,2,15804,1,1,2,0
2,13,1,2,1,1,7,2,4,1,1,3,2,1,1,46507,1,1,1,0
2,4,1,2,1,4,2,2,4,1,1,1,6,1,3,65000,1,3,2,0
2,4,1,3,8,3,1,2,3,1,1,2,1,1,3,135000,1,3,2,0
2,2,1,6,1,1,2,2,4,1,1,7,3,1,2,1893,2,2,2,0
2,6,1,2,3,9,2,3,3,1,1,3,1,1,1,11676,2,2,2,0
2,2,1,2,1,2,1,1,3,1,1,3,3,1,2,2448,2,2,2,0
2,2,1,2,1,1,1,3,3,1,1,2,3,2,2,6829,2,2,2,0
2,7,2,1,1,1,3,1,2,1,1,2,1,1,1,20556,1,1,1,0
2,1,1,1,1,1,7,1,2,1,1,1,1,1,1,58340,1,1,1,0
2,13,1,6,1,1,3,2,3,1,1,7,2,1,1,36716,1,1,1,0
2,4,1,1,3,1,7,1,4,1,1,1,1,1,3,150000,1,3,2,0
2,16,1,1,1,1,7,2,4,1,1,8,1,1,1,44060,1,1,3,0
1,2,1,1,8,1,2,1,1,1,1,7,3,1,2,6888,2,2,2,0
2,4,1,1,1,5,1,2,1,1,1,5,1,1,3,60000,1,3,2,0
2,4,1,1,2,1,2,1,3,1,1,1,3,1,3,97500,1,3,2,0
2,7,1,2,1,4,7,1,2,1,1,3,4,1,1,52627,1,1,1,0
2,2,2,2,1,2,2,1,1,1,1,3,3,1,2,4696,2,2,2,0
2,4,1,1,5,8,2,2,2,1,1,1,1,1,3,30000,1,3,2,0
2,12,1,3,1,1,3,1,3,1,1,3,1,1,3,40261,1,1,1,0
2,15,1,1,1,1,3,1,3,1,1,3,4,2,2,87768,1,1,2,0
2,4,1,1,1,1,4,3,3,1,1,8,1,1,3,120000,1,3,2,0
2,16,1,1,1,1,7,2,3,1,1,7,4,1,1,49932,1,1,3,0
2,2,2,2,12,1,7,2,3,1,1,2,1,1,2,2820,2,2,2,0
2,5,1,2,1,1,3,2,4,1,1,8,1,2,1,38820,2,2,1,0
2,4,1,2,1,1,1,2,3,1,1,3,3,1,3,103000,1,3,2,0
1,2,1,1,8,14,3,2,2,2,1,2,3,2,2,46963,2,2,2,0
2,4,1,1,3,1,7,1,3,1,1,4,2,2,3,90000,1,3,2,0
2,13,1,2,3,1,2,1,1,1,1,3,1,1,1,35492,1,1,1,0
2,11,1,2,1,1,4,3,2,1,1,3,1,1,1,41124,1,1,1,0
2,4,1,1,8,4,2,2,1,1,1,8,1,1,3,51000,1,3,2,0
2,4,1,1,1,14,2,1,2,1,1,1,1,1,3,75000,1,3,2,0
1,2,1,1,1,2,5,2,1,1,2,1,3,2,2,5009,2,2,2,0
2,15,1,1,1,1,7,1,2,1,1,3,4,2,2,105324,1,1,2,0
2,4,1,4,1,1,7,2,4,1,2,3,1,2,3,70000,1,3,2,0
2,2,2,2,12,1,5,3,1,1,1,3,1,1,2,2628,2,2,2,0
2,4,1,2,1,4,7,2,4,1,1,4,3,1,3,92250,1,3,2,0
2,20,1,2,3,3,2,2,3,1,1,2,1,1,1,13440,3,2,2,0
1,15,1,1,3,4,4,2,2,1,1,1,4,2,2,86016,1,1,2,0
2,4,1,1,1,9,1,2,2,1,1,1,1,2,3,95000,1,3,2,0
2,11,1,2,1,1,3,2,3,1,1,2,1,2,1,55075,1,1,1,0
2,4,1,1,1,9,3,2,3,1,1,1,1,1,3,90000,1,3,2,0
2,4,1,7,1,1,4,2,3,1,1,4,1,1,3,100000,1,3,2,0
2,3,1,1,1,1,3,3,3,1,1,1,1,1,1,49904,1,1,3,0
1,12,1,4,1,1,3,1,3,1,1,1,1,2,3,74885,1,1,1,0
2,4,3,4,1,1,7,1,1,1,1,6,1,2,3,75000,1,3,2,0
2,2,1,2,1,5,2,1,4,1,1,3,1,2,2,7512,2,2,2,0
1,4,1,3,1,12,3,1,3,1,1,1,1,2,3,87500,1,3,2,0
1,20,1,1,1,1,7,2,2,1,1,3,1,1,1,27000,3,2,2,0
2,19,1,2,1,1,3,2,3,1,1,2,1,2,1,39648,1,1,3,0
2,7,1,1,8,1,4,1,4,1,1,2,1,1,1,96936,1,1,1,0
1,6,1,2,1,1,11,2,3,1,1,3,1,2,1,67932,2,2,2,0
2,10,1,1,8,1,1,2,2,1,1,2,1,2,4,84068,1,1,1,0
2,2,1,2,12,1,5,1,1,1,1,3,1,1,2,33816,2,2,2,0
2,8,2,2,2,8,2,1,2,1,1,3,1,1,1,14688,1,1,1,0
2,5,1,2,5,1,3,2,3,1,1,3,1,1,1,26472,2,2,1,0
2,4,1,1,1,1,2,1,3,1,1,6,1,1,3,35000,1,3,2,0
2,14,1,3,1,9,11,3,3,1,1,1,1,1,5,16848,3,2,2,0
2,2,3,2,6,14,2,1,4,1,1,3,3,1,2,9393,2,2,2,0
2,14,1,4,8,4,3,2,1,1,1,4,1,1,5,22707,3,2,2,0
1,13,1,7,5,8,2,1,3,1,1,1,1,1,1,51403,1,1,1,0
2,4,1,1,2,3,5,2,1,1,1,7,1,2,3,65000,1,3,2,0
2,4,1,2,5,1,1,3,3,1,2,2,1,1,3,106000,1,3,2,0
1,4,1,1,1,5,7,2,3,2,1,8,1,1,3,100500,1,3,2,0
2,7,1,2,8,4,7,2,3,1,1,3,1,2,1,128508,1,1,1,0
2,1,1,1,4,1,1,1,4,1,1,2,1,1,1,90288,1,1,1,0
2,1,1,1,8,1,7,1,1,1,1,1,1,1,1,90288,1,1,1,0
2,4,1,2,1,1,3,2,4,1,1,5,1,1,3,145000,1,3,2,0
2,3,1,1,1,1,11,2,2,1,1,2,1,1,1,67368,1,1,3,0
2,7,1,1,1,1,1,3,3,1,1,3,1,1,1,58746,1,1,1,0
2,9,1,1,1,2,7,2,3,1,1,1,4,2,2,41328,2,2,2,0
1,7,1,1,1,1,2,2,3,1,1,3,1,1,1,48500,1,1,1,0
2,3,1,3,1,4,1,2,2,1,1,6,1,1,1,67368,1,1,3,0
2,2,1,2,1,2,7,2,3,1,1,1,3,2,2,60000,2,2,2,0
2,13,3,4,3,9,7,2,3,2,1,1,1,1,1,20556,1,1,1,0
2,14,1,2,1,1,4,1,2,1,1,1,1,2,5,46788,3,2,2,0
2,4,1,1,6,1,5,1,1,1,1,4,1,1,3,120000,1,3,2,0
2,4,1,2,1,1,3,2,1,1,1,1,1,1,3,85000,1,3,2,0
2,4,1,5,1,1,11,2,3,1,1,8,1,2,3,135000,1,3,2,0
2,2,1,2,1,2,3,2,1,1,1,7,3,2,2,164676,2,2,2,0
1,1,1,1,8,1,7,2,3,1,1,2,1,1,1,48616,1,1,1,0
2,4,1,1,1,1,3,3,3,1,1,1,1,1,3,70000,1,3,2,0
2,7,1,2,1,1,4,2,3,1,1,1,1,1,1,68537,1,1,1,0
1,1,1,2,1,3,7,1,2,2,1,1,2,1,1,62507,1,1,1,0
2,4,2,3,2,3,2,2,1,1,1,1,5,2,3,90000,1,3,2,0
2,1,1,2,1,1,2,3,2,1,1,1,1,1,1,41671,1,1,1,0
2,1,1,1,1,3,7,3,3,1,3,1,1,1,1,51394,1,1,1,0
2,1,1,1,1,4,3,2,3,1,1,1,1,1,1,45838,1,1,1,0
2,4,1,1,8,1,7,2,3,1,1,1,1,2,3,68000,1,3,2,0
2,1,1,1,1,4,3,2,1,1,1,2,1,1,1,48616,1,1,1,0
2,4,1,2,1,4,2,1,3,1,1,3,1,2,3,80000,1,3,2,0
2,9,1,2,1,1,1,2,3,1,1,1,1,1,2,12720,2,2,2,0
2,15,1,1,7,5,11,1,2,1,1,1,1,2,2,175536,1,1,2,0
1,7,1,2,1,1,7,2,2,1,1,3,1,1,1,83224,1,1,1,0
2,1,1,1,1,9,3,2,4,1,1,1,1,1,1,69452,1,1,1,0
2,10,1,1,3,1,1,2,4,1,1,5,1,1,4,79973,1,1,1,0
2,10,1,3,4,1,1,2,2,2,2,6,1,1,4,151949,1,1,1,0
2,4,1,1,1,4,7,2,4,1,1,2,5,1,3,130000,1,3,2,0
1,13,1,1,1,1,1,1,3,1,1,5,2,1,1,36716,1,1,1,0
2,8,1,2,5,1,2,3,3,1,4,3,1,1,1,22032,1,1,1,0
2,2,1,1,1,1,1,1,3,1,1,7,3,1,2,32874,2,2,2,0
2,12,1,1,1,1,7,2,3,1,1,1,1,1,3,64417,1,1,1,0
1,2,3,5,1,2,2,1,3,1,1,2,3,1,2,10332,2,2,2,0
2,4,1,1,1,4,2,3,2,1,1,3,1,2,3,220000,1,3,2,0
1,4,1,2,5,1,1,1,2,1,1,2,5,2,3,65000,1,3,2,0
2,18,1,2,6,1,1,1,2,1,1,3,1,1,1,112611,1,1,3,0
2,6,1,1,3,1,1,3,1,1,1,3,1,1,1,3180,2,2,2,0
2,4,1,1,5,1,4,2,4,1,1,4,1,1,3,150000,1,3,2,0
2,2,1,1,1,4,7,2,3,1,1,1,3,1,2,15588,2,2,2,0
2,7,1,2,1,1,1,2,3,1,1,3,1,1,1,73433,1,1,1,0
2,4,1,3,4,14,2,2,2,1,1,4,1,1,3,120000,1,3,2,0
2,12,1,2,3,6,7,2,4,1,3,4,1,1,3,77300,1,1,1,0
2,5,3,3,8,14,5,3,2,1,1,2,1,1,1,19404,2,2,1,0
2,4,1,4,1,4,3,2,3,1,1,6,1,2,3,145600,1,3,2,0
2,12,1,2,4,9,2,3,2,1,1,4,1,2,3,64417,1,1,1,0
2,1,1,3,8,4,1,1,3,1,1,8,1,2,1,83342,1,1,1,0
2,3,1,3,8,9,1,1,2,1,1,1,1,1,1,59880,1,1,3,0
2,4,1,1,1,1,4,2,2,1,1,2,1,1,3,120000,1,3,2,0
2,11,1,1,3,1,4,3,3,2,2,2,1,1,1,55075,1,1,1,0
2,6,1,7,1,1,3,1,4,1,1,4,1,1,1,33972,2,2,2,0
2,4,1,1,1,1,8,3,2,1,1,8,1,2,3,525000,1,3,2,0
2,5,1,2,1,8,7,2,4,1,1,2,1,1,1,14112,2,2,1,0
2,12,1,1,3,4,2,3,3,1,1,4,1,1,3,62404,1,1,1,0
1,2,1,3,8,9,1,1,3,1,1,1,3,1,2,46968,2,2,2,0
1,1,1,7,1,8,11,2,3,1,1,3,1,1,1,166685,1,1,1,0
1,2,1,1,1,4,2,2,3,1,1,1,3,1,2,14167,2,2,2,0
2,4,1,1,1,2,8,2,3,2,1,5,1,2,3,107200,1,3,2,0
1,4,1,1,5,1,4,2,3,2,1,1,1,1,3,205000,1,3,2,0
2,9,2,1,1,2,2,2,3,1,1,1,1,1,2,17484,2,2,2,0
2,8,1,2,1,1,7,1,4,1,1,2,1,1,1,462624,1,1,1,0
2,3,1,2,5,14,2,2,4,1,1,4,1,1,1,46416,1,1,3,0
2,4,1,3,1,1,11,2,4,1,1,4,1,2,3,150000,1,3,2,0
1,11,1,2,1,2,7,2,3,1,1,1,1,1,1,39336,1,1,1,0
2,2,1,1,1,15,2,3,3,1,1,2,3,1,2,9158,2,2,2,0
2,8,1,2,1,4,3,2,3,1,1,1,1,2,1,44060,1,1,1,0
1,1,1,1,1,13,7,2,3,1,1,1,1,1,1,33337,1,1,1,0
2,4,1,1,1,1,4,2,3,1,1,3,1,1,3,105000,1,3,2,0
2,3,1,1,1,1,7,2,4,1,1,1,1,1,1,67368,1,1,3,0
2,4,1,1,1,1,7,1,3,1,1,8,1,1,3,105000,1,3,2,0
2,4,1,1,2,1,1,2,1,1,1,1,1,2,3,103000,1,3,2,0
2,1,1,1,1,15,3,3,3,1,1,1,1,1,1,66236,1,1,1,0
2,4,1,1,1,14,7,2,3,1,1,3,3,1,3,85000,1,3,2,0
2,7,2,2,1,1,4,2,2,1,1,3,1,2,1,48955,1,1,1,0
2,15,1,8,1,1,3,3,2,1,1,1,4,1,2,94788,1,1,2,0
2,2,3,3,5,1,3,1,4,1,1,1,3,1,2,18785,2,2,2,0
2,15,1,1,1,2,1,2,3,1,1,7,4,2,2,107076,1,1,2,0
2,1,1,1,12,3,1,3,3,2,2,8,1,1,1,62507,1,1,1,0
2,6,1,3,1,1,3,2,2,1,1,1,1,2,1,55200,2,2,2,0
2,14,3,1,8,1,2,1,3,1,1,8,1,1,5,9360,3,2,2,0
2,2,1,1,1,4,7,2,1,1,1,8,1,1,2,9299,2,2,2,0
2,1,2,2,1,1,2,1,2,1,1,3,1,1,1,27781,1,1,1,0
2,1,1,1,1,1,11,2,2,1,3,1,1,1,1,51394,1,1,1,0
2,4,1,3,4,1,7,2,3,1,1,1,1,2,3,2000000,1,3,2,0
2,2,1,1,1,3,5,2,3,1,1,1,1,1,2,3948,2,2,2,0
2,4,1,1,1,1,1,2,4,1,1,3,1,1,3,140000,1,3,2,0
2,2,1,1,1,1,2,1,2,1,1,1,3,1,2,6575,2,2,2,0
2,2,1,1,1,15,2,2,2,1,1,3,3,1,2,23482,2,2,2,0
1,1,1,2,1,2,7,2,3,1,1,3,1,1,1,141682,1,1,1,0
2,12,1,1,12,6,3,1,2,1,1,1,1,1,3,72469,1,1,1,0
2,7,1,5,1,1,2,2,3,1,1,2,1,1,1,11748,1,1,1,0
2,2,1,2,12,6,7,2,4,1,1,3,3,2,2,15024,2,2,2,0
2,14,1,1,1,1,7,2,4,1,1,7,1,1,5,19236,3,2,2,0
2,12,1,1,2,4,5,2,1,1,1,1,3,2,3,50728,1,1,1,0
1,2,1,1,8,4,5,1,1,1,1,2,3,2,2,93924,2,2,2,0
1,4,1,1,1,1,3,2,1,1,1,3,1,1,3,104000,1,3,2,0
2,3,1,5,5,14,3,2,4,1,1,1,1,1,1,52404,1,1,3,0
2,7,1,1,1,1,3,2,2,1,1,1,1,1,1,52627,1,1,1,0
2,12,1,1,1,1,2,2,1,1,2,1,1,1,3,51534,1,1,1,0
2,2,1,1,1,1,3,2,1,1,1,3,1,2,2,32874,2,2,2,0
2,4,1,1,1,4,7,2,4,1,1,1,1,1,3,75000,1,3,2,0
2,2,1,1,1,1,7,2,2,1,1,1,1,2,2,6384,2,2,2,0
2,4,3,4,1,3,3,1,3,1,1,2,1,1,3,133000,1,3,2,0
2,2,1,2,3,4,7,2,3,1,1,1,3,2,2,10896,2,2,2,0
2,5,1,2,1,1,3,1,4,1,1,3,1,1,1,52932,2,2,1,0
2,14,1,1,3,8,1,2,2,1,1,3,2,1,5,29940,3,2,2,0
2,10,1,1,6,14,5,3,2,1,1,7,1,1,4,71976,1,1,1,0
2,10,1,1,1,1,7,1,3,1,1,6,1,2,4,59980,1,1,1,0
1,1,1,1,1,1,4,3,2,1,1,2,1,1,1,73619,1,1,1,0
2,7,1,2,1,1,11,2,1,1,1,1,1,1,1,91791,1,1,1,0
2,4,1,7,2,3,2,2,1,1,2,8,1,1,3,100000,1,3,2,0
2,3,2,1,1,1,3,2,2,1,1,3,1,1,1,59880,1,1,3,0
2,10,1,1,1,4,7,1,4,1,1,1,1,2,4,63979,1,1,1,0
2,4,1,1,1,1,3,2,4,1,1,8,1,1,3,140000,1,3,2,0
2,2,1,1,1,1,7,2,2,1,1,3,3,1,2,31309,2,2,2,0
2,4,2,1,1,10,1,2,1,1,1,1,2,1,3,155000,1,3,2,0
2,7,1,3,1,1,4,2,3,1,1,1,1,1,1,51408,1,1,1,0
2,4,1,1,6,4,2,2,4,1,1,1,1,1,3,85000,1,3,2,0
1,8,1,3,8,1,7,2,3,1,1,7,1,1,1,20556,1,1,1,0
2,4,1,1,1,1,1,2,3,1,1,1,1,1,3,80000,1,3,2,0
2,1,1,1,1,1,6,2,4,1,1,5,1,2,1,152794,1,1,1,0
1,10,1,2,1,4,2,1,3,2,1,1,3,2,4,31989,1,1,1,0
2,2,1,1,1,1,7,2,4,1,1,7,3,1,2,8448,2,2,2,0
2,15,1,1,1,1,3,1,3,1,1,7,4,2,2,81600,1,1,2,0
1,13,1,2,1,5,3,2,2,1,1,1,1,1,1,120000,1,1,1,0
2,2,2,2,1,4,2,1,1,1,1,4,1,1,2,8448,2,2,2,0
2,9,2,1,1,1,2,2,2,1,4,7,6,1,2,15900,2,2,2,0
2,2,1,1,3,1,7,3,2,1,1,4,3,2,2,46963,2,2,2,0
2,1,1,1,1,1,11,2,3,1,1,8,1,1,1,62507,1,1,1,0
2,4,1,1,1,5,10,1,3,1,1,1,1,2,3,126000,1,3,2,0
2,4,1,1,9,15,7,2,3,1,1,8,1,1,3,110000,1,3,2,0
2,11,1,1,12,1,7,1,1,1,1,1,1,1,1,19092,1,1,1,0
2,4,1,1,6,1,4,2,2,1,3,3,5,2,3,102000,1,3,2,0
1,7,1,1,1,4,4,2,3,1,1,3,1,1,1,104938,1,1,1,0
2,1,1,1,1,1,3,2,2,1,1,1,1,1,1,533388,1,1,1,0
2,4,1,3,3,1,3,2,3,1,1,3,1,1,3,108000,1,3,2,0
2,4,1,1,1,1,4,2,4,1,1,6,1,1,3,152000,1,3,2,0
1,4,1,1,1,9,3,2,4,1,1,1,1,2,3,120000,1,3,2,0
2,6,1,1,12,1,3,1,3,1,1,1,1,1,1,24408,2,2,2,0
2,12,1,2,1,15,3,2,1,1,1,2,1,1,3,71865,1,1,1,0
2,4,1,3,4,1,7,2,4,1,1,1,1,1,3,85000,1,3,2,0
1,4,1,3,1,1,1,2,4,1,1,1,1,1,3,127500,1,3,2,0
2,11,1,2,1,1,1,1,2,1,1,5,1,1,1,57522,1,1,1,0
1,2,1,1,3,4,2,1,1,1,1,1,3,2,2,14089,2,2,2,0
2,1,1,1,1,1,11,3,2,1,1,5,1,1,1,55562,1,1,1,0
2,11,1,6,1,1,3,1,2,1,1,1,1,2,1,42836,1,1,1,0
2,11,1,2,1,1,3,1,3,1,1,1,1,1,1,70500,1,1,1,0
2,16,2,1,8,1,7,2,3,1,1,3,1,1,1,58012,1,1,3,0
2,4,1,1,1,1,3,2,2,1,2,1,1,1,3,135000,1,3,2,0
2,1,1,2,5,9,2,2,2,1,1,1,1,2,1,48616,1,1,1,0
2,4,1,2,7,8,7,1,2,1,2,8,1,1,3,120000,1,3,2,0
1,4,1,2,1,1,3,1,4,1,1,2,1,2,3,170000,1,3,2,0
2,5,1,2,1,1,7,2,3,1,1,2,1,2,1,33528,2,2,1,0
2,4,1,1,1,1,7,2,3,1,1,1,1,1,3,76000,1,3,2,0
1,4,1,3,9,3,3,2,3,1,1,1,1,2,3,120000,1,3,2,0
2,1,1,2,5,1,2,2,3,1,1,2,1,1,1,58340,1,1,1,0
2,16,1,1,1,1,7,2,1,1,1,1,1,1,1,36720,1,1,3,0
1,7,1,2,1,14,3,3,3,1,1,1,6,1,1,73433,1,1,1,0
2,4,1,1,9,1,1,2,4,1,1,3,1,2,3,120000,1,3,2,0
1,4,1,1,8,4,1,1,2,1,1,5,1,1,3,95000,1,3,2,0
2,17,1,1,1,1,1,2,2,1,1,5,1,1,1,55812,1,1,3,0
2,4,2,3,3,1,2,1,4,1,1,1,1,1,3,69000,1,3,2,0
2,11,1,1,12,1,2,2,2,1,1,1,5,2,1,36720,1,1,1,0
2,12,1,1,1,1,8,2,4,1,1,1,1,2,3,134873,1,1,1,0
2,4,1,1,12,1,1,2,3,1,1,3,1,1,3,100000,1,3,2,0
2,15,1,1,1,1,1,2,3,1,1,3,1,1,2,35808,1,1,2,0
2,4,1,4,5,1,2,2,2,2,2,4,1,1,3,85000,1,3,2,0
1,13,3,1,1,1,3,2,3,1,1,3,2,1,1,61194,1,1,1,0
2,1,1,1,1,1,7,2,3,1,1,1,1,1,1,36115,1,1,1,0
2,5,3,1,1,1,2,2,3,1,1,2,1,1,1,22932,2,2,1,0
1,19,1,1,12,1,2,1,4,1,1,1,1,1,1,36720,1,1,3,0
2,4,1,4,1,1,4,1,2,1,1,2,1,2,3,165000,1,3,2,0
2,4,1,4,9,1,1,2,2,2,1,8,1,1,3,70400,1,3,2,0
1,2,1,1,3,1,2,1,4,1,1,1,1,1,2,31309,2,2,2,0
2,6,1,3,1,1,1,2,3,1,1,5,1,2,1,25476,2,2,2,0
2,1,1,7,1,13,3,2,3,1,1,2,1,1,1,50005,1,1,1,0
2,4,3,1,1,1,1,1,3,1,1,3,1,2,3,140000,1,3,2,0
2,14,1,1,1,1,7,1,4,1,1,4,2,1,5,59892,3,2,2,0
2,1,1,1,8,1,7,3,3,1,1,6,6,2,1,56951,1,1,1,0
2,10,1,1,2,3,7,2,1,1,3,5,1,1,4,95968,1,1,1,0
2,4,1,1,3,1,4,1,4,1,1,3,5,1,3,114000,1,3,2,0
2,7,1,2,1,2,7,1,2,1,1,2,1,1,1,62418,1,1,1,0
2,8,1,1,1,1,7,2,2,1,1,2,1,1,1,32433,1,1,1,0
2,4,1,1,1,1,7,2,2,1,1,2,1,1,3,65000,1,3,2,0
2,2,1,2,1,4,1,2,1,1,1,3,1,1,2,0,2,2,2,0
2,13,1,2,8,1,7,2,3,1,1,2,1,1,1,27537,1,1,1,0
2,13,2,1,1,2,3,1,4,1,1,5,1,1,1,690264,1,1,1,0
2,8,1,1,1,1,2,2,3,1,1,2,1,1,1,411228,1,1,1,0
2,4,1,1,1,3,3,1,2,1,1,8,1,2,3,103000,1,3,2,0
2,20,1,7,1,1,3,3,3,1,1,3,1,1,1,20880,3,2,2,0
2,4,1,2,4,3,5,1,2,2,1,1,1,1,3,80000,1,3,2,0
2,16,1,2,1,1,3,2,3,1,1,1,1,2,1,52872,1,1,3,0
2,4,1,1,1,1,7,2,4,1,1,1,1,1,3,60000,1,3,2,0
2,4,1,1,2,14,2,2,4,2,1,7,6,1,3,140000,1,3,2,0
2,4,1,1,1,2,7,2,3,1,1,5,1,1,3,80000,1,3,2,0
2,2,1,1,1,1,2,1,4,1,1,9,3,1,2,12524,2,2,2,0
2,1,1,5,1,1,4,3,4,1,1,2,1,2,1,583392,1,1,1,0
2,8,1,1,4,1,2,2,3,1,1,3,1,1,1,39164,1,1,1,0
2,4,1,1,8,1,3,2,4,1,1,1,1,1,3,90000,1,3,2,0
2,1,1,1,1,1,1,1,3,1,1,4,1,1,1,69452,1,1,1,0
2,4,3,3,1,18,5,1,2,1,1,7,5,2,3,34000,1,3,2,0
2,1,1,2,1,3,7,2,1,2,1,1,1,2,1,41671,1,1,1,0
2,2,1,1,3,1,1,2,2,2,1,4,3,1,2,23482,2,2,2,0
2,12,1,1,3,3,7,2,4,1,1,1,1,1,3,927600,1,1,1,0
1,2,1,2,1,2,7,2,1,1,1,3,3,1,2,21916,2,2,2,0
2,7,1,1,1,1,1,2,3,1,1,1,1,2,1,91791,1,1,1,0
2,11,1,2,1,1,1,2,3,1,1,3,1,1,1,63642,1,1,1,0
1,9,1,1,1,1,1,2,2,2,1,1,4,1,2,15600,2,2,2,0
2,4,2,2,1,16,1,1,1,1,1,3,4,2,3,34000,1,3,2,0
2,14,1,1,8,4,2,2,1,1,1,3,1,1,5,41172,3,2,2,0
2,16,1,2,1,1,1,2,3,1,1,8,1,1,1,59970,1,1,3,0
2,4,1,1,1,4,4,2,1,1,1,3,1,1,3,130000,1,3,2,0
2,12,1,1,1,1,4,1,4,1,1,1,1,1,3,112730,1,1,1,0
2,17,1,1,1,1,7,2,4,2,1,1,1,2,1,48468,1,1,3,0
2,4,1,2,1,1,11,2,2,1,1,3,1,1,3,165000,1,3,2,0
2,11,1,2,1,1,2,2,2,1,1,3,1,1,1,55075,1,1,1,0
2,17,1,1,1,1,2,2,4,1,1,2,1,1,1,46507,1,1,3,0
2,1,1,1,1,14,1,2,4,1,1,2,1,1,1,41671,1,1,1,0
2,2,1,1,1,4,5,1,1,1,1,1,1,1,2,16450,2,2,2,0
2,1,1,3,3,1,2,2,4,1,1,2,1,1,1,41671,1,1,1,0
2,1,1,1,1,1,11,1,2,1,1,1,1,2,1,76397,1,1,1,0
1,13,1,4,12,1,7,1,1,1,1,2,1,1,1,440592,1,1,1,0
2,4,1,1,1,9,7,1,1,1,1,1,1,1,3,155000,1,3,2,0
2,1,1,2,1,8,2,3,3,1,1,2,1,1,1,583392,1,1,1,0
2,4,1,1,1,3,4,2,3,1,1,5,1,1,3,105000,1,3,2,0
2,7,1,1,1,1,1,2,3,1,1,1,4,2,1,74657,1,1,1,0
2,5,3,5,8,1,2,1,4,1,1,7,2,2,1,37056,2,2,1,0
1,10,1,1,12,1,3,1,1,1,1,1,1,2,4,83972,1,1,1,0
2,7,1,2,3,7,7,2,3,1,1,4,1,1,1,61194,1,1,1,0
2,4,1,1,1,9,7,3,3,1,1,3,1,1,3,175000,1,3,2,0
2,18,1,5,1,1,3,3,3,1,4,2,1,1,1,75794,1,1,3,0
2,2,1,1,1,4,1,2,3,1,1,2,3,1,2,9393,2,2,2,0
2,6,1,1,7,3,2,1,1,1,1,1,1,1,1,29292,2,2,2,0
2,13,1,3,7,1,7,2,4,1,1,1,1,1,1,31821,1,1,1,0
2,2,1,2,1,11,1,2,1,1,1,8,1,2,2,7044,2,2,2,0
2,1,1,1,1,1,1,2,3,1,1,8,1,2,1,69452,1,1,1,0
2,10,1,1,1,5,7,1,1,1,1,2,1,1,4,114362,1,1,1,0
2,4,2,1,8,1,2,2,3,1,1,9,3,1,3,20000,1,3,2,0
2,11,1,2,1,1,1,3,4,1,1,1,1,1,1,44060,1,1,1,0
1,2,2,1,3,7,5,1,1,1,1,2,6,1,2,2820,2,2,2,0
2,4,1,1,1,9,11,2,3,1,1,1,1,1,3,104000,1,3,2,0
2,2,1,1,1,1,7,1,3,1,1,1,3,1,2,9001,2,2,2,0
2,14,1,1,11,1,1,1,3,1,1,4,5,1,5,14976,3,2,2,0
2,4,1,2,8,1,1,2,1,1,1,2,1,1,3,74000,1,3,2,0
2,4,1,1,6,1,8,2,3,1,1,4,1,1,3,100000,1,3,2,0
2,4,1,1,1,9,7,2,2,1,1,1,1,1,3,65000,1,3,2,0
1,2,1,1,6,1,3,3,2,1,1,1,3,2,2,42267,2,2,2,0
1,4,1,2,1,15,1,2,3,1,1,3,6,2,3,90000,1,3,2,0
1,2,1,2,1,1,1,3,1,1,1,1,6,1,2,6000,2,2,2,0
2,4,1,4,12,3,3,1,2,1,1,1,1,2,3,78000,1,3,2,0
1,2,2,2,1,4,2,2,2,1,1,3,1,1,2,18780,2,2,2,0
2,4,1,1,1,15,7,2,1,1,1,4,1,1,3,90000,1,3,2,0
2,13,1,1,1,4,1,2,3,1,1,2,1,1,1,51403,1,1,1,0
2,1,1,1,3,3,1,1,2,1,1,2,1,1,1,97233,1,1,1,0
1,3,1,2,1,9,1,2,3,1,1,2,1,1,1,56891,1,1,3,0
2,13,1,9,1,1,7,3,3,1,1,8,1,2,1,48468,1,1,1,0
2,10,1,1,3,7,7,3,3,1,1,7,6,1,4,58381,1,1,1,0
2,19,1,1,1,1,2,3,2,1,1,7,1,1,1,55812,1,1,3,0
1,10,1,1,1,2,1,2,1,1,1,1,1,1,4,83972,1,1,1,0
2,5,3,3,3,1,1,3,3,1,1,3,1,2,1,14112,2,2,1,0
2,16,1,1,1,3,7,1,2,1,1,3,1,1,1,39072,1,1,3,0
2,4,1,1,6,1,7,2,3,1,2,5,1,1,3,72500,1,3,2,0
2,3,1,1,8,1,7,3,4,1,1,2,1,1,1,59136,1,1,3,0
2,7,1,1,1,1,4,1,3,1,1,5,1,1,1,51408,1,1,1,0
2,4,1,2,1,2,7,2,3,1,1,1,1,1,3,822444,1,3,2,0
2,4,3,1,1,4,1,2,4,1,1,1,2,1,3,97000,1,3,2,0
2,7,2,1,1,1,7,1,3,1,1,1,1,1,1,55080,1,1,1,0
2,13,1,2,1,14,7,2,3,2,1,1,1,1,1,37328,1,1,1,0
2,12,1,1,12,1,7,2,1,2,3,3,1,1,3,86158,1,1,1,0
2,4,1,1,1,1,8,1,4,1,1,1,1,2,3,115000,1,3,2,0
1,4,1,1,1,4,3,1,2,1,1,1,1,2,3,80000,1,3,2,0
2,7,1,2,1,1,7,2,3,1,1,3,1,1,1,62418,1,1,1,0
2,1,1,1,1,1,7,3,2,1,1,9,2,1,1,59729,1,1,1,0
2,15,1,1,1,1,7,2,3,1,1,4,1,2,2,122880,1,1,2,0
2,4,1,1,2,3,5,2,3,1,1,5,1,1,3,70000,1,3,2,0
2,4,1,1,1,1,1,1,4,1,1,1,1,1,3,60000,1,3,2,0
2,4,1,2,3,1,5,2,3,1,1,3,3,1,3,51500,1,3,2,0
2,4,1,3,7,3,5,2,3,2,3,3,1,1,3,65000,1,3,2,0
2,14,1,1,1,1,4,2,2,1,1,8,2,1,5,44916,3,2,2,0
1,4,1,1,1,1,4,1,3,1,1,5,2,1,3,2000000,1,3,2,0
2,5,1,1,1,1,7,3,3,1,1,2,1,1,1,37056,2,2,1,0
2,4,2,1,1,1,1,1,1,1,1,3,1,1,3,95000,1,3,2,0
1,1,1,1,5,1,3,1,2,1,1,3,1,2,1,83342,1,1,1,0
2,4,1,2,1,1,7,1,4,1,2,3,3,1,3,85000,1,3,2,0
1,12,1,1,1,1,7,1,2,1,1,3,1,1,3,68443,1,1,1,0
2,4,1,2,1,6,11,1,1,2,1,1,1,1,3,112320,1,3,2,0
1,6,1,3,7,2,2,3,2,1,1,3,3,1,1,25476,2,2,2,0
2,2,2,1,1,2,7,3,2,1,1,2,3,1,2,9396,2,2,2,0
2,10,2,1,8,13,7,2,4,1,1,3,1,1,4,43985,1,1,1,0
2,1,1,2,1,1,7,1,2,1,1,2,1,1,1,916764,1,1,1,0
2,1,1,1,1,1,3,2,2,1,1,2,1,2,1,104178,1,1,1,0
2,4,1,2,4,1,10,2,4,1,1,3,1,1,3,90000,1,3,2,0
1,13,1,3,1,13,5,2,3,1,1,1,1,1,1,25701,1,1,1,0
2,4,1,1,4,1,2,2,3,1,1,1,1,1,3,120000,1,3,2,0
2,2,1,1,1,1,3,1,4,1,1,2,1,2,2,14089,2,2,2,0
1,4,1,4,12,1,7,1,2,1,1,6,1,2,3,80000,1,3,2,0
2,2,2,2,1,1,7,2,1,1,1,1,1,1,2,4696,2,2,2,0
1,4,1,2,3,1,3,2,2,1,1,3,2,2,3,115000,1,3,2,0
2,6,1,3,1,4,1,2,3,1,1,8,1,1,1,28656,2,2,2,0
2,2,1,1,1,1,2,4,3,1,3,6,1,1,2,7704,2,2,2,1
2,4,1,1,5,1,4,2,1,1,1,1,1,2,3,110000,1,3,2,0
1,5,1,2,1,3,3,2,3,1,1,6,1,1,1,49992,2,2,1,0
2,12,1,4,1,1,7,2,4,1,3,6,1,1,3,57170,1,1,1,0
1,16,1,1,1,1,7,1,2,1,1,2,1,1,1,39648,1,1,3,0
2,17,1,1,1,1,7,2,2,1,1,3,1,2,1,55075,1,1,3,0
2,4,1,1,1,1,1,2,2,1,1,5,1,2,3,85000,1,3,2,0
2,4,1,1,1,2,7,1,1,1,1,8,4,2,3,110000,1,3,2,0
2,11,1,2,1,1,7,4,2,1,1,1,1,1,1,36720,1,1,1,1
2,15,1,1,1,7,2,1,2,2,1,3,4,1,2,120000,1,1,2,0
2,2,1,1,1,1,2,2,2,1,1,7,3,1,2,4367,2,2,2,0
2,4,1,2,5,1,3,1,1,1,1,6,1,1,3,70000,1,3,2,0
2,5,1,1,1,1,7,2,4,1,1,2,1,1,1,67044,2,2,1,0
1,13,1,2,1,1,1,2,4,2,1,1,1,1,1,31821,1,1,1,0
2,15,1,1,1,1,2,2,3,1,1,3,4,1,2,93960,1,1,2,0
2,3,1,1,1,1,7,1,3,1,1,8,1,1,1,28740,1,1,3,0
2,19,1,2,1,1,1,1,2,1,1,8,1,1,1,35244,1,1,3,0
2,1,3,3,8,1,5,1,1,1,1,1,1,1,1,25975,1,1,1,0
1,14,1,3,8,1,7,1,3,1,1,7,2,2,5,29196,3,2,2,0
1,12,1,4,1,4,5,2,4,1,1,1,1,1,3,32209,1,1,1,0
1,4,1,1,1,1,1,2,1,1,1,2,6,1,3,120285,1,3,2,0
2,4,2,1,1,1,1,2,1,1,1,1,1,2,3,115000,1,3,2,0
2,4,2,3,8,15,2,2,3,1,1,6,1,2,3,88500,1,3,2,0
2,2,1,2,1,1,2,3,2,1,1,3,3,1,2,5636,2,2,2,0
2,4,1,2,7,14,7,2,3,1,1,1,1,1,3,78000,1,3,2,0
2,7,1,1,1,15,1,2,4,1,3,3,4,1,1,73428,1,1,1,0
1,4,1,1,2,4,5,1,3,2,3,1,5,1,3,80000,1,3,2,0
2,6,1,2,3,3,1,2,1,1,1,3,1,1,1,48803,2,2,2,0
2,1,1,1,1,1,1,2,1,1,1,2,1,1,1,637572,1,1,1,0
2,11,1,2,1,1,1,1,3,1,1,2,6,2,1,79552,1,1,1,0
2,1,1,1,7,1,1,2,3,1,3,2,1,1,1,86676,1,1,1,0
2,7,2,1,1,1,7,2,2,1,1,2,1,1,1,73433,1,1,1,0
2,4,3,1,1,1,2,1,1,1,1,2,6,1,3,2000000,1,3,2,0
2,2,2,2,1,1,2,2,2,1,1,3,1,1,2,8148,2,2,2,0
1,4,1,2,1,14,1,1,4,1,1,1,1,1,3,115,1,3,2,0
2,4,1,1,8,1,3,2,2,1,1,1,1,1,3,100000,1,3,2,0
2,11,1,3,6,3,1,2,3,1,1,4,1,1,1,67313,1,1,1,0
2,7,1,2,7,1,1,1,1,1,1,8,1,2,1,85671,1,1,1,0
2,13,1,1,2,2,2,2,4,1,1,1,3,2,1,29373,1,1,1,0
1,2,1,1,1,1,7,2,2,2,1,8,3,2,2,9480,2,2,2,0
2,1,1,1,1,1,7,1,4,1,1,3,3,1,1,65285,1,1,1,0
1,4,1,1,1,6,2,2,4,1,1,4,1,1,3,90000,1,3,2,0
2,2,1,2,1,2,2,2,3,1,1,3,6,1,2,10426,2,2,2,0
2,13,1,1,1,1,3,1,4,1,1,1,1,1,1,73433,1,1,1,0
2,2,1,2,1,2,7,3,2,1,1,2,4,1,2,4884,2,2,2,0
2,11,1,2,1,1,10,2,2,1,1,1,1,2,1,117492,1,1,1,0
2,8,1,2,6,2,5,2,4,1,1,7,1,1,1,27900,1,1,1,0
2,17,3,2,1,1,2,2,2,1,1,3,1,1,1,46992,1,1,3,0
2,4,1,2,1,1,7,1,1,2,1,1,2,1,3,60000,1,3,2,0
2,4,1,1,1,1,4,1,3,1,1,4,1,2,3,732000,1,3,2,0
2,3,1,2,1,1,1,2,3,1,1,4,1,1,1,55392,1,1,3,0
2,2,1,1,6,1,2,2,3,1,1,2,1,2,2,15654,2,2,2,0
1,4,1,1,1,1,4,3,2,1,1,8,1,1,3,140000,1,3,2,0
2,1,1,5,1,1,2,2,4,1,1,9,1,2,1,36115,1,1,1,0
1,11,1,1,1,4,7,2,3,1,1,1,1,1,1,616836,1,1,1,0
2,4,1,1,8,5,1,2,3,1,1,2,1,2,3,117000,1,3,2,0
2,5,1,9,1,1,1,2,1,1,1,8,1,1,1,21168,2,2,1,0
1,12,1,1,1,1,2,2,4,1,1,2,1,1,3,56365,1,1,1,0
2,4,1,7,5,8,3,2,2,1,1,4,1,1,3,194600,1,3,2,0
2,4,1,1,12,1,3,1,3,1,1,1,1,1,3,132000,1,3,2,0
2,19,2,2,2,8,2,2,2,1,1,4,1,1,1,29376,1,1,3,0
1,2,1,2,1,1,5,2,3,1,1,3,3,1,2,2820,2,2,2,0
2,10,1,2,3,9,1,2,2,1,1,8,1,2,4,76774,1,1,1,0
2,4,1,3,1,15,5,1,4,2,2,7,2,1,3,95000,1,3,2,0
2,4,1,1,7,3,2,1,1,1,1,1,1,1,3,85000,1,3,2,0
2,1,1,1,1,1,1,2,2,1,1,3,1,1,1,159740,1,1,1,0
2,4,1,1,2,4,2,2,1,1,3,2,1,1,3,70000,1,3,2,0
2,12,1,3,1,4,1,2,2,1,1,8,1,1,3,44287,1,1,1,0
2,16,1,5,1,1,6,2,2,1,1,2,1,1,1,102804,1,1,3,0
2,10,1,1,1,1,1,2,2,1,1,1,1,1,4,863712,1,1,1,0
2,16,1,2,1,4,7,1,2,1,1,5,1,2,1,85671,1,1,3,0
1,4,1,1,1,1,7,2,4,1,2,1,1,1,3,85000,1,3,2,0
2,4,1,1,3,1,1,2,3,1,1,1,1,1,3,112000,1,3,2,0
2,13,1,2,1,5,2,2,3,1,1,2,1,1,1,29373,1,1,1,0
2,4,1,2,2,1,1,2,2,1,1,4,1,1,3,85000,1,3,2,0
2,4,1,1,8,1,7,2,3,1,1,3,1,2,3,85000,1,3,2,0
2,4,1,2,1,1,1,2,2,1,1,3,3,1,3,152000,1,3,2,0
2,16,1,1,8,1,7,2,3,1,1,8,1,1,1,63642,1,1,3,0
1,4,1,1,1,7,3,3,3,1,1,3,1,1,3,78000,1,3,2,0
2,20,1,2,8,5,7,3,3,1,1,3,1,1,1,16704,3,2,2,0
2,5,1,2,1,1,7,2,3,1,1,3,1,1,1,26472,2,2,1,0
2,2,2,2,1,4,2,2,4,1,1,4,1,2,2,0,2,2,2,0
2,1,1,2,1,1,4,2,4,1,1,2,1,1,1,138904,1,1,1,0
2,17,1,7,7,8,7,2,2,1,1,4,1,2,1,54336,1,1,3,0
2,4,1,1,1,1,4,2,3,1,1,1,1,2,3,92000,1,3,2,0
2,4,1,1,1,1,2,2,3,1,1,1,1,1,3,63500,1,3,2,0
2,11,1,2,1,9,1,1,2,1,1,2,1,2,1,42836,1,1,1,0
1,11,1,2,8,1,1,1,1,1,1,8,1,1,1,55075,1,1,1,0
1,20,1,2,1,6,7,2,4,1,4,2,1,1,1,24000,3,2,2,0
2,7,1,3,1,1,4,2,3,1,1,6,1,1,1,85176,1,1,1,0
2,3,1,1,1,1,7,2,3,1,2,3,1,1,1,53292,1,1,3,0
2,12,1,3,1,1,1,3,2,1,1,2,1,1,3,64417,1,1,1,0
2,4,1,2,1,1,7,2,4,1,1,5,1,1,3,100000,1,3,2,0
2,16,1,1,1,7,7,1,2,1,1,3,1,1,1,44064,1,1,3,0
2,10,2,4,1,2,7,2,1,1,1,9,1,2,4,79973,1,1,1,0
2,1,1,2,7,1,1,2,2,1,1,3,1,1,1,55562,1,1,1,0
2,2,2,1,1,1,5,3,3,1,1,1,6,1,2,6576,2,2,2,0
1,4,1,1,1,2,1,1,1,1,1,5,1,2,3,160000,1,3,2,0
2,1,1,3,4,2,2,2,1,1,1,6,1,1,1,61951,1,1,1,0
2,4,1,1,7,2,1,1,1,1,1,1,1,1,3,105000,1,3,2,0
2,12,1,4,3,1,2,2,3,1,1,8,1,2,3,32853,1,1,1,0
2,4,1,5,3,1,5,3,3,1,1,6,1,1,3,32000,1,3,2,0
2,7,1,2,1,9,1,1,3,1,1,3,1,1,1,72209,1,1,1,0
2,20,1,2,8,3,1,3,2,1,1,1,1,1,1,68424,3,2,2,0
2,4,1,1,1,4,3,2,2,1,1,1,1,1,3,110000,1,3,2,0
2,4,1,1,1,1,1,3,3,1,1,2,1,1,3,117000,1,3,2,0
2,20,1,2,3,1,1,2,1,1,4,1,1,1,1,42000,3,2,2,0
1,12,1,3,12,1,3,2,1,1,1,8,1,2,3,41468,1,1,1,0
2,10,1,1,8,1,1,2,3,1,1,3,1,1,4,107964,1,1,1,0
2,7,1,1,1,1,4,1,3,1,1,1,1,1,1,46260,1,1,1,0
2,4,1,1,3,7,2,2,1,1,1,8,1,1,3,92000,1,3,2,0
2,2,2,1,1,1,2,3,4,1,1,3,3,1,2,110460,2,2,2,0
1,12,1,1,1,1,4,1,3,1,2,6,1,2,3,80521,1,1,1,0
2,12,1,1,1,1,1,2,3,1,1,1,1,1,3,50326,1,1,1,0
2,1,1,1,1,3,3,1,3,1,1,8,1,1,1,58340,1,1,1,0
2,15,1,2,3,1,1,3,3,1,1,3,1,2,2,105324,1,1,2,0
2,11,3,2,12,1,2,2,2,1,1,4,5,1,1,14688,1,1,1,0
2,14,1,1,1,1,7,2,4,1,1,3,2,1,5,18720,3,2,2,0
2,2,1,2,3,7,11,2,3,1,1,2,1,2,2,40701,2,2,2,0
1,14,1,1,8,1,7,2,1,1,1,4,2,1,5,9360,3,2,2,0
2,4,1,1,1,1,11,2,3,1,1,3,1,1,3,125000,1,3,2,0
1,2,1,1,3,4,1,1,2,1,1,1,3,1,2,31309,2,2,2,0
2,5,1,2,1,9,2,3,3,1,1,2,1,1,1,28236,2,2,1,0
2,10,1,1,1,1,4,2,3,1,1,1,3,1,4,99967,1,1,1,0
2,4,1,4,12,3,2,2,1,1,1,3,1,1,3,60000,1,3,2,0
2,11,1,2,7,1,1,2,1,1,1,3,1,1,1,39164,1,1,1,0
2,2,1,1,1,1,2,2,2,1,1,9,5,2,2,7044,2,2,2,0
2,15,1,7,1,1,1,2,3,1,1,2,1,1,2,204797,1,1,2,0
2,3,1,1,7,1,7,2,3,1,1,2,1,1,1,38928,1,1,3,0
2,4,1,1,8,1,6,2,3,1,1,6,1,2,3,33000,1,3,2,0
2,14,1,4,1,1,2,2,2,1,1,1,2,1,5,1000000,3,2,2,0
2,9,2,1,3,2,2,2,3,1,1,1,1,1,2,13356,2,2,2,0
1,4,1,2,7,1,3,2,2,2,1,3,3,1,3,158000,1,3,2,0
2,2,1,2,8,1,5,1,1,1,1,1,3,1,2,2442,2,2,2,0
2,1,1,1,1,1,7,2,3,1,1,2,1,1,1,37504,1,1,1,0
2,9,2,1,1,1,2,2,2,1,1,6,1,1,2,26491,2,2,2,0
1,6,1,1,1,1,1,2,4,1,1,4,1,2,1,51240,2,2,2,0
2,4,1,4,12,3,4,3,3,2,2,8,1,1,3,50000,1,3,2,0
2,1,1,1,8,1,11,2,2,1,1,8,1,2,1,62507,1,1,1,0
2,4,1,7,1,1,11,2,1,1,1,3,1,1,3,135000,1,3,2,0
2,7,1,2,1,1,3,1,3,1,1,3,1,2,1,73433,1,1,1,0
2,10,1,1,7,1,3,1,2,1,1,1,1,1,4,1000000,1,1,1,0
1,14,1,1,1,13,2,2,2,1,1,3,6,1,5,29940,3,2,2,0
1,4,1,1,1,1,7,3,3,1,1,2,1,1,3,97000,1,3,2,0
2,1,1,1,3,1,2,2,1,1,1,3,1,1,1,43755,1,1,1,0
2,12,1,1,10,1,7,2,4,1,1,1,1,1,3,61196,1,1,1,0
2,1,1,1,3,8,2,2,4,1,1,3,1,1,1,36115,1,1,1,0
2,4,1,1,3,7,3,1,3,1,1,8,1,2,3,78000,1,3,2,0
2,11,1,1,12,1,7,2,4,1,1,8,1,2,1,61194,1,1,1,0
2,14,1,3,4,10,11,3,3,1,1,1,2,1,5,18720,3,2,2,0
2,7,1,3,1,1,3,1,3,1,1,3,1,2,1,4773,1,1,1,0
2,4,3,1,2,6,5,2,3,2,1,1,1,1,3,27000,1,3,2,0
2,2,1,1,8,1,7,3,2,1,1,1,3,1,2,9393,2,2,2,0
2,2,1,1,3,1,7,2,3,1,1,2,3,1,2,28178,2,2,2,0
2,14,3,3,1,1,7,2,3,1,1,2,3,1,5,11232,3,2,2,0
2,7,1,2,1,8,1,3,2,1,1,3,1,1,1,79552,1,1,1,0
2,1,1,5,12,1,7,1,3,1,1,2,1,2,1,41671,1,1,1,0
2,17,1,2,3,8,2,2,2,1,1,3,1,1,1,53851,1,1,3,0
2,2,1,1,1,1,1,3,1,1,1,1,1,1,2,26612,2,2,2,0
2,1,1,2,7,3,2,1,4,2,1,2,1,1,1,54173,1,1,1,0
2,4,1,1,1,1,11,2,3,1,1,1,1,1,3,100000,1,3,2,0
2,4,1,1,1,1,1,1,4,1,1,3,1,1,3,90000,1,3,2,0
1,4,1,1,1,1,7,2,4,1,1,5,1,1,3,137000,1,3,2,0
2,12,1,3,1,3,1,2,2,1,1,8,1,1,3,64417,1,1,1,0
2,12,1,1,1,4,7,1,1,1,1,7,1,1,3,76495,1,1,1,0
1,4,1,1,6,3,7,2,4,1,3,9,6,1,3,85000,1,3,2,0
1,4,1,1,1,1,11,2,3,1,1,8,1,2,3,122000,1,3,2,0
2,4,1,2,1,9,3,1,2,1,2,3,6,1,3,153000,1,3,2,0
2,4,1,2,5,8,3,2,4,1,1,4,1,1,3,100000,1,3,2,0
2,5,1,2,1,3,4,3,3,1,1,2,1,1,1,68000,2,2,1,0
2,10,1,1,1,1,11,1,4,1,1,3,1,1,4,479844,1,1,1,0
2,2,1,2,1,1,1,2,3,1,1,3,3,1,2,50094,2,2,2,0
2,5,1,2,3,1,4,2,4,1,1,2,1,1,1,54697,2,2,1,0
1,4,1,3,9,6,2,1,4,1,2,1,1,1,3,120000,1,3,2,0
2,4,1,1,6,1,11,1,4,1,1,2,1,2,3,2000000,1,3,2,0
1,6,1,2,1,2,7,2,3,1,1,3,1,1,1,39276,2,2,2,0
2,3,1,2,5,1,3,1,2,1,1,4,1,1,1,74856,1,1,3,0
2,1,1,3,1,1,4,2,2,1,1,3,1,2,1,80217,1,1,1,0
2,1,1,1,1,15,7,2,2,1,2,3,3,1,1,69452,1,1,1,0
2,12,1,1,1,1,4,1,3,1,1,3,1,1,3,60391,1,1,1,0
2,7,1,1,2,15,2,2,2,1,1,3,1,1,1,91791,1,1,1,0
2,2,1,1,1,1,2,2,2,1,1,8,3,1,2,11652,2,2,2,0
2,4,1,1,1,9,1,2,4,1,1,3,1,1,3,1080000,1,3,2,0
2,16,1,2,3,7,4,1,2,1,1,1,1,1,1,48756,1,1,3,0
2,10,1,2,1,10,4,2,1,1,1,1,1,1,4,119960,1,1,1,0
2,4,1,2,1,1,7,3,2,1,1,1,3,1,3,90000,1,3,2,0
2,12,1,1,1,1,1,1,2,1,1,6,1,1,3,98639,1,1,1,0
2,12,1,3,1,3,1,2,2,1,1,8,5,2,3,76495,1,1,1,0
2,7,1,2,3,1,4,2,3,1,1,8,4,1,1,66824,1,1,1,0
2,12,1,1,3,6,2,2,4,1,1,8,1,2,3,76495,1,1,1,0
2,4,1,2,1,1,7,1,4,1,1,2,3,2,3,80000,1,3,2,0
2,1,1,2,5,1,7,2,3,2,2,4,1,1,1,60143,1,1,1,0
1,4,1,2,5,1,7,1,1,2,1,3,1,1,3,90000,1,3,2,0
2,15,1,1,1,1,7,3,4,1,1,1,4,1,2,108840,1,1,2,0
1,11,1,2,1,1,1,2,2,1,1,3,1,1,1,49567,1,1,1,0
1,4,1,1,7,14,5,2,4,1,3,1,1,1,3,76000,1,3,2,0
2,2,2,2,11,1,2,1,3,1,1,1,1,1,2,0,2,2,2,0
2,4,1,1,1,1,1,2,2,1,1,6,1,1,3,70000,1,3,2,0
2,4,1,1,1,1,4,2,4,1,1,1,1,1,3,150000,1,3,2,0
1,6,1,1,6,1,5,2,3,1,1,1,1,1,1,11040,2,2,2,0
1,2,1,1,1,1,7,1,3,1,1,8,3,1,2,17220,2,2,2,0
2,8,1,3,1,1,4,2,2,1,1,2,1,1,1,55075,1,1,1,0
2,4,1,1,2,1,7,2,4,2,2,3,1,1,3,125000,1,3,2,0
2,4,1,2,8,1,1,2,2,1,1,1,3,1,3,65000,1,3,2,0
2,6,1,1,5,5,7,1,3,1,1,1,1,2,1,29292,2,2,2,0
2,1,1,1,1,9,1,2,3,1,1,2,1,1,1,48616,1,1,1,0
2,10,1,3,1,1,7,2,1,1,1,8,1,2,4,60000,1,1,1,0
2,16,1,1,1,1,7,1,3,1,1,1,1,1,1,39648,1,1,3,0
2,8,2,2,1,1,3,1,3,1,1,7,1,1,1,39164,1,1,1,0
2,10,1,1,1,3,7,2,3,1,1,1,1,1,4,99967,1,1,1,0
1,6,1,3,8,1,2,3,3,1,1,5,1,1,1,12732,2,2,2,0
2,4,1,5,1,18,5,2,2,1,1,2,1,2,3,10000,1,3,2,0
2,1,1,7,1,1,9,2,2,1,1,3,1,1,1,62507,1,1,1,0
2,4,1,2,1,1,3,2,4,1,1,5,1,1,3,110000,1,3,2,0
2,7,1,2,1,7,11,3,3,1,1,7,1,1,1,44060,1,1,1,0
2,7,1,1,1,1,7,1,3,1,1,1,1,2,1,34881,1,1,1,0
2,4,1,1,9,4,7,2,3,1,1,3,1,2,3,148500,1,3,2,0
1,14,1,2,3,7,7,1,2,1,1,8,2,1,5,21420,3,2,2,0
2,6,1,2,7,9,2,2,2,1,4,8,1,1,1,9552,2,2,2,0
2,1,1,2,3,1,11,2,3,1,1,2,1,1,1,83342,1,1,1,0
2,4,1,1,4,1,7,2,2,1,3,6,1,1,3,85000,1,3,2,0
2,10,1,1,1,1,1,1,2,1,1,1,1,1,4,79973,1,1,1,0
1,3,1,1,3,4,3,2,2,2,3,4,1,1,1,67371,1,1,3,0
1,4,1,1,1,1,4,2,3,2,2,4,1,1,3,160000,1,3,2,0
2,2,1,1,6,1,2,1,1,1,1,1,1,2,2,1972,2,2,2,0
2,4,1,1,1,1,11,2,3,1,1,1,1,1,3,130000,1,3,2,0
2,6,1,3,1,1,3,3,3,1,1,4,1,2,1,31848,2,2,2,0
2,12,1,1,1,1,7,3,3,1,1,1,6,1,3,1000000,1,1,1,0
2,4,1,2,3,1,2,2,3,1,1,3,1,1,3,95688,1,3,2,0
2,12,1,4,1,2,1,2,2,1,1,6,1,1,3,56365,1,1,1,0
2,4,1,2,4,1,7,2,1,1,2,3,1,1,3,175000,1,3,2,0
2,5,1,1,7,1,2,2,4,1,1,4,1,1,1,35292,2,2,1,0
2,20,1,2,1,1,2,2,3,1,1,3,1,1,1,25056,3,2,2,0
2,16,1,3,1,1,4,3,3,1,1,2,1,1,1,79552,1,1,3,0
2,2,1,1,1,1,1,2,2,1,1,7,3,1,2,1565,2,2,2,0
2,4,1,2,1,1,7,2,3,2,1,3,2,1,3,135000,1,3,2,0
2,14,1,2,5,14,11,2,3,1,1,2,6,1,5,18336,3,2,2,0
2,14,3,3,8,1,3,2,2,1,1,1,3,1,5,21336,3,2,2,0
2,4,1,1,1,9,2,3,3,1,1,6,6,1,3,71500,1,3,2,0
2,4,1,1,1,1,3,1,1,1,1,8,1,1,3,120000,1,3,2,0
2,4,2,2,1,1,11,2,2,1,1,1,6,1,3,120000,1,3,2,0
2,16,2,1,1,6,2,2,3,2,1,1,1,1,1,8808,1,1,3,0
1,1,1,2,1,1,4,1,4,1,1,1,1,1,1,93066,1,1,1,0
1,4,1,1,1,1,3,2,4,1,1,3,1,1,3,175000,1,3,2,0
1,2,1,2,1,3,1,2,3,1,1,1,3,2,2,18780,2,2,2,0
2,8,1,6,1,1,3,2,1,1,1,3,1,1,1,48955,1,1,1,0
2,1,1,2,1,1,4,2,1,1,1,3,1,1,1,69452,1,1,1,0
2,2,1,2,1,1,1,2,2,1,1,1,6,1,2,18216,2,2,2,0
2,4,2,1,1,1,4,2,2,1,1,1,2,2,3,61000,1,3,2,0
1,6,2,2,3,3,1,2,2,1,1,1,1,1,1,42456,2,2,2,0
2,1,1,3,1,1,1,1,2,1,1,1,1,1,1,733416,1,1,1,0
2,20,1,2,1,1,7,3,1,1,1,8,1,1,1,8352,3,2,2,0
2,7,1,1,1,1,11,2,3,1,1,3,1,2,1,67313,1,1,1,0
2,20,1,3,3,1,7,2,3,1,1,3,1,1,1,24000,3,2,2,0
2,16,3,3,1,4,4,1,1,1,1,1,1,2,1,44064,1,1,3,0
2,4,1,1,1,2,4,2,2,1,1,3,1,1,3,90000,1,3,2,0
2,10,1,1,1,9,11,2,1,1,1,1,1,1,4,67418,1,1,1,0
2,2,1,1,3,8,2,1,3,1,1,3,3,1,2,178464,2,2,2,0
2,7,2,2,1,16,4,2,2,2,3,3,1,1,1,58752,1,1,1,0
2,2,1,1,1,4,1,2,2,1,1,3,6,1,2,28178,2,2,2,0
2,4,1,2,1,1,4,2,3,1,1,1,1,2,3,117300,1,3,2,0
2,4,2,3,12,1,7,1,1,1,1,6,1,2,3,50000,1,3,2,0
2,4,1,1,2,4,5,2,1,2,4,3,1,1,3,32000,1,3,2,0
2,8,1,5,3,1,5,2,3,1,1,7,1,1,1,11748,1,1,1,0
2,13,1,1,9,1,11,1,3,1,1,1,1,2,1,42588,1,1,1,0
2,4,3,1,8,18,5,2,4,1,1,3,1,1,3,46000,1,3,2,0
2,4,1,1,1,1,7,2,2,2,1,1,1,1,3,62500,1,3,2,0
1,11,1,2,1,1,3,1,2,1,1,3,1,1,1,36716,1,1,1,0
2,4,1,1,6,1,5,2,1,1,1,9,6,1,3,60000,1,3,2,0
2,4,1,3,4,1,3,2,2,1,1,1,1,1,3,112000,1,3,2,0
2,4,1,1,6,1,7,2,2,1,1,1,1,2,3,91000,1,3,2,0
2,16,1,1,1,1,7,2,3,1,1,6,1,1,1,41612,1,1,3,0
2,2,1,2,1,9,7,2,1,1,1,3,3,1,2,1644,2,2,2,0
2,4,1,2,1,1,11,2,3,1,1,3,1,2,3,113000,1,3,2,0
2,1,1,1,1,1,7,1,2,1,1,8,1,1,1,48616,1,1,1,0
2,7,1,7,7,4,2,2,2,1,1,4,1,1,1,77104,1,1,1,0
2,2,1,1,1,4,2,1,1,2,1,3,3,1,2,15654,2,2,2,0
2,9,1,2,1,16,3,1,2,1,1,1,4,1,2,47688,2,2,2,0
2,4,1,1,1,1,11,4,1,1,2,3,1,1,3,40000,1,3,2,1
2,4,1,3,1,1,11,1,3,1,1,1,4,1,3,133500,1,3,2,0
2,1,1,1,5,1,4,3,2,1,1,1,1,2,1,94455,1,1,1,0
2,4,2,7,7,8,7,2,2,1,1,8,1,1,3,240000,1,3,2,0
1,4,1,1,1,1,1,1,3,1,1,1,1,2,3,80000,1,3,2,0
2,7,1,2,3,1,3,2,3,1,1,3,1,1,1,79552,1,1,1,0
1,11,1,2,1,1,7,2,3,1,1,2,1,2,1,572772,1,1,1,0
1,7,1,2,1,1,1,2,2,1,1,2,1,1,1,67313,1,1,1,0
2,7,1,3,1,1,1,1,2,1,1,8,1,1,1,51403,1,1,1,0
1,11,1,2,1,1,4,1,2,1,1,2,1,2,1,52627,1,1,1,0
2,7,1,3,8,1,2,1,4,1,1,3,1,1,1,53851,1,1,1,0
2,4,1,1,1,1,10,2,2,2,1,7,3,1,3,110000,1,3,2,0
2,2,1,1,1,1,1,2,4,1,1,2,3,1,2,16908,2,2,2,0
2,10,1,5,6,4,2,2,4,1,4,2,1,1,4,43985,1,1,1,0
2,4,3,3,1,4,2,1,4,1,1,1,1,1,3,82400,1,3,2,0
2,13,1,2,1,1,3,3,2,1,1,9,1,2,1,104030,1,1,1,0
2,20,1,2,1,1,7,1,2,1,1,3,1,1,1,34800,3,2,2,0
2,7,1,3,1,4,7,2,4,1,1,8,1,1,1,42836,1,1,1,0
2,3,1,1,8,1,1,3,4,1,1,8,1,1,1,65868,1,1,3,0
2,4,1,1,1,1,1,2,4,1,1,1,1,1,3,75000,1,3,2,0
2,4,1,1,1,3,1,2,2,1,1,6,1,1,3,105000,1,3,2,0
2,13,1,2,1,4,4,2,3,1,1,3,1,1,1,20855,1,1,1,0
2,7,3,5,7,13,4,2,3,1,1,6,1,1,1,54048,1,1,1,0
2,4,1,1,11,1,1,2,3,1,1,1,1,1,3,135000,1,3,2,0
1,4,1,1,1,7,1,1,2,1,1,1,1,2,3,88267,1,3,2,0
1,1,1,2,1,3,4,2,3,1,1,6,1,1,1,76397,1,1,1,0
2,4,1,3,10,15,4,2,3,1,1,2,1,2,3,105000,1,3,2,0
1,14,1,1,8,1,7,2,3,1,1,1,2,1,5,17592,3,2,2,0
1,7,1,2,1,9,7,2,2,1,1,3,1,1,1,75880,1,1,1,0
2,4,1,1,3,3,7,1,3,1,1,1,1,2,3,130000,1,3,2,0
2,2,1,1,8,3,2,3,2,1,1,3,1,1,2,2818,2,2,2,0
2,4,1,1,6,3,5,2,4,1,1,2,6,1,3,50000,1,3,2,0
2,2,1,1,1,1,2,3,2,1,1,8,3,1,2,9396,2,2,2,0
2,4,1,1,12,6,2,2,2,2,1,6,1,1,3,39000,1,3,2,0
2,2,1,1,1,1,2,1,2,2,1,1,3,1,2,6576,2,2,2,0
1,2,1,1,1,1,1,1,3,1,1,3,3,1,2,26612,2,2,2,0
2,4,3,1,8,1,1,2,1,1,1,2,1,2,3,75000,1,3,2,0
1,4,3,1,9,19,5,2,3,1,1,3,1,2,3,120000,1,3,2,0
1,8,1,3,1,1,7,2,3,1,1,1,1,1,1,16152,1,1,1,0
2,3,1,2,1,1,7,2,1,1,1,1,1,2,1,78900,1,1,3,0
2,11,1,2,1,1,4,1,3,1,1,1,2,1,1,76492,1,1,1,0
2,4,1,1,1,1,7,1,1,1,1,6,1,1,3,102000,1,3,2,0
2,2,1,2,12,1,7,1,3,1,1,7,5,2,2,6948,2,2,2,0
2,3,1,1,1,1,1,2,4,1,1,1,1,1,1,44916,1,1,3,0
1,2,1,1,1,1,7,2,3,1,1,3,3,1,2,10958,2,2,2,0
2,3,1,2,1,7,10,2,3,1,1,7,1,2,1,82344,1,1,3,0
2,7,1,2,1,1,7,2,3,1,1,1,1,1,1,44064,1,1,1,0
2,14,1,1,1,14,1,1,2,1,1,4,1,1,5,19764,3,2,2,0
2,4,1,1,2,1,5,1,1,1,1,8,1,1,3,106000,1,3,2,0
2,4,1,2,1,1,2,2,2,2,1,3,3,1,3,73000,1,3,2,0
1,11,1,2,1,1,1,2,4,1,1,8,1,1,1,50791,1,1,1,0
2,4,1,3,1,1,1,1,4,1,1,3,1,2,3,133000,1,3,2,0
2,11,1,3,1,1,1,2,4,1,3,1,1,1,1,56910,1,1,1,0
2,12,1,2,5,8,1,1,4,1,1,8,1,1,3,64417,1,1,1,0
2,4,1,1,1,1,3,3,3,1,1,3,1,1,3,78000,1,3,2,0
2,6,1,2,7,2,2,2,4,1,1,3,1,1,1,36084,2,2,2,0
1,4,1,2,3,7,1,2,3,1,1,3,1,1,3,117000,1,3,2,0
2,4,1,1,9,6,7,2,2,2,2,1,1,1,3,90000,1,3,2,0
2,7,1,2,1,1,2,1,4,1,1,3,1,2,1,73452,1,1,1,0
2,9,3,2,1,1,7,2,4,1,1,2,6,2,2,48000,2,2,2,0
2,1,1,2,1,1,3,2,4,1,1,3,1,1,1,52506,1,1,1,0
2,7,1,2,1,1,2,1,3,1,1,4,1,1,1,62418,1,1,1,0
2,4,1,1,8,1,1,2,3,1,1,8,1,2,3,125000,1,3,2,0
2,17,1,3,1,1,7,1,3,1,1,3,1,2,1,29376,1,1,3,0
2,4,1,1,5,1,1,1,1,1,1,1,1,2,3,180000,1,3,2,0
2,1,1,1,12,3,1,1,4,1,1,8,1,1,1,34726,1,1,1,0
2,4,1,1,4,4,2,3,3,1,1,3,1,1,3,120000,1,3,2,0
2,6,1,2,1,1,3,3,3,1,1,1,1,1,1,24840,2,2,2,0
2,11,2,2,7,1,1,2,2,1,1,1,1,1,1,29376,1,1,1,0
2,14,1,3,1,1,1,2,2,1,1,3,1,1,5,56145,3,2,2,0
2,4,1,1,1,1,2,2,3,2,2,8,1,1,3,65000,1,3,2,0
2,1,1,1,8,1,4,2,3,1,1,2,1,2,1,104178,1,1,1,0
2,3,2,2,1,4,7,2,2,1,1,2,1,1,1,59880,1,1,3,0
2,2,2,1,1,1,2,1,4,1,1,3,3,1,2,7884,2,2,2,0
2,15,1,1,3,1,2,2,2,1,1,1,1,1,2,91284,1,1,2,0
2,6,1,2,3,1,7,2,4,1,1,3,1,1,1,42456,2,2,2,0
2,13,1,5,1,2,1,2,1,1,1,7,2,1,1,39164,1,1,1,0
1,4,1,1,1,6,7,2,4,1,1,1,1,1,3,65100,1,3,2,0
2,2,1,2,1,2,2,3,3,1,1,8,2,1,2,4321,2,2,2,0
2,7,1,2,6,14,7,2,4,1,1,4,1,1,1,79552,1,1,1,0
1,2,1,2,12,1,7,2,3,1,1,3,3,1,2,7044,2,2,2,0
1,2,1,1,1,6,2,1,3,1,1,7,3,2,2,28178,2,2,2,0
2,10,1,1,1,1,11,2,3,2,1,1,1,2,4,71976,1,1,1,0
1,11,1,2,1,1,1,2,3,1,1,7,1,1,1,49200,1,1,1,0
2,4,1,1,1,9,1,2,3,1,1,1,1,1,3,55000,1,3,2,0
2,1,1,1,1,2,7,3,3,1,1,1,1,1,1,94455,1,1,1,0
2,1,1,1,1,1,3,3,3,1,3,2,1,1,1,24308,1,1,1,0
2,12,1,3,9,10,2,3,1,1,1,8,3,1,3,657060,1,1,1,0
2,7,1,1,8,2,7,2,4,2,1,1,3,2,1,73433,1,1,1,0
2,1,1,3,1,1,7,2,2,1,1,1,1,2,1,38337,1,1,1,0
2,4,1,1,1,1,3,2,3,1,1,1,1,1,3,138000,1,3,2,0
1,19,1,3,1,15,3,2,4,1,1,8,1,1,1,52872,1,1,3,0
2,5,2,2,1,1,3,1,3,1,1,3,1,2,1,49404,2,2,1,0
2,16,1,3,1,2,1,1,4,1,1,4,1,1,1,79552,1,1,3,0
2,8,1,2,1,3,4,1,3,1,1,3,1,2,1,39164,1,1,1,0
2,4,1,1,1,4,3,2,2,1,1,2,1,1,3,96000,1,3,2,0
2,12,1,4,1,4,1,2,3,1,1,8,1,1,3,64417,1,1,1,0
2,4,1,1,1,6,7,1,2,2,2,8,1,1,3,82000,1,3,2,0
2,7,1,1,1,1,3,2,3,1,1,2,1,1,1,38184,1,1,1,0
2,7,3,1,1,1,2,2,2,1,1,2,1,1,1,11748,1,1,1,0
2,19,1,2,1,1,4,2,3,1,1,3,1,2,1,69761,1,1,3,0
2,11,1,2,1,1,1,3,4,1,1,3,1,2,1,52627,1,1,1,0
2,2,1,1,1,10,1,1,1,1,1,1,3,1,2,23500,2,2,2,0
2,2,1,1,1,14,7,2,4,1,1,7,3,2,2,22699,2,2,2,0
2,5,1,2,3,1,2,2,2,1,1,3,1,1,1,49404,2,2,1,0
2,4,1,1,3,1,11,2,4,1,1,1,1,1,3,110000,1,3,2,0
2,4,2,1,1,1,7,2,4,2,2,4,1,1,3,30000,1,3,2,0
1,11,1,2,3,14,2,1,2,1,1,3,1,1,1,616836,1,1,1,0
2,18,1,1,1,9,1,3,3,1,1,1,1,1,1,75072,1,1,3,0
2,4,1,1,1,1,7,2,3,1,1,1,6,1,3,100000,1,3,2,0
2,4,1,1,1,1,1,2,3,1,1,3,1,1,3,120750,1,3,2,0
2,2,1,2,1,2,7,3,1,1,1,3,1,1,2,23873,2,2,2,0
2,4,1,7,1,1,1,2,1,1,1,1,1,1,3,2000000,1,3,2,0
2,7,1,1,1,9,1,3,1,1,1,2,1,1,1,54928,1,1,1,0
2,18,2,2,1,16,11,2,2,1,1,4,1,1,1,59538,1,1,3,0
2,4,1,1,1,1,2,1,4,1,1,8,2,1,3,95000,1,3,2,0
2,4,2,2,3,8,3,2,2,1,1,1,1,1,3,85000,1,3,2,0
2,1,1,1,8,3,4,1,2,1,1,1,1,1,1,131959,1,1,1,0
2,2,1,1,1,3,2,3,2,1,1,7,3,1,2,12396,2,2,2,0
2,12,1,4,12,1,11,1,3,1,1,4,1,2,3,78106,1,1,1,0
2,2,1,1,1,4,1,2,3,1,1,1,3,1,2,11268,2,2,2,0
2,4,1,3,1,1,7,2,1,1,1,1,1,2,3,75000,1,3,2,0
2,4,1,2,1,1,4,2,3,1,1,3,1,1,3,111800,1,3,2,0
1,20,1,2,1,4,2,2,3,1,1,2,1,2,1,9600,3,2,2,0
2,16,1,8,1,1,3,3,4,1,1,3,1,2,1,46992,1,1,3,0
2,7,1,2,3,1,3,1,2,1,2,1,1,1,1,38184,1,1,1,0
2,2,1,1,1,1,2,2,4,1,1,1,1,1,2,225420,2,2,2,0
2,4,1,2,1,9,3,2,4,1,1,1,1,1,3,2000000,1,3,2,0
1,4,1,1,8,1,1,4,2,1,1,1,3,1,3,63000,1,3,2,1
2,2,1,2,5,2,5,3,1,2,1,3,3,1,2,4884,2,2,2,0
2,18,1,4,1,9,7,1,3,1,1,1,1,1,1,91757,1,1,3,0
2,17,1,1,12,6,7,1,2,1,1,3,1,1,1,41856,1,1,3,0
2,6,1,2,1,16,1,2,4,1,1,3,1,1,1,12732,2,2,2,0
1,4,1,1,4,4,2,2,3,1,1,4,7,1,3,76000,1,3,2,0
2,4,1,1,1,3,2,1,1,1,1,1,2,1,3,120000,1,3,2,0
1,15,1,1,1,1,7,1,2,1,1,3,4,1,2,84264,1,1,2,0
2,6,1,2,1,1,1,2,4,1,1,4,1,1,1,24624,2,2,2,0
1,12,1,1,1,15,8,2,1,1,1,1,3,1,3,64417,1,1,1,0
1,7,1,5,4,1,7,2,3,2,1,2,1,1,1,558084,1,1,1,0
2,16,2,1,1,1,7,1,1,1,1,1,4,2,1,62184,1,1,3,0
2,2,1,1,1,1,2,2,3,1,1,1,3,1,2,20194,2,2,2,0
2,2,1,1,1,1,7,1,2,1,1,1,3,1,2,21916,2,2,2,0
2,4,1,1,1,6,2,1,4,1,1,3,1,1,3,85000,1,3,2,0
2,2,1,2,1,10,1,2,1,1,1,1,3,1,2,12216,2,2,2,0
2,15,1,5,1,1,2,2,3,1,1,1,1,2,2,79200,1,1,2,0
2,4,1,3,11,15,2,1,1,1,2,1,1,1,3,90000,1,3,2,0
2,7,1,2,7,8,4,2,2,1,1,4,2,1,1,46507,1,1,1,0
2,4,1,1,3,1,7,1,4,1,1,6,1,1,3,57000,1,3,2,0
2,6,1,8,3,1,7,2,3,1,1,7,1,1,1,21228,2,2,2,0
2,12,1,1,1,1,1,2,2,1,1,4,5,1,3,59586,1,1,1,0
1,18,1,1,1,1,3,2,2,1,1,4,1,1,1,104269,1,1,3,0
2,4,1,1,1,9,7,2,2,1,1,3,1,1,3,120000,1,3,2,0
1,1,1,1,5,1,5,1,4,2,1,8,6,1,1,50700,1,1,1,0
2,11,1,2,1,4,7,2,2,1,1,1,1,2,1,45283,1,1,1,0
1,4,1,1,9,3,2,3,4,2,2,3,1,1,3,65000,1,3,2,0
2,4,1,1,2,14,5,1,2,1,1,1,1,1,3,45000,1,3,2,0
2,11,1,6,9,4,7,2,2,1,1,7,1,2,1,39164,1,1,1,0
2,2,1,3,1,3,7,3,3,1,1,3,3,1,2,807768,2,2,2,0
2,7,3,3,1,1,7,2,3,1,1,2,1,1,1,39648,1,1,1,0
2,2,1,1,3,1,7,2,4,1,1,2,3,1,2,15972,2,2,2,0
2,7,1,5,1,1,7,3,3,1,1,3,1,1,1,29376,1,1,1,0
2,2,1,1,1,8,7,2,1,1,1,9,3,1,2,10080,2,2,2,0
1,1,1,3,1,1,3,1,3,1,1,3,1,1,1,43755,1,1,1,0
1,16,1,4,1,1,4,2,3,1,1,1,1,2,1,61680,1,1,3,0
1,5,1,1,1,4,3,2,3,1,1,2,1,1,1,28236,2,2,1,0
2,1,1,2,1,4,7,2,4,1,1,1,6,2,1,90288,1,1,1,0
2,4,1,1,1,1,1,1,4,1,1,5,3,1,3,160000,1,3,2,0
2,1,1,1,1,1,4,2,3,1,3,1,1,1,1,130570,1,1,1,0
2,4,1,2,1,1,3,2,2,1,1,6,1,1,3,95000,1,3,2,0
2,11,1,2,1,7,1,2,2,1,1,2,1,1,1,50179,1,1,1,0
2,2,1,1,1,9,1,1,2,1,1,9,3,1,2,21600,2,2,2,0
2,4,1,1,3,1,3,1,2,1,1,1,2,2,3,125000,1,3,2,0
2,4,1,4,4,1,11,1,2,1,1,2,1,2,3,120000,1,3,2,0
2,11,1,2,1,1,3,2,2,1,1,1,1,2,1,66089,1,1,1,0
2,4,1,2,1,1,1,2,4,1,1,3,3,1,3,170000,1,3,2,0
2,11,1,2,1,4,1,2,3,1,1,1,1,1,1,580116,1,1,1,0
2,18,1,1,12,3,7,2,2,1,1,3,1,1,1,77264,1,1,3,0
2,1,1,5,2,1,2,3,3,1,1,2,1,1,1,36671,1,1,1,0
1,4,1,2,1,1,3,2,1,1,1,3,1,1,3,90000,1,3,2,0
2,12,1,4,1,1,11,2,4,1,1,1,1,2,3,1000000,1,1,1,0
2,2,2,1,1,3,2,2,3,1,1,9,3,2,2,0,2,2,2,0
2,5,2,1,1,2,2,1,3,1,1,3,1,2,1,25404,2,2,1,0
2,20,1,2,3,1,11,2,3,1,1,3,1,2,1,48000,3,2,2,0
2,7,1,3,1,1,7,1,3,1,1,8,1,1,1,53851,1,1,1,0
2,1,1,1,1,9,3,2,2,1,1,1,1,1,1,66674,1,1,1,0
2,7,3,3,1,1,3,3,3,1,1,2,1,1,1,55075,1,1,1,0
2,2,1,1,1,1,7,2,1,1,1,1,1,1,2,10958,2,2,2,0
2,4,2,1,1,1,1,2,3,1,1,3,3,1,3,90000,1,3,2,0
2,4,2,2,1,1,7,3,2,1,1,1,3,2,3,68000,1,3,2,0
1,4,1,7,5,14,7,1,4,2,1,4,1,1,3,85000,1,3,2,0
2,4,1,1,6,3,2,2,2,2,1,3,1,2,3,70000,1,3,2,0
1,4,1,4,5,3,5,1,4,1,1,5,1,1,3,70000,1,3,2,0
1,4,1,1,5,2,2,1,4,2,1,4,1,1,3,84000,1,3,2,0
2,4,1,1,3,2,5,1,1,1,1,3,1,2,3,60000,1,3,2,0
2,1,1,2,1,1,1,2,4,1,1,1,5,1,1,69452,1,1,1,0
2,16,1,1,1,1,2,2,4,1,1,3,1,1,1,52015,1,1,3,0
2,3,1,4,12,3,1,2,2,1,1,2,1,1,1,58392,1,1,3,0
1,4,1,1,1,4,2,2,3,1,1,6,1,2,3,70000,1,3,2,0
1,6,1,2,8,1,7,1,4,2,3,3,5,1,1,15924,2,2,2,0
1,2,1,1,1,1,7,3,4,1,1,1,3,1,2,34440,2,2,2,0
2,7,1,2,1,1,2,1,2,1,1,3,1,1,1,104030,1,1,1,0
2,2,1,1,1,1,5,2,3,1,1,6,3,1,2,5640,2,2,2,0
1,10,1,1,1,10,3,2,2,1,1,2,1,2,4,99167,1,1,1,0
2,4,1,2,9,6,7,2,2,2,1,1,1,1,3,75000,1,3,2,0
2,8,3,1,1,4,4,2,4,1,1,7,1,1,1,42836,1,1,1,0
2,11,1,2,1,15,4,2,2,1,1,3,1,2,1,113821,1,1,1,0
2,10,1,1,1,1,3,2,4,1,1,3,1,1,4,83972,1,1,1,0
2,4,1,1,6,8,7,2,4,1,1,5,1,1,3,108000,1,3,2,0
1,16,1,2,1,1,3,3,2,1,1,3,3,2,1,77716,1,1,3,0
1,2,1,1,1,1,2,2,4,2,2,1,3,1,2,11268,2,2,2,0
2,4,1,1,1,1,1,2,4,1,1,6,1,1,3,92000,1,3,2,0
2,12,1,1,1,4,8,2,3,1,1,2,1,2,3,99041,1,1,1,0
2,7,1,2,1,1,3,1,4,1,1,4,1,1,1,106477,1,1,1,0
2,12,1,1,1,1,11,2,3,1,1,1,1,1,3,68443,1,1,1,0
2,16,1,2,1,1,3,2,1,1,1,1,1,1,1,79552,1,1,3,0
2,2,1,1,1,1,2,2,3,1,1,1,3,2,2,30213,2,2,2,0
2,7,1,3,1,1,7,3,3,1,1,1,1,1,1,9456,1,1,1,0
2,4,1,2,1,5,7,1,2,1,1,1,1,2,3,115000,1,3,2,0
2,8,1,2,1,7,3,1,1,1,1,2,1,1,1,53851,1,1,1,0
2,10,1,1,8,1,8,2,1,1,1,1,1,2,4,92769,1,1,1,0
2,4,1,2,3,14,3,1,3,1,1,1,1,1,3,78500,1,3,2,0
2,4,1,1,1,4,1,2,2,1,1,4,1,1,3,90000,1,3,2,0
2,4,1,1,1,1,3,2,2,1,1,3,1,1,3,575000,1,3,2,0
2,12,2,1,1,3,7,1,1,1,1,1,6,1,3,72469,1,1,1,0
2,2,1,2,1,4,7,2,1,1,1,8,6,1,2,131496,2,2,2,0
2,2,1,2,1,2,1,2,1,1,1,6,3,2,2,90168,2,2,2,0
2,1,1,1,1,2,3,2,3,1,1,2,1,1,1,69452,1,1,1,0
2,4,1,1,1,1,1,3,4,1,1,3,1,1,3,90000,1,3,2,0
2,1,1,2,1,1,1,1,1,1,1,1,1,1,1,76397,1,1,1,0
2,1,1,1,1,1,11,3,3,1,1,8,1,2,1,66674,1,1,1,0
2,10,1,1,8,1,7,2,4,1,1,3,1,1,4,35988,1,1,1,0
2,5,1,2,5,1,7,3,1,1,1,3,1,1,1,28236,2,2,1,0
2,4,1,1,1,1,4,2,4,1,1,1,1,1,3,155500,1,3,2,0
1,19,1,5,1,1,4,3,3,1,1,7,1,1,1,44064,1,1,3,0
2,2,2,1,1,5,7,1,2,1,1,1,3,2,2,36678,2,2,2,0
2,4,1,5,1,1,7,2,3,1,1,1,1,1,3,150000,1,3,2,0
2,4,1,1,1,9,2,2,4,1,1,1,1,1,3,61000,1,3,2,0
1,5,1,1,1,1,7,1,4,2,1,3,1,1,1,28236,2,2,1,0
2,4,1,2,2,1,2,1,1,1,1,3,5,1,3,2000000,1,3,2,0
2,2,1,2,1,11,7,2,4,1,1,1,1,1,2,3444,2,2,2,0
2,2,1,2,1,1,2,1,2,1,1,7,3,2,2,28178,2,2,2,0
1,2,2,2,1,2,2,1,1,1,1,1,2,2,2,3756,2,2,2,0
1,12,1,1,7,4,2,2,3,2,1,3,1,2,3,64417,1,1,1,0
1,3,1,1,8,1,1,1,2,1,1,1,1,1,1,59880,1,1,3,0
2,2,2,2,1,4,1,3,3,1,1,2,3,1,2,16437,2,2,2,0
2,4,2,2,1,1,1,2,4,1,1,3,1,1,3,220000,1,3,2,0
2,4,1,1,1,1,3,2,4,1,1,1,3,1,3,97000,1,3,2,0
2,4,1,1,1,4,7,1,3,1,1,4,1,1,3,81000,1,3,2,0
2,13,1,4,12,4,1,2,2,1,1,6,1,1,1,22030,1,1,1,0
2,16,1,5,1,1,3,3,3,1,1,2,1,2,1,48468,1,1,3,0
2,12,1,7,5,1,7,2,4,1,1,8,3,1,3,2000000,1,1,1,0
2,4,1,1,1,1,4,2,2,1,1,5,1,1,3,75000,1,3,2,0
2,4,2,1,7,1,7,1,3,1,1,2,1,2,3,107000,1,3,2,0
2,4,1,1,2,1,2,2,1,1,1,3,1,1,3,120000,1,3,2,0
2,12,1,3,12,14,7,1,2,1,1,4,1,1,3,96626,1,1,1,0
2,9,1,1,1,2,2,2,4,1,1,7,4,1,2,10176,2,2,2,0
2,11,1,2,8,1,7,2,4,1,1,2,1,1,1,61194,1,1,1,0
1,4,2,2,3,14,3,1,3,1,1,1,1,1,3,34000,1,3,2,0
2,11,1,2,1,15,7,3,2,1,1,3,1,1,1,38552,1,1,1,0
2,4,1,3,9,1,10,2,3,1,1,3,1,2,3,1080000,1,3,2,0
1,2,1,1,3,1,5,2,1,1,1,8,4,1,2,4044,2,2,2,0
2,7,2,5,6,1,2,1,2,1,1,1,1,2,1,6168,1,1,1,0
2,4,1,1,1,1,6,2,3,1,1,8,1,1,3,140000,1,3,2,0
2,4,1,2,3,1,3,2,3,1,1,1,1,1,3,165000,1,3,2,0
2,4,1,1,1,11,2,1,2,1,1,2,5,1,3,70000,1,3,2,0
2,4,1,1,1,1,3,2,3,1,1,3,1,2,3,94000,1,3,2,0
2,18,1,1,1,1,4,1,2,1,1,7,1,1,1,114696,1,1,3,0
2,7,1,5,12,1,11,2,3,1,4,2,1,1,1,58746,1,1,1,0
2,7,1,2,1,1,1,1,3,1,1,2,1,1,1,79552,1,1,1,0
2,12,1,1,2,1,2,2,3,1,1,8,1,2,3,54755,1,1,1,0
1,14,1,1,1,1,2,1,1,1,1,2,1,1,5,14976,3,2,2,0
2,11,1,2,1,1,5,1,4,2,1,1,1,1,1,59970,1,1,1,0
2,11,1,2,3,1,1,1,2,1,1,9,1,1,1,572772,1,1,1,0
2,12,1,1,1,6,3,1,2,2,2,3,1,1,3,56365,1,1,1,0
2,4,1,1,1,1,7,3,4,1,2,1,1,1,3,68000,1,3,2,0
1,12,1,1,3,14,5,1,3,2,1,1,5,1,3,60391,1,1,1,0
2,1,1,7,1,7,1,2,2,1,1,1,1,1,1,97233,1,1,1,0
2,1,1,1,1,13,1,2,2,1,3,8,1,1,1,76397,1,1,1,0
2,2,1,1,1,1,2,2,1,1,1,1,3,1,2,10269,2,2,2,0
2,4,1,1,1,1,1,2,2,1,1,3,1,1,3,145000,1,3,2,0
1,1,1,2,4,1,2,1,2,2,2,1,1,1,1,47922,1,1,1,0
2,2,1,1,1,1,2,2,2,1,1,1,4,1,2,1884,2,2,2,0
2,4,1,1,1,1,8,3,2,1,1,3,1,1,3,136248,1,3,2,0
2,2,1,1,1,1,1,2,2,1,1,2,1,1,2,21600,2,2,2,0
2,1,1,1,5,4,2,1,2,1,1,1,1,2,1,48616,1,1,1,0
1,4,1,1,1,1,1,3,3,1,1,1,1,1,3,59000,1,3,2,0
1,2,1,2,1,1,2,4,3,2,1,8,3,1,2,4692,2,2,2,1
2,4,1,1,7,1,1,2,4,1,1,1,1,2,3,300000,1,3,2,0
2,2,1,2,7,9,2,2,3,1,1,1,3,1,2,16907,2,2,2,0
2,4,1,1,1,1,2,2,2,1,1,2,1,2,3,82500,1,3,2,0
2,16,1,1,12,3,3,2,2,1,1,1,1,1,1,57522,1,1,3,0
2,4,1,1,3,1,2,1,2,1,1,1,4,1,3,1260000,1,3,2,0
2,7,1,2,8,1,3,2,2,1,1,2,1,1,1,80776,1,1,1,0
1,16,1,2,1,1,1,3,2,1,1,3,3,2,1,69761,1,1,3,0
2,9,3,1,3,1,7,3,3,1,1,6,1,1,2,19068,2,2,2,0
1,1,1,1,1,1,7,2,2,1,1,2,1,1,1,84870,1,1,1,0
2,2,1,2,1,2,7,2,1,1,1,3,3,1,2,28176,2,2,2,0
2,4,1,1,1,1,1,1,4,1,1,1,1,2,3,120000,1,3,2,0
2,4,1,3,7,11,5,2,2,2,1,8,5,1,3,43000,1,3,2,0
2,19,1,3,1,1,7,2,2,1,1,1,1,1,1,55075,1,1,3,0
2,14,1,7,4,14,6,1,3,1,1,1,1,1,5,11976,3,2,2,0
2,10,1,1,1,1,9,3,1,1,1,8,1,1,4,71976,1,1,1,0
2,2,1,1,1,1,2,2,3,1,1,9,3,1,2,187848,2,2,2,0
2,4,1,7,9,1,3,2,3,1,1,5,1,2,3,105000,1,3,2,0
2,4,1,1,12,1,1,2,2,1,1,8,1,1,3,90000,1,3,2,0
2,7,1,1,1,3,2,1,2,1,1,3,1,1,1,45528,1,1,1,0
2,1,1,1,3,1,7,2,1,1,1,1,1,1,1,94455,1,1,1,0
1,6,1,6,3,3,2,2,1,2,1,4,1,1,1,14856,2,2,2,0
2,7,1,1,1,1,2,2,1,1,1,1,1,1,1,63642,1,1,1,0
2,1,1,1,1,1,7,3,4,1,1,2,1,1,1,69452,1,1,1,0
2,2,1,1,3,3,1,3,2,1,1,1,1,1,2,76397,2,2,2,0
2,2,1,1,1,1,2,1,4,1,1,3,3,1,2,28178,2,2,2,0
2,2,2,2,1,1,5,2,2,1,2,7,3,1,2,2820,2,2,2,0
1,7,1,2,1,1,1,2,2,1,1,6,1,1,1,78328,1,1,1,0
2,7,1,5,5,1,4,1,2,1,1,3,1,1,1,79552,1,1,1,0
2,8,1,2,1,1,7,1,2,1,1,1,1,1,1,39164,1,1,1,0
1,7,1,1,12,3,7,2,3,1,1,8,1,1,1,55075,1,1,1,0
2,7,1,2,1,1,7,2,2,1,1,4,1,1,1,54732,1,1,1,0
2,11,1,2,1,1,3,2,3,1,1,7,1,1,1,499344,1,1,1,0
2,4,1,4,1,1,2,1,3,1,1,1,1,1,3,60000,1,3,2,0
2,4,1,4,1,11,2,3,3,1,1,1,1,1,3,50000,1,3,2,0
2,14,2,1,1,4,1,4,3,1,1,2,1,1,5,29940,3,2,2,1
2,13,1,2,1,1,3,1,2,1,1,3,1,1,1,44060,1,1,1,0
2,11,2,2,1,1,7,3,3,1,1,1,1,1,1,36716,1,1,1,0
2,1,1,3,1,1,1,1,4,1,1,2,1,1,1,48616,1,1,1,0
2,1,1,2,1,1,11,3,3,1,1,2,1,2,1,52783,1,1,1,0
1,12,1,1,1,3,1,2,1,1,1,1,1,1,3,53949,1,1,1,0
1,13,1,1,1,1,3,2,4,1,1,1,2,1,1,396540,1,1,1,0
2,7,1,1,3,1,1,2,2,1,2,3,1,1,1,38184,1,1,1,0
2,7,1,2,3,9,11,1,3,1,1,3,1,1,1,67313,1,1,1,0
1,14,1,1,1,1,3,1,2,1,1,1,3,2,5,22452,3,2,2,0
2,7,1,1,2,1,11,2,2,1,1,2,1,1,1,73433,1,1,1,0
1,11,1,2,8,1,1,1,2,1,3,3,1,1,1,851820,1,1,1,0
2,4,1,1,9,4,5,2,2,1,1,1,3,1,3,103000,1,3,2,0
2,2,1,1,1,4,2,2,4,1,1,1,3,2,2,93924,2,2,2,0
2,2,1,1,1,1,2,2,1,1,1,9,3,1,2,3756,2,2,2,0
2,1,1,3,6,1,3,2,3,1,1,8,1,1,1,48200,1,1,1,0
2,4,1,7,5,8,3,2,4,2,1,3,1,2,3,200000,1,3,2,0
2,4,1,1,8,1,8,2,1,1,1,6,2,1,3,77400,1,3,2,0
1,4,1,1,1,1,8,2,4,1,1,3,1,1,3,95000,1,3,2,0
2,12,1,1,9,1,4,2,2,2,1,1,3,1,3,64417,1,1,1,0
2,1,1,3,8,4,1,2,3,1,1,2,1,1,1,55562,1,1,1,0
2,4,1,1,1,2,1,2,2,1,1,3,2,2,3,100000,1,3,2,0
2,2,1,2,1,1,2,3,2,1,1,2,2,1,2,15654,2,2,2,0
2,4,1,2,1,3,4,1,3,1,1,1,1,2,3,150000,1,3,2,0
2,1,1,3,11,1,7,3,3,1,1,8,1,1,1,241692,1,1,1,0
2,11,1,2,1,4,7,3,3,1,1,3,6,1,1,46992,1,1,1,0
1,5,1,1,3,1,2,2,4,1,1,3,1,1,1,38820,2,2,1,0
2,16,1,1,2,2,5,2,4,1,1,3,1,1,1,35244,1,1,3,0
2,6,1,3,2,1,4,1,4,1,1,3,1,1,1,33972,2,2,2,0
2,12,1,4,1,4,7,2,2,1,1,3,1,1,3,72469,1,1,1,0
2,4,1,2,6,1,5,2,3,2,1,3,1,1,3,95000,1,3,2,0
2,4,1,3,5,1,1,2,3,1,1,4,4,1,3,135000,1,3,2,0
1,12,3,1,1,1,7,1,4,1,1,1,1,1,3,61599,1,1,1,0
1,14,1,2,8,1,7,2,1,1,1,3,1,1,5,26196,3,2,2,0
2,4,1,2,1,9,8,3,3,1,1,1,1,1,3,92000,1,3,2,0
2,12,1,1,5,1,7,1,3,2,1,3,3,1,3,1000000,1,1,1,0
2,4,1,1,1,1,7,2,2,1,1,2,1,2,3,105000,1,3,2,0
2,12,1,1,8,1,1,3,2,1,1,3,1,1,3,76495,1,1,1,0
2,4,1,2,5,1,4,1,1,1,1,1,1,2,3,100000,1,3,2,0
1,4,1,1,8,1,2,1,3,1,1,3,1,2,3,47000,1,3,2,0
2,1,1,2,2,8,2,2,1,1,1,3,1,1,1,83342,1,1,1,0
2,4,1,3,1,4,3,3,3,1,1,1,1,1,3,52000,1,3,2,0
2,2,1,1,3,2,5,1,3,1,1,1,4,1,2,6576,2,2,2,0
2,4,1,3,1,1,2,1,3,1,1,1,1,1,3,120000,1,3,2,0
2,17,1,2,2,1,2,1,4,1,1,3,1,1,1,54336,1,1,3,0
2,3,1,2,5,10,7,2,4,1,1,4,1,1,1,62880,1,1,3,0
2,17,1,1,8,1,11,2,2,1,1,2,1,1,1,32316,1,1,3,0
2,11,1,2,1,1,3,3,1,1,1,2,1,1,1,55075,1,1,1,0
2,16,2,1,1,18,5,1,2,1,1,2,1,1,1,17628,1,1,3,0
2,2,2,2,1,4,7,2,3,1,1,3,3,2,2,17220,2,2,2,0
1,4,1,1,1,1,7,2,1,1,1,1,1,1,3,95000,1,3,2,0
2,7,1,2,3,8,1,2,3,1,1,1,4,1,1,66084,1,1,1,0
2,14,1,1,8,1,2,2,3,1,1,8,2,1,5,124766,3,2,2,0
2,4,1,1,1,3,2,2,2,1,1,1,3,1,3,68500,1,3,2,0
1,4,1,1,8,13,2,1,3,1,1,2,2,2,3,48000,1,3,2,0
2,12,1,1,1,4,4,2,4,1,1,8,1,1,3,59586,1,1,1,0
2,9,1,2,1,1,1,1,3,1,1,1,1,1,2,30000,2,2,2,0
2,10,1,7,5,8,7,2,4,1,1,1,1,1,4,179940,1,1,1,0
2,15,1,1,2,9,7,2,3,1,1,3,4,1,2,84264,1,1,2,0
2,1,1,2,10,1,1,2,3,2,2,8,1,1,1,29864,1,1,1,0
2,8,1,3,1,17,1,1,2,1,1,2,1,1,1,48955,1,1,1,0
1,5,1,1,8,11,7,2,3,1,1,2,1,1,1,18708,2,2,1,0
2,1,1,7,1,4,4,1,4,1,1,8,1,1,1,52783,1,1,1,0
2,13,1,1,1,1,3,1,1,1,1,1,6,1,1,37940,1,1,1,0
2,4,1,1,1,1,7,2,2,1,1,1,6,1,3,63000,1,3,2,0
2,16,1,2,1,1,7,2,2,1,1,3,1,1,1,44060,1,1,3,0
1,2,1,1,1,1,2,2,3,1,1,1,1,2,2,10140,2,2,2,0
2,11,1,7,7,14,2,2,4,1,1,3,1,1,1,40388,1,1,1,0
2,13,1,2,1,1,1,1,4,1,1,3,2,1,1,50179,1,1,1,0
1,4,1,2,1,1,3,1,4,1,1,3,3,1,3,80000,1,3,2,0
1,2,1,2,1,15,2,3,1,1,1,8,1,1,2,9396,2,2,2,0
2,4,1,1,2,1,2,2,4,1,1,4,1,1,3,77000,1,3,2,0
2,6,1,3,8,11,3,3,3,1,1,8,1,1,1,21228,2,2,2,0
1,4,1,1,9,3,2,2,4,1,1,6,1,1,3,32240,1,3,2,0
2,12,1,4,1,1,2,3,3,1,1,9,1,2,3,60391,1,1,1,0
2,7,1,3,1,4,11,1,2,1,1,2,1,1,1,58746,1,1,1,0
2,4,1,2,5,2,7,1,2,1,1,3,2,1,3,50000,1,3,2,0
2,12,1,1,1,1,4,1,2,1,1,2,1,1,3,120782,1,1,1,0
2,7,1,2,3,1,1,2,2,1,4,2,1,1,1,660900,1,1,1,0
2,7,1,2,3,7,4,2,4,1,1,5,1,1,1,96373,1,1,1,0
2,2,1,1,1,1,4,3,2,1,1,5,1,2,2,43832,2,2,2,0
2,2,1,1,1,2,2,1,1,1,1,2,1,2,2,3287,2,2,2,0
2,4,1,1,1,1,3,3,3,1,1,6,1,1,3,58000,1,3,2,0
2,2,1,1,1,5,3,2,4,1,1,1,3,1,2,28176,2,2,2,0
2,12,1,1,1,14,1,2,2,1,1,1,1,1,3,40261,1,1,1,0
2,7,1,3,1,1,11,2,1,2,2,1,1,1,1,75880,1,1,1,0
2,4,1,2,3,1,1,2,3,1,1,9,3,2,3,150000,1,3,2,0
2,4,1,3,1,1,7,2,3,1,1,2,1,1,3,101000,1,3,2,0
2,2,1,2,8,4,2,1,2,1,1,2,1,1,2,2532,2,2,2,0
2,4,1,3,1,4,4,1,1,1,1,8,7,2,3,95502,1,3,2,0
2,2,1,1,1,2,7,2,1,1,1,9,1,1,2,6575,2,2,2,0
2,11,1,2,1,1,11,1,3,1,1,1,1,1,1,48955,1,1,1,0
2,12,1,1,1,1,1,3,3,1,1,3,1,1,3,48313,1,1,1,0
1,4,1,2,7,15,3,1,2,1,1,8,1,1,3,32000,1,3,2,0
2,12,1,1,1,1,5,2,3,1,1,2,3,1,3,64417,1,1,1,0
2,7,2,1,1,1,1,2,3,1,1,2,1,1,1,73428,1,1,1,0
2,7,1,2,1,1,1,2,2,1,1,2,1,1,1,66084,1,1,1,0
2,4,1,3,1,1,5,2,2,1,3,4,1,1,3,30000,1,3,2,0
2,19,3,1,1,1,1,1,2,1,1,2,1,1,1,59725,1,1,3,0
2,2,1,1,1,4,3,2,3,1,1,7,1,1,2,178464,2,2,2,0
2,2,1,1,1,1,7,2,2,2,1,1,4,1,2,17220,2,2,2,0
2,7,1,2,1,15,3,2,3,2,1,2,1,1,1,70985,1,1,1,0
2,11,1,2,7,8,2,2,1,1,3,1,1,1,1,37940,1,1,1,0
2,17,1,1,1,1,1,2,4,1,1,2,1,2,1,49932,1,1,3,0
2,6,1,1,1,3,7,2,3,1,1,6,1,1,1,18048,2,2,2,0
1,6,1,1,1,3,7,2,3,2,2,6,1,1,1,12,2,2,2,0
2,14,1,1,5,1,1,1,2,1,1,2,5,2,5,85000,3,2,2,0
2,11,1,2,3,1,7,1,4,1,1,3,2,1,1,82000,1,1,1,0
2,4,1,3,6,3,2,2,2,2,1,7,1,1,3,20000,1,3,2,0
1,4,1,1,2,1,2,1,3,1,1,3,1,1,3,120000,1,3,2,0
2,7,1,2,1,1,11,2,2,1,1,1,1,1,1,90567,1,1,1,0
2,7,1,1,1,1,1,2,4,1,1,6,1,1,1,73433,1,1,1,0
2,16,1,1,1,11,1,3,3,1,1,1,1,1,1,82000,1,1,3,0
2,2,1,1,1,1,7,2,2,1,1,1,6,1,2,18780,2,2,2,0
2,2,2,9,1,11,2,3,3,2,1,1,1,1,2,5556,2,2,2,0
2,4,1,1,1,1,7,2,4,1,1,1,1,1,3,65000,1,3,2,0
2,14,1,1,8,1,7,1,3,1,4,2,1,1,5,11604,3,2,2,0
2,4,3,1,2,1,2,1,4,1,1,3,6,1,3,95000,1,3,2,0
2,12,1,1,3,1,1,1,4,1,1,8,1,2,3,74482,1,1,1,0
1,16,2,5,6,1,1,1,2,1,1,8,1,1,1,93871,1,1,3,0
2,7,1,5,1,1,1,2,3,1,1,3,1,1,1,704952,1,1,1,0
2,7,1,2,8,1,7,1,4,1,1,5,1,2,1,49644,1,1,1,0
1,16,1,1,3,3,7,1,3,1,1,1,3,1,1,46992,1,1,3,0
2,4,3,1,1,1,3,2,2,1,1,2,1,2,3,102000,1,3,2,0
2,4,1,1,3,1,11,1,1,1,1,4,1,1,3,75000,1,3,2,0
2,12,1,1,1,1,2,2,2,1,1,1,1,1,3,45092,1,1,1,0
2,10,1,1,1,1,3,1,3,1,1,1,1,1,4,119960,1,1,1,0
2,4,1,3,11,15,7,2,2,1,1,1,1,2,3,90000,1,3,2,0
2,13,1,1,7,1,2,2,2,1,1,1,1,1,1,28860,1,1,1,0
2,3,1,8,1,1,4,3,3,1,1,8,1,1,1,59292,1,1,3,0
2,1,1,3,1,1,4,2,3,1,1,2,1,1,1,67716,1,1,1,0
1,16,1,2,1,1,1,1,2,1,1,1,1,1,1,45283,1,1,3,0
1,10,1,1,1,14,1,2,4,1,1,1,1,1,4,59980,1,1,1,0
2,3,1,1,1,3,2,2,2,1,1,2,1,1,1,39672,1,1,3,0
2,9,2,1,1,1,2,1,3,1,1,2,1,2,2,12396,2,2,2,0
2,12,1,1,1,1,7,2,2,1,1,4,2,1,3,60391,1,1,1,0
2,7,1,2,1,8,7,2,3,1,1,1,1,1,1,22032,1,1,1,0
2,4,1,1,1,1,4,2,4,1,1,1,1,2,3,95000,1,3,2,0
2,15,1,1,1,4,7,2,4,1,1,4,1,2,2,52668,1,1,2,0
2,4,1,1,4,3,7,1,2,1,1,6,1,2,3,82000,1,3,2,0
2,4,1,3,1,18,2,2,2,1,1,8,1,1,3,42000,1,3,2,0
1,1,1,1,3,4,4,2,2,1,1,4,3,1,1,108345,1,1,1,0
2,14,1,2,3,1,3,2,1,1,1,1,2,1,5,63636,3,2,2,0
2,11,1,2,1,9,7,2,4,1,1,1,1,1,1,622704,1,1,1,0
2,1,1,2,1,4,1,2,2,1,3,2,1,1,1,41671,1,1,1,0
1,13,1,2,2,8,4,2,3,1,1,6,6,2,1,55075,1,1,1,0
1,4,1,2,6,9,2,1,3,1,1,1,1,2,3,65000,1,3,2,0
2,1,1,1,1,1,2,2,3,1,1,1,1,1,1,35421,1,1,1,0
2,1,1,1,4,14,1,1,4,1,1,3,1,1,1,66674,1,1,1,0
2,6,2,1,6,1,3,1,3,1,1,6,1,1,1,33972,2,2,2,0
2,4,1,2,3,9,7,1,2,1,1,6,1,1,3,85000,1,3,2,0
2,20,1,2,3,1,2,2,4,1,1,5,1,2,1,18000,3,2,2,0
2,4,1,7,7,1,1,1,3,1,1,1,1,1,3,140000,1,3,2,0
2,4,1,1,8,1,1,2,3,1,1,3,1,1,3,61000,1,3,2,0
2,10,3,1,1,1,2,2,4,1,1,1,1,1,4,1000000,1,1,1,0
1,12,1,4,8,1,1,1,1,1,1,6,1,1,3,44287,1,1,1,0
1,5,1,2,1,9,4,2,4,1,1,3,1,2,1,45876,2,2,1,0
1,14,1,1,1,1,3,3,3,1,1,3,1,1,5,28068,3,2,2,0
2,4,1,1,1,1,2,1,1,1,1,1,3,1,3,84000,1,3,2,0
1,4,1,1,1,1,7,1,4,1,1,8,1,2,3,65000,1,3,2,0
2,4,1,1,1,1,4,3,2,2,2,6,1,2,3,60000,1,3,2,0
1,2,1,2,1,1,2,2,3,1,1,3,3,1,2,3756,2,2,2,0
2,1,1,1,1,1,1,1,4,1,1,1,1,1,1,51394,1,1,1,0
2,4,1,1,4,3,5,1,3,2,1,3,1,1,3,60000,1,3,2,0
1,7,1,2,1,1,2,2,3,1,1,7,1,1,1,61194,1,1,1,0
2,7,1,5,8,1,7,1,3,1,1,2,1,1,1,51403,1,1,1,0
2,1,1,2,1,1,1,2,1,1,1,1,1,2,1,366708,1,1,1,0
2,15,3,3,1,4,2,2,2,1,1,3,4,1,2,140436,1,1,2,0
2,4,1,1,1,1,3,2,4,1,1,5,1,1,3,122000,1,3,2,0
2,5,2,1,8,1,7,2,2,1,2,2,1,2,1,28236,2,2,1,0
2,11,1,3,1,1,2,1,4,1,1,3,1,2,1,52627,1,1,1,0
2,4,1,1,1,5,3,2,1,1,1,1,1,1,3,155792,1,3,2,0
2,4,1,3,8,1,7,3,2,1,1,3,1,1,3,95000,1,3,2,0
2,7,1,1,1,1,1,2,1,1,1,4,1,1,1,51408,1,1,1,0
1,2,1,1,3,1,7,2,2,1,1,1,3,2,2,8923,2,2,2,0
2,3,1,3,1,7,6,1,2,1,1,1,1,1,1,52404,1,1,3,0
2,10,1,1,7,1,7,1,1,1,1,2,1,1,4,87971,1,1,1,0
2,1,1,1,1,3,1,2,2,1,1,1,1,1,1,1000000,1,1,1,0
2,1,1,3,8,1,2,2,3,1,1,8,1,2,1,50005,1,1,1,0
2,4,1,1,5,1,4,2,3,1,1,4,1,1,3,130000,1,3,2,0
2,4,1,3,8,1,2,1,3,1,1,3,1,2,3,44000,1,3,2,0
2,8,1,3,1,1,1,3,4,1,1,7,1,1,1,36716,1,1,1,0
2,4,1,1,1,4,4,1,3,1,1,1,1,1,3,140000,1,3,2,0
2,4,1,1,1,3,2,2,2,2,3,2,1,1,3,67600,1,3,2,0
2,8,2,5,1,15,7,2,2,1,1,8,1,1,1,28149,1,1,1,0
2,11,1,2,1,4,2,1,3,1,1,3,1,1,1,646212,1,1,1,0
1,4,1,1,12,3,7,1,4,1,1,3,1,1,3,140000,1,3,2,0
2,12,1,1,1,1,3,2,4,1,1,8,1,1,3,96626,1,1,1,0
2,6,1,2,8,6,4,3,1,1,1,1,1,1,1,40332,2,2,2,0
2,11,1,3,1,4,7,2,3,1,1,3,3,1,1,36716,1,1,1,0
1,6,1,3,5,11,3,2,2,1,1,8,1,2,1,14856,2,2,2,0
2,2,1,1,3,4,5,2,3,1,1,2,1,2,2,2820,2,2,2,0
1,2,1,2,6,1,7,4,4,1,1,2,3,2,2,3756,2,2,2,1
1,13,1,6,1,15,2,2,3,1,1,1,2,1,1,61194,1,1,1,0
2,1,1,2,2,1,1,2,3,2,1,3,1,1,1,69452,1,1,1,0
2,13,1,3,8,1,3,2,2,1,1,1,1,1,1,48955,1,1,1,0
2,1,1,1,1,1,3,2,4,2,1,2,1,1,1,55562,1,1,1,0
2,4,1,1,9,1,2,2,4,1,1,5,1,1,3,84000,1,3,2,0
1,4,1,2,3,1,2,1,1,1,1,4,1,1,3,82000,1,3,2,0
2,4,1,1,3,3,1,1,3,1,1,1,3,2,3,888000,1,3,2,0
2,4,1,5,8,1,3,2,3,1,1,2,1,2,3,2000000,1,3,2,0
2,7,1,1,1,9,1,2,2,1,1,8,1,1,1,56298,1,1,1,0
2,4,1,1,3,6,2,1,3,1,3,3,1,1,3,76000,1,3,2,0
2,2,1,1,1,2,2,2,2,1,1,1,3,2,2,11083,2,2,2,0
1,4,1,1,9,1,5,1,4,2,2,8,1,1,3,60000,1,3,2,0
2,3,1,3,1,1,1,3,3,1,1,4,1,1,1,52404,1,1,3,0
2,14,1,2,3,1,7,1,3,1,1,3,1,1,5,16848,3,2,2,0
2,2,1,2,1,2,7,2,3,1,1,1,1,1,2,3756,2,2,2,0
2,4,1,1,6,4,2,2,1,1,1,1,1,1,3,78000,1,3,2,0
2,1,1,2,1,1,1,2,2,1,1,1,1,1,1,72230,1,1,1,0
1,4,1,1,8,12,5,2,2,1,1,5,1,1,3,58000,1,3,2,0
2,4,1,1,1,1,1,2,2,1,3,1,6,1,3,106000,1,3,2,0
2,4,1,1,2,1,3,1,1,1,1,5,1,1,3,160000,1,3,2,0
2,7,1,2,1,3,7,2,3,1,1,7,3,2,1,82612,1,1,1,0
2,4,1,7,5,8,7,2,2,1,1,9,4,1,3,150000,1,3,2,0
2,12,1,3,1,13,7,3,3,1,1,8,4,1,3,35429,1,1,1,0
2,13,1,4,1,1,7,2,3,1,1,1,1,1,1,27900,1,1,1,0
1,4,2,4,1,1,7,1,4,1,1,1,1,2,3,919200,1,3,2,0
2,10,1,1,9,1,11,2,4,1,1,3,7,2,4,79973,1,1,1,0
2,1,1,7,7,8,7,2,4,1,1,1,1,1,1,55562,1,1,1,0
2,16,2,5,4,1,2,3,3,1,1,8,1,1,1,5880,1,1,3,0
2,11,1,2,1,1,2,1,2,1,1,1,1,1,1,36716,1,1,1,0
1,4,1,1,7,1,7,2,4,1,1,3,1,1,3,165000,1,3,2,0
1,17,1,2,1,1,3,2,2,1,1,3,1,1,1,61680,1,1,3,0
1,4,1,3,6,1,1,2,2,1,1,1,1,2,3,97000,1,3,2,0
2,4,1,1,3,1,2,2,4,1,1,4,1,1,3,100000,1,3,2,0
2,1,1,3,12,4,1,2,4,1,2,1,1,1,1,51394,1,1,1,0
2,4,1,1,1,1,1,1,2,1,1,8,2,1,3,113500,1,3,2,0
2,4,1,1,8,1,11,1,4,1,1,4,1,2,3,150000,1,3,2,0
2,1,1,2,1,13,1,1,3,1,1,1,1,1,1,30559,1,1,1,0
2,4,1,1,4,13,2,2,4,1,1,3,1,2,3,50000,1,3,2,0
1,6,1,2,1,1,1,2,2,1,1,3,1,1,1,16980,2,2,2,0
2,2,1,1,1,1,1,2,1,1,1,1,3,1,2,16908,2,2,2,0
2,4,1,1,1,1,1,1,1,1,1,2,1,2,3,148000,1,3,2,0
1,5,1,1,3,1,7,2,2,1,1,3,1,2,1,25056,2,2,1,0
2,4,1,1,1,4,3,2,1,1,1,3,1,2,3,115000,1,3,2,0
2,6,1,2,8,1,7,2,1,1,3,2,1,1,1,33972,2,2,2,0
1,1,1,7,1,9,4,1,2,1,1,2,1,1,1,88482,1,1,1,0
2,4,3,1,1,3,7,2,3,1,1,3,3,1,3,130000,1,3,2,0
1,2,1,1,8,4,2,2,1,1,1,1,3,1,2,338136,2,2,2,0
2,1,1,1,1,1,7,2,4,1,2,1,1,1,1,100011,1,1,1,0
2,12,1,4,1,6,2,3,3,1,1,6,1,1,3,29390,1,1,1,0
2,5,2,2,3,1,2,2,1,1,1,4,1,1,1,26466,2,2,1,0
2,16,1,2,1,1,2,2,3,1,1,1,4,1,1,56580,1,1,3,0
2,7,1,1,7,1,3,2,3,2,1,2,1,1,1,96686,1,1,1,0
2,7,1,1,1,1,7,1,4,1,1,6,1,2,1,75880,1,1,1,0
2,1,1,1,7,1,3,3,2,1,1,3,1,1,1,61118,1,1,1,0
1,12,1,7,1,8,1,1,3,2,1,6,1,1,3,61551,1,1,1,0
2,11,1,1,3,2,2,2,2,1,1,2,1,1,1,30840,1,1,1,0
2,2,1,2,1,1,7,2,3,1,1,3,6,2,2,39136,2,2,2,0
2,2,1,1,1,2,2,2,2,1,1,1,3,1,2,6794,2,2,2,0
1,19,1,7,7,2,1,2,3,2,1,3,1,1,1,51403,1,1,3,0
2,11,1,2,1,17,1,2,3,1,1,1,3,1,1,34269,1,1,1,0
2,4,3,2,6,13,1,2,2,1,1,5,4,1,3,120000,1,3,2,0
2,5,1,3,7,1,1,2,3,1,1,2,1,1,1,59988,2,2,1,0
2,4,1,2,1,10,4,3,4,1,1,1,1,2,3,123000,1,3,2,0
2,4,1,5,1,3,5,4,4,1,1,9,1,1,3,29000,1,3,2,1
2,4,1,3,1,1,7,1,1,1,1,8,1,2,3,41000,1,3,2,0
2,11,1,2,1,1,8,2,4,1,3,6,1,1,1,121164,1,1,1,0
1,3,1,3,1,1,1,3,2,1,1,1,1,1,1,44914,1,1,3,0
2,1,1,1,1,1,4,2,3,1,1,2,1,1,1,791748,1,1,1,0
2,4,1,1,9,1,7,1,2,2,1,1,1,1,3,76000,1,3,2,0
2,1,1,1,1,1,4,1,2,1,1,2,1,2,1,43060,1,1,1,0
2,11,1,6,2,1,2,1,3,1,1,5,3,1,1,39776,1,1,1,0
2,17,1,1,9,1,2,2,3,1,1,3,1,1,1,42836,1,1,3,0
2,4,1,1,1,1,2,2,2,2,3,1,6,1,3,137000,1,3,2,0
2,1,1,2,1,1,1,1,2,1,1,3,1,1,1,100011,1,1,1,0
2,2,1,2,1,6,1,1,3,1,1,4,3,2,2,3131,2,2,2,0
2,5,1,1,1,1,3,2,2,1,1,7,1,2,1,19764,2,2,1,0
2,7,1,2,1,1,1,1,2,1,1,3,1,1,1,70985,1,1,1,0
2,12,1,1,1,1,3,2,2,1,1,8,1,2,3,80521,1,1,1,0
2,4,1,1,1,1,3,2,1,1,1,1,1,1,3,90000,1,3,2,0
2,6,1,2,8,1,2,2,3,1,1,8,1,2,1,31848,2,2,2,0
2,13,3,2,1,1,4,2,3,1,1,2,2,1,1,39164,1,1,1,0
2,1,1,3,6,1,5,2,2,1,1,4,1,1,1,43060,1,1,1,0
2,6,1,4,8,1,3,3,3,1,1,6,1,2,1,26532,2,2,2,0
2,4,1,1,1,1,2,2,4,1,2,2,1,1,3,65000,1,3,2,0
1,18,1,1,8,1,1,2,2,1,1,2,1,1,1,73433,1,1,3,0
2,5,1,1,1,1,3,2,3,1,1,2,1,1,1,23640,2,2,1,0
2,4,1,1,9,1,2,2,2,2,2,5,1,2,3,112000,1,3,2,0
1,12,1,3,1,4,1,1,1,1,4,2,1,1,3,41871,1,1,1,0
2,4,1,1,1,1,3,3,2,1,1,3,1,1,3,65000,1,3,2,0
2,4,1,1,1,1,1,2,3,1,1,1,1,1,3,120000,1,3,2,0
2,5,1,2,1,15,7,2,3,1,1,4,1,2,1,31764,2,2,1,0
2,4,1,1,1,4,2,1,4,1,1,2,3,1,3,70000,1,3,2,0
1,12,1,3,1,4,7,1,3,1,1,1,1,2,3,46702,1,1,1,0
2,11,1,1,1,1,4,3,3,1,1,9,1,1,1,41612,1,1,1,0
1,2,1,1,1,9,5,2,1,1,1,9,3,2,2,11428,2,2,2,0
2,6,2,2,8,3,2,1,3,2,1,1,3,1,1,36084,2,2,2,0
1,2,1,1,1,2,2,3,3,1,1,1,1,1,2,6763,2,2,2,0
2,4,1,2,7,3,7,2,3,2,3,4,1,1,3,84000,1,3,2,0
2,11,1,6,8,1,7,1,2,1,1,9,4,1,1,22032,1,1,1,0
2,10,1,1,6,1,7,1,4,1,1,2,6,2,4,38000,1,1,1,0
2,7,2,2,10,8,2,2,1,1,1,9,1,1,1,29376,1,1,1,0
2,6,1,6,1,1,1,1,3,1,1,5,1,1,1,41400,2,2,2,0
2,4,3,1,1,1,6,3,1,1,1,3,1,1,3,150000,1,3,2,0
2,2,1,2,1,1,7,4,1,1,1,7,1,1,2,16437,2,2,2,1
2,4,1,1,1,1,1,2,4,2,1,1,5,1,3,78000,1,3,2,0
2,4,1,1,1,1,1,2,2,1,1,3,1,1,3,43200,1,3,2,0
2,4,1,2,8,1,2,2,3,1,1,1,1,2,3,61000,1,3,2,0
1,1,1,1,1,1,3,1,4,1,1,2,1,1,1,55562,1,1,1,0
2,16,1,2,1,1,1,2,4,1,1,6,2,1,1,49068,1,1,3,0
2,8,1,5,12,1,3,2,3,1,1,7,1,2,1,24972,1,1,1,0
2,14,1,2,1,1,7,1,1,1,1,1,2,1,5,21336,3,2,2,0
2,1,1,2,3,14,7,1,4,1,1,4,1,1,1,93760,1,1,1,0
2,6,1,8,1,1,7,2,3,1,1,3,1,1,1,15924,2,2,2,0
2,7,1,1,1,15,7,1,2,1,1,3,1,1,1,904692,1,1,1,0
2,13,1,2,3,17,7,2,2,1,1,3,1,1,1,61194,1,1,1,0
2,4,1,1,1,1,11,3,2,1,3,1,1,1,3,120000,1,3,2,0
2,1,1,1,1,1,4,2,1,1,4,1,1,1,1,120708,1,1,1,0
2,12,1,2,7,4,7,2,3,2,1,6,1,2,3,108704,1,1,1,0
1,17,1,1,1,4,3,2,2,1,1,1,1,2,1,46992,1,1,3,0
2,13,1,5,1,8,2,3,3,1,1,7,2,1,1,5880,1,1,1,0
2,7,1,1,1,1,1,2,4,1,1,1,1,1,1,75880,1,1,1,0
2,4,1,1,4,3,5,2,4,1,1,2,6,1,3,80000,1,3,2,0
2,10,1,1,1,1,1,2,1,1,1,1,3,2,4,103965,1,1,1,0
2,3,1,1,1,9,7,2,2,1,1,8,1,1,1,40428,1,1,3,0
2,4,1,2,1,4,7,2,4,2,1,3,1,1,3,55000,1,3,2,0
2,4,1,3,4,1,7,1,4,1,1,6,1,1,3,55000,1,3,2,0
2,14,1,1,8,4,1,1,3,1,1,1,2,1,5,30504,3,2,2,0
2,14,3,3,1,4,7,1,2,1,1,1,1,1,5,7488,3,2,2,0
1,4,2,1,1,1,1,1,4,1,1,1,1,2,3,100000,1,3,2,0
2,4,1,1,12,4,7,2,2,1,1,2,1,1,3,115000,1,3,2,0
2,11,1,2,1,1,1,1,3,1,1,9,4,1,1,67313,1,1,1,0
2,4,1,2,7,4,7,2,2,2,1,1,1,2,3,140000,1,3,2,0
2,3,1,8,6,4,4,3,2,1,1,7,1,1,1,22452,1,1,3,0
2,4,1,7,5,1,6,4,2,1,1,4,1,2,3,153000,1,3,2,1
2,4,1,1,1,1,3,1,2,2,1,6,1,1,3,160000,1,3,2,0
2,4,1,3,1,1,7,2,3,1,1,6,1,1,3,123000,1,3,2,0
2,1,1,1,3,1,3,2,4,1,1,4,1,2,1,127792,1,1,1,0
2,10,1,1,1,1,7,2,1,1,3,1,1,1,4,79973,1,1,1,0
1,6,1,2,1,1,2,2,2,1,1,8,1,1,1,15924,2,2,2,0
2,3,1,1,1,1,1,2,1,1,1,1,1,1,1,64380,1,1,3,0
2,11,1,2,1,4,1,1,3,1,1,3,1,1,1,45283,1,1,1,0
2,11,1,2,1,1,1,2,3,1,1,1,1,1,1,543396,1,1,1,0
2,1,1,1,1,1,4,2,1,1,1,2,1,1,1,700080,1,1,1,0
2,2,1,2,1,2,7,2,2,1,1,1,1,1,2,13306,2,2,2,0
1,1,1,1,1,1,1,1,2,1,1,2,1,1,1,866760,1,1,1,0
2,7,1,2,1,2,2,1,3,1,1,2,1,1,1,48955,1,1,1,0
2,4,1,1,2,3,5,2,2,1,1,5,1,1,3,70000,1,3,2,0
2,4,1,7,5,1,4,2,3,1,1,1,1,2,3,115000,1,3,2,0
2,13,1,1,1,1,3,2,3,1,1,2,1,1,1,31821,1,1,1,0
2,4,3,2,4,14,5,2,4,1,1,5,1,1,3,54000,1,3,2,0
1,7,1,1,1,9,11,2,1,1,1,1,1,1,1,51408,1,1,1,0
2,7,1,1,1,1,6,1,1,1,1,3,1,1,1,910560,1,1,1,0
2,13,1,1,8,1,1,2,2,1,1,2,2,1,1,57522,1,1,1,0
2,4,1,1,2,14,2,2,2,2,1,5,3,1,3,120000,1,3,2,0
2,2,1,2,1,2,2,2,3,1,1,3,3,1,2,12524,2,2,2,0
1,7,1,2,3,15,3,2,2,1,1,3,1,2,1,67313,1,1,1,0
1,11,1,2,1,1,2,3,3,1,1,3,1,1,1,33780,1,1,1,0
2,2,1,2,4,1,11,1,1,1,1,5,6,1,2,191604,2,2,2,0
1,4,1,1,3,9,7,2,2,1,1,1,1,2,3,95000,1,3,2,0
2,6,1,6,1,1,5,2,4,1,1,5,1,1,1,10620,2,2,2,0
2,2,1,1,1,1,2,2,2,1,1,3,3,2,2,75144,2,2,2,0
2,20,1,2,1,9,3,2,4,1,1,5,1,2,1,36000,3,2,2,0
2,4,1,1,1,1,3,3,2,1,1,1,1,1,3,116000,1,3,2,0
2,4,1,1,6,14,5,2,4,1,1,1,1,1,3,65000,1,3,2,0
2,11,1,2,1,1,1,3,3,1,1,1,1,1,1,34584,1,1,1,0
2,6,3,3,6,10,7,2,3,1,3,5,1,1,1,46704,2,2,2,0
1,2,1,2,1,1,2,2,3,1,1,3,1,2,2,5640,2,2,2,0
1,18,1,2,1,1,1,2,4,1,1,4,1,1,1,115116,1,1,3,0
1,13,2,2,1,8,1,1,4,1,1,1,2,1,1,25701,1,1,1,0
2,2,1,1,1,6,2,1,2,1,1,4,3,1,2,5076,2,2,2,0
2,4,1,2,1,1,1,2,3,1,1,7,2,2,3,90000,1,3,2,0
2,2,1,1,1,1,7,3,3,1,1,8,3,1,2,10175,2,2,2,0
2,5,1,5,7,1,3,3,3,1,1,2,1,1,1,38820,2,2,1,0
2,4,1,1,1,3,4,1,2,1,1,1,1,2,3,100000,1,3,2,0
2,2,1,2,1,14,1,1,3,2,1,1,3,1,2,9552,2,2,2,0
1,4,1,4,5,1,5,2,1,1,1,1,1,1,3,68000,1,3,2,0
2,7,1,1,9,4,7,1,4,1,1,4,1,2,1,67313,1,1,1,0
2,4,1,1,1,1,7,2,1,1,1,1,1,2,3,80000,1,3,2,0
2,3,1,2,1,1,4,2,4,1,1,3,1,1,1,51152,1,1,3,0
1,4,1,1,1,1,1,2,4,1,1,1,1,2,3,105000,1,3,2,0
2,6,1,1,12,3,2,1,1,1,1,3,1,1,1,7428,2,2,2,0
2,16,1,7,5,1,3,2,2,1,1,1,1,1,1,58596,1,1,3,0
2,4,1,1,4,3,2,2,4,1,1,5,1,1,3,110000,1,3,2,0
2,4,3,1,2,14,2,3,3,1,1,1,1,1,3,52000,1,3,2,0
1,4,1,1,1,1,7,1,3,1,1,1,1,2,3,123000,1,3,2,0
1,1,1,2,1,1,7,1,1,1,1,2,1,1,1,68063,1,1,1,0
1,4,1,1,4,3,7,1,4,1,1,7,1,2,3,85000,1,3,2,0
2,4,1,1,1,4,3,1,2,1,1,1,1,1,3,82000,1,3,2,0
2,6,1,3,5,1,3,3,4,1,1,1,1,1,1,21228,2,2,2,0
1,4,1,1,2,2,5,2,4,1,1,4,2,1,3,37000,1,3,2,0
2,18,1,2,1,1,1,2,2,2,1,4,1,1,1,104374,1,1,3,0
2,4,1,1,1,9,4,2,3,1,1,3,1,1,3,150000,1,3,2,0
2,5,3,5,1,1,2,2,4,1,1,3,1,1,1,14112,2,2,1,0
2,13,1,1,1,14,3,2,4,1,1,2,1,2,1,48955,1,1,1,0
2,4,1,1,1,1,7,1,3,1,1,2,1,1,3,70000,1,3,2,0
2,10,2,2,1,1,7,2,3,1,1,1,4,1,4,95968,1,1,1,0
2,11,1,2,1,4,7,2,3,1,1,6,1,1,1,48955,1,1,1,0
2,17,1,1,1,1,7,2,2,1,1,3,1,1,1,36132,1,1,3,0
2,9,1,2,1,9,3,2,2,1,1,1,4,2,2,97910,2,2,2,0
2,4,1,1,1,1,1,3,2,1,1,8,1,1,3,120000,1,3,2,0
1,4,1,1,3,1,3,2,3,1,1,1,1,1,3,135000,1,3,2,0
2,12,1,1,1,1,4,2,4,1,1,4,1,1,3,46702,1,1,1,0
2,13,2,3,1,1,2,1,3,1,1,9,2,1,1,7932,1,1,1,0
2,13,3,3,1,4,7,2,3,2,1,1,2,1,1,21300,1,1,1,0
2,2,1,1,3,1,7,2,1,1,1,9,3,2,2,31932,2,2,2,0
2,4,1,1,1,1,3,2,3,1,1,1,1,1,3,250000,1,3,2,0
2,6,1,3,1,11,7,2,2,1,1,8,1,1,1,21228,2,2,2,0
2,7,1,2,1,9,1,2,3,2,1,3,1,1,1,46507,1,1,1,0
2,11,3,2,1,1,7,3,2,1,2,3,1,1,1,18360,1,1,1,0
2,2,2,2,1,1,7,2,1,1,1,3,1,1,2,17220,2,2,2,0
2,1,1,1,1,4,1,1,3,1,1,7,1,1,1,76397,1,1,1,0
1,17,1,1,10,1,7,2,3,1,1,2,1,1,1,35244,1,1,3,0
2,6,1,6,3,4,5,2,2,1,1,5,1,1,1,25200,2,2,2,0
2,11,1,2,8,1,7,1,3,1,1,8,4,1,1,50485,1,1,1,0
2,6,1,5,1,1,2,2,3,1,1,5,1,1,1,31848,2,2,2,0
2,4,1,1,2,3,7,2,2,1,1,2,1,1,3,60000,1,3,2,0
1,11,1,2,1,1,7,1,2,1,1,4,5,1,1,44060,1,1,1,0
1,12,1,1,8,2,7,1,4,1,1,1,3,1,3,74080,1,1,1,0
1,2,1,1,1,1,2,2,3,1,1,1,3,1,2,16437,2,2,2,0
2,4,1,5,3,15,7,2,3,1,1,2,1,1,3,40000,1,3,2,0
2,4,1,3,4,1,3,2,3,1,1,4,6,1,3,115000,1,3,2,0
2,4,1,1,7,1,8,1,1,2,1,4,6,2,3,156000,1,3,2,0
2,1,1,3,9,1,3,3,3,1,1,3,1,1,1,90288,1,1,1,0
2,14,1,1,1,1,1,3,3,1,1,2,2,1,5,20964,3,2,2,0
2,14,1,8,1,18,1,1,3,1,1,7,5,1,5,11232,3,2,2,0
2,13,1,1,1,5,7,2,1,1,1,7,1,1,1,33045,1,1,1,0
2,11,1,6,1,4,7,1,2,1,1,3,1,1,1,38552,1,1,1,0
2,13,1,1,1,1,1,2,3,1,1,1,1,1,1,34269,1,1,1,0
1,18,1,2,1,1,3,2,2,1,1,3,1,1,1,104269,1,1,3,0
2,7,1,1,1,1,7,2,1,2,2,3,1,1,1,61194,1,1,1,0
2,2,3,5,1,1,2,2,1,1,1,1,3,1,2,7332,2,2,2,0
2,18,1,1,1,1,7,1,3,1,1,2,1,2,1,129294,1,1,3,0
2,4,1,1,8,12,7,2,4,1,1,8,5,2,3,81000,1,3,2,0
2,1,1,1,6,13,2,1,4,1,1,1,1,1,1,39310,1,1,1,0
2,2,1,2,1,9,7,1,3,1,1,3,1,1,2,11268,2,2,2,0
2,4,3,1,1,1,7,1,1,2,1,1,2,1,3,120000,1,3,2,0
1,5,1,1,1,1,7,2,4,1,1,2,1,1,1,28236,2,2,1,0
2,1,1,1,3,7,2,2,4,1,1,1,1,1,1,69452,1,1,1,0
2,3,1,1,1,15,7,2,2,1,1,8,1,2,1,78599,1,1,3,0
2,10,1,1,5,15,7,2,3,1,1,5,1,2,4,75975,1,1,1,0
1,4,1,1,1,2,4,3,1,1,1,5,1,1,3,125000,1,3,2,0
2,2,1,3,1,1,2,2,3,1,1,2,3,2,2,3756,2,2,2,0
2,11,1,7,3,1,2,2,4,2,1,4,1,1,1,53851,1,1,1,0
2,5,1,2,3,4,2,2,1,1,1,3,1,1,1,95550,2,2,1,0
2,10,1,3,1,15,1,2,2,1,1,1,1,1,4,103965,1,1,1,0
2,6,1,3,5,3,11,2,3,1,1,1,1,1,1,25476,2,2,2,0
1,4,1,1,1,1,4,1,2,2,1,3,1,2,3,78785,1,3,2,0
2,2,1,2,1,7,5,1,3,1,1,6,2,1,2,6012,2,2,2,0
2,2,2,2,1,2,7,2,3,1,1,7,6,1,2,2256,2,2,2,0
2,15,1,3,1,1,1,1,2,1,1,8,1,2,2,105324,1,1,2,0
1,4,1,1,1,1,1,2,1,1,1,1,1,2,3,109000,1,3,2,0
2,10,1,5,12,1,7,3,4,2,1,9,1,1,4,67977,1,1,1,0
2,7,1,1,1,1,4,2,4,1,1,2,1,1,1,51408,1,1,1,0
2,4,1,1,1,1,4,2,1,1,1,2,1,1,3,120000,1,3,2,0
2,4,1,3,5,2,1,1,3,1,1,8,1,2,3,112000,1,3,2,0
2,6,1,1,1,3,7,2,2,1,1,3,1,1,1,58752,2,2,2,0
2,7,3,1,2,14,7,2,2,1,1,2,1,1,1,61194,1,1,1,0
1,4,1,1,1,1,1,2,3,1,1,3,1,1,3,88400,1,3,2,0
1,4,2,3,1,18,5,1,2,2,1,2,1,1,3,50000,1,3,2,0
2,4,1,3,1,1,2,2,2,1,1,2,1,1,3,63000,1,3,2,0
2,1,1,8,6,1,3,3,3,1,3,6,1,1,1,1000000,1,1,1,0
1,4,1,1,10,3,2,2,4,2,1,3,6,1,3,85000,1,3,2,0
2,4,1,3,1,6,1,1,3,1,1,8,1,1,3,49000,1,3,2,0
2,14,3,3,1,6,2,3,1,1,1,8,2,1,5,13104,3,2,2,0
2,8,2,3,1,9,11,1,2,1,1,1,4,1,1,42836,1,1,1,0
1,6,1,3,3,1,2,3,3,1,1,3,6,1,1,12732,2,2,2,0
2,20,1,2,1,1,3,1,2,1,1,2,1,2,1,48000,3,2,2,0
2,11,1,2,3,1,3,2,2,1,1,4,1,1,1,95481,1,1,1,0
1,1,1,2,5,9,4,2,3,1,1,1,1,1,1,72754,1,1,1,0
2,4,1,1,3,7,2,2,2,1,1,3,1,1,3,85000,1,3,2,0
2,4,1,2,4,3,5,2,1,1,1,4,1,2,3,80000,1,3,2,0
2,3,1,1,8,12,2,2,3,1,1,1,4,2,1,38628,1,1,3,0
2,7,1,5,1,3,3,2,3,1,1,7,1,2,1,85671,1,1,1,0
1,8,1,3,1,1,3,1,1,1,1,2,1,1,1,122388,1,1,1,0
1,2,1,1,1,14,5,2,1,1,2,3,1,1,2,12524,2,2,2,0
1,4,1,5,1,1,1,2,3,1,1,4,6,1,3,70000,1,3,2,0
2,2,3,3,1,1,7,1,3,1,1,8,3,2,2,3756,2,2,2,0
2,4,1,1,1,1,1,3,2,1,1,8,5,1,3,86000,1,3,2,0
2,3,1,3,8,1,11,2,2,1,1,1,1,1,1,52404,1,1,3,0
1,14,1,1,12,1,3,2,3,1,1,2,2,2,5,44604,3,2,2,0
2,4,1,7,7,1,4,1,3,1,3,8,1,1,3,67000,1,3,2,0
2,7,1,1,1,3,7,2,3,1,1,2,1,1,1,61194,1,1,1,0
2,7,1,7,1,1,3,2,4,1,1,2,1,2,1,57522,1,1,1,0
2,10,1,1,8,3,7,1,3,1,1,5,1,1,4,59980,1,1,1,0
1,4,1,2,1,1,7,1,4,2,1,1,3,1,3,80000,1,3,2,0
2,4,2,1,8,1,1,2,3,1,1,8,1,2,3,110000,1,3,2,0
2,15,1,5,3,3,3,2,2,1,1,2,4,1,2,138092,1,1,2,0
2,19,2,1,1,1,1,3,4,1,1,2,1,1,1,57522,1,1,3,0
2,4,1,1,1,1,1,2,1,1,1,3,1,1,3,103000,1,3,2,0
2,11,1,2,1,1,7,2,4,1,1,4,1,1,1,40388,1,1,1,0
2,8,1,2,1,15,4,2,3,1,1,2,1,1,1,20580,1,1,1,0
2,10,1,1,1,1,3,1,4,1,1,1,6,1,4,79973,1,1,1,0
2,4,1,1,1,1,11,1,3,1,1,2,1,2,3,145000,1,3,2,0
1,2,1,1,1,1,7,1,4,1,1,1,3,1,2,26221,2,2,2,0
2,4,1,1,1,1,3,2,4,1,1,3,1,1,3,88000,1,3,2,0
2,14,3,3,1,1,1,2,1,1,1,1,1,1,5,22452,3,2,2,0
2,12,1,1,8,1,3,2,2,1,3,6,1,1,3,50728,1,1,1,0
2,1,1,2,1,1,1,2,2,1,1,1,1,1,1,76397,1,1,1,0
2,5,1,1,1,1,7,2,1,1,1,1,1,1,1,35112,2,2,1,0
1,4,1,1,1,1,1,2,2,1,1,1,2,1,3,124000,1,3,2,0
2,2,1,1,1,1,1,3,2,1,1,8,3,1,2,23484,2,2,2,0
2,7,2,1,1,1,4,2,3,1,1,3,1,1,1,18360,1,1,1,0
1,5,1,2,6,15,5,2,4,2,1,3,1,1,1,30000,2,2,1,0
2,7,1,1,3,6,1,3,2,1,1,2,1,1,1,88116,1,1,1,0
1,3,1,2,1,9,1,3,3,1,1,3,1,1,1,55094,1,1,3,0
2,4,1,1,1,1,3,1,2,1,1,1,1,2,3,93000,1,3,2,0
2,15,1,1,5,1,7,2,2,1,1,8,1,1,2,77232,1,1,2,0
2,1,1,5,1,3,2,1,2,1,1,4,1,2,1,583392,1,1,1,0
1,6,1,2,5,1,1,2,2,1,1,5,1,1,1,37150,2,2,2,0
2,4,1,1,1,4,3,3,2,1,1,1,1,1,3,63000,1,3,2,0
2,14,1,1,1,1,1,2,3,1,1,3,1,2,5,51600,3,2,2,0
2,4,1,1,1,1,4,2,3,1,1,3,1,2,3,93000,1,3,2,0
2,6,1,2,8,1,3,2,4,1,1,3,1,1,1,66876,2,2,2,0
2,1,1,2,1,1,4,1,3,1,1,1,1,2,1,90288,1,1,1,0
2,14,1,1,1,1,3,3,3,1,1,8,2,1,5,18864,3,2,2,0
2,11,1,2,1,1,7,1,1,1,1,4,7,2,1,48955,1,1,1,0
2,4,1,1,7,1,2,2,4,1,2,3,1,1,3,120000,1,3,2,0
2,4,1,2,5,1,7,2,2,1,1,8,2,2,3,90000,1,3,2,0
1,10,1,2,1,1,3,3,2,1,1,8,6,1,4,65578,1,1,1,0
2,1,1,2,1,4,1,2,2,1,1,6,1,2,1,416712,1,1,1,0
2,12,1,1,1,1,3,3,3,1,1,3,1,1,3,65625,1,1,1,0
2,10,1,1,1,4,6,2,1,1,1,4,6,2,4,75175,1,1,1,0
2,4,1,1,5,1,7,2,4,1,1,6,2,1,3,55000,1,3,2,0
2,4,1,2,6,1,5,2,3,2,1,8,2,1,3,32000,1,3,2,0
2,16,1,2,1,1,4,2,4,1,1,1,1,2,1,97910,1,1,3,0
2,4,1,1,9,1,4,2,1,1,1,1,1,2,3,184000,1,3,2,0
2,4,1,1,2,1,7,2,3,1,1,3,1,1,3,63000,1,3,2,0
1,1,1,1,1,4,3,1,3,1,1,1,1,1,1,51394,1,1,1,0
2,7,1,2,1,1,1,2,2,1,1,1,1,1,1,67313,1,1,1,0
1,10,1,5,1,2,2,3,2,1,1,1,6,1,4,51983,1,1,1,0
2,16,3,3,7,1,3,2,2,1,1,3,1,1,1,38184,1,1,3,0
1,11,1,2,1,1,7,2,3,1,1,9,1,1,1,55812,1,1,1,0
2,7,2,1,1,1,1,1,2,1,1,2,1,1,1,8076,1,1,1,0
2,4,1,1,1,1,1,2,2,1,1,3,1,1,3,54000,1,3,2,0
2,5,2,3,1,4,7,2,4,1,1,5,1,1,1,19404,2,2,1,0
2,4,1,2,2,1,2,2,4,2,1,6,1,2,3,87000,1,3,2,0
2,12,1,1,1,1,7,2,1,1,1,1,2,1,3,54755,1,1,1,0
2,4,1,3,1,1,1,2,4,1,1,1,1,1,3,125000,1,3,2,0
2,15,1,1,8,1,7,2,4,1,1,7,1,2,2,91284,1,1,2,0
1,4,1,3,9,3,5,4,1,2,1,3,1,1,3,80000,1,3,2,1
2,2,1,1,3,1,7,2,3,1,1,7,3,2,2,14088,2,2,2,0
2,4,1,2,1,1,3,2,1,1,1,3,1,1,3,125000,1,3,2,0
1,13,1,1,1,1,3,2,4,2,3,8,1,1,1,40388,1,1,1,0
2,10,3,1,1,8,2,1,4,1,1,4,3,1,4,76774,1,1,1,0
2,1,1,1,1,4,7,1,2,1,1,8,1,1,1,56951,1,1,1,0
2,6,1,3,1,1,7,3,4,1,1,8,1,1,1,31848,2,2,2,0
2,16,2,1,4,1,2,2,4,1,1,5,1,1,1,25524,1,1,3,0
2,1,1,2,4,7,1,2,3,1,1,1,1,1,1,45838,1,1,1,0
2,2,1,1,8,13,5,1,1,1,1,9,3,2,2,11271,2,2,2,0
2,10,1,2,7,1,11,2,3,1,1,4,1,1,4,95968,1,1,1,0
1,4,1,2,1,8,2,2,4,2,1,3,1,1,3,1080000,1,3,2,0
2,4,1,1,1,1,4,2,2,1,1,1,1,1,3,120000,1,3,2,0
2,4,1,1,1,3,11,2,2,1,1,6,1,1,3,149000,1,3,2,0
2,4,1,2,5,14,7,1,1,1,1,5,1,1,3,90000,1,3,2,0
2,1,1,1,1,6,7,2,4,1,1,2,1,1,1,51394,1,1,1,0
2,18,1,1,1,1,1,2,3,1,1,5,3,1,1,80076,1,1,3,0
2,2,1,2,7,1,3,3,1,1,1,3,3,1,2,28178,2,2,2,0
2,1,1,1,1,1,3,1,1,1,1,1,1,1,1,62507,1,1,1,0
2,2,1,1,1,2,2,2,3,1,1,2,3,1,2,8076,2,2,2,0
2,8,1,3,5,1,1,2,3,1,1,8,1,2,1,36716,1,1,1,0
2,4,1,1,1,3,2,1,4,1,1,3,2,2,3,80000,1,3,2,0
2,1,1,1,1,1,3,2,2,1,4,8,1,1,1,97233,1,1,1,0
1,4,1,7,7,8,3,2,3,1,1,3,1,1,3,115000,1,3,2,0
2,15,1,1,6,1,7,2,2,1,1,1,1,1,2,63192,1,1,2,0
2,8,1,4,5,14,1,1,4,1,1,6,1,1,1,45283,1,1,1,0
2,20,1,2,1,1,4,1,3,1,1,1,1,2,1,44400,3,2,2,0
1,10,1,1,1,11,1,1,1,1,1,2,1,1,4,83972,1,1,1,0
2,15,1,2,3,2,5,1,4,1,1,3,1,1,2,48000,1,1,2,0
2,4,1,3,1,4,2,3,3,1,2,5,1,1,3,50000,1,3,2,0
2,11,2,2,1,1,2,2,3,1,1,1,3,1,1,48955,1,1,1,0
1,4,1,1,7,1,3,2,2,1,1,3,1,1,3,150000,1,3,2,0
1,2,1,1,1,1,2,2,3,1,1,9,6,1,2,6700,2,2,2,0
2,12,1,1,1,1,3,2,3,1,4,8,1,2,3,70054,1,1,1,0
2,13,1,1,2,3,7,3,2,2,1,3,1,1,1,308412,1,1,1,0
1,4,1,1,1,4,4,1,3,1,1,8,1,1,3,105000,1,3,2,0
2,6,2,1,7,1,7,2,3,1,1,2,1,1,1,15500,2,2,2,0
1,14,1,4,1,3,5,3,3,1,1,2,1,1,5,6732,3,2,2,0
2,11,1,2,1,1,7,2,2,1,1,6,4,1,1,35244,1,1,1,0
2,1,3,1,1,1,3,3,3,1,1,4,1,1,1,666744,1,1,1,0
1,4,1,3,2,4,7,2,3,1,1,9,5,2,3,144000,1,3,2,0
2,12,1,3,1,1,3,2,3,1,1,2,1,1,3,66027,1,1,1,0
2,4,1,1,1,1,3,2,1,1,1,8,5,1,3,75000,1,3,2,0
2,10,1,1,6,3,5,2,4,1,1,8,2,1,4,51983,1,1,1,0
2,8,3,1,1,1,1,1,3,1,1,2,1,1,1,22284,1,1,1,0
2,4,1,7,1,10,10,4,3,1,1,3,1,1,3,180000,1,3,2,1
1,2,1,1,1,1,7,2,4,1,1,3,3,1,2,12216,2,2,2,0
2,4,3,1,6,3,7,2,2,1,1,1,1,1,3,130000,1,3,2,0
2,4,1,3,1,1,4,2,2,2,2,3,1,1,3,185000,1,3,2,0
1,14,1,1,1,7,7,1,4,2,3,1,1,1,5,18720,3,2,2,0
2,4,1,1,7,1,2,2,2,1,1,1,1,1,3,130000,1,3,2,0
2,4,1,1,12,3,7,1,2,1,1,1,1,2,3,105000,1,3,2,0
2,4,1,2,1,1,7,1,2,1,1,5,1,2,3,96000,1,3,2,0
2,3,1,1,1,1,1,4,3,1,1,3,1,2,1,69612,1,1,3,1
1,6,1,2,3,3,2,2,4,1,1,3,1,1,1,15924,2,2,2,0
2,2,1,3,1,4,5,2,1,1,1,6,1,1,2,3756,2,2,2,0
1,4,1,1,8,3,7,1,2,2,1,2,1,1,3,97000,1,3,2,0
1,5,1,2,1,1,2,3,2,1,1,3,1,1,1,28236,2,2,1,0
2,20,1,1,7,1,7,3,2,1,1,5,4,2,1,18792,3,2,2,0
2,4,1,1,12,4,7,1,3,1,1,2,1,1,3,59000,1,3,2,0
2,1,1,1,1,1,1,2,4,1,1,8,1,1,1,89940,1,1,1,0
2,1,1,1,1,9,7,1,3,1,1,2,1,1,1,77786,1,1,1,0
2,4,1,1,1,1,3,1,4,1,1,1,1,1,3,205000,1,3,2,0
2,4,1,1,1,1,7,1,3,1,1,1,1,1,3,87500,1,3,2,0
2,4,1,2,1,1,10,2,2,1,1,2,6,1,3,97000,1,3,2,0
2,7,1,3,1,1,1,2,3,1,1,2,1,2,1,73433,1,1,1,0
2,4,2,1,4,18,2,1,2,2,2,8,5,1,3,20000,1,3,2,0
2,16,1,1,1,3,7,1,3,2,1,2,4,1,1,75636,1,1,3,0
2,10,1,1,1,3,2,3,2,2,2,2,6,1,4,43985,1,1,1,0
2,13,1,2,1,8,1,1,4,1,1,3,1,1,1,381852,1,1,1,0
2,19,3,2,5,8,3,2,3,1,1,8,1,1,1,57522,1,1,3,0
2,4,1,3,6,4,7,1,3,1,1,2,1,1,3,80000,1,3,2,0
2,4,1,1,1,3,7,3,4,1,1,6,1,1,3,55000,1,3,2,0
2,18,3,1,8,1,2,2,3,1,1,1,1,1,1,1000000,1,1,3,0
2,4,1,1,1,4,7,2,2,1,1,4,6,1,3,67000,1,3,2,0
1,13,3,3,1,15,1,1,2,1,1,1,2,1,1,50179,1,1,1,0
2,7,1,1,9,3,1,1,3,1,1,2,1,2,1,73433,1,1,1,0
2,10,1,1,8,3,1,2,4,1,1,2,1,2,4,103965,1,1,1,0
2,11,1,2,1,15,7,1,2,1,1,2,1,1,1,77104,1,1,1,0
2,2,1,2,3,6,2,1,1,1,4,8,1,1,2,5076,2,2,2,0
2,2,2,1,8,1,2,2,3,1,1,5,1,2,2,19568,2,2,2,0
2,6,1,3,1,15,5,1,2,1,1,8,1,1,1,27600,2,2,2,0
1,7,3,3,2,1,1,1,4,1,1,3,1,1,1,22032,1,1,1,0
2,4,1,2,4,8,1,1,2,1,1,1,1,1,3,110000,1,3,2,0
2,2,1,2,1,9,4,2,3,1,1,1,6,2,2,34440,2,2,2,0
2,7,1,1,1,14,3,2,2,1,1,3,1,2,1,51403,1,1,1,0
1,5,3,9,5,1,2,1,1,1,1,6,1,1,1,13236,2,2,1,0
1,4,1,1,9,1,2,1,2,1,1,4,1,2,3,65000,1,3,2,0
2,2,3,2,1,4,1,1,3,1,1,1,3,2,2,9080,2,2,2,0
2,1,1,2,1,7,3,2,1,1,1,3,1,2,1,90288,1,1,1,0
1,20,1,2,2,4,2,2,4,2,1,1,1,1,1,10440,3,2,2,0
2,4,1,1,8,1,4,3,3,1,1,2,1,2,3,135000,1,3,2,0
2,1,2,6,12,1,1,2,3,1,1,1,1,1,1,883428,1,1,1,0
2,7,3,1,1,1,1,2,4,1,1,2,1,1,1,17628,1,1,1,0
1,4,1,1,1,4,7,2,4,1,1,8,1,1,3,60000,1,3,2,0
1,4,1,1,1,7,7,1,2,2,1,1,1,1,3,80000,1,3,2,0
2,16,1,2,5,8,2,2,2,1,1,3,1,1,1,79552,1,1,3,0
1,2,1,1,3,3,5,2,4,1,1,7,3,2,2,5636,2,2,2,0
2,5,1,2,1,16,11,3,2,1,1,3,1,2,1,45876,2,2,1,0
2,8,1,1,8,8,3,2,2,1,1,1,1,1,1,45283,1,1,1,0
2,12,3,4,1,3,5,1,2,1,1,3,1,2,3,44287,1,1,1,0
1,6,1,1,3,13,7,2,4,1,1,3,1,1,1,11676,2,2,2,0
2,3,1,7,1,1,4,2,2,1,1,4,1,1,1,71856,1,1,3,0
2,4,1,1,1,1,3,1,4,1,1,2,1,2,3,115000,1,3,2,0
1,11,1,1,1,1,7,2,3,1,1,6,1,1,1,48955,1,1,1,0
2,4,1,2,6,6,5,2,3,2,1,3,1,1,3,65000,1,3,2,0
2,4,1,2,9,3,5,1,3,1,1,2,1,2,3,65000,1,3,2,0
2,13,1,3,1,2,3,2,3,1,2,5,1,1,1,587460,1,1,1,0
1,4,1,1,1,1,1,1,3,1,1,1,1,1,3,74000,1,3,2,0
2,4,1,1,6,3,5,3,2,1,1,3,3,1,3,105000,1,3,2,0
2,6,1,6,1,1,3,2,2,1,1,3,1,2,1,38208,2,2,2,0
2,10,1,1,1,2,3,1,2,1,1,1,3,1,4,139950,1,1,1,0
1,11,1,2,3,13,7,2,4,1,1,1,1,1,1,528720,1,1,1,0
2,4,1,3,4,4,5,2,2,1,1,6,1,2,3,60000,1,3,2,0
2,18,1,2,1,1,11,2,2,1,1,7,1,1,1,135550,1,1,3,0
2,4,1,4,4,1,2,2,2,1,1,6,1,1,3,65000,1,3,2,0
2,4,1,1,2,6,7,2,1,1,1,3,1,1,3,94100,1,3,2,0
1,4,1,1,5,4,7,2,4,1,1,4,1,1,3,100000,1,3,2,0
2,7,1,2,8,1,7,1,2,1,1,3,1,1,1,48955,1,1,1,0
2,4,1,1,6,14,2,1,2,1,1,6,1,1,3,71400,1,3,2,0
2,5,2,2,1,1,1,2,4,1,1,3,1,1,1,46932,2,2,1,0
2,2,1,2,1,2,2,2,1,1,1,3,3,1,2,6204,2,2,2,0
2,18,1,1,1,1,1,2,2,1,1,2,1,1,1,1000000,1,1,3,0
2,4,1,3,1,15,2,1,1,1,1,1,1,1,3,150000,1,3,2,0
2,1,1,1,3,3,3,2,4,1,1,3,1,1,1,97233,1,1,1,0
2,20,1,2,1,2,4,3,3,1,1,3,1,2,1,43200,3,2,2,0
2,10,1,1,1,1,8,3,2,1,1,2,1,1,4,48471,1,1,1,0
2,4,1,1,4,4,1,1,3,2,2,1,6,1,3,85000,1,3,2,0
2,7,1,1,4,3,2,1,2,2,1,3,1,1,1,67313,1,1,1,0
2,4,1,1,1,1,2,2,2,2,1,1,1,1,3,60000,1,3,2,0
2,4,1,1,8,1,7,2,4,1,1,1,1,2,3,115000,1,3,2,0
2,4,1,2,7,1,2,2,4,2,1,4,1,1,3,85000,1,3,2,0
2,10,3,3,1,1,1,1,3,2,2,1,1,1,4,43985,1,1,1,0
2,2,1,1,6,1,5,2,1,1,1,1,1,1,2,21916,2,2,2,0
1,16,1,2,7,1,2,1,2,1,1,1,1,2,1,33780,1,1,3,0
2,1,1,3,5,1,7,2,2,1,1,1,1,2,1,66674,1,1,1,0
2,7,1,3,1,2,1,3,3,1,1,2,1,1,1,48955,1,1,1,0
2,4,1,2,1,1,1,3,4,1,1,3,1,1,3,180000,1,3,2,0
2,4,1,1,1,1,1,1,1,1,1,8,1,1,3,175000,1,3,2,0
2,6,1,2,7,3,3,2,4,1,1,8,1,2,1,31848,2,2,2,0
2,1,1,2,5,1,11,2,4,1,3,1,1,1,1,44449,1,1,1,0
2,11,1,1,12,3,1,3,3,1,1,1,1,1,1,666744,1,1,1,0
2,4,3,1,9,1,2,2,3,1,1,3,1,1,3,95000,1,3,2,0
2,13,1,3,1,4,1,2,3,1,1,1,1,1,1,67313,1,1,1,0
2,4,3,1,2,1,7,2,3,2,1,3,1,1,3,123000,1,3,2,0
2,9,2,1,1,4,1,2,3,1,1,3,1,1,2,8268,2,2,2,0
2,4,1,1,1,1,4,2,3,1,1,8,3,1,3,95000,1,3,2,0
1,6,1,1,1,1,7,1,3,1,1,3,1,1,1,16980,2,2,2,0
2,7,1,3,1,1,7,2,3,2,1,2,1,1,1,58746,1,1,1,0
2,2,1,1,1,10,7,2,3,1,1,8,3,1,2,28178,2,2,2,0
2,4,1,2,3,15,1,1,4,1,3,7,1,1,3,135000,1,3,2,0
2,2,1,6,1,1,7,2,4,1,1,1,3,2,2,11929,2,2,2,0
2,15,1,1,5,8,7,2,2,1,1,1,1,1,2,105324,1,1,2,0
2,10,1,1,1,1,4,3,1,1,1,4,1,1,4,95968,1,1,1,0
1,1,1,1,1,1,7,2,3,1,1,2,1,1,1,41671,1,1,1,0
2,2,2,1,1,1,2,2,4,1,1,2,3,2,2,112716,2,2,2,0
2,7,1,2,1,8,3,2,3,1,1,4,1,1,1,20556,1,1,1,0
2,11,1,2,3,1,3,1,2,1,1,4,1,1,1,79552,1,1,1,0
2,4,1,2,1,1,3,2,3,1,2,7,1,2,3,110000,1,3,2,0
2,4,1,2,1,13,7,2,2,1,1,2,1,1,3,46800,1,3,2,0
2,4,1,3,8,1,11,1,2,2,1,2,3,2,3,120000,1,3,2,0
2,4,1,1,1,1,4,2,2,1,1,2,1,2,3,95000,1,3,2,0
2,4,2,4,1,3,5,2,4,1,1,4,1,1,3,9000,1,3,2,0
2,7,1,2,1,3,4,2,1,1,1,2,1,1,1,58746,1,1,1,0
2,2,1,1,1,3,2,3,2,1,1,3,1,1,2,8234,2,2,2,0
2,4,1,2,1,1,3,2,2,1,1,6,1,2,3,112000,1,3,2,0
2,4,1,1,8,1,1,2,3,1,1,3,1,1,3,125000,1,3,2,0
2,4,1,1,1,4,1,2,1,1,1,7,6,1,3,100000,1,3,2,0
2,4,1,1,8,1,4,2,4,1,1,1,6,2,3,100000,1,3,2,0
2,4,1,2,6,14,1,2,2,1,1,3,1,1,3,74100,1,3,2,0
2,4,1,1,1,1,1,3,1,1,1,3,1,1,3,155000,1,3,2,0
1,11,1,2,1,1,7,2,2,1,1,2,1,1,1,47731,1,1,1,0
1,1,1,1,1,2,3,2,3,1,1,1,1,2,1,58340,1,1,1,0
2,4,1,1,2,1,7,2,3,1,1,2,1,2,3,130000,1,3,2,0
1,13,1,1,1,14,2,2,2,1,1,1,1,1,1,31821,1,1,1,0
2,4,1,3,11,8,7,2,3,2,4,2,1,1,3,85000,1,3,2,0
2,7,1,5,8,1,7,2,4,1,1,2,1,2,1,602148,1,1,1,0
2,5,1,2,2,1,4,1,2,1,1,3,1,1,1,26472,2,2,1,0
2,1,1,5,8,1,7,1,3,1,1,8,1,1,1,50005,1,1,1,0
1,2,1,1,1,1,2,2,4,1,1,1,3,1,2,6888,2,2,2,0
2,4,1,1,1,1,7,2,2,1,1,1,1,2,3,65000,1,3,2,0
1,1,1,1,1,3,1,1,1,1,1,3,1,1,1,575064,1,1,1,0
1,7,1,7,5,1,4,3,4,1,1,4,1,2,1,58752,1,1,1,0
2,10,3,1,8,1,7,1,4,1,1,1,1,1,4,959676,1,1,1,0
2,19,3,1,1,6,4,1,4,1,3,1,1,1,1,46992,1,1,3,0
1,4,1,3,4,3,7,2,1,2,1,3,1,2,3,115000,1,3,2,0
2,12,1,1,1,1,7,1,4,2,1,1,1,1,3,48313,1,1,1,0
1,4,1,1,1,2,11,1,4,1,1,1,3,1,3,180000,1,3,2,0
2,2,1,1,1,10,4,2,3,1,1,8,3,1,2,84534,2,2,2,0
2,18,3,6,1,1,1,2,1,1,1,5,1,2,1,75696,1,1,3,0
1,11,1,2,2,4,7,3,3,1,1,3,1,2,1,34269,1,1,1,0
2,1,1,2,7,3,2,2,1,1,1,3,1,1,1,55562,1,1,1,0
2,7,1,2,1,1,3,2,3,1,1,3,1,1,1,67313,1,1,1,0
1,8,2,2,1,14,11,1,2,1,1,2,1,1,1,42836,1,1,1,0
2,7,1,1,1,1,1,3,1,1,1,7,5,2,1,91791,1,1,1,0
2,1,1,1,1,1,1,1,1,1,1,9,5,1,1,51394,1,1,1,0
2,6,1,3,3,1,2,1,3,1,1,1,1,1,1,41400,2,2,2,0
2,4,1,6,2,9,5,2,4,1,1,5,2,2,3,40000,1,3,2,0
2,4,1,1,3,1,2,2,2,1,1,1,1,1,3,100000,1,3,2,0
1,7,1,1,2,3,2,1,1,1,1,2,2,2,1,91791,1,1,1,0
2,18,1,1,12,1,4,2,2,1,1,2,1,1,1,88629,1,1,3,0
1,1,1,1,1,3,1,1,1,1,3,1,2,1,1,69452,1,1,1,0
2,4,1,2,3,1,4,1,2,1,1,1,1,1,3,150000,1,3,2,0
2,4,1,1,1,2,4,2,3,1,1,3,1,2,3,114500,1,3,2,0
2,9,2,1,1,1,3,2,2,1,1,1,1,2,2,23844,2,2,2,0
1,4,1,1,1,2,3,3,1,1,1,4,1,1,3,125000,1,3,2,0
2,2,1,1,3,11,1,2,2,1,1,2,1,2,2,53225,2,2,2,0
1,7,1,1,9,1,5,2,2,2,1,5,6,1,1,48955,1,1,1,0
2,4,1,1,1,1,4,2,2,1,1,2,2,1,3,125000,1,3,2,0
2,1,1,3,1,1,3,2,1,1,1,8,1,1,1,62507,1,1,1,0
2,11,2,2,1,14,7,1,3,1,1,2,1,1,1,44060,1,1,1,0
2,6,1,2,1,1,7,2,3,1,1,1,1,2,1,33972,2,2,2,0
2,4,1,1,1,1,11,2,3,1,1,1,1,1,3,35000,1,3,2,0
2,4,1,1,1,1,5,2,4,1,1,7,2,2,3,2000000,1,3,2,0
2,11,1,1,1,1,7,2,3,1,1,3,4,1,1,55075,1,1,1,0
2,2,1,1,1,2,7,2,2,1,1,8,1,1,2,4128,2,2,2,0
2,8,3,5,1,6,5,2,4,1,1,8,6,1,1,26436,1,1,1,0
2,5,1,2,5,8,2,3,2,1,1,7,1,1,1,19056,2,2,1,0
2,4,1,1,1,1,3,1,4,2,3,5,1,1,3,250000,1,3,2,0
2,1,1,1,1,4,11,2,2,1,1,8,1,2,1,883428,1,1,1,0
2,1,1,2,7,5,2,2,1,1,1,3,1,1,1,944268,1,1,1,0
2,11,1,2,1,2,3,1,3,1,1,3,1,1,1,77104,1,1,1,0
1,11,1,2,7,1,7,2,2,1,1,2,1,2,1,46992,1,1,1,0
2,11,1,2,1,1,7,2,2,1,1,3,1,1,1,55075,1,1,1,0
2,2,1,1,8,2,7,1,1,1,1,2,3,1,2,90168,2,2,2,0
2,3,1,2,1,3,7,2,3,1,1,3,1,1,1,47309,1,1,3,0
2,5,1,3,1,1,3,3,2,1,1,1,1,1,1,102925,2,2,1,0
2,1,3,3,7,1,1,3,1,1,1,1,1,1,1,59034,1,1,1,0
2,4,1,2,1,1,4,2,3,1,1,1,1,2,3,125000,1,3,2,0
2,1,1,2,1,1,4,2,3,1,1,7,4,1,1,62507,1,1,1,0
2,12,3,4,11,1,2,2,3,1,1,1,6,1,3,24156,1,1,1,0
1,2,1,1,8,3,2,1,2,1,2,1,1,1,2,4692,2,2,2,0
2,1,1,3,7,1,2,1,3,1,1,2,1,1,1,483384,1,1,1,0
2,7,1,2,1,1,1,1,2,1,1,2,1,2,1,61194,1,1,1,0
2,17,1,1,1,1,7,2,3,1,1,1,1,1,1,46992,1,1,3,0
2,4,1,1,5,1,1,3,2,1,1,3,1,1,3,68000,1,3,2,0
2,4,1,2,1,4,3,2,3,1,1,3,3,1,3,96300,1,3,2,0
2,11,1,2,1,1,1,3,3,1,1,3,2,1,1,49200,1,1,1,0
2,6,1,1,1,2,2,1,3,1,1,1,1,2,1,36936,2,2,2,0
2,7,1,1,5,3,1,2,2,1,1,3,1,1,1,80776,1,1,1,0
2,7,2,1,1,4,3,2,3,1,1,3,1,1,1,45528,1,1,1,0
2,20,1,2,1,2,1,1,2,2,1,3,1,1,1,36000,3,2,2,0
2,4,1,1,4,1,7,2,1,1,1,1,1,1,3,140000,1,3,2,0
2,7,1,7,5,1,7,2,4,1,1,3,1,2,1,58746,1,1,1,0
2,4,1,2,5,8,7,1,4,1,1,1,1,1,3,65000,1,3,2,0
2,4,1,2,4,8,2,2,3,1,1,5,1,2,3,130000,1,3,2,0
2,19,1,6,8,4,4,3,3,2,1,2,2,1,1,41124,1,1,3,0
2,2,1,1,3,1,1,1,3,1,1,1,3,1,2,57921,2,2,2,0
2,2,1,1,1,1,7,2,1,1,1,1,3,1,2,7827,2,2,2,0
2,4,1,1,8,3,1,2,2,1,1,2,1,1,3,87100,1,3,2,0
2,7,1,2,1,10,4,1,2,1,1,4,1,1,1,73433,1,1,1,0
1,11,1,2,2,1,5,2,3,1,1,3,1,1,1,39164,1,1,1,0
1,2,2,1,3,2,5,2,3,1,1,7,3,1,2,2256,2,2,2,0
2,4,1,4,1,1,2,2,3,1,1,2,1,2,3,67500,1,3,2,0
2,4,1,3,1,1,3,1,3,1,1,3,1,2,3,86788,1,3,2,0
2,4,1,1,4,1,2,2,4,1,1,3,1,1,3,75000,1,3,2,0
2,7,1,4,1,1,4,2,3,1,1,8,1,1,1,80772,1,1,1,0
2,4,1,3,1,5,4,2,3,1,1,3,1,2,3,160000,1,3,2,0
2,4,1,1,1,1,2,2,2,1,1,3,1,1,3,70000,1,3,2,0
2,2,1,2,1,1,4,2,1,1,1,5,1,1,2,75608,2,2,2,0
1,17,1,1,1,2,2,1,4,1,1,2,1,2,1,30840,1,1,3,0
2,4,1,3,1,1,1,2,2,1,1,1,1,1,3,108000,1,3,2,0
2,4,1,1,8,1,4,2,2,1,1,2,7,2,3,105000,1,3,2,0
2,4,1,1,1,1,1,1,3,1,1,1,1,1,3,85000,1,3,2,0
2,4,1,1,3,8,7,2,2,1,1,4,1,1,3,142000,1,3,2,0
2,4,1,1,2,14,5,2,3,2,1,1,1,1,3,75000,1,3,2,0
2,4,1,1,1,1,7,2,4,1,1,3,1,1,3,61992,1,3,2,0
2,14,3,1,1,14,1,3,3,1,1,8,1,1,5,22452,3,2,2,0
2,2,1,1,1,1,7,1,2,1,1,2,6,1,2,159672,2,2,2,0
2,12,1,3,12,6,1,2,3,1,1,8,1,2,3,123198,1,1,1,0
2,15,3,2,1,1,3,1,2,1,1,3,4,2,2,110592,1,1,2,0
2,4,1,1,1,13,7,2,3,2,1,3,5,1,3,85000,1,3,2,0
2,1,1,1,1,1,1,2,4,1,1,8,1,2,1,52089,1,1,1,0
2,9,3,1,1,9,3,2,2,1,1,7,1,1,2,19068,2,2,2,0
2,1,1,2,3,13,5,2,1,1,1,3,1,1,1,31948,1,1,1,0
1,5,1,2,3,14,2,2,3,1,1,2,1,1,1,21168,2,2,1,0
2,5,3,2,3,1,2,2,2,2,1,8,1,1,1,22236,2,2,1,0
2,4,1,1,1,1,11,2,3,1,1,2,1,1,3,140000,1,3,2,0
1,14,1,2,5,14,2,1,3,1,1,4,2,1,5,36312,3,2,2,0
2,2,1,2,12,1,7,2,3,1,1,1,1,2,2,7512,2,2,2,0
2,2,1,2,1,1,7,2,3,1,1,1,3,1,2,8076,2,2,2,0
2,4,1,1,7,1,5,3,3,1,1,2,2,1,3,92000,1,3,2,0
2,19,3,2,1,1,4,1,3,1,1,1,1,1,1,33780,1,1,3,0
2,5,1,1,1,16,4,2,4,1,1,1,1,1,1,42348,2,2,1,0
2,13,1,2,1,1,3,1,2,1,1,1,1,1,1,59970,1,1,1,0
2,14,3,2,8,1,1,2,4,1,1,7,1,1,5,18720,3,2,2,0
2,11,1,6,5,1,5,3,3,1,1,8,1,2,1,41612,1,1,1,0
2,4,1,1,1,9,7,1,1,1,1,1,1,1,3,72000,1,3,2,0
2,11,1,7,3,6,11,2,3,1,1,4,1,2,1,48955,1,1,1,0
2,10,1,1,1,3,1,1,4,1,1,1,1,1,4,103965,1,1,1,0
2,2,1,2,12,1,5,2,2,1,1,2,6,1,2,4696,2,2,2,0
2,1,1,1,1,10,4,2,4,1,1,1,1,1,1,83342,1,1,1,0
1,15,1,2,1,1,1,2,3,1,1,3,1,1,2,87000,1,1,2,0
2,4,1,1,1,1,3,2,1,1,1,1,1,1,3,62000,1,3,2,0
2,4,1,1,3,1,2,1,1,1,1,1,1,1,3,70000,1,3,2,0
2,4,1,2,1,9,1,2,3,1,1,2,1,2,3,116600,1,3,2,0
2,1,1,2,1,1,11,2,1,1,1,8,1,2,1,97233,1,1,1,0
1,1,1,2,3,1,7,2,1,1,1,4,1,1,1,88899,1,1,1,0
1,4,1,1,1,1,7,1,2,1,1,6,1,1,3,55000,1,3,2,0
2,2,3,1,1,1,5,2,3,1,1,1,1,1,2,2820,2,2,2,0
2,4,3,1,1,1,2,2,2,1,1,1,1,1,3,104000,1,3,2,0
1,4,1,1,1,7,7,3,3,2,1,7,6,1,3,96500,1,3,2,0
2,3,1,2,8,1,4,4,3,1,1,3,1,2,1,61380,1,1,3,1
2,7,2,2,1,1,7,2,2,1,1,4,1,1,1,61194,1,1,1,0
2,11,1,2,1,1,4,2,2,1,1,1,1,1,1,50179,1,1,1,0
2,19,1,4,8,1,3,2,3,1,1,6,1,2,1,99134,1,1,3,0
2,10,1,1,1,3,3,1,2,1,1,1,1,1,4,73619,1,1,1,0
2,4,1,1,1,1,11,2,3,1,1,6,1,2,3,78000,1,3,2,0
2,4,1,1,1,7,2,2,3,1,1,5,1,1,3,45000,1,3,2,0
2,7,1,1,1,1,3,3,3,1,1,2,1,1,1,581592,1,1,1,0
2,1,1,1,1,1,7,2,1,1,1,2,1,1,1,750084,1,1,1,0
2,4,1,1,3,4,5,1,2,1,1,5,1,1,3,35000,1,3,2,0
2,5,3,1,1,1,1,2,2,1,1,8,1,1,1,19404,2,2,1,0
2,12,1,1,8,1,7,2,3,1,1,1,6,2,3,92500,1,1,1,0
2,1,1,1,1,1,7,2,2,1,1,2,2,1,1,69452,1,1,1,0
2,4,2,2,1,1,7,2,1,1,1,1,3,1,3,19200,1,3,2,0
2,1,1,5,1,13,3,3,3,1,1,2,1,1,1,76397,1,1,1,0
2,10,1,7,1,7,11,2,4,1,1,1,3,1,4,95968,1,1,1,0
2,2,1,1,1,1,3,1,2,1,1,1,3,2,2,20664,2,2,2,0
2,6,1,2,8,1,7,2,2,1,1,3,1,1,1,33972,2,2,2,0
2,4,1,1,8,4,1,2,2,1,1,2,3,1,3,852000,1,3,2,0
2,11,1,2,8,1,7,3,4,1,1,1,1,1,1,35468,1,1,1,0
2,11,1,2,7,1,2,2,3,1,1,4,1,1,1,58746,1,1,1,0
2,4,1,1,9,1,2,1,3,1,1,1,1,1,3,72000,1,3,2,0
2,5,1,2,1,1,4,1,3,1,1,2,3,2,1,28236,2,2,1,0
1,2,1,2,3,1,2,2,1,1,1,1,3,1,2,4692,2,2,2,0
2,4,1,1,1,2,1,2,4,1,2,1,1,1,3,110000,1,3,2,0
2,8,1,5,1,1,1,2,3,1,1,7,1,1,1,42836,1,1,1,0
2,3,1,7,1,1,3,2,2,1,1,7,1,2,1,56436,1,1,3,0
2,2,1,1,1,4,7,1,3,1,1,7,3,1,2,6262,2,2,2,0
2,9,1,1,1,9,1,1,3,1,1,4,1,2,2,34439,2,2,2,0
1,7,1,1,1,1,1,1,2,1,1,5,1,1,1,61680,1,1,1,0
2,9,2,1,1,1,7,2,3,1,1,1,1,1,2,17172,2,2,2,0
2,4,1,1,1,1,8,3,3,1,1,5,1,1,3,140000,1,3,2,0
2,3,1,1,4,3,7,1,2,1,1,2,1,1,1,43416,1,1,3,0
2,10,1,2,1,1,3,2,1,1,1,7,3,2,4,95968,1,1,1,0
2,4,1,1,3,2,7,2,3,1,1,1,1,1,3,43750,1,3,2,0
2,4,1,3,9,1,1,1,3,1,1,1,1,2,3,110000,1,3,2,0
2,4,1,2,5,8,2,1,2,2,3,3,1,1,3,150000,1,3,2,0
2,6,1,1,1,1,4,2,3,1,1,1,1,1,1,31848,2,2,2,0
2,14,1,1,1,1,3,2,3,1,1,8,5,1,5,12165,3,2,2,0
2,4,1,1,1,2,1,2,4,1,1,4,1,1,3,160000,1,3,2,0
1,20,1,1,1,1,2,2,3,1,1,3,1,1,1,36000,3,2,2,0
1,6,1,1,1,1,7,2,2,1,1,3,1,1,1,40332,2,2,2,0
2,3,1,2,1,1,11,2,2,1,1,1,1,2,1,59880,1,1,3,0
1,7,1,3,1,1,3,1,4,1,1,8,1,1,1,73433,1,1,1,0
2,16,1,5,6,1,7,2,4,1,1,1,1,1,1,80776,1,1,3,0
2,2,1,1,1,1,2,1,3,1,1,1,1,1,2,9708,2,2,2,0
2,14,1,1,1,1,8,2,4,1,1,2,5,2,5,26196,3,2,2,0
2,7,1,2,1,1,7,2,4,2,1,2,1,1,1,66084,1,1,1,0
1,1,1,2,1,1,1,1,1,1,1,7,1,1,1,84731,1,1,1,0
2,10,1,9,11,1,11,3,4,1,1,8,1,1,4,103965,1,1,1,0
2,4,1,1,3,1,7,2,3,1,1,5,1,1,3,140000,1,3,2,0
2,15,1,2,1,1,7,2,1,1,1,3,1,1,2,77238,1,1,2,0
2,11,1,1,1,5,4,3,4,1,1,3,1,2,1,61194,1,1,1,0
2,1,1,1,12,4,3,1,3,1,1,3,2,2,1,55562,1,1,1,0
1,1,1,2,1,2,3,1,4,1,1,1,1,1,1,125708,1,1,1,0
2,12,1,2,1,1,1,1,3,1,1,2,1,1,3,40261,1,1,1,0
2,7,1,2,1,1,1,1,1,1,1,1,1,2,1,91791,1,1,1,0
2,7,1,2,3,7,4,2,2,1,1,4,1,1,1,61194,1,1,1,0
2,2,2,1,3,1,5,1,4,1,1,8,1,1,2,3000,2,2,2,0
2,6,1,4,7,1,3,2,2,1,1,1,1,2,1,38208,2,2,2,0
1,17,1,3,1,4,4,2,3,1,2,1,1,1,1,44060,1,1,3,0
2,16,1,1,7,2,4,2,4,1,1,2,1,2,1,89343,1,1,3,0
2,4,1,1,1,15,1,3,4,1,1,1,1,1,3,58500,1,3,2,0
2,2,1,1,1,1,3,2,4,1,1,1,3,1,2,31309,2,2,2,0
2,13,1,6,1,1,1,1,1,1,1,5,2,1,1,33780,1,1,1,0
2,4,1,1,1,1,1,3,1,1,1,3,6,1,3,40000,1,3,2,0
1,4,1,2,1,1,2,2,4,1,1,3,3,1,3,80700,1,3,2,0
1,2,2,1,4,3,2,1,2,2,1,7,1,2,2,6000,2,2,2,0
2,16,1,1,1,15,3,2,3,1,1,3,1,2,1,85671,1,1,3,0
1,2,1,2,1,2,7,1,3,1,1,5,2,2,2,19536,2,2,2,0
1,6,1,2,8,4,2,2,4,1,1,5,1,1,1,24000,2,2,2,0
2,6,1,6,1,1,1,3,3,1,1,2,1,1,1,21228,2,2,2,0
2,4,1,2,1,1,7,3,1,1,1,3,3,1,3,12100,1,3,2,0
2,20,1,1,5,1,3,2,3,1,1,3,1,1,1,29232,3,2,2,0
2,10,1,5,1,6,7,2,4,1,1,2,7,1,4,59980,1,1,1,0
2,6,1,3,7,3,5,2,4,1,1,5,1,1,1,8496,2,2,2,0
2,7,2,1,1,8,1,2,2,1,3,3,1,1,1,19092,1,1,1,0
2,12,1,1,3,1,1,3,3,1,1,1,6,1,3,50728,1,1,1,0
2,7,1,1,1,1,3,2,3,1,1,3,1,2,1,112597,1,1,1,0
2,2,1,1,1,3,5,2,1,1,1,1,6,2,2,7044,2,2,2,0
2,11,1,4,1,1,7,3,4,1,1,9,1,1,1,61194,1,1,1,0
1,4,1,1,3,1,7,2,4,2,1,1,1,1,3,100000,1,3,2,0
2,2,2,2,1,1,7,5,3,1,1,3,1,1,2,150288,2,2,2,0
2,4,1,2,1,1,3,2,3,1,1,1,6,1,3,115000,1,3,2,0
2,6,1,2,7,1,2,2,2,2,1,2,3,1,1,21228,2,2,2,0
2,4,1,1,1,1,2,3,3,1,1,1,1,1,3,73000,1,3,2,0
2,1,1,2,1,1,7,2,2,1,1,3,1,1,1,50005,1,1,1,0
2,2,1,2,1,2,7,2,3,2,1,3,1,1,2,9396,2,2,2,0
1,13,3,3,1,13,7,2,3,1,1,1,2,1,1,22030,1,1,1,0
2,4,2,3,1,1,7,2,4,1,1,1,1,2,3,125000,1,3,2,0
1,1,1,1,12,1,3,2,1,1,1,3,1,2,1,49311,1,1,1,0
2,7,1,5,1,3,7,2,4,1,1,3,1,1,1,47731,1,1,1,0
2,12,1,1,1,1,11,2,2,1,1,1,1,1,3,56365,1,1,1,0
1,5,1,1,1,1,1,2,4,1,1,3,1,1,1,29407,2,2,1,0
2,2,1,1,1,1,2,2,3,1,1,1,3,1,2,5640,2,2,2,0
2,20,1,2,5,1,2,3,2,1,1,8,1,1,1,22548,3,2,2,0
1,17,1,1,1,1,1,1,4,1,1,2,1,1,1,48468,1,1,3,0
2,1,1,1,7,14,5,1,4,1,1,1,1,1,1,62507,1,1,1,0
2,4,1,2,4,3,2,2,4,1,1,5,1,1,3,68000,1,3,2,0
2,7,1,1,3,9,3,1,3,1,1,1,3,1,1,106600,1,1,1,0
2,4,1,1,1,4,3,2,2,1,1,1,1,1,3,240000,1,3,2,0
2,4,1,2,1,1,1,2,4,1,1,2,6,1,3,110000,1,3,2,0
2,1,1,1,7,1,5,1,1,1,1,3,1,1,1,500052,1,1,1,0
2,2,1,1,8,1,2,2,3,1,1,2,3,1,2,12132,2,2,2,0
2,2,1,8,1,4,2,2,3,1,1,8,2,1,2,14559,2,2,2,0
2,1,1,2,1,1,4,1,3,1,1,3,1,1,1,166685,1,1,1,0
2,4,1,1,1,1,7,2,1,1,1,3,1,1,3,130000,1,3,2,0
2,7,1,2,1,1,11,2,2,1,1,3,1,1,1,88119,1,1,1,0
2,2,1,1,1,1,2,2,4,1,1,1,6,2,2,6948,2,2,2,0
2,5,1,3,1,1,7,2,3,1,1,2,1,1,1,12348,2,2,1,0
2,7,1,1,1,1,3,2,3,1,1,4,1,1,1,662508,1,1,1,0
2,12,2,1,1,15,7,2,4,1,1,1,2,1,3,15000,1,1,1,0
2,4,1,5,1,1,1,2,2,1,1,2,4,2,3,120000,1,3,2,0
2,4,1,1,3,7,2,2,1,1,1,2,1,1,3,80000,1,3,2,0
1,10,1,1,1,2,3,2,4,1,1,2,1,1,4,91969,1,1,1,0
2,18,1,1,1,1,1,1,2,1,1,8,1,1,1,1000000,1,1,3,0
2,7,1,2,5,1,2,2,1,1,1,3,1,1,1,83224,1,1,1,0
1,7,3,2,5,14,2,1,4,1,1,3,1,1,1,63642,1,1,1,0
2,11,2,2,12,1,2,2,4,1,1,1,1,1,1,8076,1,1,1,0
2,1,1,2,1,4,1,2,2,1,1,3,1,1,1,61118,1,1,1,0
1,4,1,1,1,10,11,2,1,1,1,1,1,2,3,130000,1,3,2,0
1,16,1,2,2,14,5,1,2,1,1,6,1,1,1,29376,1,1,3,0
2,14,1,2,1,1,7,2,1,1,1,7,2,1,5,17784,3,2,2,0
2,20,1,1,1,1,1,3,3,1,1,1,1,1,1,41760,3,2,2,0
2,20,1,2,1,1,4,1,2,1,1,1,1,1,1,60000,3,2,2,0
1,15,1,5,1,1,7,3,3,1,1,1,1,1,2,49152,1,1,2,0
2,4,1,1,4,1,2,3,2,1,1,1,1,1,3,100000,1,3,2,0
2,14,1,1,1,2,7,1,4,1,1,8,2,2,5,14592,3,2,2,0
2,2,1,1,1,1,2,2,3,2,1,1,3,2,2,7827,2,2,2,0
2,4,1,1,3,4,2,2,3,1,1,1,1,1,3,70000,1,3,2,0
2,1,1,2,1,1,7,1,1,1,1,8,1,2,1,48616,1,1,1,0
2,11,1,7,1,9,1,2,2,1,1,2,1,1,1,36716,1,1,1,0
2,4,1,1,1,1,4,2,2,1,1,1,1,2,3,120000,1,3,2,0
2,14,1,1,1,1,1,1,1,1,1,1,2,1,5,28068,3,2,2,0
2,20,1,2,1,1,7,1,2,1,1,1,1,1,1,5844,3,2,2,0
2,2,1,1,1,1,7,2,3,1,1,6,3,1,2,21916,2,2,2,0
1,2,2,1,1,1,2,1,2,1,1,2,3,2,2,1884,2,2,2,0
2,4,1,1,1,1,7,3,2,1,1,1,1,1,3,97000,1,3,2,0
1,2,2,1,1,2,2,2,1,1,1,1,1,1,2,5009,2,2,2,0
2,15,3,1,1,4,7,1,2,1,1,1,4,1,2,70212,1,1,2,0
1,1,1,7,7,14,4,1,3,1,4,2,1,1,1,416712,1,1,1,0
2,4,1,1,1,1,1,2,3,1,1,1,1,1,3,1000000,1,3,2,0
2,8,2,1,1,2,4,3,4,1,1,2,1,1,1,25334,1,1,1,0
1,4,1,1,1,4,7,1,4,1,1,1,1,1,3,120000,1,3,2,0
2,1,1,1,4,11,2,2,1,2,4,8,1,1,1,37504,1,1,1,0
2,4,2,1,1,14,2,2,4,1,1,1,1,1,3,70000,1,3,2,0
1,9,1,1,3,1,7,2,3,1,1,7,1,1,2,17856,2,2,2,0
2,11,1,2,1,9,7,2,3,1,1,3,1,1,1,64866,1,1,1,0
2,1,1,1,1,1,7,1,4,1,1,2,1,1,1,51394,1,1,1,0
2,2,1,1,1,2,2,1,3,2,1,7,3,1,2,6840,2,2,2,0
2,16,1,3,1,1,2,2,3,1,1,2,1,1,1,42836,1,1,3,0
2,16,1,3,8,1,1,1,4,2,1,8,1,1,1,41856,1,1,3,0
2,5,1,2,1,6,1,2,3,1,1,3,1,2,1,31056,2,2,1,0
1,4,1,1,1,7,1,2,3,1,1,1,1,1,3,88800,1,3,2,0
1,4,1,1,1,1,4,2,3,1,1,5,1,2,3,95000,1,3,2,0
1,6,1,6,3,1,2,3,4,1,1,5,1,1,1,42456,2,2,2,0
2,2,1,1,1,3,7,1,4,1,1,7,3,2,2,2348,2,2,2,0
2,11,1,2,1,4,1,2,2,2,1,4,3,1,1,39164,1,1,1,0
2,7,1,5,8,1,7,2,2,1,1,8,1,1,1,51408,1,1,1,0
1,12,1,1,8,1,1,1,4,1,1,1,1,1,3,80521,1,1,1,0
2,4,1,1,1,1,7,2,3,1,1,1,1,1,3,90200,1,3,2,0
2,2,1,9,8,1,2,3,3,1,1,9,1,1,2,8448,2,2,2,0
2,4,1,3,1,1,2,1,4,1,1,1,1,1,3,157000,1,3,2,0
2,4,1,1,6,14,2,1,3,1,1,3,5,1,3,131670,1,3,2,0
2,15,3,1,1,15,11,2,1,1,1,1,1,1,2,94788,1,1,2,0
2,4,1,1,1,1,1,2,2,1,1,4,1,1,3,105000,1,3,2,0
2,4,1,1,1,1,6,3,3,1,1,1,1,1,3,160000,1,3,2,0
2,2,1,1,3,1,7,1,4,1,1,1,1,1,2,17689,2,2,2,0
2,4,1,2,2,14,5,1,1,1,1,6,1,2,3,55000,1,3,2,0
2,2,2,1,3,1,7,2,1,1,1,1,3,1,2,9396,2,2,2,0
1,2,1,1,3,1,2,2,3,1,1,6,3,1,2,6806,2,2,2,0
2,4,1,2,2,6,2,2,1,2,1,8,1,1,3,78000,1,3,2,0
2,7,2,1,1,4,2,1,3,1,1,3,6,2,1,29376,1,1,1,0
2,3,3,1,1,1,4,2,2,1,1,1,3,2,1,62880,1,1,3,0
2,4,1,1,1,1,3,2,2,1,1,1,1,1,3,85500,1,3,2,0
2,4,1,1,1,2,7,2,2,1,3,1,1,1,3,130000,1,3,2,0
2,7,1,2,1,1,1,2,2,1,1,2,1,1,1,73433,1,1,1,0
1,10,1,3,1,1,4,2,3,1,1,9,3,2,4,30000,1,1,1,0
2,8,1,2,5,1,7,2,3,1,1,3,1,2,1,48955,1,1,1,0
1,4,1,1,1,3,4,1,4,1,1,5,1,2,3,85000,1,3,2,0
1,4,1,1,1,9,3,3,2,1,1,4,1,1,3,100000,1,3,2,0
2,4,3,4,1,1,4,2,2,2,1,2,1,1,3,42000,1,3,2,0
2,4,2,1,3,1,5,2,4,1,1,1,3,1,3,2000000,1,3,2,0
2,12,1,1,1,4,7,1,4,1,1,1,1,1,3,60391,1,1,1,0
2,4,1,4,1,1,1,2,2,1,1,3,1,2,3,52000,1,3,2,0
2,1,1,1,1,1,3,2,2,2,1,1,1,1,1,39588,1,1,1,0
2,4,1,1,1,1,1,2,4,1,1,1,4,1,3,74000,1,3,2,0
2,4,1,1,1,1,1,2,3,1,1,1,1,1,3,65000,1,3,2,0
2,15,1,1,1,3,3,2,2,1,1,4,1,1,2,108840,1,1,2,0
2,4,1,5,2,1,1,2,3,2,1,3,1,1,3,40000,1,3,2,0
2,14,1,1,8,1,2,1,3,1,1,1,6,2,5,36,3,2,2,0
2,4,1,1,6,10,2,2,3,1,1,1,1,2,3,125000,1,3,2,0
1,7,1,1,1,1,7,1,3,1,1,2,1,2,1,52015,1,1,1,0
2,2,1,1,8,1,1,2,3,1,1,7,1,2,2,24420,2,2,2,0
2,4,1,2,1,8,7,3,1,1,1,3,3,1,3,144000,1,3,2,0
2,11,1,2,1,2,7,2,4,2,1,4,1,1,1,46507,1,1,1,0
2,4,1,1,1,1,3,1,4,1,1,6,1,1,3,62000,1,3,2,0
2,2,1,1,1,3,7,2,3,1,1,8,1,2,2,14246,2,2,2,0
2,6,1,2,1,5,2,2,3,1,1,8,1,2,1,25476,2,2,2,0
2,3,1,2,3,4,2,1,1,1,1,8,1,1,1,61380,1,1,3,0
2,4,1,1,8,1,4,2,3,1,1,1,4,1,3,60000,1,3,2,0
2,4,1,1,3,1,2,1,4,1,1,2,5,1,3,115000,1,3,2,0
2,11,1,2,3,14,2,2,2,1,1,2,5,1,1,70985,1,1,1,0
2,4,1,1,1,1,7,1,2,1,1,2,1,1,3,130000,1,3,2,0
2,12,1,2,7,8,7,1,4,1,1,3,1,1,3,47508,1,1,1,0
1,1,1,2,1,1,2,2,2,1,1,3,5,1,1,76397,1,1,1,0
1,11,2,2,8,1,7,3,2,1,1,4,6,1,1,469968,1,1,1,0
2,1,1,1,5,1,2,1,4,1,1,8,1,1,1,69452,1,1,1,0
1,10,1,3,4,1,1,1,2,1,1,2,1,2,4,594996,1,1,1,0
2,2,2,1,1,4,2,2,3,1,1,7,3,2,2,99564,2,2,2,0
2,6,3,2,1,1,7,1,2,1,1,3,1,1,1,21228,2,2,2,0
2,17,1,2,1,7,3,2,3,1,1,5,1,1,1,74904,1,1,3,0
1,12,1,1,1,7,7,2,3,1,1,1,1,1,3,80521,1,1,1,0
2,12,1,1,1,14,3,1,1,1,1,1,1,1,3,56365,1,1,1,0
2,20,1,2,1,4,2,2,4,1,1,1,1,1,1,48,3,2,2,0
2,6,1,6,8,1,3,2,1,1,1,5,1,2,1,19104,2,2,2,0
2,14,1,2,1,1,11,2,3,1,1,8,2,1,5,26196,3,2,2,0
2,2,1,2,1,3,1,2,3,1,1,1,2,2,2,8923,2,2,2,0
2,4,1,1,7,1,2,2,2,1,1,4,1,1,3,78800,1,3,2,0
2,4,3,3,1,6,5,4,2,1,1,1,1,1,3,31000,1,3,2,1
2,4,1,3,1,1,7,2,3,1,1,2,1,1,3,89250,1,3,2,0
2,12,1,1,1,1,4,2,3,1,1,2,1,2,3,80521,1,1,1,0
2,4,1,2,3,1,2,1,1,1,3,2,4,1,3,135000,1,3,2,0
2,10,1,1,8,4,2,2,2,1,1,1,1,1,4,78374,1,1,1,0
2,6,1,2,1,1,3,2,3,1,1,3,1,1,1,36516,2,2,2,0
2,2,1,1,1,1,1,2,2,1,1,1,3,2,2,10958,2,2,2,0
2,13,2,2,1,2,5,2,2,1,1,1,1,1,1,29373,1,1,1,0
2,7,1,7,5,8,8,3,2,1,2,3,1,1,1,75880,1,1,1,0
2,11,1,1,1,1,4,2,3,1,1,1,1,2,1,95462,1,1,1,0
1,14,1,1,1,1,1,2,3,1,1,7,2,2,5,22536,3,2,2,0
2,5,1,3,1,1,4,3,2,1,1,3,1,1,1,21168,2,2,1,0
2,7,1,1,1,1,7,2,3,1,1,3,1,1,1,63642,1,1,1,0
2,7,1,1,1,1,8,3,4,1,1,9,1,1,1,71597,1,1,1,0
2,12,1,1,1,1,4,3,4,1,2,1,1,1,3,66027,1,1,1,0
2,1,1,1,1,4,1,2,3,1,1,9,1,2,1,69452,1,1,1,0
2,14,1,1,1,1,7,2,1,1,1,1,2,1,5,36000,3,2,2,0
2,11,1,1,12,1,1,3,3,1,1,1,1,1,1,33780,1,1,1,0
1,4,3,3,8,14,5,1,2,1,1,8,1,1,3,60000,1,3,2,0
2,16,1,2,1,1,3,2,2,1,1,3,1,2,1,95462,1,1,3,0
2,12,2,2,1,8,1,1,3,2,2,6,2,1,3,280212,1,1,1,0
1,7,2,2,3,9,3,2,1,1,1,4,1,1,1,95462,1,1,1,0
1,2,1,2,1,1,7,2,2,1,1,4,1,1,2,11741,2,2,2,0
2,1,1,1,1,9,7,3,2,1,1,2,1,1,1,43755,1,1,1,0
2,1,1,5,1,1,1,2,3,1,1,2,1,1,1,41671,1,1,1,0
2,2,2,1,1,3,2,2,3,1,4,1,3,1,2,8610,2,2,2,0
2,5,1,2,2,1,2,2,4,1,1,3,1,1,1,39096,2,2,1,0
2,1,1,7,1,8,11,1,4,1,1,3,2,1,1,121541,1,1,1,0
2,1,1,2,2,1,4,1,3,1,3,1,1,1,1,500052,1,1,1,0
2,17,1,1,1,4,6,1,2,2,1,1,1,2,1,73428,1,1,3,0
1,1,1,5,7,1,3,1,3,1,1,2,1,1,1,111123,1,1,1,0
2,4,1,4,1,1,2,2,3,2,1,8,1,1,3,60000,1,3,2,0
2,4,1,2,4,3,5,1,2,1,1,1,1,1,3,78500,1,3,2,0
2,10,1,1,8,1,7,1,1,1,1,2,1,1,4,66378,1,1,1,0
2,4,1,2,1,1,4,2,3,1,1,3,1,2,3,110000,1,3,2,0
2,18,1,2,1,4,1,3,2,2,1,4,1,1,1,101663,1,1,3,0
2,2,1,2,8,13,7,3,3,1,1,1,3,1,2,11271,2,2,2,0
2,8,1,2,1,14,7,2,3,1,1,7,1,1,1,21300,1,1,1,0
2,8,1,3,3,4,3,2,2,1,1,2,1,1,1,23352,1,1,1,0
2,6,1,4,1,1,3,1,2,1,1,8,1,2,1,7644,2,2,2,0
1,9,1,1,1,9,3,2,2,1,1,8,1,1,2,38148,2,2,2,0
2,2,1,1,1,4,7,4,3,1,1,7,1,2,2,0,2,2,2,1
1,7,1,2,8,8,7,1,2,1,1,3,1,1,1,61194,1,1,1,0
2,11,1,2,1,1,7,2,1,2,1,3,1,1,1,55075,1,1,1,0
1,4,1,1,8,3,2,2,4,2,1,1,6,1,3,82000,1,3,2,0
2,4,1,1,1,11,1,1,2,1,1,8,1,1,3,55000,1,3,2,0
2,6,1,2,1,2,3,3,1,1,1,5,1,1,1,38208,2,2,2,0
2,2,2,2,1,2,2,2,4,1,1,3,3,1,2,13152,2,2,2,0
2,4,1,2,1,1,1,1,1,1,1,3,1,1,3,250000,1,3,2,0
2,16,1,2,6,14,7,1,4,1,1,5,1,1,1,36348,1,1,3,0
2,4,1,3,1,4,7,3,3,1,1,1,1,2,3,95000,1,3,2,0
2,2,1,1,3,1,2,1,3,1,1,1,3,2,2,11741,2,2,2,0
2,4,1,1,4,1,6,2,2,1,1,7,4,2,3,0,1,3,2,0
2,4,1,2,3,1,3,2,2,1,1,1,1,1,3,125000,1,3,2,0
2,7,3,2,1,1,7,2,4,1,1,2,1,1,1,30597,1,1,1,0
1,4,1,1,7,1,5,2,2,1,1,1,1,1,3,85000,1,3,2,0
2,10,1,1,1,15,11,2,3,1,1,2,1,2,4,83172,1,1,1,0
2,4,1,1,1,1,7,2,3,1,1,1,1,1,3,80500,1,3,2,0
2,2,1,1,8,1,7,3,3,1,1,9,3,1,2,4692,2,2,2,0
1,4,1,1,3,1,3,2,3,2,1,3,3,2,3,150000,1,3,2,0
1,12,1,1,8,1,1,3,2,1,1,3,1,2,3,56365,1,1,1,0
2,7,1,2,7,14,11,2,2,1,1,3,1,1,1,146865,1,1,1,0
2,16,1,2,1,1,1,2,2,1,1,3,1,1,1,55075,1,1,3,0
1,11,1,2,1,3,3,2,4,1,1,1,1,1,1,587460,1,1,1,0
2,11,1,2,1,1,1,2,2,1,1,3,1,1,1,41612,1,1,1,0
2,2,1,1,1,1,7,1,3,1,1,9,3,2,2,14872,2,2,2,0
2,5,1,1,1,1,7,2,3,1,1,2,1,1,1,21168,2,2,1,0
2,1,1,1,1,4,7,2,3,1,1,3,1,1,1,34726,1,1,1,0
2,12,1,2,1,2,7,2,2,1,1,3,3,2,3,64417,1,1,1,0
1,4,1,1,1,1,11,2,2,1,1,1,6,1,3,65000,1,3,2,0
2,6,1,2,1,1,7,1,2,1,1,8,1,2,1,14856,2,2,2,0
2,1,1,3,1,1,8,2,3,1,1,4,1,1,1,38893,1,1,1,0
2,4,1,1,7,1,1,2,4,1,1,3,1,1,3,90000,1,3,2,0
2,4,1,1,2,1,5,1,2,1,1,5,1,1,3,75000,1,3,2,0
2,4,1,1,5,9,4,2,3,1,1,1,6,1,3,80000,1,3,2,0
2,6,1,2,1,1,1,2,3,1,1,5,1,2,1,42456,2,2,2,0
2,1,1,2,7,9,7,2,1,1,1,1,1,1,1,51394,1,1,1,0
2,7,2,5,1,15,1,3,3,1,1,2,1,1,1,61194,1,1,1,0
1,14,1,1,1,1,1,2,4,1,1,1,2,1,5,22452,3,2,2,0
2,4,1,2,1,1,3,3,4,1,1,3,1,2,3,110000,1,3,2,0
2,1,1,4,1,5,3,2,4,1,1,2,1,2,1,86120,1,1,1,0
1,6,1,2,5,1,1,1,3,1,1,8,1,2,1,12732,2,2,2,0
2,2,1,2,1,6,1,2,4,1,1,3,3,1,2,4696,2,2,2,0
1,4,1,2,1,1,1,2,3,1,1,3,3,2,3,120000,1,3,2,0
1,13,3,4,1,1,7,1,3,1,1,6,1,1,1,26925,1,1,1,0
2,2,1,1,3,1,2,2,3,1,1,1,3,1,2,7044,2,2,2,0
2,8,1,1,1,9,1,2,2,1,1,2,1,2,1,33045,1,1,1,0
2,11,1,2,1,1,7,2,3,1,1,8,1,1,1,47731,1,1,1,0
2,7,1,7,7,1,7,1,3,1,1,3,1,2,1,73433,1,1,1,0
2,4,1,1,1,1,7,2,2,1,1,6,1,1,3,101000,1,3,2,0
2,4,2,1,1,1,1,2,4,1,1,1,1,2,3,110000,1,3,2,0
2,16,1,2,1,1,2,1,4,1,1,2,1,1,1,62418,1,1,3,0
2,1,1,3,8,1,1,2,3,2,1,2,1,1,1,37504,1,1,1,0
2,14,3,1,2,18,2,3,1,1,1,2,2,1,5,8232,3,2,2,0
2,1,1,3,8,4,7,3,4,1,1,8,5,2,1,83342,1,1,1,0
2,4,1,2,1,4,1,2,2,1,1,4,1,1,3,110000,1,3,2,0
2,2,1,1,1,2,2,2,3,1,1,3,1,1,2,4809,2,2,2,0
1,3,1,2,1,1,3,2,2,1,1,7,1,1,1,59136,1,1,3,0
2,12,1,1,1,1,3,2,3,1,1,1,1,1,3,84547,1,1,1,0
2,4,1,2,1,1,4,2,4,1,1,1,1,1,3,120000,1,3,2,0
1,2,1,1,1,1,5,1,3,2,4,1,1,1,2,3756,2,2,2,0
2,20,3,2,1,1,3,2,3,1,1,4,1,2,1,30000,3,2,2,0
2,12,2,2,1,9,7,1,3,1,1,3,4,2,3,80521,1,1,1,0
1,8,1,1,1,15,4,1,1,1,1,1,1,1,1,104030,1,1,1,0
2,11,1,2,1,1,1,2,3,1,1,2,5,2,1,46507,1,1,1,0
2,15,3,8,7,1,3,1,4,1,1,1,1,2,2,102399,1,1,2,0
2,14,1,1,8,1,3,2,2,1,1,1,2,1,5,20304,3,2,2,0
2,4,1,1,1,4,11,2,4,1,1,1,1,1,3,105000,1,3,2,0
2,7,2,1,1,9,3,2,3,1,1,3,1,1,1,20904,1,1,1,0
2,4,1,1,1,1,3,2,3,1,1,2,1,2,3,118000,1,3,2,0
2,11,1,6,1,7,7,5,3,1,1,8,1,1,1,30840,1,1,1,0
2,4,3,1,5,3,7,2,2,1,1,3,6,1,3,68000,1,3,2,0
2,4,1,4,1,1,1,3,3,2,1,8,6,1,3,79000,1,3,2,0
2,12,1,1,1,1,2,1,2,1,1,4,1,1,3,24156,1,1,1,0
2,2,2,1,1,2,5,1,4,1,1,4,1,2,2,1000000,2,2,2,0
1,4,1,2,1,1,5,3,3,2,1,3,3,1,3,80000,1,3,2,0
2,11,1,2,1,1,7,2,3,1,1,1,1,1,1,41856,1,1,1,0
2,16,1,1,6,4,5,1,2,1,1,8,1,1,1,55075,1,1,3,0
2,4,1,2,3,8,2,2,4,2,1,1,6,1,3,82000,1,3,2,0
2,11,1,2,1,4,4,1,3,1,1,1,1,1,1,55075,1,1,1,0
1,4,1,1,12,1,1,1,3,1,1,5,1,2,3,111000,1,3,2,0
2,2,1,1,1,1,7,2,3,1,1,5,6,1,2,16046,2,2,2,0
2,4,1,1,1,1,8,1,3,1,1,3,1,2,3,175000,1,3,2,0
2,2,1,1,1,8,7,2,3,1,1,2,3,1,2,8453,2,2,2,0
2,2,1,1,1,1,2,2,1,1,1,2,1,1,2,10958,2,2,2,0
2,14,1,2,1,7,7,2,3,1,1,8,1,1,5,20964,3,2,2,0
2,4,1,1,1,1,3,2,4,1,1,3,1,1,3,80000,1,3,2,0
2,11,1,2,3,1,4,3,3,1,1,3,1,1,1,47731,1,1,1,0
2,7,1,2,1,1,1,2,4,1,1,2,1,1,1,61194,1,1,1,0
2,3,1,1,1,1,4,2,2,1,1,1,1,1,1,62880,1,1,3,0
2,1,1,7,3,8,11,1,1,1,1,2,3,1,1,76397,1,1,1,0
2,4,1,3,1,1,7,1,4,1,1,8,5,1,3,125000,1,3,2,0
2,7,1,5,1,4,2,2,2,1,1,2,1,1,1,61194,1,1,1,0
2,8,1,2,1,3,7,2,2,1,1,1,1,1,1,30597,1,1,1,0
2,4,1,1,2,3,5,1,4,1,1,3,1,2,3,85000,1,3,2,0
2,4,1,3,1,6,7,2,1,1,1,1,1,2,3,36000,1,3,2,0
2,10,2,1,3,1,7,3,2,1,1,1,1,1,4,111963,1,1,1,0
2,6,1,2,1,1,7,2,3,1,1,8,1,1,1,21228,2,2,2,0
2,17,1,1,8,1,4,2,2,1,1,5,1,1,1,52872,1,1,3,0
2,7,1,3,1,10,3,3,2,1,1,8,1,1,1,36720,1,1,1,0
2,4,1,1,3,1,1,2,2,1,2,3,1,1,3,80000,1,3,2,0
1,1,1,1,4,6,5,1,4,1,1,1,5,1,1,34726,1,1,1,0
2,12,1,3,1,1,7,1,4,1,1,3,1,1,3,64417,1,1,1,0
2,4,1,1,3,2,7,2,3,1,1,2,1,1,3,160000,1,3,2,0
2,4,1,2,1,4,4,2,2,1,1,3,1,1,3,107500,1,3,2,0
2,16,1,2,1,4,4,2,3,1,1,3,1,1,1,183582,1,1,3,0
2,4,1,3,4,1,2,1,4,2,1,2,1,1,3,14000,1,3,2,0
1,5,1,1,1,2,7,2,2,1,1,3,1,1,1,63516,2,2,1,0
2,1,1,1,1,1,3,3,3,1,1,1,1,1,1,36115,1,1,1,0
2,11,1,2,1,1,3,2,3,1,2,3,1,1,1,85650,1,1,1,0
2,4,1,1,1,1,11,3,4,1,1,2,1,1,3,63890,1,3,2,0
2,3,1,2,12,1,7,2,4,1,1,3,1,1,1,39164,1,1,3,0
2,16,1,1,1,1,1,2,4,1,1,3,1,2,1,85671,1,1,3,0
2,4,1,1,1,1,3,2,4,1,1,2,1,2,3,92000,1,3,2,0
2,4,1,4,1,1,4,3,4,2,2,2,1,2,3,16000,1,3,2,0
2,20,1,2,3,1,1,3,2,1,1,3,1,2,1,100000,3,2,2,0
1,4,1,2,1,1,4,2,1,1,1,1,3,1,3,118000,1,3,2,0
2,1,1,2,1,1,1,3,2,1,1,3,1,1,1,138904,1,1,1,0
1,6,3,3,5,1,1,1,1,1,1,5,1,2,1,28800,2,2,2,0
2,4,1,1,1,1,3,2,4,1,1,3,1,2,3,110000,1,3,2,0
2,4,1,3,1,1,1,2,3,1,1,1,1,2,3,40000,1,3,2,0
2,4,1,3,1,1,1,1,2,1,1,1,1,1,3,120000,1,3,2,0
2,2,2,1,1,1,5,4,4,1,1,7,3,2,2,2000000,2,2,2,1
1,11,1,2,1,1,7,2,2,1,1,1,4,1,1,97910,1,1,1,0
2,3,1,5,3,1,11,1,4,1,1,1,1,1,1,50904,1,1,3,0
1,9,1,2,8,1,3,2,1,1,1,1,4,1,2,25200,2,2,2,0
2,1,1,4,9,1,2,1,3,1,1,1,1,2,1,27781,1,1,1,0
1,4,1,1,1,1,1,2,3,1,1,3,1,1,3,106000,1,3,2,0
2,1,1,1,5,1,4,2,3,1,1,1,1,2,1,72230,1,1,1,0
1,15,1,1,3,1,7,2,4,1,1,3,1,1,2,112344,1,1,2,0
2,7,1,1,9,1,3,1,2,1,3,2,1,1,1,58746,1,1,1,0
2,19,1,4,1,1,3,2,2,1,1,6,1,1,1,117492,1,1,3,0
2,5,1,2,1,1,1,2,3,1,1,3,1,2,1,42348,2,2,1,0
1,2,1,1,1,1,7,2,1,1,1,7,3,1,2,15600,2,2,2,0
2,14,1,2,1,1,1,2,3,1,1,3,1,1,5,33684,3,2,2,0
2,4,1,3,1,1,1,2,2,1,1,2,1,2,3,70000,1,3,2,0
2,1,1,3,1,1,7,2,4,1,1,2,1,1,1,76397,1,1,1,0
1,6,1,3,1,1,7,2,3,1,1,1,1,1,1,30000,2,2,2,0
2,5,1,3,1,14,3,2,2,1,1,4,1,1,1,44100,2,2,1,0
2,5,1,3,1,4,1,1,4,1,1,3,1,1,1,117350,2,2,1,0
1,4,1,2,1,3,5,2,1,2,1,3,3,1,3,80640,1,3,2,0
1,8,1,2,1,1,4,1,2,1,1,2,1,1,1,49932,1,1,1,0
2,11,1,2,1,4,3,2,4,1,3,3,1,1,1,17628,1,1,1,0
2,16,1,1,1,1,3,2,2,1,1,1,1,1,1,122388,1,1,3,0
2,7,1,5,1,1,2,3,1,1,2,2,1,1,1,36000,1,1,1,0
2,14,1,1,1,1,7,2,3,1,1,1,2,1,5,7560,3,2,2,0
2,4,1,1,8,1,5,1,4,1,1,1,1,1,3,80000,1,3,2,0
2,2,1,1,1,1,7,2,1,1,1,3,1,2,2,22491,2,2,2,0
2,2,2,2,8,1,2,2,4,1,2,1,3,1,2,18780,2,2,2,0
2,4,1,4,3,4,7,2,3,1,1,2,1,2,3,52338,1,3,2,0
2,4,1,7,1,1,4,2,3,1,1,4,1,1,3,160000,1,3,2,0
2,4,1,1,1,1,4,2,2,1,1,1,1,1,3,100000,1,3,2,0
1,18,3,2,1,1,3,3,1,1,1,1,1,1,1,1000000,1,1,3,0
2,4,1,1,2,1,7,2,4,2,2,3,1,1,3,55000,1,3,2,0
2,4,1,1,1,1,1,2,4,1,1,3,1,1,3,180000,1,3,2,0
1,4,1,1,3,1,2,3,4,1,1,1,5,1,3,40000,1,3,2,0
2,2,1,5,1,13,2,3,4,1,1,9,1,2,2,18780,2,2,2,0
2,2,1,2,1,1,7,2,2,1,1,3,1,2,2,18000,2,2,2,0
2,20,2,2,1,1,4,2,3,1,1,3,1,1,1,43008,3,2,2,0
1,12,1,2,1,1,3,2,3,1,1,1,1,2,3,79716,1,1,1,0
2,4,1,1,1,15,4,1,3,1,1,3,1,1,3,200000,1,3,2,0
2,4,1,9,1,6,6,2,4,1,1,1,1,1,3,120000,1,3,2,0
2,4,1,2,8,16,7,2,2,1,1,3,1,1,3,80000,1,3,2,0
1,11,1,2,1,1,4,1,2,1,1,2,1,2,1,63030,1,1,1,0
2,5,1,2,1,1,3,1,1,1,2,1,4,1,1,51462,2,2,1,0
2,12,1,2,1,1,11,1,1,1,1,2,1,2,3,70859,1,1,1,0
2,2,2,1,1,1,2,2,3,1,1,4,1,1,2,120000,2,2,2,0
1,12,1,9,1,1,1,3,1,1,1,1,1,1,3,750000,1,1,1,0
2,5,1,1,8,1,3,2,3,1,1,3,1,1,1,20600,2,2,1,0
2,4,1,1,1,1,4,2,4,1,1,1,1,1,3,124800,1,3,2,0
2,4,1,3,8,1,1,2,3,1,1,1,1,1,3,104000,1,3,2,0
2,4,1,1,1,8,1,2,4,2,2,1,1,1,3,140000,1,3,2,0
2,7,1,2,6,1,1,2,3,1,1,3,1,1,1,244776,1,1,1,0
1,4,1,1,1,1,4,2,2,1,1,1,1,2,3,96000,1,3,2,0
2,6,1,3,1,1,4,3,3,1,1,8,1,1,1,10600,2,2,2,0
2,18,3,5,1,1,7,2,2,1,1,3,1,1,1,31281,1,1,3,0
2,14,1,5,1,1,7,1,3,1,3,2,5,1,5,29940,3,2,2,0
2,4,1,2,1,12,4,2,3,1,1,3,1,1,3,115000,1,3,2,0
1,11,1,2,1,1,3,2,2,1,1,1,5,2,1,73428,1,1,1,0
2,1,1,1,1,15,8,3,3,1,1,8,1,1,1,97233,1,1,1,0
2,1,1,1,1,1,3,1,2,1,1,8,1,1,1,152794,1,1,1,0
2,1,1,3,11,1,3,2,3,1,1,2,1,1,1,48616,1,1,1,0
1,2,1,1,3,9,7,3,2,1,4,6,3,2,2,18253,2,2,2,0
2,12,1,2,1,6,5,3,3,2,2,4,5,1,3,26150,1,1,1,0
2,16,1,3,3,2,1,4,3,1,1,3,1,1,1,14688,1,1,3,1
2,16,1,1,1,1,2,2,2,1,1,8,1,1,1,48955,1,1,3,0
2,4,2,2,7,8,7,1,4,1,1,4,1,1,3,28000,1,3,2,0
2,4,1,1,1,1,7,3,2,1,1,8,2,1,3,63600,1,3,2,0
2,1,1,1,1,1,2,2,2,1,1,3,1,1,1,55562,1,1,1,0
1,4,1,1,1,1,1,2,1,1,1,1,1,1,3,100000,1,3,2,0
2,5,1,1,8,1,4,2,1,1,1,2,1,1,1,49404,2,2,1,0
2,7,1,2,1,1,4,1,3,1,1,3,1,2,1,49932,1,1,1,0
2,7,1,1,1,1,7,2,2,1,1,2,2,2,1,85671,1,1,1,0
2,2,1,5,1,1,2,2,2,1,2,8,4,1,2,5640,2,2,2,0
2,15,1,1,1,9,11,2,2,1,1,3,1,1,2,112344,1,1,2,0
2,4,1,1,1,1,7,1,1,1,1,1,1,1,3,73000,1,3,2,0
2,12,2,1,1,1,3,1,2,1,1,6,2,1,3,25128,1,1,1,0
2,1,1,1,1,1,3,2,4,1,1,3,1,1,1,83342,1,1,1,0
2,7,1,4,11,1,3,1,2,1,1,7,1,1,1,122388,1,1,1,0
2,20,3,2,5,1,1,2,1,1,1,3,1,1,1,24000,3,2,2,0
1,13,1,1,1,1,7,2,2,1,3,1,2,1,1,51403,1,1,1,0
1,11,1,3,1,1,2,2,4,1,1,3,4,1,1,0,1,1,1,0
2,5,1,3,3,1,7,2,3,1,1,1,1,1,1,28236,2,2,1,0
2,16,2,2,1,1,3,3,4,1,1,3,1,1,1,14688,1,1,3,0
2,7,1,1,1,2,4,2,4,1,1,8,3,1,1,36720,1,1,1,0
2,2,1,1,1,1,1,2,1,1,1,2,3,1,2,14089,2,2,2,0
2,5,1,1,1,11,5,3,2,1,1,8,1,1,1,32604,2,2,1,0
2,4,1,1,1,1,1,3,1,1,1,3,1,1,3,2000000,1,3,2,0
2,8,2,2,1,16,3,3,2,1,1,2,1,1,1,14688,1,1,1,0
1,12,1,1,7,1,2,2,4,1,1,1,2,1,3,32209,1,1,1,0
2,2,1,1,1,1,5,3,1,1,1,2,3,1,2,4512,2,2,2,0
2,8,3,3,1,1,3,1,3,1,1,2,6,2,1,35492,1,1,1,0
2,10,1,5,3,1,3,3,3,1,1,1,1,1,4,207931,1,1,1,0
2,1,1,8,1,3,4,1,3,1,1,7,1,1,1,111123,1,1,1,0
2,20,1,2,9,1,1,2,3,1,1,5,1,2,1,27600,3,2,2,0
2,6,1,3,3,1,11,2,3,2,1,8,1,1,1,36000,2,2,2,0
2,5,1,2,1,1,7,1,4,1,1,3,4,1,1,52933,2,2,1,0
2,4,2,2,2,14,2,1,3,1,1,3,1,2,3,1250000,1,3,2,0
2,1,1,1,1,1,4,2,3,1,1,1,1,1,1,83342,1,1,1,0
2,16,2,1,12,3,7,3,2,1,1,1,1,1,1,88116,1,1,3,0
1,1,1,2,12,1,1,1,3,1,1,3,1,1,1,180575,1,1,1,0
2,1,1,2,1,1,1,2,2,1,1,3,1,1,1,166680,1,1,1,0
2,12,1,5,1,1,4,3,3,1,1,3,1,1,3,48313,1,1,1,0
2,2,1,1,1,1,7,2,1,1,1,8,3,1,2,15000,2,2,2,0
2,2,1,2,1,1,7,3,2,1,1,9,3,2,2,9396,2,2,2,0
2,4,1,3,10,1,4,2,3,1,1,8,1,2,3,85000,1,3,2,0
2,4,1,1,12,6,1,1,4,1,1,1,7,2,3,70000,1,3,2,0
2,4,1,1,1,1,4,2,3,1,1,5,1,1,3,100000,1,3,2,0
2,6,1,1,1,1,7,2,3,1,1,2,1,1,1,76428,2,2,2,0
2,2,1,2,1,1,1,1,4,1,1,1,6,1,2,24420,2,2,2,0
2,1,1,2,1,1,3,2,4,1,1,3,1,1,1,111123,1,1,1,0
2,5,1,2,1,1,4,2,2,1,1,3,1,2,1,88932,2,2,1,0
2,1,1,1,1,1,4,3,2,1,1,1,1,2,1,119457,1,1,1,0
2,7,1,2,9,8,2,1,2,1,1,4,1,1,1,39164,1,1,1,0
2,2,3,2,1,1,2,2,1,2,1,3,7,1,2,7512,2,2,2,0
2,4,2,2,7,4,7,2,2,2,1,3,1,1,3,36000,1,3,2,0
2,2,1,1,1,3,2,2,3,2,1,4,3,1,2,15654,2,2,2,0
2,11,1,5,1,1,6,2,3,1,1,7,1,1,1,44064,1,1,1,0
2,4,1,2,1,1,7,3,3,1,1,1,3,1,3,130000,1,3,2,0
2,14,1,1,1,1,3,2,3,1,1,1,2,1,5,11604,3,2,2,0
2,12,1,3,3,4,3,2,4,1,1,1,1,1,3,40261,1,1,1,0
2,11,1,2,1,1,7,2,2,1,1,7,2,2,1,117492,1,1,1,0
2,2,1,2,1,1,1,1,4,1,1,2,3,2,2,225420,2,2,2,0
2,6,1,1,3,1,2,2,2,1,1,3,1,1,1,29724,2,2,2,0
2,11,1,2,1,1,1,1,4,1,1,3,1,1,1,29376,1,1,1,0
2,2,1,1,3,1,7,2,3,1,1,1,3,2,2,36788,2,2,2,0
2,4,1,3,11,3,2,2,1,1,1,1,1,1,3,60000,1,3,2,0
2,5,1,1,1,1,4,1,2,1,1,3,1,1,1,172908,2,2,1,0
2,2,1,1,1,1,1,1,1,1,1,3,3,1,2,15654,2,2,2,0
2,9,1,1,1,1,2,1,4,1,1,8,2,1,2,18000,2,2,2,0
2,4,1,4,1,9,7,2,2,1,1,3,1,1,3,60000,1,3,2,0
2,9,2,3,11,10,1,1,4,1,1,7,1,1,2,31788,2,2,2,0
2,4,1,1,7,1,7,2,1,1,1,1,1,1,3,240000,1,3,2,0
2,20,1,2,1,1,8,1,4,1,1,8,1,1,1,72000,3,2,2,0
2,1,1,6,10,10,2,1,3,1,1,2,1,1,1,0,1,1,1,0
2,1,1,1,1,2,3,2,2,1,1,1,1,1,1,80772,1,1,1,0
2,2,1,1,1,1,1,3,2,1,1,1,1,2,2,7827,2,2,2,0
2,2,1,1,1,1,7,1,2,1,1,1,1,2,2,55550,2,2,2,0
2,14,1,1,8,3,2,3,1,1,1,2,1,1,5,7488,3,2,2,0
2,19,1,1,7,1,3,3,4,1,1,7,1,1,1,67313,1,1,3,0
2,11,1,2,1,3,7,2,2,1,1,3,1,1,1,48955,1,1,1,0
2,2,1,2,1,4,1,2,1,1,1,3,3,2,2,25050,2,2,2,0
2,5,1,1,1,2,1,2,2,1,1,2,1,1,1,47640,2,2,1,0
2,4,1,1,7,14,2,2,2,1,3,6,7,1,3,45000,1,3,2,0
2,12,1,4,1,1,4,1,2,1,1,1,1,1,3,104678,1,1,1,0
1,7,1,8,11,1,11,1,2,1,1,2,1,2,1,17628,1,1,1,0
2,4,1,5,1,1,4,3,3,1,4,2,1,1,3,162500,1,3,2,0
2,7,1,2,5,1,4,1,3,1,1,7,1,1,1,48955,1,1,1,0
2,4,1,2,1,1,11,3,1,1,1,1,1,1,3,175000,1,3,2,0
2,4,1,1,1,1,4,2,1,1,1,3,1,2,3,95000,1,3,2,0
2,5,1,7,7,1,1,2,3,1,1,1,1,1,1,70572,2,2,1,0
2,6,1,3,1,1,3,3,2,1,1,3,1,1,1,40000,2,2,2,0
1,7,1,1,3,1,4,1,3,1,1,2,1,1,1,660900,1,1,1,0
2,6,1,3,3,1,7,1,4,1,1,3,1,1,1,63684,2,2,2,0
1,2,1,2,1,1,4,3,3,1,1,1,3,1,2,14340,2,2,2,0
2,5,1,2,3,1,7,1,4,1,1,3,1,2,1,70577,2,2,1,0
1,4,2,1,1,1,7,3,3,1,1,3,6,1,3,97000,1,3,2,0
2,5,1,2,1,1,4,3,4,1,1,3,1,1,1,152000,2,2,1,0
2,14,3,3,1,1,3,2,2,1,2,1,1,1,5,16848,3,2,2,0
2,2,1,3,1,1,7,2,3,1,1,3,3,2,2,12524,2,2,2,0
2,18,1,1,1,14,7,2,2,1,1,2,1,1,1,97596,1,1,3,0
2,16,1,1,1,1,1,2,4,1,1,4,3,1,1,110149,1,1,3,0
2,4,1,1,8,1,1,2,3,1,1,2,1,1,3,83200,1,3,2,0
2,1,1,1,9,1,4,2,3,1,1,1,1,1,1,97233,1,1,1,0
2,10,1,3,8,1,1,2,4,1,1,8,1,2,4,119960,1,1,1,0
2,4,1,1,1,1,2,2,3,1,1,2,1,1,3,47840,1,3,2,0
2,5,1,1,3,2,1,3,3,1,1,2,1,1,1,52932,2,2,1,0
1,4,1,1,1,3,7,1,1,1,1,2,1,1,3,100000,1,3,2,0
2,5,1,2,3,1,4,2,2,1,1,3,1,2,1,70577,2,2,1,0
2,2,1,1,1,6,3,2,4,1,1,1,3,2,2,67632,2,2,2,0
2,1,3,5,1,14,1,2,4,1,2,8,1,2,1,1000000,1,1,1,0
2,7,1,1,1,1,6,1,1,1,1,3,1,1,1,79552,1,1,1,0
2,4,1,1,1,1,11,1,4,1,1,1,1,2,3,140000,1,3,2,0
2,5,1,2,1,6,1,2,4,1,1,3,1,2,1,40584,2,2,1,0
2,13,1,1,1,1,3,2,3,1,1,2,1,1,1,82000,1,1,1,0
1,20,1,1,12,13,1,2,3,1,1,3,1,1,1,27600,3,2,2,0
2,4,1,1,7,1,11,2,4,1,1,5,1,1,3,220000,1,3,2,0
2,9,3,1,3,3,5,4,3,2,1,2,4,1,2,12720,2,2,2,1
1,14,1,1,1,2,1,1,2,1,1,1,2,1,5,56148,3,2,2,0
1,14,1,2,1,1,4,2,3,1,1,1,1,1,5,67368,3,2,2,0
2,5,1,1,1,1,7,2,3,1,1,3,1,1,1,56460,2,2,1,0
2,18,1,2,1,1,1,1,2,1,1,2,1,1,1,99056,1,1,3,0
2,1,1,1,3,1,7,2,4,1,1,1,1,2,1,52783,1,1,1,0
2,4,1,1,1,1,1,2,2,1,1,3,1,1,3,75000,1,3,2,0
2,1,1,1,6,6,1,1,2,1,1,1,1,1,1,13265,1,1,1,0
2,11,1,7,6,1,7,2,3,1,1,1,5,1,1,36720,1,1,1,0
2,14,3,1,1,16,1,2,3,1,4,1,1,1,5,11232,3,2,2,0
2,14,1,1,8,1,3,2,3,1,1,9,2,1,5,33684,3,2,2,0
2,1,1,3,11,1,2,1,3,1,1,2,1,1,1,20836,1,1,1,0
2,1,1,1,1,1,1,2,1,1,1,2,1,2,1,72230,1,1,1,0
2,16,1,2,8,3,7,2,3,1,1,3,1,1,1,36716,1,1,3,0
1,13,2,5,1,1,2,2,3,1,1,4,1,1,1,61200,1,1,1,0
1,1,1,1,1,14,4,3,1,1,1,2,6,1,1,166685,1,1,1,0
2,4,1,1,1,1,7,2,4,1,1,1,1,1,3,110000,1,3,2,0
2,2,1,2,1,1,1,2,1,1,2,3,1,2,2,24000,2,2,2,0
1,4,1,2,3,1,3,1,2,1,1,3,1,1,3,2000000,1,3,2,0
2,4,1,2,6,1,3,2,3,1,1,2,1,2,3,138521,1,3,2,0
2,4,2,1,1,8,1,3,3,1,1,1,6,1,3,26400,1,3,2,0
2,2,1,1,8,1,7,2,1,1,1,1,3,2,2,114000,2,2,2,0
2,4,1,1,1,1,4,2,1,1,1,3,1,2,3,220000,1,3,2,0
1,20,1,8,7,1,3,2,3,1,1,7,1,1,1,6372,3,2,2,0
2,4,1,1,4,6,5,2,4,2,2,5,1,1,3,10000,1,3,2,0
2,3,1,5,1,1,1,2,3,1,1,6,1,1,1,37428,1,1,3,0
1,16,1,1,1,1,7,2,3,1,1,3,1,1,1,122388,1,1,3,0
1,11,3,1,1,1,2,1,2,1,1,3,2,1,1,24972,1,1,1,0
1,1,1,2,1,1,1,1,3,1,1,1,1,1,1,44592,1,1,1,0
2,2,1,1,1,1,3,2,4,1,1,1,3,1,2,56352,2,2,2,0
1,7,2,1,8,1,1,2,2,1,1,8,1,1,1,12,1,1,1,0
2,8,1,5,1,1,1,3,3,1,1,2,1,1,1,30597,1,1,1,0
1,5,1,3,5,6,2,2,1,1,1,8,1,1,1,17640,2,2,1,0
1,2,3,2,2,1,5,1,2,1,1,7,2,1,2,2820,2,2,2,0
2,10,1,9,1,1,3,2,2,1,1,7,1,2,4,159947,1,1,1,0
2,4,1,5,8,1,8,3,3,1,1,6,1,2,3,160000,1,3,2,0
2,11,1,2,3,14,1,3,2,1,1,3,1,1,1,67313,1,1,1,0
2,14,1,1,1,4,7,1,4,1,1,1,1,1,5,18720,3,2,2,0
1,4,1,1,5,2,1,1,4,2,1,1,1,1,3,120000,1,3,2,0
2,5,1,2,1,1,7,2,2,1,3,3,1,1,1,35300,2,2,1,0
2,7,1,2,5,3,4,1,1,1,1,3,1,1,1,117492,1,1,1,0
2,4,1,1,1,1,4,2,3,1,1,3,1,1,3,120000,1,3,2,0
2,5,1,1,1,1,1,2,3,1,1,3,1,2,1,35288,2,2,1,0
2,4,1,5,1,1,1,2,3,1,1,1,1,2,3,110000,1,3,2,0
2,11,1,2,1,1,1,2,4,1,1,2,1,1,1,74904,1,1,1,0
2,7,1,3,1,1,3,3,2,1,1,2,1,1,1,88116,1,1,1,0
2,5,1,3,1,4,3,3,3,1,1,5,1,1,1,17644,2,2,1,0
1,7,2,5,1,1,5,1,2,1,1,1,6,1,1,14688,1,1,1,0
2,1,1,8,1,1,3,3,4,1,1,9,1,1,1,25003,1,1,1,0
2,12,1,1,4,1,7,2,3,1,1,7,7,1,3,64417,1,1,1,0
2,11,1,2,1,1,4,3,2,1,4,4,1,1,1,55812,1,1,1,0
2,7,2,3,1,1,4,2,3,1,1,2,1,1,1,40388,1,1,1,0
2,2,1,3,1,1,1,3,1,1,1,3,3,1,2,3053,2,2,2,0
2,20,1,1,5,2,1,2,4,1,1,1,1,2,1,24000,3,2,2,0
2,4,1,2,5,8,1,2,3,1,2,3,1,1,3,98000,1,3,2,0
2,4,1,1,2,1,7,1,4,1,1,5,1,2,3,27000,1,3,2,0
2,1,1,2,1,1,4,2,2,2,1,3,1,1,1,251750,1,1,1,0
1,7,2,1,7,13,7,2,1,1,1,2,1,1,1,36000,1,1,1,0
2,8,1,7,1,8,3,1,4,1,1,2,1,1,1,249672,1,1,1,0
2,8,1,2,1,2,3,1,2,1,1,3,1,1,1,73433,1,1,1,0
2,10,1,1,1,1,2,2,4,1,1,2,5,2,4,50000,1,1,1,0
2,5,1,2,1,2,1,2,3,1,1,8,1,1,1,38820,2,2,1,0
2,2,2,1,3,1,7,2,1,1,1,3,6,1,2,14089,2,2,2,0
1,1,1,1,1,1,7,2,4,1,1,7,5,1,1,76400,1,1,1,0
2,2,1,1,1,1,2,2,2,1,1,7,1,2,2,7827,2,2,2,0
2,1,2,2,3,7,11,2,3,1,1,4,1,1,1,23614,1,1,1,0
2,15,2,5,1,1,3,2,3,1,1,1,1,1,2,122880,1,1,2,0
2,4,1,3,6,2,7,2,1,1,1,3,1,2,3,250000,1,3,2,0
2,4,1,1,1,1,1,3,1,1,1,8,2,2,3,111000,1,3,2,0
2,5,1,3,1,1,5,1,4,2,1,1,1,1,1,14112,2,2,1,0
2,7,1,2,1,1,1,3,3,1,1,1,4,1,1,159104,1,1,1,0
2,1,1,2,4,1,2,1,2,1,1,4,4,1,1,69450,1,1,1,0
2,8,1,1,3,1,3,2,3,1,1,3,1,2,1,134627,1,1,1,0
2,14,3,1,8,1,2,2,2,1,1,2,2,2,5,11232,3,2,2,0
2,5,1,2,1,1,1,2,3,1,1,3,1,2,1,70577,2,2,1,0
2,5,3,1,3,1,1,2,2,1,1,3,1,1,1,52932,2,2,1,0
2,4,1,3,12,3,5,1,2,1,3,8,5,1,3,18000,1,3,2,0
2,14,1,1,1,1,3,2,2,1,1,1,1,1,5,7488,3,2,2,0
2,4,1,2,9,1,2,2,4,2,1,2,1,1,3,95000,1,3,2,0
2,7,1,1,6,10,2,3,3,1,1,3,1,1,1,97910,1,1,1,0
2,4,1,2,5,16,1,1,2,1,1,4,1,1,3,60000,1,3,2,0
2,2,2,1,7,1,7,3,3,1,1,2,1,1,2,3756,2,2,2,0
2,11,1,3,4,1,6,2,3,1,1,2,1,2,1,23496,1,1,1,0
2,16,1,2,10,1,4,3,2,1,1,3,1,1,1,24478,1,1,3,0
1,4,1,4,1,1,1,2,3,1,2,2,1,1,3,50000,1,3,2,0
2,4,1,1,6,10,2,3,4,1,1,1,1,1,3,1,1,3,2,0
2,8,2,8,3,1,6,3,3,1,1,7,1,1,1,30597,1,1,1,0
2,4,1,3,1,1,6,2,3,1,1,8,1,2,3,200000,1,3,2,0
2,7,1,5,1,1,11,2,2,1,1,6,1,2,1,134627,1,1,1,0
2,16,2,4,1,1,2,2,3,1,1,5,3,1,1,26436,1,1,3,0
2,19,1,5,1,1,4,3,3,1,1,4,1,1,1,101001,1,1,3,0
2,5,1,1,1,1,11,2,3,1,1,3,1,1,1,52932,2,2,1,0
2,5,1,1,10,4,2,2,2,1,1,2,1,1,1,30000,2,2,1,0
2,5,3,1,3,1,3,2,3,1,1,3,1,2,1,52932,2,2,1,0
2,19,1,2,1,2,4,1,4,1,1,4,1,1,1,124836,1,1,3,0
2,11,2,2,2,8,2,2,3,2,1,1,1,1,1,22032,1,1,1,0
2,5,1,3,1,1,1,3,2,1,1,1,1,1,1,70577,2,2,1,0
1,1,1,3,1,1,3,1,2,1,1,1,1,1,1,112012,1,1,1,0
2,7,2,1,1,3,2,2,4,1,1,2,1,1,1,19600,1,1,1,0
2,4,1,3,1,14,7,2,3,1,1,6,1,1,3,85000,1,3,2,0
2,4,1,1,6,6,5,1,1,1,1,8,1,1,3,60000,1,3,2,0
2,4,2,4,1,4,3,2,4,1,1,6,1,1,3,110000,1,3,2,0
2,11,1,7,1,8,11,3,3,1,1,3,1,1,1,44064,1,1,1,0
2,13,1,1,1,1,1,2,4,1,1,4,1,2,1,120000,1,1,1,0
2,6,1,2,3,1,3,3,3,1,1,8,1,1,1,24000,2,2,2,0
1,1,1,1,1,1,7,2,4,1,1,1,1,1,1,98340,1,1,1,0
2,5,1,1,1,1,1,1,2,1,1,8,1,2,1,51168,2,2,1,0
2,6,1,1,1,1,3,2,2,1,1,1,1,2,1,66000,2,2,2,0
2,1,1,1,12,1,3,2,3,1,1,1,1,2,1,41671,1,1,1,0
2,16,1,4,12,1,1,2,2,1,1,3,1,1,1,122388,1,1,3,0
2,4,1,2,8,1,3,2,4,1,1,3,1,1,3,240000,1,3,2,0
2,14,3,3,1,1,1,2,4,1,1,1,1,1,5,26513,3,2,2,0
1,4,3,1,1,1,1,2,4,1,1,1,1,2,3,56000,1,3,2,0
1,13,1,2,1,1,6,1,3,1,1,2,3,1,1,73433,1,1,1,0
2,7,1,2,1,1,4,1,2,1,1,5,1,1,1,97910,1,1,1,0
1,1,1,1,8,3,2,1,4,1,1,1,3,2,1,48616,1,1,1,0
1,14,1,1,6,1,2,2,2,1,1,1,2,2,5,77979,3,2,2,0
1,1,1,3,12,1,3,1,2,1,1,2,2,2,1,164950,1,1,1,0
2,2,1,1,1,1,7,2,1,1,1,1,3,1,2,7000,2,2,2,0
2,4,1,2,1,1,3,2,3,1,1,3,6,1,3,38000,1,3,2,0
2,9,1,1,8,1,3,2,3,1,1,2,1,1,2,14304,2,2,2,0
2,2,1,1,1,1,2,2,4,1,2,7,1,1,2,7827,2,2,2,0
2,12,1,1,1,4,11,1,4,1,1,3,1,1,3,72469,1,1,1,0
2,17,1,3,1,15,1,2,4,1,1,8,1,1,1,73428,1,1,3,0
2,6,1,2,6,1,2,2,2,1,1,8,1,1,1,14400,2,2,2,0
2,10,1,1,1,1,4,3,2,1,1,1,1,1,4,79973,1,1,1,0
1,16,1,5,1,1,5,1,3,2,4,2,5,1,1,4404,1,1,3,0
2,1,1,1,1,1,4,2,3,1,1,2,1,2,1,173650,1,1,1,0
2,10,1,1,1,2,4,2,1,1,1,1,1,2,4,143952,1,1,1,0
2,20,3,3,6,1,5,2,3,1,1,8,1,1,1,4800,3,2,2,0
2,13,1,1,1,1,7,2,4,1,1,1,1,1,1,55075,1,1,1,0
2,4,2,2,1,14,3,1,3,2,2,3,1,1,3,25000,1,3,2,0
2,4,2,1,5,1,2,1,4,2,2,3,1,1,3,37000,1,3,2,0
2,5,1,2,1,1,1,2,2,1,1,2,1,1,1,54696,2,2,1,0
2,12,1,3,12,1,3,2,3,1,1,7,1,2,3,120782,1,1,1,0
2,4,1,1,1,11,2,1,4,1,1,1,6,1,3,74000,1,3,2,0
2,5,1,2,1,1,2,2,3,1,1,2,1,1,1,42348,2,2,1,0
2,10,1,3,5,1,7,3,3,1,1,2,1,1,4,116850,1,1,1,0
2,7,1,5,8,15,1,1,2,1,1,3,1,1,1,176244,1,1,1,0
2,11,1,5,1,1,2,2,2,1,1,2,6,2,1,70985,1,1,1,0
2,6,1,2,1,1,3,2,3,1,1,3,1,1,1,75000,2,2,2,0
1,6,1,2,1,1,1,2,3,1,1,8,1,1,1,12732,2,2,2,0
2,15,1,3,5,1,4,3,3,1,1,3,1,1,2,204797,1,1,2,0
2,3,1,1,3,4,7,2,2,1,1,1,1,1,1,66123,1,1,3,0
2,4,1,3,9,1,7,2,3,1,1,6,1,1,3,38000,1,3,2,0
2,2,1,1,1,1,1,2,2,1,1,1,3,2,2,23500,2,2,2,0
1,16,1,3,10,10,3,1,3,1,1,1,1,1,1,104030,1,1,3,0
2,7,1,1,8,1,2,1,4,1,1,1,1,1,1,52872,1,1,1,0
2,2,1,2,1,1,2,2,2,1,1,3,6,2,2,11268,2,2,2,0
2,1,1,1,1,1,7,2,4,1,2,2,1,1,1,76397,1,1,1,0
2,12,1,1,1,1,4,1,2,1,1,1,1,2,3,120782,1,1,1,0
2,4,1,1,1,1,4,2,4,1,1,6,1,1,3,1584000,1,3,2,0
2,2,1,3,1,1,5,1,1,1,1,7,6,1,2,3384,2,2,2,0
2,1,1,3,1,1,11,2,3,1,1,8,1,1,1,166685,1,1,1,0
2,4,1,1,1,1,1,2,1,1,1,2,2,1,3,110000,1,3,2,0
2,2,2,1,1,1,7,3,1,1,1,1,1,1,2,0,2,2,2,0
2,12,1,1,4,12,3,2,1,2,1,1,1,1,3,62807,1,1,1,0
2,1,1,1,6,1,7,1,2,1,1,2,1,1,1,41671,1,1,1,0
1,9,1,1,2,3,7,4,2,1,1,2,1,2,2,50000,2,2,2,1
2,1,1,3,1,1,4,2,1,1,2,2,1,2,1,104178,1,1,1,0
2,2,1,1,3,1,2,3,1,1,1,8,3,1,2,17689,2,2,2,0
2,8,1,7,1,1,4,2,4,1,1,3,1,1,1,29373,1,1,1,0
1,7,1,1,1,1,2,2,3,2,1,2,1,1,1,32316,1,1,1,0
2,10,1,1,1,1,1,2,3,1,1,2,1,2,4,71976,1,1,1,0
1,19,3,1,8,1,3,2,1,1,1,2,1,2,1,146865,1,1,3,0
2,4,1,1,1,9,3,2,1,1,1,5,3,1,3,82000,1,3,2,0
1,1,1,1,1,1,9,1,3,1,1,4,1,2,1,62507,1,1,1,0
2,4,1,1,9,1,1,2,3,1,1,8,1,1,3,106000,1,3,2,0
2,6,1,1,5,1,3,3,3,1,1,3,1,2,1,31848,2,2,2,0
2,4,1,1,1,1,5,1,2,1,1,3,2,1,3,52500,1,3,2,0
2,6,1,2,1,7,1,2,3,2,1,5,1,1,1,44580,2,2,2,0
2,4,1,1,3,1,3,2,4,1,1,1,1,1,3,60000,1,3,2,0
1,6,1,5,7,1,3,3,3,1,1,1,1,1,1,31848,2,2,2,0
2,16,1,2,3,3,2,2,2,1,1,4,1,1,1,61194,1,1,3,0
2,5,1,2,8,1,1,2,3,1,1,3,1,2,1,44064,2,2,1,0
1,10,1,5,12,1,2,1,2,1,1,1,1,1,4,71976,1,1,1,0
2,4,1,1,5,1,7,2,4,1,1,2,2,1,3,120000,1,3,2,0
2,11,1,3,1,1,2,2,3,1,1,5,1,1,1,24478,1,1,1,0
2,11,1,7,1,8,4,1,1,2,2,4,1,1,1,14687,1,1,1,0
2,14,3,1,8,1,1,1,4,1,1,2,2,1,5,7488,3,2,2,0
2,1,1,1,1,1,4,3,3,1,1,1,1,1,1,400044,1,1,1,0
1,12,1,1,1,1,3,1,1,1,1,1,1,1,3,60400,1,1,1,0
2,5,1,2,7,1,1,2,4,1,1,3,1,1,1,38820,2,2,1,0
2,1,1,3,1,1,7,2,4,1,1,9,1,1,1,127792,1,1,1,0
2,2,1,2,1,1,1,2,4,1,1,3,1,2,2,0,2,2,2,0
2,11,1,1,1,1,1,2,1,1,1,2,1,1,1,58752,1,1,1,0
2,14,1,1,1,1,4,2,4,1,1,1,1,2,5,120000,3,2,2,0
1,2,1,2,1,1,11,2,3,2,1,1,1,1,2,0,2,2,2,0
2,13,3,1,1,1,2,1,1,1,1,2,1,1,1,5880,1,1,1,0
2,5,1,2,8,1,4,2,2,1,1,2,1,2,1,59988,2,2,1,0
2,5,1,2,1,1,1,2,4,1,1,8,1,1,1,42348,2,2,1,0
2,5,1,2,2,6,5,2,1,1,1,6,1,1,1,26472,2,2,1,0
2,2,1,2,1,4,5,3,3,1,1,1,2,1,2,15654,2,2,2,0
1,6,1,1,7,1,7,2,2,1,1,3,1,2,1,42456,2,2,2,0
2,6,1,2,1,1,1,2,3,1,1,3,1,1,1,33264,2,2,2,0
2,4,1,3,9,3,7,2,3,2,1,1,2,1,3,68000,1,3,2,0
2,4,1,2,1,1,7,2,1,1,1,1,1,2,3,80000,1,3,2,0
2,17,1,5,1,1,1,1,3,1,1,3,1,2,1,52872,1,1,3,0
2,5,1,3,1,1,1,2,4,1,1,2,1,1,1,45876,2,2,1,0
2,14,2,3,3,9,2,1,4,1,1,3,1,1,5,4488,3,2,2,0
2,2,1,1,1,1,7,3,3,1,1,2,3,1,2,24000,2,2,2,0
1,11,1,1,1,3,3,1,2,1,1,3,1,1,1,58752,1,1,1,0
2,11,1,2,1,1,1,3,3,1,1,3,1,1,1,36716,1,1,1,0
2,1,1,4,1,1,11,2,3,1,1,1,1,1,1,34750,1,1,1,0
1,8,1,1,1,1,1,2,3,1,1,2,1,1,1,33045,1,1,1,0
2,12,1,3,7,1,7,2,3,1,1,1,1,2,3,48313,1,1,1,0
2,14,1,3,1,1,3,2,3,1,2,8,2,1,5,48660,3,2,2,0
2,1,1,1,1,1,7,3,1,1,1,1,1,1,1,2084,1,1,1,0
2,4,1,2,1,8,7,1,2,1,1,1,1,1,3,100000,1,3,2,0
2,4,1,1,1,1,2,1,2,1,1,2,5,2,3,75000,1,3,2,0
2,7,2,3,1,1,7,1,4,1,1,3,1,1,1,45900,1,1,1,0
2,11,1,3,6,1,2,1,3,1,1,1,1,2,1,48955,1,1,1,0
2,7,1,7,7,1,4,2,1,1,1,3,1,1,1,61608,1,1,1,0
2,4,1,1,4,3,2,2,3,2,2,1,5,1,3,99840,1,3,2,0
1,5,1,2,1,1,4,2,3,1,1,3,1,2,1,63516,2,2,1,0
2,2,1,1,12,1,7,1,3,1,1,1,2,1,2,5640,2,2,2,0
2,10,1,1,8,1,3,2,3,1,1,1,1,1,4,119960,1,1,1,0
2,4,1,1,1,1,4,1,4,1,1,1,1,1,3,145000,1,3,2,0
2,3,1,2,1,3,1,1,1,1,1,3,1,2,1,58392,1,1,3,0
2,1,1,2,1,1,7,2,2,1,1,1,3,1,1,57645,1,1,1,0
2,10,1,2,12,1,1,2,4,1,1,8,1,1,4,39987,1,1,1,0
2,4,1,1,1,9,7,1,4,1,1,3,1,1,3,92000,1,3,2,0
2,5,1,2,1,1,1,2,4,1,1,2,1,2,1,65280,2,2,1,0
2,5,2,2,1,2,7,3,1,1,1,3,1,2,1,52932,2,2,1,0
2,5,1,2,6,14,2,2,2,1,1,3,1,2,1,52932,2,2,1,0
2,4,1,1,1,1,2,1,2,1,1,1,1,2,3,55000,1,3,2,0
2,4,1,2,1,4,7,2,3,1,1,3,3,1,3,140000,1,3,2,0
1,1,1,1,1,1,4,2,2,1,1,1,1,1,1,33337,1,1,1,0
1,7,1,5,1,2,3,3,2,1,1,3,1,1,1,88116,1,1,1,0
2,4,1,1,1,1,4,2,3,1,1,2,1,1,3,135000,1,3,2,0
2,2,1,1,1,2,3,2,4,2,1,5,3,2,2,52596,2,2,2,0
2,8,1,1,6,4,4,2,2,1,1,3,1,2,1,73433,1,1,1,0
2,13,1,3,8,9,2,3,2,2,1,1,1,1,1,0,1,1,1,0
1,17,1,4,1,1,1,2,4,1,1,6,1,2,1,122388,1,1,3,0
1,1,1,1,1,11,11,1,3,1,1,2,3,2,1,191000,1,1,1,0
1,10,1,5,1,1,3,2,2,1,1,2,1,1,4,159947,1,1,1,0
2,7,1,6,3,10,11,2,2,1,1,2,1,1,1,73433,1,1,1,0
2,2,1,2,1,1,1,2,2,1,1,3,1,2,2,25000,2,2,2,0
2,13,1,5,8,16,3,3,4,1,1,9,1,1,1,175440,1,1,1,0
2,7,1,2,8,4,8,3,3,1,1,4,1,1,1,134627,1,1,1,0
2,7,1,5,1,1,7,2,3,1,1,1,1,2,1,52872,1,1,1,0
2,13,2,3,1,1,4,4,2,1,1,7,2,2,1,24478,1,1,1,1
1,20,1,1,8,1,3,3,4,1,1,3,1,2,1,50400,3,2,2,0
2,4,1,3,8,4,3,1,1,1,1,3,1,1,3,120000,1,3,2,0
2,1,1,2,5,2,7,2,1,1,1,2,1,1,1,97250,1,1,1,0
2,9,1,1,1,1,7,2,2,1,4,7,4,1,2,0,2,2,2,0
2,5,1,3,1,1,7,3,2,1,1,7,1,2,1,38820,2,2,1,0
2,6,1,3,2,1,3,2,3,1,1,3,1,2,1,30000,2,2,2,0
2,4,2,4,1,15,2,2,3,1,1,1,1,1,3,1500000,1,3,2,0
2,7,1,2,7,16,3,2,2,1,1,3,1,1,1,62418,1,1,1,0
1,11,1,3,12,4,1,1,3,1,1,6,1,1,1,79552,1,1,1,0
2,12,2,1,1,14,5,1,4,1,1,1,1,1,3,177147,1,1,1,0
1,6,1,2,5,4,3,2,3,1,1,3,1,1,1,84912,2,2,2,0
2,2,1,2,1,10,7,3,4,1,1,8,6,1,2,30000,2,2,2,0
2,1,1,2,7,1,4,2,2,1,1,3,1,1,1,208356,1,1,1,0
2,4,1,1,2,1,7,1,3,1,1,1,7,1,3,60000,1,3,2,0
2,16,1,3,1,1,4,2,2,1,1,4,1,1,1,183582,1,1,3,0
2,1,2,1,8,1,7,2,1,1,1,8,1,1,1,111123,1,1,1,0
1,8,1,2,1,1,3,1,4,1,1,2,1,1,1,21000,1,1,1,0
2,8,1,3,12,4,7,2,2,1,1,2,1,1,1,264360,1,1,1,0
2,4,1,1,1,1,7,1,2,1,1,3,1,1,3,104000,1,3,2,0
1,5,2,2,1,9,3,1,4,1,1,2,1,1,1,42348,2,2,1,0
2,11,2,2,1,6,7,1,3,1,1,3,1,1,1,23496,1,1,1,0
2,5,1,2,1,1,1,3,2,1,1,2,1,1,1,70572,2,2,1,0
2,1,1,3,1,4,3,3,3,1,1,1,1,1,1,50005,1,1,1,0
2,7,1,2,8,1,1,1,4,2,1,3,1,1,1,61194,1,1,1,0
2,5,1,2,3,9,4,2,3,1,1,8,1,2,1,45876,2,2,1,0
2,1,1,1,1,1,7,2,2,1,1,1,1,2,1,240000,1,1,1,0
1,6,1,4,1,1,4,2,3,1,1,6,1,1,1,21228,2,2,2,0
2,2,1,1,1,1,7,2,4,1,1,9,1,1,2,2820,2,2,2,0
1,6,1,2,8,4,5,2,3,1,1,3,1,1,1,14856,2,2,2,0
2,14,1,2,8,1,3,1,1,1,1,2,4,1,5,14976,3,2,2,0
1,1,1,2,5,8,2,1,1,2,1,5,1,1,1,41671,1,1,1,0
2,14,1,1,3,1,3,2,2,1,1,1,5,1,5,48000,3,2,2,0
2,4,1,1,4,1,2,1,2,1,1,1,1,2,3,96000,1,3,2,0
2,4,1,1,1,4,2,1,4,1,1,1,1,1,3,85000,1,3,2,0
2,5,2,1,1,3,7,2,2,2,1,2,1,2,1,49404,2,2,1,0
2,10,2,1,1,1,3,2,2,1,1,2,1,2,4,95968,1,1,1,0
1,8,1,3,4,1,7,2,4,2,3,6,1,1,1,18360,1,1,1,0
1,2,1,1,8,1,7,2,3,1,1,8,3,2,2,26400,2,2,2,0
2,2,1,1,8,1,1,2,1,1,1,1,1,2,2,18780,2,2,2,0
2,4,2,1,1,1,2,1,4,1,1,9,6,1,3,72000,1,3,2,0
2,14,1,2,8,1,4,1,4,1,1,7,1,1,5,13104,3,2,2,0
1,4,1,1,1,2,3,4,4,2,2,4,5,1,3,120000,1,3,2,1
2,4,1,3,3,10,7,1,3,1,1,3,5,1,3,115000,1,3,2,0
2,4,1,4,9,6,7,1,1,1,1,6,1,2,3,80000,1,3,2,0
2,11,1,5,1,1,11,3,3,1,1,3,1,1,1,122388,1,1,1,0
1,4,1,1,1,9,7,1,3,1,1,8,2,1,3,75000,1,3,2,0
2,5,1,1,1,1,1,3,2,1,1,2,1,1,1,28236,2,2,1,0
2,1,1,1,1,1,11,1,4,1,1,1,2,1,1,18058,1,1,1,0
2,2,2,1,1,1,2,2,2,1,1,2,1,1,2,8448,2,2,2,0
2,7,1,5,1,3,4,2,4,1,1,1,1,2,1,85650,1,1,1,0
2,4,3,3,1,14,2,2,3,1,1,1,3,1,3,46620,1,3,2,0
2,4,2,3,1,1,5,2,3,1,1,1,2,1,3,30000,1,3,2,0
1,5,1,2,1,3,6,2,3,1,1,3,1,2,1,42348,2,2,1,0
2,1,1,2,2,14,2,1,2,1,2,2,1,2,1,45838,1,1,1,0
2,2,2,1,1,1,2,2,2,1,2,1,1,2,2,5640,2,2,2,0
2,1,1,3,1,1,7,2,2,1,1,3,1,1,1,138904,1,1,1,0
2,1,1,1,1,1,4,3,1,2,3,1,1,1,1,50005,1,1,1,0
2,5,1,1,7,1,7,2,2,1,1,2,1,1,1,35292,2,2,1,0
2,8,1,3,12,1,4,2,2,1,1,5,1,1,1,36720,1,1,1,0
2,5,1,2,3,1,7,1,2,1,1,3,1,1,1,52932,2,2,1,0
2,5,1,2,1,1,1,1,3,1,1,4,1,2,1,24696,2,2,1,0
2,4,1,1,1,1,3,3,2,1,1,8,1,1,3,96500,1,3,2,0
2,7,1,1,1,9,7,1,2,1,1,7,1,2,1,220296,1,1,1,0
2,4,1,3,1,1,4,3,3,1,1,1,1,1,3,130000,1,3,2,0
2,4,1,2,8,16,7,1,2,1,1,1,1,1,3,140000,1,3,2,0
2,2,1,1,12,1,2,2,4,1,1,1,6,1,2,3948,2,2,2,0
2,5,1,2,1,1,4,1,3,1,1,3,1,2,1,28584,2,2,1,0
1,1,1,4,2,1,3,2,4,1,1,2,1,2,1,166685,1,1,1,0
2,2,2,2,3,1,1,1,4,2,1,6,4,1,2,751416,2,2,2,0
1,1,1,3,1,1,3,2,2,1,1,1,1,1,1,138904,1,1,1,0
2,2,1,3,1,1,7,3,4,1,1,1,3,1,2,15000,2,2,2,0
2,2,2,1,1,1,7,2,2,1,1,1,3,1,2,31300,2,2,2,0
2,6,1,2,1,1,4,2,2,1,2,3,1,1,1,53076,2,2,2,0
2,11,1,2,8,1,7,2,2,1,1,2,1,1,1,1000000,1,1,1,0
2,5,1,1,1,5,3,2,2,1,1,2,1,1,1,63226,2,2,1,0
2,1,1,2,12,1,3,3,4,1,1,1,1,1,1,16668,1,1,1,0
1,2,1,2,1,1,2,2,1,1,1,3,1,1,2,8448,2,2,2,0
1,5,1,5,1,1,1,2,2,1,1,2,1,1,1,38820,2,2,1,0
2,4,1,5,1,1,3,1,3,1,1,8,1,2,3,50000,1,3,2,0
2,12,1,1,1,13,1,3,2,1,1,6,1,1,3,80000,1,1,1,0
2,13,1,2,1,1,11,2,2,1,1,5,1,1,1,58752,1,1,1,0
2,4,1,1,1,1,3,2,2,1,1,1,1,2,3,35000,1,3,2,0
2,1,1,2,5,1,4,2,4,1,3,1,1,1,1,182300,1,1,1,0
2,5,1,2,8,1,7,2,4,1,1,3,1,1,1,49404,2,2,1,0
2,5,1,2,1,1,4,3,2,1,1,3,1,1,1,102804,2,2,1,0
2,3,1,2,3,1,7,3,4,1,1,1,1,1,1,44916,1,1,3,0
2,5,1,1,7,3,5,1,2,1,1,8,1,1,1,17640,2,2,1,0
2,5,1,1,4,1,1,2,3,1,1,2,1,2,1,52933,2,2,1,0
2,12,1,1,12,6,2,2,4,1,2,1,1,1,3,72469,1,1,1,0
2,14,1,3,1,1,1,2,3,1,1,1,1,1,5,22452,3,2,2,0
2,1,1,1,1,1,4,2,2,1,1,1,1,1,1,160450,1,1,1,0
2,5,1,3,1,3,1,3,3,1,1,2,1,1,1,25805,2,2,1,0
2,12,3,1,7,1,5,2,2,1,1,1,2,1,3,40261,1,1,1,0
2,10,2,2,4,1,7,1,4,1,1,1,1,1,4,127957,1,1,1,0
2,7,1,2,1,1,3,2,3,1,1,2,1,2,1,36716,1,1,1,0
1,12,1,4,11,4,7,2,3,1,1,1,1,1,3,40261,1,1,1,0
2,2,1,1,1,1,1,2,2,1,1,3,3,2,2,2974,2,2,2,0
1,2,1,2,1,1,7,2,3,1,1,2,3,2,2,15024,2,2,2,0
2,4,1,3,9,4,4,3,3,1,1,8,2,2,3,120000,1,3,2,0
1,2,1,1,1,9,7,2,2,1,1,1,7,1,2,15024,2,2,2,0
1,2,1,1,1,1,1,3,3,1,1,1,3,1,2,46963,2,2,2,0
1,4,1,2,3,4,1,2,3,2,1,1,3,1,3,160000,1,3,2,0
2,11,1,2,1,4,7,2,3,1,1,1,1,1,1,51408,1,1,1,0
2,7,1,2,2,14,2,1,3,1,1,2,1,1,1,73428,1,1,1,0
2,7,3,3,1,9,1,3,3,1,1,2,1,1,1,51408,1,1,1,0
2,5,1,2,3,1,3,3,4,1,2,8,1,2,1,24696,2,2,1,0
2,2,1,1,1,1,1,1,2,1,1,3,1,2,2,10332,2,2,2,0
2,10,2,2,8,1,5,2,3,1,1,1,6,1,4,53200,1,1,1,0
2,4,1,1,4,3,3,2,1,1,1,1,1,1,3,105000,1,3,2,0
2,14,2,5,1,3,7,1,2,1,1,5,1,1,5,22452,3,2,2,0
2,1,1,1,3,4,2,1,2,1,1,1,1,1,1,194466,1,1,1,0
2,2,1,1,1,1,2,3,1,1,1,9,1,1,2,7044,2,2,2,0
2,4,1,1,1,13,7,2,1,1,1,2,1,1,3,75000,1,3,2,0
1,2,1,1,3,1,2,3,3,1,1,1,6,1,2,19725,2,2,2,0
1,6,1,3,1,3,1,2,4,1,1,8,1,1,1,64000,2,2,2,0
2,4,1,1,8,1,7,2,3,1,1,2,1,1,3,2000000,1,3,2,0
2,3,2,3,3,1,11,2,1,1,1,2,1,1,1,62078,1,1,3,0
2,8,1,2,1,4,7,1,1,2,1,1,1,2,1,55075,1,1,1,0
1,14,2,1,9,1,3,2,2,1,1,2,2,2,5,82344,3,2,2,0
2,5,2,2,4,8,2,2,2,1,2,3,1,1,1,10584,2,2,1,0
1,4,1,2,1,1,3,1,2,1,1,1,2,2,3,110000,1,3,2,0
2,11,1,2,1,14,4,1,2,1,1,2,1,1,1,132000,1,1,1,0
1,6,2,2,1,1,1,1,3,2,1,3,1,2,1,53076,2,2,2,0
2,16,1,2,2,10,7,2,3,1,1,3,1,1,1,146868,1,1,3,0
2,2,1,1,1,1,7,2,3,1,1,3,3,2,2,28178,2,2,2,0
2,1,1,4,1,1,11,4,4,2,2,4,1,1,1,1668,1,1,1,1
2,12,1,1,1,1,1,1,2,1,1,3,1,1,3,80521,1,1,1,0
1,6,1,8,2,1,2,3,3,1,1,7,1,1,1,6372,2,2,2,0
2,3,2,2,1,1,11,2,3,1,1,3,1,2,1,14971,1,1,3,0
2,7,1,2,1,3,7,1,4,1,1,8,1,1,1,153000,1,1,1,0
1,13,1,1,1,2,1,2,3,1,1,8,2,1,1,61194,1,1,1,0
2,6,1,1,1,1,1,2,3,1,1,1,1,1,1,200000,2,2,2,0
2,9,1,1,6,6,1,3,3,1,1,3,1,1,2,20000,2,2,2,0
2,3,1,3,4,6,7,1,3,1,1,3,1,1,1,44916,1,1,3,0
2,3,1,3,1,10,7,2,4,1,1,2,1,1,1,59880,1,1,3,0
2,4,1,1,1,1,7,2,3,1,1,1,1,1,3,131000,1,3,2,0
2,8,3,2,3,6,5,1,3,1,1,3,1,1,1,14880,1,1,1,0
1,4,1,1,1,4,5,1,4,1,1,3,1,1,3,60000,1,3,2,0
2,2,1,1,1,1,7,1,3,1,1,1,3,1,2,1320,2,2,2,0
2,2,1,2,3,7,2,3,2,1,1,1,4,1,2,6105,2,2,2,0
2,4,1,1,12,1,4,1,4,1,1,9,1,1,3,135874,1,3,2,0
2,14,2,1,1,8,2,1,3,1,1,1,1,1,5,18720,3,2,2,0
2,4,1,1,1,1,3,2,3,1,1,3,1,2,3,185000,1,3,2,0
2,13,1,3,1,1,3,2,2,1,1,1,2,1,1,53851,1,1,1,0
2,4,2,2,5,16,1,2,2,1,1,5,1,1,3,45000,1,3,2,0
2,2,1,1,1,1,2,3,3,1,1,1,4,1,2,6262,2,2,2,0
2,7,1,5,6,1,1,2,1,1,1,2,1,2,1,122388,1,1,1,0
2,19,2,3,3,1,2,1,2,1,1,8,1,1,1,44064,1,1,3,0
2,2,2,1,1,11,7,2,3,1,1,2,3,2,2,50900,2,2,2,0
2,10,2,1,5,14,1,1,3,1,1,4,1,1,4,79950,1,1,1,0
2,1,1,2,1,1,4,4,3,1,1,7,1,1,1,138904,1,1,1,1
2,6,1,6,1,1,3,2,3,1,1,3,1,1,1,70056,2,2,2,0
2,1,1,1,1,1,3,2,2,1,1,1,4,1,1,138900,1,1,1,0
2,7,1,1,4,8,3,2,2,2,1,3,1,1,1,48955,1,1,1,0
1,4,1,2,2,3,5,1,3,1,1,4,1,2,3,84000,1,3,2,0
2,6,1,3,8,1,1,2,3,1,1,8,1,1,1,53076,2,2,2,0
2,20,1,2,1,1,1,2,2,1,1,2,1,1,1,13200,3,2,2,0
2,5,1,1,1,3,3,2,2,1,1,1,1,2,1,52932,2,2,1,0
2,12,1,1,1,1,3,3,3,1,1,9,1,2,3,62807,1,1,1,0
2,11,1,2,1,4,1,2,3,1,1,2,1,1,1,67313,1,1,1,0
2,19,3,1,1,1,4,2,3,1,1,3,1,1,1,64250,1,1,3,0
2,5,1,1,1,1,1,1,3,1,1,1,1,2,1,35292,2,2,1,0
2,1,1,1,1,1,11,2,2,1,1,4,1,1,1,159740,1,1,1,0
2,4,1,4,1,1,2,2,2,1,1,8,1,2,3,100000,1,3,2,0
2,18,1,2,6,1,1,3,2,1,1,4,1,1,1,25020,1,1,3,0
2,2,1,7,1,1,3,3,4,1,1,2,1,2,2,50000,2,2,2,0
2,7,2,2,1,1,7,2,3,1,1,6,1,2,1,73433,1,1,1,0
1,4,1,1,1,1,3,3,2,1,1,1,1,2,3,70000,1,3,2,0
2,4,1,2,7,1,7,1,2,1,1,4,1,1,3,250000,1,3,2,0
2,2,1,1,1,1,7,1,3,1,1,1,3,1,2,120226,2,2,2,0
2,4,1,1,1,9,1,1,3,1,1,3,1,1,3,80000,1,3,2,0
2,4,1,1,8,3,2,1,3,2,1,1,1,1,3,71500,1,3,2,0
2,11,1,2,1,4,7,3,2,1,1,3,1,1,1,52872,1,1,1,0
2,7,1,5,1,13,4,3,1,1,1,1,1,1,1,220298,1,1,1,0
1,7,1,2,1,1,4,1,3,1,1,5,1,1,1,56176,1,1,1,0
2,8,1,2,2,3,4,2,2,1,1,1,1,1,1,32316,1,1,1,0
2,4,1,1,9,6,4,2,3,1,1,1,1,1,3,110000,1,3,2,0
2,4,1,3,1,10,4,2,3,1,1,9,6,2,3,65000,1,3,2,0
1,3,1,2,7,8,7,1,4,1,2,3,1,1,1,47460,1,1,3,0
2,10,1,3,8,3,7,2,4,1,1,2,1,2,4,123959,1,1,1,0
1,2,1,6,1,1,7,3,3,1,1,9,3,2,2,7884,2,2,2,0
2,7,1,2,3,1,1,1,2,1,1,3,1,1,1,104030,1,1,1,0
2,15,1,1,1,9,4,2,3,1,1,3,1,2,2,77232,1,1,2,0
2,2,1,2,1,1,7,1,2,1,1,7,3,2,2,12216,2,2,2,0
2,4,2,2,8,14,11,3,4,1,1,2,3,1,3,18785,1,3,2,0
2,11,1,1,1,1,3,2,4,1,1,3,1,1,1,36716,1,1,1,0
2,6,1,1,8,1,4,3,1,1,1,2,1,1,1,10620,2,2,2,0
2,7,1,3,1,1,2,1,4,1,1,2,1,1,1,14688,1,1,1,0
2,5,1,1,1,8,1,2,3,1,1,8,1,1,1,59988,2,2,1,0
1,11,1,1,1,2,3,2,3,1,1,2,1,1,1,61194,1,1,1,0
2,14,1,1,1,1,1,3,3,1,1,7,2,1,5,37428,3,2,2,0
2,7,1,1,4,4,7,2,4,1,1,2,1,1,1,48955,1,1,1,0
2,2,1,1,1,1,9,2,2,1,1,1,3,2,2,15650,2,2,2,0
2,4,1,1,2,6,1,3,2,2,2,1,1,2,3,100000,1,3,2,0
2,1,1,4,9,3,1,2,3,1,1,2,1,1,1,150012,1,1,1,0
2,14,3,1,1,1,1,3,3,1,1,1,2,1,5,29196,3,2,2,0
2,5,1,3,7,1,3,1,1,1,1,3,1,2,1,73500,2,2,1,0
2,11,1,2,1,1,2,1,3,1,1,1,1,1,1,45283,1,1,1,0
2,8,1,1,1,4,7,3,4,1,1,2,1,1,1,48955,1,1,1,0
1,4,1,3,1,1,1,3,3,1,1,1,1,1,3,73000,1,3,2,0
2,2,1,2,5,13,1,2,3,2,1,3,3,2,2,23482,2,2,2,0
2,10,1,2,1,1,1,2,4,1,1,3,1,1,4,108345,1,1,1,0
1,4,1,1,9,1,4,2,1,2,2,2,1,1,3,50000,1,3,2,0
1,1,2,2,1,1,3,1,4,1,1,1,1,1,1,147600,1,1,1,0
2,11,1,2,1,10,3,3,2,1,1,2,1,1,1,56298,1,1,1,0
2,8,1,2,1,17,3,1,4,1,1,2,1,2,1,51403,1,1,1,0
1,5,1,2,3,4,3,2,2,1,1,3,1,2,1,28236,2,2,1,0
2,2,1,2,1,1,2,3,2,2,1,1,3,1,2,6576,2,2,2,0
2,17,1,2,1,1,1,2,4,1,1,1,1,1,1,161556,1,1,3,0
2,4,1,1,1,1,3,1,3,1,1,1,1,1,3,140000,1,3,2,0
1,7,1,3,1,1,11,1,2,1,1,8,1,2,1,214179,1,1,1,0
2,12,1,1,1,5,11,2,2,1,1,1,1,2,3,68443,1,1,1,0
2,7,2,5,1,1,1,2,3,1,1,2,6,1,1,30600,1,1,1,0
2,10,2,1,8,1,7,1,4,1,1,1,1,2,4,78374,1,1,1,0
2,17,1,5,12,1,4,2,3,1,3,2,1,1,1,61194,1,1,3,0
1,6,1,6,3,1,4,4,3,1,1,1,1,1,1,25476,2,2,2,1
2,15,1,3,1,10,7,1,2,1,1,8,4,2,2,52668,1,1,2,0
2,14,1,4,8,1,3,2,3,1,1,1,1,2,5,48000,3,2,2,0
2,1,1,2,3,8,2,1,3,1,3,1,1,1,1,750084,1,1,1,0
2,7,1,1,1,1,3,2,3,1,1,1,1,1,1,73450,1,1,1,0
1,4,1,2,4,1,6,1,4,1,1,3,1,1,3,120000,1,3,2,0
2,16,1,2,1,1,3,1,4,1,1,1,1,2,1,190920,1,1,3,0
2,6,1,7,1,1,3,1,1,1,1,3,1,1,1,36000,2,2,2,0
1,5,1,2,12,1,3,1,3,1,1,3,1,2,1,52932,2,2,1,0
2,2,1,1,1,2,2,2,2,1,2,1,3,2,2,7800,2,2,2,0
2,15,1,1,1,1,3,2,3,1,1,3,1,1,2,28092,1,1,2,0
2,5,1,2,1,1,3,3,4,1,1,8,1,1,1,59988,2,2,1,0
2,16,1,2,1,1,3,2,3,1,1,6,1,2,1,66084,1,1,3,0
1,2,3,1,4,1,7,2,1,1,1,8,1,1,2,9396,2,2,2,0
2,4,1,1,1,1,11,3,1,1,3,1,1,1,3,150000,1,3,2,0
2,19,1,2,7,9,8,1,4,1,1,8,1,1,1,122388,1,1,3,0
2,5,3,1,1,8,7,2,2,1,1,7,1,2,1,45876,2,2,1,0
1,9,1,1,1,2,1,2,4,1,1,8,1,1,2,57216,2,2,2,0
2,4,1,4,1,11,7,2,2,1,1,1,5,1,3,21000,1,3,2,0
2,6,1,2,8,1,3,1,2,1,1,3,1,2,1,29724,2,2,2,0
2,2,1,2,1,7,7,2,1,1,1,7,3,2,2,30000,2,2,2,0
2,11,1,2,9,1,2,1,2,1,1,1,1,1,1,46507,1,1,1,0
2,8,1,9,3,13,2,3,2,1,1,2,6,1,1,36716,1,1,1,0
2,19,1,5,1,1,4,2,3,1,1,1,1,2,1,58752,1,1,3,0
2,2,1,1,3,1,7,2,4,1,1,8,3,1,2,8640,2,2,2,0
2,7,1,2,3,1,2,2,2,1,1,3,1,1,1,36720,1,1,1,0
1,5,1,2,1,1,4,1,4,1,1,2,1,2,1,42348,2,2,1,0
2,4,1,3,1,1,6,3,3,1,1,8,1,1,3,170000,1,3,2,0
2,7,2,2,1,1,3,2,2,1,1,3,1,1,1,58752,1,1,1,0
2,4,1,2,2,2,5,1,1,1,1,1,1,1,3,9600,1,3,2,0
2,3,1,5,3,1,4,3,2,1,1,1,1,1,1,62380,1,1,3,0
2,1,1,7,7,10,10,1,4,1,1,2,1,1,1,94455,1,1,1,0
2,13,1,1,1,2,7,2,3,1,1,1,1,1,1,29376,1,1,1,0
2,17,1,2,3,14,7,2,2,1,1,5,1,1,1,146868,1,1,3,0
2,5,1,2,8,3,2,2,3,1,1,2,1,1,1,14112,2,2,1,0
2,1,1,1,1,1,8,3,1,1,1,6,1,1,1,120012,1,1,1,0
1,14,2,2,7,8,2,3,3,1,1,1,2,1,5,6732,3,2,2,0
2,10,1,1,3,6,1,2,4,1,1,2,1,1,4,111963,1,1,1,0
2,12,1,5,1,3,1,2,4,1,1,1,1,1,3,93405,1,1,1,0
2,2,1,2,1,1,2,3,3,1,1,3,3,1,2,4200,2,2,2,0
2,7,2,3,1,1,1,3,4,1,1,1,4,1,1,22032,1,1,1,0
2,13,1,1,1,1,4,2,2,1,1,4,1,1,1,36716,1,1,1,0
2,4,1,1,1,1,1,1,3,1,1,1,1,1,3,120000,1,3,2,0
2,2,1,1,1,1,2,1,1,1,1,1,1,1,2,11268,2,2,2,0
2,4,1,4,12,14,3,2,2,1,1,6,1,2,3,69000,1,3,2,0
2,6,1,6,1,1,3,2,2,1,1,5,1,1,1,44250,2,2,2,0
2,7,1,2,2,8,1,2,4,1,1,4,1,1,1,59883,1,1,1,0
2,20,1,2,1,1,3,2,2,1,1,2,1,2,1,48000,3,2,2,0
2,6,1,1,8,3,1,3,2,1,2,1,1,1,1,28800,2,2,2,0
2,14,1,2,1,1,11,2,3,1,1,1,2,1,5,44916,3,2,2,0
2,4,1,1,1,1,2,2,4,2,3,1,1,1,3,110000,1,3,2,0
2,7,1,2,1,1,4,2,3,1,1,3,6,1,1,122388,1,1,1,0
2,4,1,1,1,3,2,1,2,1,1,4,2,1,3,90000,1,3,2,0
2,19,1,2,6,1,4,2,3,1,1,2,1,2,1,73428,1,1,3,0
2,1,1,1,1,1,1,1,2,1,3,1,1,1,1,138904,1,1,1,0
2,11,1,2,1,1,3,2,2,1,1,1,6,2,1,58752,1,1,1,0
2,4,1,4,1,1,4,2,3,1,1,6,1,1,3,0,1,3,2,0
2,11,1,7,1,10,3,1,2,1,1,1,1,1,1,22032,1,1,1,0
2,4,2,1,1,14,3,3,3,1,1,1,6,1,3,720000,1,3,2,0
2,11,1,4,1,7,7,2,2,1,1,3,1,1,1,53339,1,1,1,0
2,7,1,2,1,1,4,2,3,1,1,3,1,1,1,124836,1,1,1,0
2,2,1,1,1,2,2,2,1,1,1,3,1,1,2,6000,2,2,2,0
2,4,1,2,1,1,11,3,3,1,1,4,1,1,3,150000,1,3,2,0
2,4,1,1,1,1,1,2,3,1,1,3,1,1,3,57039,1,3,2,0
2,2,1,1,8,1,7,2,4,1,1,1,3,1,2,19550,2,2,2,0
2,6,1,6,1,1,1,2,2,1,3,5,1,1,1,33972,2,2,2,0
1,8,1,2,1,1,7,2,3,1,1,2,1,1,1,13212,1,1,1,0
1,1,1,3,3,3,4,1,4,1,1,3,1,1,1,166685,1,1,1,0
2,1,1,7,7,8,11,2,1,1,1,5,1,2,1,53061,1,1,1,0
2,4,1,1,8,1,4,2,4,1,1,1,1,2,3,150000,1,3,2,0
2,6,1,2,1,6,3,4,2,1,2,2,1,1,1,38208,2,2,2,1
2,12,1,1,1,1,1,2,4,1,1,8,1,1,3,47508,1,1,1,0
1,20,1,6,3,2,2,2,4,1,1,5,1,1,1,45936,3,2,2,0
2,2,1,1,1,1,2,1,4,1,1,2,1,1,2,5291,2,2,2,0
2,4,2,4,8,1,7,2,2,1,1,1,1,1,3,78800,1,3,2,0
2,7,1,1,3,1,3,2,4,1,1,4,3,1,1,150000,1,1,1,0
2,6,1,2,1,4,1,2,4,1,1,8,1,1,1,37800,2,2,2,0
2,20,1,2,1,1,11,2,4,1,1,4,1,1,1,48000,3,2,2,0
2,7,1,1,12,1,8,2,3,1,1,8,1,1,1,122388,1,1,1,0
1,14,1,1,12,1,1,1,1,1,1,1,1,1,5,50000,3,2,2,0
2,11,1,2,1,1,1,2,4,1,1,7,1,1,1,67313,1,1,1,0
2,7,3,2,1,8,4,2,3,1,1,1,4,2,1,36720,1,1,1,0
1,5,1,2,1,1,1,2,4,1,1,3,1,1,1,74100,2,2,1,0
1,7,1,1,9,1,1,1,2,1,1,2,1,1,1,36720,1,1,1,0
2,4,1,3,11,1,2,2,3,1,1,3,1,1,3,23000,1,3,2,0
2,1,1,1,1,1,3,2,3,1,1,2,1,1,1,138904,1,1,1,0
1,13,3,3,8,3,3,2,1,1,1,4,1,1,1,24500,1,1,1,0
1,10,1,1,8,1,1,1,4,1,1,8,6,1,4,99950,1,1,1,0
2,7,2,2,4,8,1,2,3,1,1,3,4,1,1,18358,1,1,1,0
2,12,2,3,1,1,7,2,3,1,3,9,1,1,3,8050,1,1,1,0
2,10,1,1,1,1,1,2,4,1,1,2,1,1,4,148750,1,1,1,0
2,2,1,2,8,10,4,2,3,1,1,3,3,1,2,46963,2,2,2,0
2,10,1,2,1,1,11,2,2,1,4,1,1,1,4,159947,1,1,1,0
2,5,2,1,1,1,7,2,4,1,1,3,1,1,1,63516,2,2,1,0
2,11,3,2,5,1,7,1,2,1,1,7,2,2,1,58752,1,1,1,0
2,1,1,1,1,1,4,2,3,1,1,2,1,1,1,1000000,1,1,1,0
2,3,1,3,4,1,7,1,2,1,1,3,1,1,1,56892,1,1,3,0
2,8,1,5,3,1,3,1,4,1,1,3,1,1,1,22032,1,1,1,0
2,2,1,1,1,1,2,2,3,1,1,1,3,1,2,18780,2,2,2,0
2,1,1,2,1,1,1,2,4,1,1,2,1,1,1,1000000,1,1,1,0
2,12,1,4,1,4,2,2,2,1,1,8,1,1,3,40261,1,1,1,0
2,2,1,1,1,1,1,2,2,1,1,3,3,1,2,563556,2,2,2,0
2,5,1,1,7,1,10,2,1,2,1,3,1,2,1,63516,2,2,1,0
2,1,1,7,1,10,4,2,1,1,1,2,1,1,1,50004,1,1,1,0
2,4,1,1,1,2,2,2,3,1,1,1,1,1,3,135000,1,3,2,0
2,14,1,1,6,3,3,2,3,1,1,1,2,2,5,187152,3,2,2,0
2,4,3,3,1,1,2,1,4,1,1,2,1,1,3,2000000,1,3,2,0
2,14,1,4,1,1,1,3,3,1,1,2,1,1,5,18720,3,2,2,0
2,16,1,2,3,6,2,1,3,1,1,1,1,1,1,29376,1,1,3,0
2,5,1,2,1,1,4,2,3,1,1,3,1,1,1,93516,2,2,1,0
2,19,1,1,3,13,2,1,3,1,1,2,1,1,1,159100,1,1,3,0
2,1,1,7,7,1,3,1,4,1,1,3,1,2,1,125014,1,1,1,0
1,4,1,1,1,1,1,3,3,1,1,3,1,1,3,50000,1,3,2,0
2,5,1,2,1,1,7,2,3,1,1,1,1,1,1,28584,2,2,1,0
2,5,1,1,1,1,4,2,4,1,1,4,1,1,1,59988,2,2,1,0
2,2,1,1,1,4,4,2,1,1,1,1,3,2,2,28178,2,2,2,0
1,4,1,1,1,4,7,1,3,2,1,8,1,1,3,50000,1,3,2,0
2,4,1,1,1,1,4,2,1,2,3,2,1,1,3,102000,1,3,2,0
2,16,3,5,1,1,2,3,2,1,1,1,1,1,1,10284,1,1,3,0
2,7,1,2,6,1,7,1,1,1,1,3,1,1,1,146868,1,1,1,0
2,4,1,1,1,1,1,3,3,1,1,4,1,1,3,180000,1,3,2,0
1,5,1,3,6,1,7,2,4,1,1,5,1,1,1,76572,2,2,1,0
1,5,1,2,1,1,1,2,4,1,1,3,1,1,1,69168,2,2,1,0
1,14,1,1,8,1,1,2,3,1,1,3,5,1,5,9360,3,2,2,0
2,9,1,8,9,1,7,3,1,1,1,1,1,1,2,7944,2,2,2,0
2,16,1,2,1,1,7,2,3,1,1,1,1,1,1,190920,1,1,3,0
2,1,1,3,1,1,4,3,3,1,1,4,1,1,1,41671,1,1,1,0
2,12,1,4,9,1,7,1,2,1,1,1,1,1,3,46702,1,1,1,0
2,5,1,1,8,1,1,3,1,1,1,2,1,1,1,77929,2,2,1,0
2,5,1,2,3,1,2,2,3,1,1,3,1,2,1,94572,2,2,1,0
2,17,1,1,7,14,7,2,4,1,1,2,1,1,1,29376,1,1,3,0
2,12,1,3,11,1,3,2,1,1,1,1,1,1,3,80521,1,1,1,0
2,4,1,2,1,1,3,2,1,1,1,2,1,1,3,1200000,1,3,2,0
2,13,1,1,1,1,7,3,3,2,3,1,2,1,1,102804,1,1,1,0
1,7,1,2,1,15,1,2,2,1,1,3,1,1,1,73433,1,1,1,0
2,11,1,2,5,3,2,1,3,1,1,3,1,1,1,51403,1,1,1,0
1,4,1,1,1,1,1,3,2,2,1,8,1,1,3,80000,1,3,2,0
2,14,2,1,1,1,2,2,3,1,1,3,1,1,5,41172,3,2,2,0
2,1,1,2,1,4,3,1,3,1,1,2,3,1,1,111123,1,1,1,0
2,8,1,2,1,1,4,2,2,1,1,2,1,1,1,36716,1,1,1,0
1,8,1,1,1,1,7,2,3,1,1,2,2,1,1,29376,1,1,1,0
2,2,1,9,1,1,1,3,1,1,1,1,3,1,2,48000,2,2,2,0
2,7,1,2,1,9,1,2,3,1,1,2,1,2,1,67313,1,1,1,0
2,7,1,3,1,1,4,3,3,1,1,2,2,2,1,36720,1,1,1,0
2,4,1,1,1,7,1,2,1,1,2,3,2,1,3,200000,1,3,2,0
2,18,1,1,1,17,7,1,4,1,1,7,1,1,1,90089,1,1,3,0
2,4,1,1,1,1,2,1,4,1,1,3,1,1,3,91000,1,3,2,0
2,4,1,2,1,1,1,2,3,1,1,2,3,1,3,85000,1,3,2,0
2,10,1,1,3,1,4,1,4,1,1,1,1,1,4,39987,1,1,1,0
2,7,1,1,1,1,4,2,3,1,1,2,1,1,1,117492,1,1,1,0
2,12,1,1,7,1,2,1,2,2,1,1,1,2,3,64417,1,1,1,0
2,16,1,3,3,1,4,2,2,1,1,3,1,1,1,56298,1,1,3,0
2,16,1,7,2,8,2,2,1,1,1,4,1,1,1,39648,1,1,3,0
1,1,1,2,1,1,4,2,3,1,1,2,1,1,1,1000000,1,1,1,0
2,1,1,1,1,1,7,2,3,1,1,1,1,1,1,173650,1,1,1,0
2,13,1,7,7,14,2,1,4,1,1,5,1,1,1,469968,1,1,1,0
1,2,1,1,1,3,1,1,4,1,1,1,1,1,2,46963,2,2,2,0
2,1,1,1,1,1,4,2,2,1,1,1,1,2,1,110000,1,1,1,0
2,4,1,1,7,14,3,3,3,1,1,3,1,1,3,72000,1,3,2,0
2,4,1,2,7,9,1,2,2,2,1,1,1,1,3,85000,1,3,2,0
2,5,1,2,1,1,4,3,3,1,1,3,1,2,1,42348,2,2,1,0
2,4,2,1,1,16,1,3,3,1,1,1,1,1,3,27048,1,3,2,0
2,12,1,5,7,1,9,1,1,1,1,1,1,1,3,161043,1,1,1,0
2,6,1,1,1,1,4,1,3,1,1,1,1,2,1,30000,2,2,2,0
1,20,2,6,1,1,7,2,3,1,1,2,1,2,1,10800,3,2,2,0
2,12,2,1,7,14,2,3,1,1,1,1,1,1,3,48313,1,1,1,0
2,1,1,2,1,2,3,3,4,1,1,2,1,1,1,200016,1,1,1,0
1,18,1,3,9,1,4,1,3,1,1,3,1,2,1,31281,1,1,3,0
1,4,1,3,4,1,5,1,1,1,1,5,1,1,3,100000,1,3,2,0
2,1,1,2,1,1,1,2,3,1,1,3,1,1,1,180575,1,1,1,0
2,1,1,2,1,3,1,1,2,1,1,5,3,1,1,1000000,1,1,1,0
2,17,1,1,1,1,7,2,1,1,1,1,1,1,1,150782,1,1,3,0
2,6,1,3,3,17,2,1,3,1,1,5,1,1,1,5304,2,2,2,0
2,12,1,3,1,1,3,1,3,1,1,8,1,2,3,48313,1,1,1,0
2,1,1,1,2,9,1,2,4,1,1,7,4,1,1,90288,1,1,1,0
2,4,1,1,9,1,11,2,1,1,1,1,1,1,3,50000,1,3,2,0
2,3,1,3,12,3,3,2,1,1,1,9,1,2,1,65868,1,1,3,0
2,19,2,1,1,8,3,2,2,1,1,2,1,1,1,61194,1,1,3,0
2,2,2,1,3,1,2,2,3,1,1,1,3,1,2,7514,2,2,2,0
2,4,1,1,1,3,7,1,2,2,1,8,1,2,3,105000,1,3,2,0
2,5,1,1,8,4,7,2,1,1,1,2,1,2,1,26466,2,2,1,0
2,5,1,1,4,3,5,2,2,1,2,3,4,1,1,15180,2,2,1,0
2,4,1,1,1,1,2,1,1,1,1,3,1,1,3,804000,1,3,2,0
1,14,1,1,12,9,5,1,3,1,1,2,1,1,5,3096,3,2,2,0
1,1,1,1,1,1,3,2,2,1,3,5,6,1,1,111123,1,1,1,0
2,13,3,2,1,4,1,1,1,1,1,5,4,1,1,73428,1,1,1,0
2,14,1,1,1,1,7,1,4,1,1,1,2,1,5,25080,3,2,2,0
2,20,1,2,1,9,11,3,3,1,1,3,1,1,1,36000,3,2,2,0
2,4,3,1,7,1,7,2,4,1,1,3,1,1,3,79000,1,3,2,0
2,16,1,3,1,1,4,3,3,1,1,3,1,1,1,70985,1,1,3,0
2,10,1,3,3,1,4,3,4,1,1,3,1,1,4,128,1,1,1,0
2,4,1,5,1,8,1,1,2,1,1,1,1,1,3,0,1,3,2,0
2,4,1,1,8,3,2,1,2,1,1,1,7,1,3,59000,1,3,2,0
2,5,1,3,1,1,4,2,3,1,1,3,1,2,1,12348,2,2,1,0
2,12,1,2,7,1,3,2,2,1,1,8,1,2,3,201303,1,1,1,0
2,5,1,2,6,1,2,3,4,1,1,3,1,1,1,35288,2,2,1,0
2,12,1,3,12,4,8,1,2,1,1,3,1,1,3,125613,1,1,1,0
2,4,1,1,4,3,2,2,4,2,1,1,2,1,3,75000,1,3,2,0
2,12,1,4,8,11,7,2,1,2,1,2,1,1,3,105000,1,1,1,0
2,4,1,3,11,1,5,2,3,1,1,8,2,1,3,49500,1,3,2,0
2,6,1,1,1,1,3,1,2,1,1,3,1,1,1,21228,2,2,2,0
2,2,1,2,1,4,2,2,3,1,1,7,3,1,2,18785,2,2,2,0
2,13,1,2,1,1,7,2,4,1,1,3,2,1,1,22030,1,1,1,0
2,7,1,3,1,1,4,2,3,1,1,3,1,2,1,166450,1,1,1,0
1,5,1,1,4,4,2,2,2,2,1,3,1,2,1,73428,2,2,1,0
2,1,1,3,7,16,7,2,2,2,1,3,1,1,1,55562,1,1,1,0
2,4,2,2,1,1,3,3,3,1,1,5,1,1,3,40836,1,3,2,0
2,13,1,1,5,1,4,2,2,1,1,3,1,1,1,80000,1,1,1,0
2,4,1,2,6,16,2,2,2,1,1,3,1,1,3,70000,1,3,2,0
2,4,1,1,1,7,7,1,3,1,1,8,1,1,3,100000,1,3,2,0
2,7,1,3,6,6,11,1,2,1,1,4,1,1,1,51408,1,1,1,0
2,16,1,1,1,2,1,2,3,1,1,1,1,1,1,220296,1,1,3,0
2,11,1,2,1,1,4,2,2,1,1,2,1,1,1,110149,1,1,1,0
2,1,1,1,5,1,1,3,2,1,1,1,1,2,1,158350,1,1,1,0
2,7,1,2,1,3,1,2,1,1,1,4,1,1,1,73433,1,1,1,0
2,4,1,2,6,1,1,2,3,1,1,4,1,1,3,225000,1,3,2,0
1,6,1,1,6,14,1,2,3,1,1,1,1,1,1,10620,2,2,2,0
2,4,1,1,5,1,7,2,4,1,1,6,1,1,3,100000,1,3,2,0
2,2,1,1,1,1,3,2,1,1,1,3,3,2,2,31932,2,2,2,0
1,4,1,2,1,4,10,2,2,1,1,3,1,1,3,160000,1,3,2,0
2,7,2,2,1,1,3,3,2,1,1,3,1,1,1,44064,1,1,1,0
2,5,1,1,1,1,1,2,2,1,2,6,1,1,1,47316,2,2,1,0
2,5,1,2,1,1,7,2,2,1,1,2,1,1,1,31764,2,2,1,0
2,2,1,2,8,1,3,2,3,1,1,7,3,2,2,36000,2,2,2,0
2,6,1,3,8,1,8,2,2,1,1,8,1,1,1,21228,2,2,2,0
1,5,1,2,3,2,5,2,1,1,1,3,1,1,1,28236,2,2,1,0
2,17,1,2,5,7,1,2,3,1,1,3,1,2,1,58752,1,1,3,0
1,11,3,7,5,1,1,2,2,1,1,8,1,2,1,61194,1,1,1,0
2,7,1,1,1,3,3,2,2,1,1,2,1,1,1,155088,1,1,1,0
2,11,1,2,1,1,3,2,2,1,1,2,1,2,1,75880,1,1,1,0
2,4,1,1,1,1,11,1,4,2,1,3,1,2,3,90000,1,3,2,0
2,18,2,1,3,7,3,3,2,1,3,7,1,1,1,62562,1,1,3,0
2,8,1,3,6,1,3,3,3,1,1,2,1,1,1,543396,1,1,1,0
2,1,1,3,12,1,3,2,4,1,1,2,1,1,1,138904,1,1,1,0
2,6,1,3,1,1,1,3,3,1,1,1,1,1,1,6372,2,2,2,0
2,12,1,2,1,4,7,2,3,1,1,4,4,1,3,64417,1,1,1,0
2,11,1,2,1,1,7,2,2,1,1,1,1,1,1,36720,1,1,1,0
1,8,1,2,3,1,7,2,2,1,1,2,1,1,1,36716,1,1,1,0
2,4,1,3,11,1,4,3,3,1,1,1,1,2,3,35000,1,3,2,0
2,7,3,2,7,8,7,2,2,1,1,2,1,1,1,367164,1,1,1,0
2,11,1,2,1,4,2,1,3,1,1,1,5,1,1,61194,1,1,1,0
2,4,1,3,8,1,2,1,2,1,1,2,1,2,3,40000,1,3,2,0
1,6,1,2,1,1,3,2,3,1,1,6,1,2,1,50400,2,2,2,0
1,6,1,1,5,1,3,2,1,1,1,1,1,1,1,17700,2,2,2,0
2,6,1,3,9,1,7,2,3,1,1,3,1,2,1,19104,2,2,2,0
1,3,1,1,9,4,7,1,3,1,1,7,1,2,1,3743,1,1,3,0
2,1,1,2,4,4,4,2,1,1,1,4,1,1,1,0,1,1,1,0
2,4,1,3,1,1,3,3,3,1,1,1,1,2,3,185000,1,3,2,0
1,2,1,2,1,1,7,2,3,1,1,3,3,2,2,12085,2,2,2,0
2,4,3,2,3,1,1,1,1,1,1,3,4,1,3,60000,1,3,2,0
2,11,1,3,8,4,1,2,4,1,1,3,1,1,1,34269,1,1,1,0
2,2,1,2,1,10,3,1,2,1,1,4,1,2,2,24421,2,2,2,0
2,4,1,1,5,10,7,3,4,1,1,1,1,1,3,150000,1,3,2,0
2,8,2,2,1,4,1,2,2,1,1,7,1,1,1,24972,1,1,1,0
1,20,1,6,3,1,2,2,4,1,1,1,1,2,1,12000,3,2,2,0
2,4,1,4,5,1,2,1,4,1,1,6,1,2,3,75000,1,3,2,0
1,20,1,1,1,1,2,2,2,1,1,4,1,1,1,33600,3,2,2,0
2,17,1,1,1,4,1,2,2,1,1,1,1,1,1,44064,1,1,3,0
2,5,1,2,4,1,2,2,3,1,1,3,1,2,1,59988,2,2,1,0
2,19,2,2,7,1,7,1,3,1,1,3,1,2,1,35688,1,1,3,0
2,2,1,1,1,1,7,2,3,1,1,9,3,1,2,1500000,2,2,2,0
2,5,1,2,1,1,4,2,1,1,1,4,1,2,1,176244,2,2,1,0
2,6,2,2,1,1,11,2,2,1,1,1,1,2,1,36084,2,2,2,0
2,7,1,2,1,1,3,2,3,1,1,1,1,1,1,117492,1,1,1,0
2,9,2,1,7,6,7,1,3,1,1,2,2,1,2,24000,2,2,2,0
2,5,1,3,1,1,3,2,3,1,1,2,1,1,1,21168,2,2,1,0
1,1,1,2,5,1,3,1,3,1,1,4,1,2,1,145850,1,1,1,0
2,6,1,1,1,1,1,2,3,1,1,1,1,1,1,22296,2,2,2,0
2,7,1,6,5,1,4,1,3,1,1,5,1,1,1,48955,1,1,1,0
2,19,2,3,5,14,5,1,3,1,1,3,1,1,1,17628,1,1,3,0
2,5,1,1,1,1,3,2,3,1,1,2,1,1,1,19404,2,2,1,0
2,4,1,1,1,1,8,1,4,1,1,6,5,1,3,160000,1,3,2,0
2,1,1,2,1,1,3,2,2,1,2,6,3,1,1,185000,1,1,1,0
2,6,1,2,8,1,7,3,3,1,1,3,1,2,1,100850,2,2,2,0
2,7,1,2,1,1,7,3,2,1,1,5,4,2,1,122388,1,1,1,0
2,19,1,2,1,1,7,1,2,1,2,2,1,1,1,51408,1,1,3,0
2,1,1,1,4,1,11,3,1,1,1,2,1,1,1,69452,1,1,1,0
2,7,2,1,3,1,2,4,2,1,3,9,3,2,1,17628,1,1,1,1
2,4,1,1,1,1,4,3,2,1,1,1,5,1,3,160000,1,3,2,0
1,11,1,7,7,1,1,2,3,1,1,3,1,2,1,73433,1,1,1,0
2,20,1,3,3,1,7,2,3,1,1,5,1,1,1,41760,3,2,2,0
2,17,1,2,6,1,7,3,1,1,1,3,1,1,1,183582,1,1,3,0
2,11,1,2,1,1,4,2,4,1,1,3,1,1,1,55075,1,1,1,0
2,12,1,1,4,10,7,2,2,1,1,4,1,2,3,56365,1,1,1,0
2,4,1,1,1,3,1,3,3,1,1,6,1,1,3,156000,1,3,2,0
2,4,1,2,2,1,2,2,3,2,1,1,7,1,3,36000,1,3,2,0
2,4,1,2,3,1,3,2,2,1,1,5,1,1,3,95000,1,3,2,0
2,2,1,1,6,1,2,4,3,1,1,3,6,2,2,11268,2,2,2,1
1,5,1,2,1,3,1,2,3,2,1,3,1,1,1,12348,2,2,1,0
2,2,1,1,8,1,7,3,1,1,1,7,3,2,2,21916,2,2,2,0
2,4,1,1,1,10,4,2,2,1,1,8,1,1,3,200000,1,3,2,0
1,4,1,4,8,1,1,1,4,1,1,1,1,1,3,50000,1,3,2,0
2,5,1,1,1,1,3,1,3,1,1,1,1,2,1,82224,2,2,1,0
2,12,1,7,1,16,1,2,3,1,1,4,1,1,3,48313,1,1,1,0
2,7,2,7,7,8,6,3,2,1,1,8,1,2,1,67313,1,1,1,0
2,11,1,2,1,1,4,2,2,2,1,1,6,2,1,122400,1,1,1,0
2,2,1,1,1,1,1,3,3,1,4,1,1,2,2,32400,2,2,2,0
2,4,1,1,3,1,1,1,2,1,1,5,5,1,3,50000,1,3,2,0
1,6,3,3,12,1,5,1,4,1,1,8,1,1,1,12000,2,2,2,0
2,11,1,2,3,1,1,1,3,1,1,1,1,2,1,44064,1,1,1,0
2,5,2,1,1,1,3,2,4,1,1,3,1,1,1,28236,2,2,1,0
2,5,1,2,1,1,4,2,3,1,1,4,1,2,1,88224,2,2,1,0
2,2,1,1,1,4,1,2,1,1,1,1,3,1,2,7827,2,2,2,0
1,12,1,2,5,14,7,2,3,1,1,2,6,1,3,62807,1,1,1,0
2,5,1,1,1,1,7,2,4,1,1,3,1,2,1,110149,2,2,1,0
2,7,2,2,6,14,2,2,1,1,1,3,1,1,1,42836,1,1,1,0
2,5,1,2,1,1,1,1,1,1,1,2,1,1,1,109392,2,2,1,0
2,2,1,2,3,8,7,1,2,1,1,1,3,1,2,25356,2,2,2,0
2,4,1,3,11,3,5,1,2,2,3,1,1,1,3,0,1,3,2,0
2,4,1,1,8,6,1,1,4,1,1,3,1,2,3,55000,1,3,2,0
2,4,1,1,1,4,1,2,3,1,1,8,1,1,3,83000,1,3,2,0
2,20,1,1,1,3,2,2,3,1,1,1,1,2,1,25000,3,2,2,0
2,4,1,3,1,1,11,2,2,1,1,1,1,2,3,180000,1,3,2,0
2,6,1,3,3,1,4,2,3,1,1,3,1,1,1,24000,2,2,2,0
2,2,1,1,8,1,11,1,4,1,1,4,3,1,2,27395,2,2,2,0
2,15,1,2,1,1,4,3,2,1,1,1,4,1,2,300000,1,1,2,0
1,12,1,2,1,1,10,2,4,1,1,8,1,2,3,144938,1,1,1,0
2,4,1,1,3,1,7,2,2,1,1,1,1,1,3,75000,1,3,2,0
2,4,1,1,2,1,2,1,2,1,1,4,1,1,3,60000,1,3,2,0
2,7,1,2,1,1,4,2,4,1,1,3,1,1,1,171343,1,1,1,0
2,1,1,2,12,4,7,2,4,1,1,1,1,1,1,62507,1,1,1,0
2,2,1,2,1,1,2,4,3,1,2,1,3,2,2,25000,2,2,2,1
2,10,1,2,8,1,3,2,1,1,1,1,3,1,4,140750,1,1,1,0
2,2,2,1,1,1,2,3,3,1,1,7,3,1,2,9393,2,2,2,0
2,7,1,5,1,1,1,2,3,1,1,1,1,1,1,28200,1,1,1,0
2,18,1,1,1,1,1,3,3,2,1,2,1,1,1,75072,1,1,3,0
1,6,1,2,1,1,1,2,2,1,1,3,1,2,1,31848,2,2,2,0
2,16,1,1,12,1,3,2,2,1,1,1,1,1,1,183582,1,1,3,0
2,4,1,1,8,14,2,2,1,1,1,1,1,1,3,60000,1,3,2,0
2,4,1,3,1,10,5,1,3,1,1,8,1,1,3,39520,1,3,2,0
2,2,1,2,1,1,2,3,1,1,1,7,4,2,2,5640,2,2,2,0
1,3,1,1,1,17,1,1,3,2,2,3,1,1,1,119772,1,1,3,0
2,1,1,1,1,1,2,3,4,1,1,1,1,1,1,62507,1,1,1,0
2,5,1,2,1,1,3,2,3,1,1,3,1,1,1,28236,2,2,1,0
1,2,2,1,1,1,5,2,4,1,1,2,1,1,2,7512,2,2,2,0
2,10,1,3,1,1,1,2,1,2,1,5,1,1,4,79950,1,1,1,0
2,7,2,1,8,1,2,1,2,1,1,3,1,1,1,30597,1,1,1,0
2,16,1,2,1,1,1,1,3,1,1,1,4,1,1,88116,1,1,3,0
2,11,1,2,1,1,11,2,2,1,1,3,1,1,1,104030,1,1,1,0
2,10,1,1,1,11,7,1,4,1,1,1,1,1,4,159950,1,1,1,0
2,2,1,1,8,1,7,3,3,1,1,2,3,1,2,23292,2,2,2,0
2,13,1,6,12,4,3,2,2,1,2,5,1,1,1,30597,1,1,1,0
2,1,1,1,1,1,3,2,2,1,1,2,1,1,1,1000000,1,1,1,0
2,4,1,1,1,1,4,1,2,1,1,1,1,2,3,72000,1,3,2,0
2,5,1,3,8,1,3,2,2,1,1,2,1,2,1,30000,2,2,1,0
2,12,1,4,12,1,3,3,3,2,1,2,1,1,3,36235,1,1,1,0
2,2,1,1,1,1,5,2,2,1,1,2,3,2,2,40000,2,2,2,0
2,4,1,3,1,4,2,2,1,1,1,8,2,1,3,72000,1,3,2,0
2,7,3,4,11,1,1,2,1,2,1,2,1,1,1,0,1,1,1,0
2,1,1,2,7,1,3,1,4,1,1,3,1,1,1,83342,1,1,1,0
1,7,1,2,7,1,7,1,3,1,1,1,1,2,1,73433,1,1,1,0
2,10,1,1,8,15,7,1,2,1,1,1,1,1,4,103965,1,1,1,0
2,11,1,1,3,4,7,2,4,1,1,1,1,1,1,61200,1,1,1,0
2,4,2,2,3,8,7,1,3,1,1,4,3,1,3,32400,1,3,2,0
1,4,1,2,3,1,2,3,3,1,1,1,1,1,3,80000,1,3,2,0
2,4,3,3,1,10,2,3,1,1,1,7,1,1,3,120000,1,3,2,0
2,16,1,2,8,3,7,1,2,1,1,1,3,1,1,0,1,1,3,0
2,14,1,3,1,1,7,1,1,1,1,1,1,1,5,0,3,2,2,0
2,9,1,1,1,1,3,2,2,1,1,4,1,1,2,25428,2,2,2,0
2,4,1,2,7,4,2,3,2,1,1,3,1,1,3,155000,1,3,2,0
2,16,1,3,6,1,4,2,4,1,1,2,1,1,1,48955,1,1,3,0
2,14,1,3,4,1,7,2,2,1,1,1,1,1,5,18720,3,2,2,0
2,14,2,3,1,1,1,2,2,1,1,4,2,2,5,30000,3,2,2,0
2,4,1,3,1,1,11,3,3,2,2,8,1,1,3,16236,1,3,2,0
1,5,1,1,1,17,1,2,2,1,1,3,1,1,1,11640,2,2,1,0
2,7,2,1,1,16,1,2,3,1,1,1,1,1,1,13700,1,1,1,0
2,4,1,1,12,3,7,1,2,1,1,1,1,1,3,65000,1,3,2,0
2,16,1,1,1,1,11,2,2,2,1,2,1,1,1,110149,1,1,3,0
2,6,1,4,1,1,2,1,2,1,1,5,1,1,1,2544,2,2,2,0
2,8,1,2,1,1,4,3,3,1,1,1,1,1,1,61194,1,1,1,0
2,5,1,2,3,1,7,2,4,1,1,3,4,1,1,17640,2,2,1,0
2,2,2,1,1,1,7,3,3,1,1,1,3,1,2,28178,2,2,2,0
2,2,1,1,1,1,7,2,4,1,1,1,3,1,2,49300,2,2,2,0
2,16,1,2,1,1,1,2,3,1,1,1,1,1,1,79552,1,1,3,0
2,10,1,4,1,8,3,2,2,1,3,6,1,1,4,153549,1,1,1,0
2,2,1,1,3,1,3,1,1,1,1,6,3,1,2,23482,2,2,2,0
2,4,1,1,1,1,4,3,4,1,1,3,1,2,3,130000,1,3,2,0
2,1,1,1,1,1,3,1,3,1,1,4,1,1,1,76397,1,1,1,0
2,13,1,1,3,9,3,2,2,1,1,2,1,1,1,83342,1,1,1,0
2,6,1,6,1,1,4,3,3,1,1,5,1,1,1,48000,2,2,2,0
2,14,1,3,5,6,3,3,3,1,1,1,1,2,5,1000000,3,2,2,0
2,4,2,1,10,16,2,1,3,1,1,1,1,2,3,42000,1,3,2,0
2,14,1,3,8,1,7,2,4,1,1,2,1,1,5,70200,3,2,2,0
2,11,1,2,1,1,4,2,2,1,1,1,1,1,1,110149,1,1,1,0
2,4,1,4,8,1,7,2,3,1,1,3,1,1,3,75000,1,3,2,0
2,19,1,2,1,1,1,1,3,1,1,7,1,1,1,48955,1,1,3,0
1,5,1,2,6,1,2,1,4,1,1,3,1,1,1,70572,2,2,1,0
2,12,1,2,8,4,3,3,2,1,1,3,4,1,3,76495,1,1,1,0
2,10,1,1,1,2,3,2,3,1,1,1,3,2,4,169950,1,1,1,0
2,4,2,3,8,1,5,2,4,1,1,1,1,1,3,60000,1,3,2,0
1,14,1,1,1,1,7,2,3,1,1,1,1,1,5,9732,3,2,2,0
1,4,1,4,8,9,3,2,4,1,1,8,1,1,3,108000,1,3,2,0
2,7,2,1,1,1,3,2,2,1,1,2,1,1,1,122388,1,1,1,0
2,15,1,1,3,2,7,2,2,1,1,3,1,1,2,70212,1,1,2,0
2,17,3,3,5,1,3,2,2,1,1,3,1,1,1,30597,1,1,3,0
1,4,1,2,1,4,7,2,3,1,1,8,1,1,3,60000,1,3,2,0
2,7,1,3,3,4,1,2,3,1,1,3,1,1,1,144000,1,1,1,0
2,4,1,1,8,1,2,2,2,1,1,3,1,2,3,80000,1,3,2,0
2,4,1,1,1,1,1,1,4,1,1,1,1,2,3,100500,1,3,2,0
1,4,1,1,1,1,1,2,1,1,3,3,1,1,3,115000,1,3,2,0
1,12,1,1,1,10,4,1,3,1,1,1,1,2,3,64417,1,1,1,0
2,16,1,2,7,1,5,1,4,1,1,3,1,1,1,42836,1,1,3,0
2,1,1,1,1,1,1,2,3,1,3,2,1,1,1,41671,1,1,1,0
2,4,1,3,9,6,3,2,3,2,1,9,1,2,3,73000,1,3,2,0
2,3,1,3,1,1,3,1,1,1,1,3,1,1,1,224550,1,1,3,0
2,2,1,1,8,1,7,2,2,1,1,1,3,1,2,37572,2,2,2,0
2,6,1,2,1,1,3,3,3,1,2,3,1,1,1,12000,2,2,2,0
2,14,1,3,8,10,11,2,3,1,1,8,3,2,5,22452,3,2,2,0
2,1,1,1,1,1,4,2,2,1,1,7,1,2,1,138900,1,1,1,0
2,2,1,1,12,1,1,2,2,1,1,8,3,2,2,62618,2,2,2,0
2,3,1,2,1,1,7,2,3,1,1,7,1,1,1,89832,1,1,3,0
2,4,1,1,2,1,2,3,3,1,1,3,1,2,3,60000,1,3,2,0
2,2,1,1,1,1,7,1,3,1,1,8,4,1,2,7514,2,2,2,0
2,1,1,1,12,1,3,2,4,1,1,3,1,1,1,37504,1,1,1,0
2,3,1,1,1,1,1,1,4,2,1,1,1,1,1,104796,1,1,3,0
2,12,1,1,9,1,2,2,4,2,1,1,1,1,3,72469,1,1,1,0
2,1,1,5,1,12,4,3,3,1,4,6,1,1,1,90288,1,1,1,0
2,11,1,2,1,1,11,2,2,1,1,2,1,1,1,91791,1,1,1,0
2,8,1,3,5,1,4,2,3,1,1,2,1,1,1,110149,1,1,1,0
2,20,1,7,8,1,1,2,4,1,1,3,1,1,1,37584,3,2,2,0
2,5,1,2,1,1,1,1,4,1,1,4,1,1,1,49404,2,2,1,0
2,2,1,2,1,2,7,1,3,1,1,1,3,1,2,7044,2,2,2,0
2,7,3,1,1,1,3,2,3,1,1,2,1,1,1,44064,1,1,1,0
2,14,1,1,1,1,7,2,4,1,1,7,1,1,5,16092,3,2,2,0
2,2,1,2,1,1,7,3,1,1,1,3,3,1,2,28176,2,2,2,0
2,2,1,1,1,2,7,1,1,1,1,3,3,2,2,5640,2,2,2,0
2,11,1,2,1,1,3,1,2,1,1,3,1,1,1,39776,1,1,1,0
2,2,2,1,1,14,2,3,3,1,2,1,3,1,2,14089,2,2,2,0
2,1,1,1,12,6,3,1,1,1,1,1,1,1,1,98622,1,1,1,0
2,11,1,2,5,1,3,1,4,1,2,1,1,1,1,66084,1,1,1,0
2,12,1,1,9,6,7,2,3,1,1,1,1,1,3,36798,1,1,1,0
2,7,1,2,1,4,1,1,3,1,1,3,3,1,1,84448,1,1,1,0
2,2,1,2,5,1,2,1,4,1,1,5,3,1,2,39136,2,2,2,0
1,8,1,3,1,1,3,2,3,1,1,2,1,2,1,36716,1,1,1,0
2,1,1,1,1,1,8,3,4,1,1,2,3,1,1,166685,1,1,1,0
2,4,1,2,8,1,4,4,4,1,1,3,1,2,3,220000,1,3,2,1
2,11,1,3,11,1,11,2,3,1,1,8,1,1,1,159104,1,1,1,0
1,7,1,5,1,1,4,1,2,2,2,2,1,1,1,88116,1,1,1,0
2,2,1,1,1,3,7,2,3,1,1,1,3,1,2,20000,2,2,2,0
2,4,1,1,1,1,4,1,4,1,1,8,1,1,3,1373328,1,3,2,0
2,12,1,3,3,1,11,2,3,1,2,5,1,1,3,16104,1,1,1,0
2,1,1,1,1,1,4,1,3,1,1,1,1,1,1,86800,1,1,1,0
2,1,2,1,5,1,1,3,3,1,1,1,1,1,1,21916,1,1,1,0
1,6,1,2,5,3,3,1,1,1,1,4,1,2,1,36084,2,2,2,0
2,5,1,2,1,1,7,1,3,1,1,1,1,1,1,56460,2,2,1,0
2,2,1,2,1,2,1,2,3,1,1,3,3,1,2,18780,2,2,2,0
2,2,1,2,1,1,3,2,1,1,1,1,3,2,2,23500,2,2,2,0
2,5,1,1,1,1,1,2,4,1,1,3,1,2,1,73000,2,2,1,0
2,4,1,2,1,1,6,1,1,1,1,4,1,1,3,1440000,1,3,2,0
2,4,1,4,1,1,11,3,3,2,3,3,1,1,3,64000,1,3,2,0
2,6,1,3,9,17,4,1,3,1,1,4,1,1,1,159219,2,2,2,0
2,3,1,3,4,1,11,3,2,2,2,1,3,1,1,22452,1,1,3,0
2,6,1,2,3,6,2,2,2,1,1,1,1,1,1,6372,2,2,2,0
2,7,1,2,1,16,4,2,2,1,1,3,1,2,1,910560,1,1,1,0
2,4,1,1,1,4,7,1,4,1,1,3,1,1,3,100000,1,3,2,0
2,14,3,4,1,1,3,2,2,1,1,1,1,1,5,935748,3,2,2,0
2,5,1,1,1,11,2,2,4,1,1,2,1,1,1,1000000,2,2,1,0
2,7,1,3,1,1,7,2,3,1,1,2,1,2,1,34512,1,1,1,0
1,20,1,1,1,1,4,2,3,1,1,1,1,2,1,76000,3,2,2,0
2,11,1,2,1,1,1,2,3,1,1,2,1,1,1,23496,1,1,1,0
2,6,2,1,3,1,7,2,4,1,1,1,3,2,1,31848,2,2,2,0
2,2,1,1,1,1,1,3,3,1,1,1,3,1,2,15811,2,2,2,0
2,4,1,1,8,1,2,2,3,1,1,1,2,1,3,48000,1,3,2,0
2,6,1,7,8,1,1,2,1,1,1,3,1,2,1,33972,2,2,2,0
2,7,1,4,1,1,4,2,4,1,1,6,1,1,1,734327,1,1,1,0
1,10,1,1,9,1,3,1,2,1,1,8,1,1,4,79973,1,1,1,0
2,7,1,1,3,1,3,3,2,1,1,1,1,1,1,48955,1,1,1,0
2,14,3,3,1,13,11,3,1,1,1,8,2,1,5,1000000,3,2,2,0
2,19,1,1,1,1,11,2,4,1,1,3,1,2,1,85671,1,1,3,0
2,11,1,2,1,1,7,1,2,1,1,6,1,2,1,44060,1,1,1,0
2,5,1,5,11,1,1,2,3,1,1,7,1,1,1,45876,2,2,1,0
2,10,1,1,8,1,3,2,2,1,1,1,4,2,4,143952,1,1,1,0
2,17,1,1,1,1,1,1,3,1,4,1,1,1,1,146868,1,1,3,0
2,4,1,1,3,1,11,1,1,1,1,5,1,1,3,100000,1,3,2,0
2,2,3,2,8,1,7,1,2,1,2,1,6,2,2,360000,2,2,2,0
1,8,3,3,1,1,3,2,2,1,1,2,1,1,1,18358,1,1,1,0
2,9,1,5,1,1,7,3,3,1,2,7,1,1,2,26491,2,2,2,0
2,4,2,2,1,16,1,2,1,1,1,1,1,1,3,288000,1,3,2,0
2,3,2,2,7,14,2,2,4,1,1,1,1,1,1,37428,1,1,3,0
2,4,1,7,3,16,7,3,4,2,1,1,1,1,3,50000,1,3,2,0
1,16,1,1,1,1,7,1,1,1,1,8,1,1,1,52627,1,1,3,0
2,1,1,5,1,1,11,1,3,1,1,2,1,1,1,125000,1,1,1,0
2,12,1,1,1,1,1,2,2,1,1,8,1,1,3,140912,1,1,1,0
2,12,2,1,1,1,3,2,3,1,1,2,1,1,3,95015,1,1,1,0
1,9,1,1,6,1,8,3,3,1,1,2,4,2,2,59124,2,2,2,0
2,17,1,2,1,15,7,2,3,1,1,3,1,1,1,122388,1,1,3,0
2,5,1,1,1,1,7,2,2,1,1,3,1,1,1,37056,2,2,1,0
2,9,3,3,1,10,7,2,3,1,1,1,1,1,2,12720,2,2,2,0
2,8,1,5,5,1,1,2,2,1,1,2,1,1,1,82248,1,1,1,0
2,1,1,1,1,1,8,3,2,1,3,1,1,1,1,0,1,1,1,0
2,8,1,5,1,1,4,2,1,1,1,3,1,2,1,29376,1,1,1,0
2,5,1,3,3,1,3,3,3,1,1,1,1,1,1,122400,2,2,1,0
2,7,3,3,1,1,2,2,4,1,1,1,6,1,1,32316,1,1,1,0
2,14,1,1,1,1,7,2,4,1,1,2,2,1,5,18720,3,2,2,0
2,14,3,1,1,1,7,2,2,1,1,3,1,1,5,6360,3,2,2,0
2,5,1,2,1,4,3,2,3,1,1,3,1,1,1,45876,2,2,1,0
2,4,1,5,12,3,1,2,3,1,1,8,4,1,3,150000,1,3,2,0
2,7,1,1,8,1,4,2,4,1,1,4,1,1,1,183600,1,1,1,0
2,8,2,2,1,1,2,2,3,1,1,2,1,1,1,36716,1,1,1,0
2,12,1,2,1,1,1,1,4,1,1,1,1,1,3,72469,1,1,1,0
2,7,2,2,1,1,3,2,4,1,1,3,1,1,1,146865,1,1,1,0
2,11,3,2,1,4,5,3,4,1,2,4,4,1,1,51403,1,1,1,0
2,19,1,2,1,1,1,1,2,1,1,3,1,1,1,51408,1,1,3,0
2,4,1,3,1,1,3,3,3,1,1,6,1,1,3,120000,1,3,2,0
1,16,1,1,1,1,2,1,2,1,1,1,1,1,1,67313,1,1,3,0
1,4,1,2,3,14,7,2,2,1,1,4,2,1,3,89500,1,3,2,0
2,5,1,2,1,1,3,1,2,1,1,2,1,2,1,52524,2,2,1,0
2,4,1,3,1,1,11,1,2,1,1,8,1,1,3,80000,1,3,2,0
2,1,1,1,1,1,11,2,1,1,1,1,1,2,1,131950,1,1,1,0
1,5,1,1,6,6,1,2,2,1,1,1,1,2,1,88116,2,2,1,0
1,18,1,1,1,10,7,2,2,1,1,2,1,2,1,125123,1,1,3,0
1,12,1,3,12,1,7,1,3,1,1,1,1,1,3,112730,1,1,1,0
2,10,1,1,8,13,7,2,2,1,2,2,1,1,4,43985,1,1,1,0
2,7,2,1,1,1,3,2,4,1,1,1,1,1,1,61194,1,1,1,0
2,1,2,1,1,1,4,2,2,1,1,1,1,1,1,208350,1,1,1,0
2,4,1,1,1,4,1,2,2,1,1,4,1,1,3,73000,1,3,2,0
2,2,1,1,1,1,2,3,4,1,1,8,3,2,2,4692,2,2,2,0
2,7,2,1,1,1,3,2,2,1,1,4,1,1,1,63642,1,1,1,0
2,4,1,4,1,1,2,2,3,1,1,8,1,1,3,80000,1,3,2,0
2,4,1,1,1,4,1,1,2,1,1,3,1,1,3,131000,1,3,2,0
2,4,1,1,1,6,4,3,3,2,2,1,1,1,3,120000,1,3,2,0
2,1,1,1,1,2,7,2,4,1,1,2,1,1,1,104200,1,1,1,0
2,14,1,1,1,1,7,2,3,1,3,3,1,1,5,4860,3,2,2,0
2,7,1,5,1,1,1,2,2,1,1,1,1,1,1,205608,1,1,1,0
2,4,1,1,4,1,3,2,1,1,1,3,1,1,3,57600,1,3,2,0
2,4,3,3,1,1,7,1,3,1,1,5,1,2,3,45000,1,3,2,0
2,5,1,2,1,1,3,2,2,2,1,3,1,1,1,20600,2,2,1,0
2,4,1,3,1,1,4,3,2,1,1,6,2,2,3,160000,1,3,2,0
2,12,1,4,11,1,2,2,3,1,1,3,1,1,3,31403,1,1,1,0
2,16,1,7,1,1,10,1,4,1,1,6,1,1,1,122388,1,1,3,0
2,12,1,1,3,2,1,1,2,1,1,8,1,1,3,200000,1,1,1,0
2,6,1,2,5,1,4,2,3,1,1,3,1,1,1,18048,2,2,2,0
2,2,1,1,1,3,7,3,4,1,3,1,6,2,2,2192,2,2,2,0
2,2,1,1,1,1,3,2,2,1,1,1,1,2,2,13306,2,2,2,0
2,6,1,1,3,1,7,2,3,1,1,2,1,1,1,24000,2,2,2,0
2,16,1,1,2,16,5,1,2,2,1,2,1,1,1,29376,1,1,3,0
2,4,2,7,7,8,1,2,3,1,1,6,1,1,3,20000,1,3,2,0
2,1,1,1,3,9,1,2,2,1,1,6,1,2,1,83342,1,1,1,0
2,1,1,1,7,9,7,2,3,1,3,2,1,1,1,56951,1,1,1,0
2,4,1,3,11,1,5,1,2,1,1,1,1,1,3,30000,1,3,2,0
2,6,1,1,1,1,1,2,3,1,1,8,1,2,1,65450,2,2,2,0
2,9,1,1,3,1,3,2,2,1,1,2,4,2,2,48000,2,2,2,0
2,16,1,1,1,1,3,1,3,1,1,1,1,1,1,48955,1,1,3,0
2,1,1,1,7,14,7,2,4,1,1,8,1,1,1,23058,1,1,1,0
2,4,1,1,2,6,1,2,2,1,1,5,1,1,3,90000,1,3,2,0
1,7,3,4,1,1,3,3,3,1,1,6,1,1,1,128507,1,1,1,0
2,14,1,1,2,4,7,1,3,1,1,1,5,2,5,22452,3,2,2,0
2,5,1,1,6,1,5,2,2,1,1,3,1,1,1,21168,2,2,1,0
2,16,3,1,1,1,3,1,2,1,1,2,1,1,1,80772,1,1,3,0
2,7,1,5,7,3,2,3,3,1,1,1,1,1,1,85671,1,1,1,0
2,1,1,5,1,4,1,2,4,1,1,7,5,1,1,147600,1,1,1,0
1,16,1,2,1,2,1,1,3,1,1,8,1,1,1,152985,1,1,3,0
2,4,1,2,7,1,4,3,4,1,1,1,6,1,3,130000,1,3,2,0
2,6,1,3,1,3,7,2,3,1,1,3,1,2,1,24000,2,2,2,0
1,6,2,1,8,1,5,2,2,2,1,1,1,2,1,7428,2,2,2,0
2,7,1,1,1,1,3,3,3,1,1,4,1,1,1,122388,1,1,1,0
1,4,1,4,8,4,2,1,3,2,1,2,1,2,3,53788,1,3,2,0
1,4,3,2,1,14,7,2,4,1,1,3,3,1,3,12000,1,3,2,0
2,10,1,2,1,16,6,2,1,1,1,4,1,2,4,30888,1,1,1,0
2,1,1,1,1,1,4,3,2,1,1,2,1,2,1,152794,1,1,1,0
1,14,1,1,8,1,4,2,3,1,1,1,1,1,5,22452,3,2,2,0
2,3,1,5,1,15,1,2,3,1,1,8,1,1,1,239544,1,1,3,0
2,2,1,3,1,1,1,3,4,1,1,1,3,1,2,103320,2,2,2,0
2,6,1,8,1,1,2,1,4,1,1,3,1,1,1,1769,2,2,2,0
1,6,1,6,1,1,3,2,3,1,1,1,1,1,1,21228,2,2,2,0
1,9,1,3,9,13,7,2,4,1,1,6,4,1,2,60000,2,2,2,0
1,12,1,5,7,1,9,1,2,1,1,1,1,2,3,96626,1,1,1,0
2,13,3,1,1,1,3,2,1,1,1,2,1,1,1,93996,1,1,1,0
2,15,1,1,4,1,4,4,1,1,1,2,1,2,2,31596,1,1,2,1
2,7,1,2,2,1,8,1,3,1,1,2,1,1,1,117492,1,1,1,0
1,4,1,1,1,1,1,2,2,1,1,1,1,2,3,90000,1,3,2,0
2,1,1,2,5,4,3,1,1,1,2,3,1,1,1,138900,1,1,1,0
2,6,1,6,1,1,3,3,3,1,1,5,1,1,1,60000,2,2,2,0
2,14,3,3,1,13,7,2,1,1,1,6,2,1,5,26196,3,2,2,0
2,19,1,7,1,8,6,1,3,1,1,7,1,2,1,85671,1,1,3,0
2,2,2,2,1,2,7,2,3,1,1,7,1,1,2,2256,2,2,2,0
2,1,1,1,1,3,4,1,2,1,1,1,1,1,1,111123,1,1,1,0
2,6,1,2,8,1,11,1,1,1,1,3,1,2,1,25476,2,2,2,0
2,7,3,2,1,1,4,1,3,1,1,4,1,2,1,36720,1,1,1,0
2,11,1,2,1,1,3,3,3,1,2,2,6,1,1,95460,1,1,1,0
2,20,1,6,10,1,2,3,3,1,4,5,1,1,1,8496,3,2,2,0
2,16,1,3,1,10,4,1,1,2,1,7,2,1,1,73433,1,1,3,0
2,8,1,5,1,3,7,3,1,1,1,6,3,1,1,17134,1,1,1,0
2,7,2,1,1,6,7,1,2,1,1,4,1,1,1,51403,1,1,1,0
2,4,1,1,1,1,2,2,4,1,1,6,1,1,3,44460,1,3,2,0
2,4,1,1,1,1,11,2,3,1,1,8,5,2,3,73000,1,3,2,0
2,20,1,2,5,1,4,3,3,1,1,1,1,1,1,50112,3,2,2,0
2,2,1,5,5,1,2,1,4,1,1,2,1,1,2,75000,2,2,2,0
2,2,1,1,1,1,1,3,2,1,1,7,3,1,2,0,2,2,2,0
2,11,1,3,5,1,7,1,2,1,1,3,1,2,1,97910,1,1,1,0
2,14,1,1,1,1,7,2,2,1,1,6,1,1,5,1000000,3,2,2,0
2,1,1,3,8,1,4,3,3,1,2,2,1,2,1,69450,1,1,1,0
1,6,1,2,5,14,7,1,4,1,1,3,1,1,1,24408,2,2,2,0
2,4,1,4,1,1,4,2,3,1,1,3,1,1,3,148500,1,3,2,0
2,4,1,1,8,1,11,2,1,1,1,5,1,2,3,300000,1,3,2,0
1,5,1,2,6,1,7,2,3,1,1,1,1,2,1,35292,2,2,1,0
2,2,1,1,1,9,7,2,3,1,2,1,3,2,2,18780,2,2,2,0
2,4,1,1,1,1,1,1,1,1,1,3,1,1,3,155000,1,3,2,0
2,4,1,1,1,1,7,2,4,1,1,1,1,2,3,120000,1,3,2,0
2,3,1,4,12,1,3,2,3,1,1,1,1,1,1,68868,1,1,3,0
2,1,1,1,4,3,3,2,4,1,1,1,1,1,1,250027,1,1,1,0
2,14,1,1,9,4,3,1,2,1,1,8,1,1,5,27450,3,2,2,0
2,4,1,1,2,4,3,2,1,1,1,1,1,1,3,220000,1,3,2,0
2,2,1,2,1,1,1,3,2,1,1,3,1,1,2,19000,2,2,2,0
1,4,3,1,1,4,2,1,4,1,1,3,1,1,3,83000,1,3,2,0
2,1,1,1,1,1,11,2,4,1,1,1,1,1,1,58344,1,1,1,0
1,6,1,2,7,1,4,1,4,1,1,3,1,2,1,42456,2,2,2,0
2,1,1,2,1,1,3,2,2,1,1,7,1,1,1,239600,1,1,1,0
2,14,1,3,1,1,4,2,1,1,1,8,1,1,5,200000,3,2,2,0
2,4,1,3,1,6,2,3,2,1,1,8,1,2,3,45000,1,3,2,0
2,16,1,2,1,10,1,2,2,1,1,3,1,1,1,69024,1,1,3,0
2,2,1,1,1,1,2,1,2,1,1,5,1,1,2,15024,2,2,2,0
2,4,1,1,6,14,2,2,3,1,1,1,1,1,3,50000,1,3,2,0
2,12,1,3,4,1,11,1,4,1,2,7,6,1,3,120782,1,1,1,0
2,5,1,2,1,1,4,2,3,1,1,8,1,2,1,42348,2,2,1,0
2,4,1,1,1,1,7,1,2,1,4,1,1,2,3,114400,1,3,2,0
1,1,1,1,5,14,2,1,4,1,1,4,1,2,1,40282,1,1,1,0
2,3,1,1,7,1,7,2,3,1,1,3,4,2,1,12476,1,1,3,0
2,4,1,1,1,1,11,2,3,1,1,3,1,2,3,84000,1,3,2,0
1,4,1,2,1,9,1,2,2,1,1,3,3,2,3,125000,1,3,2,0
2,6,1,5,6,1,3,3,3,1,1,3,1,1,1,12732,2,2,2,0
2,7,3,3,1,1,3,2,2,1,1,4,1,1,1,51408,1,1,1,0
2,1,1,1,6,3,1,2,2,1,1,1,1,1,1,138900,1,1,1,0
2,4,1,1,8,1,3,2,1,1,1,1,1,1,3,120000,1,3,2,0
2,2,1,2,1,1,1,2,3,1,1,3,3,1,2,7639,2,2,2,0
2,5,1,3,1,1,1,3,3,1,4,8,1,1,1,2820,2,2,1,0
2,7,1,1,1,10,4,2,3,1,1,3,1,1,1,29376,1,1,1,0
2,10,1,2,5,14,11,2,3,1,1,2,6,1,4,199933,1,1,1,0
2,7,1,2,1,1,3,2,2,1,1,2,1,2,1,88116,1,1,1,0
2,5,1,5,1,1,4,2,3,1,1,3,1,1,1,26820,2,2,1,0
2,1,1,2,1,1,4,2,3,1,1,1,2,1,1,222246,1,1,1,0
2,7,2,5,1,1,2,2,2,1,1,3,1,1,1,23496,1,1,1,0
2,6,1,6,1,6,2,2,2,1,1,3,1,1,1,53073,2,2,2,0
2,7,1,3,6,1,4,2,2,1,1,8,1,1,1,79552,1,1,1,0
2,4,1,7,5,1,8,1,2,1,1,5,1,1,3,40000,1,3,2,0
2,12,1,4,1,6,7,2,2,1,1,7,1,1,3,53144,1,1,1,0
1,13,1,2,1,1,3,2,2,1,1,5,4,1,1,88119,1,1,1,0
2,1,2,2,1,1,2,2,4,1,1,6,1,1,1,138904,1,1,1,0
2,4,1,2,1,1,4,2,2,1,1,1,1,1,3,0,1,3,2,0
2,1,3,3,1,1,4,3,2,1,1,2,1,1,1,116676,1,1,1,0
2,1,1,1,1,1,3,3,4,1,2,6,1,1,1,100008,1,1,1,0
2,2,1,1,3,1,7,2,3,1,1,3,3,1,2,18780,2,2,2,0
2,4,1,1,1,1,1,2,3,1,1,8,4,1,3,87210,1,3,2,0
1,1,1,2,7,1,1,2,4,1,1,1,1,1,1,138904,1,1,1,0
2,5,1,2,1,1,3,1,3,1,1,2,1,1,1,56460,2,2,1,0
1,4,1,3,1,1,2,1,3,1,1,8,6,1,3,60000,1,3,2,0
1,15,1,1,1,1,4,2,4,1,3,3,1,1,2,234050,1,1,2,0
2,8,1,3,1,1,11,1,4,1,1,7,1,1,1,88116,1,1,1,0
2,16,1,1,1,1,4,2,2,1,1,2,1,1,1,51403,1,1,3,0
2,7,1,1,12,1,3,2,3,1,1,3,1,1,1,122388,1,1,1,0
2,4,1,2,1,1,2,3,4,1,1,7,3,2,3,2000000,1,3,2,0
2,6,1,1,8,1,4,3,2,1,1,3,1,2,1,100000,2,2,2,0
2,14,1,1,1,1,3,2,1,1,1,4,1,2,5,85000,3,2,2,0
2,2,2,1,1,4,2,1,3,1,1,5,1,1,2,2000,2,2,2,0
2,4,1,1,1,1,7,2,4,1,1,3,1,2,3,75000,1,3,2,0
1,4,1,1,1,1,3,1,2,1,1,1,2,2,3,250000,1,3,2,0
2,7,3,2,1,2,4,2,4,1,1,4,1,1,1,244776,1,1,1,0
2,5,1,1,1,1,4,2,4,1,1,4,1,1,1,42348,2,2,1,0
2,1,1,3,7,1,7,3,3,1,1,2,1,1,1,125014,1,1,1,0
2,14,1,1,8,1,1,2,4,1,1,2,1,2,5,37428,3,2,2,0
2,11,2,2,1,1,3,3,3,1,1,1,4,1,1,51408,1,1,1,0
2,12,1,1,6,4,7,2,3,1,1,8,1,1,3,40261,1,1,1,0
1,5,1,2,1,4,2,2,2,1,1,2,1,1,1,28236,2,2,1,0
1,8,1,2,1,1,8,2,3,1,1,3,1,1,1,61194,1,1,1,0
2,4,1,3,5,1,4,2,2,1,1,8,1,2,3,110000,1,3,2,0
2,4,1,1,3,1,7,1,3,1,1,3,1,2,3,114000,1,3,2,0
2,11,1,1,1,1,1,1,2,1,1,1,3,2,1,146868,1,1,1,0
2,7,2,2,1,8,7,2,2,1,1,1,1,1,1,39648,1,1,1,0
2,11,1,2,1,2,3,1,3,1,1,4,1,2,1,54928,1,1,1,0
2,5,1,3,1,9,7,3,3,1,1,1,1,2,1,42348,2,2,1,0
2,4,1,2,1,17,2,2,3,1,1,4,3,1,3,60000,1,3,2,0
2,4,1,1,1,1,1,1,2,1,1,1,1,1,3,80000,1,3,2,0
2,1,1,2,6,1,6,3,1,1,1,1,1,1,1,277800,1,1,1,0
2,11,1,2,1,1,8,2,2,2,2,4,1,1,1,68537,1,1,1,0
1,13,1,2,1,1,7,1,3,2,1,1,2,2,1,48950,1,1,1,0
2,13,1,1,1,1,7,2,1,1,1,7,2,1,1,1000000,1,1,1,0
2,4,1,1,3,1,7,2,3,1,1,2,2,1,3,90000,1,3,2,0
2,4,1,3,1,10,1,3,1,1,1,8,2,2,3,80000,1,3,2,0
2,14,3,3,8,1,1,3,3,1,1,7,2,1,5,7488,3,2,2,0
2,16,1,4,7,4,3,2,2,1,1,7,1,1,1,116268,1,1,3,0
2,8,1,3,3,1,1,2,1,1,1,8,6,1,1,51403,1,1,1,0
2,2,1,2,1,1,2,2,3,1,1,1,1,1,2,480000,2,2,2,0
2,7,3,5,1,1,1,1,2,1,1,8,6,1,1,12480,1,1,1,0
1,4,3,1,1,4,11,2,3,1,1,1,1,1,3,200000,1,3,2,0
1,20,1,3,6,3,7,2,4,2,2,1,1,1,1,8400,3,2,2,0
2,7,1,2,4,1,3,3,3,1,1,3,1,1,1,24972,1,1,1,0
2,12,1,5,1,1,11,1,4,1,1,7,1,1,3,96626,1,1,1,0
1,13,3,2,3,16,2,1,2,1,1,1,1,1,1,16152,1,1,1,0
2,1,1,1,3,1,3,1,3,1,1,2,1,2,1,121550,1,1,1,0
2,1,1,4,1,1,1,2,2,1,1,2,1,1,1,97233,1,1,1,0
2,12,1,1,1,4,3,2,4,2,1,5,1,1,3,70000,1,1,1,0
2,4,1,2,1,1,1,1,4,1,1,3,1,1,3,124000,1,3,2,0
2,2,1,2,1,3,1,2,3,2,1,3,6,2,2,7827,2,2,2,0
2,3,1,2,1,1,7,2,4,1,1,6,1,1,1,44916,1,1,3,0
2,2,2,1,8,1,10,2,3,1,1,3,1,1,2,1000000,2,2,2,0
2,12,1,1,8,1,3,2,3,1,1,1,6,1,3,45897,1,1,1,0
2,5,3,1,1,1,1,3,2,1,1,3,1,1,1,38229,2,2,1,0
2,12,1,1,1,9,7,2,3,1,1,1,4,1,3,32209,1,1,1,0
2,3,1,5,9,1,3,2,4,1,1,2,1,1,1,53892,1,1,3,0
2,6,1,3,1,1,4,2,2,1,1,3,1,1,1,34152,2,2,2,0
2,4,1,1,1,1,7,1,4,1,1,8,1,1,3,52000,1,3,2,0
2,4,1,1,1,1,7,2,4,1,1,1,7,1,3,125000,1,3,2,0
2,4,1,2,1,1,2,1,1,1,1,3,1,2,3,92000,1,3,2,0
2,16,1,1,3,6,2,2,3,1,1,4,1,1,1,48955,1,1,3,0
2,5,1,2,1,1,2,3,3,1,1,4,1,1,1,156000,2,2,1,0
1,4,2,3,1,8,1,1,1,1,1,8,1,1,3,38400,1,3,2,0
2,17,1,1,1,1,7,2,4,1,1,3,1,1,1,61194,1,1,3,0
2,4,1,3,6,16,7,1,4,2,1,5,6,1,3,120000,1,3,2,0
2,1,1,2,5,1,7,1,3,1,1,2,1,1,1,500052,1,1,1,0
2,6,1,6,3,1,1,2,1,1,1,6,1,1,1,40689,2,2,2,0
2,14,1,5,7,1,1,1,1,1,1,8,1,1,5,17592,3,2,2,0
2,18,1,2,1,1,1,2,1,1,1,3,1,2,1,125124,1,1,3,0
2,1,1,2,4,1,6,2,3,1,1,1,1,1,1,11112,1,1,1,0
2,16,1,1,1,1,1,2,4,1,1,1,1,1,1,122388,1,1,3,0
2,13,1,2,1,3,1,2,1,1,1,2,2,1,1,55075,1,1,1,0
2,1,1,1,1,3,1,1,2,1,1,2,1,2,1,121550,1,1,1,0
1,4,1,3,1,4,5,2,4,1,1,3,5,1,3,0,1,3,2,0
1,4,2,7,3,1,4,2,3,1,1,2,1,1,3,110000,1,3,2,0
2,7,1,2,1,4,7,1,4,2,1,1,1,1,1,58752,1,1,1,0
2,4,1,1,1,1,11,2,4,1,1,1,1,2,3,170000,1,3,2,0
2,16,1,3,12,3,2,3,3,1,1,7,1,1,1,106918,1,1,3,0
2,10,1,1,1,1,11,2,1,1,1,2,1,1,4,31989,1,1,1,0
2,4,1,1,1,4,7,2,2,1,1,3,1,2,3,75000,1,3,2,0
2,5,1,1,1,1,3,1,2,1,1,4,1,1,1,37764,2,2,1,0
1,12,1,1,1,1,2,2,4,1,1,2,1,1,3,54755,1,1,1,0
2,4,1,2,5,8,7,1,4,1,2,8,2,1,3,82000,1,3,2,0
2,5,1,2,6,1,11,2,3,1,1,2,1,2,1,54000,2,2,1,0
2,4,1,1,1,3,4,3,4,1,1,1,1,1,3,96000,1,3,2,0
1,4,1,1,2,1,3,2,2,1,1,1,5,1,3,270000,1,3,2,0
2,5,1,3,8,3,2,3,3,1,1,8,1,1,1,24696,2,2,1,0
2,7,2,1,7,1,5,1,2,2,1,3,1,1,1,3650,1,1,1,0
2,4,1,1,12,1,1,3,2,1,1,1,1,1,3,57000,1,3,2,0
2,4,1,1,1,1,4,2,2,1,1,3,6,1,3,180000,1,3,2,0
2,4,1,8,5,9,1,1,2,1,1,7,1,2,3,40000,1,3,2,0
2,12,2,1,1,1,1,2,4,1,1,4,1,1,3,24156,1,1,1,0
2,1,1,1,1,1,1,2,4,1,1,4,1,1,1,69452,1,1,1,0
1,6,1,4,3,7,2,2,3,1,1,6,1,1,1,12096,2,2,2,0
2,11,1,2,1,2,1,2,2,1,1,1,1,1,1,88116,1,1,1,0
2,12,1,3,1,10,4,2,3,1,1,3,1,2,3,77304,1,1,1,0
1,4,1,4,3,3,5,1,2,1,1,2,2,1,3,20000,1,3,2,0
2,5,2,1,1,1,2,1,3,1,1,3,1,1,1,52932,2,2,1,0
2,4,2,2,7,1,11,2,2,1,1,1,1,1,3,36000,1,3,2,0
2,4,1,1,1,4,3,2,3,1,1,1,1,1,3,0,1,3,2,0
2,5,1,3,1,1,11,2,3,1,1,2,1,2,1,52932,2,2,1,0
1,4,1,2,5,1,2,2,4,2,1,3,6,2,3,55000,1,3,2,0
2,14,1,2,7,14,2,4,2,1,1,1,2,2,5,21709,3,2,2,1
2,5,1,2,6,1,3,3,4,1,1,2,1,2,1,705768,2,2,1,0
2,4,1,9,1,4,5,3,4,1,1,8,1,1,3,9360,1,3,2,0
2,4,1,1,2,1,1,2,4,1,1,5,1,1,3,120000,1,3,2,0
2,5,3,5,1,1,7,2,3,1,1,3,1,1,1,35292,2,2,1,0
2,11,1,1,6,4,5,2,3,1,1,2,1,1,1,17628,1,1,1,0
2,1,1,1,1,1,1,2,2,1,1,1,1,1,1,184742,1,1,1,0
2,4,1,1,1,1,3,2,3,1,1,1,1,2,3,105000,1,3,2,0
2,12,1,1,1,1,7,2,4,1,1,8,1,1,3,37040,1,1,1,0
2,4,2,1,5,8,7,2,2,1,1,4,3,1,3,45000,1,3,2,0
2,5,1,2,1,1,3,2,3,1,1,2,1,2,1,45875,2,2,1,0
2,14,1,3,1,15,1,1,4,1,1,8,1,2,5,78000,3,2,2,0
1,4,1,7,5,8,7,1,3,1,1,4,1,1,3,75000,1,3,2,0
2,7,1,1,9,1,7,1,3,1,1,3,1,1,1,14688,1,1,1,0
2,2,1,1,1,15,7,2,1,1,1,3,3,1,2,12524,2,2,2,0
2,8,3,2,1,13,7,3,2,1,1,3,1,1,1,25701,1,1,1,0
2,1,1,1,7,1,7,2,2,1,1,1,1,1,1,25000,1,1,1,0
2,12,1,1,5,1,2,3,3,1,1,8,5,1,3,64417,1,1,1,0
2,6,1,1,1,10,3,2,2,1,1,3,1,2,1,80000,2,2,2,0
2,6,1,1,1,1,3,3,4,1,1,1,1,2,1,36084,2,2,2,0
2,11,1,2,1,1,3,3,3,1,1,1,1,1,1,51408,1,1,1,0
2,7,1,1,1,1,3,2,2,1,1,1,1,1,1,14688,1,1,1,0
2,4,1,1,1,1,2,2,2,2,2,1,1,1,3,20000,1,3,2,0
2,7,1,3,8,1,4,2,4,1,1,3,1,1,1,143928,1,1,1,0
1,6,1,4,6,14,2,1,3,1,1,3,1,1,1,8850,2,2,2,0
2,4,1,1,1,1,3,2,4,1,1,6,1,1,3,130000,1,3,2,0
2,3,1,7,7,1,3,1,2,1,1,2,1,2,1,49404,1,1,3,0
2,12,1,1,3,1,3,2,4,1,1,1,1,1,3,1000000,1,1,1,0
2,4,1,2,4,1,4,2,2,1,1,2,1,2,3,98000,1,3,2,0
2,4,1,2,1,1,1,1,1,1,1,3,1,2,3,80000,1,3,2,0
2,19,3,2,1,17,4,2,2,1,1,2,1,1,1,48955,1,1,3,0
2,4,1,1,1,1,4,2,3,1,1,1,1,1,3,100000,1,3,2,0
2,11,2,2,7,8,2,1,4,1,1,3,1,1,1,29376,1,1,1,0
2,7,2,2,1,1,4,2,3,1,1,3,1,2,1,64620,1,1,1,0
2,14,2,1,1,19,1,3,4,1,1,8,1,1,5,11232,3,2,2,0
2,7,1,2,2,15,4,2,2,1,1,2,1,1,1,85671,1,1,1,0
2,1,1,1,1,1,3,2,4,1,1,2,1,1,1,127792,1,1,1,0
2,4,1,1,4,1,5,1,3,2,1,1,1,1,3,1440,1,3,2,0
2,4,1,1,1,2,7,2,2,1,1,1,2,1,3,100000,1,3,2,0
2,1,1,1,7,1,3,1,4,1,1,8,1,1,1,97233,1,1,1,0
1,4,1,2,5,1,9,1,1,1,1,5,1,1,3,109992,1,3,2,0
2,12,1,1,1,1,4,2,2,1,1,3,1,1,3,96626,1,1,1,0
2,4,1,2,1,1,4,2,2,1,1,3,1,1,3,121000,1,3,2,0
2,6,1,2,5,1,7,2,2,1,1,3,1,1,1,25476,2,2,2,0
2,2,2,1,1,1,2,2,2,1,1,5,1,1,2,8954,2,2,2,0
2,20,1,2,1,1,1,3,1,1,1,8,1,2,1,20880,3,2,2,0
2,1,1,2,1,4,11,1,2,1,1,8,1,1,1,62507,1,1,1,0
2,5,1,1,1,1,3,2,4,1,1,3,1,1,1,84696,2,2,1,0
1,5,1,2,1,1,2,2,2,2,1,3,1,1,1,22932,2,2,1,0
2,2,2,2,1,1,7,2,3,1,1,1,4,2,2,11428,2,2,2,0
2,11,1,4,1,1,4,1,3,1,1,2,1,1,1,55075,1,1,1,0
2,9,1,1,1,1,7,2,3,1,1,7,4,1,2,25000,2,2,2,0
2,11,1,1,1,1,3,1,4,1,1,1,3,2,1,1000000,1,1,1,0
2,4,1,1,1,6,1,2,4,1,1,1,1,1,3,200000,1,3,2,0
2,5,1,2,1,4,3,1,3,1,1,3,1,2,1,56460,2,2,1,0
1,7,1,1,7,3,2,2,3,2,1,3,1,1,1,48955,1,1,1,0
2,16,2,9,1,1,3,3,2,1,1,3,1,1,1,73,1,1,3,0
2,4,1,2,8,1,1,3,3,1,1,3,1,2,3,90000,1,3,2,0
2,14,1,1,1,7,7,3,3,1,1,1,1,1,5,168432,3,2,2,0
2,7,1,2,1,1,4,2,4,1,1,3,1,1,1,24478,1,1,1,0
2,2,1,1,1,2,2,3,1,1,1,2,1,1,2,10332,2,2,2,0
2,4,1,1,1,2,7,2,2,1,1,1,1,2,3,125000,1,3,2,0
2,4,2,4,12,1,2,1,1,1,1,1,1,1,3,75000,1,3,2,0
2,4,1,4,1,4,2,3,2,2,1,5,1,1,3,46000,1,3,2,0
2,4,1,5,1,1,4,2,3,1,1,8,6,2,3,200000,1,3,2,0
2,4,1,1,4,1,2,2,4,2,1,3,1,1,3,72000,1,3,2,0
2,4,1,1,1,9,11,1,4,1,1,2,1,1,3,110000,1,3,2,0
2,12,1,1,5,6,4,2,4,1,1,2,1,1,3,120782,1,1,1,0
2,14,1,3,11,1,3,2,3,1,1,8,1,1,5,9357,3,2,2,0
2,12,1,3,1,1,11,1,3,1,1,1,1,2,3,48312,1,1,1,0
2,4,1,1,1,1,1,1,2,1,1,5,1,1,3,130000,1,3,2,0
1,1,1,1,1,1,3,1,1,1,1,1,1,1,1,111123,1,1,1,0
2,4,1,1,8,1,4,1,3,1,1,1,1,2,3,130000,1,3,2,0
2,1,1,5,1,4,3,2,3,1,1,8,1,1,1,34726,1,1,1,0
2,6,1,2,7,1,4,2,3,1,1,8,1,2,1,45997,2,2,2,0
2,4,1,1,1,1,1,5,3,1,1,4,1,1,3,50000,1,3,2,0
1,4,1,1,1,1,7,2,4,1,1,3,1,1,3,73000,1,3,2,0
2,1,1,1,1,3,3,1,4,1,1,1,1,1,1,138904,1,1,1,0
2,7,1,2,1,1,3,2,4,1,1,2,3,1,1,64866,1,1,1,0
2,12,1,1,1,1,3,2,4,1,1,4,2,1,3,56365,1,1,1,0
2,1,2,1,1,1,7,1,4,1,1,1,1,1,1,29170,1,1,1,0
2,5,1,2,1,10,1,2,4,1,1,3,1,1,1,119098,2,2,1,0
2,4,1,2,1,1,4,1,4,1,1,6,1,2,3,87000,1,3,2,0
2,12,1,1,1,3,3,2,3,1,1,8,1,1,3,96626,1,1,1,0
2,1,1,1,1,4,4,1,2,1,1,4,5,2,1,83,1,1,1,0
2,9,1,1,3,1,1,2,2,1,1,1,1,2,2,31788,2,2,2,0
2,9,1,4,1,1,1,1,3,1,1,9,4,1,2,54000,2,2,2,0
2,11,1,1,12,3,3,2,3,1,1,3,1,2,1,132180,1,1,1,0
2,4,2,2,7,16,11,1,4,1,3,5,1,1,3,170000,1,3,2,0
2,4,1,2,1,1,10,2,1,2,1,1,1,2,3,225000,1,3,2,0
2,12,1,2,9,1,1,2,2,1,1,3,1,1,3,24156,1,1,1,0
2,20,2,2,1,1,4,1,3,1,1,3,1,2,1,44064,3,2,2,0
2,7,3,1,7,2,5,3,1,1,1,3,5,2,1,58752,1,1,1,0
2,18,1,6,8,1,5,3,3,1,1,2,1,1,1,55056,1,1,3,0
2,12,1,1,9,8,5,2,4,1,1,8,1,1,3,9660,1,1,1,0
2,12,1,1,3,1,4,2,2,1,1,1,1,1,3,0,1,1,1,0
2,4,1,1,2,1,5,2,3,1,1,2,1,1,3,55000,1,3,2,0
2,5,1,5,1,4,5,1,3,1,1,3,1,2,1,8472,2,2,1,0
2,8,1,3,1,1,4,2,3,1,1,2,1,1,1,85650,1,1,1,0
2,19,2,1,6,1,1,1,2,1,1,1,1,1,1,0,1,1,3,0
2,14,2,3,1,1,7,2,2,1,1,4,1,2,5,7488,3,2,2,0
2,2,1,1,3,1,7,2,3,1,1,3,3,1,2,46963,2,2,2,0
2,2,1,1,3,1,5,1,2,1,1,1,6,1,2,10958,2,2,2,0
2,4,1,9,1,1,2,2,3,1,1,9,1,2,3,96000,1,3,2,0
2,4,2,4,8,4,2,1,2,1,1,6,2,1,3,60000,1,3,2,0
2,7,3,2,3,1,11,2,3,1,1,7,1,2,1,79552,1,1,1,0
2,11,1,2,1,1,1,1,1,1,1,3,1,1,1,44060,1,1,1,0
2,20,3,1,6,1,4,2,4,1,1,8,1,1,1,57276,3,2,2,0
2,7,3,8,1,4,2,2,2,1,1,7,2,1,1,21600,1,1,1,0
2,19,2,2,1,8,4,2,4,1,1,4,1,1,1,61194,1,1,3,0
2,4,1,1,4,1,1,4,3,1,1,3,1,1,3,7000,1,3,2,1
2,4,1,1,9,6,3,1,1,2,1,1,6,1,3,0,1,3,2,0
2,1,1,3,5,1,7,1,3,1,1,1,1,1,1,65979,1,1,1,0
2,11,1,2,1,1,3,3,1,1,1,3,1,1,1,55075,1,1,1,0
2,7,3,3,1,1,2,3,3,1,1,1,1,1,1,6,1,1,1,0
2,10,2,1,1,1,7,3,3,1,1,1,3,1,4,19188,1,1,1,0
2,5,1,1,8,1,11,3,3,1,1,1,1,1,1,37056,2,2,1,0
2,13,1,5,5,4,5,1,1,1,1,6,1,1,1,0,1,1,1,0
2,4,1,5,3,1,7,3,3,1,1,2,1,1,3,23812,1,3,2,0
2,4,1,1,1,1,1,1,1,1,1,3,1,1,3,110000,1,3,2,0
1,15,1,5,1,6,3,1,1,1,1,8,4,1,2,146284,1,1,2,0
2,2,1,2,1,3,7,2,1,2,1,3,6,2,2,28176,2,2,2,0
1,4,1,1,8,1,2,1,2,1,1,5,1,1,3,0,1,3,2,0
2,12,1,1,1,1,1,1,4,1,1,1,1,1,3,72469,1,1,1,0
2,4,1,1,8,2,4,2,4,1,1,1,2,1,3,167000,1,3,2,0
2,4,1,3,6,3,5,4,2,1,1,1,5,1,3,48000,1,3,2,1
1,8,2,1,1,9,3,2,3,1,1,4,1,1,1,58752,1,1,1,0
2,13,2,1,1,1,2,2,2,1,1,3,1,2,1,30597,1,1,1,0
1,3,2,9,3,1,5,1,3,1,1,8,1,1,1,474288,1,1,3,0
2,1,1,2,10,1,5,1,2,1,1,1,1,1,1,41671,1,1,1,0
1,14,1,6,1,6,2,3,3,1,1,2,1,1,5,3744,3,2,2,0
2,1,3,3,1,1,9,1,3,1,1,1,1,1,1,62507,1,1,1,0
2,2,1,1,1,1,5,1,4,1,1,3,1,1,2,1968,2,2,2,0
2,4,1,3,1,1,1,3,2,1,1,3,1,1,3,11000,1,3,2,0
1,4,1,1,8,3,5,3,3,1,1,9,1,1,3,0,1,3,2,0
2,2,2,1,2,6,5,1,4,1,1,1,3,2,2,157,2,2,2,0
2,12,2,3,1,1,3,3,2,1,4,1,1,1,3,24156,1,1,1,0
2,16,2,1,6,9,5,2,2,1,1,3,1,1,1,0,1,1,3,0
1,9,2,1,1,1,7,2,3,1,1,3,1,1,2,17808,2,2,2,0
2,4,1,1,1,1,5,2,2,1,1,6,1,1,3,0,1,3,2,0
2,7,2,1,8,17,7,1,4,1,1,8,1,2,1,14700,1,1,1,0
2,2,1,1,1,1,7,3,3,1,1,1,1,2,2,50400,2,2,2,0
2,6,1,8,3,4,5,1,4,2,1,7,1,1,1,4248,2,2,2,0
2,2,1,2,1,3,7,2,3,1,1,9,5,2,2,13932,2,2,2,0
1,11,1,1,1,1,3,2,3,1,1,3,1,1,1,0,1,1,1,0
2,4,1,2,3,19,4,1,4,1,1,3,1,1,3,49920,1,3,2,0
2,1,1,1,3,8,7,2,4,1,1,2,1,1,1,0,1,1,1,0
1,7,1,1,1,1,3,2,3,1,1,8,1,1,1,79552,1,1,1,0
2,4,1,2,1,1,3,1,2,2,2,9,2,2,3,0,1,3,2,0
2,4,1,1,1,1,7,2,3,1,1,8,1,1,3,86000,1,3,2,0
2,7,2,1,3,9,2,2,1,1,1,2,1,2,1,6612,1,1,1,0
1,2,1,2,8,1,2,2,3,1,1,1,3,2,2,85656,2,2,2,0
2,2,2,1,1,9,5,2,2,1,1,1,1,2,2,23482,2,2,2,0
1,2,2,5,1,6,5,2,1,1,1,4,1,1,2,400,2,2,2,0
2,4,1,3,1,1,5,3,4,1,1,8,1,1,3,60000,1,3,2,0
1,20,1,1,1,1,11,2,2,1,1,3,1,1,1,57600,3,2,2,0
2,20,1,3,3,3,5,2,2,1,1,2,1,1,1,3336,3,2,2,0
1,7,1,2,3,3,2,2,3,1,1,2,1,2,1,36720,1,1,1,0
2,7,1,7,7,1,2,2,2,1,1,2,1,1,1,58752,1,1,1,0
2,4,1,1,12,1,7,3,4,1,1,1,1,1,3,50000,1,3,2,0
2,7,1,3,1,7,7,3,1,1,1,8,1,1,1,44064,1,1,1,0
2,4,1,1,4,1,5,1,3,1,1,2,1,1,3,0,1,3,2,0
2,4,1,3,10,1,5,1,4,1,1,6,2,1,3,32000,1,3,2,0
1,12,2,5,1,6,2,4,4,1,3,1,1,1,3,8700,1,1,1,1
2,4,1,1,7,1,1,4,1,2,2,6,1,1,3,0,1,3,2,1
2,2,1,1,1,1,7,2,2,1,1,3,1,1,2,9396,2,2,2,0
2,20,1,2,1,1,2,1,1,2,1,1,1,1,1,6684,3,2,2,0
1,2,1,1,3,2,2,1,3,1,1,7,3,1,2,0,2,2,2,0
2,6,3,3,8,1,5,2,3,1,1,8,1,1,1,10620,2,2,2,0
1,4,2,1,1,1,2,1,4,2,1,1,3,1,3,4000,1,3,2,0
2,4,2,2,1,8,7,2,4,1,1,4,1,1,3,0,1,3,2,0
2,10,1,1,1,1,4,1,4,1,1,4,1,1,4,199950,1,1,1,0
2,2,1,1,1,1,7,1,2,1,1,7,1,1,2,0,2,2,2,0
2,4,1,2,2,3,5,1,2,2,1,1,1,1,3,54000,1,3,2,0
2,1,2,1,1,5,1,1,4,1,1,1,1,1,1,61194,1,1,1,0
1,2,1,2,1,2,2,2,4,1,1,3,1,1,2,6262,2,2,2,0
2,14,2,8,1,1,1,1,3,1,1,1,1,1,5,1000000,3,2,2,0
2,4,1,1,7,1,2,1,1,1,1,3,1,1,3,130000,1,3,2,0
1,1,2,2,7,8,2,1,1,1,1,1,1,1,1,9723,1,1,1,0
2,4,3,2,1,1,11,3,3,1,1,3,1,1,3,75000,1,3,2,0
2,4,1,9,1,1,7,1,4,1,1,3,1,1,3,125000,1,3,2,0
2,2,1,1,3,16,2,4,3,1,1,2,3,1,2,3006,2,2,2,1
2,4,1,1,4,4,5,2,3,1,1,6,1,1,3,0,1,3,2,0
2,12,1,2,1,8,1,3,2,1,1,3,1,1,3,85000,1,1,1,0
2,4,1,1,2,4,7,1,3,1,1,5,1,1,3,107000,1,3,2,0
2,2,1,2,7,1,5,3,1,1,1,7,1,2,2,2820,2,2,2,0
2,13,1,2,1,1,3,1,2,1,1,7,2,1,1,46507,1,1,1,0
2,7,1,1,1,3,7,2,3,1,1,3,1,1,1,34608,1,1,1,0
2,7,2,3,1,1,2,1,3,1,1,3,1,1,1,6612,1,1,1,0
2,4,1,1,1,1,7,2,3,1,1,3,2,2,3,60000,1,3,2,0
2,7,1,1,2,3,7,4,1,1,1,3,1,1,1,0,1,1,1,1
2,1,1,1,1,3,2,4,2,1,1,4,1,1,1,0,1,1,1,1
2,6,2,3,8,1,7,1,3,1,1,3,3,1,1,0,2,2,2,0
2,6,1,2,5,1,1,1,2,1,1,3,1,1,1,31848,2,2,2,0
2,4,2,1,1,8,2,2,4,1,1,3,3,1,3,14000,1,3,2,0
2,20,1,2,6,1,5,1,3,1,1,1,1,1,1,6000,3,2,2,0
2,11,1,2,3,1,10,4,3,1,1,1,3,1,1,36700,1,1,1,1
2,10,2,1,1,1,3,2,2,1,1,2,3,1,4,20793,1,1,1,0
2,1,2,2,1,8,7,1,4,2,2,1,1,1,1,19447,1,1,1,0
2,5,3,1,7,3,5,3,4,1,1,3,1,1,1,30000,2,2,1,0
2,15,3,3,1,1,11,2,4,1,1,3,4,1,2,140436,1,1,2,0
2,4,1,1,8,15,3,2,2,1,1,3,1,2,3,160000,1,3,2,0
2,1,1,3,12,3,2,1,1,2,1,2,1,1,1,55562,1,1,1,0
2,5,1,5,9,6,5,1,2,1,1,8,1,1,1,7416,2,2,1,0
2,4,2,1,7,1,2,1,3,1,1,1,1,1,3,30000,1,3,2,0
2,4,1,2,1,1,11,2,4,1,1,4,1,2,3,155000,1,3,2,0
1,8,2,1,1,14,4,2,4,2,1,2,2,1,1,14688,1,1,1,0
2,1,2,1,1,17,2,3,3,1,1,1,1,1,1,0,1,1,1,0
2,12,1,2,3,15,3,1,1,1,1,3,3,1,3,71664,1,1,1,0
2,7,1,3,5,1,1,1,1,1,1,3,1,1,1,73433,1,1,1,0
2,12,2,1,1,1,7,3,3,1,1,1,2,1,3,2904,1,1,1,0
2,2,2,2,1,1,2,2,2,1,1,1,1,1,2,0,2,2,2,0
1,12,2,2,1,14,7,3,3,1,1,1,2,1,3,14494,1,1,1,0
2,12,1,1,1,1,3,1,2,1,1,1,1,1,3,80521,1,1,1,0
2,7,2,1,1,1,3,2,4,1,1,2,1,1,1,0,1,1,1,0
2,2,2,2,1,3,5,1,4,1,2,2,1,2,2,0,2,2,2,0
1,4,1,1,1,3,3,1,1,1,1,4,4,1,3,175000,1,3,2,0
1,1,2,2,3,9,2,2,2,1,1,3,1,1,1,33687,1,1,1,0
2,11,1,2,1,1,5,1,3,2,1,8,1,1,1,14688,1,1,1,0
2,4,1,1,8,1,8,2,2,1,1,1,1,1,3,140000,1,3,2,0
2,17,1,1,1,1,3,1,2,1,1,3,1,1,1,46992,1,1,3,0
2,4,3,3,1,1,1,4,4,1,1,8,1,1,3,0,1,3,2,1
2,12,1,3,9,6,5,2,1,2,1,8,5,1,3,9663,1,1,1,0
1,11,2,2,8,1,7,1,3,2,1,8,2,1,1,19200,1,1,1,0
2,2,1,1,1,1,7,3,2,1,1,1,6,1,2,4696,2,2,2,0
2,12,1,3,9,1,7,1,3,1,1,3,1,1,3,0,1,1,1,0
2,4,1,1,9,1,2,2,2,1,1,2,1,1,3,15000,1,3,2,0
2,2,2,1,12,3,2,2,2,1,1,1,3,1,2,7514,2,2,2,0
2,19,1,2,12,1,1,2,3,1,1,2,1,1,1,44064,1,1,3,0
2,18,1,2,7,16,1,2,2,1,1,2,1,2,1,88629,1,1,3,0
2,12,1,1,2,4,2,1,3,1,1,1,1,1,3,40261,1,1,1,0
1,4,1,2,1,1,1,1,2,1,1,8,1,2,3,120000,1,3,2,0
2,7,2,5,1,2,3,2,3,1,1,8,1,1,1,3050,1,1,1,0
2,6,1,3,1,1,11,2,3,1,1,2,1,1,1,14856,2,2,2,0
2,2,1,7,4,1,5,1,3,2,1,5,1,2,2,2568,2,2,2,0
2,4,1,1,6,1,1,2,4,1,1,1,1,1,3,89000,1,3,2,0
2,1,1,2,1,1,3,2,2,1,1,3,1,1,1,55562,1,1,1,0
2,12,1,8,1,13,4,3,2,1,1,3,7,1,3,72469,1,1,1,0
2,11,2,2,1,1,7,2,2,1,1,3,1,2,1,22032,1,1,1,0
2,6,1,3,1,4,5,1,1,1,1,3,1,2,1,21228,2,2,2,0
2,4,1,1,1,1,1,1,2,1,1,3,1,1,3,100000,1,3,2,0
2,1,1,2,5,4,1,1,3,1,1,3,1,1,1,30559,1,1,1,0
2,4,1,8,1,1,2,2,3,1,1,3,1,1,3,30,1,3,2,0
2,6,1,3,3,6,2,3,2,1,1,1,3,1,1,18000,2,2,2,0
2,4,1,1,5,6,5,3,2,1,2,1,1,1,3,35000,1,3,2,0
2,10,1,9,1,3,7,2,4,1,1,4,1,1,4,79973,1,1,1,0
2,2,2,2,8,1,2,1,1,1,1,3,3,1,2,5640,2,2,2,0
2,3,2,3,1,1,7,1,3,1,1,2,1,1,1,0,1,1,3,0
2,4,2,3,1,1,7,4,2,1,1,8,1,2,3,96000,1,3,2,1
2,20,1,2,1,1,7,1,2,2,1,3,1,1,1,24000,3,2,2,0
2,9,1,1,1,1,1,1,3,1,1,3,4,1,2,22248,2,2,2,0
2,11,1,1,9,1,5,1,2,1,1,8,1,1,1,14688,1,1,1,0
2,4,2,4,1,13,5,2,1,1,1,5,2,1,3,27500,1,3,2,0
2,14,1,3,1,1,1,1,2,1,1,4,1,1,5,29195,3,2,2,0
2,4,1,3,11,1,1,2,2,1,1,1,1,1,3,68000,1,3,2,0
2,2,1,1,8,1,2,2,3,1,4,2,6,1,2,1884,2,2,2,0
2,1,1,7,5,8,9,2,3,1,1,3,1,1,1,38893,1,1,1,0
2,6,1,1,6,1,5,2,2,1,1,1,1,2,1,24000,2,2,2,0
2,3,2,5,1,1,2,1,3,1,1,4,1,1,1,14976,1,1,3,0
2,2,1,2,8,1,7,2,3,1,1,1,6,1,2,11268,2,2,2,0
2,19,1,1,9,1,7,2,4,1,1,2,1,1,1,44064,1,1,3,0
2,11,1,6,1,3,3,1,3,1,1,3,1,1,1,77104,1,1,1,0
2,7,1,2,7,1,3,2,3,1,1,3,1,1,1,49932,1,1,1,0
2,4,1,3,1,14,8,2,1,1,1,4,3,1,3,0,1,3,2,0
1,2,2,1,1,10,1,2,4,1,1,1,3,2,2,7512,2,2,2,0
2,6,1,3,5,8,5,1,3,2,1,9,1,1,1,4248,2,2,2,0
2,4,2,1,1,3,7,3,3,1,1,8,2,1,3,57600,1,3,2,0
1,4,1,1,1,1,2,2,4,1,1,1,1,1,3,92000,1,3,2,0
2,7,1,2,1,11,5,4,2,1,1,7,3,1,1,51403,1,1,1,1
2,8,1,1,1,1,4,3,1,1,1,8,1,1,1,100020,1,1,1,0
2,1,2,2,1,1,1,1,3,1,1,2,1,1,1,20836,1,1,1,0
2,5,1,2,4,3,2,1,3,2,1,3,1,2,1,14700,2,2,1,0
2,4,2,3,2,14,5,1,1,1,1,6,1,1,3,36000,1,3,2,0
1,12,1,2,1,2,3,1,3,1,1,2,2,1,3,48312,1,1,1,0
1,2,2,2,8,8,2,1,2,2,1,3,3,1,2,0,2,2,2,0
2,7,2,3,3,3,5,2,4,1,1,7,1,1,1,11016,1,1,1,0
2,5,1,5,1,6,2,4,3,1,1,2,1,1,1,0,2,2,1,1
2,18,2,1,1,16,3,2,4,1,1,2,1,1,1,0,1,1,3,0
2,11,1,2,1,1,2,3,1,2,1,3,1,1,1,39164,1,1,1,0
2,2,1,1,1,1,1,3,3,1,1,7,3,1,2,21133,2,2,2,0
1,4,2,2,1,7,2,2,3,1,1,3,3,1,3,14400,1,3,2,0
2,4,1,1,8,1,11,2,3,1,1,3,2,1,3,135000,1,3,2,0
2,4,1,3,5,1,7,2,1,1,1,8,1,1,3,95000,1,3,2,0
2,4,1,3,3,8,5,2,2,1,1,2,2,2,3,18000,1,3,2,0
1,18,1,2,1,1,2,2,2,1,1,4,1,1,1,62556,1,1,3,0
2,2,1,1,1,2,2,1,3,2,1,2,3,2,2,5820,2,2,2,0
2,12,1,1,1,1,3,1,4,1,1,4,5,1,3,25767,1,1,1,0
2,2,2,1,1,1,2,3,3,1,1,1,3,1,2,2256,2,2,2,0
2,5,1,5,5,4,5,4,2,1,1,2,1,1,1,18348,2,2,1,1
2,7,2,2,1,1,4,4,2,1,1,3,3,1,1,44060,1,1,1,1
2,4,1,3,8,1,7,3,2,1,1,1,5,1,3,0,1,3,2,0
1,4,1,1,1,1,3,2,4,1,1,3,3,1,3,140000,1,3,2,0
2,7,2,1,1,1,1,2,3,2,1,4,3,1,1,14688,1,1,1,0
2,2,1,1,1,1,5,2,3,1,1,6,3,1,2,3131,2,2,2,0
1,4,1,1,2,1,2,2,1,1,1,1,1,1,3,0,1,3,2,0
2,4,1,4,1,1,2,2,3,1,1,1,1,2,3,20000,1,3,2,0
1,2,1,2,1,1,5,1,3,1,1,1,3,1,2,1884,2,2,2,0
1,1,1,1,1,1,11,3,3,1,1,1,1,1,1,61118,1,1,1,0
2,4,1,2,3,14,11,2,3,1,1,1,1,2,3,70000,1,3,2,0
2,1,2,2,5,14,1,2,4,1,1,2,1,1,1,19447,1,1,1,0
1,3,1,5,1,3,5,1,3,1,1,3,1,1,1,37428,1,1,3,0
2,4,1,1,3,1,4,4,4,1,1,3,2,1,3,166000,1,3,2,1
2,2,1,2,5,1,3,3,3,1,1,1,3,2,2,37571,2,2,2,0
2,12,1,1,1,4,7,2,1,1,1,2,1,1,3,56365,1,1,1,0
2,2,2,2,12,13,2,2,1,1,1,1,1,2,2,0,2,2,2,0
2,6,1,4,3,1,7,1,4,1,1,3,1,1,1,21228,2,2,2,0
2,12,1,1,3,14,2,1,4,1,1,3,3,1,3,52339,1,1,1,0
1,2,1,2,3,14,2,2,4,2,1,1,3,1,2,234816,2,2,2,0
2,6,1,8,3,4,5,3,2,1,4,7,1,1,1,3600,2,2,2,0
2,7,2,2,1,1,3,2,3,1,1,1,3,1,1,29376,1,1,1,0
2,4,3,3,3,9,3,2,3,1,1,1,1,1,3,40000,1,3,2,0
2,3,1,3,1,1,5,2,3,1,1,2,1,1,1,50304,1,1,3,0
2,4,2,5,7,1,2,4,3,1,1,1,1,2,3,29000,1,3,2,1
2,2,1,2,1,1,3,3,4,1,1,1,3,1,2,18785,2,2,2,0
2,1,1,1,1,9,9,3,2,1,1,2,1,1,1,0,1,1,1,0
1,4,2,2,1,1,3,1,1,1,1,8,1,1,3,30000,1,3,2,0
2,16,2,2,8,8,1,1,4,1,1,7,1,1,1,11016,1,1,3,0
2,2,1,2,8,1,1,1,4,1,1,9,6,2,2,54790,2,2,2,0
2,6,1,1,5,1,3,2,2,1,1,9,1,1,1,58752,2,2,2,0
2,2,1,2,3,1,5,2,3,1,1,1,3,1,2,2820,2,2,2,0
1,15,2,1,1,1,7,1,3,1,1,4,4,1,2,105324,1,1,2,0
2,14,1,1,8,6,2,2,2,2,3,2,2,1,5,9360,3,2,2,0
2,11,3,3,1,1,1,3,2,1,1,3,1,1,1,73433,1,1,1,0
2,4,2,1,3,7,4,2,3,2,2,3,1,1,3,101000,1,3,2,0
2,4,1,1,1,1,3,1,1,1,1,3,6,1,3,120000,1,3,2,0
2,4,1,5,3,13,5,2,2,2,2,8,1,1,3,0,1,3,2,0
2,12,1,1,7,1,8,1,1,1,1,2,1,1,3,6442,1,1,1,0
2,2,1,1,8,1,2,2,2,1,2,7,3,1,2,0,2,2,2,0
2,4,1,2,1,2,2,3,3,1,1,1,1,1,3,90000,1,3,2,0
2,2,1,2,7,4,10,3,1,1,1,7,2,1,2,60000,2,2,2,0
2,17,1,1,1,4,7,3,3,2,1,8,5,2,1,8808,1,1,3,0
2,2,1,2,1,1,2,1,1,1,1,1,1,1,2,0,2,2,2,0
2,4,1,1,9,6,5,2,3,1,1,5,1,1,3,60450,1,3,2,0
1,6,1,2,1,1,1,2,3,1,1,1,1,1,1,18048,2,2,2,0
2,13,1,8,1,4,7,1,3,1,1,7,1,1,1,24500,1,1,1,0
2,11,1,2,1,1,7,1,3,2,2,1,1,2,1,26436,1,1,1,0
2,1,1,3,6,1,4,1,4,1,1,2,1,1,1,111123,1,1,1,0
1,14,2,1,2,1,5,2,1,1,1,1,2,1,5,31192,3,2,2,0
2,1,1,8,1,1,7,2,3,1,1,2,1,1,1,0,1,1,1,0
2,4,3,1,1,8,1,4,2,1,1,1,1,1,3,0,1,3,2,1
2,4,1,1,1,3,3,3,3,1,1,6,4,1,3,120000,1,3,2,0
1,4,2,2,2,14,1,2,4,2,1,3,1,1,3,32000,1,3,2,0
2,14,1,1,8,6,7,3,3,1,4,5,7,1,5,7488,3,2,2,0
2,11,3,3,9,1,5,3,2,1,1,3,1,1,1,8004,1,1,1,0
1,2,1,2,4,4,5,1,1,2,1,1,1,1,2,9393,2,2,2,0
1,2,1,1,3,1,2,2,1,1,1,2,1,2,2,2820,2,2,2,0
2,10,1,1,12,3,4,1,1,1,1,8,1,1,4,67977,1,1,1,0
2,5,2,1,1,4,2,3,2,1,1,3,1,1,1,14820,2,2,1,0
1,13,1,2,6,3,5,2,1,2,1,3,1,1,1,0,1,1,1,0
2,20,1,2,4,1,5,1,1,1,1,3,1,1,1,3600,3,2,2,0
2,7,1,1,7,1,7,3,4,1,1,6,1,1,1,19092,1,1,1,0
2,12,2,2,1,1,4,2,4,1,1,4,1,1,3,24317,1,1,1,0
2,4,1,2,7,1,5,3,4,2,1,1,6,1,3,0,1,3,2,0
2,2,3,1,1,6,2,2,1,1,1,2,1,1,2,7704,2,2,2,0
2,6,1,6,1,1,1,2,1,1,1,5,1,1,1,31848,2,2,2,0
2,2,2,1,12,4,5,2,1,1,1,1,1,1,2,936,2,2,2,0
1,12,2,1,1,9,1,3,3,1,4,1,1,1,3,24156,1,1,1,0
2,4,1,3,4,1,8,1,2,1,3,8,1,1,3,115000,1,3,2,0
2,16,2,1,1,1,7,3,3,1,1,4,1,1,1,17964,1,1,3,0
2,5,3,1,1,1,2,2,3,1,1,3,1,1,1,14112,2,2,1,0
2,4,1,3,7,3,5,1,3,1,1,8,1,1,3,15000,1,3,2,0
2,12,2,3,1,1,7,4,1,1,1,5,1,1,3,0,1,1,1,1
2,2,1,2,8,3,2,4,1,1,1,2,3,1,2,6951,2,2,2,1
2,5,1,3,1,1,3,3,2,1,1,2,1,2,1,12708,2,2,1,0
2,2,1,1,1,6,5,1,1,1,1,3,1,1,2,4884,2,2,2,0
2,12,1,5,5,3,11,1,3,1,1,8,1,1,3,88573,1,1,1,0
2,11,1,1,8,12,1,2,3,1,1,1,1,1,1,43692,1,1,1,0
2,4,2,2,3,8,7,1,3,1,1,3,1,1,3,27000,1,3,2,0
2,4,1,2,1,1,11,3,3,1,1,1,1,1,3,0,1,3,2,0
2,6,2,8,8,14,2,2,1,1,1,3,1,1,1,0,2,2,2,0
1,2,1,2,1,2,7,1,3,1,1,8,3,2,2,10332,2,2,2,0
2,2,1,1,1,1,2,3,2,1,1,1,4,1,2,1404,2,2,2,0
2,2,2,1,11,1,2,2,1,1,1,1,1,1,2,3000,2,2,2,0
2,15,1,2,3,8,4,2,3,2,2,1,6,1,2,0,1,1,2,0
2,14,1,1,3,1,7,2,3,1,1,1,2,1,5,0,3,2,2,0
1,6,1,1,3,9,3,3,3,1,1,1,1,1,1,16980,2,2,2,0
1,7,2,2,1,10,7,2,2,1,1,4,1,1,1,36720,1,1,1,0
2,14,2,2,3,16,7,2,1,1,1,3,1,1,5,11232,3,2,2,0
2,11,1,2,8,3,2,1,3,1,1,2,1,1,1,0,1,1,1,0
2,2,1,1,1,1,7,2,4,2,1,1,6,1,2,8610,2,2,2,0
2,4,1,3,11,1,9,2,1,1,1,1,1,1,3,0,1,3,2,0
2,4,1,4,6,1,11,3,1,1,1,8,1,1,3,120000,1,3,2,0
1,5,1,1,3,7,2,2,3,1,1,2,4,1,1,15876,2,2,1,0
2,4,1,1,1,1,3,2,1,1,1,1,1,1,3,148000,1,3,2,0
2,2,1,1,3,12,2,4,1,1,1,2,3,1,2,3601,2,2,2,1
2,2,2,5,12,6,2,1,3,1,1,1,3,1,2,0,2,2,2,0
2,12,1,4,1,4,2,1,3,1,1,6,3,1,3,28988,1,1,1,0
1,4,1,1,12,4,5,2,2,2,1,6,1,1,3,55000,1,3,2,0
2,17,2,1,1,1,7,2,4,1,1,2,4,1,1,0,1,1,3,0
2,2,1,2,3,1,11,2,4,1,1,3,1,1,2,10140,2,2,2,0
1,1,1,2,1,1,3,1,4,1,1,1,1,1,1,83342,1,1,1,0
1,4,1,3,1,1,5,2,3,2,3,6,1,1,3,0,1,3,2,0
2,4,1,1,1,1,1,2,3,1,1,2,1,1,3,48000,1,3,2,0
2,4,1,8,1,3,5,4,3,1,1,3,1,1,3,0,1,3,2,1
2,4,1,2,1,1,3,2,3,1,1,7,6,1,3,2000000,1,3,2,0
2,11,1,2,1,1,1,1,4,1,1,4,4,1,1,53851,1,1,1,0
2,4,1,1,1,6,8,2,3,1,1,6,1,1,3,22000,1,3,2,0
1,14,3,2,3,1,3,3,2,1,1,1,2,1,5,16464,3,2,2,0
2,4,2,7,1,10,4,1,4,2,2,3,1,1,3,149000,1,3,2,0
2,2,1,1,1,1,3,3,2,2,2,1,3,1,2,33337,2,2,2,0
2,4,1,3,1,3,5,1,3,1,1,3,1,2,3,42000,1,3,2,0
2,6,1,2,2,1,5,1,2,1,1,4,1,1,1,8496,2,2,2,0
2,5,1,1,1,1,2,2,4,2,1,3,1,1,1,0,2,2,1,0
2,1,1,3,5,1,8,2,2,1,2,1,1,1,1,138904,1,1,1,0
2,4,1,1,8,1,5,2,2,2,1,2,1,1,3,7500,1,3,2,0
2,10,2,2,1,8,1,3,1,1,1,2,1,1,4,20000,1,1,1,0
2,11,1,2,1,1,1,2,4,1,1,7,1,1,1,70985,1,1,1,0
2,16,1,3,8,1,7,2,2,1,1,1,1,1,1,44064,1,1,3,0
2,20,2,2,1,1,7,2,2,2,1,5,1,1,1,15600,3,2,2,0
2,14,2,1,5,14,5,1,1,1,1,7,2,1,5,860880,3,2,2,0
2,6,1,7,1,1,6,2,1,1,1,1,1,1,1,0,2,2,2,0
2,12,1,5,1,3,5,2,3,1,1,2,1,1,3,16428,1,1,1,0
1,3,2,1,7,14,2,2,2,1,2,3,1,1,1,17628,1,1,3,0
2,4,1,1,7,4,5,1,1,1,1,6,5,1,3,0,1,3,2,0
2,4,1,2,1,1,2,2,2,1,1,3,5,1,3,50000,1,3,2,0
2,5,1,1,3,2,2,2,3,1,1,2,1,1,1,5292,2,2,1,0
2,20,1,7,7,14,7,1,1,1,1,3,1,1,1,25056,3,2,2,0
2,3,1,5,1,1,4,1,2,1,1,2,1,1,1,11976,1,1,3,0
2,1,1,1,1,9,1,2,4,1,1,2,1,1,1,62507,1,1,1,0
1,14,3,1,1,8,2,1,2,1,1,6,2,1,5,5616,3,2,2,0
1,13,1,2,1,1,7,2,3,1,1,3,1,1,1,48955,1,1,1,0
2,10,1,1,1,3,5,2,3,1,1,3,2,2,4,40000,1,1,1,0
2,2,1,1,1,4,2,3,3,1,1,1,3,1,2,3914,2,2,2,0
2,7,1,5,1,1,3,2,1,1,1,3,4,2,1,80772,1,1,1,0
2,7,2,1,2,8,2,2,3,1,1,8,1,1,1,4404,1,1,1,0
2,4,1,3,2,3,2,2,3,1,1,8,1,1,3,60000,1,3,2,0
1,2,1,2,1,1,5,3,3,1,1,3,1,1,2,1224,2,2,2,0
2,2,1,2,1,1,3,1,3,1,1,3,3,2,2,45084,2,2,2,0
2,1,2,1,1,1,1,2,2,1,1,1,1,1,1,33336,1,1,1,0
2,2,1,2,1,1,7,2,4,1,1,1,1,2,2,15972,2,2,2,0
2,16,2,5,1,1,2,2,2,1,1,2,1,1,1,11748,1,1,3,0
2,19,1,1,12,1,1,4,1,1,1,8,1,2,1,41124,1,1,3,1
2,15,1,1,1,1,1,1,3,2,1,1,4,1,2,35112,1,1,2,0
2,11,1,2,1,4,4,1,3,1,3,2,1,1,1,66089,1,1,1,0
2,14,3,4,8,1,1,2,3,1,1,1,1,1,5,5244,3,2,2,0
2,2,2,5,1,4,5,2,2,2,1,2,1,2,2,0,2,2,2,0
2,2,1,1,3,1,5,2,3,1,1,7,5,1,2,2628,2,2,2,0
1,2,1,1,8,3,2,1,3,1,1,9,4,1,2,9012,2,2,2,0
2,2,2,1,12,9,5,2,3,1,1,3,3,2,2,383850,2,2,2,0
1,4,2,1,1,3,2,1,4,1,1,3,3,1,3,25047,1,3,2,0
2,9,1,1,1,1,5,3,1,1,1,5,4,1,2,8400,2,2,2,0
2,8,1,1,1,1,7,2,3,1,1,2,1,1,1,0,1,1,1,0
2,14,2,1,1,1,7,1,3,1,1,8,5,1,5,5616,3,2,2,0
2,1,1,5,3,1,2,3,3,1,1,5,1,2,1,1050,1,1,1,0
2,4,1,1,8,1,5,1,3,2,1,4,1,1,3,0,1,3,2,0
1,6,1,2,1,1,11,3,2,1,1,3,1,1,1,25476,2,2,2,0
2,1,2,3,1,1,2,2,3,1,1,4,1,1,1,0,1,1,1,0
2,4,3,5,8,6,5,1,2,2,1,4,5,2,3,22000,1,3,2,0
2,8,1,7,1,1,4,3,2,1,1,3,1,1,1,35492,1,1,1,0
2,7,1,2,1,8,3,2,2,1,1,3,1,2,1,61194,1,1,1,0
2,7,2,2,8,14,7,2,3,1,1,3,3,1,1,14688,1,1,1,0
2,4,1,3,11,9,2,3,3,1,1,8,1,1,3,50000,1,3,2,0
2,13,1,1,1,3,1,1,2,1,1,2,2,1,1,33045,1,1,1,0
2,2,2,5,1,1,2,4,2,1,1,2,1,1,2,8,2,2,2,1
2,10,1,1,8,14,2,3,2,1,1,4,1,1,4,0,1,1,1,0
2,11,2,1,3,1,7,2,1,1,1,8,1,1,1,3300,1,1,1,0
2,8,2,2,1,1,7,2,2,1,1,2,1,1,1,734328,1,1,1,0
2,2,2,5,6,1,2,2,4,1,1,3,1,2,2,0,2,2,2,0
1,12,2,3,12,3,5,4,3,1,1,8,1,1,3,50000,1,1,1,1
2,6,2,5,1,9,7,2,4,1,1,7,2,1,1,6372,2,2,2,0
1,6,1,1,4,2,5,3,1,1,1,1,1,1,1,4248,2,2,2,0
2,10,2,2,7,4,2,2,4,1,1,1,1,1,4,19194,1,1,1,0
2,4,1,1,1,1,1,1,4,1,1,7,4,1,3,180000,1,3,2,0
2,7,1,5,1,1,7,2,3,1,1,2,1,1,1,45283,1,1,1,0
2,4,1,4,1,10,1,1,3,1,1,2,1,1,3,120000,1,3,2,0
2,12,3,4,8,1,7,3,1,1,3,6,6,1,3,9663,1,1,1,0
2,17,2,3,3,4,2,1,2,1,1,3,1,1,1,36716,1,1,3,0
2,6,1,1,8,5,5,1,2,1,1,3,1,1,1,297204,2,2,2,0
2,4,2,8,1,1,2,1,1,1,2,8,1,1,3,120000,1,3,2,0
1,2,3,1,1,3,5,1,3,1,1,9,1,1,2,0,2,2,2,0
2,7,2,5,1,1,2,1,3,1,1,1,1,2,1,36720,1,1,1,0
2,2,2,5,1,1,5,3,1,1,3,2,5,1,2,0,2,2,2,0
2,1,2,1,1,1,7,2,3,1,1,8,1,2,1,22225,1,1,1,0
2,7,2,1,1,8,5,2,4,1,1,1,3,1,1,0,1,1,1,0
2,4,1,3,1,1,4,2,3,1,1,4,1,1,3,85000,1,3,2,0
2,4,1,8,5,1,2,4,2,1,1,7,2,1,3,0,1,3,2,1
2,4,1,3,8,1,11,2,3,1,2,1,1,1,3,145500,1,3,2,0
2,15,1,3,5,1,2,3,2,1,1,8,1,1,2,0,1,1,2,0
2,17,2,8,8,18,5,1,3,2,1,3,2,1,1,151222,1,1,3,0
2,2,2,1,1,18,5,4,2,1,1,8,1,1,2,3131,2,2,2,1
2,7,2,3,1,18,1,1,2,1,2,1,1,1,1,13212,1,1,1,0
2,4,1,8,1,18,5,1,1,1,1,2,1,2,3,0,1,3,2,0
1,4,1,2,1,18,5,4,4,2,1,3,6,1,3,55000,1,3,2,1
2,4,2,2,3,18,2,2,2,1,4,3,3,1,3,360000,1,3,2,0
2,4,1,5,1,18,2,4,1,1,1,3,1,1,3,0,1,3,2,1
2,2,2,2,7,18,5,3,2,1,3,8,6,1,2,5580,2,2,2,0
1,8,2,5,8,18,5,2,1,1,1,4,1,1,1,0,1,1,1,0
1,15,2,3,1,18,2,1,2,1,1,1,4,2,2,56172,1,1,2,0
2,4,1,1,2,18,5,2,1,1,1,3,5,1,3,35000,1,3,2,0
2,3,2,5,5,18,3,2,2,1,1,3,1,1,1,0,1,1,3,0
1,2,1,3,1,18,5,1,1,1,1,3,3,1,2,276,2,2,2,0
1,17,1,1,12,1,5,2,2,1,1,9,1,1,1,36720,1,1,3,0
2,4,2,1,1,1,2,1,3,1,1,1,6,1,3,0,1,3,2,0
2,16,1,2,6,18,5,1,4,1,1,1,1,1,1,0,1,1,3,0
2,14,1,3,1,1,2,2,1,1,1,2,1,1,5,7488,3,2,2,0
2,1,2,6,4,16,5,2,1,1,1,6,5,1,1,0,1,1,1,0
2,2,2,5,1,18,5,2,1,1,1,2,1,1,2,0,2,2,2,0
2,3,2,3,1,18,5,1,1,1,1,6,1,1,1,14976,1,1,3,0
1,20,1,2,2,1,5,1,3,1,1,3,1,2,1,4404,3,2,2,0
2,12,1,1,6,18,5,1,2,1,1,1,1,1,3,48313,1,1,1,0
1,4,2,2,1,18,2,2,3,1,1,5,1,1,3,85000,1,3,2,0
1,2,1,2,1,18,7,4,3,1,1,3,3,1,2,0,2,2,2,1
2,4,1,1,8,18,2,4,3,2,1,1,1,1,3,30000,1,3,2,1
2,1,1,2,3,18,5,2,1,1,1,1,1,1,1,18336,1,1,1,0
2,3,2,3,1,18,2,4,2,2,1,2,3,2,1,47904,1,1,3,1
2,4,1,3,1,1,2,4,3,1,1,1,3,1,3,0,1,3,2,1
2,18,3,1,6,18,5,3,1,2,1,7,5,1,1,62556,1,1,3,0
2,5,2,5,7,18,5,1,2,1,1,8,1,1,1,0,2,2,1,0
2,4,1,1,2,20,5,4,2,1,1,8,1,2,3,35000,1,3,2,1
2,13,3,2,8,18,5,2,3,1,1,3,1,1,1,20556,1,1,1,0
2,7,2,1,3,18,7,2,4,1,1,2,6,1,1,14976,1,1,1,0
1,2,1,5,1,1,2,3,3,1,1,3,1,1,2,0,2,2,2,0
2,7,2,1,7,18,1,1,1,1,1,1,1,1,1,5580,1,1,1,0
1,3,2,2,1,1,5,2,3,2,1,8,5,2,1,22452,1,1,3,0
2,11,2,1,8,1,5,2,3,1,1,1,1,1,1,14688,1,1,1,0
1,4,1,3,2,18,5,1,3,1,1,3,1,1,3,0,1,3,2,0
2,4,2,4,3,18,5,2,2,1,1,1,4,2,3,60000,1,3,2,0
2,1,2,1,4,18,5,2,2,1,1,1,1,1,1,29170,1,1,1,0
2,4,2,1,8,18,5,2,2,1,1,3,1,1,3,10000,1,3,2,0
1,4,3,3,1,18,5,1,2,1,1,8,2,2,3,60000,1,3,2,0
1,15,2,3,1,18,2,2,4,1,1,1,4,1,2,45636,1,1,2,0
2,2,1,2,1,6,5,3,2,1,1,1,1,2,2,936,2,2,2,0
2,14,3,3,12,18,5,1,3,2,1,3,2,1,5,2988,3,2,2,0
1,14,2,1,1,1,5,1,2,1,1,1,2,1,5,11232,3,2,2,0
2,12,2,3,1,18,5,2,3,1,1,1,4,1,3,0,1,1,1,0
1,3,2,1,1,18,2,2,1,1,1,3,1,1,1,62400,1,1,3,0
2,16,2,5,1,1,2,4,3,1,1,1,3,1,1,17628,1,1,3,1
2,3,2,1,1,18,2,2,4,1,1,1,1,1,1,0,1,1,3,0
2,6,2,1,1,10,5,1,4,1,1,8,1,2,1,3180,2,2,2,0
2,7,2,1,3,18,5,2,2,1,1,2,1,1,1,0,1,1,1,0
2,8,1,5,1,18,5,1,1,2,1,1,1,1,1,0,1,1,1,0
