Hobby,Student,FormalEducation,UndergradMajor,DevType,YearsCoding,HoursComputer,Exercise,Gender,SexualOrientation,EducationParents,RaceEthnicity,Dependents,Continent,Age,ConvertedSalary,HDI,GDP,GINI,TempTreatment
1,1,1,1,1,1,1,1,1,1,1,1,1,1,1,120000,1,1,1,0
1,1,1,2,1,2,2,1,1,1,2,1,2,1,2,250000,1,1,1,0
1,1,1,3,1,3,3,1,2,1,3,1,2,1,3,75000,1,1,1,0
2,1,2,4,1,4,3,1,1,1,1,1,1,1,4,900000,1,1,1,0
1,1,2,5,1,5,3,2,2,1,4,1,1,1,1,44000,1,1,1,0
2,1,2,1,2,4,2,1,2,1,5,1,1,1,4,60000,1,1,1,0
1,1,2,1,1,6,3,2,1,1,1,1,2,1,4,80000,1,1,1,0
1,1,2,6,1,1,2,1,1,1,6,1,1,1,4,74000,1,1,1,0
1,1,3,1,1,7,2,3,1,1,7,1,1,1,4,115000,1,1,1,0
1,1,3,6,1,4,4,3,1,1,1,1,1,1,2,70000,1,1,1,0
1,1,4,1,1,7,2,2,2,2,7,1,1,1,4,90000,1,1,1,0
1,1,2,1,1,3,2,4,1,1,5,1,2,1,2,115000,1,1,1,0
1,1,3,1,1,6,2,2,1,1,8,1,1,1,4,120000,1,1,1,0
1,1,2,7,1,8,2,4,1,1,7,1,1,1,4,36000,1,1,1,0
1,1,2,1,3,1,1,2,1,1,7,1,1,1,4,78000,1,1,1,0
1,2,1,1,1,5,2,3,1,1,6,2,1,1,1,120000,1,1,1,0
1,1,2,4,3,5,3,2,1,1,4,1,1,1,4,141625,1,1,1,0
1,1,2,1,1,1,2,4,1,1,7,1,1,1,4,120000,1,1,1,0
1,1,2,1,1,9,2,2,1,1,7,1,1,1,4,110000,1,1,1,0
1,1,2,4,4,1,2,1,1,2,6,1,1,1,4,70000,1,1,1,0
2,1,2,1,1,5,2,2,1,1,4,1,1,1,4,105000,1,1,1,0
1,1,4,1,5,5,2,4,1,1,1,1,1,1,4,105000,1,1,1,0
1,1,2,8,2,7,1,1,1,3,7,1,1,1,3,120000,1,1,1,0
1,1,4,3,1,8,3,1,1,1,2,1,1,1,1,77000,1,1,1,0
1,1,1,1,2,1,2,4,1,1,7,1,1,1,4,97000,1,1,1,0
1,1,3,6,2,5,3,1,1,1,6,1,1,1,4,125000,1,1,1,0
1,1,2,1,1,3,3,3,1,1,6,1,1,1,2,1080000,1,1,1,0
2,1,4,1,1,2,2,1,1,1,9,1,1,1,5,100000,1,1,1,0
1,1,3,9,1,5,3,3,1,1,5,3,2,1,2,60000,1,1,1,0
1,1,2,10,1,1,3,4,1,1,1,1,2,1,2,1140000,1,1,1,0
1,2,2,3,1,7,2,1,1,1,7,1,2,1,4,81000,1,1,1,0
1,1,2,4,6,4,2,1,2,2,2,1,1,1,4,65000,1,1,1,0
1,1,2,1,1,5,2,3,1,1,7,2,1,1,1,60000,1,1,1,0
1,1,2,9,1,4,2,4,1,1,1,1,2,1,4,105000,1,1,1,0
2,1,3,1,1,5,3,3,1,1,5,1,2,1,4,100000,1,1,1,0
1,2,1,6,7,4,3,3,2,1,1,1,1,1,1,2000000,1,1,1,0
1,1,3,3,8,1,2,1,1,1,8,1,1,1,4,140000,1,1,1,1
1,1,2,1,1,5,2,1,1,1,1,1,1,1,4,59500,1,1,1,0
2,1,2,6,1,4,3,4,1,1,1,1,1,1,4,72500,1,1,1,0
1,1,2,2,3,6,2,1,2,1,7,1,1,1,4,75000,1,1,1,0
1,1,3,1,9,2,3,3,1,1,7,4,1,1,5,70000,1,1,1,0
1,1,2,3,1,9,2,3,1,1,7,1,2,1,2,185000,1,1,1,0
1,1,3,4,1,4,2,4,1,1,4,2,2,1,4,125000,1,1,1,0
1,1,2,1,1,1,2,1,1,1,2,1,1,1,4,25000,1,1,1,0
2,1,2,9,3,8,3,4,1,1,5,1,1,1,1,32000,1,1,1,0
1,1,3,1,1,7,3,2,1,1,9,4,2,1,2,235000,1,1,1,0
1,1,2,1,3,1,2,4,1,1,7,1,1,1,4,125000,1,1,1,0
1,1,1,1,1,7,2,1,1,1,1,1,2,1,4,155000,1,1,1,0
2,1,5,9,4,7,3,1,2,1,7,1,2,1,2,113000,1,1,1,0
2,1,2,3,1,5,3,1,2,1,6,2,1,1,1,127000,1,1,1,0
1,1,2,1,1,4,2,2,1,1,4,1,1,1,1,47000,1,1,1,0
1,1,1,2,1,3,2,3,1,1,5,4,2,1,2,110000,1,1,1,0
1,2,4,1,2,1,3,3,1,1,7,1,1,1,1,10000,1,1,1,0
2,1,2,3,1,10,2,4,2,1,1,3,2,1,2,64000,1,1,1,0
2,1,2,1,9,1,1,4,1,1,4,1,1,1,4,90000,1,1,1,0
1,1,2,1,10,6,2,1,1,1,7,1,2,1,4,140000,1,1,1,0
1,1,3,1,1,7,3,1,1,1,7,1,1,1,2,96000,1,1,1,0
1,1,2,1,1,6,2,1,1,1,1,1,1,1,4,94600,1,1,1,0
1,1,2,1,1,5,2,4,1,3,7,1,1,1,1,105000,1,1,1,0
1,1,5,6,1,5,2,3,1,1,7,5,1,1,4,80000,1,1,1,0
1,1,2,1,1,6,2,1,1,1,7,1,1,1,4,106000,1,1,1,0
1,1,2,4,11,4,1,3,2,1,7,1,1,1,4,2000000,1,1,1,0
2,1,2,1,1,11,2,1,1,1,7,1,2,1,3,90000,1,1,1,0
1,1,3,6,1,5,2,1,1,1,1,1,2,1,4,91000,1,1,1,0
1,1,1,1,1,3,1,4,1,1,1,1,2,1,2,112000,1,1,1,0
1,1,3,1,12,3,1,4,1,1,8,5,2,1,2,120000,1,1,1,0
1,1,2,10,13,2,2,2,1,1,5,1,2,1,3,130000,1,1,1,0
1,1,1,1,1,9,2,4,1,1,7,1,2,1,2,78000,1,1,1,0
1,1,2,3,9,6,1,1,1,1,7,1,1,1,4,55000,1,1,1,0
1,1,2,3,1,1,2,4,1,1,4,1,1,1,4,75000,1,1,1,0
2,1,2,1,1,1,3,2,1,1,7,1,1,1,4,70000,1,1,1,0
1,1,2,1,3,1,2,4,1,1,4,1,1,1,1,58000,1,1,1,0
1,1,5,1,1,6,2,2,1,1,5,1,1,1,4,280000,1,1,1,0
1,1,3,3,8,4,3,4,1,1,1,1,1,1,4,53000,1,1,1,1
1,1,3,1,1,3,1,1,1,3,2,1,1,1,2,162100,1,1,1,0
1,1,2,3,1,5,2,3,1,1,5,1,1,1,4,68000,1,1,1,0
1,1,2,1,5,1,2,3,2,1,7,1,1,1,1,75000,1,1,1,0
1,1,6,1,2,1,2,1,2,2,1,1,1,1,1,684000,1,1,1,0
1,3,2,11,2,4,3,2,1,1,7,2,1,1,4,80000,1,1,1,0
2,1,2,2,6,4,3,1,1,1,8,1,1,1,4,2000000,1,1,1,0
1,1,2,1,1,1,3,4,1,1,1,1,1,1,4,2000000,1,1,1,0
1,1,2,1,1,1,2,1,1,1,7,1,1,1,4,80000,1,1,1,0
1,1,3,6,1,3,2,1,1,1,6,1,2,1,2,136500,1,1,1,0
1,1,3,10,1,3,2,1,1,1,2,1,1,1,3,110000,1,1,1,0
2,1,2,8,3,9,3,2,1,1,4,1,1,1,3,105000,1,1,1,0
2,1,2,1,13,4,1,1,1,1,2,1,1,1,4,55000,1,1,1,0
1,1,2,1,5,1,3,2,1,3,1,1,1,1,4,150150,1,1,1,0
1,1,2,7,1,8,3,1,1,1,7,1,1,1,4,63000,1,1,1,0
1,1,2,1,14,2,2,1,1,1,6,2,2,1,3,127000,1,1,1,0
1,1,2,1,1,7,2,3,1,1,1,1,2,1,2,130000,1,1,1,0
1,1,3,1,1,4,2,1,1,1,1,5,2,1,4,85000,1,1,1,0
1,1,2,1,13,5,1,1,1,1,1,1,1,1,4,175000,1,1,1,0
1,1,2,1,3,5,3,4,1,1,4,4,1,1,4,58000,1,1,1,0
1,2,1,1,11,8,3,3,1,1,2,1,1,1,1,30000,1,1,1,0
1,1,2,1,1,7,1,3,1,1,1,1,1,1,4,125000,1,1,1,0
1,1,2,10,1,3,2,1,1,1,7,6,2,1,2,200000,1,1,1,0
2,1,2,5,6,9,3,3,1,1,1,1,2,1,2,140000,1,1,1,0
1,1,2,1,1,2,2,1,1,1,1,1,1,1,5,142000,1,1,1,0
2,1,2,1,1,5,3,1,1,1,1,2,2,1,4,88000,1,1,1,0
1,2,1,1,1,4,3,1,1,1,5,4,1,1,1,2000000,1,1,1,0
2,1,2,1,3,1,3,4,1,1,1,1,1,1,1,110000,1,1,1,0
1,1,2,1,4,6,3,1,1,1,7,1,1,1,4,83000,1,1,1,0
1,1,1,12,1,7,2,3,1,1,5,1,1,1,4,72000,1,1,1,0
1,1,2,1,2,4,2,1,1,1,7,1,1,1,1,53000,1,1,1,0
1,1,2,7,1,4,3,3,2,2,7,7,1,1,4,85000,1,1,1,0
1,1,3,1,12,1,3,2,1,1,1,1,1,1,4,75000,1,1,1,0
1,1,2,1,1,1,2,1,1,1,7,1,1,1,4,72000,1,1,1,0
1,1,3,9,12,4,2,3,2,1,3,1,2,1,2,120000,1,1,1,0
2,1,2,1,1,4,2,4,1,1,1,1,1,1,1,107000,1,1,1,0
1,1,1,2,6,4,2,4,1,1,7,1,1,1,4,110000,1,1,1,0
1,1,2,7,3,8,3,3,1,1,8,1,1,1,4,85000,1,1,1,0
1,1,4,1,1,1,1,1,1,2,7,1,1,1,4,96000,1,1,1,0
1,1,1,1,1,2,2,4,1,1,2,1,2,1,2,60000,1,1,1,0
1,1,1,1,1,1,2,1,1,1,5,1,2,1,4,94000,1,1,1,0
1,2,6,1,1,1,4,1,1,1,7,6,1,1,1,6500,1,1,1,0
1,1,2,1,1,1,2,4,1,1,5,1,1,1,4,76000,1,1,1,0
1,2,2,1,2,6,2,2,1,1,1,1,1,1,4,85000,1,1,1,0
1,1,1,2,1,6,2,1,1,1,7,1,1,1,4,130000,1,1,1,0
2,3,2,1,15,5,3,3,1,1,1,1,1,1,4,95000,1,1,1,0
1,1,2,1,2,4,2,2,2,1,5,1,1,1,4,80000,1,1,1,0
1,2,1,1,2,4,3,3,1,1,4,1,1,1,1,50400,1,1,1,0
1,1,1,1,1,10,3,1,1,1,5,1,2,1,2,130000,1,1,1,0
1,1,2,1,5,6,1,1,1,1,7,1,1,1,4,141000,1,1,1,0
1,2,2,6,4,6,2,3,1,1,7,1,1,1,4,40000,1,1,1,0
2,1,2,1,1,5,2,3,1,1,7,1,1,1,4,102000,1,1,1,0
1,1,2,2,3,4,1,4,2,1,2,1,1,1,4,75000,1,1,1,0
1,1,2,9,1,5,2,1,2,1,6,2,1,1,2,130000,1,1,1,0
1,1,2,1,2,1,2,4,1,1,7,1,1,1,4,87000,1,1,1,0
1,1,5,10,4,6,2,4,2,3,6,1,1,1,2,300000,1,1,1,0
1,1,2,1,5,1,2,3,1,1,7,2,1,1,4,150000,1,1,1,0
2,1,2,1,12,10,1,3,1,1,4,4,2,1,2,132000,1,1,1,0
1,1,2,1,1,10,2,2,2,1,1,1,1,1,3,107000,1,1,1,0
1,1,2,1,1,7,3,4,1,1,2,1,2,1,2,115000,1,1,1,0
1,1,1,1,1,6,3,3,1,1,5,1,2,1,2,102000,1,1,1,0
1,1,2,3,1,7,1,4,1,1,7,2,2,1,4,122300,1,1,1,0
1,1,2,1,1,4,2,2,1,1,7,1,1,1,1,68500,1,1,1,0
1,1,2,1,1,5,3,3,1,1,1,1,1,1,1,94000,1,1,1,0
1,1,2,4,1,4,3,3,1,1,1,1,1,1,4,120000,1,1,1,0
1,1,1,8,1,2,2,1,1,1,1,1,1,1,3,170000,1,1,1,0
1,1,2,3,1,8,2,1,1,1,5,1,1,1,1,60000,1,1,1,0
1,1,2,1,1,1,2,3,1,1,6,1,1,1,1,100000,1,1,1,0
1,1,3,1,1,3,2,2,1,1,1,1,1,1,2,115000,1,1,1,0
1,1,2,10,11,8,3,1,1,4,6,1,1,1,2,52000,1,1,1,0
1,1,3,1,1,7,2,1,1,1,7,7,1,1,4,41276,1,1,1,0
1,1,1,1,1,3,3,3,1,1,1,1,1,1,2,200000,1,1,1,0
1,1,3,3,1,1,3,3,1,1,7,1,1,1,4,960000,1,1,1,0
1,1,2,1,2,4,2,1,1,1,7,1,1,1,4,120000,1,1,1,0
1,1,3,6,1,4,3,2,1,1,7,2,1,1,4,130000,1,1,1,0
1,1,2,8,1,4,2,3,1,3,2,1,1,1,4,57000,1,1,1,0
1,1,2,1,12,5,2,4,2,3,7,1,1,1,4,85000,1,1,1,0
1,1,6,1,1,2,1,1,1,1,2,1,2,1,3,92000,1,1,1,0
1,1,2,1,1,2,1,3,1,1,5,1,2,1,3,140000,1,1,1,0
1,1,2,1,1,5,2,3,2,1,1,1,1,1,4,105000,1,1,1,0
1,1,1,6,1,6,3,1,1,1,1,1,1,1,4,37000,1,1,1,0
1,1,3,6,1,7,3,4,1,1,1,5,2,1,2,94000,1,1,1,0
1,1,3,1,1,1,2,1,1,1,8,1,2,1,4,140800,1,1,1,0
1,1,2,3,1,1,2,4,1,1,2,1,1,1,4,69000,1,1,1,0
1,1,3,2,3,5,3,4,1,1,1,1,2,1,4,95000,1,1,1,0
1,1,1,12,1,7,2,1,1,1,2,1,1,1,4,78000,1,1,1,0
1,1,2,3,1,5,2,4,2,1,7,1,1,1,1,90000,1,1,1,0
1,1,2,1,1,1,1,4,1,1,1,1,2,1,2,130000,1,1,1,0
1,1,2,5,1,6,2,4,1,1,2,1,1,1,4,65000,1,1,1,0
1,1,2,1,1,1,2,2,1,1,8,1,1,1,4,95000,1,1,1,0
1,1,3,1,13,7,2,1,1,1,1,1,1,1,4,112000,1,1,1,0
1,3,1,1,5,7,3,3,1,1,6,5,1,1,4,15000,1,1,1,0
1,1,1,1,1,7,2,4,1,1,2,1,1,1,2,110000,1,1,1,0
1,2,1,10,15,5,3,3,1,1,1,1,1,1,1,10000,1,1,1,0
1,1,1,1,2,4,2,2,1,1,4,1,1,1,4,43500,1,1,1,0
1,1,6,1,16,8,5,3,1,1,6,1,1,1,1,20857,1,1,1,0
2,1,2,6,2,4,3,1,1,1,6,1,2,1,4,65000,1,1,1,0
1,1,2,7,1,2,3,3,1,1,1,1,2,1,5,154000,1,1,1,0
1,1,2,10,11,4,2,4,1,1,6,1,1,1,4,60000,1,1,1,0
1,1,1,9,10,10,3,4,1,1,7,1,2,1,2,240000,1,1,1,0
1,1,3,6,1,2,3,3,1,1,7,1,2,1,3,160000,1,1,1,0
1,1,2,3,5,5,3,4,1,4,4,1,2,1,4,143000,1,1,1,0
1,1,1,7,11,9,2,4,1,1,1,1,1,1,2,130000,1,1,1,0
1,1,2,1,1,2,2,2,1,1,1,1,1,1,5,130000,1,1,1,0
1,2,3,1,1,5,3,3,1,1,1,1,1,1,4,20000,1,1,1,0
1,1,2,4,3,8,2,3,2,1,4,3,1,1,4,70000,1,1,1,0
1,1,3,7,11,1,2,4,1,1,1,1,2,1,2,120000,1,1,1,0
1,1,2,1,1,5,2,2,1,1,2,1,1,1,4,60000,1,1,1,0
1,1,2,1,2,4,2,3,2,1,1,5,1,1,1,64000,1,1,1,0
1,1,2,7,1,8,2,3,1,1,1,5,1,1,4,74000,1,1,1,0
1,1,2,1,2,5,2,1,1,1,7,1,1,1,4,68000,1,1,1,0
1,1,2,1,17,1,2,1,1,1,7,1,1,1,4,1050000,1,1,1,0
1,2,1,1,1,4,2,2,1,1,7,1,1,1,1,40000,1,1,1,0
1,1,2,1,1,4,3,2,1,1,7,1,2,1,4,87000,1,1,1,0
1,1,2,1,1,1,3,4,1,1,1,3,2,1,2,90000,1,1,1,0
1,1,2,8,11,4,2,1,1,1,1,1,1,1,4,54000,1,1,1,0
1,1,2,1,1,7,2,3,1,1,2,1,2,1,4,135000,1,1,1,0
1,1,3,3,6,7,2,1,1,1,6,1,1,1,4,122000,1,1,1,0
1,1,2,3,1,3,1,3,1,3,7,1,2,1,4,102000,1,1,1,0
1,1,2,3,1,5,2,1,1,1,5,4,1,1,1,40000,1,1,1,0
1,1,3,9,1,6,2,4,1,1,5,1,2,1,2,139000,1,1,1,0
1,1,3,7,11,3,2,4,2,1,1,1,1,1,1,130000,1,1,1,0
1,1,1,8,1,5,2,4,1,1,1,1,1,1,4,95000,1,1,1,0
2,1,2,8,1,6,3,1,1,1,7,4,1,1,4,140000,1,1,1,0
1,1,2,1,2,1,2,2,1,1,5,1,1,1,4,80000,1,1,1,0
1,1,2,1,1,4,3,4,1,1,7,1,1,1,1,75000,1,1,1,0
1,1,3,1,1,7,2,1,1,1,7,1,2,1,4,93000,1,1,1,0
1,1,2,1,1,7,2,4,1,1,1,1,1,1,4,71000,1,1,1,0
1,1,2,1,5,7,2,1,1,1,6,1,2,1,4,160000,1,1,1,0
1,1,1,1,1,6,3,4,1,1,7,1,1,1,4,110000,1,1,1,0
1,1,4,3,1,7,2,4,1,1,1,1,2,1,2,68000,1,1,1,0
1,1,3,1,1,6,2,1,1,1,4,1,2,1,4,154000,1,1,1,0
1,1,2,1,13,4,3,2,1,1,1,5,1,1,1,72000,1,1,1,0
1,1,1,1,1,1,1,1,1,1,4,1,1,1,4,65000,1,1,1,0
2,1,2,9,1,4,3,1,2,3,8,2,1,1,2,125000,1,1,1,0
2,1,4,1,13,5,2,1,1,1,7,3,1,1,3,75000,1,1,1,0
1,1,2,1,1,4,3,4,1,1,2,1,1,1,1,60000,1,1,1,0
1,1,2,8,11,8,3,2,1,1,7,1,1,1,4,80000,1,1,1,0
1,1,2,4,2,4,3,4,1,1,7,1,1,1,4,90000,1,1,1,0
1,1,2,3,1,4,2,4,1,1,7,1,2,1,4,70000,1,1,1,0
1,2,1,1,16,4,3,3,1,2,4,1,1,1,1,30000,1,1,1,0
1,1,2,9,2,8,2,2,2,1,7,1,1,1,1,55000,1,1,1,0
1,1,2,1,3,5,2,2,1,1,7,1,1,1,4,110000,1,1,1,0
1,1,2,10,1,9,2,1,1,1,4,1,2,1,2,120000,1,1,1,0
1,2,1,1,4,4,2,4,1,1,6,1,1,1,1,50000,1,1,1,0
1,1,2,10,11,8,2,3,1,1,7,1,2,1,4,65000,1,1,1,0
1,1,2,1,1,5,2,4,2,1,4,3,1,1,4,100000,1,1,1,0
1,1,2,6,18,5,2,4,1,1,4,1,1,1,1,2000000,1,1,1,0
1,1,6,1,1,11,2,1,1,1,1,1,2,1,2,150000,1,1,1,0
1,3,2,1,1,3,2,1,1,1,2,1,1,1,2,130000,1,1,1,0
1,1,2,9,5,7,3,3,1,1,4,1,1,1,2,120000,1,1,1,0
1,1,2,1,1,7,2,4,1,1,7,1,2,1,2,105000,1,1,1,0
1,1,2,1,1,5,2,2,1,3,7,1,1,1,1,72380,1,1,1,0
1,1,2,1,1,4,3,3,1,1,7,1,1,1,1,50000,1,1,1,0
1,3,2,1,2,4,2,4,1,1,2,1,1,1,4,60000,1,1,1,0
1,1,3,10,1,3,2,2,1,1,2,1,1,1,3,130000,1,1,1,0
1,1,2,1,3,4,2,3,2,3,1,4,1,1,4,145000,1,1,1,0
1,1,2,1,1,3,2,1,1,1,7,1,2,1,4,110000,1,1,1,0
2,1,4,12,3,7,2,1,1,1,1,1,2,1,2,96000,1,1,1,0
1,1,2,1,1,6,2,2,1,1,4,3,1,1,4,79899,1,1,1,0
1,1,3,1,1,7,2,3,1,1,6,1,2,1,2,145000,1,1,1,0
1,1,1,7,5,10,3,1,1,1,6,1,1,1,3,96000,1,1,1,0
1,1,1,12,2,5,2,3,1,1,5,4,1,1,4,57500,1,1,1,0
1,1,1,1,1,5,2,4,1,1,8,1,1,1,4,72000,1,1,1,0
2,1,2,1,13,5,2,3,1,1,1,1,1,1,4,65000,1,1,1,0
1,1,7,1,1,11,2,1,1,3,1,1,1,1,2,153000,1,1,1,0
1,1,1,4,14,3,2,2,1,1,1,1,2,1,2,130000,1,1,1,0
1,1,2,1,2,5,2,2,1,1,6,6,1,1,4,2000000,1,1,1,0
2,1,1,1,2,7,3,1,1,1,7,1,2,1,2,90000,1,1,1,0
1,1,2,1,2,11,2,2,1,1,7,4,2,1,2,150000,1,1,1,0
1,1,3,1,1,5,2,3,2,1,7,5,1,1,1,115000,1,1,1,0
1,1,3,1,3,5,2,1,1,1,7,5,1,1,4,165000,1,1,1,0
1,2,1,1,1,5,3,3,1,1,6,1,1,1,1,720000,1,1,1,0
1,1,2,1,1,2,2,2,1,1,1,1,2,1,2,83000,1,1,1,0
1,1,2,1,1,5,2,3,1,1,1,1,1,1,4,125000,1,1,1,0
2,2,1,1,2,5,3,1,1,3,7,1,1,1,1,50000,1,1,1,0
1,1,2,1,2,3,2,1,1,1,6,3,1,1,3,115000,1,1,1,0
1,1,1,1,1,4,2,1,2,1,2,1,1,1,1,78000,1,1,1,0
1,1,2,1,5,4,3,3,2,1,1,6,1,1,4,140000,1,1,1,0
2,1,2,1,1,1,2,4,1,1,5,1,1,1,4,73000,1,1,1,0
1,1,2,7,3,1,3,3,1,1,1,1,2,1,2,130000,1,1,1,0
1,3,2,4,11,8,2,3,1,1,6,1,1,1,4,65000,1,1,1,0
1,1,3,1,1,1,1,1,1,1,1,4,1,1,4,48500,1,1,1,0
1,1,2,1,1,1,2,1,1,1,7,1,1,1,4,140000,1,1,1,0
2,1,2,1,2,6,2,1,1,1,7,1,1,1,2,100000,1,1,1,0
1,1,3,6,1,5,2,4,1,1,7,1,1,1,4,71250,1,1,1,0
1,1,2,1,2,9,3,1,1,1,1,1,1,1,2,150000,1,1,1,0
1,1,2,1,1,9,2,2,1,1,5,1,2,1,2,58000,1,1,1,0
1,1,2,6,12,2,2,1,1,1,5,1,1,1,3,150000,1,1,1,0
1,2,6,1,3,4,2,1,1,1,1,4,1,1,1,50000,1,1,1,0
1,1,2,6,1,3,3,3,2,1,6,4,2,1,2,1428000,1,1,1,0
1,1,2,1,1,1,3,4,1,1,1,1,1,1,4,75000,1,1,1,0
2,1,2,9,6,8,3,2,2,1,7,1,1,1,4,43000,1,1,1,0
1,1,2,1,13,2,3,1,1,1,1,1,1,1,3,186000,1,1,1,0
2,2,2,3,9,5,2,4,1,1,1,1,1,1,1,84500,1,1,1,0
1,1,2,1,1,10,2,3,1,1,1,1,1,1,4,155000,1,1,1,0
1,1,2,1,1,5,2,4,2,4,1,1,1,1,4,64400,1,1,1,0
1,1,3,1,1,9,2,4,1,1,9,1,2,1,2,110000,1,1,1,0
1,1,3,1,1,9,1,1,1,1,1,1,2,1,2,190000,1,1,1,0
1,1,2,8,3,8,3,2,1,1,7,1,1,1,4,80000,1,1,1,0
1,1,5,1,1,11,2,1,1,1,6,1,1,1,4,149000,1,1,1,0
1,1,2,1,1,1,2,1,1,1,7,6,2,1,4,75000,1,1,1,0
1,1,2,1,1,1,2,1,1,1,1,1,2,1,4,1104000,1,1,1,0
1,1,2,1,1,5,2,2,1,1,7,1,1,1,4,103000,1,1,1,0
2,1,3,1,1,1,3,1,2,1,1,1,1,1,4,105000,1,1,1,0
2,1,1,9,1,4,2,1,1,1,1,4,2,1,4,78000,1,1,1,0
1,1,2,1,5,4,3,4,1,1,1,1,2,1,2,90000,1,1,1,0
1,1,2,1,3,7,3,3,1,1,7,1,2,1,2,1200000,1,1,1,0
1,2,6,1,1,8,2,2,1,1,1,4,1,1,1,100000,1,1,1,0
2,1,3,9,1,2,3,4,1,1,7,1,2,1,3,140000,1,1,1,0
1,1,2,9,1,1,2,2,1,1,7,1,2,1,4,90000,1,1,1,0
1,1,2,1,13,6,2,4,1,1,7,1,1,1,4,78750,1,1,1,0
1,2,1,1,2,4,2,2,1,1,1,1,1,1,1,21000,1,1,1,0
1,1,2,4,8,10,1,2,1,1,6,1,1,1,4,250000,1,1,1,1
1,1,1,12,1,4,3,4,2,1,1,1,1,1,1,60000,1,1,1,0
1,1,4,6,12,6,2,2,1,1,2,1,1,1,4,57000,1,1,1,0
1,1,3,8,1,5,3,4,1,1,2,1,1,1,2,95000,1,1,1,0
1,1,2,1,1,2,2,4,1,1,4,1,2,1,2,148000,1,1,1,0
1,1,2,9,1,7,3,2,1,1,6,1,1,1,2,205000,1,1,1,0
1,1,2,3,3,6,3,4,2,2,1,1,1,1,4,107000,1,1,1,0
1,1,1,1,4,3,2,4,1,1,2,7,1,1,2,150000,1,1,1,0
1,1,2,6,3,9,2,3,1,1,7,1,2,1,5,168000,1,1,1,0
2,1,2,7,3,8,2,4,1,1,1,1,1,1,4,120000,1,1,1,0
1,1,4,7,1,4,2,2,1,1,1,1,1,1,4,45500,1,1,1,0
1,1,3,10,1,5,2,4,1,1,1,1,1,1,4,57000,1,1,1,0
1,1,1,10,1,9,2,1,2,1,7,1,2,1,3,92000,1,1,1,0
1,1,2,1,1,1,1,1,1,1,7,1,1,1,4,137000,1,1,1,0
2,1,2,1,1,5,3,1,1,1,8,1,1,1,1,65650,1,1,1,0
1,1,3,4,2,5,2,3,1,1,6,1,1,1,2,125000,1,1,1,0
1,1,2,6,1,4,3,4,1,1,7,1,1,1,1,70000,1,1,1,0
1,1,2,3,3,5,2,1,1,1,5,1,1,1,4,72000,1,1,1,0
1,1,3,9,12,1,3,3,1,1,1,1,2,1,3,99000,1,1,1,0
1,1,1,1,7,1,2,4,1,2,1,1,1,1,4,72800,1,1,1,0
1,1,2,1,1,5,2,4,1,1,2,1,1,1,4,72000,1,1,1,0
1,1,3,1,1,10,2,1,1,1,1,1,2,1,2,150000,1,1,1,0
2,1,2,1,5,4,1,3,1,1,7,1,1,1,1,2000000,1,1,1,0
2,1,3,9,3,8,2,4,1,1,7,1,1,1,2,75000,1,1,1,0
1,1,2,1,1,9,3,1,1,1,2,1,2,1,2,121000,1,1,1,0
2,1,2,1,12,1,1,2,1,2,1,4,1,1,4,103000,1,1,1,0
1,1,2,1,1,6,1,3,1,1,8,1,1,1,4,100000,1,1,1,0
1,2,2,1,2,6,3,3,1,1,5,1,1,1,1,130000,1,1,1,0
1,1,2,7,3,4,3,2,1,1,5,1,1,1,4,150000,1,1,1,0
1,1,2,1,1,3,2,3,1,1,1,1,1,1,2,176000,1,1,1,0
1,1,2,1,3,5,3,3,1,1,1,1,1,1,4,181000,1,1,1,0
1,1,2,4,2,8,3,3,1,1,1,1,1,1,4,60000,1,1,1,0
1,1,3,1,2,4,2,4,1,1,7,1,1,1,2,95000,1,1,1,0
1,1,1,12,8,2,2,1,1,1,4,1,1,1,3,106000,1,1,1,1
1,1,5,1,4,7,2,4,1,1,1,1,1,1,4,135000,1,1,1,0
1,1,2,1,4,3,2,4,1,1,8,1,1,1,4,115000,1,1,1,0
1,1,3,9,1,5,3,4,1,1,4,1,2,1,4,156000,1,1,1,0
1,1,3,1,1,3,1,3,1,1,4,1,2,1,2,120000,1,1,1,0
1,3,2,1,5,1,2,3,1,1,4,1,1,1,4,87500,1,1,1,0
1,1,6,2,1,3,3,4,1,1,3,1,1,1,1,125000,1,1,1,0
1,1,5,9,11,7,2,3,1,1,6,1,1,1,4,125000,1,1,1,0
1,1,2,3,5,3,3,2,1,1,1,1,1,1,2,160000,1,1,1,0
1,2,2,1,8,4,2,4,2,1,7,1,1,1,4,73000,1,1,1,1
1,1,2,6,18,3,2,4,1,1,8,1,1,1,4,116000,1,1,1,0
1,1,2,1,1,6,3,1,1,1,5,1,1,1,1,125000,1,1,1,0
2,1,3,1,1,6,3,1,1,1,2,1,1,1,4,117000,1,1,1,0
1,1,6,1,1,1,3,4,1,1,2,1,2,1,2,64084,1,1,1,0
1,1,2,1,1,4,2,4,1,1,7,2,1,1,4,85000,1,1,1,0
1,1,1,12,1,4,2,2,1,1,1,1,1,1,1,50000,1,1,1,0
1,1,2,3,1,4,3,1,1,1,7,1,1,1,1,61500,1,1,1,0
1,1,2,9,13,2,2,3,1,1,7,1,1,1,3,220000,1,1,1,0
1,1,3,7,4,6,3,4,1,1,7,1,1,1,4,117600,1,1,1,0
2,1,3,1,6,2,2,3,1,1,7,1,2,1,5,125000,1,1,1,0
1,1,2,1,1,5,2,2,1,1,4,4,1,1,1,55560,1,1,1,0
1,1,3,6,1,4,2,2,1,1,7,1,1,1,4,87000,1,1,1,0
1,1,2,7,2,8,2,4,2,1,1,1,1,1,4,70000,1,1,1,0
1,1,2,1,1,6,3,1,1,1,5,1,2,1,4,120000,1,1,1,0
1,1,2,2,6,4,2,1,1,3,1,7,1,1,4,34000,1,1,1,0
2,1,2,1,1,6,3,3,2,1,2,4,1,1,4,140000,1,1,1,0
1,1,3,9,5,9,2,2,1,1,1,4,2,1,4,250000,1,1,1,0
1,1,2,1,13,6,2,1,1,1,7,1,2,1,4,70000,1,1,1,0
1,1,2,1,2,5,3,1,1,1,1,1,1,1,1,70000,1,1,1,0
1,1,3,1,4,1,1,1,1,1,1,1,1,1,4,80000,1,1,1,0
2,1,2,3,4,5,3,3,1,1,1,1,2,1,4,92000,1,1,1,0
2,1,3,10,1,5,2,2,1,1,5,1,1,1,4,125000,1,1,1,0
1,1,2,10,1,9,3,1,1,1,7,1,2,1,2,126000,1,1,1,0
1,1,3,9,10,3,2,4,1,1,4,1,1,1,3,125000,1,1,1,0
1,3,2,1,1,5,2,4,1,1,6,1,1,1,4,55000,1,1,1,0
1,1,2,2,3,3,3,4,1,1,1,1,2,1,2,118000,1,1,1,0
2,1,2,1,1,5,1,1,1,4,6,4,1,1,4,36000,1,1,1,0
2,3,3,1,1,2,2,4,1,1,6,1,1,1,5,110000,1,1,1,0
1,1,2,1,1,1,1,2,1,1,1,1,1,1,1,165000,1,1,1,0
1,1,3,10,6,4,2,4,1,1,8,1,2,1,4,60000,1,1,1,0
1,1,2,6,5,1,3,1,1,1,6,1,2,1,4,125000,1,1,1,0
1,1,4,3,1,4,2,4,1,1,5,1,1,1,4,27050,1,1,1,0
1,3,3,1,1,10,1,1,1,1,5,1,2,1,2,87000,1,1,1,0
1,1,3,9,1,4,3,2,1,1,8,1,1,1,4,100000,1,1,1,0
2,1,2,1,1,5,2,4,2,1,7,1,1,1,1,72500,1,1,1,0
2,1,3,1,3,7,2,1,1,1,5,2,1,1,2,90000,1,1,1,0
2,1,2,1,1,6,3,4,1,1,5,1,2,1,2,98000,1,1,1,0
1,1,2,1,3,4,2,2,1,1,1,1,1,1,1,58000,1,1,1,0
2,1,2,4,12,9,2,1,2,2,2,1,2,1,4,85000,1,1,1,0
1,1,2,1,4,4,2,4,1,1,7,1,1,1,1,75000,1,1,1,0
1,1,1,10,1,11,2,3,1,1,1,1,1,1,2,100000,1,1,1,0
2,1,3,3,1,3,2,1,1,1,2,1,1,1,4,89000,1,1,1,0
1,1,2,5,14,3,3,1,1,1,1,1,2,1,2,110000,1,1,1,0
1,1,4,2,1,6,2,4,1,1,7,1,1,1,4,52000,1,1,1,0
1,1,3,1,1,6,1,3,1,1,1,1,2,1,4,110000,1,1,1,0
1,1,1,3,3,4,2,3,2,1,1,3,1,1,4,27000,1,1,1,0
1,1,3,1,2,4,3,1,1,1,5,1,2,1,4,93000,1,1,1,0
1,1,2,1,18,1,2,4,1,1,1,1,1,1,1,69000,1,1,1,0
1,1,4,1,1,6,2,3,2,4,1,6,1,1,1,130000,1,1,1,0
1,1,2,6,2,6,3,3,1,1,1,1,1,1,4,145000,1,1,1,0
1,1,2,1,1,6,3,4,1,1,1,1,1,1,4,52000,1,1,1,0
1,1,1,3,1,11,3,1,1,1,2,1,2,1,2,150000,1,1,1,0
1,1,6,1,1,3,1,1,1,1,1,1,2,1,4,135000,1,1,1,0
1,1,2,1,1,7,2,2,1,1,7,1,1,1,4,95000,1,1,1,0
1,2,4,3,1,4,2,1,2,1,1,1,2,1,1,51750,1,1,1,0
1,1,3,1,4,6,3,4,1,1,1,6,1,1,2,145000,1,1,1,0
1,1,6,1,1,9,2,1,1,1,7,1,1,1,4,120000,1,1,1,0
2,1,2,3,1,3,3,1,2,1,5,1,2,1,2,165000,1,1,1,0
1,1,2,1,1,5,3,1,1,1,1,1,1,1,4,72000,1,1,1,0
1,1,2,1,12,4,3,4,1,1,1,1,1,1,4,78000,1,1,1,0
1,1,2,1,13,1,3,1,1,1,2,1,1,1,4,83000,1,1,1,0
1,1,2,9,12,3,2,4,2,1,2,1,2,1,2,90000,1,1,1,0
1,1,2,1,1,2,2,2,1,1,2,1,2,1,5,120000,1,1,1,0
1,1,1,2,1,3,4,1,1,1,7,1,2,1,2,74000,1,1,1,0
1,1,2,1,12,7,3,3,1,1,6,5,2,1,4,130000,1,1,1,0
1,1,2,1,1,2,2,2,1,1,1,1,1,1,5,252000,1,1,1,0
2,1,2,1,14,1,2,4,1,1,4,1,2,1,4,90000,1,1,1,0
2,1,2,1,1,7,2,4,1,1,5,4,1,1,2,80370,1,1,1,0
1,1,6,3,6,2,2,1,1,1,1,1,1,1,3,192500,1,1,1,0
1,1,3,1,1,6,1,4,1,1,1,1,1,1,4,200000,1,1,1,0
1,1,3,1,10,6,1,1,1,1,1,4,2,1,4,275000,1,1,1,0
2,1,5,10,2,2,2,3,1,1,1,1,2,1,5,145000,1,1,1,0
1,1,1,12,1,3,2,1,1,1,7,1,1,1,4,121000,1,1,1,0
1,1,2,1,13,5,2,1,1,1,5,1,1,1,4,90000,1,1,1,0
1,1,2,1,3,5,2,2,1,1,1,1,1,1,4,90000,1,1,1,0
1,1,2,1,1,7,3,1,1,1,5,1,1,1,4,150000,1,1,1,0
1,1,2,1,2,4,3,4,1,1,1,1,1,1,1,60000,1,1,1,0
2,1,3,1,1,6,3,1,1,1,5,1,2,1,2,840000,1,1,1,0
2,1,2,1,1,10,2,3,1,1,8,1,2,1,2,205000,1,1,1,0
1,1,2,1,1,4,3,4,1,1,7,1,1,1,1,70000,1,1,1,0
2,1,5,7,1,10,2,3,1,1,8,1,1,1,3,165000,1,1,1,0
1,1,2,1,8,2,3,1,1,1,5,1,2,1,3,90000,1,1,1,1
1,2,3,9,1,4,2,4,1,1,6,3,1,1,4,120000,1,1,1,0
1,1,2,1,1,1,2,1,1,1,2,1,1,1,6,90000,1,1,1,0
1,1,2,9,2,8,3,2,1,1,6,1,1,1,4,100000,1,1,1,0
2,1,2,3,1,3,3,3,1,1,2,1,2,1,2,125000,1,1,1,0
1,1,2,1,1,1,1,4,2,2,5,1,1,1,4,85000,1,1,1,0
1,3,2,1,1,4,2,1,1,1,5,1,1,1,4,56000,1,1,1,0
1,1,2,1,1,4,1,1,2,1,7,1,1,1,4,65000,1,1,1,0
2,1,5,6,1,2,3,3,1,1,6,1,1,1,5,137000,1,1,1,0
1,1,2,1,1,7,2,4,1,1,4,1,1,1,4,76553,1,1,1,0
1,1,2,1,2,3,2,3,1,1,6,1,1,1,2,160000,1,1,1,0
2,1,2,4,1,8,2,4,2,2,1,1,1,1,4,70000,1,1,1,0
1,1,2,1,1,5,2,1,1,1,7,1,1,1,4,79000,1,1,1,0
1,1,2,1,2,5,2,4,1,1,7,5,1,1,4,100000,1,1,1,0
1,1,3,1,1,5,2,4,1,1,1,5,1,1,1,109100,1,1,1,0
1,1,2,1,1,2,2,2,1,1,8,1,2,1,3,150000,1,1,1,0
2,1,2,1,13,1,2,4,1,1,4,1,1,1,4,74000,1,1,1,0
2,1,3,1,1,5,3,3,1,1,5,5,1,1,4,145000,1,1,1,0
1,1,2,1,2,4,3,2,2,1,7,1,1,1,1,77000,1,1,1,0
1,1,2,1,1,3,2,3,1,1,1,1,1,1,2,34700,1,1,1,0
1,1,2,3,12,1,2,4,1,1,4,1,1,1,2,78000,1,1,1,0
2,1,2,3,2,4,2,4,1,1,7,1,1,1,4,110000,1,1,1,0
1,1,2,1,1,1,3,1,1,1,8,6,2,1,1,125000,1,1,1,0
2,1,2,1,1,7,2,4,1,1,1,7,1,1,4,135000,1,1,1,0
1,1,2,8,15,7,3,1,1,1,4,1,2,1,2,150000,1,1,1,0
1,1,1,1,1,2,2,3,1,1,9,1,1,1,5,170000,1,1,1,0
1,1,5,10,4,10,2,2,1,1,9,1,2,1,3,200000,1,1,1,0
1,1,2,1,1,9,2,1,1,1,7,1,2,1,2,92000,1,1,1,0
1,1,2,1,1,5,2,3,1,1,4,1,1,1,1,1440,1,1,1,0
2,1,3,1,1,6,2,4,1,1,6,4,1,1,4,190000,1,1,1,0
1,1,2,1,1,3,1,1,2,1,1,1,1,1,2,68000,1,1,1,0
1,1,2,7,1,5,2,2,2,1,8,1,1,1,4,76000,1,1,1,0
1,1,2,1,1,6,2,3,1,1,5,1,1,1,2,200000,1,1,1,0
1,1,4,5,1,6,2,3,1,1,5,1,2,1,2,135000,1,1,1,0
1,1,4,3,1,1,2,1,1,1,2,1,2,1,4,100000,1,1,1,0
1,1,2,1,1,7,3,1,1,1,7,1,2,1,2,105000,1,1,1,0
1,1,3,10,1,6,3,3,1,1,7,1,2,1,4,140000,1,1,1,0
1,2,1,1,16,8,3,1,1,1,7,1,1,1,4,30000,1,1,1,0
1,1,1,1,1,9,1,4,2,1,2,1,1,1,2,90000,1,1,1,0
2,1,3,1,2,5,2,3,1,1,4,1,1,1,4,75000,1,1,1,0
1,1,2,7,10,2,3,2,1,1,1,1,2,1,2,125000,1,1,1,0
1,1,2,1,1,1,2,4,1,1,5,1,1,1,4,170000,1,1,1,0
1,1,2,3,1,1,2,3,1,1,2,1,1,1,4,110000,1,1,1,0
1,1,1,8,1,3,2,3,1,1,7,1,1,1,4,115000,1,1,1,0
1,1,2,1,1,5,3,4,1,1,8,1,1,1,1,900000,1,1,1,0
1,1,2,1,1,1,2,1,1,1,1,1,1,1,4,101000,1,1,1,0
1,1,2,1,18,1,2,4,1,1,1,1,1,1,4,100000,1,1,1,0
1,1,2,1,1,3,2,4,1,1,1,1,1,1,4,140000,1,1,1,0
1,1,3,3,1,1,2,3,1,1,1,1,1,1,4,125000,1,1,1,0
2,1,3,1,11,6,2,1,1,2,8,1,1,1,4,150000,1,1,1,0
1,1,3,1,1,1,3,1,1,1,1,1,2,1,2,170000,1,1,1,0
1,1,2,10,11,5,2,2,1,1,1,1,2,1,4,60000,1,1,1,0
1,1,3,1,1,10,2,3,1,1,5,1,1,1,2,110000,1,1,1,0
1,1,3,1,11,10,2,1,1,1,5,1,2,1,4,105000,1,1,1,0
1,1,4,3,1,1,2,1,1,1,3,1,2,1,4,112000,1,1,1,0
1,1,2,1,2,5,2,1,2,1,8,1,1,1,4,60000,1,1,1,0
2,2,2,1,1,8,3,3,1,1,7,5,1,1,4,70000,1,1,1,0
2,1,2,1,1,5,2,4,1,1,7,1,1,1,4,55000,1,1,1,0
1,1,3,10,6,1,2,2,2,1,1,1,1,1,4,92000,1,1,1,0
1,1,2,1,1,6,3,2,1,1,1,1,2,1,4,125000,1,1,1,0
1,1,2,1,1,4,3,1,1,1,5,1,1,1,4,47000,1,1,1,0
2,1,2,5,3,5,3,1,1,1,4,1,1,1,1,75000,1,1,1,0
2,1,2,3,2,4,2,3,2,1,1,1,1,1,1,70000,1,1,1,0
1,1,2,4,1,4,2,4,1,1,1,1,2,1,4,54000,1,1,1,0
1,1,2,3,1,5,2,4,1,1,7,1,1,1,4,110000,1,1,1,0
1,1,3,1,13,7,2,4,1,1,1,1,2,1,4,155000,1,1,1,0
2,1,5,9,1,2,2,4,1,1,7,1,1,1,5,180000,1,1,1,0
1,1,2,1,1,7,2,1,1,1,6,1,2,1,4,100000,1,1,1,0
2,1,3,4,11,4,2,3,2,1,1,1,1,1,4,48000,1,1,1,0
1,1,1,12,1,6,2,2,1,1,7,1,1,1,1,42000,1,1,1,0
1,1,2,3,1,1,3,4,1,1,7,1,2,1,4,100000,1,1,1,0
1,1,3,1,1,5,2,1,1,1,4,5,1,1,4,97000,1,1,1,0
1,1,2,1,13,9,2,4,1,1,2,1,2,1,2,75000,1,1,1,0
1,1,2,2,6,2,2,1,1,1,7,1,2,1,2,75000,1,1,1,0
1,1,2,1,1,5,3,4,1,1,9,1,1,1,4,2000000,1,1,1,0
2,1,3,1,1,5,2,3,1,1,7,1,2,1,4,55000,1,1,1,0
1,1,2,1,13,5,2,3,2,4,1,1,1,1,4,125000,1,1,1,0
1,1,3,1,12,4,1,3,2,1,7,1,1,1,1,160000,1,1,1,0
1,1,2,1,12,8,1,1,1,1,9,4,1,1,1,50000,1,1,1,0
1,1,2,6,3,8,2,3,1,1,7,1,1,1,4,78000,1,1,1,0
1,1,3,1,1,1,3,4,1,1,1,5,1,1,4,160000,1,1,1,0
1,1,3,1,1,1,3,1,1,1,7,5,2,1,4,170000,1,1,1,0
2,2,2,1,1,5,3,2,1,1,1,1,1,1,4,2000000,1,1,1,0
2,3,2,1,1,2,3,4,1,1,1,1,2,1,3,118000,1,1,1,0
1,1,5,9,4,9,2,4,1,1,2,1,1,1,2,145000,1,1,1,0
2,1,2,2,3,9,2,4,2,1,7,1,1,1,2,120000,1,1,1,0
1,2,4,1,7,4,2,1,1,1,7,1,1,1,1,27000,1,1,1,0
1,1,2,6,1,5,3,3,1,1,2,1,2,1,2,80000,1,1,1,0
1,1,4,1,1,4,2,2,1,1,5,4,1,1,2,50000,1,1,1,0
1,1,2,1,18,5,2,3,1,1,4,1,1,1,4,87000,1,1,1,0
1,1,2,3,1,6,3,4,1,1,7,1,2,1,2,120000,1,1,1,0
2,1,2,1,1,6,2,1,1,1,6,1,1,1,4,85000,1,1,1,0
2,2,3,1,2,5,2,3,1,1,1,1,1,1,4,105000,1,1,1,0
1,1,2,1,1,5,3,4,1,1,1,1,1,1,1,118280,1,1,1,0
1,1,2,1,3,6,2,4,1,1,7,1,1,1,4,66000,1,1,1,0
2,1,2,1,1,5,3,1,1,1,6,6,1,1,1,91000,1,1,1,0
1,2,4,1,1,4,2,1,1,1,1,1,2,1,4,60000,1,1,1,0
1,1,1,1,1,2,1,1,1,2,7,1,1,1,3,156000,1,1,1,0
1,1,2,1,1,7,3,1,1,1,2,1,2,1,4,100000,1,1,1,0
1,1,2,1,18,6,2,4,1,2,8,1,1,1,1,99996,1,1,1,0
2,1,2,7,1,8,2,2,2,3,1,1,1,1,4,57000,1,1,1,0
1,1,2,1,9,5,2,2,1,1,7,1,1,1,4,600000,1,1,1,0
1,1,2,12,1,4,2,1,1,1,2,1,1,1,4,125000,1,1,1,0
1,3,2,10,11,4,3,4,1,1,4,5,1,1,4,72000,1,1,1,0
1,1,3,1,2,6,1,2,1,1,1,1,1,1,4,150000,1,1,1,0
1,1,2,1,1,4,3,3,1,1,1,1,1,1,1,66000,1,1,1,0
1,1,2,4,11,8,2,3,1,1,8,6,1,1,1,53000,1,1,1,0
1,1,1,4,1,4,3,4,1,1,1,1,1,1,4,200000,1,1,1,0
1,1,2,1,1,6,2,1,1,1,6,1,1,1,2,70000,1,1,1,0
1,1,2,6,1,4,1,1,1,1,6,2,1,1,1,150000,1,1,1,0
1,1,2,1,1,2,3,1,1,1,1,1,1,1,5,90000,1,1,1,0
1,1,1,1,1,6,3,4,1,1,5,1,2,1,4,110000,1,1,1,0
2,1,2,2,6,5,2,2,2,1,7,1,1,1,4,49000,1,1,1,0
2,3,2,3,6,4,3,1,1,1,7,1,1,1,1,34000,1,1,1,0
1,1,3,1,11,6,3,3,1,1,7,1,1,1,2,135000,1,1,1,0
2,1,3,4,1,4,3,3,1,1,7,1,1,1,4,90000,1,1,1,0
1,1,2,1,1,5,2,1,1,1,1,1,1,1,1,100000,1,1,1,0
1,1,3,4,6,4,3,2,2,1,6,4,2,1,3,60000,1,1,1,0
1,1,2,4,1,4,2,4,1,1,1,1,1,1,4,80000,1,1,1,0
1,2,4,1,1,5,2,2,1,1,5,1,1,1,4,50000,1,1,1,0
1,1,2,6,5,5,2,3,1,1,7,1,1,1,4,100000,1,1,1,0
1,1,2,1,14,3,2,1,1,1,2,1,2,1,4,128000,1,1,1,0
2,1,3,6,1,5,3,2,1,1,1,1,2,1,2,95000,1,1,1,0
1,2,1,1,1,4,3,3,1,1,4,4,1,1,1,10000,1,1,1,0
2,1,3,1,3,3,3,3,1,1,6,1,1,1,4,1850000,1,1,1,0
1,2,5,1,1,5,1,2,1,1,5,1,1,1,4,250000,1,1,1,0
1,1,3,1,1,6,3,4,1,1,8,1,2,1,4,125000,1,1,1,0
1,1,2,1,2,1,2,4,1,1,7,1,1,1,4,150000,1,1,1,0
1,1,6,1,1,5,2,4,1,1,3,4,1,1,4,83200,1,1,1,0
1,1,4,3,1,9,3,1,1,1,1,1,1,1,5,96000,1,1,1,0
1,1,2,2,13,7,4,4,1,1,7,1,1,1,5,120000,1,1,1,0
1,1,2,6,13,10,2,4,1,1,7,1,1,1,2,130000,1,1,1,0
1,3,2,1,3,1,3,1,1,1,1,1,1,1,4,95000,1,1,1,0
1,1,2,2,6,7,3,1,1,1,7,1,2,1,2,62000,1,1,1,0
1,1,4,2,1,8,2,1,1,2,2,1,1,1,4,45000,1,1,1,0
1,1,3,6,4,9,3,3,1,1,7,4,1,1,3,160000,1,1,1,0
1,1,3,6,1,1,3,4,1,1,3,5,2,1,4,126000,1,1,1,0
2,1,2,1,1,5,2,2,1,1,7,1,1,1,4,96000,1,1,1,0
1,2,4,1,1,1,2,3,1,1,7,1,1,1,4,100000,1,1,1,0
2,1,2,1,2,4,3,4,2,2,1,1,1,1,4,78000,1,1,1,0
1,1,1,1,1,11,2,1,1,1,7,1,2,1,2,115000,1,1,1,0
1,1,3,4,11,5,2,1,2,2,8,1,1,1,4,102500,1,1,1,0
2,1,2,1,15,4,2,2,2,1,7,1,1,1,1,100000,1,1,1,0
1,2,1,1,16,4,3,3,1,1,1,1,1,1,1,80000,1,1,1,0
1,1,2,1,1,2,2,3,1,1,7,1,2,1,3,120000,1,1,1,0
1,1,2,1,13,6,2,4,1,1,2,1,1,1,4,80700,1,1,1,0
1,1,5,9,2,3,3,3,1,1,6,1,1,1,3,85000,1,1,1,0
1,1,2,1,13,2,2,4,1,1,1,1,1,1,5,80000,1,1,1,0
2,1,2,1,5,6,3,1,1,1,3,1,1,1,4,110000,1,1,1,0
1,1,2,1,13,9,2,4,1,1,1,1,2,1,2,165000,1,1,1,0
1,1,3,6,1,6,2,4,1,1,1,1,1,1,4,115000,1,1,1,0
1,1,2,4,2,1,2,4,1,1,7,1,2,1,3,70000,1,1,1,0
1,1,2,6,2,7,3,1,2,2,7,1,2,1,4,100000,1,1,1,0
1,1,2,1,1,5,2,1,1,1,7,1,1,1,4,80000,1,1,1,0
1,1,3,1,1,1,2,4,1,1,1,1,1,1,4,85000,1,1,1,0
1,1,2,1,1,5,3,3,1,1,1,1,1,1,4,50000,1,1,1,0
1,2,1,3,16,7,2,4,1,2,7,1,1,1,4,39000,1,1,1,0
1,1,2,1,2,1,2,1,1,1,7,1,1,1,4,85000,1,1,1,0
1,1,2,1,1,5,3,1,1,1,7,1,1,1,4,78000,1,1,1,0
1,1,2,1,2,5,2,4,2,1,1,1,1,1,4,90000,1,1,1,0
2,1,2,1,5,4,3,4,2,1,8,1,1,1,2,125000,1,1,1,0
2,1,2,1,1,5,2,3,2,1,5,1,1,1,2,142000,1,1,1,0
1,1,2,1,14,6,2,4,1,1,7,1,1,1,4,92000,1,1,1,0
1,2,1,1,1,1,2,1,1,1,7,1,1,1,1,15500,1,1,1,0
1,1,2,4,13,9,2,2,2,1,7,1,2,1,2,130000,1,1,1,0
1,1,2,1,12,2,2,3,1,1,5,1,2,1,3,120000,1,1,1,0
1,1,2,1,3,4,3,4,1,1,1,2,1,1,1,48000,1,1,1,0
1,1,2,1,1,9,2,1,2,2,8,1,1,1,4,110000,1,1,1,0
1,1,5,1,10,3,2,2,1,1,1,1,2,1,2,135000,1,1,1,0
1,1,2,1,1,1,2,4,1,1,8,1,1,1,4,105000,1,1,1,0
1,1,2,3,1,3,1,4,1,1,5,1,1,1,4,88164,1,1,1,0
1,1,4,1,10,5,1,1,1,3,4,1,2,1,4,115000,1,1,1,0
1,1,1,1,1,5,2,1,1,1,2,1,2,1,2,140000,1,1,1,0
1,1,2,2,2,8,2,3,1,1,7,1,1,1,4,50000,1,1,1,0
2,1,2,1,1,3,3,4,1,1,1,1,1,1,3,139000,1,1,1,0
1,1,2,1,1,1,2,1,1,1,1,1,1,1,4,130000,1,1,1,0
1,1,2,1,1,5,2,4,1,1,7,4,1,1,4,50700,1,1,1,0
2,1,1,1,1,1,2,3,1,1,6,1,1,1,4,82000,1,1,1,0
1,1,2,3,1,6,1,3,1,1,1,1,1,1,4,140000,1,1,1,0
1,1,2,9,1,3,2,2,1,1,1,1,1,1,2,112000,1,1,1,0
1,1,2,1,1,6,2,1,1,1,7,1,1,1,4,88863,1,1,1,0
1,2,6,1,18,5,2,2,1,1,7,1,1,1,1,36000,1,1,1,0
1,1,1,4,1,5,3,4,1,1,3,1,2,1,2,2000000,1,1,1,0
1,1,2,1,1,1,2,4,1,1,8,4,1,1,4,142000,1,1,1,0
1,1,3,3,2,7,3,1,1,1,7,5,2,1,2,100568,1,1,1,0
1,1,2,6,1,3,2,4,1,1,7,1,1,1,4,1140000,1,1,1,0
2,2,2,1,1,1,3,3,1,1,7,5,1,1,4,150000,1,1,1,0
1,1,2,1,1,6,2,1,1,1,9,4,1,1,4,95000,1,1,1,0
2,1,2,1,2,3,2,4,1,1,5,1,2,1,2,132000,1,1,1,0
1,1,3,1,5,4,2,2,2,3,8,1,1,1,4,82000,1,1,1,0
2,1,3,1,1,1,3,3,2,1,7,4,1,1,4,140000,1,1,1,0
1,1,2,3,5,1,3,4,1,1,1,1,2,1,4,85000,1,1,1,0
1,1,3,8,1,1,2,3,1,1,1,1,1,1,4,175000,1,1,1,0
1,1,3,1,1,5,2,3,1,1,1,1,1,1,4,300000,1,1,1,0
1,1,2,3,2,5,1,4,1,1,2,1,1,1,4,57500,1,1,1,0
2,2,1,3,16,4,3,1,1,1,9,2,1,1,1,20000,1,1,1,0
1,1,2,3,2,6,3,1,1,1,1,1,1,1,4,120000,1,1,1,0
1,1,2,1,5,3,3,2,1,1,5,1,1,1,2,105000,1,1,1,0
1,1,2,1,5,4,3,1,1,1,2,1,1,1,1,85000,1,1,1,0
2,1,2,1,1,1,2,1,1,1,7,1,1,1,4,81708,1,1,1,0
2,1,2,6,6,4,3,4,1,1,7,1,2,1,4,73600,1,1,1,0
1,1,2,1,2,9,2,1,1,1,2,1,2,1,2,132000,1,1,1,0
1,1,2,1,5,4,2,4,1,1,1,3,1,1,1,110000,1,1,1,0
1,1,2,1,1,11,2,4,1,1,6,1,2,1,2,100000,1,1,1,0
1,1,2,1,1,6,3,4,1,1,2,1,2,1,4,85000,1,1,1,0
1,1,2,1,1,5,1,2,1,1,1,5,1,1,4,120000,1,1,1,0
1,1,2,1,1,5,3,2,1,1,5,1,2,1,4,57000,1,1,1,0
1,1,2,1,1,3,3,3,1,1,8,1,2,1,2,145000,1,1,1,0
1,1,3,9,1,5,3,3,1,3,2,2,1,1,4,100000,1,1,1,0
1,1,3,6,18,8,3,3,1,4,1,2,1,1,3,130000,1,1,1,0
1,1,2,6,1,5,3,4,1,1,4,1,2,1,4,110000,1,1,1,0
1,1,4,1,1,5,2,3,1,1,2,1,2,1,4,80000,1,1,1,0
1,1,5,9,1,10,2,2,1,1,1,1,2,1,2,152000,1,1,1,0
1,1,2,3,1,6,2,3,1,1,2,1,2,1,4,122900,1,1,1,0
2,1,1,4,1,4,3,1,2,2,1,1,1,1,4,58241,1,1,1,0
2,1,2,1,1,2,2,3,1,1,1,1,2,1,2,150000,1,1,1,0
1,1,3,7,1,3,2,2,1,1,1,1,2,1,3,100000,1,1,1,0
1,1,2,1,12,1,2,2,1,1,6,1,1,1,1,100000,1,1,1,0
1,1,2,1,2,5,2,4,1,2,1,1,1,1,1,50000,1,1,1,0
1,1,1,5,1,3,1,1,1,1,1,1,1,1,2,85000,1,1,1,0
1,1,1,1,1,4,2,2,1,1,7,1,1,1,4,525000,1,1,1,0
1,1,3,1,17,5,2,4,1,1,7,6,1,1,4,65000,1,1,1,0
1,1,2,1,1,3,2,2,1,1,6,1,2,1,2,152000,1,1,1,0
2,2,3,9,1,11,3,4,1,1,1,2,2,1,2,135000,1,1,1,0
1,1,2,1,1,6,3,3,1,1,7,1,2,1,4,100500,1,1,1,0
1,1,2,6,1,1,1,1,2,1,5,1,1,1,4,80000,1,1,1,0
1,1,2,3,1,7,2,3,1,1,7,4,2,1,2,155000,1,1,1,0
1,1,2,10,1,6,2,1,1,1,1,1,2,1,4,156000,1,1,1,0
1,1,2,1,1,6,3,3,2,1,5,3,1,1,4,85000,1,1,1,0
1,1,2,1,1,6,2,3,1,1,6,1,1,1,4,140000,1,1,1,0
1,1,2,1,5,1,2,1,1,1,7,1,1,1,4,160000,1,1,1,0
1,1,2,4,1,1,2,2,2,2,1,1,1,1,4,144500,1,1,1,0
1,1,1,1,1,6,3,1,1,3,5,1,1,1,2,136000,1,1,1,0
1,3,4,3,1,5,2,1,1,1,6,6,1,1,1,60000,1,1,1,0
1,1,2,7,1,2,2,2,1,1,7,1,1,1,7,90000,1,1,1,0
2,1,2,1,1,9,3,4,1,1,8,1,2,1,2,155000,1,1,1,0
1,1,5,9,1,6,2,1,1,1,7,1,2,1,4,140000,1,1,1,0
1,1,3,7,12,3,1,2,2,3,9,1,2,1,5,121000,1,1,1,0
1,1,6,10,2,1,2,1,1,1,4,1,1,1,1,45000,1,1,1,0
1,1,2,1,12,5,2,3,1,1,6,1,2,1,2,65000,1,1,1,0
1,3,5,7,12,8,2,3,1,1,1,1,2,1,4,100000,1,1,1,0
1,1,2,6,1,5,2,1,1,1,7,1,1,1,4,142000,1,1,1,0
1,1,3,1,1,3,2,3,1,1,2,1,2,1,2,130000,1,1,1,0
1,1,2,1,1,5,1,3,1,1,4,1,1,1,1,64000,1,1,1,0
1,1,2,1,1,1,1,3,1,1,7,1,1,1,4,125000,1,1,1,0
1,1,3,1,1,7,2,2,2,2,6,1,2,1,4,108000,1,1,1,0
1,1,2,1,5,6,2,4,1,1,1,1,1,1,4,130000,1,1,1,0
1,1,1,1,1,2,2,1,1,1,7,1,2,1,3,135000,1,1,1,0
2,1,2,1,12,4,2,3,1,1,6,1,1,1,1,107000,1,1,1,0
2,1,2,4,1,4,2,3,1,1,5,1,2,1,4,100000,1,1,1,0
2,1,2,1,1,5,2,4,1,1,1,1,1,1,4,73000,1,1,1,0
1,1,3,1,14,10,3,1,2,3,6,1,2,1,2,155000,1,1,1,0
1,1,2,3,13,7,2,1,1,1,7,1,1,1,2,126000,1,1,1,0
1,1,2,1,13,3,1,2,1,1,7,1,2,1,2,62000,1,1,1,0
1,1,2,1,1,6,2,3,1,1,7,4,1,1,2,123000,1,1,1,0
1,1,2,6,1,9,3,1,1,1,7,1,2,1,3,125000,1,1,1,0
1,2,2,1,15,6,2,1,1,1,1,1,1,1,1,14400,1,1,1,0
1,1,3,1,13,7,3,1,1,1,5,1,2,1,4,125000,1,1,1,0
1,3,1,1,6,4,2,1,1,1,2,1,2,1,2,80000,1,1,1,0
1,1,4,3,3,6,3,1,1,1,6,1,2,1,4,105000,1,1,1,0
1,1,2,1,2,1,1,1,1,1,5,1,1,1,4,83000,1,1,1,0
2,1,2,1,1,5,3,4,1,1,7,1,1,1,4,172000,1,1,1,0
1,1,2,3,2,6,2,1,1,1,1,1,2,1,4,85000,1,1,1,0
1,1,2,1,3,1,3,1,2,3,5,1,1,1,4,70000,1,1,1,0
1,1,3,7,1,7,3,3,1,1,7,1,2,1,4,100000,1,1,1,0
1,1,5,9,13,2,2,2,1,1,2,1,1,1,3,120000,1,1,1,0
1,3,3,1,1,5,2,4,1,1,1,1,2,1,4,130000,1,1,1,0
2,1,3,3,13,10,3,2,1,1,5,1,2,1,5,110000,1,1,1,0
1,1,3,1,1,10,3,3,1,1,7,1,1,1,2,120000,1,1,1,0
1,1,2,6,1,11,1,1,1,1,7,1,1,1,5,150000,1,1,1,0
1,1,2,1,12,6,1,3,1,1,1,1,1,1,4,77000,1,1,1,0
1,1,1,6,1,1,2,1,1,1,2,1,2,1,2,75000,1,1,1,0
2,1,2,1,1,6,3,3,1,1,7,1,2,1,2,100000,1,1,1,0
1,1,3,7,3,8,2,3,1,1,6,1,1,1,4,43000,1,1,1,0
1,2,3,1,1,4,2,2,1,1,1,5,1,1,4,2000000,1,1,1,0
2,1,2,1,1,3,1,1,1,1,5,1,1,1,2,100000,1,1,1,0
1,1,8,1,1,11,2,1,1,1,1,1,1,1,4,140000,1,1,1,0
1,1,2,3,2,1,3,1,1,1,7,1,2,1,4,80000,1,1,1,0
2,1,5,6,1,2,3,3,1,1,2,1,2,1,3,180000,1,1,1,0
1,1,2,1,1,2,1,4,1,1,8,1,2,1,5,170000,1,1,1,0
2,1,3,1,1,7,2,3,1,1,5,5,1,1,2,115000,1,1,1,0
1,1,2,1,3,1,3,4,1,1,7,1,1,1,4,161000,1,1,1,0
1,1,2,1,1,1,2,1,1,1,4,1,2,1,4,125000,1,1,1,0
1,1,1,1,1,3,2,2,1,1,7,4,1,1,4,85000,1,1,1,0
2,1,2,1,1,7,3,4,1,1,4,1,2,1,4,60000,1,1,1,0
2,3,4,1,1,4,2,3,1,1,1,1,1,1,4,120000,1,1,1,0
2,1,3,1,1,1,2,4,1,1,2,1,2,1,4,147000,1,1,1,0
1,1,2,1,1,6,2,4,1,1,6,1,2,1,4,130000,1,1,1,0
1,1,2,9,1,8,2,2,2,2,8,1,1,1,4,50000,1,1,1,0
1,1,2,1,2,5,2,4,1,1,7,1,1,1,1,82500,1,1,1,0
1,1,3,9,11,6,1,3,2,1,1,1,1,1,4,120000,1,1,1,0
1,1,2,10,1,7,2,3,1,1,8,2,1,1,4,145000,1,1,1,0
1,1,2,1,1,6,1,4,1,1,5,5,2,1,2,100000,1,1,1,0
1,1,4,5,3,4,3,3,1,1,4,1,1,1,1,68456,1,1,1,0
1,1,2,2,3,6,3,3,1,1,7,1,2,1,3,115000,1,1,1,0
1,1,2,8,1,3,3,3,1,1,7,1,1,1,2,91765,1,1,1,0
1,1,3,1,14,7,3,4,1,1,1,1,1,1,4,165000,1,1,1,0
1,1,2,1,2,5,2,3,1,1,4,1,1,1,4,80000,1,1,1,0
1,1,2,9,2,5,2,4,1,1,1,1,1,1,1,70000,1,1,1,0
1,1,2,1,1,10,2,2,1,1,5,1,2,1,3,126000,1,1,1,0
1,1,3,1,1,7,2,4,1,1,4,5,1,1,4,80000,1,1,1,0
1,1,2,6,2,6,2,1,1,1,5,1,2,1,5,130000,1,1,1,0
1,1,3,1,1,5,1,3,1,3,5,7,1,1,4,115000,1,1,1,0
2,1,3,10,1,4,2,1,1,1,1,1,1,1,1,85000,1,1,1,0
1,1,3,1,6,7,3,4,1,3,4,2,1,1,4,136000,1,1,1,0
1,3,2,1,2,7,3,2,1,1,3,3,2,1,4,100000,1,1,1,0
1,1,3,3,3,4,3,3,1,1,4,4,2,1,4,83000,1,1,1,0
1,2,4,3,1,4,2,3,1,1,7,1,1,1,4,60000,1,1,1,0
1,1,2,6,18,11,2,1,1,1,7,1,2,1,2,95000,1,1,1,0
2,1,3,1,1,2,2,1,1,1,1,1,2,1,5,330000,1,1,1,0
1,1,3,6,1,1,2,4,1,1,1,1,1,1,4,150000,1,1,1,0
1,1,2,3,5,4,2,3,1,1,4,1,1,1,4,57000,1,1,1,0
1,1,3,1,1,10,2,3,1,1,7,1,2,1,2,163000,1,1,1,0
1,1,2,7,1,3,3,4,2,2,7,6,2,1,4,88000,1,1,1,0
1,1,2,1,11,4,3,4,1,1,5,1,1,1,4,45000,1,1,1,0
1,1,4,8,1,4,2,4,1,1,5,1,1,1,4,32000,1,1,1,0
1,1,2,4,15,4,2,3,2,1,1,1,1,1,4,120000,1,1,1,0
1,3,2,4,13,3,2,4,1,1,7,1,2,1,2,111000,1,1,1,0
1,1,3,8,1,4,2,2,1,1,4,1,1,1,4,60000,1,1,1,0
2,1,3,2,3,6,2,1,2,1,7,1,1,1,4,75000,1,1,1,0
2,1,3,1,1,7,1,4,1,1,6,1,2,1,4,115000,1,1,1,0
1,1,2,10,1,1,3,1,1,1,2,2,1,1,2,185000,1,1,1,0
1,1,2,1,5,6,2,1,1,1,1,1,2,1,4,160000,1,1,1,0
1,1,2,1,1,3,3,4,1,2,6,3,1,1,2,110000,1,1,1,0
2,1,2,1,1,9,2,4,1,1,5,1,1,1,1,85000,1,1,1,0
1,1,2,1,8,4,2,4,1,1,7,1,1,1,1,65000,1,1,1,1
1,1,2,1,2,3,3,2,1,1,7,1,1,1,3,94000,1,1,1,0
2,1,1,7,12,3,2,4,1,1,6,2,1,1,2,85000,1,1,1,0
1,1,5,6,11,5,3,2,1,1,6,5,1,1,4,137000,1,1,1,0
1,1,1,1,1,3,1,3,1,1,2,1,1,1,3,100000,1,1,1,0
1,1,2,1,1,4,2,3,1,1,1,1,2,1,4,80000,1,1,1,0
2,1,2,1,2,5,2,3,1,1,1,1,1,1,4,71000,1,1,1,0
1,1,1,9,1,3,2,3,1,1,7,1,2,1,2,95000,1,1,1,0
2,1,2,6,1,10,3,3,1,1,5,1,2,1,3,130000,1,1,1,0
1,1,1,11,2,3,2,1,1,1,5,1,2,1,2,150000,1,1,1,0
2,1,2,10,1,7,1,2,1,1,5,1,1,1,2,125000,1,1,1,0
2,3,3,3,1,3,3,4,2,1,8,3,1,1,3,78000,1,1,1,0
1,1,2,1,1,1,3,4,1,1,7,1,1,1,2,90000,1,1,1,0
2,1,2,1,1,1,2,1,1,1,7,4,2,1,4,150000,1,1,1,0
1,1,2,1,1,7,2,2,1,1,1,1,1,1,4,186000,1,1,1,0
1,2,1,1,12,6,3,1,1,1,7,1,1,1,4,19992,1,1,1,0
1,1,3,1,4,6,2,3,1,1,1,1,1,1,4,106000,1,1,1,0
1,1,5,9,1,2,3,4,1,1,8,1,2,1,3,500000,1,1,1,0
1,1,2,1,14,5,2,4,1,1,8,1,1,1,4,400000,1,1,1,0
1,1,2,1,1,4,2,1,1,1,2,4,1,1,1,585000,1,1,1,0
1,1,3,10,2,7,1,1,2,1,5,1,2,1,3,66000,1,1,1,0
2,1,2,7,12,7,3,4,2,2,7,1,1,1,4,135000,1,1,1,0
2,1,2,1,11,5,3,1,1,1,7,1,1,1,1,55000,1,1,1,0
1,1,3,6,11,5,2,4,1,1,7,2,1,1,4,80000,1,1,1,0
1,1,2,1,1,1,1,4,1,1,8,1,1,1,4,100000,1,1,1,0
1,1,3,1,1,3,2,4,1,1,9,4,2,1,2,121000,1,1,1,0
2,1,3,4,1,5,3,2,1,1,7,1,2,1,2,2000000,1,1,1,0
1,1,2,3,1,6,3,4,1,1,7,1,1,1,4,80000,1,1,1,0
1,1,2,3,1,6,2,1,1,1,6,2,1,1,2,70000,1,1,1,0
2,1,4,5,1,8,2,1,2,2,7,1,2,1,3,45000,1,1,1,0
1,1,2,6,18,8,2,3,1,1,1,1,1,1,1,76000,1,1,1,0
1,1,6,1,9,7,2,3,1,1,7,1,1,1,4,135000,1,1,1,0
1,1,2,3,1,7,2,2,1,1,5,1,2,1,2,100000,1,1,1,0
1,1,3,4,11,4,3,4,2,1,8,1,1,1,4,60060,1,1,1,0
1,1,4,2,1,7,3,3,1,1,4,1,2,1,4,110000,1,1,1,0
1,3,3,1,1,6,2,4,1,1,7,1,1,1,4,89000,1,1,1,0
2,2,2,3,3,6,2,2,2,3,5,1,1,1,4,106000,1,1,1,0
1,3,2,1,1,6,2,1,1,1,4,1,2,1,4,996000,1,1,1,0
2,1,2,10,1,4,2,3,2,1,1,1,1,1,1,108000,1,1,1,0
1,1,2,10,1,8,3,2,1,1,7,1,1,1,1,84000,1,1,1,0
1,1,2,1,11,3,2,2,1,1,2,1,2,1,2,128000,1,1,1,0
1,1,2,1,2,3,1,4,1,2,7,1,1,1,4,100000,1,1,1,0
1,1,1,2,1,1,3,3,1,1,7,1,1,1,4,91800,1,1,1,0
1,1,1,1,2,3,2,1,1,1,1,1,2,1,3,100000,1,1,1,0
1,1,3,6,8,3,3,2,1,1,7,1,1,1,7,95000,1,1,1,1
1,1,3,1,1,1,2,4,1,1,7,5,1,1,4,140400,1,1,1,0
1,1,1,2,1,1,2,1,1,1,5,7,1,1,2,50000,1,1,1,0
1,1,2,1,2,6,2,1,1,1,4,5,1,1,2,1068000,1,1,1,0
2,1,2,9,1,3,2,3,1,1,7,1,2,1,5,125000,1,1,1,0
1,1,1,6,2,4,2,3,1,1,2,3,1,1,1,90000,1,1,1,0
1,1,6,1,1,4,1,1,1,1,5,1,1,1,1,25000,1,1,1,0
1,2,2,1,1,3,3,3,1,1,1,1,2,1,2,143000,1,1,1,0
2,1,2,1,1,5,3,2,1,1,7,1,1,1,1,66000,1,1,1,0
1,1,1,1,1,7,2,1,1,1,5,3,1,1,4,50000,1,1,1,0
1,2,1,1,1,6,3,1,1,1,1,1,1,1,4,25000,1,1,1,0
1,1,2,1,2,4,1,3,1,1,5,1,1,1,4,50000,1,1,1,0
1,1,4,3,1,4,2,3,1,1,5,1,2,1,4,52800,1,1,1,0
1,1,2,1,2,5,2,1,2,1,7,1,1,1,4,62000,1,1,1,0
1,1,2,1,1,2,2,4,1,1,7,4,1,1,5,147000,1,1,1,0
1,1,1,1,1,6,2,4,2,1,5,1,1,1,4,85000,1,1,1,0
2,1,2,1,1,7,2,1,1,1,4,5,1,1,2,125000,1,1,1,0
1,1,2,5,3,4,2,3,1,1,7,1,1,1,4,60000,1,1,1,0
2,1,4,1,1,7,3,2,1,1,6,1,1,1,2,127000,1,1,1,0
1,1,3,1,1,6,3,4,1,1,4,2,1,1,4,110000,1,1,1,0
1,1,5,1,14,10,2,3,1,1,1,1,2,1,2,120000,1,1,1,0
1,1,1,1,1,10,2,1,1,1,2,1,2,1,2,175000,1,1,1,0
1,1,3,1,1,3,1,3,2,1,7,1,1,1,1,78000,1,1,1,0
2,1,2,1,1,5,2,3,1,1,1,1,1,1,4,90000,1,1,1,0
1,1,9,1,1,1,2,4,1,1,1,1,2,1,2,44000,1,1,1,0
1,1,1,1,1,10,2,4,1,1,6,1,1,1,2,250000,1,1,1,0
1,1,2,1,2,4,2,3,1,1,2,3,2,1,2,65000,1,1,1,0
1,1,4,1,1,6,1,4,2,1,7,1,1,1,4,100000,1,1,1,0
1,1,2,1,1,11,2,1,1,1,7,1,1,1,2,165000,1,1,1,0
1,1,2,6,3,5,2,3,1,1,7,1,1,1,1,110000,1,1,1,0
1,1,2,1,3,1,3,4,1,1,4,1,1,1,2,60000,1,1,1,0
1,1,1,2,6,1,1,4,2,2,7,1,1,1,4,160000,1,1,1,0
1,1,3,1,1,6,2,2,1,1,1,1,1,1,4,77000,1,1,1,0
1,1,3,1,1,3,3,3,1,1,1,1,2,1,3,1764000,1,1,1,0
1,1,2,8,1,9,2,1,1,1,1,1,2,1,2,1510000,1,1,1,0
1,1,5,1,1,2,2,3,1,1,4,1,2,1,5,189000,1,1,1,0
1,1,3,4,2,1,3,3,1,1,7,1,2,1,4,260000,1,1,1,0
1,1,2,1,13,5,2,1,1,1,2,1,1,1,1,70000,1,1,1,0
1,1,2,7,2,4,2,4,1,1,7,1,1,1,4,63000,1,1,1,0
1,1,2,1,1,1,3,2,1,1,1,1,2,1,4,95000,1,1,1,0
2,1,2,5,2,4,3,1,1,1,7,4,1,1,1,42000,1,1,1,0
1,1,3,1,1,1,2,1,1,3,9,1,1,1,4,158000,1,1,1,0
1,1,3,6,1,2,1,1,1,1,7,1,2,1,3,110000,1,1,1,0
1,1,2,4,4,8,2,3,2,1,7,1,1,1,1,24000,1,1,1,0
1,1,1,1,18,1,2,4,2,2,7,1,1,1,1,125000,1,1,1,0
1,1,2,1,6,7,3,3,1,1,7,1,2,1,4,130000,1,1,1,0
2,1,2,1,2,4,2,3,1,1,6,1,1,1,1,105000,1,1,1,0
1,1,2,1,1,7,3,3,1,1,6,1,1,1,2,230000,1,1,1,0
2,1,2,1,1,7,3,1,1,1,7,1,1,1,4,105000,1,1,1,0
1,1,1,1,1,3,2,1,1,1,2,1,2,1,2,120000,1,1,1,0
1,1,2,2,3,5,2,1,1,1,7,1,2,1,4,105000,1,1,1,0
1,1,3,9,4,6,3,3,1,1,1,1,2,1,2,90000,1,1,1,0
1,1,3,1,1,4,2,4,1,1,7,1,1,1,4,97500,1,1,1,0
1,1,2,6,1,3,2,3,1,1,1,1,1,1,4,120000,1,1,1,0
1,2,1,10,2,4,2,4,1,1,6,1,1,1,1,54500,1,1,1,0
1,1,2,1,1,4,2,3,1,1,7,1,2,1,4,90000,1,1,1,0
1,1,2,3,2,1,3,3,1,1,5,1,1,1,2,90000,1,1,1,0
1,1,5,9,4,6,2,4,1,1,7,4,1,1,4,159600,1,1,1,0
1,1,3,1,18,1,2,4,1,1,5,1,1,1,4,300000,1,1,1,0
1,3,2,1,11,6,3,2,1,1,1,1,2,1,2,1620000,1,1,1,0
1,1,2,1,1,2,1,1,1,4,4,1,1,1,4,40000,1,1,1,0
1,1,2,3,8,5,2,3,1,1,4,1,2,1,4,62000,1,1,1,1
1,3,3,10,11,1,3,3,1,1,5,1,2,1,2,70000,1,1,1,0
1,1,2,1,2,1,2,1,2,2,6,1,1,1,1,110000,1,1,1,0
2,1,2,1,2,1,1,2,1,1,4,5,1,1,4,69000,1,1,1,0
1,1,2,1,1,5,1,1,1,4,1,1,1,1,1,75000,1,1,1,0
1,3,6,12,1,8,2,2,1,1,4,1,2,1,1,20000,1,1,1,0
1,1,2,1,4,6,2,3,2,1,6,1,1,1,4,155000,1,1,1,0
1,1,1,1,1,5,3,1,1,1,1,1,1,1,1,90000,1,1,1,0
1,1,2,1,13,2,3,1,1,1,5,1,1,1,5,1560000,1,1,1,0
1,1,1,11,1,4,2,3,1,1,5,1,1,1,4,40000,1,1,1,0
2,1,2,1,1,6,2,3,1,1,5,1,2,1,4,70000,1,1,1,0
1,3,2,3,1,5,2,2,1,1,4,1,1,1,4,2000000,1,1,1,0
1,1,2,1,1,4,3,3,1,1,7,1,1,1,1,70000,1,1,1,0
1,1,2,1,1,6,2,1,1,1,5,2,2,1,4,115000,1,1,1,0
1,1,2,6,1,5,2,2,2,2,1,1,1,1,4,100000,1,1,1,0
1,1,3,9,1,1,3,2,1,1,5,1,1,1,4,250000,1,1,1,0
1,1,2,1,2,5,2,2,1,1,7,1,1,1,4,70000,1,1,1,0
1,1,2,1,2,5,2,4,1,1,1,1,2,1,4,80000,1,1,1,0
1,1,2,7,1,10,2,2,1,1,8,1,2,1,3,153000,1,1,1,0
2,1,2,1,2,10,3,1,1,1,1,1,2,1,2,180000,1,1,1,0
1,1,2,1,1,1,2,1,1,1,1,1,1,1,4,82500,1,1,1,0
1,1,2,1,3,1,3,1,1,1,7,1,2,1,4,85000,1,1,1,0
1,1,3,1,1,5,3,1,1,1,1,5,1,1,4,102000,1,1,1,0
1,2,3,7,16,5,2,3,1,1,1,1,1,1,4,34000,1,1,1,0
2,1,2,7,2,4,2,3,2,1,4,1,1,1,4,100000,1,1,1,0
2,1,2,1,1,5,2,3,1,1,7,5,1,1,4,115000,1,1,1,0
1,1,1,8,1,5,2,4,1,1,8,5,1,1,4,97000,1,1,1,0
1,1,2,1,2,3,2,1,1,1,7,4,2,1,4,95000,1,1,1,0
2,1,2,1,1,5,2,4,1,1,5,1,1,1,4,1560000,1,1,1,0
1,1,2,1,13,1,2,3,1,1,7,1,1,1,4,75000,1,1,1,0
1,1,2,4,2,8,2,2,2,1,1,2,1,1,4,92500,1,1,1,0
1,1,2,6,11,4,3,1,1,2,7,1,1,1,1,72000,1,1,1,0
1,1,2,1,5,5,2,4,1,1,7,1,1,1,4,90000,1,1,1,0
1,1,1,1,1,1,2,1,1,1,7,1,1,1,4,110000,1,1,1,0
2,1,3,9,1,4,3,1,1,1,2,6,2,1,4,93896,1,1,1,0
1,1,2,6,11,6,1,4,1,1,1,1,1,1,1,57600,1,1,1,0
1,1,4,5,2,6,2,4,1,1,7,1,2,1,2,147000,1,1,1,0
1,3,1,1,6,4,3,1,1,1,7,1,1,1,1,40000,1,1,1,0
1,1,3,10,4,1,4,3,1,1,5,1,1,1,4,206000,1,1,1,0
1,1,2,1,1,3,1,4,1,1,7,1,1,1,4,130000,1,1,1,0
1,1,2,10,2,4,2,2,1,1,1,1,1,1,4,72000,1,1,1,0
2,1,2,1,1,6,1,3,1,1,7,1,1,1,4,84000,1,1,1,0
1,1,2,1,4,9,2,4,1,1,2,1,2,1,2,182000,1,1,1,0
1,1,2,1,1,5,1,1,1,1,7,1,1,1,1,75000,1,1,1,0
1,1,2,1,14,1,3,4,1,1,7,1,2,1,4,160000,1,1,1,0
1,2,3,9,1,1,2,4,1,1,6,1,1,1,4,32000,1,1,1,0
1,1,2,1,1,6,3,4,1,1,8,6,1,1,4,129000,1,1,1,0
1,1,2,1,1,4,2,4,1,1,1,1,1,1,1,50000,1,1,1,0
1,1,2,1,12,5,2,1,1,1,1,1,2,1,4,140000,1,1,1,0
1,1,3,7,4,3,2,1,1,1,8,1,2,1,4,116000,1,1,1,0
2,1,2,1,12,5,2,1,1,1,1,1,1,1,1,102000,1,1,1,0
1,1,1,7,1,7,2,4,1,1,5,1,1,1,2,160000,1,1,1,0
1,1,3,1,1,10,3,4,1,1,1,1,2,1,2,270000,1,1,1,0
1,1,5,10,1,2,3,3,1,1,1,1,2,1,3,145000,1,1,1,0
1,1,1,1,1,6,3,4,1,1,9,1,2,1,4,153000,1,1,1,0
1,1,1,1,8,5,2,1,1,1,2,1,1,1,1,40000,1,1,1,1
2,1,1,2,18,9,3,4,1,1,1,1,2,1,3,154000,1,1,1,0
1,1,3,1,1,6,2,1,1,1,1,1,2,1,2,115000,1,1,1,0
1,1,2,1,1,6,2,4,1,1,5,2,1,1,4,190000,1,1,1,0
1,1,2,8,1,3,1,1,1,1,7,1,1,1,4,245000,1,1,1,0
1,1,3,1,1,7,2,4,1,2,1,1,1,1,2,135000,1,1,1,0
1,1,1,9,18,8,3,4,1,1,5,1,1,1,4,75000,1,1,1,0
1,1,2,10,2,1,2,1,1,1,7,1,2,1,4,100000,1,1,1,0
1,1,2,1,1,5,2,2,1,1,2,1,2,1,4,90000,1,1,1,0
2,1,2,1,2,6,2,4,1,1,5,1,2,1,2,125000,1,1,1,0
2,1,2,1,1,2,3,1,1,1,7,1,1,1,7,108000,1,1,1,0
2,1,2,1,6,4,2,4,1,1,5,1,1,1,4,70000,1,1,1,0
1,1,2,2,1,4,2,4,1,1,7,7,1,1,4,2000000,1,1,1,0
1,1,2,1,13,6,3,1,1,1,7,1,1,1,4,100000,1,1,1,0
1,1,2,9,2,8,2,4,2,1,1,1,1,1,4,105000,1,1,1,0
1,1,2,1,12,4,2,3,1,1,1,1,1,1,1,100000,1,1,1,0
1,1,4,1,1,10,2,2,1,1,4,1,1,1,2,140000,1,1,1,0
1,2,2,9,2,3,3,4,1,1,1,1,2,1,4,130000,1,1,1,0
2,1,2,1,12,1,2,4,1,1,1,1,1,1,4,150000,1,1,1,0
1,2,2,1,7,6,2,3,1,1,5,1,2,1,2,90000,1,1,1,0
1,1,2,7,2,3,2,3,1,1,7,1,2,1,2,70000,1,1,1,0
1,1,1,7,3,8,3,3,2,1,5,1,1,1,1,95000,1,1,1,0
1,1,2,1,1,1,2,3,1,1,1,1,1,1,4,75000,1,1,1,0
1,1,2,1,2,5,2,3,1,1,7,1,1,1,1,75000,1,1,1,0
1,1,2,1,2,4,2,3,1,1,1,1,1,1,1,128000,1,1,1,0
1,2,3,1,1,5,2,4,1,1,1,5,1,1,4,150000,1,1,1,0
1,1,2,2,1,8,2,2,2,3,1,1,1,1,4,60900,1,1,1,0
1,1,3,9,1,3,3,2,1,1,4,1,1,1,3,113000,1,1,1,0
1,1,3,10,8,3,2,1,1,3,2,1,1,1,2,70000,1,1,1,1
1,1,2,4,2,4,2,3,1,1,7,4,1,1,4,85000,1,1,1,0
1,3,1,1,16,7,3,4,1,1,7,4,2,1,2,20000,1,1,1,0
1,1,5,9,3,9,3,1,1,1,1,1,2,1,2,195000,1,1,1,0
1,1,6,10,1,4,3,1,2,1,7,1,1,1,1,95000,1,1,1,0
1,1,2,3,3,5,1,1,1,1,7,1,2,1,4,81000,1,1,1,0
1,1,2,1,1,3,2,4,1,2,7,1,1,1,4,100000,1,1,1,0
1,1,2,1,1,6,2,1,1,1,5,1,2,1,2,105000,1,1,1,0
1,1,2,6,1,4,2,2,1,1,7,1,1,1,4,70000,1,1,1,0
1,1,3,1,5,4,2,3,1,1,1,1,2,1,4,200000,1,1,1,0
2,1,2,3,1,4,2,3,1,1,2,1,1,1,1,28800,1,1,1,0
2,1,2,1,1,6,1,2,1,1,1,1,1,1,4,100000,1,1,1,0
1,2,2,1,1,1,2,3,1,2,2,1,1,1,4,105000,1,1,1,0
1,1,2,9,1,1,2,2,1,1,1,1,1,1,2,155000,1,1,1,0
1,1,4,8,2,8,2,3,1,1,5,1,1,1,4,40000,1,1,1,0
1,1,2,1,3,5,2,4,1,1,6,1,1,1,1,111300,1,1,1,0
1,1,1,1,1,6,2,2,1,3,7,1,1,1,4,45000,1,1,1,0
1,1,2,8,1,4,2,3,1,2,5,1,1,1,2,105000,1,1,1,0
1,1,2,4,2,8,3,3,1,1,5,2,1,1,4,76000,1,1,1,0
1,1,2,1,2,5,3,2,1,1,6,1,1,1,1,57000,1,1,1,0
2,1,2,1,1,5,2,4,1,1,1,1,1,1,1,64700,1,1,1,0
1,1,3,7,1,2,2,3,1,1,7,4,2,1,3,155000,1,1,1,0
1,1,2,10,3,1,3,4,1,1,1,1,1,1,4,1920000,1,1,1,0
2,1,2,1,1,5,2,2,1,1,2,1,1,1,1,65000,1,1,1,0
2,1,1,1,1,1,2,1,1,1,5,1,2,1,4,58000,1,1,1,0
1,1,3,1,1,5,3,3,1,1,7,1,1,1,3,74000,1,1,1,0
1,1,1,5,1,1,3,4,1,1,2,1,1,1,4,70000,1,1,1,0
1,1,2,1,1,1,3,3,1,1,8,1,1,1,4,111000,1,1,1,0
1,1,4,2,1,7,2,2,1,1,4,1,2,1,4,960000,1,1,1,0
1,1,3,10,11,1,2,4,1,3,1,1,1,1,4,120000,1,1,1,0
1,1,3,6,1,1,2,1,1,1,4,1,1,1,3,100000,1,1,1,0
1,1,3,6,4,4,3,3,1,1,7,1,1,1,4,100000,1,1,1,0
1,2,2,1,1,5,1,3,1,1,5,1,1,1,4,83000,1,1,1,0
1,1,3,1,1,6,2,4,1,1,1,1,1,1,4,77000,1,1,1,0
1,1,1,12,1,10,2,1,1,1,4,1,1,1,2,80000,1,1,1,0
1,1,3,1,1,5,2,4,1,3,5,1,1,1,4,115000,1,1,1,0
2,1,2,7,1,3,2,1,1,1,7,1,2,1,2,105000,1,1,1,0
1,1,3,1,2,3,2,4,1,1,6,1,2,1,2,157000,1,1,1,0
1,1,2,1,1,6,2,4,1,1,7,1,1,1,4,115000,1,1,1,0
1,1,3,1,1,5,3,4,1,1,1,5,1,1,1,160000,1,1,1,0
1,3,2,6,2,5,2,3,2,3,4,1,1,1,4,79000,1,1,1,0
1,1,1,1,1,1,1,1,1,1,7,2,1,1,1,112500,1,1,1,0
1,2,1,1,1,4,2,3,1,1,7,1,1,1,1,50000,1,1,1,0
1,3,2,1,1,2,1,4,1,1,5,6,2,1,3,135000,1,1,1,0
1,1,2,1,1,1,3,1,1,1,1,1,2,1,4,115000,1,1,1,0
1,1,2,1,2,6,1,2,1,1,7,1,1,1,4,145000,1,1,1,0
1,1,2,1,1,5,3,3,1,1,7,2,1,1,1,60000,1,1,1,0
1,1,2,3,3,1,2,3,1,1,7,1,2,1,4,105000,1,1,1,0
1,1,1,1,1,5,2,4,1,2,1,1,1,1,4,60000,1,1,1,0
1,1,2,1,2,5,3,2,1,1,6,1,1,1,1,28800,1,1,1,0
1,1,2,1,1,9,3,2,1,1,2,4,2,1,2,115000,1,1,1,0
1,1,2,1,1,6,3,3,1,1,7,1,1,1,4,28800,1,1,1,0
1,1,2,1,1,6,2,4,1,1,1,1,2,1,4,105000,1,1,1,0
1,1,2,1,1,1,2,4,2,2,1,1,1,1,4,125000,1,1,1,0
1,1,2,1,1,7,3,4,1,1,4,1,2,1,2,80000,1,1,1,0
2,1,2,1,1,5,2,1,1,1,7,3,1,1,4,90000,1,1,1,0
1,2,1,1,1,1,2,1,1,1,7,1,1,1,1,10000,1,1,1,0
1,1,1,12,10,5,3,4,1,1,4,7,2,1,1,75000,1,1,1,0
1,3,1,1,3,5,3,4,1,1,7,1,1,1,1,40000,1,1,1,0
1,1,2,1,1,7,3,3,1,1,5,2,1,1,4,165000,1,1,1,0
1,1,2,1,1,3,2,1,1,1,8,1,2,1,2,140000,1,1,1,0
1,1,8,3,1,5,4,2,1,1,1,2,1,1,1,3000,1,1,1,0
1,1,2,1,1,10,3,1,1,1,7,1,2,1,2,165000,1,1,1,0
1,1,2,6,3,5,2,4,2,3,7,4,1,1,4,85000,1,1,1,0
1,1,1,1,1,6,2,1,1,1,6,1,1,1,1,42000,1,1,1,0
1,1,2,1,1,1,2,4,1,1,7,1,1,1,4,120000,1,1,1,0
1,1,2,3,1,6,2,4,1,1,2,1,2,1,4,75000,1,1,1,0
1,1,2,6,18,3,2,4,2,2,5,1,1,1,2,115000,1,1,1,0
1,1,2,1,12,5,3,1,1,1,7,1,2,1,4,120000,1,1,1,0
1,1,2,1,1,9,2,4,2,2,5,6,1,1,2,220000,1,1,1,0
1,1,2,1,1,1,2,1,1,1,7,2,1,1,1,136000,1,1,1,0
1,1,2,10,1,6,3,1,1,1,1,1,2,1,4,138000,1,1,1,0
1,1,2,1,1,5,1,4,1,1,2,1,1,1,4,88000,1,1,1,0
1,1,2,6,1,2,3,3,1,1,1,1,2,1,3,92000,1,1,1,0
1,1,5,9,6,10,3,1,1,1,5,1,2,1,2,118000,1,1,1,0
1,1,3,5,3,6,2,4,1,3,7,1,2,1,4,100000,1,1,1,0
1,1,3,3,1,5,3,4,1,1,7,1,1,1,4,99500,1,1,1,0
2,1,2,3,1,4,2,1,1,1,7,1,1,1,1,80000,1,1,1,0
1,2,1,1,6,5,2,1,1,3,6,6,1,1,1,1800,1,1,1,0
2,1,3,6,13,7,2,4,1,1,5,1,1,1,3,100000,1,1,1,0
1,1,2,1,1,7,2,3,1,1,1,1,2,1,2,98500,1,1,1,0
1,1,2,9,4,4,2,2,1,1,1,1,1,1,4,100000,1,1,1,0
1,1,2,1,1,4,2,1,1,1,7,1,1,1,1,50000,1,1,1,0
1,1,2,1,1,5,2,1,1,1,7,1,1,1,4,75000,1,1,1,0
2,1,2,1,1,4,1,4,1,1,1,1,1,1,4,50000,1,1,1,0
1,1,1,2,1,9,3,4,1,1,1,1,2,1,2,125000,1,1,1,0
2,1,1,8,1,2,2,1,1,1,1,1,1,1,5,130000,1,1,1,0
1,1,2,1,11,10,3,3,1,1,7,1,2,1,3,90000,1,1,1,0
1,1,5,7,1,5,2,3,1,1,6,1,2,1,2,82000,1,1,1,0
1,1,2,1,1,5,2,3,1,1,2,6,1,1,1,78000,1,1,1,0
1,1,2,4,1,4,3,4,1,3,2,4,1,1,4,110000,1,1,1,0
1,1,2,1,1,4,2,4,1,1,1,1,1,1,1,107000,1,1,1,0
1,1,1,1,1,2,2,3,1,1,5,1,1,1,5,125000,1,1,1,0
1,2,2,1,13,4,3,1,1,1,2,1,1,1,4,70000,1,1,1,0
2,1,2,6,1,6,1,1,1,1,7,5,2,1,4,112000,1,1,1,0
1,1,6,1,2,1,1,1,1,1,5,1,2,1,2,115000,1,1,1,0
1,1,2,1,3,1,2,1,1,1,4,1,1,1,4,90000,1,1,1,0
1,1,3,4,11,5,2,3,1,1,7,1,1,1,4,60000,1,1,1,0
1,1,2,1,2,9,1,4,1,1,2,1,2,1,4,70000,1,1,1,0
1,3,2,1,1,7,2,4,1,1,7,1,1,1,4,36000,1,1,1,0
2,1,3,6,1,1,3,4,1,1,7,1,2,1,4,87000,1,1,1,0
1,1,1,1,1,1,3,3,1,1,8,4,1,1,4,150000,1,1,1,0
1,1,2,1,1,4,5,4,1,1,5,1,1,1,1,100000,1,1,1,0
1,1,1,1,1,6,2,3,1,1,1,1,1,1,4,108000,1,1,1,0
1,1,1,1,1,6,1,3,1,1,1,1,1,1,4,150000,1,1,1,0
1,1,1,9,1,6,1,1,1,1,1,1,1,1,2,85000,1,1,1,0
1,1,3,6,1,4,2,4,1,1,1,4,1,1,4,75000,1,1,1,0
2,1,5,2,1,4,3,3,1,1,1,1,2,1,2,70000,1,1,1,0
1,1,3,1,2,1,2,3,1,1,6,5,1,1,4,130000,1,1,1,0
1,1,2,1,1,1,2,3,1,1,5,1,1,1,4,86000,1,1,1,0
1,1,1,1,1,3,1,1,1,1,7,1,1,1,4,40000,1,1,1,0
1,1,2,1,1,6,3,4,1,1,1,1,2,1,4,125000,1,1,1,0
1,2,1,6,15,4,3,3,1,1,5,1,1,1,1,5200,1,1,1,0
1,1,3,7,1,4,2,4,2,1,8,1,1,1,4,110000,1,1,1,0
1,1,2,1,2,1,2,2,1,1,7,1,1,1,1,42500,1,1,1,0
1,1,2,6,1,4,1,1,1,1,9,3,1,1,4,1000000,1,1,1,0
1,1,1,1,1,4,3,4,1,3,7,1,1,1,1,90000,1,1,1,0
1,1,2,6,1,4,1,1,1,1,7,1,1,1,1,53500,1,1,1,0
1,1,4,1,6,4,3,4,2,2,7,1,1,1,1,16500,1,1,1,0
2,1,3,1,1,5,2,3,1,1,7,7,2,1,4,96600,1,1,1,0
2,1,2,7,1,9,3,3,1,1,7,1,1,1,5,105000,1,1,1,0
1,1,2,3,3,1,3,4,1,1,5,1,2,1,4,120000,1,1,1,0
2,1,6,1,3,10,2,1,1,1,5,1,1,1,3,65000,1,1,1,0
1,1,5,4,4,1,3,3,1,1,8,1,2,1,2,150000,1,1,1,0
1,3,2,3,14,4,2,1,2,2,3,3,1,1,4,12000,1,1,1,0
1,1,2,8,12,3,2,2,1,1,2,1,2,1,2,127000,1,1,1,0
1,1,1,1,1,2,2,1,1,1,5,1,2,1,3,70000,1,1,1,0
1,1,2,6,3,8,3,4,1,1,7,7,1,1,4,100000,1,1,1,0
1,1,3,1,6,7,2,4,1,1,1,1,1,1,4,215000,1,1,1,0
1,1,3,7,1,8,2,4,2,3,8,1,1,1,4,85000,1,1,1,0
1,1,5,1,1,2,2,4,1,1,6,1,1,1,3,260000,1,1,1,0
1,1,3,2,1,4,2,4,1,1,1,1,2,1,4,112000,1,1,1,0
1,1,4,1,1,4,2,4,1,1,4,1,1,1,4,41000,1,1,1,0
1,1,2,1,1,6,2,4,1,1,1,1,1,1,1,19200,1,1,1,0
1,1,2,10,1,1,3,1,1,1,5,1,1,1,4,62000,1,1,1,0
1,1,2,3,1,7,3,1,1,1,7,1,2,1,2,98000,1,1,1,0
1,2,4,1,3,6,2,2,2,1,5,1,1,1,1,130000,1,1,1,0
1,1,2,8,1,5,1,4,1,1,7,1,1,1,4,52000,1,1,1,0
2,1,2,1,2,3,3,1,2,3,5,1,2,1,2,125000,1,1,1,0
1,2,1,1,1,1,4,2,1,1,7,1,1,1,1,8400,1,1,1,0
1,1,5,6,1,3,2,2,1,1,7,1,2,1,2,120000,1,1,1,0
1,1,2,10,1,4,2,2,1,1,6,1,1,1,4,89000,1,1,1,0
1,1,1,5,1,5,2,2,1,1,2,1,2,1,1,80000,1,1,1,0
1,1,2,1,1,6,3,4,1,1,7,1,2,1,4,86000,1,1,1,0
1,1,1,1,1,6,2,4,1,1,5,1,2,1,2,120000,1,1,1,0
1,1,1,2,10,6,2,1,1,1,7,4,2,1,4,28000,1,1,1,0
2,1,3,6,1,5,3,1,1,1,8,1,2,1,2,60000,1,1,1,0
1,1,3,9,13,11,2,2,1,1,8,1,2,1,2,100000,1,1,1,0
1,1,1,6,1,2,2,1,1,1,7,1,1,1,3,80000,1,1,1,0
1,1,2,1,1,4,2,3,1,1,6,1,2,1,2,71000,1,1,1,0
1,1,1,12,2,1,2,1,1,1,4,1,1,1,4,123000,1,1,1,0
1,1,2,1,1,5,3,3,1,1,7,1,1,1,1,145000,1,1,1,0
1,1,6,1,1,2,3,3,1,1,7,1,1,1,2,140000,1,1,1,0
2,1,2,3,6,6,3,3,1,1,1,1,2,1,4,100000,1,1,1,0
1,1,2,1,2,5,2,1,1,1,1,1,1,1,1,65000,1,1,1,0
1,1,2,4,18,8,2,4,2,1,1,1,1,1,4,115000,1,1,1,0
1,1,3,8,2,9,2,2,1,1,1,1,2,1,3,130000,1,1,1,0
1,1,2,10,1,5,2,3,2,3,6,5,1,1,4,147000,1,1,1,0
1,1,3,1,11,9,2,2,1,1,1,1,2,1,2,145000,1,1,1,0
1,1,5,1,1,7,2,2,1,1,7,1,2,1,4,70000,1,1,1,0
2,1,2,1,1,11,2,4,1,1,7,1,2,1,3,187000,1,1,1,0
1,2,3,1,7,9,2,2,1,1,7,4,2,1,2,90000,1,1,1,0
2,1,2,1,13,4,2,4,2,2,7,1,1,1,1,51000,1,1,1,0
1,3,2,10,1,3,1,1,1,1,2,1,2,1,4,81000,1,1,1,0
1,1,3,1,13,7,2,4,1,1,1,1,2,1,2,120000,1,1,1,0
1,1,1,7,1,4,2,4,1,3,9,4,1,1,4,82000,1,1,1,0
1,1,2,1,1,6,2,1,1,1,1,1,1,1,4,112500,1,1,1,0
1,1,2,1,12,7,2,4,1,1,7,3,2,1,4,78000,1,1,1,0
2,1,2,1,1,5,3,1,1,1,7,1,1,1,4,50000,1,1,1,0
1,1,2,1,1,6,2,1,1,1,1,1,1,1,1,53000,1,1,1,0
1,1,3,1,1,4,1,4,1,1,1,1,1,1,1,105000,1,1,1,0
1,1,3,6,1,6,2,4,1,1,7,4,2,1,4,103000,1,1,1,0
1,1,2,1,1,5,2,1,1,1,7,1,1,1,1,68000,1,1,1,0
1,1,2,1,1,7,1,4,1,1,2,3,2,1,2,78000,1,1,1,0
1,1,3,4,14,4,2,4,1,1,1,1,1,1,2,100000,1,1,1,0
1,2,2,1,2,5,2,1,1,1,5,1,1,1,1,23000,1,1,1,0
2,1,2,10,1,11,2,1,1,1,4,1,1,1,5,105000,1,1,1,0
1,1,2,3,14,7,2,1,1,1,7,1,1,1,2,152400,1,1,1,0
1,1,2,6,1,2,3,4,1,1,1,2,2,1,2,155000,1,1,1,0
1,1,2,4,1,10,2,2,1,1,8,1,1,1,2,110000,1,1,1,0
2,1,2,1,14,1,2,2,1,1,5,1,1,1,4,108000,1,1,1,0
1,1,2,8,1,8,3,4,1,1,8,1,2,1,4,75000,1,1,1,0
1,1,2,1,1,5,3,3,2,2,1,1,1,1,4,100000,1,1,1,0
2,1,3,1,1,2,2,1,1,1,5,1,1,1,3,10400,1,1,1,0
1,2,1,6,1,5,3,4,1,1,1,4,1,1,1,90000,1,1,1,0
1,1,1,10,1,1,1,4,1,1,5,1,1,1,4,98000,1,1,1,0
1,1,2,1,14,2,3,1,1,1,1,1,2,1,2,150000,1,1,1,0
1,1,2,1,1,1,1,3,1,3,7,1,1,1,4,80000,1,1,1,0
1,1,2,1,1,4,3,4,1,1,7,1,1,1,1,80000,1,1,1,0
1,3,1,1,1,4,2,3,1,1,1,1,1,1,1,20000,1,1,1,0
2,1,4,3,1,2,3,1,1,1,8,1,2,1,2,117000,1,1,1,0
1,2,3,1,1,8,2,1,1,1,1,5,1,1,4,68805,1,1,1,0
1,1,1,1,14,1,3,3,1,1,7,1,2,1,4,95000,1,1,1,0
1,1,2,1,1,9,3,1,1,1,5,1,2,1,2,110000,1,1,1,0
2,1,3,6,13,3,3,1,1,1,1,1,2,1,2,120000,1,1,1,0
1,1,2,1,2,1,2,3,1,1,7,1,1,1,4,93000,1,1,1,0
2,1,3,1,1,1,2,3,1,1,5,1,1,1,4,125000,1,1,1,0
1,1,3,1,1,9,1,2,1,3,1,1,1,1,2,600000,1,1,1,0
1,1,9,1,1,7,3,3,1,1,7,1,1,1,2,235000,1,1,1,0
2,1,3,1,1,5,3,1,2,3,1,2,1,1,4,130000,1,1,1,0
1,1,2,1,1,6,2,4,1,1,7,1,1,1,4,65000,1,1,1,0
1,1,2,5,3,5,2,1,2,1,7,4,1,1,4,76000,1,1,1,0
1,1,1,3,13,4,3,4,1,3,2,1,1,1,4,48000,1,1,1,0
2,1,3,1,1,7,2,1,1,1,7,5,2,1,2,175000,1,1,1,0
1,1,2,8,1,3,2,3,1,1,7,1,1,1,4,130000,1,1,1,0
1,1,4,1,2,4,2,2,1,1,7,1,1,1,4,80000,1,1,1,0
2,1,2,1,2,1,2,1,1,1,2,1,2,1,4,50400,1,1,1,0
1,1,2,7,1,4,2,4,1,1,7,1,1,1,4,90000,1,1,1,0
2,1,2,1,11,4,2,1,1,1,2,1,1,1,4,65786,1,1,1,0
1,1,1,1,2,6,4,4,1,1,7,1,2,1,4,65000,1,1,1,0
1,1,1,1,2,4,1,2,2,1,4,2,1,1,1,120000,1,1,1,0
1,1,3,1,1,6,2,3,1,1,1,1,1,1,4,100000,1,1,1,0
1,1,2,3,12,5,2,1,1,1,6,1,1,1,4,91000,1,1,1,0
1,1,2,10,7,5,2,3,2,1,6,3,1,1,1,65000,1,1,1,0
1,1,6,6,1,4,5,4,1,1,4,1,1,1,1,15000,1,1,1,0
2,1,1,2,1,4,1,4,1,1,7,1,2,1,4,100000,1,1,1,0
1,1,2,1,1,5,2,1,1,1,7,1,1,1,1,69000,1,1,1,0
1,3,6,1,13,4,2,1,1,1,7,1,1,1,1,35000,1,1,1,0
1,1,3,10,11,5,2,1,1,1,1,6,1,1,4,80000,1,1,1,0
1,1,2,1,2,7,2,1,1,1,1,1,2,1,4,110000,1,1,1,0
1,2,6,1,1,5,3,4,1,1,2,1,1,1,1,35000,1,1,1,0
1,1,3,3,1,5,1,3,1,1,5,3,1,1,4,100000,1,1,1,0
1,1,2,7,6,4,2,1,1,1,1,1,2,1,4,47000,1,1,1,0
1,2,6,1,2,5,2,2,1,1,7,1,1,1,1,37000,1,1,1,0
1,1,2,1,14,10,1,2,1,1,1,1,1,1,4,200000,1,1,1,0
2,1,2,2,3,5,2,3,1,1,1,1,2,1,4,78000,1,1,1,0
1,1,2,1,5,6,2,1,1,1,1,1,1,1,2,142000,1,1,1,0
1,1,4,6,1,9,3,3,1,1,5,1,1,1,2,95000,1,1,1,0
1,1,2,1,4,4,3,3,1,1,7,1,1,1,1,61000,1,1,1,0
1,1,2,4,3,4,3,3,1,1,7,1,1,1,4,93500,1,1,1,0
1,1,1,2,1,3,3,3,1,1,1,4,1,1,4,165000,1,1,1,0
1,3,1,1,1,8,3,3,1,1,7,1,1,1,1,105000,1,1,1,0
2,1,2,4,1,3,2,1,1,1,1,1,2,1,2,145000,1,1,1,0
2,1,2,1,1,6,3,1,1,1,7,2,2,1,2,160000,1,1,1,0
1,1,1,1,1,5,3,4,1,1,5,4,2,1,3,100000,1,1,1,0
1,1,6,1,1,4,1,4,1,1,8,1,1,1,4,100000,1,1,1,0
1,1,2,1,1,5,1,1,1,1,7,1,1,1,4,55000,1,1,1,0
1,1,3,9,1,9,2,2,1,2,7,1,2,1,2,83000,1,1,1,0
1,1,2,6,1,5,2,2,1,1,7,1,1,1,4,11000,1,1,1,0
2,2,3,9,15,4,2,4,1,1,1,1,1,1,4,30000,1,1,1,0
1,2,1,1,1,6,3,4,1,1,1,1,1,1,1,38000,1,1,1,0
1,1,3,1,1,7,2,1,1,1,1,1,2,1,2,115000,1,1,1,0
1,1,2,1,1,1,2,4,2,1,7,1,1,1,1,65000,1,1,1,0
1,1,2,1,4,5,2,1,1,1,1,1,1,1,4,80000,1,1,1,0
2,1,3,1,13,5,2,4,1,1,6,1,1,1,4,73000,1,1,1,0
2,2,2,7,1,9,1,1,1,1,1,5,2,1,3,105000,1,1,1,0
1,3,1,1,1,4,2,1,1,1,1,1,1,1,1,30000,1,1,1,0
1,1,2,1,1,2,3,1,1,1,2,1,2,1,3,156000,1,1,1,0
1,1,2,1,1,5,2,3,2,2,1,1,1,1,1,77500,1,1,1,0
1,1,2,1,2,5,3,3,1,1,6,1,1,1,4,85000,1,1,1,0
1,3,1,3,1,10,2,3,1,1,5,1,1,1,2,80000,1,1,1,0
1,1,1,10,1,5,3,1,1,1,6,1,1,1,4,120000,1,1,1,0
1,1,2,1,5,5,2,3,1,1,1,1,2,1,4,110000,1,1,1,0
1,1,2,4,1,5,2,1,1,1,7,1,2,1,4,115000,1,1,1,0
1,1,2,7,1,8,2,1,2,1,4,4,1,1,4,63000,1,1,1,0
1,2,2,1,1,4,3,1,1,1,6,3,1,1,4,84000,1,1,1,0
2,1,2,1,1,1,3,3,1,1,1,1,1,1,4,130000,1,1,1,0
1,2,2,6,2,6,2,1,1,1,1,5,2,1,2,126000,1,1,1,0
2,1,2,5,2,4,2,1,1,1,2,1,1,1,4,75000,1,1,1,0
2,1,2,6,18,6,3,1,1,1,5,5,2,1,2,74000,1,1,1,0
2,1,2,8,1,7,2,1,1,1,7,1,2,1,2,160000,1,1,1,0
1,1,2,1,13,5,3,4,1,1,1,1,1,1,4,135000,1,1,1,0
1,1,1,11,12,5,1,2,1,1,6,1,1,1,4,100000,1,1,1,0
1,1,3,7,1,7,2,4,1,1,1,1,2,1,3,80000,1,1,1,0
2,1,2,4,1,2,3,4,1,1,7,1,2,1,5,112000,1,1,1,0
1,3,2,1,16,4,3,1,1,1,7,1,1,1,4,48000,1,1,1,0
1,3,2,7,5,8,2,2,2,1,8,1,2,1,4,85000,1,1,1,0
2,1,2,1,12,10,3,1,1,1,5,1,1,1,3,118000,1,1,1,0
1,1,5,9,18,6,3,3,1,1,8,1,2,1,4,180000,1,1,1,0
2,1,2,10,2,5,2,1,1,1,6,1,1,1,2,65000,1,1,1,0
1,1,2,1,6,5,1,4,1,1,1,1,1,1,4,85000,1,1,1,0
1,1,3,1,1,6,2,4,1,1,1,5,1,1,4,180000,1,1,1,0
1,1,2,1,2,5,2,4,1,1,2,1,1,1,4,85400,1,1,1,0
1,1,2,1,1,4,2,1,1,2,8,1,1,1,1,80000,1,1,1,0
1,1,3,1,1,9,2,3,1,1,7,1,2,1,2,135000,1,1,1,0
1,1,1,4,1,5,2,4,1,1,2,5,1,1,2,132000,1,1,1,0
1,1,2,6,11,6,2,3,1,1,1,1,1,1,4,70000,1,1,1,0
1,1,2,1,1,4,3,1,1,1,7,1,1,1,1,90000,1,1,1,0
1,1,1,1,1,6,1,1,1,1,5,1,2,1,4,75000,1,1,1,0
1,1,2,6,1,7,2,1,1,1,5,5,2,1,2,150000,1,1,1,0
2,1,3,7,1,8,3,4,2,2,1,1,1,1,2,102500,1,1,1,0
1,2,6,6,1,5,3,1,1,1,4,2,1,1,1,7500,1,1,1,0
1,2,2,1,1,4,2,3,1,1,6,6,1,1,1,92400,1,1,1,0
1,1,2,1,17,9,2,3,1,1,1,1,2,1,2,100000,1,1,1,0
1,1,8,3,1,1,3,1,1,1,4,1,1,1,1,29120,1,1,1,0
1,1,2,9,1,4,2,4,1,1,1,1,2,1,4,86000,1,1,1,0
1,1,2,1,6,2,3,2,1,1,7,1,2,1,3,120000,1,1,1,0
2,1,3,1,1,4,2,3,1,1,7,1,2,1,4,145000,1,1,1,0
1,1,2,1,1,6,1,1,1,1,7,1,1,1,4,213000,1,1,1,0
1,2,2,1,1,5,3,3,1,1,4,1,1,1,4,115000,1,1,1,0
1,1,2,1,18,11,2,1,1,1,6,1,1,1,2,117000,1,1,1,0
1,1,1,3,3,5,2,4,1,1,2,1,2,1,4,125000,1,1,1,0
1,1,3,6,1,7,2,4,1,1,7,1,1,1,4,138000,1,1,1,0
1,1,2,5,3,5,3,3,1,1,4,1,2,1,4,88500,1,1,1,0
1,1,2,1,1,1,2,4,1,1,1,6,1,1,4,1560000,1,1,1,0
1,1,4,1,3,2,1,2,1,1,8,1,2,1,5,105000,1,1,1,0
1,1,4,1,1,3,2,1,1,1,7,1,1,1,2,60000,1,1,1,0
1,1,1,12,2,2,3,1,2,1,2,1,1,1,5,72000,1,1,1,0
2,1,3,6,1,5,2,4,1,1,2,1,1,1,4,14400,1,1,1,0
1,1,1,2,1,6,2,4,1,1,4,1,2,1,4,100000,1,1,1,0
2,1,2,1,1,1,2,1,1,1,8,1,1,1,4,130000,1,1,1,0
1,1,3,1,2,5,3,4,1,1,7,1,2,1,4,115000,1,1,1,0
1,1,4,1,1,6,3,4,1,3,2,1,1,1,4,72737,1,1,1,0
1,1,3,1,1,7,2,4,1,1,1,1,1,1,4,100000,1,1,1,0
1,1,3,6,1,7,3,1,1,1,7,1,1,1,2,160000,1,1,1,0
1,1,3,6,11,5,3,3,1,1,6,5,1,1,4,92000,1,1,1,0
1,1,3,1,2,5,2,3,1,1,7,2,1,1,4,130000,1,1,1,0
1,1,1,1,1,3,1,3,2,1,7,1,1,1,2,92500,1,1,1,0
1,1,5,10,4,3,3,1,1,1,2,1,1,1,2,95000,1,1,1,0
1,1,2,1,1,1,2,1,1,3,2,1,1,1,4,103000,1,1,1,0
1,1,2,1,9,1,2,2,1,1,7,1,1,1,4,35000,1,1,1,0
1,1,2,4,1,4,2,1,1,1,7,4,2,1,2,103100,1,1,1,0
2,1,2,10,1,3,2,2,1,1,8,1,2,1,3,125000,1,1,1,0
1,1,3,6,1,11,2,1,1,1,7,1,2,1,3,105000,1,1,1,0
1,1,2,1,5,4,2,4,1,1,7,1,1,1,1,150000,1,1,1,0
1,1,1,6,6,3,2,3,1,1,3,1,1,1,3,89000,1,1,1,0
1,1,3,7,8,9,3,3,1,1,1,1,2,1,4,56000,1,1,1,1
1,1,2,9,1,4,2,3,1,2,7,1,1,1,1,76000,1,1,1,0
1,1,2,1,2,3,2,2,1,1,7,1,2,1,2,98000,1,1,1,0
1,3,2,1,1,5,2,1,1,1,1,4,2,1,2,93000,1,1,1,0
1,1,1,1,1,9,3,2,1,1,5,1,1,1,1,130000,1,1,1,0
1,1,3,1,1,9,2,4,1,1,6,1,2,1,2,115000,1,1,1,0
1,1,1,6,1,9,3,1,1,1,2,1,2,1,2,175000,1,1,1,0
2,1,2,1,2,11,1,1,1,1,1,1,2,1,1,135000,1,1,1,0
1,1,1,6,1,4,2,1,1,1,7,1,1,1,4,112000,1,1,1,0
1,1,2,1,1,5,3,1,1,1,7,1,1,1,1,77000,1,1,1,0
2,1,3,1,2,2,2,1,1,1,1,1,2,1,3,113000,1,1,1,0
2,1,2,9,3,5,2,3,2,2,8,1,1,1,4,118000,1,1,1,0
1,1,2,1,3,1,3,2,1,1,1,1,1,1,4,130000,1,1,1,0
1,1,6,1,6,11,3,4,1,1,2,1,1,1,3,110000,1,1,1,0
1,1,1,1,1,1,1,2,1,1,1,1,1,1,4,75000,1,1,1,0
1,1,1,7,2,8,2,1,2,2,6,4,1,1,1,90000,1,1,1,0
1,2,3,7,11,3,3,3,2,1,1,1,1,1,3,85000,1,1,1,0
1,1,2,7,2,8,3,2,2,3,8,3,1,1,4,100000,1,1,1,0
1,1,2,1,8,1,2,4,1,1,7,1,1,1,4,55000,1,1,1,1
1,1,2,2,1,1,1,1,1,1,4,1,2,1,4,140000,1,1,1,0
2,1,6,1,2,5,3,1,1,1,8,1,1,1,4,90000,1,1,1,0
1,1,2,1,1,4,2,2,1,1,5,1,1,1,1,75000,1,1,1,0
1,1,2,1,3,9,3,4,2,1,6,2,1,1,2,1380000,1,1,1,0
1,1,2,1,1,2,2,3,1,1,7,1,2,1,3,125000,1,1,1,0
1,1,2,7,1,6,3,1,1,1,1,1,1,1,4,96000,1,1,1,0
1,1,2,1,1,1,2,4,1,1,6,1,1,1,4,50000,1,1,1,0
2,1,2,1,4,5,2,4,1,1,7,1,1,1,4,116000,1,1,1,0
1,1,2,3,2,9,2,2,1,1,1,1,2,1,3,115000,1,1,1,0
1,1,3,1,1,1,3,4,1,1,5,4,1,1,2,120000,1,1,1,0
2,1,2,3,12,1,2,4,2,1,7,1,1,1,4,80000,1,1,1,0
1,1,2,1,1,1,1,1,1,1,4,1,1,1,4,165000,1,1,1,0
1,1,2,2,6,4,2,4,2,2,1,1,1,1,4,45000,1,1,1,0
1,1,2,1,2,8,3,3,1,1,2,1,2,1,1,120000,1,1,1,0
1,1,2,1,1,4,2,4,1,1,8,4,1,1,1,113000,1,1,1,0
1,1,3,2,2,7,2,2,1,1,2,1,2,1,2,77000,1,1,1,0
1,1,2,9,13,6,1,1,1,1,2,1,1,1,4,52000,1,1,1,0
1,1,3,1,1,5,2,1,1,1,7,5,1,1,4,46554,1,1,1,0
2,1,3,1,1,10,2,1,1,2,1,3,2,1,2,150000,1,1,1,0
1,3,2,9,1,8,2,4,1,1,7,1,1,1,1,55000,1,1,1,0
1,1,2,1,1,1,3,4,1,1,6,1,1,1,4,60000,1,1,1,0
1,1,2,1,2,3,2,4,1,1,7,1,1,1,6,75000,1,1,1,0
1,1,2,1,1,10,2,3,1,1,7,1,1,1,3,128000,1,1,1,0
1,1,3,1,1,6,3,4,1,1,7,2,2,1,2,220000,1,1,1,0
1,1,2,1,1,10,2,3,1,1,4,1,2,1,3,125000,1,1,1,0
1,3,2,1,1,4,1,3,1,1,2,1,1,1,4,65000,1,1,1,0
1,1,2,1,1,6,2,1,1,1,1,1,1,1,4,115000,1,1,1,0
2,1,3,3,1,4,3,4,2,1,1,1,1,1,4,95000,1,1,1,0
1,1,2,10,5,4,2,3,1,3,8,3,1,1,4,90000,1,1,1,0
1,1,3,6,1,5,3,3,1,1,7,1,1,1,4,115000,1,1,1,0
1,1,4,5,1,1,3,1,1,1,5,1,2,1,2,76000,1,1,1,0
1,1,2,1,2,5,2,2,1,1,7,2,1,1,1,100000,1,1,1,0
2,1,2,1,1,9,2,3,1,1,1,1,2,1,2,145000,1,1,1,0
1,1,3,1,18,6,2,1,1,1,6,1,1,1,4,106000,1,1,1,0
1,1,2,1,2,5,1,1,2,2,7,1,1,1,1,71720,1,1,1,0
1,1,1,7,1,4,2,3,2,1,8,4,1,1,4,72500,1,1,1,0
2,1,3,1,2,1,2,4,1,1,1,1,1,1,4,70000,1,1,1,0
1,1,3,5,3,9,2,1,1,1,1,1,1,1,2,90000,1,1,1,0
2,1,2,6,2,6,2,3,1,1,2,1,1,1,2,100000,1,1,1,0
2,1,2,1,2,5,2,2,1,1,7,1,1,1,1,78000,1,1,1,0
2,1,3,1,1,5,2,4,2,1,1,1,2,1,2,102000,1,1,1,0
1,1,3,1,1,11,2,3,1,1,5,4,2,1,3,165000,1,1,1,0
1,1,2,1,1,7,2,1,1,1,1,1,2,1,2,113022,1,1,1,0
1,1,3,1,1,6,2,4,1,1,7,5,1,1,4,140000,1,1,1,0
1,1,2,1,1,2,2,1,1,1,7,1,1,1,3,250000,1,1,1,0
2,1,3,1,1,2,2,3,1,1,6,1,1,1,5,147000,1,1,1,0
1,1,2,3,1,2,1,1,1,1,1,1,2,1,2,97000,1,1,1,0
1,1,2,5,1,3,1,4,1,1,2,1,1,1,4,47507,1,1,1,0
1,1,2,4,2,9,2,3,1,1,5,1,1,1,3,106000,1,1,1,0
1,1,2,1,6,5,2,4,1,2,7,1,1,1,4,110000,1,1,1,0
1,1,2,1,1,2,3,4,1,1,7,1,2,1,2,1908000,1,1,1,0
1,2,3,10,11,5,2,1,1,1,1,1,2,1,1,80000,1,1,1,0
1,1,2,6,14,6,3,1,1,2,7,2,1,1,1,130000,1,1,1,0
1,1,6,9,1,4,2,3,1,2,5,1,1,1,4,47500,1,1,1,0
1,1,4,5,1,7,2,1,1,1,9,5,2,1,4,95000,1,1,1,0
1,1,2,1,1,3,2,1,1,1,7,1,2,1,2,80000,1,1,1,0
1,1,2,1,1,7,2,3,1,1,7,1,1,1,4,1356000,1,1,1,0
1,1,2,1,1,7,3,4,1,1,7,1,2,1,4,102000,1,1,1,0
1,1,2,1,18,1,3,1,1,2,1,1,1,1,4,75000,1,1,1,0
1,1,2,6,1,5,2,2,1,1,1,1,1,1,4,73000,1,1,1,0
1,1,2,1,1,7,3,4,1,1,7,1,2,1,2,100000,1,1,1,0
2,1,3,1,4,7,4,1,1,1,8,1,2,1,2,200000,1,1,1,0
2,1,2,3,1,1,3,4,1,3,7,1,1,1,4,93000,1,1,1,0
1,1,2,1,1,1,2,4,1,1,2,3,1,1,1,121500,1,1,1,0
1,1,2,1,5,1,2,4,1,1,6,1,1,1,4,150000,1,1,1,0
1,1,2,1,2,7,3,4,1,1,7,1,2,1,2,114000,1,1,1,0
2,1,1,1,1,6,1,1,1,2,7,1,1,1,4,85000,1,1,1,0
1,1,1,1,2,6,3,3,1,1,7,1,1,1,1,110000,1,1,1,0
1,1,3,3,3,1,2,2,1,1,1,1,2,1,2,82000,1,1,1,0
1,1,3,6,2,4,3,1,1,1,7,1,1,1,4,110000,1,1,1,0
1,1,2,1,1,4,2,4,2,1,8,1,1,1,1,70000,1,1,1,0
1,1,2,1,3,3,3,1,1,1,1,1,2,1,2,92000,1,1,1,0
1,1,2,3,1,1,2,4,1,1,1,1,1,1,4,54000,1,1,1,0
1,1,2,1,2,5,1,1,1,1,4,1,1,1,4,90000,1,1,1,0
1,2,2,1,1,10,2,3,1,1,1,1,2,1,3,127000,1,1,1,0
2,1,2,5,3,5,3,1,2,1,1,1,1,1,4,80000,1,1,1,0
2,1,3,1,1,1,2,1,2,1,6,1,2,1,4,128000,1,1,1,0
2,1,1,12,1,4,2,1,1,1,5,4,1,1,4,80000,1,1,1,0
1,1,2,1,1,3,2,1,1,1,7,1,1,1,4,215000,1,1,1,0
1,1,6,1,2,3,3,1,1,1,5,1,1,1,2,135000,1,1,1,0
1,1,2,2,1,6,2,1,1,1,7,1,2,1,2,52000,1,1,1,0
2,1,2,1,5,5,3,1,2,1,7,1,1,1,4,159000,1,1,1,0
1,1,6,1,5,5,1,1,1,1,1,4,2,1,4,121000,1,1,1,0
2,1,1,1,1,5,2,1,1,1,4,1,2,1,4,60000,1,1,1,0
1,1,1,4,1,3,2,4,1,1,5,1,2,1,3,100000,1,1,1,0
1,2,3,1,1,4,2,3,1,1,7,5,1,1,4,780000,1,1,1,0
1,1,2,3,1,6,2,3,1,1,2,1,2,1,2,80000,1,1,1,0
1,1,3,1,11,6,2,4,1,1,6,1,1,1,4,70000,1,1,1,0
1,1,1,6,1,1,3,1,1,1,6,1,2,1,4,57000,1,1,1,0
1,1,2,1,1,6,2,1,1,1,1,1,1,1,4,76000,1,1,1,0
1,1,3,1,13,5,2,3,1,1,1,1,2,1,2,85000,1,1,1,0
2,2,2,4,4,5,2,4,1,3,6,1,1,1,4,30000,1,1,1,0
2,1,3,1,2,1,2,4,1,1,7,1,2,1,4,105000,1,1,1,0
1,1,2,1,1,10,2,3,2,1,6,1,2,1,2,153000,1,1,1,0
2,1,2,1,1,5,2,1,1,1,1,1,1,1,4,65000,1,1,1,0
1,3,2,1,2,9,2,4,1,1,2,1,2,1,4,100000,1,1,1,0
1,2,1,1,9,1,2,1,1,3,5,1,1,1,1,10000,1,1,1,0
1,1,1,1,1,2,2,4,1,1,5,1,2,1,3,110000,1,1,1,0
2,1,2,7,3,4,2,3,2,1,7,1,1,1,4,110000,1,1,1,0
1,1,2,1,1,4,1,4,1,1,6,2,1,1,1,70000,1,1,1,0
1,1,2,1,1,2,3,4,1,1,7,1,1,1,5,49000,1,1,1,0
1,1,2,1,1,1,2,4,1,1,2,1,1,1,4,2000000,1,1,1,0
1,1,4,1,1,9,2,4,1,1,2,1,2,1,3,95000,1,1,1,0
1,1,2,1,3,5,2,4,2,3,1,1,1,1,2,94000,1,1,1,0
1,1,2,6,18,5,1,1,1,1,1,1,1,1,1,65000,1,1,1,0
1,1,2,4,1,4,3,2,1,1,7,1,1,1,4,90000,1,1,1,0
2,1,2,1,13,4,2,3,2,1,7,7,1,1,1,62000,1,1,1,0
1,1,2,1,1,3,2,3,1,1,1,1,2,1,4,312000,1,1,1,0
1,1,1,3,1,3,1,1,1,4,7,7,2,1,2,78400,1,1,1,0
2,1,1,2,1,5,3,1,1,1,4,1,2,1,4,76600,1,1,1,0
1,2,4,1,8,4,2,4,1,1,1,5,1,1,1,37000,1,1,1,1
1,1,3,1,1,2,2,1,1,3,7,1,1,1,3,140000,1,1,1,0
1,1,9,9,1,6,2,4,1,1,8,1,1,1,2,90000,1,1,1,0
1,1,3,4,11,4,3,3,1,1,1,1,1,1,4,100000,1,1,1,0
2,1,3,3,14,9,1,3,1,1,1,1,2,1,4,158000,1,1,1,0
1,2,1,1,1,5,1,1,1,1,2,1,2,1,1,43680,1,1,1,0
1,3,2,1,1,4,3,1,1,1,2,5,1,1,3,66000,1,1,1,0
1,1,2,1,1,5,2,2,1,1,7,3,1,1,4,60000,1,1,1,0
2,1,5,9,1,6,2,1,1,1,8,1,2,1,2,125000,1,1,1,0
2,1,2,1,2,1,1,3,1,1,2,7,1,1,4,90500,1,1,1,0
1,1,2,7,1,1,3,4,1,1,7,1,2,1,2,120000,1,1,1,0
2,1,2,1,3,5,3,1,1,1,4,1,2,1,4,69000,1,1,1,0
1,1,2,1,8,10,3,1,1,1,7,1,2,1,2,95000,1,1,1,1
1,1,1,1,1,7,2,4,1,1,7,1,2,1,4,85000,1,1,1,0
1,1,2,3,1,4,2,4,1,1,5,7,2,1,4,52000,1,1,1,0
1,1,1,1,14,1,2,4,1,1,7,1,1,1,4,130000,1,1,1,0
1,1,2,10,7,8,3,3,1,1,7,1,2,1,4,60000,1,1,1,0
1,1,1,1,1,7,2,4,1,1,5,1,2,1,4,200000,1,1,1,0
1,1,2,1,1,5,2,1,1,1,1,1,1,1,1,98000,1,1,1,0
1,1,1,1,13,7,2,1,1,1,2,7,2,1,4,148512,1,1,1,0
2,1,2,1,1,5,2,4,1,1,6,2,1,1,1,81000,1,1,1,0
1,1,4,7,9,2,1,2,1,1,4,1,2,1,5,240000,1,1,1,0
1,1,1,12,2,6,3,1,1,1,2,1,2,1,4,130000,1,1,1,0
2,1,1,9,13,5,3,4,1,1,7,1,1,1,2,147000,1,1,1,0
2,1,2,7,1,3,2,3,1,1,7,1,2,1,2,135000,1,1,1,0
2,1,3,1,1,7,3,1,1,1,5,1,2,1,4,108000,1,1,1,0
2,1,2,1,1,4,3,3,2,1,7,1,1,1,1,80000,1,1,1,0
1,1,1,2,3,4,3,4,1,3,1,1,1,1,4,127000,1,1,1,0
1,1,2,1,13,5,2,1,2,1,7,1,1,1,1,66000,1,1,1,0
1,1,2,1,1,5,3,4,1,1,1,1,2,1,6,88000,1,1,1,0
1,1,2,8,2,4,3,1,1,1,4,1,1,1,4,84000,1,1,1,0
1,1,2,1,1,1,2,1,1,1,4,6,1,1,4,66500,1,1,1,0
1,1,2,4,1,1,2,1,1,1,1,1,1,1,2,79000,1,1,1,0
1,1,2,1,1,3,2,1,2,1,6,1,1,1,4,170000,1,1,1,0
2,1,3,1,13,7,3,1,1,1,5,1,2,1,4,91068,1,1,1,0
1,3,2,1,1,1,1,1,1,3,4,1,1,1,4,55000,1,1,1,0
2,1,3,8,1,7,2,3,1,1,6,1,1,1,4,105000,1,1,1,0
1,1,2,1,1,7,2,1,1,1,1,1,2,1,4,120000,1,1,1,0
1,1,3,8,11,8,3,4,2,3,6,1,1,1,4,85000,1,1,1,0
1,1,2,1,1,1,2,1,1,1,7,6,2,1,4,130000,1,1,1,0
1,1,2,10,1,2,2,4,1,1,2,1,2,1,3,120000,1,1,1,0
1,1,2,1,1,1,2,1,1,1,7,1,1,1,4,140000,1,1,1,0
1,1,2,1,1,4,3,3,1,1,1,4,1,1,4,85000,1,1,1,0
2,1,2,6,4,4,1,3,2,1,7,1,1,1,1,74000,1,1,1,0
1,1,2,5,1,1,2,3,1,1,7,1,2,1,2,138000,1,1,1,0
1,1,3,9,5,1,3,2,1,1,6,1,2,1,2,150000,1,1,1,0
2,1,2,1,1,1,2,4,1,1,1,1,1,1,4,110000,1,1,1,0
1,1,2,1,1,1,2,3,1,1,2,3,1,1,4,93600,1,1,1,0
2,1,3,3,1,9,2,3,1,1,5,1,1,1,2,127000,1,1,1,0
1,1,1,12,2,5,1,1,1,1,1,2,1,1,4,140000,1,1,1,0
2,1,3,1,1,4,3,1,1,1,1,5,2,1,2,80000,1,1,1,0
2,1,2,1,1,2,3,2,1,1,8,1,1,1,7,150000,1,1,1,0
1,1,2,1,1,7,2,4,1,1,4,1,2,1,2,85000,1,1,1,0
1,1,1,2,6,8,2,1,2,1,7,1,2,1,3,62500,1,1,1,0
1,1,2,1,2,11,2,4,1,1,1,1,2,1,2,175000,1,1,1,0
1,1,2,1,3,3,3,3,2,1,7,1,1,1,2,55000,1,1,1,0
2,1,3,2,2,4,2,1,2,1,1,1,1,1,4,95000,1,1,1,0
1,1,9,4,8,8,2,3,1,1,8,1,1,1,3,95000,1,1,1,1
1,1,2,1,13,5,1,4,1,1,7,2,1,1,4,160000,1,1,1,0
1,1,2,4,11,5,3,3,2,1,8,1,1,1,4,90000,1,1,1,0
1,3,2,3,1,5,3,2,1,1,7,4,1,1,4,70000,1,1,1,0
1,1,2,1,2,5,2,1,1,2,7,1,1,1,1,55000,1,1,1,0
1,1,3,4,4,4,3,4,1,1,7,1,2,1,4,110000,1,1,1,0
1,1,6,1,1,3,2,4,1,1,6,1,2,1,2,190000,1,1,1,0
1,1,2,1,1,1,2,1,1,1,2,1,1,1,4,87000,1,1,1,0
1,1,2,6,11,8,3,2,1,1,1,1,2,1,4,80500,1,1,1,0
2,1,3,1,2,7,3,1,1,4,4,5,2,1,2,215000,1,1,1,0
1,1,3,1,1,2,2,1,1,1,6,1,2,1,3,130000,1,1,1,0
1,1,2,11,1,3,2,3,1,1,4,1,2,1,2,137500,1,1,1,0
1,1,6,1,11,8,1,1,1,1,3,2,1,1,4,40,1,1,1,0
1,1,2,1,1,5,3,3,1,1,7,1,2,1,4,80000,1,1,1,0
1,1,3,6,1,6,2,1,1,1,7,1,2,1,2,125000,1,1,1,0
1,1,2,1,1,7,3,1,1,1,5,1,1,1,4,140000,1,1,1,0
1,1,3,1,3,1,2,3,1,1,2,4,2,1,4,80000,1,1,1,0
1,1,2,8,1,3,1,3,1,1,8,1,1,1,2,75000,1,1,1,0
1,1,3,1,14,9,3,1,1,1,1,1,2,1,2,180000,1,1,1,0
1,1,2,1,1,5,2,3,1,1,7,1,1,1,4,165000,1,1,1,0
1,1,2,1,1,1,2,2,1,1,6,1,1,1,1,101000,1,1,1,0
1,1,2,1,2,1,1,4,1,1,9,4,2,1,4,105000,1,1,1,0
1,1,2,1,1,5,3,2,1,1,7,1,2,1,2,139000,1,1,1,0
2,1,3,9,1,4,1,3,2,2,1,1,1,1,4,125000,1,1,1,0
2,2,1,1,3,4,2,3,1,1,2,1,2,1,4,60000,1,1,1,0
1,1,1,1,1,6,2,1,1,1,2,1,2,1,4,46000,1,1,1,0
1,1,2,8,12,8,2,4,1,1,7,1,1,1,1,49000,1,1,1,0
2,1,2,10,1,6,3,4,1,1,8,2,2,1,3,140000,1,1,1,0
1,1,2,1,1,11,2,1,1,1,1,1,2,1,2,160000,1,1,1,0
1,1,2,7,1,4,2,1,1,1,6,1,1,1,4,54000,1,1,1,0
2,1,2,7,1,8,2,3,1,1,7,1,1,1,1,60000,1,1,1,0
1,1,1,1,1,4,2,1,1,1,7,1,1,1,2,90000,1,1,1,0
1,1,3,6,1,5,1,1,1,1,7,3,1,1,4,95000,1,1,1,0
1,2,2,6,7,5,2,1,1,1,1,2,1,1,1,96000,1,1,1,0
1,1,2,1,1,9,2,1,1,1,7,1,2,1,2,115000,1,1,1,0
1,1,2,1,1,4,2,1,1,1,1,1,1,1,1,55000,1,1,1,0
1,1,3,10,1,5,2,2,1,1,7,4,1,1,2,110000,1,1,1,0
1,1,3,8,1,3,3,1,1,1,7,1,2,1,2,135000,1,1,1,0
1,3,1,1,11,5,4,1,1,1,5,1,1,1,1,37440,1,1,1,0
1,2,2,1,18,4,2,1,1,1,1,1,1,1,1,85000,1,1,1,0
1,1,1,1,8,2,1,2,1,1,1,1,2,1,3,75000,1,1,1,1
1,1,2,9,1,4,2,2,1,1,1,1,1,1,4,125000,1,1,1,0
1,1,2,1,18,5,2,2,1,3,1,1,1,1,1,72000,1,1,1,0
1,1,3,1,1,3,2,4,1,1,1,5,1,1,4,102000,1,1,1,0
1,1,1,1,1,6,2,4,1,1,8,1,1,1,4,100000,1,1,1,0
1,1,2,1,1,1,3,4,1,1,7,1,1,1,4,147000,1,1,1,0
1,1,2,4,1,5,1,3,1,3,4,1,2,1,2,106000,1,1,1,0
1,1,2,1,1,1,2,3,1,1,7,4,2,1,4,150000,1,1,1,0
1,3,2,9,2,4,3,3,1,1,1,1,2,1,4,77000,1,1,1,0
1,1,2,10,1,2,2,1,1,1,5,1,2,1,3,220000,1,1,1,0
1,1,1,1,1,10,2,1,1,1,1,1,1,1,2,145000,1,1,1,0
1,1,3,1,1,1,2,3,1,2,6,1,1,1,4,84000,1,1,1,0
1,1,2,1,13,5,2,3,1,1,7,1,1,1,4,69200,1,1,1,0
2,3,2,7,15,8,2,4,2,3,1,1,1,1,4,85000,1,1,1,0
1,1,3,1,14,10,2,4,1,1,7,1,2,1,2,155000,1,1,1,0
1,1,2,7,1,4,2,3,1,1,1,1,1,1,4,100000,1,1,1,0
1,1,3,1,1,1,3,4,1,1,6,1,2,1,4,80000,1,1,1,0
1,1,2,1,1,5,2,4,1,1,1,1,1,1,4,70000,1,1,1,0
1,1,2,1,13,6,3,1,2,1,8,1,1,1,4,72000,1,1,1,0
1,1,3,6,15,4,3,3,1,1,4,1,1,1,4,95000,1,1,1,0
1,1,2,4,4,4,3,3,1,1,1,2,1,1,1,109000,1,1,1,0
1,1,1,5,2,6,2,4,1,1,5,1,2,1,2,107000,1,1,1,0
1,2,2,1,1,4,3,1,1,1,7,2,1,1,4,85000,1,1,1,0
2,1,5,1,1,11,3,2,1,1,7,7,2,1,3,150000,1,1,1,0
1,1,2,1,1,4,2,4,1,1,8,6,1,1,4,50000,1,1,1,0
2,1,2,1,1,5,4,1,1,1,7,4,1,1,4,2000000,1,1,1,0
1,1,3,10,4,6,3,3,1,1,1,1,2,1,2,100000,1,1,1,0
1,1,4,1,1,2,2,3,1,1,1,1,1,1,3,150000,1,1,1,0
1,1,2,1,2,5,2,2,1,1,7,3,1,1,4,68000,1,1,1,0
1,1,2,1,1,8,2,3,1,1,7,2,1,1,1,72000,1,1,1,0
1,1,2,3,11,4,2,4,2,2,7,4,1,1,4,53000,1,1,1,0
2,1,2,1,7,5,1,3,1,1,1,1,1,1,1,83000,1,1,1,0
1,1,1,1,1,6,2,2,1,1,4,1,1,1,4,133900,1,1,1,0
1,1,2,4,3,9,3,3,2,1,6,1,1,1,2,74000,1,1,1,0
1,1,2,3,2,5,1,4,1,1,4,1,1,1,1,40000,1,1,1,0
1,1,3,1,12,11,2,3,1,1,1,1,2,1,2,73000,1,1,1,0
1,1,4,1,1,6,2,3,1,1,7,1,2,1,2,100000,1,1,1,0
1,1,2,6,3,7,2,3,1,1,1,1,2,1,3,105000,1,1,1,0
2,1,3,1,5,11,2,4,1,1,4,1,2,1,3,225000,1,1,1,0
1,1,2,1,1,3,2,4,1,1,1,1,2,1,3,107000,1,1,1,0
2,1,2,1,1,5,1,4,1,1,7,4,1,1,1,129000,1,1,1,0
1,1,2,1,8,9,2,2,2,2,1,1,1,1,2,150000,1,1,1,1
2,1,2,3,1,7,3,2,2,1,1,1,1,1,2,60000,1,1,1,0
1,1,3,1,1,1,2,1,1,1,1,1,1,1,4,100000,1,1,1,0
1,1,2,1,1,7,3,3,1,1,7,1,1,1,4,1500000,1,1,1,0
1,1,2,1,1,4,1,1,1,1,4,1,1,1,1,63000,1,1,1,0
2,1,2,10,2,4,3,4,2,1,7,1,2,1,4,13000,1,1,1,0
1,1,4,1,1,6,2,4,1,1,1,1,2,1,2,110000,1,1,1,0
1,1,2,8,2,4,2,3,1,1,1,1,1,1,4,87500,1,1,1,0
1,1,1,1,2,4,2,1,1,1,1,1,1,1,4,70000,1,1,1,0
1,1,3,10,1,1,2,3,1,1,7,1,1,1,4,145000,1,1,1,0
1,2,1,1,4,4,4,2,1,1,6,1,1,1,1,66000,1,1,1,0
2,1,2,10,11,8,2,3,1,1,7,1,1,1,1,1200000,1,1,1,0
1,1,2,1,1,5,2,1,1,1,5,4,1,1,4,112000,1,1,1,0
2,1,2,1,12,7,2,1,1,1,7,1,1,1,2,91000,1,1,1,0
1,1,2,1,3,6,1,4,1,4,7,1,1,1,4,170000,1,1,1,0
1,3,3,10,2,2,2,2,1,1,2,1,1,1,5,48000,1,1,1,0
2,1,2,1,1,6,3,2,1,1,7,1,1,1,2,150000,1,1,1,0
2,1,3,1,1,5,2,1,2,1,7,5,1,1,4,1800000,1,1,1,0
1,1,2,1,3,6,2,3,1,1,7,1,1,1,4,75000,1,1,1,0
1,1,2,1,1,6,2,4,1,1,2,1,1,1,4,70000,1,1,1,0
1,1,2,3,3,8,3,4,1,1,7,1,1,1,4,58000,1,1,1,0
1,1,3,10,1,2,2,2,1,1,6,1,1,1,2,135000,1,1,1,0
1,1,2,1,1,7,3,1,1,1,4,1,1,1,4,168000,1,1,1,0
1,1,2,1,1,4,4,1,1,1,1,1,2,1,4,82000,1,1,1,0
1,1,2,1,1,7,3,4,1,1,7,1,1,1,4,108200,1,1,1,0
1,1,2,1,18,3,3,2,1,1,1,1,1,1,2,120000,1,1,1,0
1,1,3,1,5,6,2,2,1,1,7,2,1,1,2,123000,1,1,1,0
1,1,3,1,1,4,3,4,2,1,9,1,1,1,3,98000,1,1,1,0
1,3,2,1,13,5,1,4,1,2,2,1,1,1,1,59000,1,1,1,0
1,1,2,4,15,8,3,1,1,1,8,1,1,1,4,17500,1,1,1,0
1,1,2,3,9,3,1,4,1,1,1,1,1,1,4,68000,1,1,1,0
2,1,1,1,13,6,2,1,1,1,5,1,1,1,4,90000,1,1,1,0
2,1,2,1,13,7,2,4,1,1,1,1,1,1,4,156000,1,1,1,0
1,1,3,9,4,4,1,4,1,1,9,1,1,1,4,45000,1,1,1,0
1,1,3,1,1,2,2,3,1,1,5,1,2,1,5,100000,1,1,1,0
1,1,2,9,1,8,3,1,1,1,5,1,1,1,2,70000,1,1,1,0
1,1,6,1,1,3,2,4,1,1,2,1,1,1,4,60000,1,1,1,0
1,1,1,1,12,9,2,4,1,3,1,1,1,1,2,130000,1,1,1,0
1,1,5,9,1,5,3,3,1,1,4,1,1,1,4,82000,1,1,1,0
1,1,2,1,1,9,2,2,1,1,7,1,2,1,3,130000,1,1,1,0
1,1,1,2,1,4,2,2,1,1,1,1,1,1,4,54000,1,1,1,0
1,1,2,6,18,2,3,2,1,1,7,1,1,1,5,115000,1,1,1,0
1,1,1,1,3,6,2,1,1,1,8,1,1,1,4,100000,1,1,1,0
1,1,2,1,1,8,2,2,1,1,7,1,1,1,1,1000000,1,1,1,0
1,1,3,1,1,3,2,4,1,1,7,1,1,1,4,2000000,1,1,1,0
1,1,3,10,5,3,2,4,1,1,2,1,1,1,4,220000,1,1,1,0
1,1,2,10,1,4,2,4,1,1,9,1,1,1,4,55000,1,1,1,0
1,1,2,1,2,5,1,1,1,1,1,1,1,1,4,75000,1,1,1,0
1,1,2,2,3,7,2,1,1,1,1,1,2,1,2,132000,1,1,1,0
2,1,3,3,1,5,2,1,1,1,7,4,2,1,4,130000,1,1,1,0
1,2,1,1,16,4,2,1,1,1,7,1,1,1,1,30000,1,1,1,0
1,1,3,3,2,1,2,2,1,1,7,1,1,1,4,93000,1,1,1,0
1,1,5,2,1,1,3,4,1,1,8,4,2,1,2,90000,1,1,1,0
2,1,2,1,1,6,2,3,1,1,7,2,1,1,2,120000,1,1,1,0
2,1,2,1,1,7,3,3,1,1,7,1,2,1,2,140000,1,1,1,0
2,1,2,3,1,6,3,2,1,1,4,1,2,1,2,97202,1,1,1,0
1,1,2,1,2,3,3,1,1,1,1,1,2,1,2,120000,1,1,1,0
1,1,2,1,1,5,3,1,1,1,7,1,1,1,4,104500,1,1,1,0
1,1,3,1,1,7,4,4,1,1,8,1,2,1,4,170000,1,1,1,0
2,1,2,1,1,7,1,4,1,1,5,1,2,1,2,102000,1,1,1,0
1,1,2,1,1,9,3,3,1,1,7,1,2,1,2,120000,1,1,1,0
2,3,2,9,1,4,2,3,2,1,6,1,1,1,1,102000,1,1,1,0
2,1,2,7,3,4,3,2,2,2,7,1,1,1,4,49000,1,1,1,0
1,1,2,5,1,1,2,2,1,1,7,1,2,1,4,135000,1,1,1,0
1,1,1,10,1,3,2,3,1,1,7,2,2,1,4,250000,1,1,1,0
1,1,2,1,1,1,3,1,1,1,7,1,1,1,4,73000,1,1,1,0
1,1,1,1,1,1,1,4,1,1,7,1,1,1,1,80000,1,1,1,0
1,1,2,4,2,4,2,4,1,1,7,1,1,1,4,110000,1,1,1,0
1,1,2,1,2,1,3,1,1,1,7,1,2,1,4,78000,1,1,1,0
1,1,6,1,8,5,2,4,1,1,6,1,1,1,1,80000,1,1,1,1
1,1,2,4,2,8,2,3,1,1,8,1,1,1,4,1020000,1,1,1,0
2,1,2,9,2,3,2,4,1,1,1,1,2,1,3,100000,1,1,1,0
1,1,2,1,5,5,2,2,1,1,1,1,1,1,1,102500,1,1,1,0
1,1,2,6,1,3,1,1,1,1,7,2,1,1,3,125000,1,1,1,0
1,1,2,6,2,3,3,1,1,3,7,1,1,1,2,85000,1,1,1,0
1,1,2,1,18,1,3,4,1,1,7,1,1,1,4,82000,1,1,1,0
1,1,3,8,4,4,3,2,1,1,1,1,2,1,2,80000,1,1,1,0
1,1,1,12,1,2,2,1,2,3,1,1,2,1,2,150000,1,1,1,0
1,1,2,6,1,4,2,3,1,1,5,1,1,1,3,85000,1,1,1,0
1,1,6,1,5,4,2,3,1,1,5,1,2,1,2,135000,1,1,1,0
1,1,2,1,1,1,3,1,1,1,7,1,1,1,1,52500,1,1,1,0
2,1,1,9,1,11,2,1,1,1,7,1,1,1,2,200000,1,1,1,0
1,1,9,11,2,8,3,3,1,1,7,4,1,1,4,2000000,1,1,1,0
2,1,2,1,11,5,2,1,1,1,1,5,1,1,4,624000,1,1,1,0
2,3,4,7,3,4,1,1,1,1,7,1,1,1,1,19200,1,1,1,0
1,3,2,1,1,1,2,3,1,1,4,1,1,1,1,70000,1,1,1,0
2,1,2,1,1,11,3,2,1,1,7,1,1,1,3,150000,1,1,1,0
1,1,3,1,1,9,1,1,1,1,7,6,1,1,2,120000,1,1,1,0
1,1,2,1,1,2,1,2,1,1,7,3,2,1,5,450000,1,1,1,0
1,1,2,1,1,2,3,3,1,1,8,1,2,1,2,115000,1,1,1,0
1,1,2,1,1,4,3,3,2,1,7,3,1,1,4,55000,1,1,1,0
1,1,2,1,2,7,3,2,1,3,1,1,1,1,4,55000,1,1,1,0
1,2,2,5,6,4,2,4,2,1,2,1,1,1,4,60000,1,1,1,0
1,1,1,12,3,4,1,4,1,1,1,3,1,1,1,70000,1,1,1,0
1,1,2,1,1,5,1,1,1,1,5,1,1,1,1,75000,1,1,1,0
1,1,2,4,2,1,1,2,1,1,8,1,1,1,2,2000000,1,1,1,0
2,1,3,2,4,7,2,3,2,1,8,1,2,1,2,150000,1,1,1,0
2,1,2,1,2,1,3,2,1,1,7,1,2,1,2,115000,1,1,1,0
1,1,1,1,1,5,3,4,1,1,7,1,1,1,2,58000,1,1,1,0
1,1,2,1,1,9,3,3,1,1,1,1,1,1,2,150000,1,1,1,0
1,1,4,12,14,7,3,1,1,1,5,1,2,1,4,158000,1,1,1,0
1,1,2,1,3,1,2,1,1,1,9,4,1,1,4,150000,1,1,1,0
2,1,3,1,1,11,3,1,1,1,9,1,2,1,3,155000,1,1,1,0
1,1,2,10,2,5,2,1,1,3,5,1,1,1,4,120000,1,1,1,0
1,1,2,6,1,2,2,1,1,1,6,1,2,1,5,165000,1,1,1,0
1,1,2,1,1,2,3,2,1,1,1,1,2,1,3,125000,1,1,1,0
1,1,1,12,1,5,2,1,2,2,1,1,1,1,4,55000,1,1,1,0
1,1,2,1,2,4,2,1,1,1,7,1,1,1,1,63000,1,1,1,0
1,1,2,3,1,9,2,2,1,1,7,1,2,1,3,95000,1,1,1,0
1,1,4,1,1,6,2,2,1,1,2,1,1,1,4,125000,1,1,1,0
2,1,1,1,1,7,2,3,1,1,5,1,2,1,4,2000000,1,1,1,0
1,1,6,1,1,6,2,1,1,1,7,1,2,1,4,62400,1,1,1,0
1,1,5,1,4,7,2,4,1,1,1,1,2,1,4,140000,1,1,1,0
2,1,2,1,18,2,2,1,1,1,8,1,1,1,5,230000,1,1,1,0
1,1,2,2,3,7,3,4,1,1,5,1,2,1,6,125000,1,1,1,0
2,1,2,8,1,4,2,3,1,1,7,1,1,1,4,75000,1,1,1,0
1,1,2,3,1,4,2,4,1,1,7,1,1,1,4,140000,1,1,1,0
1,1,5,9,11,2,3,1,1,1,2,1,2,1,2,67000,1,1,1,0
1,1,3,3,2,4,2,3,1,1,7,1,1,1,4,80000,1,1,1,0
1,1,2,9,11,2,2,1,1,1,2,1,1,1,2,95000,1,1,1,0
1,1,2,6,1,6,3,4,1,1,1,1,1,1,4,200000,1,1,1,0
1,1,3,7,1,4,3,4,2,1,7,1,2,1,2,67000,1,1,1,0
1,1,2,1,1,2,2,2,1,1,5,1,2,1,7,124000,1,1,1,0
1,1,2,1,1,9,3,1,1,1,7,1,2,1,2,154000,1,1,1,0
1,1,3,6,13,5,2,4,1,1,1,1,2,1,4,104000,1,1,1,0
2,1,3,1,1,6,3,1,1,1,7,1,2,1,4,98000,1,1,1,0
1,1,1,3,1,7,1,1,1,1,7,1,1,1,2,130000,1,1,1,0
1,3,2,1,1,11,2,3,1,1,1,1,2,1,2,110500,1,1,1,0
1,1,2,6,7,9,2,4,1,1,1,1,2,1,2,115000,1,1,1,0
1,1,3,1,2,7,1,2,1,1,1,1,1,1,4,130000,1,1,1,0
1,1,2,1,1,4,2,3,1,1,8,1,1,1,4,110000,1,1,1,0
1,1,2,6,1,1,2,3,1,1,4,1,2,1,2,160000,1,1,1,0
1,1,1,1,1,10,3,4,1,1,7,1,2,1,2,450000,1,1,1,0
1,1,3,1,1,1,2,2,1,1,5,1,1,1,4,112000,1,1,1,0
1,1,2,1,18,4,2,1,1,3,1,4,2,1,1,75000,1,1,1,0
1,1,2,8,3,4,3,2,1,1,1,1,2,1,4,65000,1,1,1,0
1,1,2,3,1,4,3,3,1,1,7,2,2,1,4,75000,1,1,1,0
1,1,2,1,1,2,3,3,1,1,5,1,1,1,3,98000,1,1,1,0
1,1,3,6,8,5,3,1,1,1,8,3,1,1,4,90000,1,1,1,1
1,1,4,6,11,10,2,4,1,1,4,1,1,1,3,2000000,1,1,1,0
1,1,2,1,1,1,2,2,1,1,1,1,2,1,4,150000,1,1,1,0
1,1,2,1,1,1,2,4,1,1,1,1,1,1,1,82000,1,1,1,0
1,1,2,1,1,5,3,2,1,1,5,1,1,1,4,115000,1,1,1,0
2,1,1,12,1,10,3,4,1,1,1,1,2,1,3,152000,1,1,1,0
2,1,2,1,3,5,2,1,2,1,6,2,1,1,1,124000,1,1,1,0
1,1,3,6,1,5,3,4,1,1,9,1,1,1,1,220000,1,1,1,0
1,2,1,1,2,4,3,1,1,1,4,1,1,1,1,70000,1,1,1,0
1,1,1,12,1,2,2,1,1,1,2,1,2,1,3,142000,1,1,1,0
1,1,2,1,1,10,2,1,1,1,7,1,1,1,2,90000,1,1,1,0
1,3,1,12,1,4,2,1,1,1,5,1,2,1,4,62400,1,1,1,0
1,1,3,4,11,4,3,4,1,1,8,1,2,1,4,150000,1,1,1,0
1,1,1,2,1,2,3,4,1,1,7,1,2,1,5,70000,1,1,1,0
1,1,2,7,1,2,2,2,1,1,7,1,1,1,5,127000,1,1,1,0
1,2,1,1,1,1,2,4,2,2,6,7,1,1,1,9000,1,1,1,0
1,1,2,1,1,5,2,1,1,3,7,1,1,1,4,87000,1,1,1,0
1,1,5,1,4,5,3,4,1,1,8,1,2,1,4,110000,1,1,1,0
1,1,3,1,1,9,3,4,1,1,7,1,2,1,2,166000,1,1,1,0
1,1,2,6,18,5,3,1,1,1,1,1,2,1,4,68000,1,1,1,0
2,1,2,1,1,1,1,1,1,2,2,1,1,1,4,38000,1,1,1,0
2,1,2,3,1,5,2,1,1,1,7,1,2,1,4,67000,1,1,1,0
1,1,2,1,1,9,3,4,1,1,5,1,2,1,2,154000,1,1,1,0
1,3,3,1,1,6,3,3,1,1,2,1,2,1,4,100000,1,1,1,0
1,1,4,6,1,11,2,4,1,1,7,1,1,1,4,90000,1,1,1,0
1,2,2,3,2,6,1,2,1,1,7,1,1,1,4,1320000,1,1,1,0
1,1,2,1,1,6,2,1,1,1,5,7,1,1,2,155000,1,1,1,0
1,1,2,1,5,5,2,3,1,1,5,1,2,1,4,100000,1,1,1,0
1,1,4,3,12,8,2,4,1,1,2,4,2,1,4,56000,1,1,1,0
1,1,2,7,12,1,3,3,1,1,7,1,1,1,4,103000,1,1,1,0
2,1,2,3,1,4,2,4,1,1,9,1,1,1,2,50000,1,1,1,0
1,1,2,1,5,5,3,1,1,1,7,1,1,1,4,78500,1,1,1,0
1,1,2,1,1,3,1,1,1,1,2,1,1,1,4,88580,1,1,1,0
1,1,2,10,1,9,2,1,1,1,1,1,2,1,2,120000,1,1,1,0
2,1,2,1,9,4,2,4,2,1,6,1,2,1,4,90000,1,1,1,0
1,1,3,6,1,5,2,4,1,1,1,5,1,1,4,82000,1,1,1,0
2,1,2,9,14,3,3,3,2,1,1,1,2,1,2,180000,1,1,1,0
1,1,2,1,1,3,2,4,1,1,6,1,1,1,2,103000,1,1,1,0
1,1,1,6,1,3,2,4,1,1,1,1,1,1,4,108000,1,1,1,0
1,2,3,3,1,4,2,4,1,1,1,2,1,1,4,30720,1,1,1,0
1,1,6,12,8,5,3,4,1,1,7,1,1,1,1,35000,1,1,1,1
1,1,2,1,1,9,2,1,1,1,4,1,2,1,2,180000,1,1,1,0
1,1,2,1,1,1,1,1,1,1,2,1,1,1,1,70000,1,1,1,0
2,1,2,6,1,7,3,3,1,1,7,1,1,1,3,150000,1,1,1,0
1,1,2,5,3,1,2,3,1,1,2,1,2,1,3,65000,1,1,1,0
1,1,5,7,1,5,3,1,1,1,5,1,2,1,2,56000,1,1,1,0
1,1,1,1,3,3,2,1,1,1,7,1,1,1,2,140000,1,1,1,0
1,1,5,10,1,2,2,3,1,1,7,1,2,1,3,160000,1,1,1,0
1,3,3,10,11,4,2,2,2,1,4,1,1,1,4,70000,1,1,1,0
2,1,2,9,2,1,3,3,1,1,1,1,1,1,2,120000,1,1,1,0
1,1,2,4,4,4,2,1,1,1,4,1,1,1,4,55000,1,1,1,0
2,1,2,3,1,5,1,4,1,2,1,3,1,1,4,2000000,1,1,1,0
2,1,2,3,1,4,3,2,1,1,7,5,1,1,6,48000,1,1,1,0
1,2,2,3,9,7,2,4,1,1,1,2,2,1,4,61000,1,1,1,0
1,1,2,2,9,5,3,1,1,1,4,1,2,1,4,58000,1,1,1,0
1,1,2,1,1,1,2,1,1,1,2,1,2,1,4,120000,1,1,1,0
1,1,2,1,5,4,3,4,1,1,2,1,1,1,1,100000,1,1,1,0
1,1,1,1,1,1,3,1,1,1,7,3,1,1,1,53000,1,1,1,0
1,1,3,1,13,7,2,3,1,1,7,1,1,1,4,117800,1,1,1,0
1,1,2,8,1,11,2,2,1,1,7,1,1,1,3,140000,1,1,1,0
1,1,2,7,1,4,2,4,1,1,1,1,1,1,4,127000,1,1,1,0
1,1,2,3,1,5,2,4,1,1,1,1,2,1,4,103000,1,1,1,0
1,1,2,1,1,10,3,2,1,1,1,1,2,1,3,110000,1,1,1,0
1,1,1,12,3,4,2,4,1,2,1,1,1,1,4,50000,1,1,1,0
2,1,2,3,1,3,3,4,1,1,2,1,2,1,2,80000,1,1,1,0
1,1,2,1,10,4,3,1,1,1,7,1,1,1,4,90000,1,1,1,0
1,1,4,1,1,4,2,1,2,1,4,1,1,1,2,55000,1,1,1,0
1,1,2,6,1,5,3,4,1,1,1,1,2,1,2,98000,1,1,1,0
1,1,2,1,13,7,2,4,1,1,7,1,1,1,2,147000,1,1,1,0
2,3,9,10,11,4,1,1,1,1,7,1,1,1,4,72000,1,1,1,0
2,1,2,1,3,2,2,1,1,3,1,1,1,1,2,150800,1,1,1,0
1,1,2,7,1,7,3,3,1,1,7,1,2,1,2,124000,1,1,1,0
2,1,2,6,1,2,3,2,1,1,2,1,2,1,5,165000,1,1,1,0
1,1,1,7,1,4,2,1,1,1,5,1,1,1,4,80000,1,1,1,0
1,1,4,1,1,4,2,4,1,1,3,4,2,1,4,60000,1,1,1,0
1,2,1,7,1,6,3,1,2,2,7,1,1,1,1,28800,1,1,1,0
2,1,2,1,1,6,2,2,1,1,1,1,1,1,4,173200,1,1,1,0
2,1,2,6,11,5,1,2,1,1,6,1,1,1,4,150000,1,1,1,0
1,1,6,6,18,9,1,1,1,1,1,1,1,1,2,100000,1,1,1,0
1,2,6,1,1,5,2,4,1,1,1,1,1,1,1,50000,1,1,1,0
1,1,3,6,1,1,2,2,1,1,1,1,1,1,4,225000,1,1,1,0
1,1,2,7,3,7,2,1,1,1,7,1,2,1,2,92000,1,1,1,0
2,1,3,1,1,3,3,1,1,1,1,1,2,1,2,122000,1,1,1,0
1,1,1,1,7,4,2,4,1,1,4,1,1,1,4,30000,1,1,1,0
1,1,3,3,1,6,2,1,1,1,1,1,2,1,4,118000,1,1,1,0
1,1,3,3,2,9,2,3,1,1,1,1,2,1,2,131000,1,1,1,0
1,1,6,4,1,1,1,4,1,1,1,1,1,1,1,105322,1,1,1,0
1,1,3,1,14,7,1,4,1,1,7,4,1,1,4,162849,1,1,1,0
2,1,2,1,13,5,3,1,2,1,7,1,1,1,4,57000,1,1,1,0
1,1,2,9,1,1,2,2,1,1,1,1,1,1,4,120000,1,1,1,0
2,1,5,1,1,10,2,3,1,1,2,1,1,1,2,590000,1,1,1,0
2,1,3,2,13,2,3,3,1,1,8,1,1,1,2,118000,1,1,1,0
1,1,2,1,13,4,2,3,1,1,7,1,1,1,4,91000,1,1,1,0
1,1,2,7,4,5,2,3,1,1,1,1,1,1,4,340000,1,1,1,0
1,1,2,3,1,5,2,1,1,1,5,1,1,1,4,52000,1,1,1,0
1,1,4,1,1,4,2,1,1,1,1,1,2,1,4,76000,1,1,1,0
2,1,3,1,11,3,3,3,1,1,2,1,2,1,2,117000,1,1,1,0
1,1,1,6,2,1,1,4,1,1,6,2,2,1,2,130000,1,1,1,0
1,2,2,1,1,9,2,4,1,1,7,1,2,1,2,180000,1,1,1,0
1,1,3,1,11,2,3,4,1,1,1,1,2,1,3,115000,1,1,1,0
2,1,2,3,1,1,2,2,1,1,1,1,2,1,2,69000,1,1,1,0
1,2,4,1,2,5,3,4,1,1,7,1,1,1,1,25000,1,1,1,0
1,1,2,8,1,4,2,1,1,1,7,1,1,1,4,115000,1,1,1,0
2,1,2,4,1,3,2,2,1,1,1,1,2,1,3,102000,1,1,1,0
2,1,2,5,3,1,1,1,1,1,7,1,1,1,4,110000,1,1,1,0
1,3,1,8,8,2,2,1,2,4,5,1,1,1,5,120000,1,1,1,1
1,1,1,12,1,3,3,3,1,1,5,1,1,1,5,105000,1,1,1,0
1,1,2,3,2,7,3,2,1,1,1,1,2,1,2,150000,1,1,1,0
1,1,2,9,1,4,2,4,1,1,5,6,1,1,4,62500,1,1,1,0
2,1,2,1,2,3,2,4,1,1,7,5,2,1,4,110000,1,1,1,0
1,2,4,1,1,1,2,4,1,1,8,1,1,1,4,54000,1,1,1,0
1,1,3,1,1,3,1,1,1,1,7,1,2,1,4,180000,1,1,1,0
1,1,3,1,1,7,3,4,1,1,5,5,1,1,4,90000,1,1,1,0
1,1,2,1,2,6,3,4,1,1,7,1,1,1,4,110000,1,1,1,0
1,1,3,3,11,10,3,1,1,1,7,1,1,1,2,113000,1,1,1,0
1,1,4,3,1,6,2,3,1,1,9,1,1,1,4,56000,1,1,1,0
2,1,2,1,1,4,3,3,1,1,5,2,1,1,4,74000,1,1,1,0
1,1,3,9,11,7,2,3,2,1,5,7,2,1,4,80527,1,1,1,0
2,1,2,1,1,5,3,3,1,1,7,1,1,1,4,96000,1,1,1,0
1,1,5,1,1,10,2,2,1,1,1,1,2,1,2,170000,1,1,1,0
1,1,2,1,1,6,1,1,1,1,7,1,1,1,4,94000,1,1,1,0
1,1,2,1,1,1,1,1,1,1,2,1,1,1,4,90000,1,1,1,0
2,1,2,4,1,7,2,3,1,1,7,1,1,1,4,160000,1,1,1,0
2,1,1,7,2,7,2,4,1,1,7,1,2,1,3,127000,1,1,1,0
1,1,1,1,1,1,2,1,1,1,5,1,1,1,4,70000,1,1,1,0
1,3,2,1,1,5,3,4,1,2,7,7,1,1,4,75000,1,1,1,0
1,2,2,1,1,6,2,1,1,1,4,1,1,1,1,63600,1,1,1,0
1,2,2,6,1,8,2,1,1,1,7,2,1,1,1,110000,1,1,1,0
2,1,2,3,1,5,3,4,1,1,2,1,1,1,4,95000,1,1,1,0
1,1,3,6,1,4,2,1,1,1,1,1,2,1,2,91000,1,1,1,0
2,1,8,1,1,6,3,2,1,1,7,1,2,1,4,84000,1,1,1,0
1,1,2,4,1,7,2,3,2,2,4,1,1,1,4,90000,1,1,1,0
1,1,3,8,2,4,2,3,1,1,7,1,1,1,4,135000,1,1,1,0
1,1,2,1,3,6,2,1,1,1,7,1,1,1,4,115000,1,1,1,0
2,1,2,10,2,1,2,1,1,1,7,1,1,1,4,52500,1,1,1,0
1,1,2,1,1,4,2,2,1,2,8,1,1,1,4,100000,1,1,1,0
2,1,1,1,1,8,2,3,1,1,2,7,1,1,4,74500,1,1,1,0
1,1,1,1,2,6,3,4,2,1,4,1,1,1,2,85000,1,1,1,0
1,1,1,1,1,2,1,1,1,1,8,1,1,1,3,100000,1,1,1,0
1,1,2,1,1,11,3,2,1,1,2,1,2,1,3,160000,1,1,1,0
2,1,2,9,1,1,2,3,1,1,6,1,1,1,1,75000,1,1,1,0
1,1,2,5,1,7,2,3,1,1,7,1,1,1,4,0,1,1,1,0
1,1,3,2,1,2,2,1,1,1,2,1,1,1,2,115000,1,1,1,0
1,1,2,6,3,8,3,1,1,1,8,1,2,1,2,120000,1,1,1,0
1,1,1,1,1,5,2,3,1,1,4,1,1,1,4,115000,1,1,1,0
1,3,1,1,3,5,2,1,1,1,7,1,2,1,1,85000,1,1,1,0
1,1,2,1,1,5,3,2,1,1,2,1,1,1,1,100000,1,1,1,0
1,1,2,9,1,2,2,1,1,1,6,1,2,1,2,110000,1,1,1,0
1,1,2,1,1,5,2,2,2,1,8,1,1,1,1,135000,1,1,1,0
1,1,1,2,1,6,3,3,1,1,7,1,2,1,2,65000,1,1,1,0
1,1,1,1,6,3,1,1,1,1,7,1,1,1,4,120000,1,1,1,0
1,1,3,9,1,4,3,3,1,1,5,1,2,1,2,95000,1,1,1,0
1,1,2,1,6,6,3,4,1,1,7,2,1,1,4,107000,1,1,1,0
1,1,3,1,1,9,2,4,1,1,1,1,2,1,2,150000,1,1,1,0
1,1,3,2,1,5,3,4,2,2,2,1,1,1,4,65520,1,1,1,0
1,1,2,1,1,10,2,4,1,1,2,3,2,1,2,80000,1,1,1,0
1,3,3,1,18,5,3,3,1,1,7,1,1,1,4,99000,1,1,1,0
1,2,1,1,1,4,2,1,1,1,2,7,1,1,1,53000,1,1,1,0
1,1,1,2,1,10,1,1,1,1,6,1,1,1,2,93000,1,1,1,0
1,2,2,1,1,5,1,1,1,1,7,5,1,1,1,2000000,1,1,1,0
1,1,4,12,1,6,2,4,1,1,5,1,1,1,2,167000,1,1,1,0
1,1,2,1,5,5,2,3,1,1,1,4,1,1,4,90000,1,1,1,0
1,1,2,1,1,5,1,4,1,1,5,1,1,1,4,98000,1,1,1,0
2,1,2,4,3,4,3,4,1,1,1,1,1,1,4,110000,1,1,1,0
2,1,2,1,1,10,2,4,1,1,1,1,1,1,2,86500,1,1,1,0
1,2,1,1,13,4,2,1,1,2,7,7,1,1,1,1800000,1,1,1,0
1,1,2,1,3,5,3,4,2,1,7,1,1,1,1,70000,1,1,1,0
1,1,1,3,1,4,3,4,1,1,7,1,1,1,4,62000,1,1,1,0
1,1,1,12,2,7,2,2,1,1,2,1,2,1,2,135000,1,1,1,0
1,2,1,1,1,1,2,4,1,1,7,1,1,1,1,15000,1,1,1,0
2,2,1,1,1,2,1,2,1,1,1,1,2,1,2,90000,1,1,1,0
1,1,3,6,1,1,1,1,1,1,1,1,1,1,4,125000,1,1,1,0
1,1,2,7,1,2,2,3,1,1,8,1,2,1,5,125000,1,1,1,0
1,1,2,10,4,5,3,2,1,1,7,1,1,1,4,115000,1,1,1,0
1,1,3,6,3,7,2,4,1,1,2,1,2,1,2,90000,1,1,1,0
1,1,2,1,1,3,2,4,1,1,1,1,2,1,4,82226,1,1,1,0
1,1,2,1,1,5,1,4,1,1,7,1,1,1,1,94000,1,1,1,0
1,1,7,1,1,3,2,3,1,1,5,1,2,1,2,100000,1,1,1,0
1,1,2,3,1,5,2,3,1,1,8,6,1,1,2,89000,1,1,1,0
1,1,3,1,1,5,3,3,1,1,1,1,1,1,1,80000,1,1,1,0
1,1,4,5,3,5,3,3,1,2,6,1,2,1,4,250000,1,1,1,0
2,1,2,1,1,7,2,4,1,1,7,1,2,1,2,132000,1,1,1,0
1,1,3,6,1,4,2,4,1,1,7,1,1,1,4,1176000,1,1,1,0
1,1,1,6,1,6,2,4,1,1,8,1,1,1,4,220000,1,1,1,0
1,1,2,1,1,3,2,1,1,1,7,1,2,1,2,151000,1,1,1,0
1,1,1,1,1,9,2,3,1,1,2,4,1,1,2,155000,1,1,1,0
1,1,2,6,1,8,2,4,1,1,7,1,1,1,4,2000000,1,1,1,0
2,1,2,1,1,1,1,2,1,1,7,1,1,1,4,88000,1,1,1,0
1,1,2,1,1,6,1,4,1,2,7,1,1,1,4,78600,1,1,1,0
1,1,2,1,3,9,2,3,1,1,6,1,2,1,2,90000,1,1,1,0
2,3,3,1,1,3,3,2,1,1,8,4,1,1,4,106000,1,1,1,0
1,1,2,1,1,5,3,1,1,1,1,1,2,1,4,85000,1,1,1,0
1,1,2,2,1,3,2,4,1,1,2,4,2,1,2,75000,1,1,1,0
2,1,2,1,1,5,2,1,1,1,5,1,1,1,1,85350,1,1,1,0
1,1,2,3,1,6,2,1,1,1,2,1,2,1,3,97500,1,1,1,0
2,1,2,1,1,4,2,1,1,1,4,1,1,1,4,79000,1,1,1,0
1,3,6,8,2,4,3,4,1,1,5,1,1,1,1,30000,1,1,1,0
1,1,2,4,2,1,3,4,1,1,6,1,1,1,4,89000,1,1,1,0
1,1,1,1,1,9,3,1,1,1,7,4,1,1,2,110000,1,1,1,0
1,1,2,1,1,4,3,4,1,1,7,1,1,1,1,110000,1,1,1,0
1,1,2,1,1,5,1,4,1,1,8,1,1,1,1,130000,1,1,1,0
2,1,3,6,1,4,3,1,2,3,1,1,1,1,1,75000,1,1,1,0
1,1,2,1,1,3,2,2,1,1,1,1,1,1,4,400000,1,1,1,0
1,1,2,4,11,8,2,2,1,1,7,1,1,1,4,50000,1,1,1,0
2,1,4,1,1,1,2,1,1,1,5,1,1,1,2,110000,1,1,1,0
1,1,2,1,1,1,2,2,1,1,7,1,1,1,4,150000,1,1,1,0
1,1,1,1,12,1,2,3,1,2,1,1,1,1,1,1620000,1,1,1,0
2,1,2,1,1,4,2,1,2,1,2,3,1,1,1,70000,1,1,1,0
2,1,3,1,2,7,3,1,2,1,7,1,2,1,2,90000,1,1,1,0
1,1,1,1,1,2,2,3,1,3,2,1,1,1,3,190000,1,1,1,0
1,1,3,1,4,10,1,1,1,1,7,1,2,1,3,122000,1,1,1,0
1,1,3,1,1,7,2,1,1,1,1,1,2,1,4,125000,1,1,1,0
1,1,3,6,4,5,3,4,1,1,1,1,1,1,4,78300,1,1,1,0
1,1,2,1,2,5,2,3,1,1,7,1,2,1,4,90000,1,1,1,0
2,2,5,10,4,5,3,4,1,1,1,4,1,1,4,130000,1,1,1,0
1,1,5,9,7,3,3,2,1,1,6,1,2,1,3,105000,1,1,1,0
1,1,5,1,10,2,2,2,1,1,1,1,2,1,3,2000000,1,1,1,0
1,1,5,1,1,2,2,1,1,1,8,1,2,1,2,130000,1,1,1,0
1,1,4,2,1,5,1,4,1,1,5,1,2,1,4,63000,1,1,1,0
2,1,2,3,1,4,3,3,2,1,1,1,1,1,1,40000,1,1,1,0
1,1,2,1,11,10,1,1,2,1,7,5,1,1,1,0,1,1,1,0
1,1,2,1,1,6,2,1,1,3,7,1,1,1,4,110000,1,1,1,0
1,1,5,1,15,7,2,2,2,2,2,1,1,1,4,143328,1,1,1,0
1,1,2,1,1,1,2,4,1,1,1,2,1,1,4,160000,1,1,1,0
1,1,2,9,1,6,2,1,1,1,2,1,1,1,4,91000,1,1,1,0
1,1,3,6,1,6,2,2,1,1,6,1,1,1,4,105000,1,1,1,0
1,1,2,8,1,5,2,3,1,1,7,3,1,1,4,147000,1,1,1,0
1,1,2,7,1,4,2,4,2,2,8,1,1,1,4,102000,1,1,1,0
1,1,2,1,1,5,2,1,1,1,4,1,1,1,1,57500,1,1,1,0
1,1,2,1,1,5,3,4,1,1,1,1,1,1,4,82000,1,1,1,0
2,1,3,1,1,1,2,1,1,1,7,1,1,1,4,104000,1,1,1,0
2,1,2,1,1,5,2,1,1,1,7,1,1,1,1,65000,1,1,1,0
1,2,5,6,4,4,4,4,1,1,2,1,1,1,4,24000,1,1,1,0
1,1,3,1,1,3,2,1,1,1,4,1,1,1,2,180000,1,1,1,0
2,1,4,2,3,1,3,3,1,1,2,1,1,1,2,2000000,1,1,1,0
1,1,2,1,1,6,3,4,1,1,1,1,2,1,4,110000,1,1,1,0
1,1,2,1,1,4,3,4,1,1,7,1,1,1,4,85000,1,1,1,0
1,1,5,9,11,5,3,4,1,1,2,1,2,1,4,60000,1,1,1,0
1,1,2,1,1,5,2,4,1,1,4,1,2,1,4,80000,1,1,1,0
1,1,2,1,18,5,3,3,1,1,7,1,1,1,1,68000,1,1,1,0
1,1,2,1,2,8,3,3,1,1,1,1,1,1,1,35000,1,1,1,0
2,1,2,1,1,5,2,1,1,1,1,4,1,1,1,107000,1,1,1,0
1,1,1,9,1,5,3,4,1,1,7,1,2,1,4,104000,1,1,1,0
2,1,2,2,6,5,2,3,2,1,4,1,1,1,4,82500,1,1,1,0
2,1,2,10,2,5,2,3,2,1,1,1,1,1,4,85000,1,1,1,0
1,1,2,3,10,8,2,1,1,1,5,1,2,1,4,40000,1,1,1,0
1,1,2,1,1,2,3,3,1,1,7,4,2,1,3,200000,1,1,1,0
2,1,2,4,1,6,3,2,1,1,1,1,2,1,3,100000,1,1,1,0
2,1,2,1,5,4,3,2,1,2,4,3,1,1,4,100000,1,1,1,0
2,1,2,7,1,10,3,1,1,1,9,1,2,1,2,155000,1,1,1,0
1,1,1,1,1,9,3,1,1,2,2,1,1,1,4,5000,1,1,1,0
1,1,1,3,1,3,3,4,1,1,1,4,2,1,4,85000,1,1,1,0
1,1,4,10,1,8,2,1,1,1,2,1,1,1,4,732000,1,1,1,0
1,1,2,1,1,1,2,1,1,1,7,1,1,1,1,240000,1,1,1,0
2,1,1,1,10,1,2,4,1,1,7,1,2,1,4,105000,1,1,1,0
1,1,2,10,1,5,3,3,1,1,4,1,2,1,2,116500,1,1,1,0
1,1,6,1,18,6,2,4,1,1,7,1,2,1,4,120000,1,1,1,0
2,1,2,1,3,5,2,1,1,1,5,2,2,1,4,90000,1,1,1,0
1,1,3,9,1,5,2,2,1,1,2,1,1,1,4,120000,1,1,1,0
1,1,2,7,3,4,2,1,1,1,7,1,1,1,4,66560,1,1,1,0
1,1,2,2,12,5,2,4,1,1,7,1,2,1,4,310000,1,1,1,0
1,1,2,1,1,1,2,4,1,1,7,4,1,1,4,68000,1,1,1,0
1,1,2,9,1,9,2,4,1,1,6,1,1,1,2,72696,1,1,1,0
1,1,2,9,2,5,1,3,1,1,8,1,1,1,4,145000,1,1,1,0
1,1,2,6,1,9,2,4,1,1,6,1,1,1,3,105328,1,1,1,0
2,1,2,4,1,8,2,4,2,1,4,1,1,1,4,111670,1,1,1,0
1,1,1,1,1,3,3,1,1,1,5,1,1,1,3,78000,1,1,1,0
2,1,5,4,4,5,1,2,2,1,1,2,1,1,4,125000,1,1,1,0
1,1,2,1,1,6,2,4,1,1,7,1,1,1,4,118000,1,1,1,0
2,1,2,1,13,7,3,1,1,1,7,1,1,1,4,120000,1,1,1,0
1,1,1,2,1,1,2,4,1,1,7,1,2,1,2,98000,1,1,1,0
1,1,2,6,1,7,2,4,1,1,1,1,2,1,2,102000,1,1,1,0
1,1,1,1,1,9,2,3,1,1,7,1,1,1,2,95000,1,1,1,0
1,1,2,1,13,3,2,4,1,1,7,1,2,1,2,110000,1,1,1,0
2,1,3,6,1,2,2,3,2,1,5,1,1,1,3,105000,1,1,1,0
1,1,2,1,9,2,2,1,1,1,6,1,2,1,2,114999,1,1,1,0
1,1,2,8,1,1,2,4,1,1,4,1,1,1,4,2000000,1,1,1,0
1,1,2,1,3,5,2,1,1,1,1,1,1,1,4,2000000,1,1,1,0
1,1,2,8,3,7,2,1,1,1,6,1,2,1,2,86500,1,1,1,0
1,1,2,1,1,6,2,1,1,1,7,1,1,1,4,142000,1,1,1,0
1,1,2,1,3,5,2,3,2,2,6,1,1,1,4,95000,1,1,1,0
1,1,2,1,1,6,2,1,1,1,6,1,1,1,4,140000,1,1,1,0
2,1,7,1,1,4,3,1,1,3,3,6,1,1,2,50000,1,1,1,0
1,1,2,1,1,4,3,1,1,1,1,1,1,1,1,63000,1,1,1,0
1,2,4,10,6,4,4,1,1,1,2,2,1,1,1,2100,1,1,1,0
1,1,2,1,1,2,1,2,1,1,1,1,1,1,3,138000,1,1,1,0
1,1,2,4,2,4,3,4,2,1,1,1,1,1,4,70000,1,1,1,0
1,1,2,1,1,5,2,4,1,1,7,1,2,1,4,75000,1,1,1,0
1,2,4,9,4,1,3,3,1,1,5,1,1,1,1,5000,1,1,1,0
1,1,2,1,1,7,2,4,1,1,2,1,1,1,4,110000,1,1,1,0
1,1,3,1,1,5,3,3,1,1,1,5,1,1,1,112000,1,1,1,0
1,1,1,12,1,5,3,1,1,1,2,1,2,1,4,2000000,1,1,1,0
1,1,1,3,3,8,2,3,1,1,5,1,1,1,4,80000,1,1,1,0
1,1,3,1,3,7,2,1,1,1,8,1,1,1,4,200000,1,1,1,0
1,1,2,1,1,3,2,1,1,1,4,1,2,1,3,80000,1,1,1,0
1,1,2,1,1,9,3,1,1,1,1,1,2,1,4,106000,1,1,1,0
1,1,2,1,3,6,2,1,2,2,4,1,1,1,4,87500,1,1,1,0
2,1,1,1,1,6,3,1,1,1,7,1,1,1,4,80000,1,1,1,0
1,1,2,1,18,11,1,4,1,1,7,1,2,1,2,144000,1,1,1,0
1,1,2,7,1,4,3,2,2,3,6,1,1,1,4,95000,1,1,1,0
1,1,3,7,2,6,2,1,2,1,1,3,1,1,2,135000,1,1,1,0
2,1,2,3,1,1,2,1,1,1,2,1,1,1,4,80000,1,1,1,0
1,1,3,1,17,5,2,1,1,1,5,1,2,1,4,65000,1,1,1,0
1,1,3,7,1,2,2,2,1,1,7,1,2,1,2,150000,1,1,1,0
1,1,2,3,1,9,3,1,1,1,2,1,2,1,2,51000,1,1,1,0
2,1,2,1,6,5,1,1,1,1,7,1,1,1,4,76000,1,1,1,0
2,1,2,1,2,5,3,3,1,1,7,1,1,1,4,114000,1,1,1,0
1,1,2,1,5,6,2,3,1,1,6,1,1,1,4,135000,1,1,1,0
2,1,2,1,1,9,3,1,1,1,5,1,2,1,2,120000,1,1,1,0
1,1,3,1,13,2,2,2,1,1,1,1,2,1,5,109075,1,1,1,0
1,1,2,9,1,4,2,2,1,1,2,1,1,1,2,79000,1,1,1,0
1,1,2,7,1,1,1,1,1,1,4,6,1,1,1,50000,1,1,1,0
1,1,3,1,1,7,2,3,1,4,1,1,1,1,4,124000,1,1,1,0
2,1,2,3,1,6,2,3,1,1,4,1,1,1,3,83000,1,1,1,0
1,1,2,1,1,4,2,3,1,1,7,1,1,1,1,29000,1,1,1,0
1,1,2,1,1,6,1,1,1,1,1,1,1,1,4,80000,1,1,1,0
1,1,2,6,1,1,1,3,1,1,6,4,2,1,4,140000,1,1,1,0
2,1,2,1,1,9,2,2,1,1,6,1,2,1,2,185000,1,1,1,0
1,1,2,1,1,6,2,1,1,1,5,1,2,1,2,82000,1,1,1,0
1,1,2,1,2,5,3,4,1,1,2,5,1,1,4,101200,1,1,1,0
1,1,2,1,1,9,2,3,1,1,1,1,1,1,4,170000,1,1,1,0
1,1,2,7,1,10,2,2,1,1,8,1,2,1,2,2000000,1,1,1,0
1,1,1,1,3,7,2,1,1,1,4,1,1,1,4,80000,1,1,1,0
1,1,3,1,1,6,2,3,1,1,1,1,2,1,4,125000,1,1,1,0
2,3,2,10,11,5,1,1,2,1,6,1,1,1,4,75600,1,1,1,0
1,1,2,1,1,1,1,1,1,1,8,1,1,1,4,210000,1,1,1,0
1,1,2,1,1,6,3,1,1,1,1,1,2,1,4,130000,1,1,1,0
1,1,3,7,5,11,2,3,2,1,1,1,2,1,4,190000,1,1,1,0
1,1,2,1,13,1,1,1,1,2,5,2,1,1,4,67000,1,1,1,0
1,1,3,4,2,6,2,1,1,1,7,1,1,1,4,2000000,1,1,1,0
1,1,3,10,1,1,2,3,1,1,6,1,1,1,4,200000,1,1,1,0
2,1,2,1,1,6,2,1,1,1,5,1,2,1,4,110000,1,1,1,0
2,1,2,1,1,2,2,2,1,1,7,1,1,1,2,105000,1,1,1,0
1,1,2,6,1,7,2,4,1,1,7,1,1,1,4,130000,1,1,1,0
1,1,2,10,1,7,2,3,1,1,1,1,1,1,2,53000,1,1,1,0
1,1,2,1,1,3,3,1,1,1,7,1,2,1,2,175000,1,1,1,0
1,1,2,1,5,6,3,2,1,1,5,1,2,1,4,121000,1,1,1,0
1,1,2,1,13,5,2,3,1,1,1,1,1,1,4,72500,1,1,1,0
1,1,2,7,1,1,3,3,1,1,7,1,2,1,4,90000,1,1,1,0
1,1,2,5,1,1,2,1,1,1,1,1,1,1,4,52000,1,1,1,0
1,1,2,1,1,4,2,4,1,1,1,1,1,1,1,92500,1,1,1,0
2,1,4,2,5,5,3,4,1,1,1,1,2,1,2,103000,1,1,1,0
1,1,1,1,1,6,1,1,1,1,2,1,2,1,4,78000,1,1,1,0
1,1,2,2,1,9,2,1,1,1,1,2,1,1,2,140000,1,1,1,0
1,1,2,9,1,3,3,3,2,2,7,4,1,1,3,150000,1,1,1,0
2,1,2,1,1,5,2,4,2,4,2,2,1,1,1,48000,1,1,1,0
2,1,2,1,13,6,3,1,1,1,1,1,2,1,4,115000,1,1,1,0
1,1,2,1,2,5,2,1,1,1,2,1,2,1,4,45000,1,1,1,0
1,1,3,1,1,7,2,3,1,1,1,5,1,1,4,85000,1,1,1,0
2,1,3,7,1,1,2,4,1,1,7,1,2,1,4,110000,1,1,1,0
1,1,2,1,1,1,2,1,1,1,9,1,2,1,2,130000,1,1,1,0
1,1,2,1,1,1,3,1,1,1,5,1,2,1,4,92000,1,1,1,0
1,1,6,12,3,6,2,1,2,1,7,1,2,1,4,111000,1,1,1,0
1,1,2,1,1,1,1,1,1,1,7,1,1,1,4,300000,1,1,1,0
1,1,4,1,1,4,3,1,1,1,1,1,1,1,4,101000,1,1,1,0
1,1,2,1,10,10,3,2,1,1,7,1,2,1,4,180000,1,1,1,0
1,1,3,1,1,4,3,4,1,1,1,1,1,1,1,105000,1,1,1,0
1,1,2,1,1,5,2,4,1,1,2,1,2,1,4,78000,1,1,1,0
2,1,5,9,6,2,2,2,1,1,5,1,2,1,7,72000,1,1,1,0
1,1,2,1,1,3,3,1,1,1,5,1,2,1,3,89161,1,1,1,0
1,1,2,1,1,7,3,2,1,1,1,1,2,1,2,500000,1,1,1,0
1,1,3,3,7,4,2,1,1,1,6,1,1,1,4,125000,1,1,1,0
1,3,2,3,6,4,2,4,2,3,5,1,1,1,4,58000,1,1,1,0
1,1,2,7,1,6,2,2,1,1,2,1,1,1,1,55000,1,1,1,0
1,1,3,1,2,10,2,1,1,1,8,1,2,1,2,135000,1,1,1,0
1,1,2,1,2,5,3,4,1,1,7,1,1,1,4,90000,1,1,1,0
2,1,2,1,1,6,2,2,1,1,7,1,2,1,2,103500,1,1,1,0
1,1,2,1,1,7,2,3,1,1,8,1,1,1,4,99000,1,1,1,0
1,1,2,1,1,7,2,4,1,1,5,1,1,1,4,102000,1,1,1,0
1,2,2,7,3,8,3,4,2,2,8,1,1,1,1,95000,1,1,1,0
2,1,3,4,11,4,3,3,2,2,8,1,1,1,4,132000,1,1,1,0
1,1,2,1,1,11,2,4,1,1,2,1,2,1,2,123000,1,1,1,0
1,1,3,10,4,4,3,2,1,1,7,1,1,1,4,88000,1,1,1,0
2,1,2,1,3,8,2,1,2,1,1,1,1,1,1,65000,1,1,1,0
2,1,1,1,2,8,2,4,1,1,9,3,1,1,4,61000,1,1,1,0
1,1,3,3,1,4,2,1,2,1,1,2,1,1,4,60000,1,1,1,0
2,1,1,12,1,7,2,1,1,1,7,1,2,1,2,129000,1,1,1,0
2,3,3,6,1,7,3,4,1,1,8,4,1,1,4,93000,1,1,1,0
1,1,3,1,1,6,3,1,1,1,2,1,1,1,4,89200,1,1,1,0
1,1,3,1,1,6,2,1,1,1,4,1,1,1,2,2000000,1,1,1,0
1,1,3,10,11,1,3,2,1,1,7,1,1,1,4,103000,1,1,1,0
1,1,2,10,11,8,3,2,1,1,7,1,1,1,1,70000,1,1,1,0
1,1,2,1,3,5,2,1,1,1,5,3,1,1,4,83000,1,1,1,0
1,1,2,1,1,5,2,1,1,1,5,1,2,1,4,97500,1,1,1,0
1,1,2,1,2,6,2,4,1,1,7,1,1,1,4,126000,1,1,1,0
1,1,1,4,4,8,1,1,1,1,8,1,2,1,3,67000,1,1,1,0
2,1,3,1,2,5,2,3,1,1,2,5,1,1,4,1680000,1,1,1,0
1,1,2,1,3,5,2,2,1,1,7,1,1,1,4,200000,1,1,1,0
1,1,1,1,1,3,3,1,1,1,7,1,2,1,2,176000,1,1,1,0
1,1,2,7,8,10,3,2,1,1,7,1,1,1,3,73000,1,1,1,1
1,1,1,1,12,2,3,2,1,2,7,1,2,1,3,130000,1,1,1,0
1,2,6,1,18,5,3,2,1,1,7,1,1,1,1,50000,1,1,1,0
1,1,2,3,12,7,2,1,1,1,7,1,2,1,4,110000,1,1,1,0
1,3,2,1,1,5,2,4,1,1,7,1,1,1,4,75000,1,1,1,0
1,1,1,5,12,7,2,1,1,3,7,1,1,1,4,94000,1,1,1,0
1,1,1,1,1,2,2,4,1,1,8,1,1,1,3,73906,1,1,1,0
1,1,3,1,2,5,1,3,1,1,1,2,1,1,4,2000000,1,1,1,0
2,1,2,5,3,1,2,1,2,1,7,1,1,1,4,97000,1,1,1,0
2,1,1,12,1,3,2,4,1,1,7,1,2,1,2,160000,1,1,1,0
1,1,2,1,1,6,2,1,1,4,5,4,2,1,2,170000,1,1,1,0
1,1,2,1,1,7,3,1,1,1,7,1,2,1,4,300000,1,1,1,0
1,3,1,1,8,4,2,3,1,1,1,1,1,1,1,52000,1,1,1,1
2,1,2,9,3,4,3,2,1,1,2,1,2,1,3,60000,1,1,1,0
1,1,1,1,1,1,3,1,1,1,6,1,2,1,4,135000,1,1,1,0
1,1,2,1,1,1,1,1,1,1,1,1,1,1,4,85000,1,1,1,0
1,1,2,6,1,3,3,4,1,1,6,1,1,1,2,180000,1,1,1,0
1,1,2,1,1,3,2,1,1,3,5,1,1,1,4,80000,1,1,1,0
1,1,2,1,4,5,2,4,1,1,7,1,1,1,1,90000,1,1,1,0
1,1,1,1,1,1,2,4,1,1,2,1,1,1,4,84000,1,1,1,0
1,1,3,1,1,3,2,4,1,1,7,1,2,1,2,120000,1,1,1,0
1,1,2,1,3,5,2,3,1,1,8,1,1,1,1,70000,1,1,1,0
1,1,2,1,1,1,2,4,1,1,2,1,1,1,4,119000,1,1,1,0
1,1,2,1,1,3,3,3,1,1,4,1,1,1,3,175000,1,1,1,0
1,1,1,1,1,4,2,4,1,3,7,1,1,1,4,450000,1,1,1,0
2,1,2,1,1,4,2,4,1,1,5,5,2,1,4,67000,1,1,1,0
1,1,2,10,2,8,3,3,1,1,7,1,1,1,4,75000,1,1,1,0
1,1,2,8,14,10,3,2,1,1,2,1,2,1,3,135000,1,1,1,0
1,1,1,1,1,9,1,4,1,1,4,2,1,1,2,135000,1,1,1,0
1,1,2,1,1,1,2,4,1,1,1,1,1,1,1,63000,1,1,1,0
2,1,2,1,1,5,2,4,1,1,7,1,1,1,4,73000,1,1,1,0
2,1,2,1,5,5,2,2,1,1,7,1,1,1,4,87000,1,1,1,0
1,1,2,1,1,1,2,3,1,1,4,3,1,1,4,120000,1,1,1,0
1,1,2,1,1,5,3,4,2,3,7,1,1,1,1,84000,1,1,1,0
1,3,1,1,1,1,3,1,2,4,1,1,1,1,4,28800,1,1,1,0
1,1,2,6,18,4,3,4,1,1,6,1,1,1,2,62000,1,1,1,0
1,1,2,1,13,5,2,2,1,1,7,1,1,1,1,62000,1,1,1,0
1,1,1,10,1,1,2,3,1,1,5,1,1,1,1,80000,1,1,1,0
1,1,2,7,3,5,3,4,1,1,7,1,1,1,4,110000,1,1,1,0
1,1,2,8,1,4,3,2,1,1,1,1,1,1,4,85000,1,1,1,0
1,1,1,1,7,6,2,1,2,3,7,1,1,1,4,30000,1,1,1,0
1,1,1,2,1,6,2,4,1,1,7,4,1,1,4,120000,1,1,1,0
1,1,3,1,18,3,2,2,1,1,7,1,2,1,2,125000,1,1,1,0
2,1,2,1,4,1,2,3,1,3,1,1,1,1,4,77000,1,1,1,0
1,1,2,1,1,7,2,4,1,1,2,2,2,1,2,120000,1,1,1,0
1,1,1,1,1,9,2,4,1,1,7,1,2,1,2,190000,1,1,1,0
2,1,1,3,13,5,3,1,1,2,5,4,2,1,4,75000,1,1,1,0
1,1,1,8,1,4,2,2,1,1,7,1,2,1,4,88000,1,1,1,0
1,1,2,1,1,6,2,4,1,1,2,1,1,1,4,80000,1,1,1,0
2,1,2,6,1,4,3,4,1,1,8,1,1,1,4,67000,1,1,1,0
1,1,2,1,1,1,2,3,1,1,1,7,1,1,4,124000,1,1,1,0
1,3,4,1,2,7,1,4,1,1,4,1,1,1,4,110000,1,1,1,0
1,3,2,1,16,8,3,3,1,1,7,1,1,1,4,1600000,1,1,1,0
2,1,2,1,2,4,2,4,1,1,7,4,1,1,4,95000,1,1,1,0
1,1,3,1,1,4,2,4,1,1,4,5,1,1,4,75000,1,1,1,0
1,1,2,1,3,6,2,1,1,1,4,3,2,1,2,149000,1,1,1,0
1,1,1,1,1,1,1,4,1,1,7,4,1,1,2,85000,1,1,1,0
1,1,2,1,1,9,2,3,1,1,1,1,1,1,2,146000,1,1,1,0
1,2,2,1,4,7,2,1,1,1,7,1,1,1,4,150000,1,1,1,0
1,1,2,1,1,5,3,1,1,1,4,1,2,1,2,65405,1,1,1,0
1,1,2,1,1,6,2,4,1,1,7,1,1,1,4,156000,1,1,1,0
1,1,2,1,1,2,1,1,1,2,8,1,1,1,2,160000,1,1,1,0
2,1,3,9,1,6,3,4,1,1,6,1,2,1,4,82000,1,1,1,0
2,1,3,1,1,9,2,4,1,1,7,1,1,1,4,172000,1,1,1,0
1,3,3,1,1,7,2,4,1,1,5,1,2,1,2,104000,1,1,1,0
1,1,2,4,1,1,3,2,1,1,4,1,1,1,4,85000,1,1,1,0
2,2,6,1,2,4,3,1,1,1,7,1,1,1,1,250000,1,1,1,0
1,1,2,1,3,9,2,4,1,1,1,1,2,1,2,108000,1,1,1,0
1,1,2,1,1,1,3,2,1,1,2,7,2,1,2,93000,1,1,1,0
1,1,2,1,1,7,2,3,1,1,7,1,2,1,2,130000,1,1,1,0
1,1,4,1,1,9,2,1,1,1,4,1,1,1,3,105000,1,1,1,0
1,2,1,1,16,4,3,1,1,1,1,3,1,1,1,86400,1,1,1,0
1,1,3,6,1,3,3,3,1,1,1,1,2,1,2,140000,1,1,1,0
2,1,2,3,1,8,2,1,1,1,7,4,1,1,1,19200,1,1,1,0
1,1,4,5,1,1,2,3,1,1,7,1,1,1,4,112000,1,1,1,0
1,1,1,1,1,11,2,1,1,1,7,1,1,1,2,101000,1,1,1,0
1,1,2,1,1,1,3,1,1,3,1,1,1,1,4,58000,1,1,1,0
1,3,2,1,1,6,2,3,1,1,1,2,1,1,4,118000,1,1,1,0
1,1,1,1,7,8,3,3,1,3,2,1,1,1,2,66000,1,1,1,0
2,1,3,1,1,5,2,4,1,1,7,5,1,1,4,89000,1,1,1,0
2,1,2,1,2,4,2,1,2,2,1,1,1,1,1,90000,1,1,1,0
1,1,1,2,2,3,2,1,1,1,2,1,2,1,2,92110,1,1,1,0
1,1,2,1,1,3,3,4,1,1,7,1,2,1,2,127000,1,1,1,0
1,1,3,1,1,2,2,1,1,1,1,1,2,1,2,148500,1,1,1,0
1,1,2,1,1,1,1,1,1,1,4,1,2,1,4,52250,1,1,1,0
1,1,2,1,1,5,2,4,1,1,7,7,1,1,4,135000,1,1,1,0
1,1,2,1,1,3,2,3,2,1,7,4,1,1,2,120000,1,1,1,0
1,1,2,3,1,3,3,1,1,1,7,1,2,1,2,80000,1,1,1,0
1,1,2,3,1,4,2,2,1,1,7,1,1,1,1,102000,1,1,1,0
1,2,2,1,1,4,1,1,1,1,1,1,1,1,1,11000,1,1,1,0
1,1,4,5,1,10,2,1,1,1,2,1,2,1,4,100000,1,1,1,0
1,1,2,1,1,7,2,4,1,1,7,1,1,1,4,145000,1,1,1,0
1,1,6,1,1,7,1,1,1,3,8,1,1,1,4,75000,1,1,1,0
1,2,1,5,3,5,2,1,1,1,5,1,2,1,4,108000,1,1,1,0
1,1,3,7,1,6,3,3,2,1,4,1,1,1,2,125000,1,1,1,0
1,1,3,1,1,5,2,3,1,1,1,5,1,1,4,103000,1,1,1,0
1,1,3,1,3,5,3,4,1,1,1,1,1,1,4,104000,1,1,1,0
1,1,2,1,1,1,1,4,1,1,6,1,1,1,2,150000,1,1,1,0
1,3,2,3,2,8,1,3,1,1,7,1,1,1,1,39000,1,1,1,0
1,1,2,1,13,5,1,3,1,1,6,1,1,1,1,65000,1,1,1,0
1,1,1,1,1,6,2,1,1,1,7,1,1,1,4,96000,1,1,1,0
1,1,2,1,1,5,2,1,1,1,7,1,1,1,4,74000,1,1,1,0
1,1,2,1,1,7,2,2,1,1,4,1,1,1,4,130000,1,1,1,0
1,1,2,1,13,5,2,3,1,1,1,1,1,1,1,960000,1,1,1,0
1,1,3,1,6,1,2,4,1,1,7,1,1,1,4,60000,1,1,1,0
2,1,1,6,11,5,3,4,1,1,5,1,1,1,4,66000,1,1,1,0
2,1,2,1,3,7,3,1,2,2,7,1,1,1,4,140000,1,1,1,0
1,1,2,1,1,1,2,3,1,1,7,1,2,1,2,95000,1,1,1,0
1,1,2,1,2,5,3,4,1,3,7,1,1,1,4,86000,1,1,1,0
2,1,3,9,4,4,3,1,2,1,7,1,1,1,2,70000,1,1,1,0
1,1,2,1,1,3,2,1,1,1,1,1,1,1,4,75000,1,1,1,0
1,3,2,1,1,7,2,3,1,1,7,1,2,1,2,160000,1,1,1,0
1,1,3,1,1,2,2,2,1,1,4,1,1,1,3,550000,1,1,1,0
1,1,3,1,1,1,4,2,1,1,1,5,1,1,4,113000,1,1,1,0
1,1,2,1,2,7,2,3,1,1,7,1,2,1,4,125000,1,1,1,0
1,1,2,6,13,4,2,3,1,2,1,1,1,1,4,69000,1,1,1,0
1,2,2,1,1,4,1,2,1,1,7,1,1,1,1,22000,1,1,1,0
1,3,2,8,11,4,2,3,1,1,7,1,2,1,4,85000,1,1,1,0
1,1,2,10,3,6,3,3,1,1,2,1,2,1,4,110000,1,1,1,0
1,1,3,1,1,9,2,3,1,1,7,1,2,1,2,120000,1,1,1,0
1,1,2,1,2,7,2,1,1,1,2,1,2,1,4,100000,1,1,1,0
1,1,2,5,6,5,2,1,1,1,7,1,1,1,2,73000,1,1,1,0
1,1,7,3,1,3,1,2,1,1,7,1,2,1,4,250000,1,1,1,0
2,1,2,4,2,8,2,2,1,1,8,1,1,1,4,65000,1,1,1,0
2,1,2,6,3,4,3,4,1,1,1,1,2,1,4,81000,1,1,1,0
2,1,3,1,1,2,2,3,1,1,8,1,2,1,5,130000,1,1,1,0
1,1,2,1,1,1,2,3,1,1,7,1,1,1,4,91000,1,1,1,0
1,3,5,11,11,5,4,1,1,1,4,1,2,1,4,24000,1,1,1,0
1,1,2,1,3,5,2,1,1,1,7,1,2,1,4,112000,1,1,1,0
1,1,2,1,8,3,2,4,1,1,6,1,2,1,2,55000,1,1,1,1
1,1,3,1,4,6,2,4,1,1,7,7,1,1,2,140000,1,1,1,0
1,1,2,1,2,5,2,1,1,2,5,1,1,1,4,81600,1,1,1,0
1,1,2,7,13,10,2,4,1,2,8,1,2,1,3,120000,1,1,1,0
1,1,2,3,1,3,2,3,1,1,5,1,2,1,3,154000,1,1,1,0
1,1,2,2,2,7,3,3,1,1,1,1,2,1,3,165000,1,1,1,0
1,1,6,3,3,8,2,4,1,1,7,1,1,1,4,90000,1,1,1,0
2,1,2,1,2,7,1,1,2,4,2,1,1,1,4,80000,1,1,1,0
2,1,3,1,3,1,2,4,2,1,7,2,1,1,4,100000,1,1,1,0
1,2,1,1,4,5,3,2,1,1,2,1,1,1,1,6000,1,1,1,0
2,1,2,2,1,9,2,4,1,1,7,1,2,1,2,165000,1,1,1,0
1,1,2,3,12,1,2,2,1,1,7,1,1,1,4,170000,1,1,1,0
1,1,5,9,4,5,2,1,1,1,5,1,1,1,4,58000,1,1,1,0
1,1,2,7,1,3,3,4,1,1,7,1,1,1,2,169000,1,1,1,0
1,1,3,1,1,1,2,4,1,1,1,5,1,1,4,68000,1,1,1,0
1,1,2,2,1,4,4,3,1,1,7,1,2,1,4,38000,1,1,1,0
1,1,2,1,1,1,2,1,2,1,1,1,2,1,4,90000,1,1,1,0
1,1,1,1,1,5,2,4,1,1,7,1,2,1,4,175000,1,1,1,0
1,1,3,1,5,5,3,3,1,1,1,5,2,1,4,96000,1,1,1,0
1,1,2,1,1,1,2,2,1,1,8,1,1,1,1,140000,1,1,1,0
1,1,3,9,1,2,2,4,1,1,7,1,2,1,3,250000,1,1,1,0
2,1,2,3,1,1,3,1,1,1,2,1,1,1,4,99000,1,1,1,0
1,1,6,5,1,1,3,1,1,1,7,4,1,1,1,110000,1,1,1,0
2,1,2,10,2,4,2,1,2,1,1,1,1,1,4,80000,1,1,1,0
1,1,4,12,1,5,2,4,1,1,1,1,1,1,4,111000,1,1,1,0
1,1,2,1,1,3,3,1,1,1,9,6,2,1,2,160000,1,1,1,0
1,1,2,1,1,1,2,3,1,1,2,1,2,1,4,71500,1,1,1,0
1,1,1,1,1,2,3,3,1,1,7,1,2,1,3,168000,1,1,1,0
1,1,4,1,2,4,2,3,2,1,1,1,1,1,2,60000,1,1,1,0
1,1,3,4,1,5,2,4,1,1,7,1,1,1,4,120000,1,1,1,0
1,1,2,1,1,4,1,1,1,1,5,6,2,1,4,60000,1,1,1,0
2,2,2,1,1,5,2,2,1,1,5,4,1,1,4,140000,1,1,1,0
1,1,2,7,1,4,2,1,1,1,7,1,2,1,2,120000,1,1,1,0
1,1,1,1,1,10,1,2,1,1,1,1,2,1,2,123000,1,1,1,0
1,1,2,8,1,4,2,2,1,1,2,1,1,1,4,45000,1,1,1,0
2,1,4,5,3,5,2,1,1,1,7,1,2,1,4,105000,1,1,1,0
2,1,2,7,11,4,2,2,1,1,8,1,1,1,4,53000,1,1,1,0
2,1,2,10,1,1,3,3,2,2,4,1,1,1,4,130000,1,1,1,0
1,1,2,1,2,5,3,4,1,1,5,1,1,1,1,60000,1,1,1,0
2,1,2,2,3,4,3,1,2,3,1,1,1,1,4,95000,1,1,1,0
2,1,2,7,1,9,2,3,1,1,1,1,1,1,5,160000,1,1,1,0
1,1,3,1,1,7,2,4,1,1,4,1,2,1,4,75000,1,1,1,0
1,1,4,1,1,5,3,1,1,1,4,1,1,1,4,50000,1,1,1,0
1,1,1,1,1,4,2,4,1,1,7,1,2,1,4,65000,1,1,1,0
1,1,7,11,1,7,2,1,1,1,1,1,1,1,1,1488000,1,1,1,0
1,1,2,1,3,6,2,2,1,1,7,1,1,1,1,123000,1,1,1,0
2,1,3,8,1,3,3,3,1,1,2,1,2,1,2,130000,1,1,1,0
1,1,3,1,1,1,2,4,1,1,7,5,2,1,4,190000,1,1,1,0
1,1,3,6,1,3,3,3,1,1,6,1,1,1,2,205000,1,1,1,0
1,1,1,1,1,2,2,4,1,1,2,1,2,1,5,175000,1,1,1,0
1,1,2,3,13,6,2,4,1,1,7,1,2,1,2,125000,1,1,1,0
1,1,3,1,12,1,3,3,1,1,1,5,1,1,4,128000,1,1,1,0
1,1,2,6,2,1,2,3,1,1,2,5,1,1,4,120000,1,1,1,0
1,3,1,4,1,4,3,1,1,1,8,1,2,1,4,57500,1,1,1,0
1,1,2,1,1,3,2,3,1,1,8,4,1,1,2,176000,1,1,1,0
1,1,2,6,1,7,3,3,1,1,7,5,2,1,2,160000,1,1,1,0
2,1,2,1,3,4,3,4,1,1,4,4,1,1,4,100000,1,1,1,0
2,1,4,2,1,9,3,4,1,1,7,1,2,1,4,108252,1,1,1,0
1,1,3,1,1,7,2,1,1,1,1,1,2,1,2,115000,1,1,1,0
2,1,2,1,8,5,3,4,1,1,8,1,1,1,4,52000,1,1,1,1
1,1,1,2,11,3,2,4,1,3,8,4,1,1,2,165000,1,1,1,0
1,1,2,7,1,10,3,2,1,3,7,1,1,1,3,190000,1,1,1,0
2,1,3,1,1,7,3,1,1,1,4,1,2,1,4,90000,1,1,1,0
2,1,2,1,1,1,2,1,1,1,7,1,1,1,1,49000,1,1,1,0
1,1,3,7,1,10,2,4,1,2,6,1,2,1,3,116000,1,1,1,0
1,1,3,10,4,5,2,3,1,1,7,1,1,1,4,105000,1,1,1,0
1,1,2,1,1,5,2,4,1,1,7,1,1,1,4,75000,1,1,1,0
1,1,2,1,1,5,3,4,1,1,7,1,1,1,4,105000,1,1,1,0
1,1,2,1,1,1,2,1,1,1,7,1,1,1,4,96000,1,1,1,0
1,1,2,1,1,7,3,1,1,1,2,1,1,1,2,140000,1,1,1,0
2,1,1,12,3,4,2,3,1,1,7,3,1,1,4,42636,1,1,1,0
1,1,2,1,14,10,2,3,2,1,6,1,2,1,2,130000,1,1,1,0
1,1,2,6,2,5,3,3,1,1,6,5,1,1,4,120000,1,1,1,0
1,1,2,1,1,1,1,4,2,4,4,1,1,1,4,73500,1,1,1,0
1,1,2,3,1,3,2,3,1,1,2,1,2,1,2,85000,1,1,1,0
1,3,3,4,11,4,2,2,1,1,1,1,1,1,1,90000,1,1,1,0
1,1,2,1,1,5,1,1,1,1,4,1,1,1,1,66300,1,1,1,0
1,1,2,1,1,5,3,4,1,1,7,1,1,1,1,140000,1,1,1,0
1,1,2,1,1,1,3,1,1,1,4,1,2,1,4,1296000,1,1,1,0
1,1,3,1,1,6,1,4,1,3,8,1,1,1,4,146000,1,1,1,0
2,1,3,1,1,9,1,2,1,1,2,6,2,1,3,99700,1,1,1,0
1,1,2,10,1,1,1,1,1,1,6,1,1,1,4,145000,1,1,1,0
1,1,2,1,8,7,2,3,1,1,1,1,1,1,4,105000,1,1,1,1
1,2,4,1,2,8,1,3,1,1,1,1,1,1,1,12000,1,1,1,0
1,1,2,8,1,7,3,1,1,1,1,1,2,1,2,75000,1,1,1,0
2,1,2,3,6,6,3,3,2,1,5,1,1,1,4,2000000,1,1,1,0
1,1,2,1,4,2,3,1,1,1,6,1,2,1,3,120000,1,1,1,0
1,1,2,6,1,8,2,4,1,1,7,1,1,1,1,64000,1,1,1,0
2,1,3,10,11,7,3,2,1,1,4,1,2,1,2,107228,1,1,1,0
1,1,2,7,1,1,2,1,2,3,7,1,1,1,4,135000,1,1,1,0
2,1,2,1,1,6,2,4,1,1,7,1,2,1,2,75000,1,1,1,0
1,1,6,6,1,5,2,2,1,1,5,1,1,1,1,33000,1,1,1,0
1,1,2,2,1,4,2,1,1,1,2,1,1,1,4,98000,1,1,1,0
2,1,2,1,1,3,3,3,1,1,7,2,2,1,2,150000,1,1,1,0
2,1,2,1,1,5,2,1,2,1,5,2,1,1,4,44500,1,1,1,0
2,2,1,1,1,4,3,1,1,1,9,4,1,1,1,9600,1,1,1,0
1,1,1,9,1,5,3,1,1,1,7,1,2,1,4,85000,1,1,1,0
2,1,3,1,5,3,2,3,2,1,4,5,2,1,2,185000,1,1,1,0
1,1,2,1,2,7,3,2,1,1,7,1,1,1,2,175000,1,1,1,0
1,1,1,12,1,3,2,1,1,1,1,1,1,1,2,80000,1,1,1,0
2,1,5,10,1,10,3,1,1,1,5,1,2,1,2,170000,1,1,1,0
1,1,2,1,1,1,2,3,1,1,6,2,1,1,4,85000,1,1,1,0
1,1,2,10,1,7,2,2,1,1,6,1,1,1,4,315000,1,1,1,0
1,1,2,9,1,4,3,4,1,1,1,1,1,1,4,54000,1,1,1,0
2,1,2,8,1,4,2,2,1,1,7,1,1,1,4,78000,1,1,1,0
1,1,2,1,1,7,2,1,1,1,5,1,2,1,2,90000,1,1,1,0
1,1,6,1,1,4,3,2,2,1,7,5,2,1,4,2000000,1,1,1,0
2,1,1,2,1,10,2,1,1,1,7,1,2,1,3,92500,1,1,1,0
2,1,2,1,1,2,3,4,1,1,6,5,1,1,3,125000,1,1,1,0
1,1,3,9,2,8,2,3,2,1,5,1,1,1,4,80000,1,1,1,0
1,1,2,4,1,7,1,1,1,1,7,1,1,1,2,150000,1,1,1,0
1,1,2,8,2,8,1,2,2,1,7,2,1,1,4,101200,1,1,1,0
1,1,3,9,1,8,3,3,1,1,5,4,1,1,4,70000,1,1,1,0
1,1,2,1,1,6,3,4,1,1,1,1,2,1,2,115000,1,1,1,0
1,1,2,1,2,4,2,3,1,1,1,1,1,1,1,58000,1,1,1,0
1,3,2,4,1,4,2,3,1,1,7,1,2,1,4,120000,1,1,1,0
2,1,4,12,2,7,2,4,1,1,2,1,1,1,3,150000,1,1,1,0
1,1,2,2,1,5,2,4,1,1,7,1,1,1,4,107000,1,1,1,0
1,1,1,6,10,2,1,3,1,1,7,1,2,1,3,220000,1,1,1,0
1,1,4,1,1,9,1,3,1,3,1,2,1,1,4,60000,1,1,1,0
1,1,3,1,14,1,2,4,1,1,1,1,1,1,4,120000,1,1,1,0
1,1,4,1,1,7,2,1,1,1,7,1,1,1,1,36000,1,1,1,0
1,1,1,6,6,4,1,1,1,1,4,1,1,1,2,95000,1,1,1,0
1,1,2,1,1,1,2,1,2,2,7,1,1,1,4,126000,1,1,1,0
1,1,1,1,1,5,2,1,1,1,2,1,1,1,1,55000,1,1,1,0
1,1,3,1,1,6,2,1,1,3,1,1,1,1,4,66512,1,1,1,0
1,2,2,3,18,5,1,3,1,1,4,1,1,1,4,95000,1,1,1,0
2,1,2,3,1,1,3,4,1,1,8,1,2,1,4,157000,1,1,1,0
2,1,2,3,2,6,2,3,1,1,2,1,1,1,2,116000,1,1,1,0
1,1,2,1,1,5,3,2,1,1,1,1,1,1,1,103000,1,1,1,0
1,1,4,5,2,5,2,3,1,1,4,1,2,1,4,111250,1,1,1,0
1,1,2,6,1,4,2,3,1,1,7,1,1,1,4,120000,1,1,1,0
1,1,2,2,1,1,2,1,1,1,1,1,1,1,4,110000,1,1,1,0
1,1,2,1,1,6,2,1,1,1,7,1,2,1,4,135000,1,1,1,0
1,1,1,1,11,10,2,4,1,1,2,1,2,1,2,85000,1,1,1,0
1,1,2,10,11,8,2,3,1,1,1,1,2,1,1,48000,1,1,1,0
1,1,2,1,1,3,1,3,1,1,6,1,2,1,4,95000,1,1,1,0
1,1,2,3,1,1,3,1,1,2,4,1,1,1,4,110000,1,1,1,0
2,1,2,2,1,6,1,1,1,3,4,1,1,1,4,116000,1,1,1,0
1,1,2,3,12,4,1,1,1,1,4,1,1,1,4,110000,1,1,1,0
2,1,2,1,2,5,1,1,1,1,1,1,1,1,4,71000,1,1,1,0
1,1,3,9,1,2,2,2,1,1,7,1,2,1,5,161000,1,1,1,0
1,1,2,9,1,7,2,1,1,1,7,1,1,1,1,42500,1,1,1,0
1,1,2,1,11,2,2,2,1,1,6,1,2,1,3,84000,1,1,1,0
2,1,2,1,1,5,2,1,1,1,1,1,1,1,4,72000,1,1,1,0
1,1,3,1,2,11,2,2,1,1,7,4,2,1,3,135000,1,1,1,0
1,1,2,10,11,4,2,2,1,1,8,1,1,1,1,36000,1,1,1,0
1,1,2,1,18,1,3,1,1,1,1,1,1,1,1,95000,1,1,1,0
1,1,2,1,1,6,2,4,1,1,7,1,1,1,4,105000,1,1,1,0
1,1,3,1,3,5,2,3,1,1,7,1,1,1,4,60000,1,1,1,0
2,1,2,5,1,1,2,2,1,1,4,1,2,1,4,140000,1,1,1,0
2,1,2,1,5,5,2,1,1,1,2,1,1,1,4,142000,1,1,1,0
1,1,2,1,1,5,3,3,1,1,7,1,1,1,1,88500,1,1,1,0
2,1,3,6,1,2,3,2,1,1,1,1,1,1,5,105000,1,1,1,0
1,1,3,6,1,7,2,4,1,1,1,1,2,1,2,105000,1,1,1,0
1,1,1,3,1,5,1,1,1,1,2,1,2,1,4,57000,1,1,1,0
1,1,2,1,1,5,2,4,1,1,1,2,1,1,4,2000000,1,1,1,0
1,1,3,10,11,8,3,2,1,1,7,2,1,1,4,70000,1,1,1,0
2,1,2,7,13,8,3,3,2,1,2,1,1,1,4,90000,1,1,1,0
1,2,2,1,1,5,2,3,1,1,6,6,1,1,1,110000,1,1,1,0
1,3,1,1,11,4,2,3,1,1,5,4,2,1,4,60000,1,1,1,0
1,1,2,7,2,8,2,2,1,1,1,1,1,1,4,142000,1,1,1,0
1,1,2,9,2,5,3,1,1,1,7,1,1,1,4,114000,1,1,1,0
1,1,2,1,1,9,2,2,2,1,1,1,2,1,3,125000,1,1,1,0
1,1,2,10,11,8,2,1,1,1,6,1,1,1,4,73500,1,1,1,0
2,1,2,1,1,7,2,1,1,1,7,1,1,1,4,110000,1,1,1,0
1,1,2,1,1,5,2,4,1,1,1,1,1,1,4,230000,1,1,1,0
1,3,2,1,3,5,2,1,1,1,7,1,2,1,4,110000,1,1,1,0
1,1,1,1,1,1,3,4,1,1,4,1,2,1,2,90000,1,1,1,0
1,1,2,8,1,2,3,2,1,1,7,1,1,1,7,102000,1,1,1,0
1,2,2,1,1,5,1,1,1,1,2,1,2,1,4,95000,1,1,1,0
1,1,3,3,2,6,3,2,1,1,2,1,1,1,4,74500,1,1,1,0
1,1,2,1,1,7,2,3,1,1,6,2,1,1,4,110000,1,1,1,0
1,1,4,1,1,7,2,1,1,1,2,1,2,1,4,27500,1,1,1,0
1,1,2,1,2,6,2,2,1,1,7,1,1,1,4,47000,1,1,1,0
1,1,3,3,3,7,1,4,2,1,5,1,2,1,2,93000,1,1,1,0
1,2,1,1,12,10,1,1,1,4,5,3,2,1,2,96000,1,1,1,0
1,1,2,3,1,10,2,2,1,1,6,1,2,1,2,87000,1,1,1,0
1,2,1,3,1,4,3,1,1,1,1,1,1,1,1,90000,1,1,1,0
1,1,7,8,1,4,1,4,1,1,5,1,1,1,4,52000,1,1,1,0
1,1,2,1,7,3,2,1,1,1,7,1,2,1,2,105000,1,1,1,0
1,1,1,1,14,5,2,4,1,1,5,1,1,1,2,135000,1,1,1,0
1,1,3,9,1,11,2,4,1,1,2,1,1,1,3,137000,1,1,1,0
1,1,3,2,1,7,2,2,1,1,8,1,2,1,2,90000,1,1,1,0
2,1,1,3,11,1,2,4,1,1,1,6,1,1,4,57000,1,1,1,0
2,1,2,1,8,5,2,4,1,1,7,1,1,1,4,75000,1,1,1,1
2,3,4,8,2,9,2,1,1,1,1,1,2,1,4,70000,1,1,1,0
1,1,3,1,1,6,2,4,1,1,4,1,1,1,4,97000,1,1,1,0
1,1,2,1,4,5,1,1,1,1,7,1,1,1,1,60000,1,1,1,0
1,1,2,1,1,5,2,2,1,1,1,1,1,1,4,696000,1,1,1,0
1,2,1,1,2,5,1,3,1,1,7,1,1,1,1,80000,1,1,1,0
1,1,2,1,1,5,2,4,1,1,7,1,1,1,4,60000,1,1,1,0
2,1,2,1,1,4,1,4,1,1,7,3,2,1,1,50000,1,1,1,0
1,3,3,1,1,10,2,1,1,1,6,7,2,1,2,150000,1,1,1,0
1,1,2,9,3,4,2,1,2,2,6,1,1,1,1,107500,1,1,1,0
1,1,2,1,1,9,1,4,1,1,1,1,1,1,2,125000,1,1,1,0
1,1,2,9,1,8,2,3,1,1,1,1,1,1,4,60000,1,1,1,0
1,1,3,1,1,8,3,1,1,1,7,5,1,1,4,66000,1,1,1,0
2,1,2,3,7,8,3,1,1,1,7,1,1,1,1,55000,1,1,1,0
2,1,2,1,3,4,3,4,1,1,1,1,1,1,1,66000,1,1,1,0
1,1,2,3,1,9,2,1,1,1,1,1,1,1,2,143000,1,1,1,0
1,1,2,1,1,5,2,3,1,3,7,1,1,1,4,130000,1,1,1,0
1,1,3,1,1,1,3,1,1,1,5,1,1,1,4,120000,1,1,1,0
1,1,1,2,6,4,2,1,1,1,5,1,1,1,4,30000,1,1,1,0
1,1,3,6,3,4,3,3,1,1,1,2,1,1,4,85000,1,1,1,0
1,1,2,1,3,4,2,3,1,1,6,2,1,1,1,140000,1,1,1,0
1,1,2,1,1,1,2,2,1,1,1,1,2,1,2,99000,1,1,1,0
1,1,3,1,1,3,2,1,1,1,6,1,2,1,2,137000,1,1,1,0
1,1,2,1,1,5,2,3,2,2,5,1,1,1,1,70000,1,1,1,0
1,1,2,1,1,7,2,4,2,2,6,1,1,1,4,103300,1,1,1,0
1,1,3,6,11,6,2,1,1,1,7,2,2,1,3,160000,1,1,1,0
1,1,2,1,1,5,2,3,1,1,7,1,1,1,4,100000,1,1,1,0
1,1,2,1,8,5,2,4,1,1,5,1,2,1,4,2000000,1,1,1,1
1,1,2,1,3,1,2,4,1,1,1,1,2,1,4,110000,1,1,1,0
2,1,3,3,3,5,3,3,1,1,7,1,1,1,4,135000,1,1,1,0
1,1,2,1,2,1,2,3,1,1,8,1,1,1,4,60000,1,1,1,0
1,1,1,12,1,2,2,1,1,1,5,1,1,1,3,135000,1,1,1,0
2,1,2,1,1,6,3,3,2,1,6,1,1,1,4,130000,1,1,1,0
1,1,2,1,1,5,3,3,1,1,7,1,1,1,4,65000,1,1,1,0
2,1,2,3,1,6,1,3,1,1,5,1,2,1,4,120000,1,1,1,0
2,1,2,6,1,5,2,3,1,1,8,3,1,1,4,155250,1,1,1,0
2,1,2,9,1,7,2,3,1,2,5,1,1,1,2,125000,1,1,1,0
1,1,5,9,4,1,3,4,1,1,6,1,1,1,2,105000,1,1,1,0
1,1,2,1,1,5,2,1,1,1,7,1,1,1,4,84000,1,1,1,0
1,1,2,1,1,1,1,4,1,1,7,5,1,1,4,195000,1,1,1,0
1,1,3,7,1,8,3,2,1,1,6,1,1,1,4,57000,1,1,1,0
1,1,6,1,1,3,1,3,1,1,7,4,2,1,2,120000,1,1,1,0
1,1,2,1,1,9,3,2,1,1,7,1,2,1,2,132000,1,1,1,0
1,1,3,1,2,5,3,4,1,1,5,1,1,1,1,120000,1,1,1,0
2,1,3,1,1,3,2,1,1,1,2,7,1,1,4,205000,1,1,1,0
1,1,2,1,2,6,3,4,1,1,7,1,1,1,4,90000,1,1,1,0
2,1,2,10,2,3,2,3,2,3,1,1,1,1,2,80000,1,1,1,0
2,1,2,5,1,7,2,4,1,1,2,1,1,1,4,110000,1,1,1,0
2,1,3,1,1,6,1,4,1,1,1,1,1,1,1,125000,1,1,1,0
1,1,2,1,1,5,3,4,1,1,7,1,1,1,4,90000,1,1,1,0
1,1,3,1,12,4,2,1,1,1,1,5,1,1,4,125000,1,1,1,0
1,1,2,1,18,1,1,1,1,1,7,1,1,1,1,74000,1,1,1,0
2,1,2,1,1,4,3,4,1,1,7,1,1,1,1,65000,1,1,1,0
1,2,2,1,1,4,2,1,2,1,7,2,1,1,1,7500,1,1,1,0
1,1,1,1,1,10,2,3,1,1,7,1,2,1,2,128000,1,1,1,0
1,1,1,1,1,9,3,3,2,2,5,1,1,1,5,90000,1,1,1,0
1,1,2,1,1,1,1,1,1,1,1,2,1,1,4,55000,1,1,1,0
1,1,1,2,1,1,3,4,1,1,1,1,1,1,2,127500,1,1,1,0
1,1,2,9,4,4,3,3,1,1,6,5,1,1,1,75000,1,1,1,0
1,1,2,1,2,5,2,3,1,1,7,1,1,1,1,51000,1,1,1,0
1,1,2,1,1,2,2,4,1,1,3,1,2,1,5,120000,1,1,1,0
1,1,2,9,1,4,2,2,1,1,6,3,1,1,4,68640,1,1,1,0
2,1,3,9,2,2,2,2,1,1,7,1,2,1,5,160000,1,1,1,0
1,1,2,9,12,4,2,2,1,1,1,1,1,1,4,78000,1,1,1,0
1,1,5,10,1,3,3,4,1,1,6,1,1,1,2,350000,1,1,1,0
1,2,2,1,15,4,3,4,1,1,1,1,1,1,1,16000,1,1,1,0
1,1,2,1,7,5,3,3,1,1,7,1,1,1,1,600000,1,1,1,0
2,1,2,3,3,4,3,3,1,1,7,1,1,1,4,69000,1,1,1,0
1,1,2,1,1,5,2,2,1,1,2,4,1,1,4,70000,1,1,1,0
1,1,2,1,1,7,3,4,1,1,9,1,1,1,4,120000,1,1,1,0
1,1,2,1,1,1,1,3,1,1,7,1,1,1,4,80000,1,1,1,0
1,1,2,1,1,6,2,3,1,1,1,1,1,1,4,100000,1,1,1,0
1,1,3,1,1,2,3,1,1,1,7,1,2,1,3,165000,1,1,1,0
2,1,2,1,3,4,1,1,1,1,5,5,2,1,4,70000,1,1,1,0
1,1,3,6,5,5,2,4,1,1,1,5,1,1,4,150000,1,1,1,0
1,1,2,1,14,2,3,4,1,1,1,1,2,1,3,150000,1,1,1,0
1,2,2,1,1,3,2,1,1,1,2,1,2,1,2,98000,1,1,1,0
1,1,2,3,1,4,2,1,1,1,7,1,1,1,4,75000,1,1,1,0
1,1,2,1,1,3,3,3,1,1,5,1,2,1,4,0,1,1,1,0
1,1,1,10,1,2,2,1,1,1,3,1,1,1,2,130000,1,1,1,0
1,1,2,3,12,4,2,1,1,1,9,4,2,1,4,94000,1,1,1,0
1,1,4,1,1,5,1,4,1,1,7,1,1,1,1,70000,1,1,1,0
1,1,2,1,1,1,3,2,1,1,1,1,2,1,4,110000,1,1,1,0
1,1,1,1,1,5,2,1,1,1,4,4,2,1,4,65000,1,1,1,0
1,2,1,1,1,4,2,1,1,1,1,1,1,1,1,27000,1,1,1,0
1,1,2,1,18,5,3,4,1,1,1,1,1,1,4,86000,1,1,1,0
1,1,2,1,18,1,3,4,1,1,2,1,2,1,4,130000,1,1,1,0
1,1,1,3,1,6,3,1,1,1,4,1,2,1,2,133000,1,1,1,0
1,1,2,1,1,7,2,2,1,1,7,1,2,1,4,127500,1,1,1,0
1,3,2,7,1,4,2,1,1,1,1,1,1,1,4,90000,1,1,1,0
1,1,2,1,1,6,3,3,1,1,7,1,1,1,4,192000,1,1,1,0
1,1,2,1,1,6,3,4,1,1,7,1,1,1,4,90000,1,1,1,0
1,1,2,9,6,5,2,4,2,2,6,1,2,1,4,70000,1,1,1,0
1,1,2,1,5,1,3,4,1,1,7,4,1,1,1,125000,1,1,1,0
1,1,3,1,4,10,2,3,1,1,2,1,1,1,5,78000,1,1,1,0
1,1,2,1,6,3,2,4,1,1,7,1,2,1,2,100000,1,1,1,0
1,1,2,1,1,6,2,4,1,3,5,1,2,1,4,130000,1,1,1,0
1,1,2,1,5,6,3,2,1,1,8,1,1,1,4,150000,1,1,1,0
1,1,1,8,2,8,2,3,1,1,5,1,1,1,1,50000,1,1,1,0
1,1,2,3,1,2,2,2,1,1,7,1,2,1,5,95000,1,1,1,0
2,1,2,1,1,6,2,3,1,1,1,1,1,1,4,2000000,1,1,1,0
1,1,2,1,1,1,1,4,1,4,7,1,1,1,4,80000,1,1,1,0
1,1,2,1,1,1,2,3,1,1,7,1,1,1,4,147000,1,1,1,0
1,1,3,10,11,4,2,4,1,1,6,6,2,1,4,100000,1,1,1,0
2,1,1,8,11,2,1,3,1,1,2,1,1,1,3,65000,1,1,1,0
2,1,1,7,1,4,2,3,1,1,8,1,1,1,4,65000,1,1,1,0
1,1,3,1,18,7,2,1,1,1,2,1,2,1,2,98000,1,1,1,0
1,1,2,8,1,1,2,3,1,1,1,1,1,1,2,160000,1,1,1,0
2,1,2,10,12,4,2,3,1,1,8,1,1,1,1,80000,1,1,1,0
1,1,2,1,1,1,2,2,2,1,3,1,1,1,4,68000,1,1,1,0
1,1,2,1,1,5,1,1,1,2,7,1,1,1,4,65000,1,1,1,0
2,1,3,6,13,3,3,4,1,1,5,1,2,1,3,175000,1,1,1,0
2,1,2,3,3,1,2,1,2,1,5,1,2,1,2,72500,1,1,1,0
1,3,4,2,1,9,3,3,1,1,5,1,1,1,2,125000,1,1,1,0
1,3,1,1,1,4,2,3,2,1,2,1,2,1,1,39750,1,1,1,0
1,1,2,7,1,1,2,2,1,1,7,1,1,1,4,132500,1,1,1,0
1,1,2,1,2,3,2,1,1,1,1,1,1,1,2,185000,1,1,1,0
1,1,2,1,1,11,2,1,1,1,1,1,2,1,2,127000,1,1,1,0
1,2,2,3,3,5,2,2,1,1,8,1,1,1,4,120000,1,1,1,0
1,1,2,1,13,4,3,2,1,1,4,1,1,1,1,62000,1,1,1,0
1,1,2,9,2,3,3,1,1,1,5,1,2,1,2,89500,1,1,1,0
1,1,3,1,18,7,2,3,1,1,5,4,1,1,4,110000,1,1,1,0
1,1,3,7,8,4,2,4,1,1,1,1,1,1,4,60000,1,1,1,1
1,1,2,3,1,4,3,2,2,1,8,3,1,1,1,67500,1,1,1,0
1,1,2,1,1,7,2,3,1,1,1,1,1,1,2,70000,1,1,1,0
2,1,2,1,1,8,2,4,1,1,9,4,1,1,4,67000,1,1,1,0
1,2,2,6,1,4,3,2,1,1,7,1,1,1,1,50000,1,1,1,0
1,1,2,1,1,3,2,4,1,1,4,1,2,1,2,1188000,1,1,1,0
1,1,6,1,2,6,2,1,1,1,5,1,2,1,2,1320000,1,1,1,0
1,1,3,1,1,1,3,3,1,1,1,7,1,1,4,85000,1,1,1,0
1,1,2,8,8,7,2,1,1,1,4,1,2,1,2,85000,1,1,1,1
1,1,2,1,14,7,3,3,1,1,7,1,1,1,2,121000,1,1,1,0
1,1,2,1,5,1,2,4,1,1,1,1,1,1,4,85000,1,1,1,0
1,2,1,1,13,5,2,1,1,1,7,1,1,1,1,11000,1,1,1,0
1,1,2,1,1,7,2,2,1,1,5,1,1,1,4,160000,1,1,1,0
1,1,3,1,1,5,2,3,1,1,1,2,1,1,4,137000,1,1,1,0
1,1,2,1,1,5,1,4,1,1,8,1,1,1,1,91000,1,1,1,0
1,1,2,10,13,6,2,4,2,2,8,1,1,1,4,116000,1,1,1,0
2,1,2,1,1,5,2,1,1,1,8,1,2,1,4,100000,1,1,1,0
1,1,2,1,2,3,2,4,2,1,4,1,1,1,2,89000,1,1,1,0
2,1,4,1,5,6,3,1,1,1,1,1,2,1,2,88000,1,1,1,0
2,1,3,3,1,1,3,4,1,1,1,1,2,1,4,85000,1,1,1,0
1,1,2,1,1,5,1,3,1,1,5,1,1,1,1,57000,1,1,1,0
1,1,2,3,1,6,3,4,1,1,7,1,2,1,4,104000,1,1,1,0
1,1,3,1,1,1,2,4,1,1,7,1,2,1,4,96000,1,1,1,0
1,1,1,1,1,7,1,1,1,1,7,1,1,1,4,145000,1,1,1,0
2,1,4,1,3,8,4,4,2,1,4,3,2,1,2,43000,1,1,1,0
1,1,2,1,2,5,2,4,1,2,6,1,1,1,4,110000,1,1,1,0
1,1,2,1,1,5,2,2,1,1,8,1,1,1,1,105000,1,1,1,0
2,1,2,1,1,6,3,3,1,1,8,5,1,1,4,64000,1,1,1,0
1,1,2,3,1,7,2,3,1,1,2,1,1,1,4,122000,1,1,1,0
1,1,2,3,1,6,3,2,1,1,6,1,2,1,2,130000,1,1,1,0
1,1,2,3,1,7,1,1,1,1,7,1,1,1,2,112000,1,1,1,0
1,1,3,7,1,4,3,1,1,1,7,1,2,1,4,88000,1,1,1,0
1,1,2,1,13,6,3,4,1,1,7,1,1,1,4,107000,1,1,1,0
1,1,4,12,1,3,2,4,1,1,1,1,2,1,4,98000,1,1,1,0
1,1,4,5,3,6,1,4,2,1,1,1,1,1,4,130000,1,1,1,0
1,1,2,6,5,4,2,4,1,1,3,5,1,1,4,112000,1,1,1,0
1,1,4,1,1,5,2,1,1,1,1,1,1,1,4,74000,1,1,1,0
2,1,5,1,13,7,3,3,1,1,7,1,2,1,2,123700,1,1,1,0
1,1,2,3,1,7,3,3,1,1,5,5,1,1,2,180000,1,1,1,0
2,1,3,6,1,4,3,3,1,1,8,1,2,1,4,162000,1,1,1,0
2,1,3,10,1,5,3,2,1,1,7,1,1,1,4,170000,1,1,1,0
2,1,2,3,1,4,3,3,1,1,7,1,1,1,4,61000,1,1,1,0
1,1,1,9,3,8,3,4,1,1,8,1,1,1,4,93000,1,1,1,0
1,1,2,1,18,5,1,1,1,1,4,1,1,1,1,62500,1,1,1,0
1,1,2,2,1,5,2,4,1,1,1,1,1,1,4,115000,1,1,1,0
1,1,2,8,1,8,3,2,2,1,1,1,1,1,4,112000,1,1,1,0
1,1,3,8,11,8,3,3,1,1,7,1,1,1,4,60000,1,1,1,0
1,1,3,6,15,1,3,2,1,1,6,1,2,1,4,48000,1,1,1,0
1,1,2,9,16,8,3,4,1,1,1,1,2,1,2,28800,1,1,1,0
1,3,2,10,1,4,3,2,1,1,8,1,1,1,4,53300,1,1,1,0
1,1,1,10,1,5,2,4,1,1,5,1,1,1,4,24000,1,1,1,0
1,1,2,3,8,3,2,4,1,1,7,1,1,1,4,84000,1,1,1,1
1,1,2,8,1,2,2,4,1,1,2,1,1,1,3,125000,1,1,1,0
1,1,2,9,1,4,2,3,1,1,1,1,1,1,4,137000,1,1,1,0
1,1,2,1,12,3,2,2,1,1,1,1,2,1,2,90000,1,1,1,0
1,1,3,6,4,5,2,2,1,1,8,1,1,1,4,65000,1,1,1,0
1,1,2,1,5,1,3,1,1,1,1,1,1,1,4,132180,1,1,1,0
1,1,2,1,1,3,2,2,1,1,2,1,1,1,2,125000,1,1,1,0
1,1,2,1,1,1,1,1,1,1,1,1,1,1,4,105000,1,1,1,0
2,1,2,7,11,4,3,3,1,1,7,3,1,1,2,85000,1,1,1,0
2,1,2,1,2,3,3,3,1,1,1,1,2,1,2,132600,1,1,1,0
1,1,1,6,1,6,2,1,1,1,1,1,2,1,4,106000,1,1,1,0
2,1,2,8,2,1,2,4,1,1,7,1,2,1,4,73250,1,1,1,0
1,1,2,1,1,6,3,4,1,1,7,4,1,1,4,115000,1,1,1,0
1,1,3,3,1,10,2,3,2,3,1,1,1,1,3,93000,1,1,1,0
1,1,3,1,1,1,2,2,1,1,7,1,1,1,4,90000,1,1,1,0
1,1,3,1,1,4,2,2,1,1,4,1,1,1,4,76000,1,1,1,0
1,2,1,1,1,1,3,4,1,1,6,1,1,1,1,175000,1,1,1,0
1,3,2,1,2,5,3,4,1,2,1,1,1,1,4,92000,1,1,1,0
1,1,3,7,1,7,3,3,1,1,9,1,2,1,2,215000,1,1,1,0
1,1,5,9,11,8,3,4,1,1,5,2,1,1,2,60000,1,1,1,0
1,1,2,1,1,5,1,2,1,1,7,1,1,1,4,130000,1,1,1,0
1,1,2,1,1,7,2,4,1,1,5,1,1,1,4,125000,1,1,1,0
1,2,6,1,1,5,3,2,1,1,6,5,1,1,1,13000,1,1,1,0
1,1,2,1,1,2,2,1,1,1,2,1,2,1,2,80000,1,1,1,0
1,1,2,1,5,5,3,1,1,1,5,1,2,1,2,67500,1,1,1,0
1,1,3,4,4,5,2,3,1,1,7,4,1,1,4,125000,1,1,1,0
2,1,2,1,3,5,2,2,1,1,7,5,1,1,4,78000,1,1,1,0
1,1,1,8,5,5,2,3,1,1,1,1,1,1,4,93500,1,1,1,0
1,1,1,1,1,2,4,1,1,1,7,1,2,1,2,105000,1,1,1,0
2,1,2,1,7,9,2,1,1,1,4,1,1,1,2,102000,1,1,1,0
2,1,2,1,12,5,3,3,1,1,7,1,1,1,4,85000,1,1,1,0
2,3,4,10,1,6,2,4,1,1,1,1,1,1,4,140000,1,1,1,0
1,1,2,1,1,4,2,4,1,1,7,4,1,1,4,85000,1,1,1,0
1,1,2,1,1,9,3,4,1,1,8,1,1,1,2,150000,1,1,1,0
1,1,6,3,1,1,2,1,1,1,1,1,2,1,2,888000,1,1,1,0
1,1,1,7,6,1,2,1,1,1,7,1,2,1,4,130000,1,1,1,0
1,1,4,1,13,2,1,1,2,2,4,1,1,1,5,40000,1,1,1,0
1,1,2,6,1,10,3,2,1,1,6,1,2,1,2,120000,1,1,1,0
1,1,3,10,1,5,3,3,1,1,7,1,1,1,4,100000,1,1,1,0
1,1,5,9,1,10,3,1,1,1,7,1,2,1,2,155000,1,1,1,0
1,1,2,1,6,1,2,1,1,2,7,1,1,1,4,74550,1,1,1,0
2,1,2,1,2,3,2,4,1,1,2,1,1,1,4,100000,1,1,1,0
1,1,1,4,6,5,3,1,1,1,2,1,1,1,4,76000,1,1,1,0
1,1,3,1,3,6,1,2,1,3,7,1,1,1,4,103000,1,1,1,0
2,2,6,3,1,4,3,3,1,1,7,1,1,1,1,39000,1,1,1,0
2,1,2,1,1,8,3,3,1,1,1,1,1,1,1,62500,1,1,1,0
1,1,2,1,1,5,2,4,1,1,7,1,2,1,4,95000,1,1,1,0
1,1,2,1,1,6,3,1,1,3,8,1,1,1,4,135000,1,1,1,0
1,1,6,1,1,11,2,1,1,1,2,1,2,1,2,105000,1,1,1,0
1,1,1,7,12,5,3,3,1,1,8,1,1,1,1,75000,1,1,1,0
1,1,2,1,3,1,3,3,1,1,7,1,1,1,4,126000,1,1,1,0
1,1,2,1,1,6,2,1,1,1,7,1,2,1,4,75000,1,1,1,0
2,1,2,1,6,6,2,4,1,1,1,1,2,1,4,150000,1,1,1,0
1,1,2,6,18,2,3,1,1,1,2,1,1,1,5,105000,1,1,1,0
1,1,2,3,1,4,2,3,1,1,7,1,1,1,1,68000,1,1,1,0
1,1,1,1,1,10,2,2,1,1,2,3,1,1,3,114000,1,1,1,0
1,3,2,1,1,4,3,4,1,1,7,2,1,1,1,2000000,1,1,1,0
1,1,3,1,2,6,2,2,1,1,7,1,1,1,4,107000,1,1,1,0
1,2,3,1,1,7,2,4,1,1,8,3,2,1,4,35000,1,1,1,0
2,1,5,9,4,5,2,2,2,1,7,1,1,1,4,120000,1,1,1,0
1,1,3,6,1,6,2,1,1,1,5,5,1,1,4,87000,1,1,1,0
1,1,2,1,1,7,2,2,1,1,8,1,1,1,4,105000,1,1,1,0
1,1,2,6,1,5,2,1,1,1,7,1,1,1,4,65000,1,1,1,0
1,1,2,1,1,6,2,2,1,2,6,1,1,1,4,101000,1,1,1,0
1,1,8,1,1,5,3,1,1,1,8,1,1,1,4,110000,1,1,1,0
2,1,2,1,1,6,3,1,1,1,4,1,1,1,4,82000,1,1,1,0
2,1,2,7,3,8,2,2,1,1,7,1,1,1,4,60000,1,1,1,0
1,1,4,12,1,9,2,4,1,1,7,1,1,1,4,122000,1,1,1,0
1,1,2,1,1,5,2,2,2,1,1,1,2,1,4,130000,1,1,1,0
1,1,2,1,2,5,2,3,1,1,7,1,2,1,4,78313,1,1,1,0
1,1,2,5,2,8,2,4,1,1,7,1,1,1,1,50000,1,1,1,0
1,2,1,5,8,4,3,1,1,1,7,1,1,1,1,12000,1,1,1,1
1,1,2,1,1,4,3,4,1,1,7,1,1,1,1,80000,1,1,1,0
1,1,4,3,1,4,3,1,1,1,7,1,2,1,4,73000,1,1,1,0
1,1,1,1,3,5,2,2,1,1,1,1,1,1,4,375000,1,1,1,0
1,1,3,4,11,5,2,4,1,1,1,1,1,1,4,90000,1,1,1,0
1,1,3,9,1,4,1,2,1,1,4,1,1,1,3,113000,1,1,1,0
1,1,2,1,1,1,2,4,1,1,2,5,1,1,4,105000,1,1,1,0
1,2,6,1,1,4,3,3,1,1,1,2,1,1,1,50000,1,1,1,0
1,1,2,1,1,2,3,3,1,1,9,1,2,1,3,141000,1,1,1,0
1,1,2,1,2,4,2,1,1,1,1,4,1,1,1,37000,1,1,1,0
1,1,2,2,17,1,3,2,1,1,2,1,1,1,4,120000,1,1,1,0
1,1,2,1,1,6,1,1,1,2,1,1,1,1,1,90000,1,1,1,0
1,2,4,1,16,1,1,4,1,1,7,1,1,1,1,15000,1,1,1,0
1,3,3,9,1,4,3,2,1,1,6,2,1,1,4,130000,1,1,1,0
1,2,1,1,16,8,4,3,1,1,5,4,1,1,1,12000,1,1,1,0
1,1,2,1,1,8,2,1,1,1,2,1,1,1,4,52000,1,1,1,0
2,1,2,1,1,7,3,4,1,1,7,1,1,1,4,108000,1,1,1,0
1,1,2,3,14,9,3,4,1,1,5,1,1,1,2,110000,1,1,1,0
1,1,1,1,1,6,3,4,1,1,7,1,1,1,4,120000,1,1,1,0
1,1,3,6,1,1,3,2,1,1,2,1,2,1,4,125000,1,1,1,0
2,1,3,1,1,6,2,4,2,1,7,3,1,1,2,90000,1,1,1,0
1,2,4,10,1,1,2,4,1,1,5,1,1,1,1,40000,1,1,1,0
1,1,1,10,1,3,3,3,1,1,5,1,1,1,3,125000,1,1,1,0
1,1,2,1,1,7,1,2,1,1,4,1,1,1,2,85000,1,1,1,0
1,1,7,1,3,5,2,2,1,1,5,1,1,1,4,1500000,1,1,1,0
1,1,2,3,1,7,2,3,1,1,5,1,1,1,4,149000,1,1,1,0
1,1,2,1,1,3,2,4,1,1,7,1,1,1,4,110000,1,1,1,0
1,1,1,10,1,4,1,4,2,2,8,1,1,1,1,75000,1,1,1,0
2,1,2,1,18,7,2,3,1,1,1,1,1,1,4,2000000,1,1,1,0
1,1,2,10,1,5,2,4,1,1,5,1,2,1,4,41000,1,1,1,0
1,1,1,1,11,5,3,1,1,3,6,1,1,1,1,50000,1,1,1,0
2,1,1,1,13,2,3,1,1,1,2,1,2,1,5,87000,1,1,1,0
1,1,2,3,12,7,2,2,1,1,2,1,1,1,4,150000,1,1,1,0
1,2,1,1,11,5,3,4,1,1,7,1,1,1,1,12000,1,1,1,0
2,1,2,1,1,6,2,1,1,1,7,1,1,1,4,104000,1,1,1,0
1,1,1,3,14,7,2,1,1,1,9,1,1,1,1,147000,1,1,1,0
1,1,2,8,6,4,1,4,1,1,1,1,1,1,1,75000,1,1,1,0
2,1,2,1,1,4,3,3,1,1,5,4,1,1,1,61250,1,1,1,0
1,1,6,1,1,5,1,4,1,1,7,1,2,1,2,77760,1,1,1,0
1,1,2,8,1,4,2,2,2,1,1,1,1,1,1,95000,1,1,1,0
1,1,2,1,1,10,1,1,1,3,1,1,1,1,2,125000,1,1,1,0
1,1,1,1,2,8,4,3,1,1,5,1,1,1,1,36000,1,1,1,0
1,3,2,1,1,9,2,1,1,1,2,1,2,1,3,118000,1,1,1,0
2,1,2,1,1,7,3,3,1,1,5,1,2,1,2,80000,1,1,1,0
2,1,2,1,12,5,2,1,1,1,1,2,1,1,1,145000,1,1,1,0
1,1,1,3,2,5,3,1,1,1,7,1,2,1,2,65000,1,1,1,0
1,3,2,1,13,2,2,1,1,1,1,5,2,1,3,151000,1,1,1,0
1,1,2,10,1,7,2,1,1,1,5,4,1,1,4,125000,1,1,1,0
2,1,3,10,11,5,2,3,1,1,1,1,2,1,4,110000,1,1,1,0
1,1,2,1,1,3,2,1,1,1,7,1,2,1,4,95000,1,1,1,0
1,1,3,9,13,9,2,1,1,1,4,1,2,1,2,68500,1,1,1,0
2,1,2,1,13,3,3,2,1,1,5,1,2,1,2,101700,1,1,1,0
1,1,3,3,11,4,2,4,2,1,5,1,2,1,2,50000,1,1,1,0
1,1,2,1,5,4,2,2,1,1,1,4,1,1,1,108000,1,1,1,0
1,1,2,10,1,5,2,3,1,1,1,1,1,1,1,125000,1,1,1,0
1,3,3,10,4,6,3,2,1,1,2,1,2,1,2,140000,1,1,1,0
2,1,1,3,2,1,2,3,1,3,7,1,1,1,4,65000,1,1,1,0
1,2,1,1,1,4,2,1,1,1,1,1,2,1,4,70000,1,1,1,0
1,3,2,4,2,8,1,4,1,1,4,3,1,1,4,50000,1,1,1,0
2,1,2,1,1,4,1,1,1,1,1,1,1,1,4,95000,1,1,1,0
1,1,2,1,1,5,2,4,1,1,7,1,1,1,4,155000,1,1,1,0
1,1,8,1,1,10,2,1,1,1,5,1,1,1,4,110000,1,1,1,0
1,1,3,4,4,4,2,4,1,1,2,1,1,1,4,110000,1,1,1,0
1,1,1,3,1,1,2,1,1,1,5,1,2,1,3,150000,1,1,1,0
2,1,2,9,1,1,3,3,1,1,6,1,2,1,2,145000,1,1,1,0
2,1,7,1,1,1,2,1,1,1,1,1,1,1,4,130000,1,1,1,0
2,1,2,5,1,9,3,1,1,1,7,1,2,1,2,65000,1,1,1,0
1,1,3,10,11,5,2,2,1,1,4,1,1,1,4,103000,1,1,1,0
2,1,1,12,12,4,3,1,1,1,7,1,1,1,4,130000,1,1,1,0
1,1,3,1,1,1,2,4,1,3,7,1,1,1,4,120000,1,1,1,0
1,1,2,4,3,4,2,1,2,2,6,2,1,1,1,108000,1,1,1,0
1,1,4,5,3,5,2,4,1,1,1,1,1,1,4,60250,1,1,1,0
1,1,1,1,1,9,3,1,1,1,1,1,2,1,2,210000,1,1,1,0
1,1,2,1,2,5,2,3,1,1,1,2,1,1,4,85500,1,1,1,0
1,1,3,6,1,1,2,4,1,1,1,5,1,1,4,80600,1,1,1,0
1,1,2,6,1,11,2,4,1,1,7,1,2,1,3,250000,1,1,1,0
1,1,3,8,11,4,3,4,1,1,1,1,1,1,4,97500,1,1,1,0
2,3,2,10,1,1,2,3,1,1,5,1,1,1,4,138000,1,1,1,0
1,3,2,1,1,1,3,2,1,1,1,1,1,1,4,65000,1,1,1,0
1,1,2,1,1,6,3,3,1,1,4,1,2,1,4,93000,1,1,1,0
1,1,2,1,13,9,2,4,1,1,1,1,1,1,2,100000,1,1,1,0
2,1,2,3,1,9,3,3,1,1,7,1,1,1,2,100000,1,1,1,0
1,1,9,1,1,8,2,2,1,1,5,1,1,1,4,50000,1,1,1,0
1,1,1,1,2,5,2,4,1,1,1,1,1,1,1,60000,1,1,1,0
1,1,2,6,1,5,3,4,1,1,7,1,1,1,4,110000,1,1,1,0
1,1,3,1,2,5,2,4,1,1,6,1,1,1,4,100000,1,1,1,0
2,3,1,1,13,1,3,1,1,2,1,1,1,1,4,95000,1,1,1,0
1,1,4,2,1,7,2,4,1,1,4,1,2,1,2,100000,1,1,1,0
2,1,2,1,18,4,2,1,1,1,7,1,1,1,1,66000,1,1,1,0
2,1,2,2,3,4,3,4,1,1,4,3,1,1,4,105000,1,1,1,0
1,1,5,9,1,1,2,2,1,1,2,1,1,1,4,157000,1,1,1,0
1,1,5,2,1,4,2,3,2,1,6,1,1,1,4,68250,1,1,1,0
1,1,1,1,1,4,1,1,1,1,3,4,2,1,4,86500,1,1,1,0
1,2,6,6,1,4,2,4,1,1,7,1,1,1,1,36000,1,1,1,0
1,1,1,1,1,3,2,1,1,1,1,1,2,1,4,126000,1,1,1,0
1,1,2,3,13,7,1,4,2,1,5,1,2,1,4,97000,1,1,1,0
2,1,2,1,2,1,2,1,1,1,7,1,1,1,3,50664,1,1,1,0
1,1,2,9,1,4,2,3,1,1,2,1,1,1,1,70000,1,1,1,0
1,1,2,7,2,4,3,3,2,1,6,4,1,1,4,139000,1,1,1,0
1,1,2,1,1,2,2,4,1,1,7,1,2,1,3,140000,1,1,1,0
1,1,3,1,2,5,2,4,1,1,6,5,2,1,4,70000,1,1,1,0
1,1,2,1,3,1,1,3,1,1,4,1,1,1,4,275000,1,1,1,0
1,1,2,1,1,5,2,1,2,2,7,1,1,1,4,55000,1,1,1,0
1,1,1,1,1,3,2,1,1,3,2,1,1,1,4,105000,1,1,1,0
1,3,1,1,1,4,2,4,1,2,1,1,1,1,1,42000,1,1,1,0
1,1,2,1,1,3,2,1,1,1,7,1,2,1,4,156000,1,1,1,0
1,2,1,1,1,5,1,4,1,1,7,1,1,1,1,104000,1,1,1,0
2,1,5,6,5,2,2,4,2,1,2,1,2,1,3,163000,1,1,1,0
1,1,2,3,5,1,3,2,1,1,7,1,1,1,4,156000,1,1,1,0
1,1,2,1,1,9,1,2,1,1,1,1,1,1,2,110000,1,1,1,0
1,1,2,1,1,1,2,4,1,1,2,1,2,1,2,80000,1,1,1,0
1,1,3,4,1,8,2,1,1,1,8,1,1,1,2,72000,1,1,1,0
1,1,1,1,1,7,3,2,1,1,9,1,2,1,2,155000,1,1,1,0
1,1,2,1,1,10,2,2,1,1,2,1,1,1,2,130000,1,1,1,0
1,1,1,6,1,7,2,1,1,1,8,1,2,1,4,180000,1,1,1,0
1,3,4,1,1,5,3,2,1,1,2,1,1,1,4,80000,1,1,1,0
1,1,2,1,5,4,3,3,1,1,1,1,1,1,1,480000,1,1,1,0
1,1,2,6,18,5,2,1,1,1,2,1,2,1,4,80000,1,1,1,0
1,1,2,1,1,11,2,1,1,1,2,1,2,1,3,162000,1,1,1,0
1,1,2,1,1,1,2,1,1,1,5,1,2,1,4,92000,1,1,1,0
1,1,2,1,1,4,2,4,1,1,7,1,1,1,4,53,1,1,1,0
1,1,2,3,17,4,3,4,1,1,7,1,1,1,1,70000,1,1,1,0
1,3,2,12,1,8,3,2,1,1,5,1,1,1,2,70000,1,1,1,0
1,1,2,1,1,1,2,1,1,1,7,1,1,1,4,40000,1,1,1,0
2,1,2,1,2,7,3,3,1,1,4,1,2,1,4,100000,1,1,1,0
1,1,3,6,11,1,3,3,1,1,1,5,2,1,2,150000,1,1,1,0
2,1,3,7,8,6,2,1,2,1,2,1,2,1,2,56000,1,1,1,1
2,1,3,1,1,6,3,1,1,1,1,2,2,1,3,135000,1,1,1,0
1,1,2,6,1,10,2,2,2,3,2,1,1,1,2,110000,1,1,1,0
1,1,3,4,4,5,2,3,1,1,5,1,2,1,2,75500,1,1,1,0
2,1,2,1,7,7,2,2,1,1,1,1,1,1,4,110000,1,1,1,0
1,1,2,1,12,6,2,4,1,1,8,1,2,1,4,113000,1,1,1,0
2,1,2,9,2,9,2,4,1,1,7,1,2,1,3,130000,1,1,1,0
2,1,2,3,1,3,3,2,1,1,7,1,2,1,4,103000,1,1,1,0
1,1,4,1,1,4,2,3,1,1,5,1,2,1,4,52000,1,1,1,0
1,1,4,1,1,6,2,2,1,1,2,1,1,1,4,137500,1,1,1,0
1,1,2,4,3,8,1,1,1,1,1,1,1,1,4,70000,1,1,1,0
2,1,2,6,1,3,2,3,1,1,1,1,1,1,3,80000,1,1,1,0
2,1,2,1,3,5,1,4,1,1,1,5,1,1,1,129000,1,1,1,0
1,1,3,1,1,4,2,4,1,1,7,5,1,1,1,90000,1,1,1,0
1,3,3,1,1,3,2,4,1,1,7,1,2,1,2,180000,1,1,1,0
1,1,1,7,12,8,2,4,1,1,3,1,2,1,2,60000,1,1,1,0
2,1,2,1,2,3,3,4,1,1,7,1,2,1,2,112000,1,1,1,0
2,1,2,1,1,4,3,2,2,2,7,1,1,1,4,69500,1,1,1,0
1,1,1,1,1,4,2,3,1,1,6,1,1,1,4,275000,1,1,1,0
1,1,2,1,3,4,2,2,1,1,7,1,1,1,4,105000,1,1,1,0
1,1,2,2,1,1,2,3,1,1,1,1,2,1,4,110000,1,1,1,0
1,1,3,1,1,7,1,4,1,1,2,1,1,1,4,120000,1,1,1,0
1,1,3,1,1,7,3,2,1,1,7,2,2,1,4,192500,1,1,1,0
1,1,3,9,13,5,3,1,1,1,7,1,2,1,3,85000,1,1,1,0
1,1,2,9,2,9,2,3,2,1,7,1,2,1,3,130000,1,1,1,0
1,1,2,1,1,10,3,3,1,1,7,1,2,1,2,200000,1,1,1,0
1,3,1,1,12,4,2,3,1,2,4,1,1,1,1,25000,1,1,1,0
1,1,1,12,1,10,3,1,1,1,5,1,2,1,3,55000,1,1,1,0
1,1,2,9,1,4,2,2,2,2,4,1,1,1,4,144000,1,1,1,0
1,1,2,1,2,1,2,3,1,1,5,1,1,1,4,50000,1,1,1,0
2,1,2,1,3,5,2,1,2,2,7,1,1,1,4,115500,1,1,1,0
1,1,2,9,19,4,2,3,1,1,7,1,1,1,4,95000,1,1,1,0
2,1,2,1,1,2,2,2,1,1,2,1,1,1,3,107500,1,1,1,0
1,1,2,1,1,4,3,1,1,1,1,1,1,1,4,68000,1,1,1,0
2,1,2,11,2,3,3,3,1,1,5,1,2,1,2,120000,1,1,1,0
1,1,2,1,1,4,2,1,1,1,1,4,1,1,1,85000,1,1,1,0
1,1,2,3,1,4,3,3,1,1,6,1,1,1,4,76000,1,1,1,0
1,1,2,1,1,6,2,4,2,1,7,1,1,1,4,156653,1,1,1,0
2,1,2,4,1,4,2,3,2,1,7,1,1,1,4,100000,1,1,1,0
1,1,2,1,1,4,3,2,1,1,8,1,1,1,6,30000,1,1,1,0
1,1,2,8,3,4,3,1,1,1,1,1,1,1,4,140000,1,1,1,0
1,1,2,1,1,9,2,3,1,1,1,1,1,1,2,150000,1,1,1,0
1,1,2,1,5,4,3,4,2,1,6,1,1,1,1,73500,1,1,1,0
1,3,2,1,1,7,3,4,1,1,1,5,2,1,2,135000,1,1,1,0
1,1,1,5,3,4,2,1,1,1,7,1,1,1,1,32000,1,1,1,0
2,1,2,9,1,1,3,2,1,1,6,1,1,1,4,195000,1,1,1,0
1,1,3,1,5,2,2,4,1,1,5,1,1,1,1,54000,1,1,1,0
1,1,1,1,1,6,1,4,1,1,2,3,1,1,4,100000,1,1,1,0
1,1,4,6,2,8,2,3,1,1,7,1,1,1,2,78000,1,1,1,0
2,2,2,1,1,1,1,2,1,1,5,1,1,1,2,85000,1,1,1,0
1,1,2,1,1,6,3,3,2,1,1,1,2,1,2,150000,1,1,1,0
1,1,2,9,1,9,2,1,2,2,1,1,1,1,2,87000,1,1,1,0
2,1,2,9,1,2,3,3,1,1,6,4,2,1,5,170000,1,1,1,0
1,1,2,2,1,9,3,2,1,1,7,1,2,1,4,300000,1,1,1,0
1,1,3,1,1,5,2,4,1,1,5,5,2,1,4,36000,1,1,1,0
2,1,2,1,3,5,2,4,2,2,7,1,1,1,4,92000,1,1,1,0
1,1,3,10,4,2,3,1,1,1,1,1,2,1,3,155000,1,1,1,0
1,1,4,2,1,11,2,3,1,1,1,1,2,1,3,250000,1,1,1,0
1,1,5,10,1,10,2,4,1,1,7,1,1,1,3,171912,1,1,1,0
1,1,3,1,1,4,2,1,2,1,7,5,1,1,4,744000,1,1,1,0
2,1,3,1,1,10,3,1,1,1,7,1,2,1,3,123000,1,1,1,0
2,1,2,7,2,2,2,4,1,1,7,1,1,1,3,103000,1,1,1,0
1,1,2,5,1,4,2,3,1,1,6,5,1,1,4,41000,1,1,1,0
1,1,3,6,11,5,3,4,1,1,7,1,1,1,2,120000,1,1,1,0
2,1,3,8,11,4,3,4,1,1,9,2,2,1,2,100000,1,1,1,0
1,1,6,1,1,9,2,1,1,1,5,1,2,1,2,61000,1,1,1,0
1,1,2,1,1,6,3,3,1,1,7,1,2,1,4,76272,1,1,1,0
2,1,2,10,3,6,3,2,1,1,7,1,2,1,4,2000000,1,1,1,0
2,1,1,5,6,6,3,1,1,1,5,7,2,1,2,1560000,1,1,1,0
1,1,2,9,1,4,2,4,1,1,8,1,1,1,4,100000,1,1,1,0
1,1,2,8,1,7,2,1,1,1,7,1,1,1,4,98000,1,1,1,0
1,1,3,1,2,5,2,1,1,1,7,1,1,1,4,90000,1,1,1,0
1,1,2,1,2,4,3,3,2,1,7,1,1,1,1,60000,1,1,1,0
1,1,2,7,3,8,3,2,1,1,7,1,1,1,4,125000,1,1,1,0
1,1,2,1,1,1,2,1,1,1,7,1,1,1,4,71000,1,1,1,0
1,1,1,10,10,2,3,4,1,2,1,2,2,1,3,450000,1,1,1,0
1,1,2,1,3,3,1,4,1,1,5,5,1,1,2,125000,1,1,1,0
1,1,1,1,12,7,1,1,1,1,4,1,2,1,4,35000,1,1,1,0
2,1,2,1,1,1,2,3,1,1,7,1,2,1,4,115000,1,1,1,0
1,1,1,6,1,1,2,1,1,1,5,1,1,1,1,50000,1,1,1,0
1,3,1,1,1,4,3,3,1,1,2,1,1,1,1,48000,1,1,1,0
1,1,2,1,13,4,3,1,1,1,5,1,1,1,2,56500,1,1,1,0
1,1,2,1,1,5,2,4,1,1,7,1,1,1,1,60000,1,1,1,0
1,1,3,8,15,9,1,1,2,1,4,3,1,1,2,89000,1,1,1,0
1,1,1,2,1,1,2,1,1,1,7,1,1,1,1,80000,1,1,1,0
1,1,2,3,1,9,1,4,1,1,2,1,2,1,3,120000,1,1,1,0
1,1,2,1,1,7,3,2,1,1,1,1,2,1,2,80000,1,1,1,0
1,1,3,1,1,1,2,3,1,1,6,1,1,1,4,122500,1,1,1,0
1,3,2,8,1,5,2,3,1,1,2,1,1,1,4,90000,1,1,1,0
1,1,2,1,1,1,3,2,1,1,7,1,1,1,4,70064,1,1,1,0
2,1,3,1,2,7,2,4,1,1,7,1,1,1,2,167000,1,1,1,0
1,1,2,1,1,1,2,3,1,1,7,1,1,1,4,86000,1,1,1,0
1,1,9,1,1,5,3,2,1,1,8,1,2,1,3,92500,1,1,1,0
1,1,3,9,1,5,2,2,1,1,7,2,1,1,4,79800,1,1,1,0
1,1,2,1,13,5,1,3,1,3,8,3,1,1,1,80000,1,1,1,0
1,1,2,1,1,8,3,2,1,1,6,2,1,1,1,82500,1,1,1,0
1,1,2,1,1,4,2,1,1,1,7,1,1,1,4,48000,1,1,1,0
1,1,2,1,3,5,2,4,1,1,2,4,1,1,4,155000,1,1,1,0
1,1,2,1,1,1,2,1,1,1,7,1,1,1,4,2000000,1,1,1,0
1,1,3,1,4,6,2,1,1,1,1,1,1,1,4,80000,1,1,1,0
1,1,2,1,1,5,1,1,1,1,1,1,1,1,1,82335,1,1,1,0
1,1,6,3,1,7,2,1,1,1,1,1,2,1,1,76700,1,1,1,0
1,1,2,1,12,7,2,4,1,1,2,1,1,1,2,100000,1,1,1,0
1,1,6,1,1,7,3,4,1,1,2,1,1,1,2,120000,1,1,1,0
1,1,2,1,1,1,1,1,1,1,7,1,2,1,4,110000,1,1,1,0
1,2,1,3,1,4,2,2,1,1,7,1,1,1,1,32500,1,1,1,0
1,1,2,1,1,5,3,1,1,1,4,1,2,1,1,65000,1,1,1,0
1,2,2,3,8,1,1,1,1,1,5,1,2,1,2,120000,1,1,1,1
1,1,3,1,1,6,3,2,1,1,2,1,1,1,4,134000,1,1,1,0
1,2,1,1,2,4,1,4,1,1,1,1,1,1,1,60000,1,1,1,0
1,1,3,9,1,4,2,1,1,1,2,7,2,1,4,105000,1,1,1,0
2,1,2,1,1,2,3,3,1,1,6,1,2,1,3,95000,1,1,1,0
1,1,2,1,13,4,1,3,1,1,7,1,1,1,1,58000,1,1,1,0
1,1,2,4,13,4,3,1,1,1,4,6,2,1,4,75000,1,1,1,0
1,1,6,1,1,1,2,1,1,1,5,1,1,1,4,2000000,1,1,1,0
1,1,3,10,1,4,2,3,1,1,7,1,2,1,4,84000,1,1,1,0
1,1,2,1,1,7,2,2,1,1,1,1,1,1,4,110000,1,1,1,0
1,1,3,1,13,3,3,4,1,1,1,1,1,1,4,2000000,1,1,1,0
1,1,2,8,6,8,3,4,1,1,6,4,2,1,4,86000,1,1,1,0
1,1,2,1,1,6,3,3,1,1,7,1,1,1,4,70000,1,1,1,0
2,3,3,10,2,7,3,4,1,1,7,5,2,1,2,90000,1,1,1,0
1,1,2,4,3,8,2,4,2,1,1,1,1,1,1,50000,1,1,1,0
1,1,2,1,3,5,2,4,1,1,8,4,1,1,4,95000,1,1,1,0
1,1,2,1,2,5,3,4,1,1,2,1,1,1,4,95000,1,1,1,0
1,1,2,1,1,2,2,3,1,1,2,1,2,1,5,145000,1,1,1,0
2,1,2,3,14,7,2,4,1,1,1,1,2,1,1,140000,1,1,1,0
1,1,2,1,1,5,1,4,1,1,7,1,1,1,4,66000,1,1,1,0
1,1,2,8,1,9,2,3,1,1,1,1,2,1,2,128000,1,1,1,0
1,1,3,1,1,1,2,2,1,1,7,1,1,1,4,53000,1,1,1,0
1,1,2,1,1,1,2,1,1,1,2,1,1,1,4,76600,1,1,1,0
2,1,2,1,13,5,2,4,1,1,1,1,1,1,4,61500,1,1,1,0
1,1,2,1,1,6,3,4,1,1,7,1,2,1,4,104000,1,1,1,0
1,1,2,1,1,6,3,4,1,1,6,5,1,1,1,120000,1,1,1,0
2,3,1,1,11,5,2,1,1,1,7,1,2,1,4,52000,1,1,1,0
1,1,1,1,1,5,2,1,1,1,7,4,1,1,4,150000,1,1,1,0
2,1,2,2,14,5,3,4,1,3,7,1,1,1,4,145000,1,1,1,0
1,1,2,1,1,3,2,4,1,1,2,1,1,1,1,1284000,1,1,1,0
2,1,2,1,5,7,2,4,1,1,8,1,1,1,4,115000,1,1,1,0
1,1,2,10,11,4,2,4,1,1,1,1,1,1,4,180000,1,1,1,0
2,1,2,3,1,7,3,1,1,1,2,1,2,1,4,98000,1,1,1,0
1,1,5,1,4,6,2,4,1,1,6,4,1,1,2,130000,1,1,1,0
1,1,2,4,1,1,2,2,1,1,5,1,1,1,4,125000,1,1,1,0
1,1,1,8,1,10,2,1,1,1,7,1,1,1,3,110000,1,1,1,0
2,1,1,1,1,1,3,1,1,1,8,6,2,1,4,108000,1,1,1,0
1,1,2,1,1,5,3,3,1,1,2,1,1,1,4,100000,1,1,1,0
1,1,2,3,2,4,2,1,1,1,2,1,1,1,1,47850,1,1,1,0
1,1,2,4,1,4,2,1,1,1,1,1,1,1,4,75000,1,1,1,0
2,1,2,1,1,6,2,2,1,1,1,1,2,1,2,110000,1,1,1,0
1,1,5,4,4,5,2,2,1,1,5,7,2,1,2,84000,1,1,1,0
1,1,2,6,14,10,3,1,1,1,5,1,1,1,1,178200,1,1,1,0
1,1,2,1,1,6,1,1,1,1,7,1,1,1,4,106000,1,1,1,0
1,1,2,1,1,1,2,2,1,1,1,1,2,1,3,130000,1,1,1,0
1,1,2,1,1,4,2,3,1,1,7,1,1,1,4,70000,1,1,1,0
1,1,2,1,3,4,2,4,1,2,7,1,1,1,4,60000,1,1,1,0
2,1,2,1,13,1,2,1,1,1,1,1,1,1,4,82000,1,1,1,0
1,1,2,1,2,9,2,4,1,1,7,1,1,1,2,115000,1,1,1,0
1,3,3,1,4,2,3,1,1,1,5,1,1,1,3,186000,1,1,1,0
2,1,3,10,3,8,2,1,1,1,1,1,1,1,4,80000,1,1,1,0
1,1,2,2,5,6,3,3,1,1,4,1,1,1,2,86250,1,1,1,0
1,1,2,1,1,5,1,1,1,1,7,1,1,1,4,135000,1,1,1,0
1,1,2,1,6,7,3,4,1,1,7,1,2,1,2,50000,1,1,1,0
1,1,2,1,1,6,2,3,1,1,4,4,1,1,4,75000,1,1,1,0
1,1,2,2,3,8,1,1,2,3,6,1,1,1,4,120000,1,1,1,0
2,1,3,1,1,1,3,3,1,1,7,1,1,1,4,110000,1,1,1,0
1,1,3,2,1,1,3,3,1,1,7,4,1,1,4,146000,1,1,1,0
1,2,2,5,3,5,2,4,2,2,5,1,1,1,4,70000,1,1,1,0
1,1,2,1,1,7,3,2,1,1,1,1,2,1,4,80000,1,1,1,0
1,1,9,1,1,7,2,1,1,1,1,4,1,1,2,14900,1,1,1,0
1,1,2,1,3,5,3,3,1,1,1,1,2,1,4,124000,1,1,1,0
1,1,2,1,1,2,2,1,1,1,5,1,2,1,2,190000,1,1,1,0
1,1,1,1,1,7,2,4,1,1,1,1,2,1,4,200000,1,1,1,0
1,1,1,3,14,7,3,4,1,1,5,1,2,1,2,162000,1,1,1,0
1,1,2,1,1,3,3,4,1,3,7,1,1,1,2,150000,1,1,1,0
1,1,2,4,13,5,2,3,1,1,1,1,1,1,4,132000,1,1,1,0
1,1,5,6,1,7,3,4,2,1,6,5,2,1,2,1800000,1,1,1,0
1,1,3,6,1,4,2,4,1,1,7,1,2,1,4,70500,1,1,1,0
1,3,2,1,1,5,2,2,2,1,8,1,1,1,4,136000,1,1,1,0
1,2,6,1,1,3,1,1,1,1,2,1,2,1,2,125000,1,1,1,0
2,1,2,10,1,10,3,1,2,3,6,1,1,1,5,46000,1,1,1,0
1,1,5,9,4,3,2,1,1,1,1,1,1,1,3,105475,1,1,1,0
1,1,2,4,1,7,2,1,1,1,5,1,1,1,3,125000,1,1,1,0
2,1,3,1,1,7,2,4,1,1,1,1,2,1,4,125000,1,1,1,0
1,1,4,3,11,2,2,1,1,1,7,1,1,1,3,94000,1,1,1,0
1,1,2,1,1,5,2,1,1,1,7,1,1,1,1,100000,1,1,1,0
1,1,2,1,1,9,3,3,1,1,5,1,2,1,2,108000,1,1,1,0
1,1,8,9,1,5,3,1,1,1,9,1,2,1,4,125000,1,1,1,0
1,1,1,1,1,1,2,1,1,1,7,1,1,1,4,67000,1,1,1,0
1,1,2,1,1,7,3,2,1,1,1,1,1,1,4,95000,1,1,1,0
1,1,2,1,1,2,2,3,1,1,6,1,2,1,3,97000,1,1,1,0
1,2,3,1,4,5,2,1,2,1,6,2,2,1,4,50000,1,1,1,0
1,1,1,1,1,4,3,4,1,1,2,1,1,1,1,24000,1,1,1,0
2,1,2,1,2,7,3,3,1,1,9,1,1,1,4,120000,1,1,1,0
1,1,6,1,1,1,3,4,1,1,3,1,2,1,2,120000,1,1,1,0
1,1,1,8,11,4,3,1,1,1,7,4,2,1,4,49000,1,1,1,0
2,1,2,1,5,5,2,1,1,1,7,1,1,1,1,70000,1,1,1,0
1,1,2,1,1,6,3,4,1,1,1,1,1,1,4,89000,1,1,1,0
1,1,2,7,3,8,2,1,1,1,1,1,2,1,4,67000,1,1,1,0
2,1,2,1,2,4,3,1,2,1,5,1,1,1,4,60000,1,1,1,0
1,2,6,3,3,4,2,1,1,1,2,1,1,1,1,14000,1,1,1,0
2,1,3,10,2,4,2,4,1,1,8,1,1,1,2,125000,1,1,1,0
1,1,3,1,2,1,2,3,2,1,7,1,1,1,4,90000,1,1,1,0
1,1,2,1,1,6,3,1,1,1,8,1,2,1,4,105000,1,1,1,0
1,1,1,1,1,4,3,1,1,1,1,1,1,1,1,75000,1,1,1,0
1,1,5,10,4,1,2,3,1,1,7,1,1,1,4,145000,1,1,1,0
1,1,1,1,2,2,3,4,1,1,5,1,2,1,3,140,1,1,1,0
1,1,2,1,2,1,2,1,1,1,7,1,1,1,4,82000,1,1,1,0
1,1,2,3,3,3,3,4,1,1,7,1,2,1,2,130000,1,1,1,0
1,1,2,1,1,7,2,4,1,1,9,5,1,1,2,140000,1,1,1,0
1,1,2,1,1,10,3,1,1,1,1,1,2,1,4,170000,1,1,1,0
1,1,1,9,1,6,3,2,1,1,1,4,1,1,4,160000,1,1,1,0
2,1,2,4,1,8,3,4,1,3,7,1,1,1,1,130000,1,1,1,0
2,1,2,1,2,11,1,1,1,1,7,1,2,1,2,219000,1,1,1,0
1,1,2,1,1,1,5,3,1,1,1,1,1,1,2,135000,1,1,1,0
1,1,2,3,1,10,3,4,1,1,2,1,2,1,3,48000,1,1,1,0
1,1,2,1,1,5,2,2,1,1,6,1,1,1,4,130000,1,1,1,0
2,1,2,4,1,9,2,4,1,1,1,1,2,1,3,180000,1,1,1,0
1,1,2,8,2,8,3,4,1,1,8,1,1,1,4,95000,1,1,1,0
1,1,2,10,3,5,1,4,1,1,7,1,1,1,4,87000,1,1,1,0
2,1,2,1,1,2,2,1,1,1,8,1,2,1,5,130000,1,1,1,0
2,1,2,8,1,8,2,3,1,1,8,1,1,1,4,102000,1,1,1,0
1,1,2,1,1,2,2,3,1,1,1,7,2,1,2,95000,1,1,1,0
1,1,3,11,3,5,3,4,1,1,5,2,2,1,2,88000,1,1,1,0
2,1,3,1,2,4,3,1,1,1,7,1,1,1,4,56000,1,1,1,0
1,1,3,1,2,5,2,2,1,1,7,2,1,1,4,140000,1,1,1,0
1,1,2,7,6,5,2,4,1,1,7,7,1,1,4,53750,1,1,1,0
1,1,2,1,1,4,3,1,1,1,7,1,1,1,1,45000,1,1,1,0
2,1,2,1,2,5,1,1,2,1,6,5,1,1,1,90000,1,1,1,0
1,2,2,9,16,8,4,2,2,1,1,1,2,1,4,360,1,1,1,0
1,3,3,1,1,6,3,4,1,1,7,5,2,1,4,115500,1,1,1,0
1,1,3,1,1,1,2,2,1,1,1,1,1,1,4,120000,1,1,1,0
1,1,2,1,1,3,3,3,1,1,1,1,2,1,2,120000,1,1,1,0
1,1,2,7,3,4,2,4,2,1,1,1,1,1,4,112000,1,1,1,0
1,1,2,1,4,5,1,2,1,1,2,1,1,1,1,85000,1,1,1,0
1,2,4,6,13,1,3,1,1,1,7,1,1,1,1,40000,1,1,1,0
1,1,2,1,1,1,2,4,1,1,7,1,2,1,4,80000,1,1,1,0
2,1,2,1,1,6,2,4,1,1,7,1,2,1,4,115000,1,1,1,0
2,1,4,5,1,1,3,2,2,1,4,1,1,1,4,42000,1,1,1,0
1,2,1,1,7,4,4,1,1,1,4,1,1,1,1,15000,1,1,1,0
1,2,2,8,1,5,2,2,1,1,2,1,1,1,4,85000,1,1,1,0
1,1,2,1,1,6,1,1,1,1,2,1,1,1,4,105000,1,1,1,0
1,1,3,3,1,2,3,1,1,1,5,1,1,1,3,95000,1,1,1,0
1,3,1,1,1,4,3,1,1,1,7,1,2,1,4,56000,1,1,1,0
1,1,2,3,1,3,2,3,1,1,7,3,2,1,2,70000,1,1,1,0
1,1,3,6,1,3,2,4,1,1,7,1,2,1,4,150000,1,1,1,0
1,1,3,1,1,3,1,3,1,1,1,1,1,1,2,105000,1,1,1,0
1,1,2,7,2,8,2,2,1,1,7,1,1,1,4,97500,1,1,1,0
2,1,2,1,3,6,3,3,1,1,1,1,1,1,2,110000,1,1,1,0
1,2,2,1,1,4,2,4,1,3,2,1,1,1,1,47500,1,1,1,0
1,1,2,7,1,4,3,2,2,1,7,1,1,1,4,90000,1,1,1,0
1,1,2,1,1,4,3,1,1,1,4,1,1,1,1,40250,1,1,1,0
1,1,2,6,1,4,3,3,1,1,1,1,1,1,4,75000,1,1,1,0
1,1,2,1,10,3,2,3,2,1,1,1,2,1,2,276000,1,1,1,0
1,1,6,1,1,2,1,1,1,1,2,1,1,1,3,105000,1,1,1,0
2,3,2,1,1,5,2,3,2,2,1,5,1,1,1,107000,1,1,1,0
1,1,3,1,1,5,1,1,1,1,7,5,1,1,2,200000,1,1,1,0
1,1,2,3,1,7,2,1,1,1,1,1,1,1,2,142000,1,1,1,0
2,1,2,1,1,1,1,3,1,1,4,4,1,1,4,88000,1,1,1,0
2,1,2,6,8,5,2,3,1,1,6,1,1,1,4,78000,1,1,1,1
1,1,2,7,1,6,2,4,2,1,4,1,2,1,4,139900,1,1,1,0
1,1,4,1,1,4,2,1,1,1,7,1,1,1,4,37440,1,1,1,0
2,1,5,9,1,1,3,1,1,1,1,6,2,1,4,135000,1,1,1,0
1,1,2,1,2,9,2,4,1,1,7,1,2,1,2,125000,1,1,1,0
2,1,3,4,10,4,3,2,1,1,2,1,1,1,4,60000,1,1,1,0
1,1,3,1,1,3,2,1,2,1,7,2,1,1,4,160000,1,1,1,0
1,1,2,6,3,7,3,4,1,1,7,1,1,1,4,115000,1,1,1,0
2,1,5,7,14,4,2,4,1,1,7,1,1,1,2,141000,1,1,1,0
1,1,4,1,1,4,2,1,1,1,4,1,1,1,1,50000,1,1,1,0
1,1,4,2,1,3,3,2,1,1,1,1,2,1,2,85000,1,1,1,0
1,1,6,6,9,3,2,1,1,1,5,1,1,1,4,150000,1,1,1,0
1,1,5,1,1,3,2,4,1,1,1,5,2,1,2,180000,1,1,1,0
2,1,4,1,11,4,3,1,1,1,4,1,1,1,2,65000,1,1,1,0
2,1,3,1,2,4,1,1,1,1,2,1,1,1,4,62000,1,1,1,0
1,1,2,3,13,10,2,2,1,1,5,1,2,1,2,113000,1,1,1,0
1,1,2,10,11,4,2,1,1,1,5,1,1,1,1,50000,1,1,1,0
1,1,3,2,1,11,2,1,1,1,5,1,2,1,3,188600,1,1,1,0
1,1,1,1,18,2,3,4,1,2,7,1,2,1,3,170000,1,1,1,0
2,1,3,1,1,7,2,1,1,1,1,1,2,1,4,80000,1,1,1,0
1,1,3,1,2,6,3,1,1,2,2,1,1,1,4,100000,1,1,1,0
1,1,6,6,1,2,3,1,1,1,5,1,2,1,2,90000,1,1,1,0
1,1,2,1,1,4,2,1,2,1,8,1,1,1,1,85000,1,1,1,0
1,1,3,7,1,4,2,4,1,1,6,1,1,1,4,75000,1,1,1,0
1,1,2,3,1,7,2,4,1,1,7,5,2,1,4,125000,1,1,1,0
1,1,3,1,1,3,2,2,1,1,1,1,1,1,4,112400,1,1,1,0
1,2,1,5,1,8,1,1,2,4,2,1,1,1,2,58000,1,1,1,0
2,1,2,3,7,4,2,1,1,1,7,1,1,1,1,60000,1,1,1,0
1,1,2,1,3,3,2,4,1,1,7,1,2,1,2,64000,1,1,1,0
1,1,2,1,1,2,3,2,1,1,5,1,1,1,3,180000,1,1,1,0
1,1,2,4,2,3,2,3,1,1,7,1,1,1,7,115000,1,1,1,0
1,1,1,1,1,6,1,4,1,1,7,1,1,1,4,92000,1,1,1,0
1,1,2,9,1,2,2,3,1,1,1,1,2,1,3,125000,1,1,1,0
1,1,3,7,5,5,3,2,1,1,1,1,1,1,4,103000,1,1,1,0
1,1,2,1,1,1,3,3,1,1,7,1,2,1,4,91000,1,1,1,0
1,1,2,1,3,1,3,4,1,3,7,1,1,1,4,180000,1,1,1,0
1,1,2,9,1,4,2,4,1,1,9,1,2,1,4,87000,1,1,1,0
1,1,3,1,1,1,2,3,1,2,1,1,1,1,4,70000,1,1,1,0
1,1,2,1,3,5,3,4,1,1,8,1,1,1,1,169935,1,1,1,0
1,1,2,1,13,6,2,3,1,1,7,1,1,1,4,75000,1,1,1,0
1,3,1,1,12,4,2,3,1,1,7,1,1,1,1,24000,1,1,1,0
1,1,2,3,2,1,3,1,1,1,8,4,2,1,4,136000,1,1,1,0
1,1,2,8,1,3,2,1,1,1,1,1,2,1,2,95000,1,1,1,0
1,1,3,1,5,6,3,3,1,1,1,3,1,1,2,160000,1,1,1,0
1,1,2,1,1,4,3,4,1,2,7,1,1,1,1,93500,1,1,1,0
1,1,1,3,1,7,3,2,1,1,8,1,2,1,2,130000,1,1,1,0
2,1,2,1,2,5,3,1,1,1,4,1,1,1,4,80000,1,1,1,0
1,1,2,1,3,3,3,1,1,1,2,1,1,1,2,2000000,1,1,1,0
2,3,2,9,7,4,3,4,1,1,7,1,2,1,4,82000,1,1,1,0
1,1,2,1,1,1,2,1,1,1,1,1,1,1,4,50000,1,1,1,0
1,1,3,1,4,7,2,1,1,1,6,5,1,1,2,150000,1,1,1,0
1,1,4,12,8,8,2,1,2,1,7,1,1,1,2,55000,1,1,1,1
1,1,2,1,1,9,2,4,1,1,7,1,2,1,2,113000,1,1,1,0
2,1,4,3,2,4,3,1,1,1,2,3,2,1,4,72000,1,1,1,0
1,1,3,1,13,3,2,3,1,1,1,1,2,1,2,150000,1,1,1,0
2,1,2,10,7,4,3,3,2,1,7,1,1,1,1,67600,1,1,1,0
1,1,3,1,18,4,2,3,1,1,5,1,1,1,4,90000,1,1,1,0
1,1,2,3,2,6,2,3,1,1,1,1,2,1,4,125000,1,1,1,0
1,1,2,2,2,4,2,1,1,1,1,1,2,1,4,85000,1,1,1,0
1,1,1,3,1,4,1,3,1,1,5,1,1,1,4,75000,1,1,1,0
2,2,4,1,5,4,2,1,1,1,7,1,1,1,1,40000,1,1,1,0
1,1,2,1,1,7,2,4,1,1,7,1,1,1,4,125000,1,1,1,0
1,1,2,1,1,7,2,1,1,1,7,1,1,1,4,80000,1,1,1,0
1,1,2,10,11,4,3,3,1,3,5,6,1,1,1,100000,1,1,1,0
1,1,2,3,1,6,2,1,1,1,2,1,2,1,4,100900,1,1,1,0
2,1,2,4,1,4,3,2,1,1,1,1,1,1,4,75000,1,1,1,0
1,1,2,1,2,1,3,4,1,1,4,1,1,1,4,90000,1,1,1,0
1,1,2,1,14,3,3,4,1,1,7,1,2,1,2,150000,1,1,1,0
1,1,5,2,10,5,1,2,1,1,1,1,1,1,2,181000,1,1,1,0
1,1,2,4,2,4,2,4,1,1,7,1,1,1,4,73000,1,1,1,0
1,1,1,1,1,6,3,1,1,1,2,7,2,1,4,89000,1,1,1,0
1,1,2,1,1,7,2,1,1,1,7,1,2,1,4,94000,1,1,1,0
1,1,5,9,1,7,1,2,1,1,1,1,2,1,4,100000,1,1,1,0
1,1,3,1,15,7,2,1,1,1,5,1,1,1,4,142000,1,1,1,0
1,1,3,6,1,6,1,4,1,1,7,4,2,1,4,145000,1,1,1,0
1,1,2,1,2,4,1,1,1,1,4,4,1,1,1,840000,1,1,1,0
1,1,2,6,1,6,2,4,1,1,4,1,2,1,2,125000,1,1,1,0
1,1,2,1,1,1,2,1,1,3,1,1,1,1,1,85000,1,1,1,0
1,1,1,1,13,3,2,2,1,1,1,1,1,1,2,142945,1,1,1,0
1,1,3,8,1,9,2,2,1,1,7,1,1,1,3,305000,1,1,1,0
1,1,2,1,1,6,3,1,1,1,1,4,2,1,4,75000,1,1,1,0
2,1,2,7,1,4,2,3,1,1,7,1,2,1,4,70000,1,1,1,0
1,1,2,7,1,4,2,2,1,1,7,1,2,1,4,2000000,1,1,1,0
1,1,2,1,13,9,2,4,1,1,6,1,2,1,2,120000,1,1,1,0
1,1,2,1,1,2,3,2,1,1,6,1,1,1,2,120000,1,1,1,0
2,3,1,1,11,1,2,3,1,1,7,1,1,1,4,60000,1,1,1,0
2,1,2,1,5,7,2,1,2,1,1,1,1,1,4,140000,1,1,1,0
2,1,2,1,12,9,2,2,1,1,1,1,1,1,2,140000,1,1,1,0
1,1,2,9,1,2,3,1,2,4,8,1,1,1,3,100000,1,1,1,0
2,1,2,5,6,6,3,4,2,1,1,1,1,1,4,90000,1,1,1,0
1,1,2,2,1,1,2,1,1,1,7,1,2,1,4,75000,1,1,1,0
1,1,2,1,1,4,2,4,1,1,5,2,1,1,1,130000,1,1,1,0
1,1,4,12,1,7,2,1,1,1,7,1,2,1,4,96000,1,1,1,0
1,1,2,7,5,6,3,1,1,1,5,1,1,1,4,175000,1,1,1,0
1,1,2,1,1,3,3,4,1,1,1,1,2,1,2,163000,1,1,1,0
1,3,2,4,3,4,2,1,2,1,7,1,1,1,4,71500,1,1,1,0
1,1,3,6,1,10,2,2,1,1,5,2,1,1,3,135000,1,1,1,0
1,1,4,1,1,5,2,2,1,1,1,1,1,1,1,56000,1,1,1,0
1,1,2,1,1,4,3,1,1,1,5,2,1,1,1,45000,1,1,1,0
1,1,3,8,11,4,3,4,1,1,7,1,1,1,4,58000,1,1,1,0
1,1,2,1,1,5,2,3,1,1,8,1,1,1,4,135000,1,1,1,0
1,1,2,1,1,6,2,2,1,1,1,1,2,1,2,125000,1,1,1,0
1,1,2,6,3,5,2,4,1,1,4,5,1,1,4,95000,1,1,1,0
1,1,3,6,5,2,2,1,1,1,1,1,1,1,5,117000,1,1,1,0
2,1,2,1,1,3,2,2,1,1,7,1,1,1,2,70000,1,1,1,0
1,1,2,1,1,11,1,2,1,1,1,4,1,1,2,106000,1,1,1,0
1,1,1,8,1,2,2,4,1,1,5,1,1,1,5,85000,1,1,1,0
1,1,2,7,1,4,3,1,1,1,8,1,1,1,4,55000,1,1,1,0
1,1,5,1,15,3,2,2,1,1,6,1,1,1,4,110000,1,1,1,0
1,1,3,9,14,2,2,4,1,1,1,1,2,1,4,175000,1,1,1,0
2,1,2,1,1,1,3,1,1,2,2,1,1,1,2,160000,1,1,1,0
1,1,2,1,1,5,3,3,1,1,4,4,1,1,1,63000,1,1,1,0
2,1,2,4,1,4,2,1,2,2,8,1,1,1,4,115250,1,1,1,0
1,1,2,1,2,5,2,4,1,1,5,1,1,1,4,70000,1,1,1,0
1,1,1,1,1,6,3,1,1,1,7,1,1,1,4,90000,1,1,1,0
1,1,2,1,1,5,2,1,1,1,5,1,1,1,4,122000,1,1,1,0
1,1,4,5,2,4,2,3,1,1,7,1,2,1,2,73000,1,1,1,0
1,1,2,1,1,3,2,4,1,1,5,1,2,1,2,200000,1,1,1,0
2,1,2,1,2,7,2,4,1,1,1,1,2,1,2,120000,1,1,1,0
1,1,2,1,8,6,2,4,1,1,4,1,1,1,4,90000,1,1,1,1
1,1,2,1,18,2,2,4,1,1,2,2,2,1,2,190000,1,1,1,0
1,1,1,1,4,7,2,4,1,1,8,1,2,1,4,125000,1,1,1,0
1,1,4,1,2,3,2,4,1,1,4,1,1,1,4,120000,1,1,1,0
1,2,1,1,4,5,3,4,1,2,2,2,1,1,4,950000,1,1,1,0
1,1,2,1,4,7,2,2,1,1,1,1,1,1,2,162000,1,1,1,0
1,1,1,4,1,10,3,1,1,1,2,1,2,1,2,200000,1,1,1,0
2,1,2,7,1,1,2,2,1,1,7,1,1,1,2,115000,1,1,1,0
1,1,4,1,1,7,1,4,1,1,7,1,1,1,4,115000,1,1,1,0
1,1,3,7,1,1,2,1,1,1,5,1,2,1,2,60000,1,1,1,0
1,1,6,6,1,5,2,1,1,1,6,1,1,1,2,100000,1,1,1,0
2,1,2,1,9,7,2,2,2,2,1,1,1,1,4,144000,1,1,1,0
1,1,3,4,4,4,2,2,1,1,7,1,1,1,4,146000,1,1,1,0
1,1,4,12,3,4,2,3,2,1,5,3,1,1,4,960000,1,1,1,0
1,1,3,1,1,7,3,4,1,1,1,1,2,1,4,122500,1,1,1,0
2,1,2,1,1,2,2,2,1,1,5,1,1,1,7,100000,1,1,1,0
1,1,2,1,1,5,1,1,1,1,1,1,1,1,4,96500,1,1,1,0
1,1,1,9,1,7,3,4,1,1,1,1,2,1,2,88000,1,1,1,0
1,1,1,1,2,5,2,1,1,1,7,1,1,1,1,85000,1,1,1,0
2,1,3,1,1,10,2,2,1,1,2,1,2,1,2,1464000,1,1,1,0
1,1,2,1,1,3,3,1,1,1,7,1,1,1,1,110000,1,1,1,0
1,1,3,1,14,7,3,4,1,1,1,1,2,1,4,116000,1,1,1,0
1,1,2,1,1,5,3,4,1,1,1,1,2,1,4,98890,1,1,1,0
1,1,2,1,1,6,1,2,1,1,1,1,1,1,4,300000,1,1,1,0
2,1,2,1,2,5,2,3,1,1,7,1,1,1,1,60000,1,1,1,0
2,1,3,8,5,8,2,3,1,1,2,1,1,1,4,61500,1,1,1,0
1,1,2,1,13,3,4,3,1,1,7,1,2,1,3,250000,1,1,1,0
1,1,9,4,1,6,3,4,1,2,4,1,1,1,4,80000,1,1,1,0
1,1,3,1,1,2,3,4,1,1,1,1,1,1,3,139000,1,1,1,0
1,1,2,1,1,10,2,1,1,1,7,1,1,1,2,102000,1,1,1,0
1,1,1,1,1,3,3,4,2,1,7,4,2,1,2,1080000,1,1,1,0
1,1,1,1,1,9,2,1,1,1,1,1,2,1,2,117640,1,1,1,0
1,1,6,4,1,5,2,3,1,1,4,1,1,1,4,83500,1,1,1,0
2,1,4,3,3,3,3,4,1,1,8,1,2,1,2,175000,1,1,1,0
1,1,2,7,2,4,2,1,2,3,7,1,1,1,4,115000,1,1,1,0
1,1,6,1,2,1,2,2,1,1,5,1,2,1,4,115000,1,1,1,0
2,1,2,1,1,4,3,2,1,1,7,1,2,1,3,135000,1,1,1,0
1,1,3,4,4,4,3,4,1,1,1,1,1,1,1,100000,1,1,1,0
1,1,2,1,12,6,3,3,1,1,7,1,1,1,4,95000,1,1,1,0
1,1,2,1,1,4,1,1,1,1,7,1,1,1,1,2000000,1,1,1,0
1,1,4,1,1,1,2,1,1,1,3,4,1,1,4,132000,1,1,1,0
2,1,2,1,2,4,3,3,2,2,1,4,1,1,1,107000,1,1,1,0
1,1,3,1,11,2,1,3,1,1,6,1,1,1,3,160000,1,1,1,0
1,1,2,1,1,6,2,1,1,1,1,1,1,1,4,87000,1,1,1,0
1,3,2,3,1,7,4,3,1,1,5,4,1,1,1,80000,1,1,1,0
1,1,1,1,1,2,2,1,1,1,7,1,1,1,5,110000,1,1,1,0
1,1,3,3,1,9,2,1,1,1,8,1,2,1,3,110000,1,1,1,0
2,1,2,1,2,2,2,1,1,1,7,1,1,1,3,140000,1,1,1,0
1,1,2,2,3,4,2,1,1,1,5,1,1,1,4,75000,1,1,1,0
2,1,2,1,1,9,2,1,1,1,7,1,2,1,3,133000,1,1,1,0
1,1,3,1,1,6,1,1,1,1,7,1,1,1,2,99999,1,1,1,0
2,1,2,1,1,6,3,3,1,3,6,1,1,1,4,99500,1,1,1,0
2,1,3,1,1,7,2,4,1,1,7,1,2,1,2,190000,1,1,1,0
1,1,2,9,1,5,3,1,1,1,5,1,1,1,1,780000,1,1,1,0
1,1,2,1,1,9,2,4,1,1,5,1,1,1,2,109000,1,1,1,0
1,1,8,4,1,8,2,1,1,1,7,1,2,1,4,65550,1,1,1,0
2,1,2,10,1,1,3,3,1,1,1,1,2,1,2,120000,1,1,1,0
1,1,6,1,1,4,2,1,1,1,2,1,1,1,1,40000,1,1,1,0
1,1,2,1,1,6,2,4,1,1,7,1,2,1,4,120000,1,1,1,0
1,1,2,1,1,10,3,1,1,1,5,1,2,1,2,120000,1,1,1,0
2,1,2,6,3,2,2,1,1,1,4,1,2,1,3,115000,1,1,1,0
1,1,2,1,1,3,2,1,1,1,7,1,2,1,2,150000,1,1,1,0
1,1,3,1,4,7,1,1,1,1,1,1,1,1,4,80000,1,1,1,0
1,1,2,2,6,4,2,4,1,1,7,1,1,1,4,504000,1,1,1,0
1,1,3,1,1,3,2,4,1,1,1,1,1,1,4,115000,1,1,1,0
1,1,2,3,2,4,2,1,1,1,5,7,2,1,4,780000,1,1,1,0
2,1,1,12,12,1,2,1,1,3,7,1,1,1,1,180000,1,1,1,0
1,1,2,6,4,5,3,1,2,3,4,3,1,1,4,94500,1,1,1,0
1,1,2,1,1,7,1,4,1,2,4,1,1,1,4,2000000,1,1,1,0
1,3,4,1,1,10,3,2,1,1,7,1,2,1,2,108000,1,1,1,0
1,1,3,1,2,7,2,2,1,1,4,1,1,1,4,104000,1,1,1,0
1,1,2,6,11,1,3,2,1,1,1,1,1,1,4,240000,1,1,1,0
1,1,1,5,3,6,2,4,1,1,8,1,1,1,4,85000,1,1,1,0
1,2,3,1,15,1,3,2,1,1,2,1,1,1,4,24000,1,1,1,0
1,2,2,1,1,8,3,3,1,1,1,1,2,1,4,60000,1,1,1,0
1,1,1,1,1,11,2,1,1,1,5,1,1,1,3,125000,1,1,1,0
1,1,2,2,1,5,3,3,1,1,7,1,2,1,4,70000,1,1,1,0
1,1,2,1,3,5,2,3,1,1,7,2,1,1,4,90000,1,1,1,0
2,1,4,1,1,4,2,3,2,3,4,1,1,1,1,75000,1,1,1,0
1,1,1,6,1,9,3,1,1,1,2,1,2,1,3,90000,1,1,1,0
2,1,3,1,12,11,3,2,1,1,3,5,2,1,3,170000,1,1,1,0
1,1,2,4,1,1,2,2,2,1,7,1,1,1,2,64800,1,1,1,0
1,1,1,2,1,10,3,4,1,1,7,1,2,1,2,175000,1,1,1,0
1,1,3,1,1,5,3,3,1,1,7,5,1,1,1,77000,1,1,1,0
2,1,2,1,1,1,3,1,1,1,7,1,2,1,4,94500,1,1,1,0
1,1,6,1,10,5,3,1,1,1,2,1,2,1,4,70000,1,1,1,0
1,1,3,9,11,1,3,3,1,1,8,1,2,1,2,61000,1,1,1,0
1,1,2,1,1,5,2,1,1,1,7,1,1,1,1,24000,1,1,1,0
1,1,3,4,6,5,2,1,1,1,1,1,2,1,4,108000,1,1,1,0
2,1,1,12,1,3,2,1,1,1,3,1,2,1,3,115000,1,1,1,0
1,1,2,3,9,1,1,4,1,1,7,1,1,1,4,2000000,1,1,1,0
1,1,2,1,3,1,3,3,1,1,1,1,1,1,1,90500,1,1,1,0
1,1,2,1,18,4,3,2,1,1,7,1,1,1,1,66000,1,1,1,0
1,1,1,9,1,9,2,1,1,1,2,4,2,1,2,110000,1,1,1,0
1,1,2,3,2,9,2,2,1,1,7,1,2,1,2,125000,1,1,1,0
1,1,2,1,1,2,2,1,1,1,2,1,1,1,3,108000,1,1,1,0
1,1,2,1,2,5,2,4,1,1,8,1,1,1,4,80000,1,1,1,0
1,1,2,1,13,1,2,4,1,1,7,1,1,1,4,87000,1,1,1,0
1,1,3,10,5,6,2,4,1,1,7,1,1,1,4,215000,1,1,1,0
1,1,3,2,2,4,2,2,1,1,1,1,1,1,2,45000,1,1,1,0
1,3,3,1,11,4,3,3,1,1,1,1,1,1,4,200000,1,1,1,0
1,1,3,1,13,7,2,4,1,1,5,4,2,1,2,150000,1,1,1,0
1,1,3,1,6,5,2,4,1,1,1,1,1,1,4,65000,1,1,1,0
1,1,3,1,1,1,2,3,1,1,7,5,1,1,4,125000,1,1,1,0
1,1,2,1,1,1,2,2,1,1,7,1,1,1,4,60000,1,1,1,0
1,3,3,1,4,5,2,2,1,1,7,1,1,1,4,81000,1,1,1,0
1,1,2,1,2,6,2,3,1,1,7,1,2,1,4,62000,1,1,1,0
1,1,3,9,8,5,3,1,1,1,7,1,2,1,4,52015,1,1,1,1
1,1,3,6,18,9,3,1,1,1,1,1,2,1,2,182500,1,1,1,0
1,2,6,1,1,4,2,2,1,1,7,6,1,1,1,54000,1,1,1,0
1,1,2,1,1,7,2,3,1,1,2,1,1,1,4,59500,1,1,1,0
1,1,2,1,1,1,3,3,1,1,7,1,1,1,1,119000,1,1,1,0
1,1,1,2,12,11,3,3,1,1,8,1,1,1,2,108000,1,1,1,0
1,1,2,1,5,5,2,3,1,1,7,1,2,1,4,147000,1,1,1,0
1,1,1,1,1,11,2,1,1,1,1,1,1,1,5,120000,1,1,1,0
1,1,2,1,1,6,3,3,1,1,1,1,1,1,2,125000,1,1,1,0
1,1,3,7,1,2,1,1,1,1,8,1,1,1,2,225000,1,1,1,0
1,2,1,1,1,5,2,1,2,1,1,1,1,1,1,68000,1,1,1,0
1,1,6,10,1,7,1,1,1,1,5,1,2,1,4,45000,1,1,1,0
1,1,3,6,2,4,2,3,1,1,1,1,1,1,2,98000,1,1,1,0
1,1,3,6,1,1,2,4,1,1,5,1,1,1,1,97920,1,1,1,0
1,1,4,1,1,1,2,1,1,1,3,1,1,1,2,83200,1,1,1,0
2,1,2,5,11,4,2,3,1,1,7,1,1,1,1,55000,1,1,1,0
1,2,2,1,1,4,4,3,2,1,1,1,1,1,4,4800,1,1,1,0
1,2,2,1,3,8,1,4,2,1,2,1,2,1,4,48500,1,1,1,0
1,1,2,9,1,10,3,3,1,1,7,1,2,1,2,115000,1,1,1,0
1,1,2,1,1,1,2,3,1,1,4,1,2,1,4,142000,1,1,1,0
1,1,3,1,1,1,2,3,1,1,1,5,2,1,2,118000,1,1,1,0
1,1,2,1,4,3,2,3,2,2,1,1,2,1,2,194000,1,1,1,0
1,1,1,7,3,7,1,4,2,1,1,5,1,1,1,49000,1,1,1,0
2,1,3,1,1,2,2,3,1,1,2,1,2,1,5,157000,1,1,1,0
2,1,2,6,4,4,2,4,2,1,1,1,1,1,1,105000,1,1,1,0
1,1,2,1,1,7,3,2,2,1,7,1,1,1,2,72000,1,1,1,0
1,1,1,2,1,7,1,1,1,1,4,1,1,1,4,135000,1,1,1,0
2,2,3,1,2,1,2,4,1,1,1,2,2,1,2,85000,1,1,1,0
1,1,2,1,1,7,3,1,1,1,7,1,1,1,2,109000,1,1,1,0
1,2,2,1,13,7,3,4,1,1,7,1,2,1,2,115000,1,1,1,0
1,1,2,1,1,6,3,4,1,1,7,1,1,1,4,72000,1,1,1,0
1,1,2,2,1,9,2,1,1,1,2,1,2,1,2,77000,1,1,1,0
1,1,2,9,11,3,2,1,1,1,1,1,2,1,5,1080000,1,1,1,0
1,1,6,10,15,2,2,4,1,1,7,1,2,1,3,104000,1,1,1,0
1,1,2,6,1,10,2,3,1,1,9,1,2,1,3,180000,1,1,1,0
1,1,1,1,1,1,3,1,1,1,1,1,1,1,1,108000,1,1,1,0
1,1,4,1,1,5,2,3,1,1,7,1,2,1,4,60000,1,1,1,0
1,1,2,1,1,4,3,1,1,1,6,5,2,1,4,56600,1,1,1,0
1,1,3,1,11,6,2,1,1,1,1,1,2,1,2,150000,1,1,1,0
2,1,2,1,5,10,2,1,1,1,5,1,1,1,2,150000,1,1,1,0
1,1,2,3,1,2,2,3,1,1,7,1,1,1,2,118500,1,1,1,0
2,1,2,4,3,5,2,3,1,1,7,1,1,1,4,110000,1,1,1,0
1,1,2,1,2,9,3,3,1,1,7,1,1,1,2,120000,1,1,1,0
1,1,3,1,1,1,1,3,1,1,6,1,2,1,2,75000,1,1,1,0
1,1,2,6,1,7,3,4,2,2,1,5,1,1,1,130000,1,1,1,0
1,1,3,9,1,2,2,4,1,1,8,1,2,1,3,100000,1,1,1,0
1,1,2,1,1,1,3,3,1,1,5,6,2,1,4,90000,1,1,1,0
1,1,2,1,1,9,3,2,1,1,7,1,2,1,2,180000,1,1,1,0
2,1,2,1,5,4,2,2,1,1,7,1,1,1,1,70000,1,1,1,0
1,1,1,1,1,7,2,4,1,1,5,1,2,1,3,960000,1,1,1,0
1,1,5,1,4,2,3,3,2,2,1,1,2,1,2,75000,1,1,1,0
1,1,4,1,2,1,2,1,1,1,5,1,2,1,2,112000,1,1,1,0
1,1,2,1,1,5,2,2,1,1,2,6,1,1,4,78000,1,1,1,0
1,1,2,1,1,5,3,1,1,1,7,1,2,1,4,95000,1,1,1,0
1,1,2,1,1,1,1,1,1,1,7,1,1,1,4,160000,1,1,1,0
1,1,3,4,1,4,2,1,1,1,1,1,1,1,4,105000,1,1,1,0
2,2,1,1,1,8,3,2,1,1,1,1,1,1,1,30000,1,1,1,0
1,1,2,2,1,1,2,1,1,1,1,1,1,1,2,90000,1,1,1,0
1,1,2,1,1,6,2,1,1,1,1,1,2,1,2,117000,1,1,1,0
1,1,2,2,1,7,3,3,1,1,5,1,1,1,3,117000,1,1,1,0
2,1,2,1,6,4,3,1,1,1,2,1,1,1,1,70000,1,1,1,0
1,1,2,1,1,7,2,1,1,1,1,1,1,1,4,130000,1,1,1,0
1,1,1,1,5,9,3,1,1,1,7,1,2,1,2,126875,1,1,1,0
1,1,2,1,1,6,2,2,1,1,2,1,1,1,2,160000,1,1,1,0
1,1,2,1,12,4,3,1,1,1,1,1,2,1,4,75000,1,1,1,0
1,1,2,1,1,10,2,1,1,1,2,1,1,1,3,138000,1,1,1,0
2,1,2,1,14,6,2,1,1,1,7,4,2,1,2,165000,1,1,1,0
1,1,2,3,1,1,3,4,1,1,7,2,2,1,2,11000,1,1,1,0
1,1,2,1,12,5,2,3,1,1,1,1,1,1,4,78000,1,1,1,0
1,1,3,1,1,6,2,3,1,1,1,1,1,1,4,135000,1,1,1,0
1,1,2,1,1,5,3,1,1,1,1,1,1,1,1,70000,1,1,1,0
2,1,2,1,1,2,2,2,1,1,5,1,2,1,3,91500,1,1,1,0
1,1,2,4,1,4,2,4,2,1,2,1,1,1,4,71372,1,1,1,0
2,1,3,4,1,4,2,4,2,2,5,1,1,1,4,81000,1,1,1,0
2,1,2,1,7,4,3,2,2,1,7,1,1,1,1,66000,1,1,1,0
1,1,3,1,1,7,1,4,1,1,1,1,2,1,2,126000,1,1,1,0
1,1,1,12,13,3,3,3,1,1,5,4,1,1,2,120500,1,1,1,0
2,1,1,9,4,4,2,3,2,1,6,2,1,1,2,154000,1,1,1,0
1,3,1,8,1,4,2,4,1,1,7,4,1,1,4,104000,1,1,1,0
2,1,3,4,1,3,2,2,1,1,7,1,1,1,3,180000,1,1,1,0
1,1,4,12,1,3,3,1,1,1,3,1,2,1,2,95000,1,1,1,0
1,1,2,3,12,4,2,3,1,1,6,1,2,1,2,150000,1,1,1,0
1,1,2,1,5,5,2,4,1,1,1,1,1,1,4,120000,1,1,1,0
1,1,2,1,3,3,2,2,1,1,1,1,1,1,2,2000000,1,1,1,0
1,2,3,1,3,4,3,4,1,1,9,2,1,1,4,1200000,1,1,1,0
1,1,2,1,1,5,1,2,1,1,5,5,1,1,4,67000,1,1,1,0
1,1,2,1,1,6,2,4,1,1,1,1,2,1,4,120000,1,1,1,0
1,1,9,11,11,4,2,3,1,1,2,1,1,1,4,120000,1,1,1,0
1,1,2,1,1,7,2,1,1,1,1,1,1,1,4,84000,1,1,1,0
1,1,6,6,1,5,2,1,1,1,7,1,1,1,1,345600,1,1,1,0
1,1,6,1,12,1,2,1,1,1,1,1,2,1,2,101000,1,1,1,0
1,1,3,8,1,4,2,1,1,1,2,1,2,1,4,95000,1,1,1,0
1,1,3,1,1,3,3,3,1,1,6,1,2,1,2,110000,1,1,1,0
1,1,2,1,2,1,3,3,1,1,2,5,1,1,4,97000,1,1,1,0
1,1,2,6,1,8,3,4,1,1,5,4,1,1,1,56000,1,1,1,0
1,1,2,1,6,11,3,3,1,1,7,1,2,1,2,95000,1,1,1,0
1,1,2,2,2,4,3,3,1,1,7,1,1,1,1,45000,1,1,1,0
1,1,3,7,1,3,2,1,1,1,2,2,1,1,2,150000,1,1,1,0
2,1,2,1,12,4,2,2,2,1,1,1,2,1,5,65000,1,1,1,0
1,2,3,6,4,4,3,3,1,1,6,5,1,1,4,17500,1,1,1,0
1,1,2,6,8,10,2,2,1,3,1,1,1,1,2,250000,1,1,1,1
1,1,4,12,3,4,3,3,1,1,5,1,1,1,4,70000,1,1,1,0
1,1,2,1,1,3,3,3,1,1,1,1,2,1,2,135000,1,1,1,0
1,1,1,2,3,6,2,3,1,1,4,1,2,1,2,125000,1,1,1,0
1,1,2,1,1,2,2,1,1,1,7,1,2,1,3,85032,1,1,1,0
1,1,3,1,18,1,2,3,1,1,4,5,2,1,4,107000,1,1,1,0
1,1,2,1,1,1,1,1,1,1,6,1,1,1,4,85000,1,1,1,0
1,1,2,6,1,6,2,4,1,1,7,1,1,1,4,150200,1,1,1,0
1,1,8,1,1,6,2,1,1,1,6,1,2,1,4,110000,1,1,1,0
2,1,2,1,1,4,3,1,1,1,7,1,1,1,1,79100,1,1,1,0
1,1,3,1,1,3,2,1,1,1,6,1,1,1,4,135000,1,1,1,0
1,1,2,1,1,4,2,2,1,1,7,1,1,1,1,53000,1,1,1,0
1,1,1,1,3,1,3,4,1,1,1,6,2,1,4,140000,1,1,1,0
2,1,3,1,1,11,2,4,1,1,1,1,2,1,2,170000,1,1,1,0
1,1,2,1,1,1,2,1,1,1,7,1,1,1,1,56000,1,1,1,0
1,1,4,5,1,6,2,3,1,1,4,1,2,1,4,110000,1,1,1,0
1,1,2,1,1,2,2,4,1,1,1,1,2,1,4,110000,1,1,1,0
1,1,2,1,1,7,2,4,1,1,5,1,2,1,4,120000,1,1,1,0
1,2,1,1,18,5,2,2,1,1,1,1,1,1,1,36000,1,1,1,0
2,1,3,7,3,4,3,1,2,1,1,1,1,1,2,75000,1,1,1,0
2,1,2,1,1,6,2,4,1,1,1,7,1,1,4,80080,1,1,1,0
1,1,3,1,1,9,2,1,1,1,1,1,2,1,2,115000,1,1,1,0
1,1,2,5,1,3,1,1,1,1,1,4,2,1,4,178587,1,1,1,0
1,1,2,1,1,7,2,2,1,1,8,1,1,1,4,113000,1,1,1,0
1,1,2,1,2,1,2,3,1,1,7,1,1,1,4,105000,1,1,1,0
1,1,1,12,5,3,2,4,1,3,2,1,1,1,4,130000,1,1,1,0
2,1,4,5,6,3,2,4,1,1,7,1,1,1,2,48000,1,1,1,0
1,1,6,1,1,5,2,1,1,1,6,2,1,1,1,110000,1,1,1,0
1,1,2,4,13,3,1,3,1,1,1,2,1,1,2,35000,1,1,1,0
2,1,2,8,7,5,2,1,2,1,5,1,1,1,2,46000,1,1,1,0
2,1,2,3,13,3,2,1,1,1,9,1,2,1,2,105000,1,1,1,0
2,1,3,9,1,2,3,3,1,1,7,2,2,1,5,205000,1,1,1,0
1,1,2,7,1,5,2,4,1,1,7,1,1,1,1,2000000,1,1,1,0
1,1,2,8,11,8,2,3,1,1,1,1,1,1,4,90000,1,1,1,0
1,1,2,1,1,4,1,2,1,1,7,1,1,1,4,75000,1,1,1,0
1,1,1,7,3,4,3,3,2,2,7,3,1,1,4,70000,1,1,1,0
1,1,2,6,1,4,3,2,1,1,7,1,2,1,1,49200,1,1,1,0
1,1,2,1,14,11,3,4,1,1,5,1,2,1,3,210000,1,1,1,0
1,3,4,1,1,4,1,2,1,1,2,1,1,1,4,62000,1,1,1,0
1,3,1,1,1,4,1,3,1,1,7,1,2,1,4,73000,1,1,1,0
2,1,6,1,8,3,2,1,1,1,2,1,2,1,4,90000,1,1,1,1
1,3,2,1,1,5,2,4,1,1,7,1,1,1,4,66300,1,1,1,0
1,1,2,4,11,4,3,2,1,1,7,1,1,1,1,75000,1,1,1,0
2,1,2,1,1,3,4,1,1,1,5,4,2,1,2,120000,1,1,1,0
1,1,2,1,3,5,2,3,1,1,1,1,1,1,4,73080,1,1,1,0
1,1,2,1,1,3,3,3,1,1,7,1,2,1,2,152208,1,1,1,0
1,1,2,6,1,9,1,4,1,1,7,1,2,1,2,130000,1,1,1,0
1,1,2,2,6,7,3,1,1,1,1,4,1,1,4,60000,1,1,1,0
1,1,1,1,1,2,1,1,1,1,5,1,1,1,3,115000,1,1,1,0
1,1,5,9,4,1,2,2,1,1,7,1,1,1,4,85000,1,1,1,0
1,1,2,1,1,3,2,1,1,1,5,1,1,1,2,125000,1,1,1,0
1,1,2,8,14,7,2,4,1,1,1,1,2,1,1,103000,1,1,1,0
1,1,3,1,1,7,2,2,1,1,7,1,2,1,2,180000,1,1,1,0
1,1,2,1,1,5,2,1,1,1,7,1,1,1,1,85000,1,1,1,0
1,1,1,1,1,7,2,1,1,1,2,1,2,1,4,170000,1,1,1,0
1,1,2,1,1,6,2,1,1,1,5,1,1,1,4,90000,1,1,1,0
1,1,1,1,2,7,2,4,1,1,5,4,2,1,3,130000,1,1,1,0
1,1,2,12,10,3,2,1,1,1,5,1,1,1,3,250000,1,1,1,0
1,1,2,1,1,4,3,3,1,1,7,1,1,1,4,65530,1,1,1,0
1,1,2,3,1,5,2,4,1,1,1,1,2,1,4,70000,1,1,1,0
2,1,1,12,1,3,2,4,1,1,7,1,1,1,2,223110,1,1,1,0
1,1,2,1,2,5,3,1,1,1,7,1,1,1,4,90000,1,1,1,0
2,1,2,7,2,8,2,3,2,1,8,1,1,1,4,120000,1,1,1,0
2,1,3,1,1,7,3,3,1,1,4,1,2,1,3,108000,1,1,1,0
1,2,2,1,11,5,2,4,1,2,7,4,1,1,4,25000,1,1,1,0
1,1,4,3,1,3,2,1,1,1,2,1,2,1,2,98628,1,1,1,0
1,1,2,1,11,1,1,4,1,1,5,1,1,1,4,2000000,1,1,1,0
1,1,2,1,1,4,2,4,1,1,5,1,2,1,4,69000,1,1,1,0
1,1,2,2,3,5,2,3,1,1,5,1,2,1,4,80000,1,1,1,0
1,1,3,1,1,5,3,4,2,1,7,1,1,1,1,123000,1,1,1,0
1,1,2,1,5,4,3,4,1,1,8,1,2,1,4,80000,1,1,1,0
1,1,2,1,1,1,3,3,1,1,1,1,2,1,4,115000,1,1,1,0
2,1,2,1,3,3,2,1,1,2,5,1,2,1,2,120000,1,1,1,0
1,1,2,1,1,5,3,1,1,1,1,4,1,1,4,83000,1,1,1,0
1,1,1,4,1,4,2,4,1,1,1,5,1,1,4,50000,1,1,1,0
1,1,6,1,1,4,2,1,1,1,7,1,2,1,4,46000,1,1,1,0
1,1,2,1,1,5,2,2,1,1,4,1,2,1,4,85000,1,1,1,0
2,1,2,4,4,1,3,1,1,1,1,1,1,1,4,116000,1,1,1,0
1,1,2,1,14,5,2,3,1,1,6,1,1,1,4,165000,1,1,1,0
1,3,2,7,1,7,2,2,1,1,7,1,2,1,2,2000000,1,1,1,0
1,1,6,1,1,1,2,1,1,1,2,1,1,1,1,57500,1,1,1,0
1,1,3,3,1,8,1,1,1,1,1,1,1,1,4,72000,1,1,1,0
2,1,3,9,1,5,2,2,1,1,7,1,1,1,4,100000,1,1,1,0
1,1,2,1,1,4,3,4,1,1,7,1,1,1,1,2000000,1,1,1,0
1,3,2,9,11,4,2,4,1,1,7,1,1,1,4,50000,1,1,1,0
1,1,2,6,6,5,2,1,1,1,8,1,1,1,1,65000,1,1,1,0
1,1,2,1,4,5,2,2,1,1,1,2,1,1,1,85000,1,1,1,0
2,2,3,1,4,6,3,3,1,1,6,1,1,1,4,35000,1,1,1,0
1,1,2,7,1,4,2,2,1,2,7,1,1,1,4,55000,1,1,1,0
1,1,2,10,1,4,2,3,1,3,2,1,1,1,4,80000,1,1,1,0
1,1,2,1,1,3,3,1,1,1,4,1,2,1,2,195000,1,1,1,0
1,1,2,1,2,8,2,1,1,1,1,1,1,1,1,80000,1,1,1,0
1,1,2,1,1,10,3,1,1,1,4,1,2,1,3,200000,1,1,1,0
1,1,1,12,1,10,2,3,1,1,7,1,1,1,3,108700,1,1,1,0
1,1,3,8,1,4,2,3,2,1,8,2,1,1,4,107000,1,1,1,0
1,1,3,1,15,3,3,3,1,1,2,1,1,1,2,400000,1,1,1,0
2,2,6,1,16,8,2,1,2,1,7,4,1,1,1,650,1,1,1,0
1,1,2,1,9,1,3,1,1,1,7,1,2,1,2,77000,1,1,1,0
1,1,5,10,4,5,2,1,1,1,1,1,1,1,4,120524,1,1,1,0
2,1,2,10,1,5,3,1,2,2,7,1,1,1,4,120000,1,1,1,0
1,1,1,2,1,7,2,4,1,1,4,1,2,1,2,80000,1,1,1,0
1,2,3,1,1,9,1,1,1,1,1,2,2,1,2,110000,1,1,1,0
1,1,5,1,2,7,2,3,1,1,6,5,1,1,2,2000000,1,1,1,0
1,1,2,4,11,8,2,4,1,1,7,1,1,1,1,38000,1,1,1,0
1,1,2,3,2,4,2,4,1,1,7,1,1,1,4,70000,1,1,1,0
2,1,2,1,1,7,2,1,1,1,7,4,2,1,2,68000,1,1,1,0
1,1,3,1,12,5,2,4,1,1,7,1,1,1,4,113000,1,1,1,0
1,1,5,9,4,3,2,2,1,1,6,1,2,1,2,100000,1,1,1,0
1,1,2,9,1,6,3,3,1,1,1,1,2,1,4,150000,1,1,1,0
1,1,6,1,1,4,3,2,1,2,5,4,1,1,1,77000,1,1,1,0
1,1,2,7,1,4,3,4,1,1,7,2,2,1,2,85000,1,1,1,0
2,1,2,1,2,1,3,3,1,1,6,1,2,1,2,93000,1,1,1,0
1,1,2,1,1,1,2,1,1,1,7,1,2,1,2,125000,1,1,1,0
1,1,2,9,1,2,2,1,1,2,6,1,2,1,2,177000,1,1,1,0
1,1,2,8,1,8,2,3,1,1,7,1,1,1,4,97000,1,1,1,0
1,1,4,1,1,4,3,4,1,1,7,1,1,1,1,35000,1,1,1,0
1,1,5,1,1,2,2,2,1,1,4,1,2,1,3,120000,1,1,1,0
2,1,2,1,1,2,3,4,1,1,5,1,1,1,5,87000,1,1,1,0
1,1,4,10,10,10,3,4,1,1,5,1,1,1,4,200000,1,1,1,0
1,1,1,9,1,6,1,3,2,2,1,1,1,1,1,105000,1,1,1,0
1,1,2,1,3,5,1,4,2,1,1,1,2,1,4,102000,1,1,1,0
2,1,2,10,3,1,3,1,2,2,7,1,1,1,4,123000,1,1,1,0
1,1,2,1,1,6,2,1,1,1,4,1,1,1,4,107000,1,1,1,0
1,1,3,6,1,10,3,3,1,1,1,1,2,1,2,170000,1,1,1,0
1,1,2,1,1,2,3,3,1,1,2,1,2,1,3,75000,1,1,1,0
1,1,1,1,2,5,2,1,1,1,1,1,1,1,1,51000,1,1,1,0
2,1,3,11,1,8,2,1,2,1,7,1,1,1,4,65000,1,1,1,0
1,1,2,1,13,2,3,3,1,1,1,1,2,1,3,150000,1,1,1,0
1,1,6,1,1,6,2,2,1,1,7,1,2,1,4,91000,1,1,1,0
1,1,3,9,1,4,1,3,1,1,7,1,1,1,2,135200,1,1,1,0
1,1,1,1,1,3,1,1,1,1,1,1,1,1,4,165000,1,1,1,0
1,1,1,1,2,4,2,2,1,1,5,6,1,1,4,62000,1,1,1,0
1,1,2,1,4,3,3,3,1,1,7,1,2,1,2,135441,1,1,1,0
1,1,1,1,14,3,1,1,1,1,2,1,2,1,2,110000,1,1,1,0
1,1,2,1,1,5,3,1,1,1,7,2,1,1,1,85000,1,1,1,0
1,1,2,2,6,4,2,1,2,1,7,1,1,1,4,59000,1,1,1,0
2,1,3,1,3,5,3,4,1,1,1,5,1,1,4,61000,1,1,1,0
1,1,2,3,1,4,3,4,1,1,7,1,2,1,4,103000,1,1,1,0
1,2,5,6,4,4,2,4,1,1,1,2,1,1,1,26400,1,1,1,0
2,1,2,4,11,4,2,3,2,3,7,1,1,1,4,80000,1,1,1,0
1,1,2,1,1,6,2,3,1,1,7,7,1,1,4,110000,1,1,1,0
1,1,2,4,2,6,1,1,1,1,5,1,2,1,4,89500,1,1,1,0
1,1,2,1,3,8,3,1,2,1,1,5,1,1,4,85000,1,1,1,0
1,1,2,1,1,8,2,1,1,1,2,1,1,1,4,52000,1,1,1,0
2,1,2,1,1,1,1,1,1,1,1,1,1,1,4,68000,1,1,1,0
2,1,2,1,1,1,2,2,1,1,6,1,1,1,4,61360,1,1,1,0
1,1,3,1,1,2,3,3,1,1,6,1,1,1,5,200000,1,1,1,0
1,1,2,10,1,6,2,2,1,2,7,1,1,1,4,132000,1,1,1,0
1,1,2,8,2,4,2,1,1,1,2,1,2,1,4,105000,1,1,1,0
1,1,3,1,1,11,3,2,1,1,5,4,2,1,2,130000,1,1,1,0
1,1,3,1,13,1,1,4,2,1,7,1,1,1,4,105000,1,1,1,0
1,1,2,1,1,3,3,4,2,1,5,1,1,1,2,163000,1,1,1,0
1,1,2,1,1,5,2,3,1,1,1,1,1,1,4,73700,1,1,1,0
1,1,2,1,2,1,2,1,1,1,6,1,2,1,4,85000,1,1,1,0
1,1,2,1,1,4,1,1,1,1,1,2,1,1,1,115000,1,1,1,0
1,1,2,1,2,6,2,3,1,1,5,1,1,1,2,72000,1,1,1,0
2,1,2,1,1,9,2,2,1,1,7,5,1,1,2,210000,1,1,1,0
1,1,3,8,4,6,2,3,1,1,7,1,1,1,4,92000,1,1,1,0
2,1,3,1,1,1,2,3,1,1,7,5,1,1,4,150000,1,1,1,0
1,1,2,1,1,9,3,1,1,1,7,1,2,1,2,162000,1,1,1,0
1,1,4,1,1,1,1,4,1,1,7,1,2,1,2,105000,1,1,1,0
1,1,2,1,1,6,1,1,1,4,1,1,1,1,4,115000,1,1,1,0
2,1,2,3,1,7,3,2,1,1,1,1,2,1,2,141000,1,1,1,0
1,1,2,2,1,9,1,4,1,1,6,1,1,1,3,134000,1,1,1,0
1,1,2,1,1,1,2,3,1,1,5,4,2,1,4,105000,1,1,1,0
1,1,1,8,1,5,2,3,1,1,1,1,2,1,4,450000,1,1,1,0
1,1,2,1,14,1,3,2,1,3,2,1,1,1,1,71000,1,1,1,0
2,1,3,8,11,5,1,1,1,1,1,1,1,1,4,66500,1,1,1,0
1,1,2,1,1,5,3,3,1,1,1,1,1,1,4,70000,1,1,1,0
1,1,2,1,5,5,2,4,1,1,4,1,2,1,4,110000,1,1,1,0
2,1,2,1,1,4,2,4,1,1,7,1,1,1,4,58400,1,1,1,0
1,1,3,3,12,7,2,3,1,1,1,1,2,1,2,111000,1,1,1,0
1,1,2,6,1,7,3,4,1,1,7,1,2,1,4,177000,1,1,1,0
1,1,3,1,1,6,1,1,1,1,7,1,1,1,1,70000,1,1,1,0
1,1,3,7,12,9,2,4,2,3,8,1,2,1,3,140000,1,1,1,0
1,1,2,7,3,8,3,3,1,1,4,1,1,1,4,90000,1,1,1,0
1,1,1,1,1,10,2,4,1,1,6,1,1,1,2,91000,1,1,1,0
1,1,2,1,1,1,2,3,1,1,4,1,1,1,4,120000,1,1,1,0
2,1,5,4,11,5,2,3,2,1,7,1,1,1,2,115000,1,1,1,0
1,1,2,1,1,4,2,1,1,1,7,1,2,1,4,750000,1,1,1,0
1,1,2,1,1,3,2,3,1,1,7,1,2,1,2,120000,1,1,1,0
1,1,2,4,12,5,2,1,1,3,2,2,1,1,4,140000,1,1,1,0
1,1,3,4,1,4,3,3,1,1,1,3,2,1,4,2000000,1,1,1,0
2,2,3,1,1,7,3,3,1,1,7,2,2,1,2,2000000,1,1,1,0
2,1,2,8,11,4,3,4,1,1,1,1,1,1,2,96000,1,1,1,0
1,2,4,1,1,4,1,2,1,1,7,2,1,1,4,26000,1,1,1,0
1,1,6,1,2,9,3,4,1,1,5,1,2,1,2,135000,1,1,1,0
2,1,2,1,1,1,2,4,1,1,1,4,1,1,4,150000,1,1,1,0
1,1,2,1,1,6,2,4,1,1,1,1,2,1,2,220000,1,1,1,0
1,1,2,1,1,5,2,4,1,1,6,5,1,1,1,119580,1,1,1,0
1,1,2,1,2,7,1,4,1,1,1,1,2,1,2,155000,1,1,1,0
1,1,2,1,7,3,3,4,1,1,5,1,1,1,5,105000,1,1,1,0
1,1,1,1,1,7,2,2,1,1,1,1,1,1,4,126000,1,1,1,0
2,1,3,1,13,10,2,2,1,1,5,1,1,1,7,120000,1,1,1,0
1,3,2,1,1,7,2,2,1,1,7,1,2,1,2,138000,1,1,1,0
1,1,2,1,1,3,2,1,1,1,1,1,2,1,2,115000,1,1,1,0
1,1,2,8,1,4,2,4,1,1,7,2,1,1,4,127000,1,1,1,0
2,1,2,1,1,5,2,1,1,2,1,5,1,1,1,72200,1,1,1,0
1,1,6,1,1,4,4,4,1,1,7,1,1,1,6,2500,1,1,1,0
2,1,2,1,13,6,3,1,1,1,1,1,2,1,4,98500,1,1,1,0
2,1,3,1,1,6,2,1,1,1,1,1,1,1,4,131000,1,1,1,0
1,1,2,8,1,1,2,2,1,1,7,1,2,1,4,125000,1,1,1,0
1,1,2,1,1,1,2,1,1,1,7,1,1,1,1,70000,1,1,1,0
2,1,2,12,1,4,3,4,1,1,7,1,1,1,1,70000,1,1,1,0
1,1,2,2,6,8,3,1,2,1,2,1,2,1,4,65000,1,1,1,0
1,1,2,1,1,9,2,1,1,1,1,1,1,1,2,55000,1,1,1,0
1,1,2,6,3,8,2,4,2,1,7,1,1,1,4,52000,1,1,1,0
1,2,6,1,4,4,3,3,1,1,1,2,1,1,1,9600,1,1,1,0
2,1,3,2,3,8,3,3,2,1,7,1,1,1,2,75000,1,1,1,0
1,1,3,1,12,9,2,2,1,1,2,1,2,1,2,135000,1,1,1,0
1,1,3,1,1,7,2,4,1,1,2,4,1,1,4,130000,1,1,1,0
2,1,2,1,1,4,2,4,1,1,7,1,1,1,4,70500,1,1,1,0
1,1,4,3,1,5,3,3,1,1,7,1,1,1,4,120000,1,1,1,0
1,1,3,10,1,4,2,4,1,1,7,1,2,1,2,80000,1,1,1,0
1,1,1,1,1,9,2,4,1,1,2,7,2,1,2,135000,1,1,1,0
1,1,2,6,18,2,2,1,1,1,1,1,2,1,2,87000,1,1,1,0
1,1,2,1,2,3,1,1,1,1,7,1,1,1,4,140000,1,1,1,0
1,1,2,3,8,4,2,3,1,1,7,4,2,1,2,75000,1,1,1,1
1,1,4,1,1,5,2,1,1,1,5,4,1,1,4,50000,1,1,1,0
1,1,3,7,2,9,2,3,1,2,6,1,2,1,3,170000,1,1,1,0
1,1,2,1,2,10,1,2,1,1,5,1,2,1,2,130000,1,1,1,0
2,1,2,6,1,4,2,3,1,1,1,1,1,1,4,87500,1,1,1,0
2,1,2,9,10,4,2,3,1,1,7,1,1,1,4,90000,1,1,1,0
1,2,2,1,2,8,2,2,1,1,7,1,1,1,4,78000,1,1,1,0
1,1,3,1,2,7,2,2,1,1,7,1,2,1,4,160000,1,1,1,0
1,1,2,7,11,4,2,3,1,1,6,1,1,1,4,85000,1,1,1,0
1,1,6,6,1,6,3,1,1,1,5,1,2,1,4,110000,1,1,1,0
2,1,3,6,2,2,2,1,2,1,1,1,2,1,3,120000,1,1,1,0
1,1,2,1,3,5,3,1,2,1,1,1,1,1,4,80000,1,1,1,0
1,1,2,1,1,7,3,3,1,1,7,3,2,1,4,150000,1,1,1,0
1,1,2,2,4,2,3,3,1,1,7,1,2,1,3,125000,1,1,1,0
1,3,2,7,6,4,3,2,1,1,4,1,1,1,1,85000,1,1,1,0
1,1,2,1,1,9,2,3,1,1,6,1,1,1,3,82000,1,1,1,0
1,1,2,3,1,3,1,2,1,1,7,1,2,1,3,180000,1,1,1,0
1,1,1,1,1,2,3,3,1,1,5,1,2,1,2,128000,1,1,1,0
1,3,1,8,11,8,2,2,1,1,7,1,1,1,1,360000,1,1,1,0
1,1,2,1,1,1,3,4,1,1,5,1,1,1,4,2000000,1,1,1,0
1,1,2,1,3,1,2,2,1,1,1,1,2,1,4,60000,1,1,1,0
2,1,2,1,12,3,2,3,1,1,7,1,1,1,4,100000,1,1,1,0
2,1,2,1,3,7,2,4,1,1,2,1,1,1,2,105000,1,1,1,0
1,1,3,1,14,6,3,3,1,1,5,1,1,1,4,105000,1,1,1,0
1,1,2,3,2,8,3,3,1,1,8,1,1,1,4,80000,1,1,1,0
1,2,2,1,1,6,3,1,1,1,7,1,1,1,4,1200000,1,1,1,0
1,1,2,8,1,7,2,4,1,1,7,1,1,1,4,115000,1,1,1,0
1,1,1,1,1,1,2,1,1,1,7,1,1,1,4,120000,1,1,1,0
1,2,2,1,3,4,3,3,1,1,1,2,1,1,1,80000,1,1,1,0
2,1,3,4,3,4,3,2,1,1,7,1,1,1,4,155000,1,1,1,0
1,1,3,6,11,9,2,3,1,1,1,2,2,1,3,175000,1,1,1,0
1,1,4,2,6,6,2,1,1,1,1,1,2,1,4,63000,1,1,1,0
1,1,2,9,1,6,2,1,1,3,7,1,1,1,4,125000,1,1,1,0
1,2,2,1,1,3,2,4,2,1,1,1,2,1,4,160000,1,1,1,0
1,2,2,1,1,1,1,4,1,1,1,1,1,1,4,130000,1,1,1,0
1,1,2,10,1,5,3,4,1,1,1,1,1,1,1,40000,1,1,1,0
2,1,3,1,1,7,2,4,1,1,1,1,2,1,4,147200,1,1,1,0
1,1,6,1,1,1,2,1,1,1,3,1,1,1,4,95000,1,1,1,0
1,1,2,6,3,6,2,2,1,1,7,5,1,1,4,95000,1,1,1,0
1,1,4,1,1,3,3,1,1,1,1,1,2,1,2,70000,1,1,1,0
2,1,2,1,1,6,3,2,1,1,7,1,2,1,2,100000,1,1,1,0
1,2,1,10,13,8,3,1,1,1,2,4,1,1,1,12000,1,1,1,0
1,1,2,1,1,7,2,1,1,1,7,1,2,1,2,70000,1,1,1,0
1,1,2,1,12,9,2,2,1,1,7,4,2,1,2,180000,1,1,1,0
1,3,2,1,1,7,3,1,1,1,5,1,2,1,4,95000,1,1,1,0
1,1,2,8,10,5,2,4,1,2,7,1,1,1,4,50000,1,1,1,0
1,1,2,1,1,6,2,1,1,2,7,1,1,1,4,63000,1,1,1,0
2,1,2,1,1,5,1,1,1,2,1,1,1,1,1,54000,1,1,1,0
1,1,2,5,2,4,2,2,1,1,1,1,2,1,4,55000,1,1,1,0
1,1,2,10,1,4,2,3,1,1,7,5,1,1,1,110000,1,1,1,0
1,2,2,1,16,8,4,1,1,1,4,7,1,1,1,600000,1,1,1,0
2,1,2,1,18,1,3,2,1,1,1,1,1,1,4,120000,1,1,1,0
1,2,1,1,1,4,1,2,1,1,1,1,1,1,1,12000,1,1,1,0
1,1,1,3,5,8,2,3,1,1,5,4,1,1,4,84000,1,1,1,0
1,1,2,9,1,4,2,1,1,1,1,1,1,1,4,79000,1,1,1,0
1,1,2,6,13,5,2,1,1,1,7,1,2,1,2,105000,1,1,1,0
1,1,2,1,1,1,1,3,1,1,7,1,1,1,4,133000,1,1,1,0
1,1,2,1,2,10,2,4,1,1,2,1,2,1,2,115000,1,1,1,0
1,1,3,1,7,5,2,4,1,1,3,5,1,1,4,60000,1,1,1,0
1,1,2,1,1,1,1,4,1,1,4,1,1,1,4,90500,1,1,1,0
1,1,2,9,1,8,3,1,1,1,1,6,2,1,4,55000,1,1,1,0
1,1,2,1,1,4,1,1,1,1,1,1,1,1,1,40000,1,1,1,0
1,1,2,1,1,9,2,2,1,1,6,1,2,1,2,115000,1,1,1,0
1,1,2,10,1,4,2,1,1,1,7,1,1,1,4,80000,1,1,1,0
1,1,4,1,1,3,2,4,1,1,2,1,2,1,2,110000,1,1,1,0
1,1,1,1,14,5,2,3,1,1,7,1,1,1,1,90000,1,1,1,0
1,1,2,4,1,5,1,3,1,1,7,1,2,1,1,65000,1,1,1,0
1,1,2,4,1,4,2,1,2,1,1,1,1,1,1,115000,1,1,1,0
1,1,2,1,1,5,2,4,1,1,7,4,2,1,4,87500,1,1,1,0
1,1,2,1,3,5,3,3,1,1,7,1,1,1,4,60000,1,1,1,0
1,1,2,9,11,3,2,1,1,1,1,1,2,1,4,125000,1,1,1,0
1,1,2,1,2,9,3,2,1,1,6,1,2,1,2,171000,1,1,1,0
1,1,2,2,1,4,3,4,1,1,7,1,1,1,4,2000000,1,1,1,0
1,1,1,2,1,2,1,1,1,1,7,1,1,1,5,130000,1,1,1,0
1,1,2,3,11,5,2,1,1,1,7,2,1,1,4,84000,1,1,1,0
1,1,2,3,9,5,3,3,1,1,4,1,1,1,4,55000,1,1,1,0
1,1,3,1,1,9,3,2,1,1,1,1,2,1,3,280000,1,1,1,0
1,1,2,1,1,2,3,3,1,1,7,1,2,1,3,127000,1,1,1,0
1,1,2,3,1,3,2,1,1,1,7,1,1,1,2,140000,1,1,1,0
1,1,2,10,1,3,2,1,1,1,7,1,1,1,4,70000,1,1,1,0
1,1,3,10,4,5,3,2,1,1,7,1,1,1,4,90000,1,1,1,0
1,1,3,1,1,6,2,4,1,1,1,1,2,1,2,110000,1,1,1,0
1,1,2,1,1,8,3,3,1,1,7,1,1,1,4,67000,1,1,1,0
1,1,2,1,1,2,3,3,1,1,5,1,1,1,5,120000,1,1,1,0
2,1,4,5,3,1,2,1,1,1,2,1,1,1,4,75000,1,1,1,0
2,1,3,1,1,3,3,2,1,1,1,1,2,1,4,115000,1,1,1,0
1,1,3,1,1,8,3,2,1,1,7,3,1,1,4,82798,1,1,1,0
2,1,2,1,2,4,3,1,2,1,1,1,1,1,1,75000,1,1,1,0
1,1,2,1,3,1,1,1,1,1,7,1,1,1,4,130000,1,1,1,0
1,1,2,1,2,5,2,3,1,1,7,1,2,1,4,90000,1,1,1,0
1,1,2,1,2,4,3,1,1,1,6,4,1,1,1,62000,1,1,1,0
1,1,2,1,2,7,2,4,1,1,1,1,1,1,2,130000,1,1,1,0
1,1,1,12,1,7,2,3,1,1,1,1,2,1,2,66000,1,1,1,0
1,1,2,1,1,7,3,1,1,1,7,1,2,1,4,170000,1,1,1,0
1,1,2,1,1,7,3,1,1,1,7,4,2,1,2,95000,1,1,1,0
1,1,2,1,1,5,1,1,1,1,1,5,1,1,4,90000,1,1,1,0
1,1,2,1,1,3,2,2,1,1,5,1,1,1,2,150000,1,1,1,0
1,1,2,1,3,6,2,3,1,1,1,1,1,1,2,55000,1,1,1,0
1,1,2,1,1,4,2,4,1,1,9,1,1,1,1,9393,1,1,1,0
1,1,2,1,1,4,3,4,1,1,7,1,1,1,1,165000,1,1,1,0
2,1,2,2,6,4,2,3,1,1,7,1,1,1,1,39600,1,1,1,0
1,1,1,12,1,5,2,3,1,1,2,1,1,1,4,75000,1,1,1,0
1,1,3,1,3,1,3,3,1,1,5,1,1,1,1,116000,1,1,1,0
1,1,2,1,2,5,2,4,2,1,1,1,1,1,4,94000,1,1,1,0
1,1,2,4,1,5,1,3,1,1,5,1,1,1,4,69000,1,1,1,0
2,1,2,8,2,4,3,4,1,1,7,1,2,1,4,42000,1,1,1,0
1,1,3,8,1,4,3,4,1,1,1,1,2,1,4,140000,1,1,1,0
1,1,2,1,1,4,2,3,2,1,5,2,1,1,4,91000,1,1,1,0
2,3,3,1,4,1,3,2,1,1,7,1,1,1,4,81000,1,1,1,0
2,1,3,1,2,10,3,4,1,1,7,1,2,1,2,118000,1,1,1,0
1,1,2,6,5,11,1,1,1,1,5,1,2,1,3,120000,1,1,1,0
2,1,3,3,1,5,2,4,1,1,7,5,1,1,4,120000,1,1,1,0
1,1,1,1,1,5,2,1,1,1,2,1,1,1,1,30160,1,1,1,0
1,1,3,1,1,1,3,4,1,1,7,1,1,1,4,2000000,1,1,1,0
1,1,2,1,2,6,3,3,1,1,2,1,1,1,4,82000,1,1,1,0
1,1,2,1,1,1,1,3,1,1,1,1,1,1,1,108000,1,1,1,0
1,3,1,1,18,4,3,2,1,1,1,1,1,1,1,38000,1,1,1,0
1,1,1,1,1,9,1,4,1,1,7,3,2,1,2,95000,1,1,1,0
1,1,1,1,2,4,3,1,1,1,7,1,1,1,4,120000,1,1,1,0
1,1,3,1,1,5,3,4,1,1,6,1,1,1,4,150000,1,1,1,0
1,1,2,1,1,5,1,1,1,1,8,1,1,1,1,76500,1,1,1,0
1,1,2,1,1,6,1,1,1,1,2,1,1,1,4,78000,1,1,1,0
2,1,3,1,1,7,1,1,1,1,1,1,1,1,4,135000,1,1,1,0
1,1,3,1,1,5,2,4,1,1,7,5,1,1,4,140000,1,1,1,0
1,1,2,1,1,5,1,4,1,1,8,1,1,1,4,200000,1,1,1,0
1,1,2,1,2,5,2,3,1,1,7,1,2,1,2,55000,1,1,1,0
1,1,6,1,13,5,2,1,1,2,2,1,2,1,4,165000,1,1,1,0
1,1,1,1,1,3,1,1,1,1,1,1,1,1,4,75000,1,1,1,0
1,1,9,9,2,6,3,4,1,1,7,1,1,1,2,102000,1,1,1,0
1,1,3,1,1,11,3,4,1,1,1,1,2,1,2,150000,1,1,1,0
1,1,4,3,1,3,2,4,1,1,5,1,2,1,3,98500,1,1,1,0
1,1,2,3,13,5,3,3,1,1,1,1,1,1,1,65000,1,1,1,0
1,1,2,2,1,4,3,4,1,1,6,1,1,1,4,78000,1,1,1,0
1,1,3,1,1,1,2,4,1,3,1,1,1,1,4,732000,1,1,1,0
2,1,2,1,12,3,2,3,1,1,2,1,1,1,3,107500,1,1,1,0
1,1,1,1,1,4,3,4,1,1,1,1,1,1,1,65000,1,1,1,0
1,1,3,1,1,7,2,4,1,1,5,1,2,1,4,200000,1,1,1,0
2,1,2,6,2,2,3,4,1,1,6,1,2,1,3,88000,1,1,1,0
1,1,2,1,1,3,2,4,1,1,7,1,2,1,2,84000,1,1,1,0
1,1,5,4,4,10,3,3,1,1,1,1,1,1,3,110000,1,1,1,0
1,1,3,2,4,4,2,3,1,1,1,1,1,1,2,103500,1,1,1,0
1,1,2,7,1,6,3,3,1,1,7,1,2,1,2,155000,1,1,1,0
1,1,3,1,3,6,2,4,1,1,1,2,1,1,4,125000,1,1,1,0
1,1,1,1,1,8,3,3,1,1,7,1,1,1,4,90000,1,1,1,0
1,1,2,8,3,5,3,1,1,1,1,1,2,1,4,95000,1,1,1,0
1,1,2,1,1,1,2,4,1,1,4,1,1,1,1,67000,1,1,1,0
1,1,2,6,3,4,2,3,2,1,1,5,1,1,4,96000,1,1,1,0
1,1,2,1,1,5,3,2,1,1,7,1,1,1,4,80000,1,1,1,0
1,1,2,3,1,10,1,3,1,3,8,6,1,1,2,150000,1,1,1,0
1,2,3,1,4,4,3,3,1,1,1,1,1,1,1,31200,1,1,1,0
1,1,2,1,14,2,3,3,1,1,1,2,1,1,3,148000,1,1,1,0
2,1,2,1,2,10,2,2,1,1,7,1,2,1,2,100000,1,1,1,0
1,1,2,1,1,6,2,4,1,1,6,1,1,1,4,75000,1,1,1,0
1,1,2,6,1,5,3,1,1,1,1,3,1,1,4,80000,1,1,1,0
1,1,1,1,2,9,2,3,1,1,7,1,2,1,2,130000,1,1,1,0
1,1,2,1,1,1,2,4,1,1,1,5,1,1,4,250000,1,1,1,0
1,1,2,1,3,5,2,1,1,1,7,1,2,1,4,85000,1,1,1,0
1,1,1,10,2,10,3,2,1,1,7,1,1,1,5,112500,1,1,1,0
1,1,2,1,1,1,2,4,1,1,9,1,1,1,1,64000,1,1,1,0
2,1,2,4,1,5,3,3,1,1,7,1,1,1,3,145000,1,1,1,0
1,1,3,1,1,3,2,4,1,1,8,6,2,1,2,181000,1,1,1,0
1,1,2,8,1,5,5,2,1,1,7,1,1,1,4,88500,1,1,1,0
1,1,3,1,1,4,2,3,1,1,7,5,1,1,4,90000,1,1,1,0
1,1,2,1,1,9,1,3,1,1,7,1,2,1,2,160000,1,1,1,0
1,1,2,10,2,5,2,1,1,1,8,1,1,1,4,110000,1,1,1,0
1,1,1,1,1,4,2,1,1,1,7,1,2,1,2,78000,1,1,1,0
1,1,2,1,1,5,4,4,1,1,5,1,1,1,4,92000,1,1,1,0
2,1,2,1,1,5,1,1,1,1,1,1,1,1,4,95000,1,1,1,0
2,1,2,1,11,3,3,4,1,1,6,1,2,1,2,133000,1,1,1,0
1,1,2,6,1,1,2,4,1,1,5,1,1,1,4,145000,1,1,1,0
1,1,2,1,1,1,2,4,1,1,2,1,1,1,4,115000,1,1,1,0
2,1,3,7,3,7,2,4,2,2,6,1,1,1,3,70000,1,1,1,0
1,1,1,12,1,3,2,2,1,1,1,1,1,1,4,160000,1,1,1,0
1,1,2,1,1,5,2,3,1,1,1,1,1,1,4,65000,1,1,1,0
2,1,2,3,1,4,2,2,1,2,7,1,1,1,4,103000,1,1,1,0
1,1,1,11,1,6,3,1,1,1,2,1,2,1,4,75000,1,1,1,0
1,3,4,1,1,5,2,3,2,2,7,1,1,1,4,128000,1,1,1,0
1,1,2,3,1,3,2,2,1,1,4,1,1,1,2,80000,1,1,1,0
1,1,2,1,1,1,2,4,1,1,7,1,1,1,4,125000,1,1,1,0
1,1,2,1,1,5,1,3,1,1,2,2,1,1,4,44000,1,1,1,0
2,2,4,3,1,7,2,1,1,1,9,1,2,1,2,110000,1,1,1,0
1,1,2,6,8,4,2,4,1,1,4,1,1,1,4,85000,1,1,1,1
1,2,1,1,13,4,2,4,1,1,8,1,1,1,1,40000,1,1,1,0
1,2,6,3,1,5,2,2,1,1,7,1,1,1,1,15000,1,1,1,0
2,1,2,9,12,1,3,1,1,1,1,1,2,1,3,75000,1,1,1,0
2,2,2,1,2,5,3,4,1,1,1,1,1,1,2,100000,1,1,1,0
1,1,2,1,1,4,2,4,1,1,1,1,1,1,1,95000,1,1,1,0
1,1,2,10,1,7,2,4,1,1,6,1,1,1,2,80000,1,1,1,0
1,3,4,1,6,4,2,4,1,1,1,1,1,1,4,30000,1,1,1,0
1,1,1,12,1,9,2,1,1,1,7,1,2,1,2,160000,1,1,1,0
1,1,1,1,5,4,3,4,1,1,1,4,1,1,4,100000,1,1,1,0
1,1,2,6,1,4,2,1,1,1,7,1,1,1,4,78500,1,1,1,0
1,1,3,1,1,6,2,4,1,1,8,5,1,1,4,85000,1,1,1,0
1,3,2,4,1,2,1,1,1,1,5,1,2,1,3,157000,1,1,1,0
1,1,2,9,1,5,1,4,1,1,8,1,1,1,4,127000,1,1,1,0
1,1,2,3,1,6,2,4,1,1,5,1,2,1,1,112000,1,1,1,0
1,1,2,4,1,1,3,4,1,1,1,1,1,1,4,71000,1,1,1,0
1,1,2,1,1,7,2,4,1,1,1,1,2,1,4,130000,1,1,1,0
1,1,2,1,1,6,3,4,1,1,7,1,2,1,4,90000,1,1,1,0
1,1,2,9,1,1,2,4,1,1,7,1,1,1,4,120000,1,1,1,0
1,1,3,9,11,4,3,4,1,1,7,1,1,1,4,73000,1,1,1,0
2,2,2,1,1,4,1,2,1,1,4,1,2,1,2,30000,1,1,1,0
1,1,1,9,3,4,2,1,1,1,5,5,1,1,4,30000,1,1,1,0
1,1,2,1,7,1,3,1,1,1,4,1,1,1,4,32000,1,1,1,0
1,1,4,1,1,5,3,4,1,1,7,1,1,1,4,110000,1,1,1,0
1,1,6,1,14,1,2,2,1,1,5,1,1,1,4,85000,1,1,1,0
2,1,2,7,1,3,2,4,1,1,7,1,2,1,2,110000,1,1,1,0
2,1,2,3,3,6,2,1,1,1,2,1,1,1,4,110000,1,1,1,0
1,1,2,1,1,3,2,1,1,1,7,1,2,1,2,120000,1,1,1,0
1,1,3,1,4,1,2,1,1,1,1,1,1,1,4,120000,1,1,1,0
1,1,2,7,6,5,2,4,1,1,7,4,1,1,2,42000,1,1,1,0
1,1,2,4,3,4,3,3,1,1,7,1,1,1,4,80000,1,1,1,0
1,1,5,1,18,3,3,2,1,1,5,1,1,1,2,131000,1,1,1,0
1,3,2,7,11,8,2,3,2,1,6,1,1,1,1,42500,1,1,1,0
2,1,1,7,1,4,2,4,1,1,1,1,1,1,1,36000,1,1,1,0
1,1,1,10,1,2,3,3,1,1,7,1,2,1,3,105000,1,1,1,0
1,1,1,1,18,4,3,3,1,1,7,1,1,1,1,55000,1,1,1,0
1,1,3,6,1,5,2,4,1,1,2,1,1,1,2,48000,1,1,1,0
1,1,1,1,1,5,2,1,1,1,6,6,1,1,1,2000000,1,1,1,0
1,1,2,1,1,6,1,1,1,1,7,1,1,1,4,107000,1,1,1,0
1,3,2,1,6,2,2,4,1,1,1,1,2,1,5,185000,1,1,1,0
1,1,3,1,1,6,2,4,1,1,4,1,1,1,4,100000,1,1,1,0
1,1,2,6,1,10,2,4,1,1,4,6,1,1,3,120000,1,1,1,0
1,1,3,2,1,4,2,3,1,1,1,1,1,1,4,70000,1,1,1,0
1,1,2,1,5,5,3,1,1,1,6,1,1,1,1,70000,1,1,1,0
1,1,2,7,1,2,2,4,1,1,1,1,2,1,5,160000,1,1,1,0
1,1,1,12,1,1,1,3,1,3,4,1,1,1,4,105000,1,1,1,0
1,1,2,1,13,3,2,3,1,1,7,2,2,1,2,140000,1,1,1,0
1,1,2,1,1,4,3,4,1,1,6,1,1,1,1,65000,1,1,1,0
1,1,3,1,2,6,4,3,1,1,1,1,1,1,2,87264,1,1,1,0
1,1,3,1,1,5,3,1,1,1,7,2,1,1,4,120000,1,1,1,0
1,1,2,6,5,5,2,1,1,1,5,4,2,1,4,103000,1,1,1,0
1,1,2,1,5,5,2,4,1,1,7,5,2,1,4,2000000,1,1,1,0
1,1,3,6,18,10,2,4,1,1,7,7,1,1,3,150000,1,1,1,0
1,1,2,1,1,4,1,4,1,1,6,1,1,1,4,90000,1,1,1,0
1,1,2,3,1,3,2,1,1,1,5,1,2,1,2,134000,1,1,1,0
1,1,2,10,1,4,3,4,1,1,1,2,1,1,4,90000,1,1,1,0
2,1,2,1,2,4,2,4,1,1,1,1,1,1,1,113000,1,1,1,0
2,1,2,3,1,10,3,1,1,1,4,1,2,1,2,110000,1,1,1,0
2,3,2,10,1,5,2,2,1,1,7,1,1,1,4,75000,1,1,1,0
1,1,2,2,3,5,2,3,1,1,4,1,1,1,4,110000,1,1,1,0
1,1,2,1,1,9,2,3,1,1,7,1,1,1,4,145000,1,1,1,0
1,1,3,1,1,6,2,4,1,1,1,1,1,1,4,95000,1,1,1,0
1,1,6,9,1,1,2,3,1,1,4,1,2,1,4,47000,1,1,1,0
1,1,2,1,1,6,1,3,1,1,7,1,1,1,4,70000,1,1,1,0
1,1,2,1,1,9,1,4,1,1,1,1,1,1,4,200000,1,1,1,0
2,1,2,1,1,7,2,4,1,1,7,1,1,1,4,117000,1,1,1,0
2,2,1,1,1,4,2,2,1,1,7,1,1,1,1,85000,1,1,1,0
1,1,1,3,1,4,3,4,1,1,7,1,1,1,2,100000,1,1,1,0
1,1,4,1,8,4,1,2,1,1,7,1,1,1,4,65000,1,1,1,1
1,1,3,1,1,3,2,1,1,1,1,1,2,1,2,195000,1,1,1,0
1,3,2,1,1,6,2,1,1,1,2,1,2,1,2,75000,1,1,1,0
1,1,6,3,1,4,2,3,1,1,7,1,1,1,4,80000,1,1,1,0
1,1,4,3,6,4,2,2,1,1,7,1,1,1,4,50000,1,1,1,0
1,1,2,1,1,9,2,3,1,1,9,7,2,1,2,115200,1,1,1,0
1,1,2,8,1,11,2,4,1,1,2,1,1,1,2,89000,1,1,1,0
2,1,5,6,1,4,2,2,1,1,8,5,1,1,4,135000,1,1,1,0
2,3,3,1,4,3,2,4,1,1,7,1,2,1,2,160000,1,1,1,0
1,1,1,1,1,4,3,3,1,1,8,1,1,1,2,115000,1,1,1,0
1,1,3,1,2,1,1,1,1,1,4,1,2,1,4,86000,1,1,1,0
2,1,2,1,2,5,3,3,1,1,1,1,1,1,4,95000,1,1,1,0
1,2,3,1,8,4,2,4,2,1,6,1,1,1,4,85000,1,1,1,1
1,1,2,9,1,5,2,2,1,1,7,1,1,1,4,135000,1,1,1,0
2,1,3,1,1,7,3,1,1,1,6,4,1,1,4,145000,1,1,1,0
1,1,5,9,1,7,3,4,1,1,4,1,2,1,3,88000,1,1,1,0
1,1,2,1,13,7,2,1,1,1,7,1,2,1,2,116000,1,1,1,0
1,1,6,1,1,5,2,1,1,1,5,1,1,1,1,60000,1,1,1,0
1,1,1,12,1,9,1,1,1,1,2,4,2,1,3,150000,1,1,1,0
2,1,2,1,1,6,1,2,1,1,8,1,1,1,4,73000,1,1,1,0
2,1,3,6,1,10,2,1,1,1,6,1,2,1,3,160000,1,1,1,0
1,1,2,4,1,1,2,2,1,1,1,1,2,1,2,100000,1,1,1,0
1,1,2,10,1,1,2,3,1,1,4,1,1,1,4,120000,1,1,1,0
2,1,2,1,13,5,3,4,1,1,7,1,1,1,4,73000,1,1,1,0
1,1,2,3,6,5,2,2,1,1,7,7,1,1,4,80000,1,1,1,0
1,1,2,1,1,5,3,3,1,1,7,1,1,1,1,121000,1,1,1,0
1,1,2,1,3,1,2,4,1,1,7,5,1,1,4,107000,1,1,1,0
1,1,2,1,1,11,2,3,1,1,6,1,2,1,2,165000,1,1,1,0
1,1,2,1,12,5,1,4,1,1,1,2,1,1,4,63000,1,1,1,0
1,1,2,1,13,9,2,1,1,1,2,1,2,1,4,162000,1,1,1,0
2,1,3,9,1,10,3,3,1,1,6,1,2,1,3,160000,1,1,1,0
2,1,3,9,1,4,3,3,2,1,6,1,1,1,4,105300,1,1,1,0
1,1,4,1,1,5,3,2,1,1,4,4,1,1,4,90000,1,1,1,0
1,3,2,10,6,9,3,3,1,1,1,1,1,1,2,151000,1,1,1,0
1,1,2,1,18,3,1,4,1,1,1,1,1,1,4,150000,1,1,1,0
1,1,2,3,2,4,2,1,1,1,7,1,2,1,2,90000,1,1,1,0
2,1,3,7,13,11,2,1,1,1,8,7,2,1,5,110000,1,1,1,0
1,1,4,2,1,3,2,4,1,1,5,1,1,1,4,37250,1,1,1,0
2,1,6,9,1,1,2,1,1,1,7,1,1,1,1,576000,1,1,1,0
1,1,4,1,2,3,2,3,1,1,7,1,2,1,2,1320000,1,1,1,0
2,2,1,1,16,8,4,4,1,1,7,1,1,1,4,4200,1,1,1,0
1,1,2,1,1,1,1,1,1,1,9,4,1,1,4,92000,1,1,1,0
1,1,2,3,1,3,1,2,1,1,4,1,2,1,2,92000,1,1,1,0
2,1,3,1,5,2,3,3,1,1,1,1,1,1,3,170000,1,1,1,0
1,1,1,1,2,4,2,1,1,1,2,3,1,1,2,145000,1,1,1,0
2,1,3,4,1,1,3,4,1,1,5,1,1,1,4,160000,1,1,1,0
2,1,2,1,3,1,2,4,1,1,8,2,1,1,4,1560000,1,1,1,0
1,1,3,9,11,8,3,4,2,1,8,1,1,1,4,65000,1,1,1,0
1,1,4,5,1,1,2,3,1,1,1,1,1,1,4,129000,1,1,1,0
1,1,2,8,1,7,2,4,1,1,1,1,1,1,2,167000,1,1,1,0
1,1,2,1,2,6,2,1,1,1,2,1,2,1,2,115000,1,1,1,0
2,1,2,1,1,3,3,3,1,1,7,5,2,1,2,152000,1,1,1,0
1,1,2,1,1,1,2,2,1,1,7,1,2,1,4,81000,1,1,1,0
2,2,3,1,3,3,3,4,1,1,7,1,2,1,2,190000,1,1,1,0
1,1,2,1,1,9,3,3,1,1,1,1,2,1,2,205000,1,1,1,0
1,1,2,1,1,1,2,1,1,1,2,1,1,1,4,69000,1,1,1,0
2,1,2,1,1,6,1,2,2,1,2,1,1,1,1,72000,1,1,1,0
1,1,2,6,1,2,2,2,1,1,5,1,2,1,5,108000,1,1,1,0
1,1,3,7,4,7,2,2,1,1,7,4,1,1,2,152740,1,1,1,0
1,1,2,2,2,4,2,1,1,1,1,1,1,1,4,64000,1,1,1,0
1,2,2,1,3,8,2,4,1,1,4,1,2,1,4,58000,1,1,1,0
1,1,1,12,2,10,2,1,1,1,2,1,1,1,5,113000,1,1,1,0
1,3,2,10,12,5,2,3,1,1,4,1,2,1,4,111000,1,1,1,0
1,3,2,4,1,6,2,1,2,1,1,1,1,1,4,207000,1,1,1,0
2,1,1,1,1,6,1,4,1,1,1,1,1,1,4,71500,1,1,1,0
2,1,2,1,1,5,2,1,1,1,7,1,2,1,4,70000,1,1,1,0
1,1,3,1,1,1,3,4,1,1,1,4,1,1,4,117000,1,1,1,0
2,1,1,5,1,7,2,1,1,1,7,6,2,1,2,110000,1,1,1,0
1,1,2,1,1,1,3,4,1,1,4,1,2,1,1,180,1,1,1,0
1,1,4,3,3,6,3,2,1,1,2,3,1,1,2,98000,1,1,1,0
2,1,2,1,2,5,2,1,1,1,4,1,1,1,1,97980,1,1,1,0
1,1,2,3,2,7,3,2,1,1,1,1,2,1,2,135000,1,1,1,0
1,1,3,1,1,2,2,4,1,1,7,1,2,1,2,188000,1,1,1,0
2,1,2,9,3,7,2,3,1,1,6,1,2,1,2,190000,1,1,1,0
1,1,2,1,13,5,2,1,1,1,1,1,1,1,4,72000,1,1,1,0
1,1,2,3,11,6,1,2,1,1,1,1,1,1,4,80000,1,1,1,0
1,1,2,1,13,1,2,1,1,1,5,1,1,1,4,66000,1,1,1,0
2,1,2,1,1,2,3,3,1,1,6,1,2,1,3,300000,1,1,1,0
2,1,2,1,1,1,2,1,1,1,7,1,1,1,4,110000,1,1,1,0
2,1,2,1,1,1,2,3,1,1,5,4,1,1,4,118000,1,1,1,0
2,1,2,1,1,4,3,3,2,1,1,1,1,1,1,45000,1,1,1,0
2,1,2,9,11,9,3,4,2,1,6,1,2,1,5,70000,1,1,1,0
2,1,7,2,5,4,3,4,1,1,6,1,1,1,2,110000,1,1,1,0
1,1,5,6,10,11,3,3,1,1,1,1,1,1,2,85000,1,1,1,0
1,1,2,1,1,3,2,4,1,1,6,5,2,1,2,120000,1,1,1,0
1,1,5,10,4,7,2,4,1,1,6,1,1,1,4,88000,1,1,1,0
1,1,1,1,1,4,2,4,1,1,7,1,1,1,1,62000,1,1,1,0
1,1,2,1,2,5,2,3,1,1,8,1,1,1,4,145000,1,1,1,0
1,1,2,2,18,3,2,3,1,1,6,1,1,1,4,140000,1,1,1,0
1,2,1,1,1,4,1,4,1,1,8,4,1,1,4,38,1,1,1,0
1,1,2,1,1,9,2,1,1,1,7,1,2,1,2,112000,1,1,1,0
1,1,4,1,1,5,2,1,1,1,4,1,1,1,4,110000,1,1,1,0
1,1,2,1,1,1,2,4,1,1,7,1,1,1,4,66000,1,1,1,0
1,1,2,3,1,1,2,3,1,2,7,2,1,1,4,130000,1,1,1,0
2,1,6,7,1,9,2,3,1,3,5,1,1,1,4,1560000,1,1,1,0
2,3,2,1,1,1,3,4,1,1,5,5,1,1,4,102000,1,1,1,0
2,1,2,3,1,5,2,4,1,1,5,1,1,1,4,100000,1,1,1,0
1,1,4,1,1,6,2,1,2,2,6,1,1,1,4,129000,1,1,1,0
1,1,2,1,1,5,2,4,1,1,7,1,1,1,4,76500,1,1,1,0
2,1,2,1,1,3,1,1,1,1,2,1,1,1,4,98000,1,1,1,0
2,1,2,1,1,5,2,3,1,1,7,1,1,1,4,83500,1,1,1,0
1,1,2,1,1,5,2,3,1,1,5,1,1,1,4,1548000,1,1,1,0
2,1,2,1,5,1,2,1,1,1,1,1,1,1,4,140000,1,1,1,0
1,1,4,2,6,6,3,1,1,1,7,1,1,1,2,72000,1,1,1,0
1,2,3,1,1,1,2,3,1,1,7,1,1,1,4,125000,1,1,1,0
1,1,3,1,1,5,2,1,1,3,1,5,1,1,1,120000,1,1,1,0
1,1,3,1,1,6,2,4,1,1,7,1,1,1,4,200000,1,1,1,0
1,1,3,1,1,10,3,3,1,1,5,1,2,1,3,160000,1,1,1,0
1,1,2,1,13,10,3,1,1,1,7,1,2,1,2,250000,1,1,1,0
1,1,1,1,2,9,1,3,1,1,5,1,2,1,2,130000,1,1,1,0
1,1,2,5,3,1,3,3,2,1,7,1,1,1,4,50000,1,1,1,0
1,1,2,7,2,4,1,1,2,1,1,1,1,1,4,82000,1,1,1,0
2,1,2,2,6,4,2,4,2,2,7,1,1,1,4,1750000,1,1,1,0
1,1,1,1,1,9,2,1,1,1,7,1,2,1,4,90000,1,1,1,0
1,1,3,2,2,5,2,4,2,2,1,1,2,1,2,65000,1,1,1,0
1,1,2,1,1,5,2,4,1,1,7,1,1,1,4,69000,1,1,1,0
2,2,1,5,6,4,2,4,2,1,2,1,1,1,1,48000,1,1,1,0
2,1,1,1,1,6,2,4,1,4,7,1,1,1,4,100000,1,1,1,0
1,1,2,1,6,6,3,3,1,1,7,1,2,1,4,90000,1,1,1,0
1,1,2,6,2,9,2,4,1,1,7,1,1,1,4,145000,1,1,1,0
1,1,2,1,1,3,2,1,1,1,1,1,2,1,4,110000,1,1,1,0
1,1,2,1,1,6,2,1,1,1,1,1,1,1,4,120000,1,1,1,0
1,1,3,6,1,5,3,3,1,1,1,2,2,1,2,80000,1,1,1,0
1,1,1,1,8,5,1,2,2,2,7,1,1,1,4,70000,1,1,1,1
2,1,4,3,2,4,2,3,1,1,1,1,1,1,1,28000,1,1,1,0
2,1,3,1,1,2,3,3,1,1,7,1,2,1,3,180000,1,1,1,0
2,1,2,1,1,1,2,3,1,1,7,1,1,1,4,70000,1,1,1,0
1,2,2,6,16,1,3,4,1,1,6,1,1,1,1,0,1,1,1,0
1,1,3,1,1,11,3,4,1,1,6,1,1,1,5,90000,1,1,1,0
1,1,2,1,3,4,2,1,1,1,7,1,1,1,1,72000,1,1,1,0
1,1,2,1,14,1,2,3,1,1,1,1,1,1,4,104000,1,1,1,0
2,1,2,3,1,2,2,1,1,1,7,1,1,1,3,145000,1,1,1,0
1,1,2,1,1,6,2,3,1,1,4,1,1,1,4,120000,1,1,1,0
1,1,2,1,13,2,1,1,1,1,7,1,2,1,5,115000,1,1,1,0
1,1,2,1,1,9,2,2,1,1,1,1,1,1,2,120000,1,1,1,0
1,3,1,1,2,4,3,3,1,1,5,1,1,1,2,40000,1,1,1,0
1,1,3,9,1,7,3,3,1,1,1,1,2,1,4,96000,1,1,1,0
1,1,1,6,1,6,2,1,1,1,7,1,2,1,4,95000,1,1,1,0
1,1,2,7,8,4,3,3,2,1,7,1,1,1,4,70000,1,1,1,1
1,1,4,1,1,9,2,3,1,1,2,1,2,1,2,158000,1,1,1,0
1,1,3,6,5,1,2,2,1,1,1,1,2,1,4,160000,1,1,1,0
1,1,3,8,10,2,2,4,1,1,5,1,1,1,3,190000,1,1,1,0
1,1,2,1,1,1,2,2,1,1,7,1,1,1,4,81000,1,1,1,0
2,1,2,2,1,1,3,1,1,1,7,1,2,1,4,80000,1,1,1,0
1,1,3,4,1,3,2,4,1,1,6,6,2,1,2,170000,1,1,1,0
1,1,3,7,1,3,1,4,1,1,2,1,2,1,2,180000,1,1,1,0
2,1,3,10,1,4,3,4,2,1,7,1,1,1,1,66500,1,1,1,0
1,1,2,1,1,5,2,4,1,1,1,1,1,1,4,100000,1,1,1,0
1,1,2,1,1,5,2,3,1,1,2,1,1,1,4,46500,1,1,1,0
2,1,2,1,1,1,2,3,1,2,7,1,1,1,4,65000,1,1,1,0
1,1,2,1,18,4,3,4,1,1,5,1,1,1,4,2000000,1,1,1,0
2,2,3,1,1,5,1,4,1,1,1,5,2,1,4,90000,1,1,1,0
1,1,2,8,1,4,3,1,1,1,4,1,1,1,4,50000,1,1,1,0
1,2,6,1,2,5,1,1,1,1,1,1,1,1,1,62400,1,1,1,0
1,1,2,1,1,9,2,1,1,1,7,1,2,1,2,160000,1,1,1,0
1,1,2,3,1,7,2,2,1,1,7,1,2,1,2,118000,1,1,1,0
1,1,3,1,3,1,3,3,1,1,8,1,1,1,4,140000,1,1,1,0
2,1,3,8,1,6,3,3,1,1,1,5,2,1,4,45600,1,1,1,0
1,1,2,10,7,1,2,4,1,1,1,1,2,1,4,84000,1,1,1,0
1,1,1,3,1,4,2,1,1,1,5,1,2,1,4,66000,1,1,1,0
1,1,2,1,1,4,2,4,1,1,2,1,1,1,1,70000,1,1,1,0
1,1,5,9,1,11,2,4,1,1,1,1,1,1,2,110000,1,1,1,0
1,1,3,1,5,5,2,4,1,1,7,1,1,1,4,120000,1,1,1,0
2,1,2,3,1,5,2,1,1,1,7,1,1,1,4,100000,1,1,1,0
1,1,2,1,1,6,2,2,1,1,1,4,2,1,2,95000,1,1,1,0
1,1,2,1,3,4,2,1,1,1,5,4,1,1,4,60000,1,1,1,0
2,1,2,1,1,9,3,3,1,1,1,1,1,1,2,160000,1,1,1,0
1,1,3,6,2,4,2,4,2,1,7,2,2,1,4,115000,1,1,1,0
2,1,2,1,1,5,2,1,1,1,7,1,2,1,4,97000,1,1,1,0
1,1,3,4,1,4,2,3,1,1,8,1,1,1,4,70000,1,1,1,0
2,1,2,1,1,5,2,3,1,1,7,1,1,1,1,76500,1,1,1,0
1,1,2,1,5,6,3,1,1,1,2,1,2,1,2,120000,1,1,1,0
1,1,5,4,11,10,1,1,1,1,1,1,2,1,4,90000,1,1,1,0
1,1,6,1,1,4,2,2,1,1,1,1,1,1,1,45000,1,1,1,0
1,1,1,11,1,9,1,3,1,1,1,2,2,1,2,95000,1,1,1,0
2,2,3,1,2,4,3,1,1,1,7,5,1,1,4,82000,1,1,1,0
1,1,4,6,1,8,3,1,1,1,7,2,2,1,2,32000,1,1,1,0
1,1,2,3,1,3,2,2,1,1,2,1,1,1,2,43000,1,1,1,0
1,1,5,9,4,5,3,4,1,1,2,1,1,1,1,140000,1,1,1,0
1,1,2,9,1,4,2,3,1,1,4,1,1,1,4,90000,1,1,1,0
2,1,1,9,2,9,2,1,1,1,5,1,2,1,3,87500,1,1,1,0
1,3,2,9,11,5,1,4,1,1,8,1,1,1,4,90000,1,1,1,0
1,2,1,1,1,5,2,3,1,1,6,1,1,1,1,25000,1,1,1,0
1,1,2,1,3,5,3,2,1,1,4,1,1,1,4,128550,1,1,1,0
1,1,3,1,1,10,1,4,1,1,2,3,1,1,4,150000,1,1,1,0
1,3,1,1,1,3,3,3,1,1,5,1,2,1,2,120000,1,1,1,0
1,1,2,6,2,10,3,2,1,1,5,1,2,1,3,122000,1,1,1,0
1,1,2,1,1,7,2,1,1,1,6,1,1,1,2,105000,1,1,1,0
1,1,2,1,1,8,3,2,1,1,5,1,2,1,4,150000,1,1,1,0
1,1,2,10,1,3,2,1,1,1,6,1,1,1,2,160000,1,1,1,0
1,1,2,1,1,5,2,1,1,1,7,1,1,1,1,69600,1,1,1,0
2,1,3,1,1,7,2,1,1,1,9,1,1,1,4,78000,1,1,1,0
1,1,2,8,1,6,3,3,1,1,2,4,2,1,3,102000,1,1,1,0
2,1,2,1,1,4,3,4,1,1,7,1,2,1,3,60000,1,1,1,0
1,1,3,2,1,5,2,3,2,1,6,1,1,1,4,57000,1,1,1,0
1,1,2,1,1,7,2,3,1,1,8,1,1,1,4,225000,1,1,1,0
1,1,2,10,1,3,1,1,1,1,1,1,2,1,4,96000,1,1,1,0
1,1,2,3,6,5,1,4,1,1,7,1,1,1,1,85000,1,1,1,0
1,3,2,3,1,1,2,4,1,3,2,1,1,1,4,194000,1,1,1,0
1,1,1,1,3,5,3,4,1,4,2,1,1,1,2,100000,1,1,1,0
1,2,2,3,1,4,2,1,1,1,8,6,1,1,1,33000,1,1,1,0
1,1,3,1,1,10,3,4,2,1,1,1,2,1,2,62000,1,1,1,0
2,1,2,3,1,4,3,3,1,1,7,1,1,1,4,1104000,1,1,1,0
2,1,2,9,1,4,2,3,2,2,1,1,1,1,4,122000,1,1,1,0
1,1,3,1,13,5,3,1,1,1,7,5,2,1,4,125000,1,1,1,0
1,1,2,7,2,9,2,1,1,1,1,1,2,1,2,118500,1,1,1,0
1,1,2,7,1,5,2,4,2,1,1,1,1,1,4,73500,1,1,1,0
1,1,4,5,1,1,1,1,1,1,7,1,1,1,4,60000,1,1,1,0
1,1,2,7,3,3,2,3,1,1,7,1,2,1,2,157000,1,1,1,0
1,3,1,1,11,1,2,4,1,1,9,1,1,1,4,70000,1,1,1,0
1,1,2,1,17,4,2,3,1,1,7,1,1,1,4,65000,1,1,1,0
1,1,2,1,8,9,3,3,1,1,1,1,2,1,2,130000,1,1,1,1
1,1,3,1,1,4,3,1,1,1,7,5,1,1,4,108000,1,1,1,0
2,1,1,10,2,3,2,3,1,1,8,1,1,1,2,100000,1,1,1,0
1,1,2,1,1,4,2,3,1,1,1,1,1,1,1,98000,1,1,1,0
2,1,2,1,1,4,3,4,2,1,6,2,1,1,1,2000000,1,1,1,0
1,1,2,1,1,5,2,2,1,1,7,1,1,1,4,50000,1,1,1,0
2,1,5,1,1,3,3,3,1,1,7,1,1,1,2,250000,1,1,1,0
2,1,2,7,6,4,3,3,1,1,7,1,1,1,4,47000,1,1,1,0
2,1,2,1,11,2,2,3,1,1,7,1,1,1,5,170000,1,1,1,0
2,1,2,11,1,4,2,1,2,1,7,6,1,1,4,120000,1,1,1,0
1,1,1,3,1,5,2,3,1,1,5,4,1,1,4,65000,1,1,1,0
1,1,2,1,1,1,2,3,1,1,2,1,1,1,4,48300,1,1,1,0
1,1,2,1,1,6,3,1,1,1,5,1,2,1,4,154000,1,1,1,0
1,1,2,10,11,4,4,1,1,1,1,2,1,1,4,77000,1,1,1,0
1,1,2,2,2,5,2,1,1,1,4,1,1,1,4,65000,1,1,1,0
1,1,2,3,1,4,2,1,1,1,2,1,2,1,4,71000,1,1,1,0
1,2,1,1,16,5,2,1,1,1,6,1,1,1,1,6000,1,1,1,0
1,1,2,1,1,1,3,1,1,1,8,6,1,1,1,150000,1,1,1,0
1,1,2,4,3,8,3,4,1,1,8,1,1,1,4,87000,1,1,1,0
1,1,2,1,2,5,2,4,1,1,7,1,1,1,4,60000,1,1,1,0
1,1,2,9,13,11,2,3,1,1,6,1,2,1,5,80000,1,1,1,0
1,3,2,1,1,6,2,4,1,2,7,1,1,1,4,63000,1,1,1,0
1,1,3,7,14,4,2,4,2,2,3,1,1,1,4,110000,1,1,1,0
1,1,2,1,1,4,2,3,1,1,4,2,1,1,1,65000,1,1,1,0
1,1,1,1,1,4,3,3,1,2,2,1,1,1,1,2000000,1,1,1,0
1,1,2,3,3,1,3,4,1,1,6,2,1,1,4,146000,1,1,1,0
1,1,2,1,1,5,1,1,1,1,7,5,1,1,4,73000,1,1,1,0
1,1,1,1,1,9,3,3,1,1,2,1,1,1,1,181368,1,1,1,0
1,1,1,9,1,5,3,1,1,1,2,4,1,1,4,65000,1,1,1,0
1,1,2,1,1,5,2,1,1,1,7,4,1,1,4,55000,1,1,1,0
1,1,2,1,2,9,2,4,1,1,2,1,2,1,2,150000,1,1,1,0
2,1,2,7,1,1,3,3,1,1,8,1,2,1,4,110000,1,1,1,0
1,1,2,8,1,8,2,2,2,1,4,1,1,1,4,67000,1,1,1,0
1,1,2,1,2,1,1,1,1,1,8,1,2,1,4,72000,1,1,1,0
1,1,3,1,11,5,2,1,1,1,2,1,1,1,4,70000,1,1,1,0
1,1,2,1,1,2,2,1,1,1,7,1,2,1,2,100000,1,1,1,0
2,1,3,1,1,5,2,1,1,1,1,5,1,1,4,97000,1,1,1,0
1,1,2,1,1,1,2,2,1,1,4,1,1,1,4,78000,1,1,1,0
1,1,2,1,1,2,2,4,1,1,2,1,2,1,3,210000,1,1,1,0
2,3,2,1,1,6,3,4,1,1,1,1,2,1,4,120000,1,1,1,0
1,1,3,1,1,2,2,4,1,1,1,1,2,1,3,120000,1,1,1,0
1,1,2,1,13,2,3,2,1,1,2,1,1,1,5,150000,1,1,1,0
1,2,2,1,1,7,2,1,1,1,7,1,1,1,4,118000,1,1,1,0
1,1,2,6,1,5,1,4,1,1,7,1,1,1,1,109000,1,1,1,0
1,2,4,3,1,3,3,2,1,2,1,1,2,1,4,130000,1,1,1,0
1,1,2,1,2,4,2,1,1,1,1,1,1,1,1,62000,1,1,1,0
2,1,2,3,1,4,3,3,1,1,7,1,1,1,1,75000,1,1,1,0
1,3,2,10,1,2,2,1,1,1,5,1,2,1,5,132000,1,1,1,0
1,1,2,1,1,6,2,2,1,2,1,1,1,1,1,55000,1,1,1,0
1,1,2,1,1,1,2,1,1,1,2,1,1,1,4,780000,1,1,1,0
1,1,6,1,6,4,2,4,2,1,4,1,2,1,4,75000,1,1,1,0
1,1,1,12,3,5,3,4,1,1,5,1,1,1,2,118000,1,1,1,0
2,1,4,7,6,8,2,4,1,1,3,1,1,1,4,35000,1,1,1,0
2,1,2,10,1,9,2,1,2,1,7,1,1,1,2,120000,1,1,1,0
1,2,1,1,1,4,3,2,1,1,4,1,1,1,1,119050,1,1,1,0
2,1,2,3,1,5,2,2,1,1,7,1,1,1,4,65000,1,1,1,0
1,1,2,3,7,8,3,2,1,1,7,1,1,1,4,90000,1,1,1,0
2,1,2,3,2,5,2,1,1,1,7,1,1,1,4,73000,1,1,1,0
1,1,2,1,2,4,2,3,1,1,1,2,1,1,1,110000,1,1,1,0
1,1,4,1,1,2,2,4,1,1,7,1,1,1,2,87000,1,1,1,0
1,1,2,1,1,4,3,4,1,1,7,3,1,1,1,82000,1,1,1,0
1,3,2,1,1,2,2,3,2,1,6,1,2,1,5,888000,1,1,1,0
1,1,2,1,1,5,1,4,1,1,1,1,1,1,4,44000,1,1,1,0
1,1,2,8,11,8,2,4,1,1,7,1,1,1,4,50000,1,1,1,0
2,1,4,5,1,7,3,3,1,1,5,1,2,1,3,80000,1,1,1,0
1,1,2,3,1,1,2,4,1,1,7,1,2,1,4,138500,1,1,1,0
1,1,2,1,3,5,2,3,1,1,7,1,1,1,1,73000,1,1,1,0
1,1,2,3,1,1,2,1,1,1,7,1,1,1,4,102000,1,1,1,0
2,1,2,1,1,4,2,4,1,1,4,3,2,1,3,75000,1,1,1,0
1,1,2,1,1,7,2,3,1,1,1,1,1,1,4,245000,1,1,1,0
1,1,5,2,12,4,2,2,1,1,1,1,1,1,4,100000,1,1,1,0
1,1,3,1,1,2,2,2,1,1,5,1,1,1,5,130000,1,1,1,0
1,2,2,1,1,3,1,3,1,1,8,1,2,1,4,36000,1,1,1,0
1,1,1,3,1,1,1,1,1,1,5,1,2,1,4,115000,1,1,1,0
2,1,2,7,1,6,2,4,1,1,8,1,2,1,2,120000,1,1,1,0
1,1,1,1,2,5,3,3,1,1,7,1,2,1,1,80000,1,1,1,0
2,1,2,1,1,5,2,3,1,1,1,1,1,1,1,110000,1,1,1,0
1,1,2,1,3,1,2,4,1,1,7,5,1,1,4,130000,1,1,1,0
2,1,2,1,1,10,3,1,1,1,7,1,2,1,3,115000,1,1,1,0
1,1,2,1,5,4,2,1,1,1,7,1,1,1,4,72800,1,1,1,0
1,1,1,1,1,2,2,1,1,1,1,1,2,1,3,115000,1,1,1,0
2,1,2,1,1,6,3,3,1,1,7,1,1,1,4,106000,1,1,1,0
1,3,1,9,1,4,2,1,1,1,7,7,1,1,1,660000,1,1,1,0
1,1,2,7,1,2,3,4,1,1,6,1,2,1,2,45000,1,1,1,0
1,1,2,1,2,4,2,4,1,1,1,1,1,1,1,768000,1,1,1,0
2,1,1,2,3,5,2,2,1,1,2,1,2,1,2,170000,1,1,1,0
1,1,2,1,1,9,1,4,1,1,2,2,1,1,2,200000,1,1,1,0
1,1,2,1,1,6,2,3,1,1,7,1,1,1,4,105000,1,1,1,0
2,1,2,1,2,4,2,4,2,2,4,1,1,1,1,75000,1,1,1,0
1,1,2,1,2,1,2,1,1,2,1,1,1,1,1,70000,1,1,1,0
2,1,2,1,1,5,2,2,1,1,7,2,1,1,2,112200,1,1,1,0
1,1,2,1,1,1,2,2,1,1,7,1,1,1,4,110000,1,1,1,0
2,1,2,7,3,5,2,1,1,1,8,1,2,1,4,115000,1,1,1,0
2,2,2,1,6,7,2,4,1,1,6,1,1,1,4,140000,1,1,1,0
2,1,3,6,1,5,3,4,1,1,7,1,2,1,4,110000,1,1,1,0
2,1,2,1,1,1,3,3,1,1,8,1,2,1,4,134000,1,1,1,0
1,1,8,1,1,3,1,1,1,1,2,1,2,1,2,155000,1,1,1,0
1,3,6,1,16,4,3,1,1,1,4,1,1,1,1,18000,1,1,1,0
2,1,2,1,2,4,2,1,1,1,5,1,1,1,1,72000,1,1,1,0
1,1,5,10,4,5,3,4,1,1,1,1,1,1,4,127000,1,1,1,0
2,1,5,9,4,7,2,4,1,1,6,1,1,1,2,85000,1,1,1,0
1,1,2,8,11,1,3,4,1,1,4,1,1,1,4,115000,1,1,1,0
1,3,4,1,1,7,3,2,1,1,1,1,1,1,4,90000,1,1,1,0
2,1,2,1,1,3,3,4,1,1,6,1,1,1,2,135000,1,1,1,0
1,1,3,1,14,7,2,4,1,1,1,1,1,1,4,110000,1,1,1,0
1,1,1,10,1,2,2,4,1,1,1,1,1,1,3,35000,1,1,1,0
1,1,9,1,11,10,1,4,2,1,8,1,1,1,2,95000,1,1,1,0
1,3,3,9,1,2,2,3,1,1,6,1,2,1,3,182500,1,1,1,0
1,1,2,7,2,5,2,2,1,1,4,1,1,1,4,80000,1,1,1,0
1,1,5,10,11,10,1,4,1,1,6,1,1,1,2,150000,1,1,1,0
2,1,3,1,1,7,3,4,2,1,1,1,1,1,2,135000,1,1,1,0
1,1,2,10,1,2,2,3,1,1,1,1,1,1,3,200000,1,1,1,0
1,1,2,1,1,4,3,1,1,1,8,1,1,1,4,130000,1,1,1,0
1,1,2,1,1,3,2,3,1,1,7,5,1,1,2,145000,1,1,1,0
1,1,1,5,5,3,2,4,1,1,7,1,1,1,2,120000,1,1,1,0
1,1,1,6,2,3,3,1,1,1,1,1,2,1,2,112000,1,1,1,0
1,1,1,7,1,6,2,1,1,1,6,1,2,1,2,178000,1,1,1,0
1,1,1,1,1,3,1,4,1,1,8,1,2,1,2,190000,1,1,1,0
1,1,3,7,1,4,1,1,1,1,6,6,1,1,2,120000,1,1,1,0
1,3,3,3,11,4,3,4,1,1,1,2,1,1,4,85000,1,1,1,0
2,1,1,1,1,11,3,1,1,1,5,1,2,1,3,141725,1,1,1,0
1,1,3,1,1,10,2,2,1,1,7,1,1,1,4,80000,1,1,1,0
1,1,2,1,1,1,1,1,1,1,7,1,1,1,4,140000,1,1,1,0
1,1,2,1,1,1,2,3,1,1,7,1,1,1,4,84000,1,1,1,0
1,1,2,3,1,1,2,4,1,1,8,1,1,1,2,125000,1,1,1,0
1,1,6,3,1,10,1,1,2,3,6,1,1,1,2,182000,1,1,1,0
1,1,1,6,13,2,2,4,1,1,9,1,2,1,3,150000,1,1,1,0
1,1,2,1,1,7,2,4,2,1,5,1,2,1,4,125000,1,1,1,0
1,1,1,1,1,6,3,4,1,1,5,1,1,1,1,65000,1,1,1,0
1,1,1,10,1,2,3,1,1,1,7,1,2,1,3,133000,1,1,1,0
1,2,2,1,1,3,3,4,1,1,1,1,2,1,2,100000,1,1,1,0
1,1,6,1,1,3,3,3,1,1,7,1,2,1,2,180000,1,1,1,0
1,1,2,1,1,5,3,1,1,1,1,1,2,1,4,78853,1,1,1,0
1,1,2,6,1,5,2,3,2,1,6,1,2,1,1,60000,1,1,1,0
1,1,3,5,6,4,2,3,1,1,4,1,1,1,2,65000,1,1,1,0
1,1,2,1,2,6,2,4,1,1,4,1,1,1,4,135000,1,1,1,0
1,1,4,9,16,8,4,2,1,1,4,1,1,1,1,70000,1,1,1,0
1,1,2,3,1,6,3,4,1,1,4,1,2,1,4,115000,1,1,1,0
1,1,2,1,1,6,2,4,1,1,4,1,2,1,4,105000,1,1,1,0
1,3,3,9,1,5,2,3,1,1,8,1,1,1,2,135000,1,1,1,0
1,1,2,10,8,7,3,1,1,1,2,1,2,1,4,80000,1,1,1,1
2,1,2,1,1,2,2,4,1,1,6,1,2,1,5,130000,1,1,1,0
1,1,2,1,13,2,2,2,1,1,6,1,1,1,5,151040,1,1,1,0
1,1,1,1,2,8,4,1,1,1,7,1,1,1,4,1600000,1,1,1,0
1,3,3,8,11,8,2,1,1,1,7,1,1,1,2,84000,1,1,1,0
1,2,3,1,5,5,2,4,1,1,1,1,1,1,4,125000,1,1,1,0
2,1,2,1,18,9,2,3,1,1,2,1,1,1,2,125000,1,1,1,0
1,1,3,1,1,6,1,1,1,1,4,1,1,1,4,120000,1,1,1,0
1,1,2,1,1,5,2,4,1,1,2,1,1,1,1,65000,1,1,1,0
1,1,2,1,1,5,2,3,1,1,6,2,1,1,1,70000,1,1,1,0
2,1,2,1,1,5,2,2,1,1,7,1,1,1,1,70000,1,1,1,0
2,1,5,9,1,6,3,1,1,1,5,1,2,1,3,80000,1,1,1,0
1,1,2,1,1,1,2,1,1,1,7,1,2,1,4,115900,1,1,1,0
1,2,1,1,3,4,1,1,1,3,7,1,1,1,1,20000,1,1,1,0
1,1,2,4,4,4,3,4,1,1,7,3,1,1,1,4800,1,1,1,0
1,1,1,12,1,3,3,4,1,1,8,1,2,1,2,126000,1,1,1,0
1,1,3,6,2,5,3,4,1,1,6,1,1,1,4,125000,1,1,1,0
1,1,2,1,1,5,2,3,1,1,4,1,1,1,4,73500,1,1,1,0
1,1,2,2,1,6,3,3,1,1,6,1,2,1,2,110000,1,1,1,0
1,1,2,1,2,9,3,1,1,1,6,1,2,1,2,115000,1,1,1,0
1,2,2,1,1,7,3,2,1,1,7,4,1,1,4,160000,1,1,1,0
1,1,2,4,4,5,2,2,1,3,8,1,1,1,2,75000,1,1,1,0
1,1,2,3,2,5,2,1,1,1,5,1,2,1,4,75000,1,1,1,0
1,1,3,1,1,9,1,3,1,1,1,1,1,1,4,120000,1,1,1,0
1,1,2,1,2,5,1,1,2,1,7,1,2,1,4,95000,1,1,1,0
1,1,1,1,1,5,2,4,1,1,6,5,2,1,2,100000,1,1,1,0
1,1,1,1,1,10,2,1,1,1,5,1,1,1,4,100000,1,1,1,0
1,1,2,1,1,7,3,2,1,1,7,1,1,1,4,175000,1,1,1,0
2,1,4,5,3,5,2,3,1,1,5,1,1,1,4,56000,1,1,1,0
1,1,2,3,1,6,3,4,1,1,3,1,1,1,4,125000,1,1,1,0
1,1,2,1,3,5,2,3,1,1,5,1,1,1,1,48000,1,1,1,0
1,1,4,1,8,5,2,3,1,1,1,1,1,1,4,72500,1,1,1,1
1,1,1,1,1,1,3,1,1,1,7,1,1,1,4,50000,1,1,1,0
2,1,2,1,13,7,3,4,1,1,4,1,1,1,4,127000,1,1,1,0
2,1,2,1,1,7,3,3,1,1,1,1,1,1,2,145000,1,1,1,0
1,1,3,1,4,9,1,2,1,1,1,5,2,1,2,165000,1,1,1,0
1,1,2,1,1,4,2,2,1,3,5,4,1,1,1,73000,1,1,1,0
1,1,2,1,1,1,2,4,1,1,7,1,1,1,4,100000,1,1,1,0
1,1,3,1,3,4,2,1,1,1,5,2,2,1,4,72000,1,1,1,0
1,1,3,1,1,1,2,3,2,1,1,5,1,1,4,0,1,1,1,0
1,1,2,5,1,6,2,1,1,1,4,1,2,1,4,100000,1,1,1,0
1,2,2,1,8,8,1,2,1,1,7,1,1,1,1,30000,1,1,1,1
2,1,2,1,1,2,2,4,1,1,8,1,1,1,5,172000,1,1,1,0
1,1,2,1,1,5,2,4,1,1,1,1,1,1,4,996000,1,1,1,0
1,1,6,1,3,5,2,2,2,1,1,2,1,1,2,88000,1,1,1,0
1,1,3,9,1,5,2,4,1,1,1,1,1,1,4,125000,1,1,1,0
1,1,5,4,4,4,2,2,1,3,6,1,1,1,2,100000,1,1,1,0
1,1,1,1,14,2,2,1,1,1,2,1,2,1,3,250000,1,1,1,0
1,1,2,1,1,1,3,4,2,1,1,1,1,1,1,100000,1,1,1,0
1,1,4,1,2,3,2,1,1,1,4,1,2,1,2,130000,1,1,1,0
1,1,3,8,16,8,2,3,1,1,1,2,1,1,1,64800,1,1,1,0
2,1,1,1,14,1,3,1,1,1,7,1,2,1,4,125000,1,1,1,0
2,1,5,1,1,3,3,1,1,1,7,1,2,1,2,136400,1,1,1,0
1,1,2,1,7,1,2,1,1,1,7,1,1,1,4,97000,1,1,1,0
1,1,2,1,1,6,2,3,1,1,4,1,2,1,4,185000,1,1,1,0
2,1,2,1,2,5,3,1,2,1,1,1,2,1,4,102000,1,1,1,0
1,1,1,3,1,1,1,3,1,1,4,1,2,1,4,96000,1,1,1,0
1,1,2,8,1,5,2,4,1,1,7,1,1,1,4,70000,1,1,1,0
1,1,3,1,5,6,3,3,2,1,5,1,1,1,4,180000,1,1,1,0
2,1,2,10,2,8,2,3,2,2,7,3,1,1,4,75000,1,1,1,0
1,1,1,8,1,4,4,4,1,1,2,6,2,1,4,68000,1,1,1,0
1,1,1,12,6,2,3,1,1,1,6,1,2,1,3,90000,1,1,1,0
2,1,3,1,1,10,2,1,1,1,1,1,2,1,4,300000,1,1,1,0
1,1,2,1,1,1,2,4,1,1,7,1,1,1,4,105000,1,1,1,0
1,1,2,1,1,4,2,1,1,1,5,4,2,1,4,1500,1,1,1,0
1,1,2,1,1,1,2,1,1,1,7,6,1,1,4,59800,1,1,1,0
1,1,5,9,3,2,3,2,1,1,8,1,1,1,2,144000,1,1,1,0
1,1,2,1,1,1,3,2,1,1,7,1,2,1,4,75000,1,1,1,0
1,1,2,1,1,5,1,2,1,1,1,1,1,1,4,112000,1,1,1,0
1,1,1,1,1,7,2,1,1,4,5,1,2,1,2,66000,1,1,1,0
1,1,2,1,1,2,2,1,1,1,7,1,2,1,2,130000,1,1,1,0
1,1,2,1,1,1,2,1,1,1,1,1,1,1,4,1260000,1,1,1,0
1,1,2,1,1,2,2,2,1,1,8,1,2,1,5,94000,1,1,1,0
1,1,6,3,1,1,2,1,1,3,5,1,1,1,1,60000,1,1,1,0
1,2,2,1,1,1,3,1,1,1,5,1,1,1,4,65000,1,1,1,0
1,1,1,7,1,7,3,4,1,1,5,1,2,1,1,140000,1,1,1,0
1,3,3,1,1,4,3,3,1,1,1,1,2,1,4,73000,1,1,1,0
2,1,2,1,2,4,3,3,2,1,1,1,1,1,4,75000,1,1,1,0
1,1,1,3,1,5,1,1,1,1,7,1,1,1,4,168000,1,1,1,0
1,1,3,10,3,5,3,2,1,3,1,1,1,1,4,68760,1,1,1,0
1,1,2,1,1,1,2,3,1,1,7,1,2,1,4,2000000,1,1,1,0
1,1,2,1,1,7,3,4,1,1,7,1,1,1,4,99000,1,1,1,0
1,1,1,1,1,4,2,1,1,1,2,1,1,1,1,1080000,1,1,1,0
1,3,1,1,13,5,2,4,1,1,4,1,1,1,1,42000,1,1,1,0
1,1,5,6,1,2,2,2,1,1,7,1,2,1,3,195000,1,1,1,0
2,1,2,1,1,3,3,2,1,1,4,1,2,1,2,88000,1,1,1,0
1,1,1,1,2,5,2,4,1,1,2,3,2,1,1,2000000,1,1,1,0
1,1,1,1,1,7,2,1,1,1,2,1,2,1,4,170000,1,1,1,0
1,1,2,1,2,7,2,4,1,1,5,1,2,1,4,118000,1,1,1,0
1,3,2,10,4,4,3,1,1,1,1,6,1,1,1,85000,1,1,1,0
1,1,2,1,10,6,2,4,1,1,7,3,1,1,4,70000,1,1,1,0
1,1,3,1,8,6,2,4,1,1,9,6,2,1,2,180000,1,1,1,1
1,1,2,1,1,3,2,1,1,1,7,1,2,1,2,120000,1,1,1,0
1,3,2,10,1,9,2,3,1,1,7,1,1,1,3,60000,1,1,1,0
1,2,1,1,2,4,3,1,1,1,2,1,1,1,1,50000,1,1,1,0
1,1,7,1,1,5,1,2,1,1,4,1,1,1,4,103000,1,1,1,0
1,1,3,1,2,11,3,2,1,1,7,1,2,1,2,120000,1,1,1,0
1,1,1,12,1,7,2,3,1,1,7,4,1,1,2,162000,1,1,1,0
1,1,1,12,1,6,2,1,1,1,1,1,2,1,2,135000,1,1,1,0
1,1,2,1,1,1,3,4,1,1,1,1,2,1,4,100000,1,1,1,0
1,1,2,1,1,5,2,1,1,1,7,1,1,1,1,71000,1,1,1,0
2,1,5,4,11,1,2,2,1,1,7,1,2,1,2,100000,1,1,1,0
1,1,2,6,1,4,2,3,1,1,6,4,1,1,4,104000,1,1,1,0
2,1,2,1,2,9,3,1,1,1,5,7,2,1,2,145000,1,1,1,0
1,1,7,1,5,7,2,4,1,1,3,1,2,1,4,110000,1,1,1,0
1,1,2,4,3,5,3,4,2,2,5,1,1,1,4,155000,1,1,1,0
1,1,2,1,1,3,2,4,2,1,7,1,2,1,2,95000,1,1,1,0
1,1,3,1,5,10,3,4,1,1,1,1,1,1,2,150000,1,1,1,0
1,2,2,1,1,6,2,2,1,1,1,1,1,1,4,30000,1,1,1,0
2,1,2,3,1,4,2,4,1,1,5,2,1,1,4,155000,1,1,1,0
2,1,2,4,2,1,1,3,1,4,1,1,1,1,2,115000,1,1,1,0
1,1,2,1,1,4,3,3,2,2,1,2,1,1,1,100000,1,1,1,0
1,1,6,1,1,3,2,1,1,1,5,1,2,1,2,102500,1,1,1,0
2,1,2,1,6,6,3,1,1,1,1,5,2,1,4,175000,1,1,1,0
1,1,2,1,1,2,1,2,1,2,4,1,1,1,2,125000,1,1,1,0
1,1,5,1,7,9,2,2,1,1,7,3,1,1,2,71500,1,1,1,0
1,1,2,1,1,7,3,4,1,1,4,1,2,1,2,172000,1,1,1,0
1,1,2,1,1,4,2,3,1,2,1,1,1,1,1,67000,1,1,1,0
1,1,3,1,1,5,3,3,2,1,1,5,1,1,4,126000,1,1,1,0
1,1,2,1,4,8,1,2,1,1,5,6,1,1,4,2400,1,1,1,0
1,1,2,1,1,7,1,2,1,1,7,4,2,1,4,97500,1,1,1,0
2,1,2,1,1,2,3,1,1,1,6,4,1,1,3,93000,1,1,1,0
1,2,1,1,13,4,3,4,1,2,7,1,1,1,1,12600,1,1,1,0
1,2,4,1,1,1,3,3,1,1,1,1,1,1,1,65000,1,1,1,0
1,1,2,6,2,5,2,4,1,1,1,1,1,1,4,85000,1,1,1,0
1,1,3,1,2,3,2,2,1,1,7,1,2,1,4,83000,1,1,1,0
2,1,2,1,1,5,2,1,1,1,2,1,1,1,4,105000,1,1,1,0
2,1,2,1,6,6,3,1,1,1,5,1,2,1,4,115000,1,1,1,0
1,1,3,1,1,5,2,3,1,1,7,5,1,1,4,110000,1,1,1,0
2,1,2,10,1,6,2,2,1,1,2,1,1,1,4,114000,1,1,1,0
1,1,2,1,2,5,3,4,2,1,7,4,1,1,1,120000,1,1,1,0
1,1,3,8,10,9,3,2,1,3,2,1,1,1,2,180000,1,1,1,0
1,1,2,1,1,4,1,1,1,1,5,1,1,1,4,70000,1,1,1,0
2,1,4,6,9,5,1,3,1,1,9,4,2,1,3,100000,1,1,1,0
1,1,2,4,1,4,3,4,1,1,7,1,1,1,4,76500,1,1,1,0
1,1,4,12,3,7,2,4,1,1,1,1,2,1,2,38982,1,1,1,0
1,1,3,1,18,11,2,3,1,1,1,1,1,1,2,166000,1,1,1,0
1,1,2,1,1,5,2,3,1,1,7,1,1,1,4,2000000,1,1,1,0
1,1,1,1,3,5,2,1,1,1,1,2,1,1,4,75000,1,1,1,0
1,1,2,1,2,5,3,1,2,1,7,1,1,1,1,54000,1,1,1,0
1,1,3,6,1,7,3,1,1,1,7,1,2,1,2,93000,1,1,1,0
1,1,3,1,13,5,2,4,1,1,1,1,1,1,4,85900,1,1,1,0
1,1,1,1,8,4,2,3,1,1,1,1,2,1,4,47000,1,1,1,1
1,1,2,1,1,10,2,1,1,1,7,1,1,1,4,140000,1,1,1,0
1,1,4,2,3,1,2,3,1,1,4,1,1,1,4,100000,1,1,1,0
1,1,3,1,1,1,1,4,1,1,4,4,2,1,4,150000,1,1,1,0
1,1,1,1,1,8,3,1,1,1,1,5,1,1,1,100000,1,1,1,0
1,1,2,1,1,5,2,1,1,1,7,1,1,1,4,96000,1,1,1,0
2,1,3,2,3,4,3,3,2,1,1,1,2,1,2,61250,1,1,1,0
1,3,2,1,4,5,3,3,1,1,1,3,1,1,1,140000,1,1,1,0
1,1,1,11,1,5,2,1,1,1,4,7,1,1,4,75000,1,1,1,0
1,1,2,1,1,6,3,1,1,1,7,1,2,1,4,118000,1,1,1,0
2,1,2,1,1,5,2,3,1,1,8,1,1,1,1,92700,1,1,1,0
2,1,4,1,8,3,2,4,2,1,7,1,1,1,5,73000,1,1,1,1
1,3,2,7,1,3,2,3,1,3,7,3,1,1,4,88000,1,1,1,0
1,1,3,1,2,6,3,1,1,1,7,1,1,1,3,88000,1,1,1,0
1,1,2,1,1,5,3,3,1,1,7,1,1,1,1,120000,1,1,1,0
2,1,2,7,1,4,3,3,1,1,1,1,1,1,4,85000,1,1,1,0
2,3,2,1,1,4,1,1,2,1,7,5,1,1,4,90000,1,1,1,0
1,1,2,1,1,3,2,3,1,1,7,1,2,1,4,105000,1,1,1,0
1,1,2,2,6,3,3,1,1,1,7,1,2,1,3,150000,1,1,1,0
1,1,2,7,1,1,1,1,1,1,1,4,1,1,4,95000,1,1,1,0
2,1,2,1,1,3,2,4,1,1,7,1,2,1,2,130000,1,1,1,0
1,1,2,6,1,4,3,2,1,1,7,1,1,1,1,85000,1,1,1,0
1,2,1,1,16,5,3,2,1,1,1,1,1,1,1,20000,1,1,1,0
1,1,3,1,1,3,3,1,1,1,1,1,2,1,4,110000,1,1,1,0
1,1,2,1,1,11,2,1,1,1,8,1,2,1,2,85000,1,1,1,0
1,1,5,4,4,1,2,1,1,1,7,1,1,1,2,106000,1,1,1,0
1,1,1,2,1,6,2,4,1,1,5,1,1,1,2,150000,1,1,1,0
1,1,3,6,1,5,3,3,1,2,2,3,1,1,4,105000,1,1,1,0
1,1,5,9,1,1,2,4,1,1,1,1,2,1,3,90000,1,1,1,0
1,1,1,1,1,4,3,3,1,1,5,4,1,1,2,98500,1,1,1,0
1,1,4,1,8,5,2,1,1,1,4,3,1,1,4,35000,1,1,1,1
1,1,2,1,13,4,2,3,1,3,5,4,1,1,4,68000,1,1,1,0
1,1,2,10,1,9,2,4,1,1,7,1,2,1,2,149000,1,1,1,0
2,1,2,1,2,7,1,4,1,1,1,1,1,1,2,75000,1,1,1,0
1,1,9,8,1,3,3,2,1,2,1,1,1,1,4,81000,1,1,1,0
1,1,2,4,1,4,2,1,1,1,6,1,1,1,4,75000,1,1,1,0
1,1,2,1,1,6,3,3,1,1,5,1,2,1,4,85000,1,1,1,0
1,1,2,10,11,4,3,3,1,1,7,1,1,1,4,52000,1,1,1,0
1,1,3,10,13,5,3,2,1,1,1,1,1,1,4,100000,1,1,1,0
1,1,3,1,1,5,2,4,1,1,6,1,1,1,4,2000000,1,1,1,0
2,1,9,8,11,8,2,1,1,1,9,5,2,1,2,80000,1,1,1,0
2,1,2,1,1,5,2,4,1,1,7,1,1,1,1,87000,1,1,1,0
1,1,2,1,3,5,3,1,1,1,7,1,1,1,4,70000,1,1,1,0
2,1,2,1,5,1,3,4,1,1,1,1,1,1,4,80300,1,1,1,0
1,1,4,1,3,5,3,3,1,1,5,1,2,1,2,85000,1,1,1,0
1,1,1,12,6,8,2,1,1,1,1,1,2,1,4,60000,1,1,1,0
1,1,2,1,7,3,2,1,2,1,4,2,2,1,2,109000,1,1,1,0
1,1,2,9,1,4,2,4,1,1,6,1,1,1,4,75000,1,1,1,0
1,1,5,10,4,5,3,4,1,2,1,1,1,1,4,191000,1,1,1,0
2,1,2,3,1,7,3,2,1,1,5,4,2,1,2,98800,1,1,1,0
2,2,2,1,1,4,2,1,2,1,1,1,2,1,4,14000,1,1,1,0
1,1,3,1,1,9,2,4,1,1,8,1,2,1,2,250000,1,1,1,0
2,1,2,1,5,7,3,1,1,1,5,1,1,1,3,135000,1,1,1,0
1,1,2,9,7,4,2,2,1,1,6,1,1,1,1,105000,1,1,1,0
1,1,3,1,1,5,3,4,1,1,1,2,2,1,4,120000,1,1,1,0
1,1,2,1,1,1,2,2,1,1,4,5,1,1,1,63000,1,1,1,0
2,1,2,1,8,5,2,1,1,1,6,1,1,1,1,64000,1,1,1,1
1,1,6,1,1,6,1,1,1,1,7,1,1,1,1,115000,1,1,1,0
1,1,2,6,4,8,3,3,1,1,7,1,1,1,1,65000,1,1,1,0
2,1,2,10,1,1,2,4,2,1,2,1,2,1,3,90000,1,1,1,0
1,1,2,1,1,3,2,1,2,1,7,1,2,1,3,150000,1,1,1,0
1,1,3,10,3,5,3,1,1,1,7,1,1,1,4,45000,1,1,1,0
2,1,3,9,11,8,3,4,1,1,1,1,1,1,4,55000,1,1,1,0
2,1,2,1,1,2,2,1,1,1,5,1,2,1,3,115000,1,1,1,0
1,1,2,3,1,1,2,4,1,1,1,1,1,1,4,123000,1,1,1,0
2,1,2,1,1,5,3,4,1,1,7,1,1,1,1,76000,1,1,1,0
2,1,3,1,1,4,2,1,2,1,1,1,1,1,4,35000,1,1,1,0
1,1,4,1,1,4,2,1,1,1,1,1,1,1,4,45000,1,1,1,0
1,2,6,1,4,4,2,2,1,1,7,1,1,1,1,8000,1,1,1,0
1,1,2,3,1,4,3,4,2,1,3,2,1,1,4,81000,1,1,1,0
1,1,2,9,1,5,3,3,1,1,1,5,1,1,4,165000,1,1,1,0
1,1,2,1,11,5,3,3,1,1,4,1,2,1,4,64500,1,1,1,0
1,1,2,6,1,4,3,3,1,1,7,1,1,1,1,75000,1,1,1,0
1,1,2,1,2,4,2,3,1,1,1,1,1,1,4,61000,1,1,1,0
2,1,3,7,5,2,3,3,1,1,5,1,1,1,3,180000,1,1,1,0
1,1,5,9,11,3,3,2,1,1,5,1,2,1,2,120000,1,1,1,0
1,1,5,10,1,2,3,4,1,1,6,1,2,1,3,143000,1,1,1,0
1,2,1,1,1,5,2,1,1,3,7,1,1,1,1,48500,1,1,1,0
2,1,2,1,1,3,2,1,1,1,6,1,2,1,2,106000,1,1,1,0
1,1,2,4,1,7,2,1,1,1,5,1,2,1,2,150000,1,1,1,0
1,3,2,7,7,8,2,2,1,1,7,1,1,1,4,58000,1,1,1,0
1,1,2,7,12,4,1,1,1,1,7,1,1,1,4,80000,1,1,1,0
1,1,1,1,1,5,3,1,1,1,4,1,1,1,1,8400,1,1,1,0
1,1,6,10,1,8,3,1,1,1,1,1,1,1,6,6960,1,1,1,0
1,1,3,1,2,7,2,3,1,1,1,1,2,1,4,142000,1,1,1,0
1,1,2,7,1,5,2,4,1,1,1,1,1,1,4,90000,1,1,1,0
1,1,5,4,4,4,2,1,1,1,7,1,1,1,4,105000,1,1,1,0
1,1,2,1,1,4,3,4,1,1,7,3,2,1,1,60000,1,1,1,0
1,1,3,10,1,2,1,2,1,1,1,1,1,1,5,105000,1,1,1,0
1,1,2,1,3,5,2,4,2,1,2,1,1,1,4,85000,1,1,1,0
2,1,2,1,2,5,3,2,1,3,4,1,1,1,1,81200,1,1,1,0
1,1,3,9,1,4,2,1,2,1,7,1,2,1,2,62000,1,1,1,0
1,1,2,1,12,2,2,1,1,1,5,1,2,1,5,127500,1,1,1,0
1,1,6,1,3,8,3,4,1,1,1,1,1,1,6,24000,1,1,1,0
2,1,2,1,1,1,2,4,1,2,2,1,1,1,4,100000,1,1,1,0
1,1,2,1,3,1,3,3,1,1,6,1,1,1,4,90000,1,1,1,0
1,1,2,1,2,6,3,1,1,1,7,2,2,1,2,140000,1,1,1,0
1,1,2,1,1,6,2,2,1,1,1,1,2,1,4,109000,1,1,1,0
1,1,2,1,1,7,2,1,1,1,7,6,2,1,4,168000,1,1,1,0
1,1,1,1,1,1,1,2,1,1,7,1,1,1,1,100000,1,1,1,0
1,1,1,8,3,5,4,4,2,1,7,1,1,1,1,103000,1,1,1,0
1,1,1,6,13,11,3,3,1,1,3,1,1,1,3,140000,1,1,1,0
1,2,3,1,1,1,2,3,1,1,6,1,1,1,1,27300,1,1,1,0
1,1,2,1,1,1,2,3,1,1,7,3,1,1,1,71000,1,1,1,0
1,1,2,5,6,6,3,2,1,1,1,1,1,1,4,89632,1,1,1,0
1,1,2,2,1,5,3,4,1,1,1,1,1,1,4,130000,1,1,1,0
1,1,3,1,3,7,2,1,1,1,3,5,2,1,4,90000,1,1,1,0
1,1,4,1,11,5,1,3,1,1,2,1,2,1,4,91000,1,1,1,0
1,1,2,9,3,8,2,4,1,1,1,1,1,1,1,60000,1,1,1,0
1,3,2,4,11,4,2,4,2,2,8,1,1,1,1,14400,1,1,1,0
1,1,3,1,2,7,1,1,1,1,6,1,1,1,2,130000,1,1,1,0
1,1,2,3,1,4,1,4,1,1,7,1,1,1,1,95000,1,1,1,0
1,1,1,11,1,5,2,3,1,2,6,1,1,1,1,119050,1,1,1,0
1,1,3,10,1,4,2,3,1,1,1,1,1,1,1,2000000,1,1,1,0
1,1,1,1,1,2,3,4,1,1,4,4,2,1,3,182000,1,1,1,0
1,1,3,1,1,6,2,1,1,1,1,1,1,1,2,55000,1,1,1,0
1,1,2,1,1,6,3,3,1,2,5,1,2,1,3,122000,1,1,1,0
1,1,6,7,1,4,3,2,1,1,4,1,1,1,1,84000,1,1,1,0
1,1,2,1,1,5,2,1,1,1,2,1,2,1,1,68000,1,1,1,0
1,1,2,3,1,5,2,4,1,1,7,1,1,1,4,87000,1,1,1,0
1,1,2,1,1,6,3,1,1,1,7,1,1,1,4,94000,1,1,1,0
2,1,2,1,20,1,1,4,1,1,4,1,1,1,2,130000,1,1,1,0
1,1,2,1,1,7,2,4,1,1,8,1,2,1,2,178000,1,1,1,0
1,1,3,6,1,2,1,1,1,1,6,1,1,1,5,90000,1,1,1,0
1,1,1,6,1,3,3,3,1,1,1,1,1,1,4,60000,1,1,1,0
1,1,1,1,12,5,3,2,1,1,1,1,1,1,4,105000,1,1,1,0
1,1,4,1,1,1,3,1,1,1,5,1,2,1,4,90000,1,1,1,0
2,1,5,6,18,7,3,1,1,1,7,1,2,1,4,100000,1,1,1,0
1,1,2,3,1,3,2,4,1,1,4,1,1,1,4,112000,1,1,1,0
1,1,2,1,1,6,3,1,1,1,8,1,2,1,2,133000,1,1,1,0
1,1,2,1,2,1,2,3,1,1,7,1,1,1,1,68000,1,1,1,0
1,3,2,10,2,5,1,1,1,1,2,1,1,1,4,72000,1,1,1,0
1,1,2,9,2,4,1,3,1,1,6,1,1,1,4,90000,1,1,1,0
1,3,2,6,16,4,4,2,1,1,8,1,1,1,2,86000,1,1,1,0
1,1,2,1,2,3,3,4,1,1,1,1,2,1,2,140000,1,1,1,0
1,1,2,1,1,1,3,4,1,1,1,1,1,1,4,40000,1,1,1,0
1,1,2,8,1,1,2,4,1,1,8,1,2,1,4,120000,1,1,1,0
1,1,3,1,3,6,2,4,1,1,4,1,1,1,4,155000,1,1,1,0
1,1,2,1,1,3,2,1,1,1,1,1,2,1,4,130000,1,1,1,0
1,1,2,4,7,4,2,1,1,1,1,1,2,1,4,50000,1,1,1,0
2,1,2,1,13,9,2,1,1,1,2,1,2,1,2,90000,1,1,1,0
1,1,2,9,1,4,2,1,1,1,5,1,2,1,4,66700,1,1,1,0
1,1,3,7,1,8,3,3,2,1,1,2,1,1,4,160000,1,1,1,0
1,1,1,1,13,1,2,3,1,1,7,1,1,1,4,82000,1,1,1,0
2,1,3,1,13,2,3,1,1,1,4,1,1,1,4,140000,1,1,1,0
1,1,2,7,1,1,2,2,1,1,2,1,2,1,4,154500,1,1,1,0
1,1,2,1,1,2,2,1,1,1,2,1,2,1,3,44244,1,1,1,0
1,1,3,1,1,1,3,1,1,1,2,1,2,1,4,230000,1,1,1,0
1,1,5,1,1,3,2,3,1,1,1,1,1,1,2,180000,1,1,1,0
1,1,3,6,10,8,3,4,1,2,1,6,1,1,4,95,1,1,1,0
1,1,2,1,1,9,2,3,1,1,2,1,2,1,3,104000,1,1,1,0
1,1,4,4,2,6,3,2,1,1,5,1,1,1,4,117000,1,1,1,0
1,2,1,1,1,4,2,1,1,1,4,1,2,1,4,1296000,1,1,1,0
1,1,1,12,1,4,3,2,1,1,1,1,1,1,1,75000,1,1,1,0
1,1,2,1,1,5,2,4,1,1,4,1,2,1,4,75000,1,1,1,0
1,1,2,6,1,9,2,3,1,1,2,5,1,1,4,135000,1,1,1,0
1,1,5,9,11,5,2,3,1,1,7,1,1,1,4,60000,1,1,1,0
1,2,1,1,17,5,3,1,1,1,7,1,1,1,2,8000,1,1,1,0
1,1,1,10,1,9,2,2,2,2,5,1,1,1,4,100000,1,1,1,0
1,1,1,1,2,2,2,2,1,1,1,1,1,1,3,130000,1,1,1,0
2,1,2,4,2,1,2,3,2,3,6,1,1,1,2,120000,1,1,1,0
1,1,2,1,2,8,3,1,1,1,4,2,1,1,4,43000,1,1,1,0
2,1,2,1,1,3,2,3,1,1,2,1,2,1,2,115000,1,1,1,0
2,1,2,1,1,5,3,1,1,1,1,1,1,1,4,92600,1,1,1,0
1,1,2,3,1,6,1,1,2,2,5,1,2,1,4,149000,1,1,1,0
1,1,2,1,12,4,3,3,1,1,4,3,2,1,4,75500,1,1,1,0
1,1,4,6,3,8,3,4,1,1,7,1,2,1,4,63000,1,1,1,0
1,1,2,1,5,2,2,2,1,1,4,1,1,1,2,113000,1,1,1,0
1,1,2,10,4,1,2,3,1,1,7,1,1,1,4,90000,1,1,1,0
1,1,4,12,1,4,2,3,1,1,2,1,1,1,1,40000,1,1,1,0
2,1,2,1,1,2,2,3,1,1,7,1,1,1,3,140000,1,1,1,0
2,1,3,3,1,5,2,4,1,1,7,1,1,1,4,120000,1,1,1,0
1,3,4,1,2,5,2,3,1,1,7,1,1,1,4,77000,1,1,1,0
2,1,5,6,1,6,2,2,1,1,8,1,1,1,4,110000,1,1,1,0
2,1,2,1,1,1,3,4,2,1,7,1,1,1,4,105000,1,1,1,0
1,1,1,1,1,5,2,3,1,1,2,4,1,1,1,2000000,1,1,1,0
1,1,3,1,1,6,4,4,1,1,7,1,1,1,4,250000,1,1,1,0
1,1,2,1,1,7,1,4,1,1,7,2,1,1,4,1032000,1,1,1,0
1,1,1,8,1,8,3,1,1,1,7,1,1,1,2,40000,1,1,1,0
1,1,1,6,1,7,3,1,1,1,4,1,2,1,2,140000,1,1,1,0
1,1,2,4,1,7,3,3,1,1,1,1,1,1,4,80000,1,1,1,0
2,1,2,4,2,4,2,1,1,1,2,1,1,1,4,105000,1,1,1,0
1,1,6,1,1,4,1,1,1,1,2,1,1,1,1,115000,1,1,1,0
1,1,2,1,2,6,3,1,1,1,2,1,1,1,3,61000,1,1,1,0
1,1,2,9,1,4,3,1,1,1,1,5,1,1,4,72000,1,1,1,0
1,1,1,8,1,9,3,1,1,1,1,1,1,1,4,100000,1,1,1,0
1,1,3,9,1,8,2,1,2,1,7,1,1,1,2,93000,1,1,1,0
1,1,3,6,14,7,2,4,1,1,1,5,2,1,2,136000,1,1,1,0
1,1,2,1,12,6,2,4,1,1,1,1,2,1,2,165000,1,1,1,0
1,1,5,1,6,11,4,4,1,1,7,1,2,1,2,120000,1,1,1,0
1,1,3,6,1,5,2,3,1,1,2,2,1,1,4,1056000,1,1,1,0
1,1,6,1,2,3,2,3,1,1,5,1,1,1,2,130000,1,1,1,0
1,1,2,4,1,5,2,2,1,1,8,1,1,1,4,80000,1,1,1,0
1,1,5,4,11,5,3,4,1,1,1,1,2,1,2,105000,1,1,1,0
1,1,2,1,10,4,3,2,1,1,1,1,1,1,1,80000,1,1,1,0
1,1,1,1,1,4,2,2,2,2,8,1,1,1,4,115000,1,1,1,0
1,1,3,4,1,6,3,2,2,2,8,1,1,1,4,53000,1,1,1,0
1,1,2,6,1,8,2,4,1,1,5,1,1,1,4,165000,1,1,1,0
1,1,3,1,18,10,2,3,1,1,5,1,2,1,2,180000,1,1,1,0
1,1,2,1,2,5,1,3,1,1,7,1,1,1,4,103000,1,1,1,0
1,1,6,1,1,9,2,1,1,1,7,1,2,1,2,104000,1,1,1,0
1,1,2,1,1,7,3,3,1,1,1,1,1,1,4,275000,1,1,1,0
1,3,1,8,1,9,1,1,1,1,2,1,1,1,4,105000,1,1,1,0
1,1,2,3,1,2,3,2,1,3,7,7,1,1,3,150000,1,1,1,0
2,1,2,1,1,2,3,4,1,1,5,1,2,1,3,98600,1,1,1,0
1,2,2,3,2,4,3,4,1,1,7,1,1,1,2,62000,1,1,1,0
1,1,2,3,1,5,2,3,1,1,7,1,1,1,1,82000,1,1,1,0
1,1,2,1,1,4,3,1,1,1,1,1,1,1,1,76000,1,1,1,0
1,1,3,1,5,5,3,4,1,1,4,1,1,1,4,84640,1,1,1,0
2,1,2,1,1,6,2,4,1,1,1,4,1,1,4,140000,1,1,1,0
1,1,3,1,1,6,2,2,1,1,2,1,1,1,4,97500,1,1,1,0
1,1,1,6,1,4,2,4,1,1,5,1,2,1,2,65000,1,1,1,0
2,1,2,9,3,1,3,3,1,1,7,1,1,1,2,120000,1,1,1,0
1,1,2,1,1,5,2,1,1,1,7,1,2,1,4,54080,1,1,1,0
1,1,2,1,15,5,2,1,1,1,1,1,1,1,5,72000,1,1,1,0
1,1,3,3,1,9,2,2,1,1,7,1,1,1,2,100000,1,1,1,0
1,1,3,8,11,4,2,3,1,1,7,1,2,1,2,132000,1,1,1,0
1,1,2,1,1,3,3,2,1,1,2,1,2,1,2,165000,1,1,1,0
1,1,3,1,13,6,2,3,1,1,1,1,1,1,4,70000,1,1,1,0
2,1,2,1,1,7,2,1,1,1,8,1,2,1,3,140000,1,1,1,0
1,1,2,1,1,11,3,1,1,1,7,1,2,1,2,118000,1,1,1,0
1,1,3,1,13,7,3,1,1,1,8,1,2,1,4,85668,1,1,1,0
2,1,2,1,1,4,2,3,1,1,7,1,1,1,4,65000,1,1,1,0
1,1,2,1,1,5,3,1,1,1,8,1,1,1,4,60000,1,1,1,0
1,1,2,3,11,8,2,1,1,3,1,1,1,1,4,55000,1,1,1,0
2,1,1,2,2,9,3,4,1,1,5,1,2,1,2,110000,1,1,1,0
1,1,1,1,1,6,2,3,1,3,7,4,1,1,4,160000,1,1,1,0
1,1,3,1,1,4,2,3,1,1,7,5,1,1,1,100000,1,1,1,0
1,1,2,6,1,5,2,3,1,1,1,1,1,1,4,165000,1,1,1,0
1,2,1,1,1,4,3,3,1,1,7,3,1,1,4,35000,1,1,1,0
1,1,2,1,1,1,2,3,1,1,7,1,1,1,4,84000,1,1,1,0
1,1,4,5,1,7,2,1,1,1,2,1,2,1,2,85000,1,1,1,0
1,1,2,4,1,5,1,3,1,1,4,1,1,1,4,1000000,1,1,1,0
1,1,2,1,1,1,2,3,1,1,7,1,1,1,4,110000,1,1,1,0
2,3,2,1,12,5,2,1,2,1,2,2,1,1,4,1440000,1,1,1,0
2,1,3,6,1,2,2,3,1,1,1,1,2,1,5,85000,1,1,1,0
1,1,2,1,13,7,2,1,1,1,2,1,1,1,4,132000,1,1,1,0
1,1,2,1,3,1,2,4,1,1,4,1,2,1,4,11000,1,1,1,0
1,1,2,1,2,1,2,3,1,1,1,1,1,1,4,82500,1,1,1,0
2,1,2,1,2,4,3,1,2,1,1,2,1,1,1,72500,1,1,1,0
2,1,2,1,2,4,2,1,1,1,1,1,1,1,1,70000,1,1,1,0
1,1,1,4,1,5,2,4,1,1,1,7,1,1,4,0,1,1,1,0
1,1,2,7,6,4,2,3,1,1,1,1,1,1,1,69000,1,1,1,0
1,1,2,5,1,8,2,1,1,1,7,4,1,1,4,38220,1,1,1,0
1,1,2,6,1,8,3,2,1,1,7,1,1,1,4,105000,1,1,1,0
1,1,1,1,1,6,1,1,1,3,2,1,1,1,4,80000,1,1,1,0
2,1,3,1,1,7,2,1,1,1,2,4,2,1,4,135000,1,1,1,0
2,1,2,1,13,7,3,1,1,1,5,1,1,1,4,83000,1,1,1,0
1,2,6,7,1,4,3,1,1,1,6,5,1,1,1,58000,1,1,1,0
1,2,3,1,1,7,3,1,1,1,1,4,1,1,4,75000,1,1,1,0
1,1,3,1,13,1,3,1,1,1,7,1,1,1,1,70000,1,1,1,0
1,2,1,1,4,4,2,3,1,1,8,2,1,1,1,90000,1,1,1,0
2,1,2,1,1,1,3,1,1,1,1,4,1,1,4,182000,1,1,1,0
1,1,4,6,1,2,1,2,1,1,1,1,1,1,3,120000,1,1,1,0
1,1,2,1,1,7,2,1,1,1,8,6,1,1,2,115000,1,1,1,0
1,1,2,1,1,9,2,1,1,1,2,1,2,1,2,105000,1,1,1,0
2,1,4,12,1,3,3,1,1,1,5,1,2,1,2,90000,1,1,1,0
1,1,1,1,1,1,3,1,1,1,1,4,2,1,2,35000,1,1,1,0
1,1,3,9,1,2,3,3,1,1,7,1,1,1,2,147000,1,1,1,0
1,1,3,1,1,5,2,3,1,1,1,5,1,1,4,130000,1,1,1,0
1,1,2,1,13,2,2,1,1,1,7,1,2,1,2,200000,1,1,1,0
2,1,2,3,1,2,2,1,1,1,7,1,2,1,3,183000,1,1,1,0
1,1,2,1,1,1,3,1,1,1,7,1,1,1,4,75000,1,1,1,0
1,1,6,1,1,5,1,1,1,1,2,7,2,1,4,110000,1,1,1,0
2,1,3,2,1,2,3,1,2,1,7,1,1,1,5,96000,1,1,1,0
1,1,3,4,1,9,2,3,1,1,7,1,1,1,3,93000,1,1,1,0
1,1,2,9,1,8,2,2,1,1,1,1,1,1,1,58000,1,1,1,0
1,1,2,1,5,2,2,3,1,1,5,1,2,1,5,111000,1,1,1,0
1,1,2,6,1,9,3,4,1,1,1,1,2,1,3,148000,1,1,1,0
1,1,2,4,1,4,2,4,1,1,7,1,1,1,4,1164000,1,1,1,0
1,1,2,1,1,1,3,3,1,1,7,1,2,1,2,87500,1,1,1,0
1,1,3,7,4,1,3,2,1,1,2,1,2,1,2,90000,1,1,1,0
2,1,2,2,2,3,3,3,1,1,8,1,2,1,2,96000,1,1,1,0
2,1,2,4,1,4,2,3,1,3,9,4,1,1,4,80000,1,1,1,0
2,1,2,1,1,5,4,1,1,3,8,1,1,1,4,135000,1,1,1,0
1,1,1,9,1,7,2,2,1,1,7,1,1,1,4,140000,1,1,1,0
1,1,5,9,11,1,2,1,1,1,8,1,2,1,4,113000,1,1,1,0
1,1,2,1,1,5,2,3,1,1,1,1,1,1,4,125000,1,1,1,0
1,1,2,1,17,7,3,3,1,1,1,1,1,1,4,198000,1,1,1,0
1,1,2,1,6,10,1,1,1,1,7,1,1,1,2,125000,1,1,1,0
1,3,1,10,6,8,3,3,1,1,8,1,1,1,1,106000,1,1,1,0
1,1,3,6,4,6,2,3,1,1,1,1,2,1,4,102000,1,1,1,0
1,3,1,3,1,5,2,4,1,1,7,1,1,1,1,2000000,1,1,1,0
1,1,3,7,1,9,2,2,1,1,1,3,1,1,2,50000,1,1,1,0
1,1,2,1,1,2,2,4,1,1,5,1,1,1,3,190000,1,1,1,0
2,2,2,1,4,5,3,4,1,1,7,1,1,1,4,20000,1,1,1,0
1,1,2,1,1,4,2,3,1,1,7,1,1,1,4,59600,1,1,1,0
1,1,9,11,1,5,2,2,1,1,8,1,2,1,2,130000,1,1,1,0
1,1,3,4,11,4,3,3,1,1,7,1,1,1,4,72000,1,1,1,0
1,1,2,1,1,1,3,3,1,1,7,4,2,1,4,116000,1,1,1,0
1,1,5,4,1,3,3,1,1,1,8,1,2,1,2,100000,1,1,1,0
1,1,3,1,1,9,2,4,1,1,7,1,2,1,2,140000,1,1,1,0
1,1,2,4,2,4,1,4,1,1,4,1,1,1,4,76500,1,1,1,0
1,1,2,2,3,4,3,1,1,1,7,1,2,1,2,87000,1,1,1,0
2,1,2,3,1,10,3,4,2,1,7,6,2,1,3,2000000,1,1,1,0
1,1,3,2,1,9,3,3,1,1,7,1,2,1,2,100000,1,1,1,0
1,1,1,1,1,5,2,3,1,1,7,1,1,1,4,24000,1,1,1,0
1,1,2,9,2,4,1,3,1,1,7,1,1,1,4,95000,1,1,1,0
1,1,3,10,4,5,2,1,1,1,1,2,1,1,4,75000,1,1,1,0
1,1,1,12,1,3,3,1,1,1,4,1,2,1,2,164000,1,1,1,0
1,1,2,8,1,3,3,1,1,1,1,1,2,1,2,175000,1,1,1,0
1,1,3,1,1,10,3,3,1,1,1,1,2,1,2,132000,1,1,1,0
1,1,2,4,2,3,3,3,1,1,7,1,2,1,3,100000,1,1,1,0
1,1,6,1,8,7,2,1,1,1,5,1,2,1,2,65000,1,1,1,1
1,1,2,1,1,1,3,1,1,1,7,1,1,1,2,75000,1,1,1,0
1,1,2,1,1,1,2,1,2,1,7,6,1,1,4,109000,1,1,1,0
1,1,6,1,1,2,2,2,1,1,5,1,1,1,2,25000,1,1,1,0
1,1,2,3,1,4,3,4,1,1,7,1,1,1,4,2000000,1,1,1,0
1,1,3,1,1,9,2,3,1,1,1,1,1,1,2,105000,1,1,1,0
1,1,3,7,3,4,2,4,1,1,2,1,1,1,4,150000,1,1,1,0
1,1,2,1,1,5,2,4,1,1,7,1,2,1,4,65000,1,1,1,0
1,1,1,1,1,6,3,4,1,1,5,1,2,1,4,115000,1,1,1,0
1,1,2,3,2,4,2,3,2,1,5,1,1,1,2,130000,1,1,1,0
1,1,2,6,1,1,2,4,1,1,1,3,1,1,1,100000,1,1,1,0
1,1,2,6,1,1,2,3,1,1,7,1,2,1,4,115000,1,1,1,0
1,1,2,1,1,5,1,1,1,1,8,1,1,1,4,75000,1,1,1,0
1,1,2,1,1,1,3,4,1,1,7,1,1,1,4,130000,1,1,1,0
1,1,2,2,6,3,2,4,1,1,1,1,2,1,3,55000,1,1,1,0
2,1,2,1,12,7,3,1,2,1,4,1,1,1,4,120000,1,1,1,0
1,1,2,7,1,4,3,3,1,2,7,1,1,1,2,100400,1,1,1,0
1,1,3,8,1,6,3,2,1,1,7,1,2,1,4,96000,1,1,1,0
2,1,2,3,1,7,3,4,2,1,2,1,1,1,4,105000,1,1,1,0
1,1,2,6,1,7,2,3,1,1,1,1,2,1,2,113000,1,1,1,0
1,1,1,12,1,1,3,3,1,2,7,1,2,1,4,540000,1,1,1,0
1,1,2,1,1,1,2,3,1,1,1,1,1,1,4,140000,1,1,1,0
1,1,2,1,1,11,3,1,1,1,5,1,1,1,3,135000,1,1,1,0
1,1,2,1,1,7,1,4,1,1,4,1,1,1,4,92000,1,1,1,0
1,1,2,1,3,1,1,3,1,2,7,1,1,1,4,68000,1,1,1,0
2,1,2,1,18,3,3,3,1,1,6,1,2,1,2,245000,1,1,1,0
2,1,2,4,2,4,2,4,2,1,2,1,1,1,4,105000,1,1,1,0
1,1,2,3,1,5,3,1,1,1,1,1,1,1,4,70000,1,1,1,0
1,1,6,1,11,4,1,1,1,1,7,5,1,1,1,48100,1,1,1,0
1,1,2,1,3,5,2,1,1,1,7,5,1,1,4,135000,1,1,1,0
1,1,3,6,1,1,1,4,1,1,2,1,2,1,2,189000,1,1,1,0
2,1,2,1,1,7,2,3,1,2,5,1,1,1,2,92000,1,1,1,0
1,1,1,1,2,5,3,3,1,1,7,1,2,1,4,62000,1,1,1,0
1,1,2,1,3,5,2,1,1,1,7,1,1,1,4,74200,1,1,1,0
1,1,5,7,1,10,3,3,1,1,7,1,1,1,2,1440000,1,1,1,0
2,1,2,6,18,1,3,3,1,1,1,1,1,1,4,86000,1,1,1,0
1,1,3,6,1,7,2,1,1,1,8,1,1,1,4,165000,1,1,1,0
1,1,2,1,1,3,2,2,1,1,2,4,2,1,2,63000,1,1,1,0
1,3,1,3,16,8,3,4,1,1,1,1,2,1,4,70000,1,1,1,0
1,1,2,1,1,5,2,4,1,1,5,1,1,1,4,60000,1,1,1,0
1,1,2,6,5,8,1,1,1,1,7,3,1,1,1,80000,1,1,1,0
1,1,2,1,5,5,2,3,2,1,2,1,1,1,4,111500,1,1,1,0
1,1,2,3,1,3,3,4,1,1,1,1,2,1,4,130000,1,1,1,0
2,1,2,5,3,4,3,3,1,1,7,2,1,1,4,40000,1,1,1,0
2,1,2,3,2,9,2,3,1,1,5,2,2,1,2,132694,1,1,1,0
1,1,3,6,1,1,2,4,1,1,1,1,1,1,4,122000,1,1,1,0
1,1,3,7,14,4,3,1,2,3,7,2,1,1,4,145000,1,1,1,0
1,1,2,1,1,10,2,3,1,1,1,1,2,1,2,475000,1,1,1,0
1,1,4,5,1,5,2,1,1,1,4,1,2,1,4,53000,1,1,1,0
1,1,2,3,3,5,3,4,1,1,1,1,2,1,4,107500,1,1,1,0
1,2,3,1,4,4,2,2,1,1,7,5,1,1,4,80000,1,1,1,0
1,1,2,4,1,4,2,3,2,3,1,2,1,1,1,63000,1,1,1,0
2,1,2,3,5,5,3,1,1,1,4,1,1,1,1,160000,1,1,1,0
2,1,2,3,1,4,3,4,1,1,7,1,2,1,4,100000,1,1,1,0
1,2,4,1,13,5,2,1,1,1,5,1,1,1,4,60000,1,1,1,0
1,1,3,1,1,7,3,1,1,1,1,1,2,1,4,102000,1,1,1,0
1,1,2,1,13,9,1,3,1,1,7,1,1,1,4,122500,1,1,1,0
1,1,2,7,6,4,2,3,1,1,7,1,1,1,4,42000,1,1,1,0
1,1,2,6,18,11,2,2,1,1,4,1,1,1,5,40000,1,1,1,0
1,1,4,1,1,5,2,2,1,1,1,4,1,1,2,138000,1,1,1,0
1,1,2,1,1,5,1,2,2,2,2,1,1,1,1,68000,1,1,1,0
2,1,3,6,2,3,2,1,1,1,1,5,2,1,2,130000,1,1,1,0
2,1,2,7,1,6,2,4,1,3,1,1,1,1,4,100000,1,1,1,0
2,1,3,6,1,7,2,1,1,1,7,1,1,1,4,125000,1,1,1,0
1,1,2,1,1,6,3,3,1,1,5,1,1,1,4,98000,1,1,1,0
1,1,2,1,2,7,3,4,1,1,9,1,2,1,4,92000,1,1,1,0
1,1,2,1,8,5,2,3,1,1,7,1,1,1,4,65000,1,1,1,1
1,1,1,3,1,6,3,1,1,1,9,1,1,1,4,56000,1,1,1,0
1,1,2,1,3,4,2,1,1,1,5,1,1,1,1,85000,1,1,1,0
1,1,3,3,1,5,3,3,1,1,7,6,2,1,4,120000,1,1,1,0
1,1,2,3,2,1,2,1,1,1,5,4,2,1,2,80000,1,1,1,0
1,1,3,1,1,6,1,1,1,1,7,6,1,1,4,51000,1,1,1,0
1,1,2,1,1,1,3,1,1,1,1,6,2,1,3,105000,1,1,1,0
1,1,3,1,1,3,2,4,1,1,1,1,1,1,4,110000,1,1,1,0
1,1,2,1,1,7,4,1,1,1,8,1,1,1,4,100000,1,1,1,0
1,1,2,1,3,7,2,1,1,1,1,7,1,1,4,90000,1,1,1,0
1,1,2,1,1,5,1,1,1,1,8,1,1,1,4,115000,1,1,1,0
1,1,4,1,8,6,2,3,1,1,7,1,2,1,2,91700,1,1,1,1
1,1,2,1,1,3,2,4,1,1,5,1,2,1,2,58000,1,1,1,0
1,1,2,1,6,5,1,3,1,1,1,1,1,1,1,72000,1,1,1,0
1,1,1,1,1,1,2,3,2,2,6,2,1,1,1,70000,1,1,1,0
1,1,1,1,14,9,2,4,1,2,1,5,1,1,2,180000,1,1,1,0
2,1,2,6,11,4,3,4,1,1,7,1,1,1,3,68000,1,1,1,0
1,1,2,1,18,6,2,2,1,1,1,1,1,1,4,106000,1,1,1,0
1,3,3,1,1,4,3,3,1,1,7,1,1,1,4,30000,1,1,1,0
1,1,4,1,11,2,2,1,1,1,1,4,1,1,5,120000,1,1,1,0
1,1,2,7,1,5,2,4,2,1,7,1,2,1,4,72500,1,1,1,0
1,1,2,7,6,1,3,4,2,2,1,1,1,1,4,51000,1,1,1,0
1,1,2,2,6,5,2,3,1,1,1,1,1,1,4,72000,1,1,1,0
1,1,3,1,13,3,2,1,1,1,1,1,2,1,2,150000,1,1,1,0
2,1,2,1,14,5,2,1,1,4,5,1,2,1,1,85000,1,1,1,0
1,1,2,4,1,2,2,1,2,2,7,1,1,1,5,175384,1,1,1,0
2,1,2,7,1,1,3,4,1,1,8,1,2,1,2,73000,1,1,1,0
1,1,2,1,1,4,2,4,1,1,7,1,2,1,4,100000,1,1,1,0
1,1,2,1,1,3,3,1,1,1,7,3,1,1,2,170000,1,1,1,0
1,1,2,6,1,2,5,2,1,1,4,1,1,1,3,135000,1,1,1,0
1,1,2,1,1,3,2,1,1,1,7,1,2,1,2,130000,1,1,1,0
1,1,1,1,1,7,2,1,1,1,7,1,2,1,2,234000,1,1,1,0
1,1,2,1,8,3,2,1,1,1,2,1,1,1,4,67000,1,1,1,1
1,1,3,1,1,7,3,4,1,1,1,1,1,1,2,133000,1,1,1,0
1,2,1,1,18,5,3,2,1,2,7,1,1,1,1,30000,1,1,1,0
1,1,2,1,1,1,2,2,1,1,7,1,1,1,4,66500,1,1,1,0
1,1,2,1,14,9,2,3,1,1,1,1,2,1,2,150000,1,1,1,0
2,1,2,7,2,5,2,3,1,1,7,1,1,1,2,112000,1,1,1,0
1,1,1,1,1,6,2,4,1,2,4,1,1,1,4,153500,1,1,1,0
1,1,5,9,13,2,2,3,1,1,5,1,2,1,3,190000,1,1,1,0
2,1,2,1,1,4,1,1,1,1,7,1,1,1,4,2000000,1,1,1,0
1,1,3,4,4,4,3,4,2,1,8,1,1,1,4,74500,1,1,1,0
1,1,3,1,1,2,3,2,1,1,6,1,2,1,3,300000,1,1,1,0
1,1,4,5,11,5,3,1,1,1,1,1,1,1,4,62000,1,1,1,0
1,1,2,1,1,1,3,4,1,1,7,1,2,1,4,260000,1,1,1,0
1,1,2,1,1,5,2,2,1,1,4,1,1,1,4,95000,1,1,1,0
1,1,2,1,2,4,2,4,1,1,7,1,1,1,4,61000,1,1,1,0
1,1,2,2,6,5,2,1,2,1,7,3,1,1,1,21500,1,1,1,0
1,1,3,1,14,1,2,2,1,1,1,1,1,1,4,335000,1,1,1,0
2,1,1,11,1,4,2,1,1,1,2,1,1,1,4,67000,1,1,1,0
1,1,2,1,3,1,2,4,1,1,1,1,1,1,4,115000,1,1,1,0
1,3,2,1,3,5,2,1,1,1,5,1,1,1,1,900000,1,1,1,0
1,1,3,1,1,4,2,3,1,1,6,2,1,1,4,152000,1,1,1,0
1,1,3,2,6,1,2,1,2,2,6,1,1,1,2,120000,1,1,1,0
1,1,2,1,1,9,3,4,1,1,5,1,2,1,2,124000,1,1,1,0
1,3,3,9,2,4,2,4,1,1,1,7,1,1,4,95000,1,1,1,0
1,1,2,1,1,4,2,1,1,1,7,1,1,1,1,57000,1,1,1,0
1,1,1,5,1,5,3,1,1,1,1,1,1,1,4,384000,1,1,1,0
2,1,2,5,1,6,2,1,1,1,7,1,1,1,2,91000,1,1,1,0
1,1,2,4,3,8,3,4,2,2,7,1,1,1,4,75000,1,1,1,0
2,1,2,1,12,6,2,1,1,1,7,1,2,1,4,72000,1,1,1,0
1,1,2,1,2,5,1,2,1,1,7,1,1,1,1,76000,1,1,1,0
1,1,2,1,13,7,1,4,1,1,2,1,1,1,2,130000,1,1,1,0
1,1,2,1,1,6,2,4,1,1,7,1,2,1,2,108000,1,1,1,0
1,1,2,3,1,1,2,4,1,1,6,5,1,1,2,66000,1,1,1,0
1,1,2,2,2,5,2,4,2,2,1,1,1,1,4,100000,1,1,1,0
1,1,1,1,1,3,3,3,1,2,8,1,1,1,4,93500,1,1,1,0
1,1,1,1,2,10,2,1,1,1,7,1,2,1,2,350000,1,1,1,0
2,1,2,8,1,5,3,4,1,1,4,1,1,1,4,90000,1,1,1,0
1,1,3,1,1,5,1,4,1,1,2,1,2,1,4,150000,1,1,1,0
1,1,1,1,8,2,2,3,1,1,7,4,2,1,3,150000,1,1,1,1
1,1,2,1,1,1,2,1,1,1,7,1,1,1,4,135000,1,1,1,0
1,1,2,1,6,6,3,3,1,1,5,7,2,1,4,72000,1,1,1,0
1,1,6,10,2,4,3,1,1,1,1,1,1,1,4,55000,1,1,1,0
1,1,2,8,2,4,2,3,1,1,7,1,1,1,4,45000,1,1,1,0
1,1,2,1,1,11,2,2,1,1,5,1,1,1,2,111000,1,1,1,0
1,1,2,9,1,6,3,2,1,1,5,1,1,1,2,450000,1,1,1,0
1,1,3,3,1,6,3,3,1,1,6,1,2,1,2,135000,1,1,1,0
1,1,2,1,1,3,2,1,1,1,7,1,2,1,2,100000,1,1,1,0
1,1,2,8,3,7,2,3,1,1,7,5,2,1,2,48000,1,1,1,0
1,1,2,7,6,7,1,1,2,2,5,1,1,1,4,25000,1,1,1,0
1,3,2,5,3,9,2,3,1,1,1,1,1,1,2,115000,1,1,1,0
1,1,3,1,1,3,3,4,1,1,7,1,2,1,2,115000,1,1,1,0
1,1,1,1,1,2,3,4,1,1,4,6,1,1,3,70000,1,1,1,0
1,1,2,1,3,5,3,4,2,1,5,6,1,1,4,146000,1,1,1,0
1,1,2,10,1,4,2,4,1,1,7,1,1,1,4,65000,1,1,1,0
1,1,2,1,1,2,2,2,1,1,7,1,2,1,2,141900,1,1,1,0
1,1,2,4,1,8,2,3,2,1,7,5,1,1,4,80000,1,1,1,0
1,1,3,1,1,9,2,3,1,1,5,1,2,1,2,156000,1,1,1,0
1,1,2,1,1,4,2,3,1,1,4,1,1,1,4,125000,1,1,1,0
2,1,2,2,3,1,3,2,1,1,5,1,1,1,4,130000,1,1,1,0
1,1,2,1,13,1,3,4,1,1,1,1,1,1,1,83000,1,1,1,0
1,1,2,1,13,7,2,4,1,1,1,1,2,1,4,100000,1,1,1,0
1,2,2,8,4,4,1,4,1,1,1,1,1,1,4,120000,1,1,1,0
2,1,2,1,1,5,3,3,1,1,7,1,1,1,1,52000,1,1,1,0
2,1,2,1,1,1,3,2,1,4,7,1,1,1,4,120000,1,1,1,0
2,1,3,1,13,10,1,4,1,1,1,1,1,1,2,100450,1,1,1,0
1,1,2,1,1,1,1,1,1,1,4,1,1,1,4,57000,1,1,1,0
1,1,6,6,1,6,2,1,1,1,1,1,1,1,2,195000,1,1,1,0
1,1,2,5,1,6,3,2,1,1,7,4,1,1,4,106320,1,1,1,0
1,1,2,2,1,5,3,2,2,1,7,1,1,1,2,135000,1,1,1,0
2,1,3,1,3,5,3,1,1,1,6,1,2,1,2,113000,1,1,1,0
2,1,1,1,2,3,2,3,1,1,1,1,2,1,2,105000,1,1,1,0
2,1,2,7,1,4,2,3,1,1,7,5,2,1,4,110000,1,1,1,0
1,1,5,7,1,5,3,2,1,1,7,1,2,1,2,176000,1,1,1,0
1,1,2,1,14,5,2,2,1,1,2,5,1,1,1,180000,1,1,1,0
1,1,2,3,1,5,2,2,1,1,7,1,2,1,4,52800,1,1,1,0
1,1,1,1,1,5,2,4,1,3,4,1,1,1,1,50000,1,1,1,0
2,1,5,1,1,10,2,1,1,1,8,4,2,1,2,140000,1,1,1,0
1,2,6,8,6,8,3,4,1,2,7,1,2,1,3,15000,1,1,1,0
1,1,3,6,18,4,2,1,1,1,2,1,1,1,1,72000,1,1,1,0
2,1,2,1,11,5,3,3,1,1,1,1,2,1,4,83500,1,1,1,0
1,1,2,6,2,7,3,2,1,1,7,1,2,1,2,150000,1,1,1,0
1,1,4,3,1,9,2,4,1,1,7,1,2,1,4,52500,1,1,1,0
1,1,5,10,11,2,2,2,1,1,6,1,2,1,3,136000,1,1,1,0
1,1,4,1,1,11,2,3,1,1,5,1,1,1,3,2000000,1,1,1,0
1,2,1,6,16,8,2,4,1,1,7,1,1,1,1,13000,1,1,1,0
2,1,2,8,11,3,1,1,1,3,7,4,1,1,2,152000,1,1,1,0
2,1,3,8,14,6,3,1,1,1,5,1,2,1,2,96000,1,1,1,0
1,1,2,10,11,4,3,2,1,1,7,1,1,1,4,87000,1,1,1,0
1,1,2,1,1,5,1,2,1,1,5,1,1,1,4,75000,1,1,1,0
2,3,3,1,2,3,2,2,1,3,5,1,1,1,3,1200000,1,1,1,0
1,1,1,1,2,9,3,4,1,1,1,1,1,1,2,120000,1,1,1,0
1,1,1,1,1,2,1,4,1,1,2,1,1,1,3,175000,1,1,1,0
1,1,3,1,6,5,2,3,1,1,1,5,1,1,4,80000,1,1,1,0
1,1,2,1,2,6,2,4,1,1,1,1,2,1,4,96000,1,1,1,0
1,1,2,3,12,7,3,1,1,1,7,1,2,1,4,70500,1,1,1,0
2,1,3,1,1,5,3,4,1,1,1,1,1,1,4,2000000,1,1,1,0
1,2,4,1,1,6,2,4,1,1,5,4,2,1,4,110000,1,1,1,0
1,1,3,6,11,4,2,3,1,1,1,5,1,1,4,88000,1,1,1,0
1,1,2,1,1,2,2,1,1,1,6,1,1,1,3,210000,1,1,1,0
1,1,2,1,6,1,1,2,2,2,7,2,1,1,4,75000,1,1,1,0
2,1,2,1,1,1,1,3,1,3,5,1,1,1,4,61000,1,1,1,0
1,1,4,1,1,6,2,3,1,1,4,1,1,1,2,55000,1,1,1,0
1,1,1,3,1,5,2,4,2,1,2,1,1,1,4,69500,1,1,1,0
1,1,5,1,1,10,2,1,1,1,5,1,1,1,2,300000,1,1,1,0
2,1,3,6,1,10,3,1,1,1,1,1,2,1,3,120000,1,1,1,0
1,1,2,1,2,4,3,4,1,2,5,6,1,1,4,65000,1,1,1,0
1,1,5,1,1,2,2,4,1,1,7,1,2,1,5,237300,1,1,1,0
2,1,3,7,3,4,3,2,1,1,7,4,1,1,4,103000,1,1,1,0
1,1,3,1,1,6,2,3,2,1,7,4,1,1,2,132000,1,1,1,0
2,1,2,1,1,9,3,1,1,1,2,1,2,1,2,125000,1,1,1,0
2,3,2,1,1,5,3,2,1,1,1,5,1,1,1,84800,1,1,1,0
2,1,2,4,11,3,2,1,2,1,8,1,1,1,5,90000,1,1,1,0
1,3,3,1,2,6,3,1,1,1,6,1,1,1,4,1080000,1,1,1,0
1,1,2,1,1,7,3,2,1,1,4,1,1,1,2,120000,1,1,1,0
1,1,2,3,1,4,2,4,1,1,5,1,1,1,4,62400,1,1,1,0
1,3,2,9,1,5,2,4,1,1,1,1,1,1,4,50000,1,1,1,0
1,1,2,1,1,7,2,4,1,1,5,1,2,1,2,65000,1,1,1,0
1,1,2,1,1,4,1,4,1,1,7,1,1,1,4,65000,1,1,1,0
1,1,3,1,1,7,1,3,1,1,7,1,1,1,4,2000000,1,1,1,0
1,1,2,3,1,7,2,3,1,1,8,1,2,1,2,96800,1,1,1,0
1,1,2,1,1,3,2,3,1,1,2,1,2,1,4,2000000,1,1,1,0
1,1,2,1,1,1,3,1,1,1,1,1,1,1,4,120000,1,1,1,0
1,1,2,2,3,1,3,1,2,1,7,1,1,1,4,110000,1,1,1,0
1,1,2,8,12,5,3,3,2,1,7,1,2,1,3,105000,1,1,1,0
1,1,2,1,1,9,3,2,1,1,6,1,2,1,2,146000,1,1,1,0
1,1,2,1,18,6,2,4,1,1,1,1,1,1,4,48000,1,1,1,0
2,1,2,3,2,1,3,4,1,3,7,1,1,1,4,60000,1,1,1,0
1,1,1,1,2,5,3,1,1,1,7,1,2,1,4,74000,1,1,1,0
1,1,2,1,1,1,2,2,1,1,1,1,1,1,4,112000,1,1,1,0
1,1,3,2,11,1,3,1,1,1,8,6,1,1,2,160000,1,1,1,0
2,1,2,1,1,2,2,1,1,1,5,1,2,1,3,180000,1,1,1,0
2,1,2,1,1,9,3,1,1,1,7,1,2,1,2,145000,1,1,1,0
2,2,2,1,1,4,2,2,1,2,1,1,1,1,4,99000,1,1,1,0
2,1,2,1,12,9,3,4,1,1,1,1,2,1,2,135000,1,1,1,0
1,1,2,1,1,7,2,4,1,1,7,5,1,1,4,200000,1,1,1,0
1,1,2,1,2,5,2,3,1,1,1,1,1,1,1,55000,1,1,1,0
1,1,2,6,12,5,2,3,1,1,7,1,1,1,4,114000,1,1,1,0
1,1,2,7,3,8,1,3,2,1,7,2,1,1,4,90000,1,1,1,0
1,3,4,1,1,1,1,1,2,1,5,1,1,1,1,72000,1,1,1,0
1,1,2,6,1,7,2,1,1,1,7,1,2,1,4,130000,1,1,1,0
1,1,2,1,1,6,2,3,1,1,7,1,1,1,3,125000,1,1,1,0
2,1,2,1,1,10,2,1,2,1,2,1,2,1,3,110000,1,1,1,0
1,1,2,9,1,3,2,3,1,1,4,1,2,1,2,150000,1,1,1,0
1,1,1,1,1,5,2,3,1,1,1,1,2,1,4,100000,1,1,1,0
1,1,2,6,6,8,2,2,1,1,2,1,2,1,4,68000,1,1,1,0
1,1,2,1,1,7,2,2,1,1,2,1,2,1,2,164000,1,1,1,0
1,1,2,4,1,5,2,2,1,1,7,1,1,1,4,300000,1,1,1,0
1,1,1,1,11,2,1,3,1,1,1,1,1,1,2,65000,1,1,1,0
2,1,3,6,14,1,2,3,1,1,1,1,2,1,4,125000,1,1,1,0
1,1,2,1,13,5,2,2,1,1,3,4,1,1,1,72000,1,1,1,0
2,1,2,1,7,4,2,4,1,1,1,6,1,1,1,73000,1,1,1,0
1,1,2,1,1,3,2,4,1,1,2,2,2,1,2,165000,1,1,1,0
1,1,6,1,1,8,3,3,1,1,7,1,1,1,1,47500,1,1,1,0
2,1,3,1,1,5,3,1,1,1,5,6,1,1,1,112000,1,1,1,0
1,1,2,1,5,5,1,1,1,1,5,1,1,1,4,86000,1,1,1,0
1,1,2,1,18,2,3,1,1,1,6,2,1,1,3,275000,1,1,1,0
2,1,2,1,1,10,3,3,1,1,1,1,2,1,2,182000,1,1,1,0
1,1,2,10,2,5,2,3,1,1,2,1,1,1,2,70000,1,1,1,0
1,1,4,3,1,5,2,1,1,1,5,1,1,1,4,55000,1,1,1,0
1,1,2,1,2,5,2,2,1,1,7,1,1,1,1,85000,1,1,1,0
1,1,2,1,14,3,2,1,1,1,2,1,2,1,2,115000,1,1,1,0
1,1,3,2,2,1,2,1,1,1,7,1,1,1,4,104000,1,1,1,0
1,1,2,1,1,3,2,2,1,1,6,1,1,1,2,200000,1,1,1,0
1,1,1,1,1,6,1,4,1,2,6,4,2,1,1,82500,1,1,1,0
2,1,2,1,2,5,3,2,1,1,7,3,1,1,4,73000,1,1,1,0
1,1,2,11,1,8,3,4,1,2,7,1,1,1,4,75000,1,1,1,0
2,1,2,1,14,6,2,1,2,1,8,1,1,1,3,172000,1,1,1,0
1,1,2,2,1,4,3,2,1,1,5,4,2,1,2,110000,1,1,1,0
1,1,1,1,1,5,2,3,1,1,2,1,1,1,4,90000,1,1,1,0
1,1,2,1,1,2,2,1,1,1,1,1,2,1,2,130000,1,1,1,0
1,1,2,1,1,1,3,4,1,1,4,1,1,1,4,89000,1,1,1,0
1,1,2,1,13,5,2,1,1,1,1,1,1,1,1,80000,1,1,1,0
1,1,2,7,1,8,1,4,1,1,8,6,1,1,1,38000,1,1,1,0
1,1,3,1,1,5,2,3,2,1,7,5,1,1,4,105000,1,1,1,0
2,1,2,7,8,4,2,1,1,1,1,1,1,1,4,80000,1,1,1,1
1,1,2,1,5,5,2,2,1,1,1,1,1,1,4,92000,1,1,1,0
1,1,2,3,1,5,2,1,1,1,5,1,2,1,2,87000,1,1,1,0
1,1,3,1,1,6,3,3,1,1,7,1,1,1,4,89000,1,1,1,0
1,3,3,6,4,5,1,4,2,3,2,1,1,1,4,55000,1,1,1,0
1,1,3,6,1,7,2,2,1,2,7,1,2,1,4,110000,1,1,1,0
1,1,2,6,18,3,3,3,1,1,7,1,1,1,2,80000,1,1,1,0
1,1,1,4,1,11,2,4,1,1,7,1,1,1,3,78000,1,1,1,0
2,1,2,1,2,4,2,1,1,1,7,1,1,1,4,85000,1,1,1,0
2,1,1,1,3,5,1,1,1,1,7,5,1,1,4,35000,1,1,1,0
1,1,2,3,2,3,1,3,1,1,1,1,1,1,2,83000,1,1,1,0
2,1,2,1,2,6,3,3,2,1,6,2,1,1,4,152000,1,1,1,0
1,1,2,1,18,10,2,1,1,1,1,1,2,1,3,125000,1,1,1,0
2,1,2,6,6,5,1,3,2,1,1,1,1,1,4,87450,1,1,1,0
2,1,2,8,2,4,4,3,1,1,7,4,1,1,4,120000,1,1,1,0
2,1,2,1,1,5,1,1,1,1,6,2,1,1,1,115000,1,1,1,0
1,2,5,7,11,4,2,1,2,1,7,1,1,1,4,68000,1,1,1,0
1,1,3,1,1,10,2,4,1,1,6,1,2,1,2,160000,1,1,1,0
1,1,6,1,2,3,2,4,1,1,5,1,2,1,2,137000,1,1,1,0
1,1,2,1,2,5,3,2,1,1,5,1,2,1,4,132000,1,1,1,0
2,1,2,1,2,8,3,3,1,1,5,2,1,1,4,44292,1,1,1,0
1,1,2,6,18,5,2,1,1,1,1,1,1,1,1,82000,1,1,1,0
2,1,4,3,1,5,2,3,1,1,5,1,2,1,2,83340,1,1,1,0
1,1,2,1,3,7,1,1,1,1,6,2,1,1,1,115000,1,1,1,0
1,1,2,1,7,5,3,1,1,1,5,1,2,1,2,67000,1,1,1,0
1,1,2,1,1,1,2,2,1,1,1,1,1,1,4,140000,1,1,1,0
2,1,2,3,7,4,2,4,1,1,1,1,1,1,4,65000,1,1,1,0
1,1,2,4,1,5,2,1,2,1,8,1,1,1,4,70000,1,1,1,0
1,1,3,1,5,3,2,2,1,1,5,1,2,1,5,125000,1,1,1,0
1,1,1,1,1,10,3,3,1,1,7,1,2,1,2,140000,1,1,1,0
1,1,1,3,1,2,1,1,1,1,2,1,1,1,3,165000,1,1,1,0
1,1,1,1,1,9,2,1,1,1,7,1,2,1,2,175000,1,1,1,0
2,1,2,9,11,2,3,1,2,1,5,1,1,1,5,80000,1,1,1,0
1,1,3,6,1,2,3,1,1,1,5,1,2,1,3,105000,1,1,1,0
1,1,3,3,8,9,3,4,1,1,1,1,2,1,2,143500,1,1,1,1
1,1,1,12,1,1,2,1,1,1,5,5,1,1,4,80000,1,1,1,0
1,3,4,1,1,5,3,1,1,3,5,1,1,1,1,33000,1,1,1,0
1,1,2,1,13,5,2,1,1,2,2,1,1,1,1,93000,1,1,1,0
2,1,2,1,1,7,2,3,1,1,2,1,1,1,2,130000,1,1,1,0
1,1,1,1,6,6,3,2,1,1,7,1,1,1,4,80000,1,1,1,0
2,1,2,1,13,3,3,2,2,2,5,1,2,1,2,85866,1,1,1,0
1,2,1,6,16,4,3,3,1,1,7,1,1,1,1,35000,1,1,1,0
2,1,1,1,1,4,3,2,1,1,1,1,1,1,1,40000,1,1,1,0
1,1,9,6,2,8,2,3,1,1,6,1,1,1,4,76000,1,1,1,0
2,1,2,1,1,1,2,3,1,1,7,1,1,1,4,120000,1,1,1,0
1,1,2,1,2,2,1,4,1,1,1,1,1,1,3,89175,1,1,1,0
1,1,4,4,12,4,3,2,1,1,7,4,2,1,2,120000,1,1,1,0
1,1,2,1,18,1,2,1,2,2,8,7,1,1,1,73440,1,1,1,0
2,1,2,9,1,7,2,2,1,1,4,5,2,1,3,74500,1,1,1,0
1,1,2,1,2,7,3,1,1,1,2,1,1,1,4,165000,1,1,1,0
1,1,5,10,6,1,3,4,2,2,7,1,1,1,2,720000,1,1,1,0
1,1,3,8,1,6,2,1,1,1,7,5,1,1,4,96000,1,1,1,0
2,2,1,1,2,4,1,3,1,1,1,1,1,1,1,66500,1,1,1,0
1,1,2,1,11,5,2,4,1,1,7,1,2,1,1,65000,1,1,1,0
2,1,2,9,4,6,2,4,1,3,7,1,1,1,4,150000,1,1,1,0
1,1,3,10,1,2,3,1,1,1,8,1,1,1,3,180000,1,1,1,0
2,1,2,7,2,4,2,4,2,1,1,1,1,1,4,76000,1,1,1,0
1,1,3,4,11,4,2,1,1,1,5,1,1,1,1,63000,1,1,1,0
1,1,2,1,1,4,3,3,1,1,7,1,1,1,4,72000,1,1,1,0
1,1,2,1,1,7,3,3,1,1,7,1,1,1,4,140000,1,1,1,0
1,1,2,4,1,5,3,2,1,1,1,1,1,1,4,130000,1,1,1,0
1,1,3,1,1,5,2,4,1,1,9,1,2,1,4,91000,1,1,1,0
2,1,5,9,1,2,3,2,1,1,5,1,1,1,5,140000,1,1,1,0
1,1,3,9,1,1,2,3,2,2,6,1,1,1,4,600000,1,1,1,0
1,1,2,1,13,6,2,4,1,2,1,1,1,1,4,109200,1,1,1,0
1,1,2,1,2,4,3,1,1,1,7,1,1,1,4,65000,1,1,1,0
1,1,2,1,2,1,2,3,1,1,7,1,1,1,4,108000,1,1,1,0
2,1,4,1,1,5,3,4,1,1,7,4,2,1,4,82000,1,1,1,0
1,1,2,4,1,10,2,1,1,1,1,1,1,1,1,108000,1,1,1,0
1,1,3,8,1,3,2,4,1,1,1,1,2,1,2,300000,1,1,1,0
1,1,2,1,1,1,2,1,1,1,1,1,2,1,4,92000,1,1,1,0
1,1,4,1,1,1,2,1,1,1,5,1,1,1,4,60500,1,1,1,0
1,1,1,7,12,4,2,3,1,1,6,1,1,1,4,112500,1,1,1,0
1,2,3,1,4,6,2,1,1,1,4,1,2,1,2,100000,1,1,1,0
1,1,1,1,1,5,2,4,1,1,7,1,1,1,1,37502,1,1,1,0
1,1,3,7,1,1,2,1,1,1,5,1,1,1,4,60000,1,1,1,0
1,1,2,1,18,4,3,4,1,1,7,1,1,1,4,47000,1,1,1,0
2,2,4,1,16,8,3,4,1,1,1,1,1,1,4,48000,1,1,1,0
1,1,2,1,1,1,2,3,1,1,7,1,1,1,1,111000,1,1,1,0
2,1,5,6,1,1,2,3,1,1,8,1,2,1,4,85000,1,1,1,0
1,1,2,1,5,9,2,3,1,3,1,1,1,1,2,179000,1,1,1,0
1,1,3,1,1,3,2,2,1,1,5,1,1,1,2,118000,1,1,1,0
1,1,2,1,1,5,2,4,1,1,7,1,1,1,4,72000,1,1,1,0
1,1,2,6,12,2,3,3,1,1,7,1,2,1,5,214200,1,1,1,0
1,1,2,1,1,5,3,2,1,1,5,1,1,1,2,100000,1,1,1,0
1,1,3,1,1,3,2,3,1,1,7,1,1,1,4,2000000,1,1,1,0
1,1,2,3,1,5,2,1,1,1,8,1,2,1,2,115000,1,1,1,0
1,1,2,1,1,2,2,1,1,1,2,1,1,1,3,55000,1,1,1,0
1,1,2,7,3,4,3,3,1,1,1,1,1,1,4,45000,1,1,1,0
1,1,3,1,1,1,3,1,1,3,7,5,2,1,6,1800000,1,1,1,0
1,1,2,1,1,6,2,1,1,1,1,1,1,1,4,80000,1,1,1,0
1,1,2,8,1,4,2,1,1,3,1,1,1,1,4,90000,1,1,1,0
2,1,2,1,1,1,3,1,1,1,4,1,2,1,4,92000,1,1,1,0
1,3,4,1,1,7,3,4,1,1,2,1,1,1,4,104000,1,1,1,0
1,1,2,2,6,4,3,3,1,3,7,1,1,1,4,70000,1,1,1,0
1,1,3,1,2,5,2,1,1,1,7,1,2,1,2,110000,1,1,1,0
1,1,2,1,7,4,1,1,2,1,6,2,1,1,4,80000,1,1,1,0
1,1,1,1,13,6,3,3,1,1,1,1,1,1,4,110000,1,1,1,0
2,1,2,1,18,5,3,3,1,1,7,1,1,1,4,95000,1,1,1,0
1,1,2,1,1,1,3,4,1,1,7,5,1,1,4,500000,1,1,1,0
2,1,1,12,1,5,3,1,1,2,5,1,1,1,2,105000,1,1,1,0
1,1,4,3,2,5,2,2,1,1,7,1,2,1,4,53000,1,1,1,0
1,1,2,1,1,3,2,3,1,1,1,1,2,1,2,100000,1,1,1,0
1,1,2,6,1,4,3,2,1,1,6,1,2,1,4,115000,1,1,1,0
1,1,1,1,1,9,2,2,1,1,1,1,1,1,3,120000,1,1,1,0
2,2,2,1,1,3,2,2,1,1,7,1,2,1,3,105000,1,1,1,0
1,2,2,3,1,6,3,1,1,1,2,1,1,1,4,112500,1,1,1,0
1,1,3,6,1,2,1,3,1,2,5,1,2,1,3,175000,1,1,1,0
1,1,2,1,3,1,3,2,1,1,7,1,1,1,4,99800,1,1,1,0
1,1,2,1,1,9,2,3,1,1,5,1,1,1,2,150000,1,1,1,0
1,1,2,1,1,1,2,3,1,1,7,1,1,1,4,150000,1,1,1,0
1,1,3,1,13,6,2,3,1,1,8,1,2,1,4,101000,1,1,1,0
1,1,2,4,2,8,2,3,1,1,6,1,1,1,4,50000,1,1,1,0
2,1,2,1,1,11,2,2,1,1,6,1,1,1,2,151500,1,1,1,0
2,3,2,7,11,1,2,3,1,1,7,1,1,1,4,60000,1,1,1,0
1,1,2,1,18,3,3,1,1,1,1,1,1,1,4,93000,1,1,1,0
2,3,2,1,18,4,3,1,1,1,7,1,1,1,1,74300,1,1,1,0
1,1,2,1,1,1,2,1,1,1,7,1,2,1,4,78000,1,1,1,0
2,1,2,1,1,1,1,1,1,1,4,1,1,1,4,130000,1,1,1,0
1,2,2,1,15,6,1,4,1,1,5,1,1,1,4,30000,1,1,1,0
1,1,1,1,2,5,3,1,1,1,7,1,2,1,1,100000,1,1,1,0
1,1,2,1,11,1,3,3,1,1,1,1,1,1,4,106000,1,1,1,0
1,1,3,10,1,1,2,4,1,1,7,1,2,1,4,115000,1,1,1,0
1,1,2,1,1,3,3,4,1,1,1,1,2,1,2,1560000,1,1,1,0
1,1,1,4,8,11,3,4,1,1,7,7,1,1,3,130000,1,1,1,1
1,1,2,1,1,7,2,1,1,1,6,5,1,1,4,131000,1,1,1,0
1,1,2,1,1,3,2,3,1,1,7,1,1,1,4,100000,1,1,1,0
1,1,5,4,4,3,3,1,1,1,6,1,2,1,2,120000,1,1,1,0
1,1,3,9,12,3,2,3,1,1,1,1,2,1,2,132000,1,1,1,0
1,1,2,8,1,5,2,1,1,1,7,1,1,1,4,56000,1,1,1,0
1,1,3,2,14,7,2,3,1,1,7,1,2,1,2,134000,1,1,1,0
2,1,2,4,1,8,2,1,2,1,7,2,1,1,4,95000,1,1,1,0
1,1,1,12,6,7,2,1,1,1,2,1,1,1,4,165000,1,1,1,0
1,1,2,1,1,6,2,1,1,1,5,1,2,1,4,84000,1,1,1,0
1,1,1,1,1,7,1,4,1,1,2,1,1,1,4,100000,1,1,1,0
1,1,2,1,2,1,1,1,1,1,7,1,1,1,2,20000,1,1,1,0
1,2,1,4,1,4,2,1,1,1,2,1,2,1,2,45000,1,1,1,0
1,1,4,1,1,3,2,1,1,1,7,1,1,1,4,125000,1,1,1,0
1,1,1,1,1,1,1,3,1,1,7,1,2,1,4,85000,1,1,1,0
1,1,2,2,2,5,2,3,1,1,7,1,2,1,2,180000,1,1,1,0
2,1,2,2,1,7,2,3,1,1,2,1,2,1,4,73500,1,1,1,0
1,1,2,1,1,2,2,4,1,3,7,1,1,1,2,130000,1,1,1,0
2,1,6,3,1,9,2,3,1,1,4,1,2,1,3,103000,1,1,1,0
1,1,2,3,1,7,1,4,2,2,2,7,1,1,4,120000,1,1,1,0
1,1,2,1,5,4,2,1,1,1,2,5,1,1,1,2000000,1,1,1,0
1,1,1,1,11,7,1,3,1,1,2,1,1,1,2,75000,1,1,1,0
2,1,4,5,2,3,2,1,1,1,7,1,1,1,2,71000,1,1,1,0
1,1,2,1,5,7,3,2,1,1,7,1,2,1,4,206000,1,1,1,0
1,1,2,1,1,5,3,1,1,1,1,1,1,1,1,98000,1,1,1,0
1,2,2,3,1,1,2,4,1,1,7,1,1,1,4,65000,1,1,1,0
1,1,2,9,1,4,2,3,1,1,2,6,1,1,4,140000,1,1,1,0
2,1,4,1,1,4,3,2,2,2,7,1,1,1,4,41000,1,1,1,0
2,1,2,1,1,1,2,1,1,1,2,5,1,1,4,150000,1,1,1,0
1,1,2,1,13,1,1,1,1,1,7,1,1,1,4,97500,1,1,1,0
1,1,1,4,3,6,2,4,1,1,1,1,1,1,4,125000,1,1,1,0
1,1,6,1,1,4,1,1,1,1,4,1,1,1,4,57500,1,1,1,0
1,1,6,1,2,8,2,4,1,1,8,1,2,1,4,120500,1,1,1,0
2,1,2,1,1,1,2,4,1,1,6,1,1,1,1,135000,1,1,1,0
1,2,2,3,16,4,2,1,1,1,4,1,1,1,4,37000,1,1,1,0
2,1,4,1,11,5,2,3,1,1,7,1,1,1,4,840000,1,1,1,0
2,1,3,3,11,5,2,1,1,1,1,6,1,1,4,900000,1,1,1,0
1,3,2,1,5,5,2,4,1,1,7,1,1,1,1,60000,1,1,1,0
1,1,2,3,11,5,2,2,1,1,7,1,1,1,4,90000,1,1,1,0
1,1,3,9,1,4,2,4,1,1,6,2,1,1,4,85000,1,1,1,0
1,1,1,2,2,10,1,1,1,1,7,1,2,1,2,100000,1,1,1,0
1,1,2,7,3,4,2,1,1,1,7,1,1,1,4,78000,1,1,1,0
2,1,2,6,13,7,3,2,1,1,4,1,1,1,2,200000,1,1,1,0
1,1,2,10,14,5,3,1,1,1,8,1,1,1,4,140000,1,1,1,0
1,1,2,1,1,5,2,4,1,1,1,1,1,1,4,72000,1,1,1,0
2,1,2,1,2,4,3,1,1,1,7,1,1,1,4,78000,1,1,1,0
1,1,3,1,1,7,3,3,1,1,6,1,2,1,4,420000,1,1,1,0
1,1,3,10,6,2,3,3,1,1,8,1,1,1,5,240000,1,1,1,0
1,1,2,8,1,4,2,3,1,1,7,1,1,1,1,75000,1,1,1,0
1,1,2,1,1,2,3,4,1,1,7,1,2,1,3,125000,1,1,1,0
1,1,1,5,1,3,3,3,1,1,7,1,1,1,4,60000,1,1,1,0
2,1,2,1,12,7,2,1,2,1,1,1,1,1,2,150000,1,1,1,0
1,1,4,1,2,4,2,3,1,1,7,1,1,1,1,2000000,1,1,1,0
1,1,1,1,5,1,2,2,1,1,1,1,1,1,4,110000,1,1,1,0
1,1,3,1,1,3,3,2,1,1,1,1,1,1,2,120000,1,1,1,0
1,1,2,1,14,6,2,1,1,1,7,1,2,1,4,120000,1,1,1,0
2,1,2,12,1,4,1,1,1,1,1,1,2,1,4,97000,1,1,1,0
1,1,2,1,2,5,3,1,1,1,5,1,1,1,1,107500,1,1,1,0
1,1,2,1,7,4,1,3,1,1,7,1,1,1,4,60000,1,1,1,0
1,1,2,1,18,3,2,1,1,1,7,1,2,1,4,102000,1,1,1,0
2,2,1,1,1,3,3,1,1,1,5,1,1,1,2,100000,1,1,1,0
2,2,2,1,4,5,3,4,2,1,6,1,1,1,4,60000,1,1,1,0
2,1,2,1,1,5,3,1,2,1,8,1,2,1,4,95000,1,1,1,0
1,1,1,1,1,7,2,1,1,1,2,1,2,1,4,139000,1,1,1,0
2,3,3,9,4,6,2,1,1,1,7,4,1,1,2,105000,1,1,1,0
2,1,2,1,3,6,3,4,1,1,5,1,2,1,4,1560000,1,1,1,0
1,1,2,1,14,7,2,3,1,1,5,1,2,1,4,135000,1,1,1,0
1,2,1,1,1,4,2,2,1,1,7,2,1,1,1,48000,1,1,1,0
1,1,2,7,1,6,3,2,2,1,1,1,1,1,2,87000,1,1,1,0
1,2,6,3,18,8,2,3,1,1,1,2,1,1,1,2000000,1,1,1,0
1,1,2,7,15,8,2,2,1,1,1,1,2,1,2,52000,1,1,1,0
1,1,3,10,11,4,3,4,1,1,8,1,2,1,4,145000,1,1,1,0
2,1,2,1,1,1,3,4,1,1,7,1,1,1,4,60000,1,1,1,0
1,1,2,8,3,4,2,4,2,1,1,1,1,1,4,65000,1,1,1,0
1,1,2,1,1,6,3,1,1,2,7,1,2,1,4,125000,1,1,1,0
1,1,2,1,13,5,2,1,1,1,1,1,1,1,1,57000,1,1,1,0
2,1,3,7,1,7,2,2,2,1,7,1,1,1,2,85000,1,1,1,0
2,1,2,10,11,4,3,4,1,2,8,1,1,1,1,105000,1,1,1,0
1,1,2,3,11,4,3,1,1,1,3,1,2,1,2,97000,1,1,1,0
1,1,4,1,2,3,2,4,1,1,1,1,2,1,3,105000,1,1,1,0
1,1,2,1,1,7,2,3,1,1,4,1,1,1,4,111000,1,1,1,0
1,1,1,1,1,3,2,3,1,1,5,1,1,1,2,175000,1,1,1,0
1,1,2,1,6,4,2,1,2,2,2,1,1,1,1,50000,1,1,1,0
1,1,1,1,6,2,2,2,1,1,1,1,2,1,3,160000,1,1,1,0
1,1,2,6,1,8,3,1,1,1,8,1,1,1,4,58000,1,1,1,0
1,1,2,4,14,4,2,4,1,1,7,1,1,1,3,175000,1,1,1,0
1,1,2,1,1,5,2,1,1,1,1,1,2,1,4,75000,1,1,1,0
1,1,2,1,1,1,3,3,1,1,7,1,2,1,4,92000,1,1,1,0
1,1,3,1,1,1,2,1,1,1,1,1,2,1,4,150000,1,1,1,0
1,1,3,1,1,1,2,3,1,1,5,5,1,1,2,100000,1,1,1,0
2,3,2,3,11,5,1,4,1,1,7,1,1,1,4,82500,1,1,1,0
1,1,2,3,1,1,3,4,1,1,1,1,1,1,4,95000,1,1,1,0
1,1,2,1,1,7,2,4,1,1,5,1,1,1,1,140000,1,1,1,0
1,1,1,1,1,5,1,1,1,1,1,1,1,1,4,1344000,1,1,1,0
1,1,3,1,1,6,1,2,1,1,9,5,2,1,2,86000,1,1,1,0
1,1,2,1,1,4,2,2,1,1,7,1,1,1,1,55000,1,1,1,0
1,1,2,1,2,1,2,1,1,1,7,1,2,1,4,95000,1,1,1,0
2,1,3,2,1,3,3,3,1,1,8,1,2,1,3,75000,1,1,1,0
1,1,2,9,11,4,3,3,1,1,3,1,2,1,2,81500,1,1,1,0
1,1,2,1,4,5,3,3,1,1,8,5,1,1,1,105000,1,1,1,0
1,1,2,4,1,7,2,1,1,1,1,5,2,1,2,126000,1,1,1,0
1,1,2,1,1,4,3,3,1,1,2,1,2,1,4,74000,1,1,1,0
1,1,2,6,1,6,2,4,1,1,2,5,2,1,2,130000,1,1,1,0
1,1,4,1,7,7,3,3,1,1,7,1,2,1,2,73000,1,1,1,0
1,1,2,1,1,5,2,3,1,3,2,1,1,1,1,61000,1,1,1,0
1,1,2,1,1,5,3,3,1,1,2,1,1,1,1,60000,1,1,1,0
1,1,2,1,1,1,2,3,1,1,7,1,2,1,4,125000,1,1,1,0
1,1,2,1,1,1,2,3,1,1,7,1,1,1,4,95000,1,1,1,0
1,1,2,1,1,6,2,4,1,1,7,1,1,1,4,138000,1,1,1,0
1,1,2,1,1,6,2,1,1,1,7,1,1,1,4,93000,1,1,1,0
1,1,2,1,10,4,2,3,1,1,8,1,2,1,4,46000,1,1,1,0
2,1,3,6,1,1,2,1,1,1,7,1,1,1,4,103000,1,1,1,0
1,1,1,1,1,10,2,3,1,1,1,1,2,1,2,98200,1,1,1,0
1,1,4,6,1,2,2,4,1,3,5,1,1,1,3,96000,1,1,1,0
1,1,2,1,18,1,2,3,1,1,4,1,1,1,4,98000,1,1,1,0
2,1,2,1,1,4,2,2,1,1,5,2,1,1,4,90000,1,1,1,0
1,2,8,1,1,4,2,4,2,1,6,1,1,1,1,12500,1,1,1,0
2,3,2,1,2,4,1,1,1,1,2,5,2,1,4,100000,1,1,1,0
1,1,2,10,5,5,3,2,1,1,7,1,1,1,4,92000,1,1,1,0
1,1,2,7,1,2,2,2,1,1,1,1,1,1,2,160000,1,1,1,0
1,1,1,1,1,5,2,1,1,2,2,1,1,1,4,77200,1,1,1,0
1,1,2,4,1,5,3,3,1,1,1,1,1,1,4,82000,1,1,1,0
1,1,4,1,1,4,2,1,1,1,1,1,2,1,1,55000,1,1,1,0
1,1,2,11,1,5,2,4,1,1,7,1,1,1,4,59000,1,1,1,0
2,1,2,3,2,6,2,1,2,1,5,1,1,1,4,46992,1,1,1,0
1,1,2,6,1,5,3,3,1,1,1,1,1,1,4,55000,1,1,1,0
1,1,2,1,1,4,3,3,1,2,7,1,1,1,1,103000,1,1,1,0
1,1,1,1,1,6,2,1,1,1,7,1,2,1,1,88000,1,1,1,0
1,1,2,1,1,7,3,4,1,1,5,1,1,1,2,106000,1,1,1,0
1,1,5,9,2,1,3,3,1,1,7,1,2,1,4,170000,1,1,1,0
2,1,1,1,1,3,2,1,1,1,4,1,1,1,2,105000,1,1,1,0
1,1,2,10,7,4,2,1,1,1,1,1,1,1,4,70000,1,1,1,0
1,1,1,4,1,4,2,3,1,1,2,1,1,1,4,120000,1,1,1,0
1,1,3,6,4,6,2,3,1,1,6,5,2,1,4,130000,1,1,1,0
1,1,1,1,2,4,2,1,1,1,6,1,1,1,4,125000,1,1,1,0
1,1,2,1,1,3,3,2,2,1,1,1,1,1,2,220000,1,1,1,0
1,1,2,2,3,8,2,1,1,2,2,3,1,1,4,86000,1,1,1,0
1,1,2,6,1,1,2,1,1,1,1,1,1,1,4,90000,1,1,1,0
1,1,2,1,1,7,2,2,1,1,1,1,2,1,2,180000,1,1,1,0
1,1,2,8,1,9,2,2,1,1,7,1,1,1,2,80000,1,1,1,0
1,1,2,1,7,6,3,1,1,1,7,1,2,1,4,57000,1,1,1,0
1,1,2,3,2,5,2,4,1,1,1,1,2,1,2,55000,1,1,1,0
1,1,2,3,11,8,2,3,1,1,9,2,1,1,1,55000,1,1,1,0
1,1,3,1,5,5,2,4,1,1,5,1,1,1,4,1440000,1,1,1,0
1,1,2,1,12,1,2,4,1,1,2,1,1,1,1,150000,1,1,1,0
1,1,2,1,1,1,2,1,1,1,8,1,1,1,4,48792,1,1,1,0
1,1,2,7,15,1,2,3,2,1,7,1,1,1,4,95000,1,1,1,0
1,1,3,6,1,6,3,4,1,1,1,1,2,1,4,95000,1,1,1,0
2,1,3,6,1,7,2,4,1,1,1,1,2,1,4,110000,1,1,1,0
1,1,1,1,1,3,2,3,1,1,1,1,2,1,2,100000,1,1,1,0
1,1,2,6,1,6,2,4,1,1,5,1,2,1,2,90000,1,1,1,0
1,1,2,1,1,9,2,1,1,1,2,1,1,1,4,133000,1,1,1,0
1,1,2,1,2,1,2,2,1,1,7,1,1,1,4,75000,1,1,1,0
1,1,1,3,5,4,1,4,1,1,7,1,1,1,4,60000,1,1,1,0
1,1,1,3,1,1,2,4,1,1,7,1,2,1,4,108000,1,1,1,0
1,1,2,9,4,4,3,4,1,1,7,1,2,1,4,90000,1,1,1,0
1,1,2,1,1,5,1,4,1,1,7,5,1,1,1,65000,1,1,1,0
1,3,2,3,2,4,2,3,1,1,7,1,1,1,4,75000,1,1,1,0
1,1,2,6,1,7,2,4,1,1,7,1,2,1,4,81000,1,1,1,0
1,1,5,6,1,5,2,3,1,1,7,1,1,1,4,120000,1,1,1,0
1,1,2,9,1,4,3,1,2,3,4,1,1,1,4,90000,1,1,1,0
1,1,2,10,1,4,2,4,2,2,1,1,1,1,1,39500,1,1,1,0
1,1,2,1,1,3,2,3,1,1,6,1,2,1,4,120000,1,1,1,0
1,1,2,1,5,5,1,4,1,1,9,4,1,1,4,75000,1,1,1,0
2,1,2,1,5,5,3,3,1,1,1,1,1,1,4,80000,1,1,1,0
2,1,2,10,11,4,3,3,2,1,1,1,1,1,4,120000,1,1,1,0
1,1,1,9,1,3,2,1,1,1,5,1,1,1,2,85000,1,1,1,0
1,1,3,1,1,5,2,2,1,1,1,3,1,1,2,960000,1,1,1,0
1,1,3,2,1,3,2,4,1,1,5,1,2,1,2,195000,1,1,1,0
1,1,3,10,4,5,2,2,1,1,1,1,1,1,1,120000,1,1,1,0
1,2,2,1,14,4,3,3,1,1,7,1,1,1,4,110000,1,1,1,0
1,1,2,1,1,3,3,3,1,1,5,1,2,1,2,175000,1,1,1,0
1,1,3,1,1,2,2,2,1,1,1,1,2,1,5,130000,1,1,1,0
1,1,2,1,1,5,3,4,1,1,1,1,1,1,4,215000,1,1,1,0
1,1,3,3,2,4,3,4,1,1,4,1,1,1,4,65000,1,1,1,0
1,1,2,1,1,1,3,3,1,1,1,1,1,1,1,87000,1,1,1,0
1,1,1,10,1,6,1,1,1,2,5,1,1,1,4,92000,1,1,1,0
1,1,4,1,1,4,2,3,2,1,7,1,1,1,4,70000,1,1,1,0
2,1,2,1,1,7,3,2,1,1,7,1,2,1,2,123000,1,1,1,0
1,1,1,5,14,1,2,1,1,1,2,1,2,1,2,175000,1,1,1,0
1,1,2,1,1,5,3,3,1,1,8,1,1,1,1,78000,1,1,1,0
1,1,1,2,5,6,2,4,1,1,4,2,1,1,4,80000,1,1,1,0
2,1,3,10,1,6,2,3,1,1,1,1,1,1,4,170000,1,1,1,0
2,2,2,9,16,4,2,3,1,1,5,1,1,1,2,35000,1,1,1,0
1,1,2,6,11,4,2,2,1,1,7,1,1,1,4,80000,1,1,1,0
1,1,2,3,1,6,3,1,1,1,7,1,2,1,2,90000,1,1,1,0
1,3,2,7,13,4,1,3,1,1,1,1,1,1,4,76000,1,1,1,0
1,1,1,3,2,4,3,1,1,1,5,1,2,1,4,105000,1,1,1,0
1,2,2,1,1,1,2,1,1,3,5,1,1,1,4,400000,1,1,1,0
2,1,3,6,5,1,2,2,2,3,8,2,1,1,4,132000,1,1,1,0
1,1,2,1,1,6,2,4,1,1,5,1,1,1,2,11300,1,1,1,0
1,1,2,3,5,11,2,3,1,1,5,1,2,1,3,96000,1,1,1,0
1,1,1,3,2,4,3,3,1,1,1,1,1,1,4,60000,1,1,1,0
2,1,2,1,2,7,2,1,1,1,8,1,1,1,4,150000,1,1,1,0
1,1,2,6,1,10,2,1,1,1,7,1,2,1,2,155000,1,1,1,0
1,1,2,1,1,10,2,4,1,3,7,1,1,1,3,90000,1,1,1,0
1,1,2,1,1,7,2,4,1,1,5,1,2,1,4,141000,1,1,1,0
1,1,2,1,1,6,2,4,1,1,6,1,1,1,1,150000,1,1,1,0
1,1,3,6,1,2,2,3,1,1,1,1,2,1,3,103000,1,1,1,0
1,1,2,1,1,5,1,3,1,1,8,1,1,1,1,85000,1,1,1,0
1,1,2,1,2,5,1,3,1,1,1,3,1,1,1,54000,1,1,1,0
1,2,3,1,16,4,2,3,1,1,7,5,1,1,4,21600,1,1,1,0
1,1,2,6,2,1,3,3,1,1,7,5,1,1,4,120000,1,1,1,0
1,1,3,1,13,6,2,1,1,1,1,1,1,1,4,71000,1,1,1,0
1,1,7,1,1,1,2,1,1,2,1,1,1,1,1,70000,1,1,1,0
1,3,2,1,1,5,1,1,1,1,1,1,1,1,1,65000,1,1,1,0
1,1,2,1,13,3,2,2,1,1,8,1,2,1,4,170000,1,1,1,0
1,2,1,10,16,8,3,1,1,1,7,4,1,1,1,750000,1,1,1,0
2,1,2,1,1,5,2,3,1,1,2,1,1,1,4,85000,1,1,1,0
1,1,2,1,1,4,2,1,1,1,4,1,1,1,1,63000,1,1,1,0
2,1,4,2,6,1,3,1,1,1,4,1,1,1,4,118500,1,1,1,0
1,3,2,1,1,5,2,4,1,1,1,2,1,1,1,95000,1,1,1,0
1,2,1,12,1,11,3,1,1,1,7,1,2,1,3,212000,1,1,1,0
1,3,2,1,1,4,3,3,2,2,7,1,1,1,4,34000,1,1,1,0
1,1,5,10,4,1,2,2,1,1,8,1,1,1,4,116000,1,1,1,0
1,1,4,1,1,1,2,3,1,1,1,1,1,1,4,116000,1,1,1,0
2,1,3,1,1,2,3,2,1,1,8,1,2,1,5,220000,1,1,1,0
1,3,4,1,1,5,3,2,1,1,1,1,1,1,1,72000,1,1,1,0
2,1,2,3,2,6,2,3,1,1,5,1,1,1,3,77250,1,1,1,0
1,1,2,1,2,3,3,3,1,1,7,1,2,1,4,1260000,1,1,1,0
1,1,2,2,1,3,3,2,1,1,6,1,2,1,3,70000,1,1,1,0
1,1,1,8,2,8,2,4,1,1,1,1,2,1,2,50000,1,1,1,0
2,1,2,7,12,2,2,1,1,1,7,1,2,1,3,125000,1,1,1,0
1,1,2,10,1,1,2,4,1,1,7,1,2,1,2,115000,1,1,1,0
1,1,1,1,3,3,3,1,1,2,7,1,1,1,2,170000,1,1,1,0
2,1,2,6,1,8,2,4,2,1,1,1,1,1,4,110000,1,1,1,0
1,1,2,1,1,6,1,1,1,1,1,3,2,1,2,112000,1,1,1,0
1,1,2,1,1,1,1,3,1,1,1,1,1,1,4,114000,1,1,1,0
1,1,2,1,8,2,2,4,1,1,1,1,1,1,5,124000,1,1,1,1
2,1,3,3,1,1,3,1,2,1,1,1,2,1,4,135500,1,1,1,0
2,1,2,2,5,8,1,1,1,1,6,1,1,1,4,65000,1,1,1,0
1,1,1,1,1,6,2,3,1,1,7,1,2,1,2,127500,1,1,1,0
1,1,2,3,1,1,2,1,1,1,2,1,1,1,4,77000,1,1,1,0
1,1,3,1,3,4,3,3,1,1,1,1,1,1,4,69000,1,1,1,0
1,1,2,1,1,5,2,2,1,1,7,1,2,1,4,60000,1,1,1,0
1,1,2,7,3,8,3,1,2,1,7,3,1,1,4,30000,1,1,1,0
1,1,2,1,12,5,2,3,1,1,1,1,2,1,4,85000,1,1,1,0
1,1,2,1,1,1,2,3,1,1,4,1,1,1,4,2000000,1,1,1,0
1,1,2,1,1,7,2,4,1,1,1,1,1,1,4,220000,1,1,1,0
1,1,2,1,1,4,2,2,1,1,1,1,1,1,4,76000,1,1,1,0
2,1,2,1,2,9,3,3,1,1,1,1,2,1,2,130000,1,1,1,0
1,1,3,1,4,4,2,4,1,1,2,1,1,1,2,95000,1,1,1,0
1,1,2,1,11,5,3,1,1,1,7,1,1,1,4,50000,1,1,1,0
1,1,2,1,3,7,2,4,1,1,1,1,1,1,2,168000,1,1,1,0
1,1,1,1,13,6,1,1,1,1,7,1,1,1,4,50000,1,1,1,0
1,1,1,3,1,7,2,1,1,1,9,1,1,1,4,130000,1,1,1,0
1,1,1,1,2,2,1,2,1,1,5,1,2,1,3,101000,1,1,1,0
1,1,2,1,1,10,2,1,1,1,1,1,2,1,3,120000,1,1,1,0
1,1,1,7,3,3,2,3,2,1,6,1,1,1,2,160000,1,1,1,0
2,1,2,9,2,8,2,3,2,1,1,1,1,1,4,60000,1,1,1,0
1,1,9,10,12,2,2,1,1,1,1,1,2,1,3,250000,1,1,1,0
1,1,2,9,1,3,2,4,1,1,7,1,1,1,4,115000,1,1,1,0
2,1,3,1,2,9,2,3,2,1,8,5,2,1,2,960000,1,1,1,0
1,1,2,1,1,5,1,1,2,1,1,1,2,1,4,90000,1,1,1,0
1,1,2,10,1,6,1,2,1,1,7,2,1,1,4,85000,1,1,1,0
1,2,3,10,5,5,3,4,1,1,2,2,1,1,4,150000,1,1,1,0
1,1,1,1,1,7,2,4,1,2,4,1,1,1,4,132000,1,1,1,0
1,3,4,1,11,1,3,4,1,1,1,1,2,1,4,57000,1,1,1,0
2,1,2,2,13,3,3,2,1,1,7,1,2,1,2,85000,1,1,1,0
1,1,2,10,1,3,3,3,1,1,1,1,2,1,2,100000,1,1,1,0
1,1,2,1,2,3,2,1,1,1,7,1,2,1,2,94000,1,1,1,0
1,1,2,1,3,1,2,2,2,1,5,1,1,1,4,78000,1,1,1,0
1,1,2,3,1,6,3,1,1,1,2,1,1,1,3,84000,1,1,1,0
1,1,1,12,2,8,2,4,1,1,4,4,1,1,1,40000,1,1,1,0
1,2,1,1,13,4,3,2,1,1,9,4,1,1,1,75000,1,1,1,0
1,1,2,4,11,4,3,1,1,1,4,1,2,1,4,111000,1,1,1,0
1,2,2,10,11,1,3,4,1,1,9,1,2,1,4,70000,1,1,1,0
1,1,3,6,3,2,3,1,1,1,1,1,2,1,3,148000,1,1,1,0
1,1,3,4,1,4,2,1,1,1,7,1,1,1,4,57000,1,1,1,0
1,2,6,1,1,7,3,1,1,1,4,1,2,1,2,150000,1,1,1,0
1,1,2,8,2,8,2,4,1,1,7,1,1,1,4,80000,1,1,1,0
2,1,2,3,1,1,2,4,1,1,2,1,1,1,4,107100,1,1,1,0
1,1,3,8,1,4,2,1,1,1,1,1,2,1,2,140000,1,1,1,0
1,1,3,6,1,9,3,3,1,1,7,5,2,1,2,160000,1,1,1,0
1,1,3,6,14,3,3,2,1,1,1,1,2,1,3,196000,1,1,1,0
1,1,3,6,1,5,2,4,1,1,7,2,1,1,4,60000,1,1,1,0
1,1,2,1,1,1,2,4,1,1,1,1,1,1,4,100000,1,1,1,0
1,1,2,1,1,2,2,4,1,1,8,1,2,1,3,140000,1,1,1,0
1,1,2,1,1,2,1,3,1,1,9,1,1,1,5,115000,1,1,1,0
1,1,2,1,1,4,2,3,1,1,6,1,1,1,4,110000,1,1,1,0
2,1,2,1,12,8,3,2,2,2,1,5,1,1,1,1560000,1,1,1,0
1,1,2,4,13,6,2,1,2,2,8,1,1,1,4,115000,1,1,1,0
1,3,2,1,1,5,2,4,1,1,8,1,1,1,4,80000,1,1,1,0
1,1,2,1,12,2,3,1,1,2,1,1,1,1,3,185000,1,1,1,0
1,2,1,1,1,1,3,3,1,1,6,1,1,1,1,10800,1,1,1,0
1,1,3,1,1,7,2,2,1,1,1,1,1,1,2,135000,1,1,1,0
1,1,1,2,3,8,4,3,1,1,7,1,1,1,2,83000,1,1,1,0
2,3,2,1,1,1,2,2,1,1,7,7,2,1,4,74000,1,1,1,0
2,2,2,1,2,4,2,1,1,1,5,1,1,1,4,87800,1,1,1,0
1,1,2,9,12,3,3,2,1,1,1,2,1,1,4,65000,1,1,1,0
1,1,1,4,1,5,2,4,1,1,6,1,2,1,4,87500,1,1,1,0
1,1,2,3,11,4,3,2,1,1,5,1,2,1,4,57000,1,1,1,0
1,1,2,1,1,4,3,1,1,1,7,5,1,1,4,115000,1,1,1,0
1,2,2,6,2,1,3,1,1,1,7,1,2,1,4,74000,1,1,1,0
1,1,2,9,1,3,3,2,1,1,2,1,1,1,2,199500,1,1,1,0
2,1,2,1,2,5,3,1,1,1,7,1,1,1,4,43180,1,1,1,0
1,1,2,1,2,8,2,3,1,1,1,1,1,1,1,60000,1,1,1,0
2,1,2,1,3,3,2,3,1,1,1,1,2,1,2,101500,1,1,1,0
1,1,2,1,13,2,2,1,1,1,1,1,1,1,2,100000,1,1,1,0
1,2,6,1,1,4,3,1,1,1,7,1,1,1,1,15000,1,1,1,0
1,1,2,1,1,5,2,4,1,1,1,5,1,1,1,100000,1,1,1,0
1,1,2,10,1,8,3,4,1,1,1,1,1,1,4,65000,1,1,1,0
1,1,3,2,1,6,3,1,1,1,1,1,2,1,2,80000,1,1,1,0
1,1,2,9,1,5,1,2,1,1,1,3,1,1,1,90000,1,1,1,0
2,1,2,1,1,5,3,1,1,1,4,1,2,1,4,64000,1,1,1,0
1,1,2,6,1,3,2,3,1,1,2,1,1,1,4,149000,1,1,1,0
1,1,2,3,3,6,1,1,1,1,7,1,1,1,4,95000,1,1,1,0
1,1,2,10,1,4,2,3,1,1,1,1,1,1,4,87500,1,1,1,0
1,1,1,1,1,4,2,1,1,1,7,1,2,1,4,56000,1,1,1,0
2,1,2,7,3,2,2,4,1,1,7,1,2,1,3,110000,1,1,1,0
2,1,3,1,11,1,2,3,1,1,5,1,1,1,4,77000,1,1,1,0
1,2,1,3,11,8,3,4,1,1,7,2,1,1,1,100800,1,1,1,0
2,1,3,1,7,5,3,3,2,1,4,1,1,1,3,155000,1,1,1,0
1,1,2,1,1,5,2,3,1,3,3,1,1,1,2,40000,1,1,1,0
1,2,3,4,11,5,3,3,2,1,5,1,1,1,4,46333,1,1,1,0
1,1,5,10,4,2,2,2,1,1,7,1,1,1,5,200000,1,1,1,0
1,1,1,3,1,3,3,1,1,1,2,1,2,1,3,108000,1,1,1,0
2,1,2,1,1,3,2,1,1,1,5,1,1,1,4,90000,1,1,1,0
1,1,3,1,12,6,2,4,1,1,2,4,1,1,4,127000,1,1,1,0
1,1,3,8,11,8,3,4,1,1,1,1,1,1,4,75000,1,1,1,0
1,1,2,1,1,5,2,4,1,1,1,1,1,1,4,140000,1,1,1,0
2,1,2,9,2,4,2,4,2,1,7,2,1,1,4,85000,1,1,1,0
1,1,2,1,1,2,3,4,1,1,7,1,2,1,3,136000,1,1,1,0
1,2,1,1,1,4,2,4,2,1,7,2,1,1,1,12000,1,1,1,0
1,1,6,1,1,7,2,3,1,1,5,1,1,1,4,225000,1,1,1,0
1,1,2,4,11,4,2,3,1,1,7,1,1,1,1,424752,1,1,1,0
1,1,1,1,2,3,2,4,1,1,1,1,2,1,2,135500,1,1,1,0
1,1,2,3,8,8,3,1,1,1,7,1,1,1,1,60000,1,1,1,1
2,1,2,1,1,5,3,1,2,3,1,1,1,1,4,71400,1,1,1,0
1,1,2,6,3,8,2,3,1,1,6,2,1,1,1,110000,1,1,1,0
1,1,2,2,1,4,2,3,1,1,7,1,2,1,2,75000,1,1,1,0
1,1,2,4,15,8,2,4,2,2,3,3,1,1,1,636000,1,1,1,0
1,1,1,12,1,9,3,1,1,1,7,1,2,1,2,150000,1,1,1,0
1,1,1,1,1,2,2,3,1,1,5,7,1,1,5,90000,1,1,1,0
1,1,2,6,3,5,2,1,1,1,5,1,2,1,4,120000,1,1,1,0
1,1,2,6,1,10,2,1,1,1,6,1,2,1,2,140000,1,1,1,0
1,1,1,1,1,2,3,1,1,1,7,1,1,1,1,220000,1,1,1,0
1,1,2,6,1,7,2,2,1,1,7,1,1,1,2,105000,1,1,1,0
1,2,2,1,1,3,3,1,1,1,8,1,2,1,2,2000000,1,1,1,0
1,1,2,7,1,3,2,1,1,1,2,1,2,1,3,114500,1,1,1,0
1,2,6,3,11,8,2,4,2,2,1,1,1,1,1,40000,1,1,1,0
1,1,2,1,1,1,2,4,1,1,2,1,1,1,4,65000,1,1,1,0
1,1,4,3,1,10,2,1,1,1,4,1,2,1,2,80000,1,1,1,0
2,1,2,1,1,5,3,4,2,1,7,1,1,1,1,68000,1,1,1,0
1,1,2,1,1,1,2,3,1,1,4,1,2,1,4,105000,1,1,1,0
2,1,2,1,1,5,2,2,1,2,7,1,1,1,4,80000,1,1,1,0
2,1,2,1,1,5,2,2,2,4,1,1,1,1,4,70000,1,1,1,0
1,1,2,1,1,5,3,1,1,1,2,1,1,1,1,45000,1,1,1,0
1,1,3,1,1,3,3,1,2,2,7,2,1,1,4,160000,1,1,1,0
2,1,2,1,1,5,3,3,1,1,7,1,1,1,4,82000,1,1,1,0
1,1,2,1,1,1,2,3,1,1,5,1,1,1,4,150000,1,1,1,0
1,1,2,1,1,7,3,2,1,1,1,1,1,1,4,166000,1,1,1,0
1,1,1,1,13,6,3,4,1,1,7,4,2,1,2,206000,1,1,1,0
1,1,3,6,1,9,2,4,1,1,7,1,2,1,2,120000,1,1,1,0
1,1,3,7,2,4,2,3,1,1,7,1,1,1,4,82000,1,1,1,0
1,1,2,2,1,1,1,4,1,1,7,1,1,1,4,55000,1,1,1,0
2,1,3,10,1,6,3,1,1,1,7,1,2,1,4,150000,1,1,1,0
1,1,3,6,1,7,2,3,1,1,1,2,2,1,2,175000,1,1,1,0
1,1,2,9,1,5,2,2,1,1,2,2,1,1,4,60000,1,1,1,0
1,1,2,1,1,7,3,3,1,1,1,1,2,1,4,130000,1,1,1,0
1,1,2,1,1,3,3,2,1,1,7,1,2,1,2,89000,1,1,1,0
1,1,5,9,1,7,2,4,2,1,7,1,2,1,4,135000,1,1,1,0
2,1,2,3,1,5,2,4,1,1,7,1,1,1,4,118000,1,1,1,0
1,1,2,1,1,5,2,4,1,1,1,1,1,1,4,77000,1,1,1,0
1,1,2,1,1,5,2,4,1,1,1,1,1,1,4,235000,1,1,1,0
1,2,6,1,18,5,3,1,1,1,7,1,1,1,1,30000,1,1,1,0
1,1,2,1,1,1,2,2,1,1,7,2,1,1,1,150000,1,1,1,0
2,2,5,1,4,3,1,1,1,1,6,2,1,1,3,225000,1,1,1,0
1,3,2,10,4,4,3,1,1,1,5,1,1,1,4,90000,1,1,1,0
1,1,3,10,11,4,3,2,1,1,5,1,2,1,2,75000,1,1,1,0
1,1,2,1,1,2,2,1,1,1,7,1,1,1,2,127000,1,1,1,0
1,1,3,1,3,5,2,1,1,1,7,5,2,1,4,105000,1,1,1,0
1,1,1,1,2,3,2,2,1,1,5,1,2,1,2,115000,1,1,1,0
1,1,2,4,1,6,3,3,1,1,7,1,1,1,4,68000,1,1,1,0
1,1,2,7,3,7,2,1,1,1,7,1,1,1,2,130000,1,1,1,0
1,1,1,1,1,10,2,3,1,1,1,1,1,1,2,153750,1,1,1,0
1,1,2,6,5,5,2,3,1,1,7,5,1,1,4,170000,1,1,1,0
1,1,6,1,1,9,3,4,1,1,7,1,2,1,2,110000,1,1,1,0
1,1,2,1,4,6,1,1,1,1,1,1,1,1,4,105000,1,1,1,0
1,1,3,10,3,1,3,2,1,1,6,1,2,1,2,109000,1,1,1,0
1,1,2,1,1,7,2,1,1,1,1,1,2,1,4,104000,1,1,1,0
2,1,6,1,1,11,2,3,1,1,7,4,1,1,5,1560000,1,1,1,0
1,1,3,1,18,2,3,3,2,3,1,1,1,1,3,2000000,1,1,1,0
1,1,6,1,1,1,1,4,1,1,5,1,2,1,4,120000,1,1,1,0
2,1,3,1,1,7,2,3,1,1,1,5,2,1,2,177000,1,1,1,0
1,1,4,1,1,6,2,2,1,1,4,1,2,1,2,108000,1,1,1,0
1,1,1,1,1,5,2,2,1,1,1,4,1,1,2,130000,1,1,1,0
1,1,3,1,1,3,2,3,1,1,4,1,1,1,4,80000,1,1,1,0
1,1,6,4,1,6,1,1,1,1,2,7,1,1,4,39000,1,1,1,0
1,1,2,1,11,8,3,4,1,1,5,1,1,1,1,60000,1,1,1,0
2,1,2,3,1,4,3,4,1,1,7,1,2,1,4,65000,1,1,1,0
1,1,5,2,2,4,2,2,1,1,7,1,2,1,2,80000,1,1,1,0
2,1,2,6,11,4,3,3,1,1,6,1,1,1,4,68000,1,1,1,0
1,1,2,7,3,8,1,1,2,1,4,2,1,1,4,70000,1,1,1,0
1,2,3,8,19,8,2,4,1,1,6,1,1,1,4,52000,1,1,1,0
1,3,3,1,4,7,3,2,1,1,5,1,1,1,4,200000,1,1,1,0
1,2,1,1,18,5,2,1,1,1,2,1,1,1,1,15500,1,1,1,0
2,1,2,6,1,5,2,4,1,1,7,1,2,1,2,95000,1,1,1,0
1,3,2,8,11,4,2,1,1,1,7,1,1,1,1,73000,1,1,1,0
1,1,2,1,1,5,3,3,2,1,7,4,2,1,1,63000,1,1,1,0
1,1,1,1,1,3,2,4,1,1,2,1,2,1,2,125000,1,1,1,0
1,1,2,2,1,8,2,4,1,1,1,1,1,1,2,38000,1,1,1,0
2,1,2,1,1,9,3,1,1,1,7,1,2,1,2,133000,1,1,1,0
1,1,2,1,1,5,2,1,1,1,1,1,2,1,2,70000,1,1,1,0
2,1,2,1,1,1,3,1,1,3,5,2,1,1,4,125000,1,1,1,0
1,1,2,1,1,1,2,1,1,1,5,1,1,1,4,110000,1,1,1,0
1,1,2,6,3,4,2,1,1,1,2,1,1,1,4,114000,1,1,1,0
1,1,2,1,1,1,2,4,1,1,7,1,2,1,1,60000,1,1,1,0
1,1,3,10,1,5,2,4,1,1,7,1,1,1,4,65000,1,1,1,0
2,1,2,9,4,4,3,4,1,1,5,1,1,1,4,165000,1,1,1,0
2,1,2,4,1,4,3,4,1,1,4,1,1,1,4,56000,1,1,1,0
1,1,8,1,1,1,1,3,1,1,5,3,1,1,1,85000,1,1,1,0
1,1,2,5,3,1,2,4,2,2,5,1,1,1,4,62000,1,1,1,0
2,1,2,1,1,5,3,2,1,1,1,1,1,1,4,74000,1,1,1,0
1,1,2,1,3,6,3,3,1,1,8,1,2,1,2,100000,1,1,1,0
1,1,4,3,1,4,3,1,1,1,4,1,2,1,4,43700,1,1,1,0
2,1,2,1,1,9,2,2,1,1,1,1,1,1,2,85000,1,1,1,0
1,1,3,10,2,4,2,2,1,1,7,1,1,1,4,72000,1,1,1,0
1,1,1,1,5,3,2,1,1,1,7,4,1,1,2,135000,1,1,1,0
2,1,2,10,1,11,3,3,2,1,1,1,2,1,3,115000,1,1,1,0
1,1,1,1,1,5,3,4,1,1,7,1,2,1,4,75000,1,1,1,0
2,1,2,1,1,7,3,1,1,1,4,1,2,1,2,141100,1,1,1,0
2,1,2,1,1,5,3,3,1,1,1,1,2,1,4,82000,1,1,1,0
2,1,2,1,11,7,2,1,1,1,1,1,2,1,4,88000,1,1,1,0
1,3,4,5,3,8,3,2,1,1,9,1,1,1,1,16000,1,1,1,0
1,1,2,3,1,4,2,2,1,1,7,7,1,1,4,56000,1,1,1,0
1,1,2,8,2,4,3,2,1,1,5,1,1,1,4,123000,1,1,1,0
1,1,1,8,1,3,2,1,1,1,5,1,2,1,2,100000,1,1,1,0
1,1,2,1,1,1,3,4,1,1,7,1,1,1,4,80000,1,1,1,0
1,1,2,1,13,1,2,4,1,1,7,1,1,1,4,160000,1,1,1,0
1,1,2,2,1,4,2,4,1,1,1,1,1,1,4,92000,1,1,1,0
1,1,3,1,1,9,2,2,1,1,4,1,2,1,2,140000,1,1,1,0
1,2,2,1,3,5,1,4,1,1,4,2,1,1,4,95000,1,1,1,0
1,1,6,10,6,6,1,4,1,1,7,2,1,1,4,70000,1,1,1,0
1,1,3,10,4,4,1,1,1,1,1,1,1,1,4,115000,1,1,1,0
1,1,2,1,1,1,2,3,1,1,7,1,1,1,4,110000,1,1,1,0
1,1,2,9,3,4,1,1,1,1,7,1,1,1,2,80000,1,1,1,0
1,1,2,1,1,10,2,4,1,1,7,1,2,1,3,84000,1,1,1,0
2,1,2,9,13,4,2,4,1,1,5,4,2,1,5,48500,1,1,1,0
1,1,2,6,2,7,2,1,1,1,8,1,2,1,3,175000,1,1,1,0
1,1,2,1,3,4,2,1,1,1,5,1,1,1,4,89100,1,1,1,0
1,1,2,3,2,1,3,1,1,1,7,1,2,1,4,80000,1,1,1,0
1,1,2,9,1,9,2,1,1,1,5,1,2,1,3,150000,1,1,1,0
2,1,2,1,1,3,3,4,1,1,5,1,2,1,2,145000,1,1,1,0
1,2,6,1,16,4,3,4,1,1,7,5,1,1,1,6000,1,1,1,0
2,1,2,3,1,10,2,1,1,1,6,1,1,1,3,146000,1,1,1,0
1,1,2,1,1,3,2,3,1,1,8,1,2,1,2,135000,1,1,1,0
1,1,2,1,1,4,2,4,1,1,5,1,1,1,1,60000,1,1,1,0
1,1,2,8,1,1,2,1,1,1,2,1,2,1,4,65000,1,1,1,0
1,1,3,1,1,2,2,3,1,1,1,1,2,1,3,145000,1,1,1,0
1,2,4,1,16,2,1,2,1,4,4,7,1,1,2,17000,1,1,1,0
2,1,2,6,6,4,3,3,2,1,7,1,2,1,4,20000,1,1,1,0
1,1,2,1,1,4,2,2,1,1,4,1,1,1,4,80000,1,1,1,0
2,1,2,8,1,4,2,2,1,1,7,1,2,1,2,130000,1,1,1,0
1,1,1,1,1,5,2,4,1,1,1,1,1,1,2,130000,1,1,1,0
2,1,2,3,1,3,3,4,1,1,7,1,2,1,2,110000,1,1,1,0
1,1,2,1,1,9,2,4,1,1,1,1,2,1,2,2000000,1,1,1,0
1,3,2,10,2,4,2,3,1,1,1,1,1,1,1,80000,1,1,1,0
2,1,2,6,1,1,3,4,1,1,7,1,1,1,2,1920000,1,1,1,0
1,1,2,1,1,4,2,1,1,1,5,1,1,1,1,60000,1,1,1,0
1,1,2,1,12,1,2,4,1,1,1,1,1,1,1,80000,1,1,1,0
1,1,2,1,2,1,2,1,1,1,7,1,2,1,4,123000,1,1,1,0
1,1,2,6,3,4,2,3,2,2,7,4,1,1,4,840000,1,1,1,0
1,1,2,7,1,8,3,4,2,1,1,6,2,1,4,98000,1,1,1,0
2,1,2,1,1,5,3,2,1,1,7,4,1,1,4,69400,1,1,1,0
1,1,2,1,1,4,1,1,1,1,2,1,1,1,1,24000,1,1,1,0
1,1,2,7,3,7,3,4,1,1,7,1,1,1,2,115000,1,1,1,0
2,1,3,1,2,3,2,3,2,1,7,1,1,1,2,145000,1,1,1,0
1,1,2,1,1,5,3,3,1,1,5,1,2,1,2,80000,1,1,1,0
1,1,3,1,2,1,3,1,1,1,1,1,1,1,4,170000,1,1,1,0
1,1,3,1,1,10,2,4,1,1,2,1,2,1,4,91000,1,1,1,0
1,1,2,6,2,4,2,4,1,1,7,1,1,1,4,55000,1,1,1,0
1,1,2,1,1,7,3,3,1,1,7,5,1,1,2,150000,1,1,1,0
2,1,4,12,14,5,3,1,1,1,5,1,2,1,4,145000,1,1,1,0
1,3,2,7,2,8,3,3,1,1,1,1,2,1,2,50000,1,1,1,0
1,2,4,1,16,8,3,3,1,1,4,1,1,1,1,34000,1,1,1,0
1,1,2,4,1,4,3,3,1,1,7,1,1,1,4,91000,1,1,1,0
2,1,1,5,1,7,1,1,1,1,3,1,1,1,4,51000,1,1,1,0
1,1,2,1,1,6,1,1,1,1,7,1,1,1,4,150000,1,1,1,0
1,1,2,1,2,4,2,3,1,3,2,1,1,1,4,57400,1,1,1,0
1,1,2,6,1,3,3,4,1,1,5,1,2,1,3,120000,1,1,1,0
1,1,2,3,1,7,2,4,1,1,7,1,2,1,4,190000,1,1,1,0
1,1,2,1,1,1,3,3,1,1,1,1,1,1,4,65921,1,1,1,0
2,1,2,10,1,2,2,2,1,1,7,1,2,1,2,131000,1,1,1,0
2,1,2,1,1,5,3,4,1,1,5,3,1,1,2,160000,1,1,1,0
1,1,2,6,1,4,2,3,1,1,1,5,1,1,4,117000,1,1,1,0
2,1,3,1,1,3,3,1,1,1,8,1,1,1,2,125000,1,1,1,0
1,1,2,4,1,6,2,2,1,1,1,1,1,1,4,111000,1,1,1,0
1,1,2,2,1,8,2,3,1,1,7,1,1,1,4,55000,1,1,1,0
1,1,2,2,12,6,3,2,1,1,1,1,2,1,2,134600,1,1,1,0
2,1,3,9,1,6,4,4,1,1,7,1,1,1,3,160000,1,1,1,0
1,1,2,3,1,6,2,1,1,2,1,1,1,1,4,77500,1,1,1,0
1,1,4,1,1,2,2,1,1,1,7,1,1,1,3,112000,1,1,1,0
2,1,2,1,1,5,3,4,1,1,7,1,1,1,1,95000,1,1,1,0
1,2,2,1,1,6,2,3,1,1,1,1,1,1,4,155000,1,1,1,0
1,2,4,1,2,7,1,3,2,1,4,1,1,1,4,60000,1,1,1,0
1,1,2,6,1,1,2,1,1,1,1,1,1,1,4,125000,1,1,1,0
2,1,2,1,14,6,2,1,1,1,5,1,2,1,4,110000,1,1,1,0
1,1,1,1,1,6,3,1,1,1,2,1,1,1,1,84000,1,1,1,0
1,1,2,3,1,6,2,1,1,1,5,1,1,1,4,60000,1,1,1,0
1,1,3,4,1,8,3,4,1,1,2,1,1,1,1,75000,1,1,1,0
1,1,6,3,1,9,3,3,1,1,5,1,2,1,2,142000,1,1,1,0
1,1,2,1,1,3,2,1,1,1,5,7,1,1,4,60000,1,1,1,0
1,2,1,1,16,4,2,3,1,1,7,6,1,1,1,9000,1,1,1,0
1,1,2,1,1,1,2,1,1,1,9,1,1,1,4,124000,1,1,1,0
2,1,2,1,1,5,2,3,1,1,2,1,1,1,1,135000,1,1,1,0
1,1,3,10,13,5,3,2,1,1,1,7,2,1,2,53000,1,1,1,0
2,1,2,1,12,1,3,3,2,1,7,1,1,1,4,55000,1,1,1,0
1,1,2,9,1,1,2,3,1,1,7,1,2,1,2,135000,1,1,1,0
1,1,2,1,2,1,2,2,1,1,7,1,1,1,4,77000,1,1,1,0
1,1,2,7,1,5,2,3,2,4,1,1,1,1,1,75000,1,1,1,0
1,2,2,3,1,1,2,1,1,1,2,1,2,1,2,89000,1,1,1,0
1,1,2,6,2,4,2,4,1,1,7,1,1,1,1,96000,1,1,1,0
1,1,1,1,9,4,3,1,1,1,1,1,1,1,4,42000,1,1,1,0
1,1,2,8,1,5,2,3,1,1,5,1,2,1,4,124000,1,1,1,0
1,2,2,1,1,4,3,1,1,1,7,1,1,1,4,64000,1,1,1,0
1,1,2,3,1,11,3,4,1,1,1,1,2,1,3,130000,1,1,1,0
1,1,5,9,13,10,2,3,1,1,7,1,2,1,2,220000,1,1,1,0
1,1,1,1,1,10,2,1,1,1,7,1,2,1,2,42000,1,1,1,0
1,1,2,1,1,1,1,1,1,1,7,1,1,1,4,66000,1,1,1,0
1,1,2,1,6,4,3,1,1,1,5,1,1,1,1,80000,1,1,1,0
1,1,6,5,11,8,3,2,1,1,1,1,2,1,3,63000,1,1,1,0
2,1,2,1,13,3,2,1,1,1,7,1,2,1,2,50000,1,1,1,0
1,1,3,1,2,7,4,2,1,1,7,1,1,1,4,157500,1,1,1,0
1,1,2,1,1,4,2,4,1,1,7,1,1,1,2,80000,1,1,1,0
1,1,2,1,1,5,2,2,1,1,7,1,1,1,1,90000,1,1,1,0
1,1,3,1,13,6,2,4,2,1,4,1,1,1,4,72000,1,1,1,0
2,1,2,9,1,5,3,4,1,1,1,1,1,1,4,200000,1,1,1,0
1,1,3,1,14,9,2,4,1,1,1,1,1,1,2,160000,1,1,1,0
1,1,2,10,1,1,2,3,1,1,7,6,2,1,4,120175,1,1,1,0
1,1,6,1,1,1,2,1,1,1,4,1,2,1,1,2000000,1,1,1,0
1,1,3,5,6,7,2,3,1,1,1,1,2,1,2,143000,1,1,1,0
1,1,3,1,2,11,2,4,1,1,6,1,2,1,2,115000,1,1,1,0
1,1,2,4,3,3,1,3,1,1,7,1,1,1,3,55000,1,1,1,0
1,1,5,10,1,3,3,1,1,1,5,1,2,1,2,125000,1,1,1,0
1,1,2,1,1,5,3,3,1,1,4,1,1,1,4,63000,1,1,1,0
2,1,1,1,1,7,3,3,1,1,7,1,1,1,2,132000,1,1,1,0
2,1,9,2,14,5,2,1,2,1,8,1,2,1,4,98000,1,1,1,0
2,1,2,1,14,2,3,4,1,1,1,1,1,1,5,150000,1,1,1,0
1,1,2,1,1,3,2,4,1,1,4,1,1,1,4,2000000,1,1,1,0
2,1,4,1,1,2,2,3,1,1,9,1,2,1,3,150000,1,1,1,0
2,1,2,1,14,6,2,2,2,2,6,3,1,1,4,129000,1,1,1,0
1,1,2,1,1,1,2,4,1,1,7,1,1,1,4,126000,1,1,1,0
1,1,1,1,1,6,3,4,1,1,2,4,2,1,2,93000,1,1,1,0
2,1,2,7,2,4,2,4,2,1,7,5,1,1,4,115000,1,1,1,0
1,1,2,2,1,1,2,3,2,1,2,1,1,1,4,93000,1,1,1,0
2,2,3,1,1,6,2,2,1,1,7,6,2,1,2,195000,1,1,1,0
1,1,2,4,1,1,3,1,1,1,1,1,1,1,4,85000,1,1,1,0
1,2,1,1,16,8,4,2,1,1,2,1,1,1,4,3000,1,1,1,0
1,2,2,1,11,5,2,4,1,1,7,1,2,1,4,80000,1,1,1,0
1,1,1,12,3,3,2,2,1,1,7,1,1,1,3,100000,1,1,1,0
1,1,3,1,1,7,3,4,1,1,1,1,2,1,2,138500,1,1,1,0
1,1,2,3,2,6,3,3,1,1,8,1,1,1,2,90000,1,1,1,0
1,1,2,1,11,1,3,1,1,1,1,1,1,1,4,86000,1,1,1,0
2,1,2,1,1,11,2,3,1,1,1,1,2,1,3,90000,1,1,1,0
1,1,2,1,1,6,1,1,1,1,7,1,1,1,4,95000,1,1,1,0
2,1,2,1,1,6,3,4,2,1,4,1,1,1,2,63000,1,1,1,0
1,1,4,1,1,5,2,4,1,3,2,1,1,1,4,60000,1,1,1,0
1,1,3,7,2,6,2,3,1,2,1,1,1,1,4,64800,1,1,1,0
1,1,2,1,4,5,3,1,1,1,7,1,1,1,1,90000,1,1,1,0
1,1,2,4,8,4,1,3,1,1,7,6,1,1,4,65000,1,1,1,1
1,1,2,1,5,4,3,4,1,1,6,1,1,1,4,180000,1,1,1,0
1,1,3,3,2,7,2,1,1,1,1,1,1,1,2,132500,1,1,1,0
1,1,2,6,2,5,2,2,1,1,9,5,1,1,4,180000,1,1,1,0
1,1,2,4,1,5,2,3,1,1,7,1,2,1,4,65000,1,1,1,0
1,1,1,6,11,5,2,1,1,1,7,4,1,1,4,50000,1,1,1,0
1,1,2,1,4,5,2,2,1,1,8,6,1,1,1,96000,1,1,1,0
1,1,2,9,1,1,1,3,1,1,7,1,1,1,4,155000,1,1,1,0
1,1,2,1,2,5,3,1,1,1,7,1,2,1,2,960000,1,1,1,0
1,1,2,6,15,2,2,2,1,1,7,1,2,1,5,102000,1,1,1,0
1,1,1,1,2,1,3,2,1,1,4,1,1,1,4,150000,1,1,1,0
1,1,1,2,1,8,3,1,1,1,5,1,2,1,1,50000,1,1,1,0
1,1,2,4,1,8,3,2,1,1,6,2,2,1,1,80000,1,1,1,0
2,1,3,7,1,4,2,3,1,1,2,1,1,1,4,90000,1,1,1,0
1,1,2,1,1,2,2,3,1,1,1,1,2,1,2,140000,1,1,1,0
1,3,2,7,7,8,2,2,2,1,7,4,2,1,4,12400,1,1,1,0
1,1,2,1,1,10,1,1,1,1,5,1,1,1,3,79000,1,1,1,0
1,1,1,1,1,3,1,4,1,1,8,1,2,1,4,90000,1,1,1,0
1,1,2,1,1,6,3,2,1,1,5,1,1,1,2,167000,1,1,1,0
1,1,4,7,3,8,3,4,2,1,1,1,1,1,4,17500,1,1,1,0
1,1,2,1,1,5,2,3,1,1,1,1,1,1,4,97000,1,1,1,0
1,2,2,3,1,4,3,4,1,1,2,6,1,1,4,85000,1,1,1,0
1,2,2,1,1,1,2,4,1,1,9,1,2,1,4,320000,1,1,1,0
1,1,3,1,1,5,2,4,1,1,7,1,2,1,4,80000,1,1,1,0
1,1,2,1,1,9,2,1,1,1,7,1,1,1,2,93000,1,1,1,0
1,1,1,7,3,8,2,3,1,1,5,1,1,1,1,42500,1,1,1,0
1,1,3,1,1,6,2,1,1,1,2,5,1,1,4,120000,1,1,1,0
1,1,2,6,1,5,2,4,1,1,1,1,1,1,4,1200000,1,1,1,0
2,1,3,10,1,2,3,2,1,1,7,1,2,1,3,150000,1,1,1,0
1,1,2,1,13,4,2,4,1,1,1,1,1,1,1,62000,1,1,1,0
1,1,5,4,4,7,3,3,1,1,6,1,1,1,4,102960,1,1,1,0
2,1,3,6,1,8,2,4,1,1,6,4,1,1,2,2000000,1,1,1,0
2,1,2,4,19,5,2,4,1,1,2,1,1,1,2,65000,1,1,1,0
1,1,4,1,3,5,2,3,1,1,7,5,1,1,4,50000,1,1,1,0
2,1,2,10,1,3,1,1,1,1,7,1,1,1,4,65000,1,1,1,0
2,1,3,1,5,5,2,4,2,1,1,5,1,1,4,80000,1,1,1,0
1,1,2,1,3,5,2,4,1,1,6,2,2,1,2,100000,1,1,1,0
1,1,3,1,1,4,2,3,1,1,7,1,1,1,4,130000,1,1,1,0
2,1,3,1,18,3,2,2,1,1,1,1,2,1,2,140000,1,1,1,0
1,1,2,2,1,1,2,4,1,1,6,1,2,1,4,73800,1,1,1,0
1,1,2,1,7,1,1,4,2,2,1,1,1,1,4,80000,1,1,1,0
1,1,3,1,2,6,2,4,1,1,1,1,1,1,4,100000,1,1,1,0
1,1,2,1,1,5,2,1,1,1,7,1,1,1,4,70000,1,1,1,0
2,1,2,3,2,5,3,3,1,1,2,1,1,1,4,85000,1,1,1,0
1,1,2,7,1,8,3,4,2,1,7,1,1,1,1,65000,1,1,1,0
1,1,2,1,1,1,3,3,1,1,1,1,1,1,4,2000000,1,1,1,0
1,1,4,11,1,4,1,3,1,1,1,7,1,1,4,65000,1,1,1,0
1,1,1,10,1,4,2,3,2,3,5,1,1,1,4,115000,1,1,1,0
1,1,2,4,1,1,3,1,1,1,1,1,1,1,2,75000,1,1,1,0
2,1,2,1,1,7,2,1,1,1,7,7,2,1,2,118000,1,1,1,0
1,1,6,6,1,4,1,1,1,1,1,1,1,1,1,65000,1,1,1,0
2,1,2,8,2,2,3,2,1,1,6,1,1,1,3,111000,1,1,1,0
1,1,3,9,1,6,2,4,1,1,8,1,2,1,2,142000,1,1,1,0
1,1,2,1,1,4,3,4,1,1,5,1,1,1,1,67000,1,1,1,0
1,3,2,1,1,10,2,1,1,1,7,1,2,1,2,95000,1,1,1,0
1,1,2,9,18,1,2,3,1,1,1,4,1,1,2,90000,1,1,1,0
2,1,2,1,1,4,3,4,1,1,7,1,1,1,4,60000,1,1,1,0
2,1,2,1,1,6,3,1,1,1,2,1,1,1,4,75000,1,1,1,0
2,1,2,1,1,1,2,2,1,2,2,1,2,1,4,103000,1,1,1,0
1,1,2,1,1,5,2,2,1,1,1,1,1,1,1,128000,1,1,1,0
1,1,2,2,2,4,2,4,2,1,7,3,1,1,4,75000,1,1,1,0
1,2,4,1,3,5,2,4,1,1,6,1,1,1,4,15000,1,1,1,0
1,3,3,9,3,4,2,3,1,1,2,1,1,1,2,90000,1,1,1,0
1,1,2,1,1,2,2,3,1,1,9,6,1,1,4,125000,1,1,1,0
1,2,1,7,1,6,2,1,1,1,4,1,1,1,4,126000,1,1,1,0
1,1,3,1,18,2,2,4,1,1,7,1,2,1,3,155000,1,1,1,0
1,1,1,1,1,1,3,1,1,1,7,1,1,1,4,75000,1,1,1,0
1,1,2,7,2,4,2,3,1,1,1,1,1,1,4,70000,1,1,1,0
1,1,2,8,3,4,3,2,1,1,5,4,1,1,2,75000,1,1,1,0
1,1,3,1,1,1,2,4,1,1,1,1,2,1,4,145000,1,1,1,0
1,1,2,1,1,10,2,1,1,1,7,1,1,1,2,200000,1,1,1,0
2,1,2,10,4,4,3,2,2,1,1,1,1,1,1,130000,1,1,1,0
1,1,2,3,1,4,2,4,1,1,7,3,2,1,4,85000,1,1,1,0
1,1,3,10,1,5,2,1,1,1,4,1,1,1,4,120000,1,1,1,0
2,1,2,3,1,1,3,4,1,1,7,1,1,1,4,140000,1,1,1,0
1,1,2,7,2,8,1,2,1,1,7,1,1,1,4,75000,1,1,1,0
1,1,1,9,2,8,2,1,2,1,7,6,1,1,4,85000,1,1,1,0
1,1,2,1,1,6,1,4,1,1,4,1,1,1,4,90000,1,1,1,0
1,1,2,1,13,5,2,3,1,1,8,1,1,1,4,92500,1,1,1,0
1,1,2,1,12,9,2,4,1,1,8,1,2,1,2,100000,1,1,1,0
1,1,2,3,1,5,3,1,1,1,7,1,2,1,2,135000,1,1,1,0
2,1,2,1,1,5,2,1,1,1,4,2,1,1,4,70000,1,1,1,0
1,1,2,1,5,5,2,1,1,1,4,1,1,1,4,55000,1,1,1,0
1,1,2,1,1,5,2,1,1,1,6,1,1,1,1,80000,1,1,1,0
2,1,3,9,11,5,3,3,1,1,6,1,1,1,4,90000,1,1,1,0
1,1,2,1,1,4,3,3,1,1,7,2,1,1,4,150000,1,1,1,0
1,1,2,1,3,4,2,1,1,1,2,1,1,1,4,85000,1,1,1,0
1,1,2,9,11,4,2,3,1,1,7,1,1,1,4,42000,1,1,1,0
1,1,3,3,1,8,2,1,1,1,7,5,1,1,1,70000,1,1,1,0
1,1,2,1,1,1,1,1,1,1,7,1,1,1,1,65000,1,1,1,0
2,1,4,1,1,1,3,1,1,1,2,1,1,1,1,75000,1,1,1,0
2,1,2,1,1,6,2,3,1,1,5,2,1,1,4,95000,1,1,1,0
2,1,3,1,1,4,3,1,1,1,7,5,1,1,4,120000,1,1,1,0
1,1,1,6,1,2,2,3,1,1,1,1,1,1,5,120000,1,1,1,0
1,1,2,5,3,5,2,4,2,1,7,1,1,1,4,83000,1,1,1,0
1,1,2,1,1,6,2,1,1,1,1,1,2,1,4,145000,1,1,1,0
1,1,3,1,1,1,2,3,1,1,5,1,1,1,4,115000,1,1,1,0
1,1,3,1,4,4,2,3,2,2,8,5,1,1,4,98000,1,1,1,0
1,1,3,1,1,7,2,1,1,3,2,1,1,1,2,76000,1,1,1,0
2,1,2,1,14,6,2,4,1,1,4,1,1,1,2,140000,1,1,1,0
2,1,2,1,1,1,2,4,1,1,2,1,1,1,4,96000,1,1,1,0
1,1,3,5,6,1,2,4,1,1,5,2,2,1,4,45000,1,1,1,0
1,1,2,10,4,1,3,4,1,1,1,1,2,1,4,86000,1,1,1,0
1,1,2,1,1,7,3,1,1,1,7,1,1,1,4,125000,1,1,1,0
1,1,8,1,1,7,2,1,1,1,5,1,1,1,4,120000,1,1,1,0
1,1,2,1,1,9,3,1,1,1,7,1,1,1,2,75000,1,1,1,0
1,3,2,1,2,9,3,1,1,1,7,1,2,1,3,205000,1,1,1,0
1,1,3,1,14,3,3,1,1,1,8,1,2,1,2,2000000,1,1,1,0
1,1,3,1,2,5,3,2,1,1,1,1,1,1,4,100000,1,1,1,0
2,1,2,1,1,6,1,1,1,1,7,1,1,1,4,176000,1,1,1,0
1,3,1,2,3,5,2,3,1,1,7,1,1,1,4,85000,1,1,1,0
1,1,2,2,3,7,2,4,2,2,7,1,1,1,4,48000,1,1,1,0
2,2,3,1,4,1,2,3,1,1,1,1,1,1,4,37000,1,1,1,0
1,1,1,1,1,7,2,3,2,2,1,1,1,1,4,160000,1,1,1,0
1,2,2,1,1,5,2,1,1,1,8,4,1,1,1,50000,1,1,1,0
1,1,3,1,11,4,2,3,1,1,7,1,1,1,1,80000,1,1,1,0
1,1,1,1,12,4,3,4,1,1,9,4,1,1,1,65000,1,1,1,0
1,1,5,6,1,5,3,3,1,1,1,1,2,1,3,192500,1,1,1,0
1,1,1,12,1,9,2,1,1,1,2,1,1,1,2,110000,1,1,1,0
1,1,2,1,13,7,2,3,1,1,4,1,2,1,4,144000,1,1,1,0
1,1,2,6,1,6,2,4,1,1,7,1,1,1,2,105000,1,1,1,0
1,1,1,1,1,2,3,1,1,1,1,1,2,1,3,30000,1,1,1,0
1,1,2,1,1,5,2,4,2,3,4,4,2,1,2,65000,1,1,1,0
2,1,2,9,2,3,3,2,2,1,1,1,2,1,2,85000,1,1,1,0
1,1,3,6,1,9,2,3,1,1,2,1,1,1,4,105000,1,1,1,0
1,1,2,6,1,5,2,4,1,1,4,1,2,1,4,80000,1,1,1,0
1,1,3,6,1,5,3,4,1,1,6,1,2,1,4,100000,1,1,1,0
2,1,3,1,1,6,3,1,1,1,2,6,1,1,4,115000,1,1,1,0
1,1,1,6,1,1,2,1,1,1,2,1,1,1,2,72000,1,1,1,0
2,1,4,5,1,4,2,1,1,1,4,1,1,1,1,41000,1,1,1,0
1,1,2,1,18,5,3,3,1,1,1,1,1,1,1,79900,1,1,1,0
1,1,2,1,1,3,3,1,1,1,7,1,2,1,2,92000,1,1,1,0
1,1,2,3,2,7,2,1,1,1,7,1,2,1,2,117500,1,1,1,0
2,1,2,1,1,1,3,1,1,1,7,1,1,1,4,69900,1,1,1,0
1,1,2,1,1,6,2,3,1,1,1,1,1,1,4,119600,1,1,1,0
2,1,3,6,14,2,3,3,1,1,8,1,2,1,5,170000,1,1,1,0
2,1,2,7,5,6,3,4,1,1,6,1,2,1,2,300000,1,1,1,0
1,1,2,1,1,5,2,3,1,2,7,1,1,1,1,60000,1,1,1,0
1,1,1,1,11,5,2,3,1,1,2,1,2,1,4,80000,1,1,1,0
1,1,3,1,1,3,2,1,1,1,7,1,2,1,2,120000,1,1,1,0
1,1,2,10,2,7,2,3,1,2,4,1,1,1,4,187000,1,1,1,0
1,3,2,1,1,5,3,4,1,1,7,5,1,1,4,130000,1,1,1,0
2,1,2,7,1,8,3,2,2,1,1,1,1,1,4,99000,1,1,1,0
1,1,2,10,1,4,3,3,1,1,7,1,1,1,4,60000,1,1,1,0
1,1,2,1,6,4,3,4,1,1,1,1,1,1,1,64000,1,1,1,0
1,1,2,10,1,4,3,4,1,1,7,1,1,1,1,63000,1,1,1,0
1,1,5,9,4,10,3,1,1,3,6,1,1,1,4,130500,1,1,1,0
1,1,3,8,2,4,3,1,1,1,2,1,2,1,2,92000,1,1,1,0
1,1,1,1,1,6,2,1,1,1,2,7,1,1,4,80000,1,1,1,0
1,2,2,1,1,5,2,2,1,1,7,1,1,1,1,108000,1,1,1,0
1,1,3,10,1,5,2,3,1,1,1,1,1,1,4,105000,1,1,1,0
2,1,2,6,1,1,3,1,1,1,7,2,1,1,4,88800,1,1,1,0
1,1,3,10,1,1,3,3,1,1,7,1,1,1,4,181000,1,1,1,0
1,1,3,1,1,3,2,2,1,1,7,1,2,1,2,105000,1,1,1,0
1,1,2,1,5,5,2,3,1,1,6,5,1,1,1,82000,1,1,1,0
1,1,2,9,10,2,2,4,1,1,7,4,1,1,3,200000,1,1,1,0
1,1,1,1,1,11,2,1,1,1,7,1,1,1,2,134000,1,1,1,0
1,3,6,1,3,8,4,2,1,3,1,6,1,1,1,40000,1,1,1,0
2,1,3,9,1,2,2,3,1,1,1,1,1,1,3,135000,1,1,1,0
1,1,4,3,1,6,2,3,1,1,5,1,1,1,2,45000,1,1,1,0
1,1,3,10,1,1,2,4,1,1,7,1,2,1,2,125000,1,1,1,0
1,1,3,1,1,6,2,2,1,1,1,1,1,1,4,130000,1,1,1,0
2,1,3,1,2,7,3,3,1,1,2,1,1,1,2,95000,1,1,1,0
2,1,3,1,2,10,3,4,1,1,1,1,2,1,2,227000,1,1,1,0
1,1,4,1,1,3,2,1,1,1,5,3,1,1,1,82500,1,1,1,0
1,1,5,1,4,2,3,2,1,1,7,1,2,1,2,221000,1,1,1,0
1,1,2,10,1,8,1,1,1,1,7,1,1,1,4,55000,1,1,1,0
1,1,2,7,1,4,2,4,1,1,4,1,1,1,4,65000,1,1,1,0
1,1,2,1,1,1,1,1,1,1,2,1,1,1,4,150000,1,1,1,0
2,1,2,10,1,4,2,3,1,1,4,1,1,1,4,73500,1,1,1,0
1,1,2,2,1,4,3,1,1,1,7,1,1,1,4,52000,1,1,1,0
1,1,1,7,3,8,2,1,2,2,1,1,1,1,4,45000,1,1,1,0
1,1,2,1,5,5,3,3,1,1,7,1,1,1,4,156000,1,1,1,0
2,1,2,7,2,8,2,4,2,2,2,3,1,1,4,30000,1,1,1,0
2,1,6,1,9,4,2,1,1,1,7,1,2,1,2,90000,1,1,1,0
1,1,8,1,1,1,1,4,1,1,5,1,1,1,2,400000,1,1,1,0
1,1,2,1,1,4,3,3,1,1,7,1,1,1,4,57000,1,1,1,0
1,1,2,1,1,3,2,4,2,1,1,1,1,1,4,75000,1,1,1,0
1,1,3,1,3,7,3,2,1,1,7,1,2,1,1,87000,1,1,1,0
2,1,2,1,1,5,2,2,1,1,2,1,1,1,4,75000,1,1,1,0
1,1,1,1,3,5,2,1,1,1,7,1,1,1,4,110000,1,1,1,0
1,1,2,4,1,7,3,4,1,1,7,1,2,1,2,0,1,1,1,0
1,1,5,9,4,1,2,4,1,1,8,1,2,1,4,100000,1,1,1,0
2,1,2,1,2,1,2,1,1,1,5,1,1,1,4,80000,1,1,1,0
2,1,2,6,2,6,1,3,1,3,8,1,1,1,4,110000,1,1,1,0
1,1,3,1,1,1,3,1,1,1,1,4,1,1,4,119000,1,1,1,0
1,2,4,1,1,4,3,3,1,1,4,1,1,1,1,60000,1,1,1,0
1,1,3,1,13,1,2,1,2,2,2,1,2,1,4,95000,1,1,1,0
1,1,2,1,5,6,2,4,1,1,9,1,1,1,1,210000,1,1,1,0
1,1,2,1,1,1,1,4,1,1,7,1,1,1,4,88500,1,1,1,0
1,1,2,1,5,1,3,4,1,1,5,4,1,1,4,85000,1,1,1,0
1,1,2,6,6,8,3,4,1,1,7,1,2,1,4,110000,1,1,1,0
1,1,2,1,2,5,3,1,1,1,1,1,1,1,1,78000,1,1,1,0
2,1,2,1,11,4,3,1,1,1,5,1,2,1,2,46500,1,1,1,0
2,1,2,4,2,4,2,4,1,1,7,1,2,1,4,90000,1,1,1,0
1,1,2,2,3,8,2,3,1,1,5,4,1,1,4,78500,1,1,1,0
1,3,2,1,1,1,2,4,1,1,7,1,2,1,4,80400,1,1,1,0
1,3,2,10,1,4,3,1,1,1,6,1,2,1,4,100000,1,1,1,0
1,1,2,3,13,4,2,2,1,1,1,1,1,1,1,63000,1,1,1,0
1,1,6,3,1,4,1,4,1,1,7,1,1,1,1,30000,1,1,1,0
1,1,3,1,2,5,1,2,1,1,1,1,1,1,1,26400,1,1,1,0
1,1,2,1,14,7,3,3,1,3,7,1,1,1,3,200000,1,1,1,0
1,1,3,1,5,1,1,2,1,1,6,3,1,1,4,170000,1,1,1,0
1,1,1,1,1,4,3,3,1,1,5,1,1,1,4,105000,1,1,1,0
1,1,2,3,1,6,2,3,1,1,7,4,2,1,4,123585,1,1,1,0
2,1,2,6,17,1,2,1,1,1,1,1,1,1,4,114400,1,1,1,0
1,1,2,9,1,4,3,2,2,1,1,1,1,1,1,60000,1,1,1,0
1,1,3,1,13,5,2,4,1,1,1,1,2,1,4,130000,1,1,1,0
1,2,1,1,1,4,1,3,1,1,7,4,1,1,1,40000,1,1,1,0
1,1,3,1,1,7,2,3,1,1,4,1,1,1,4,170000,1,1,1,0
1,1,3,7,1,5,2,4,1,1,7,1,2,1,2,80000,1,1,1,0
1,3,2,6,11,4,2,1,1,1,7,1,1,1,1,80000,1,1,1,0
1,1,3,4,1,7,2,2,1,1,2,1,2,1,3,87000,1,1,1,0
1,1,1,3,1,1,2,3,1,1,2,1,1,1,4,71000,1,1,1,0
1,1,1,12,5,9,2,4,1,1,2,1,1,1,3,70000,1,1,1,0
1,1,1,10,1,2,2,4,1,1,9,5,1,1,1,125000,1,1,1,0
1,1,2,9,1,3,1,1,1,1,4,1,2,1,2,135000,1,1,1,0
1,1,2,1,1,4,2,4,1,1,2,1,1,1,4,74400,1,1,1,0
1,1,6,7,2,4,3,3,1,1,5,1,1,1,1,780000,1,1,1,0
1,1,3,1,1,2,2,2,1,2,2,1,1,1,3,145000,1,1,1,0
1,1,2,1,1,5,2,2,2,1,5,1,1,1,1,70000,1,1,1,0
1,2,1,1,2,5,2,3,1,1,2,1,1,1,1,15000,1,1,1,0
1,1,3,9,3,8,3,4,1,1,1,1,1,1,4,80000,1,1,1,0
1,1,2,6,1,5,2,3,1,1,1,1,1,1,2,62500,1,1,1,0
1,1,2,1,3,1,3,2,1,1,1,1,1,1,4,95000,1,1,1,0
1,1,2,1,1,5,2,1,1,1,1,1,1,1,1,72000,1,1,1,0
1,1,2,3,1,4,3,3,1,1,7,1,2,1,2,60000,1,1,1,0
1,1,2,1,1,6,2,4,1,1,4,1,2,1,2,100000,1,1,1,0
1,1,3,11,11,1,2,4,1,1,6,1,1,1,2,100000,1,1,1,0
1,1,2,3,1,1,2,1,1,1,6,1,2,1,2,110000,1,1,1,0
1,1,1,6,5,3,3,2,1,1,4,3,2,1,3,120000,1,1,1,0
2,1,3,1,2,6,3,3,1,1,7,5,1,1,2,65000,1,1,1,0
1,3,2,1,1,5,1,4,1,1,2,1,2,1,4,74000,1,1,1,0
1,1,2,3,2,4,3,4,1,1,6,1,1,1,4,984000,1,1,1,0
1,1,4,3,1,1,1,1,1,1,7,1,2,1,4,102000,1,1,1,0
1,1,3,2,14,3,2,2,1,1,1,1,2,1,2,125000,1,1,1,0
1,1,1,12,2,7,3,2,1,1,5,1,1,1,4,60000,1,1,1,0
1,1,2,5,1,6,2,4,1,1,2,5,1,1,4,75000,1,1,1,0
1,2,2,1,1,4,1,2,1,1,1,1,1,1,1,77100,1,1,1,0
1,3,2,1,11,4,2,1,1,1,4,1,1,1,4,89000,1,1,1,0
1,1,3,1,1,3,1,1,1,1,4,1,2,1,2,115000,1,1,1,0
1,1,1,12,1,3,2,4,1,1,1,1,1,1,2,80000,1,1,1,0
1,1,1,1,1,4,2,1,1,1,1,1,1,1,1,36000,1,1,1,0
1,1,2,1,1,5,1,2,1,1,4,1,2,1,2,97000,1,1,1,0
1,2,2,1,1,1,2,2,1,1,6,1,1,1,1,70000,1,1,1,0
1,1,2,3,1,7,2,1,1,1,5,1,2,1,4,150000,1,1,1,0
1,1,1,4,1,5,3,4,1,1,6,1,1,1,4,2000000,1,1,1,0
1,1,1,1,1,1,2,1,1,1,2,1,2,1,4,81800,1,1,1,0
1,1,2,1,2,8,2,3,1,1,7,5,1,1,1,75000,1,1,1,0
1,1,2,1,2,5,2,4,2,1,7,2,1,1,4,55000,1,1,1,0
1,1,4,1,1,5,3,1,1,1,1,1,1,1,4,100000,1,1,1,0
1,1,1,1,13,2,2,1,1,1,2,1,2,1,3,150000,1,1,1,0
1,1,2,1,1,10,3,2,1,1,2,1,2,1,2,163000,1,1,1,0
2,1,2,1,1,5,3,3,1,1,2,1,2,1,4,105000,1,1,1,0
1,1,2,11,1,4,2,4,2,1,6,1,1,1,4,50000,1,1,1,0
2,2,3,6,1,4,2,1,1,1,4,1,2,1,4,120000,1,1,1,0
1,1,2,8,6,4,2,2,1,1,8,1,1,1,4,70000,1,1,1,0
1,1,2,1,1,1,2,4,1,1,7,1,1,1,4,140000,1,1,1,0
2,1,4,8,3,8,2,4,1,3,7,4,1,1,4,60000,1,1,1,0
1,1,2,1,2,2,3,2,1,1,7,1,2,1,3,130000,1,1,1,0
1,1,2,3,6,6,1,1,1,1,7,1,1,1,2,100000,1,1,1,0
1,1,2,10,11,5,2,2,1,1,8,4,1,1,1,60000,1,1,1,0
1,1,2,2,1,5,3,1,1,1,1,1,1,1,4,65000,1,1,1,0
2,1,2,3,11,2,2,4,1,1,2,1,2,1,3,90000,1,1,1,0
1,1,2,1,5,1,2,1,1,1,2,1,1,1,4,95500,1,1,1,0
1,1,4,5,1,3,3,1,1,1,5,1,2,1,2,110000,1,1,1,0
1,1,1,12,3,6,2,3,1,1,1,1,2,1,2,134000,1,1,1,0
1,1,3,1,1,5,1,4,1,1,7,5,1,1,4,120000,1,1,1,0
1,1,2,1,1,8,2,1,1,3,5,1,1,1,1,135000,1,1,1,0
2,1,5,9,4,1,2,3,1,1,1,1,1,1,4,110000,1,1,1,0
1,1,3,1,1,7,1,2,1,1,7,5,1,1,4,132000,1,1,1,0
2,1,2,1,1,3,3,1,1,1,1,3,2,1,2,125000,1,1,1,0
1,1,2,3,12,8,1,4,2,1,2,1,1,1,4,48000,1,1,1,0
1,1,2,10,18,2,2,3,1,1,8,1,2,1,3,175000,1,1,1,0
1,1,2,1,1,5,3,2,1,1,7,2,1,1,1,2000000,1,1,1,0
1,1,3,10,11,3,3,4,1,1,6,1,1,1,2,83300,1,1,1,0
1,1,9,7,2,7,2,1,1,1,1,1,1,1,4,135000,1,1,1,0
1,3,2,9,13,4,1,4,1,1,1,1,1,1,4,92000,1,1,1,0
1,3,2,1,1,1,2,1,1,1,5,1,2,1,4,82000,1,1,1,0
1,1,2,1,1,2,2,1,1,2,7,1,2,1,2,155000,1,1,1,0
1,2,1,1,3,1,2,2,2,1,6,1,1,1,4,50000,1,1,1,0
1,1,5,9,11,6,3,4,1,1,6,1,1,1,2,90000,1,1,1,0
1,1,4,1,10,7,1,4,1,1,1,4,2,1,4,90000,1,1,1,0
1,3,8,1,4,4,4,3,1,1,8,1,1,1,6,12500,1,1,1,0
1,1,2,4,1,8,3,3,2,2,7,1,1,1,4,70000,1,1,1,0
1,1,3,3,1,7,2,4,1,1,5,1,2,1,4,125000,1,1,1,0
1,1,4,1,5,1,3,1,1,1,7,4,2,1,4,150000,1,1,1,0
1,1,2,8,1,1,3,2,1,1,7,2,1,1,4,134000,1,1,1,0
1,2,2,6,18,8,2,1,1,1,8,1,1,1,1,0,1,1,1,0
1,1,2,1,11,3,2,1,1,1,7,4,1,1,2,205000,1,1,1,0
2,1,2,9,1,5,3,1,1,1,7,1,1,1,4,49500,1,1,1,0
1,1,5,7,3,4,2,1,1,1,7,5,2,1,2,65000,1,1,1,0
1,1,2,1,1,5,2,3,1,1,1,2,1,1,1,140000,1,1,1,0
1,2,2,6,7,8,2,3,1,1,8,5,1,1,1,6000,1,1,1,0
1,1,3,1,1,7,2,4,1,1,7,1,1,1,4,85383,1,1,1,0
2,1,2,1,3,4,3,4,1,1,7,4,1,1,4,120000,1,1,1,0
1,1,3,1,15,6,2,4,1,1,8,1,1,1,4,72000,1,1,1,0
1,1,1,2,1,8,2,3,1,1,7,1,2,1,2,49000,1,1,1,0
1,1,2,1,5,7,3,4,1,1,1,1,2,1,2,140000,1,1,1,0
1,1,2,1,1,5,2,4,1,1,1,1,1,1,1,136000,1,1,1,0
1,1,2,1,1,5,2,3,1,1,7,1,1,1,4,90000,1,1,1,0
1,1,1,1,1,9,2,3,2,3,9,1,1,1,4,175000,1,1,1,0
1,1,2,1,1,7,3,2,1,1,5,1,1,1,2,82000,1,1,1,0
1,1,1,1,1,11,2,4,1,1,2,1,2,1,3,240000,1,1,1,0
1,1,2,1,1,5,3,2,1,1,5,1,1,1,1,80000,1,1,1,0
1,1,3,9,1,9,3,3,1,1,1,1,2,1,5,97000,1,1,1,0
1,1,2,2,1,1,2,4,1,1,5,1,1,1,4,47000,1,1,1,0
1,1,6,1,1,6,2,4,1,1,4,1,2,1,2,80000,1,1,1,0
1,2,1,1,1,1,3,1,1,1,1,5,1,1,1,110000,1,1,1,0
1,1,2,1,4,11,3,4,1,1,5,1,1,1,2,258000,1,1,1,0
1,1,2,1,1,1,2,1,1,1,1,1,1,1,1,53000,1,1,1,0
1,3,3,6,1,1,2,3,1,1,1,1,1,1,4,115000,1,1,1,0
1,1,2,1,1,1,3,2,1,1,4,1,1,1,1,32640,1,1,1,0
1,1,2,1,1,7,2,3,1,1,1,1,2,1,4,102000,1,1,1,0
1,2,2,9,11,5,3,4,2,1,1,2,1,1,4,10500,1,1,1,0
1,1,4,7,12,1,3,4,2,3,1,1,1,1,4,145000,1,1,1,0
1,1,2,4,2,5,3,3,1,1,2,1,1,1,4,100000,1,1,1,0
2,1,2,1,3,3,3,4,1,1,5,1,2,1,3,115000,1,1,1,0
1,1,5,1,1,9,2,4,1,1,7,1,2,1,2,190000,1,1,1,0
2,1,3,10,1,10,2,1,1,1,6,1,2,1,4,210000,1,1,1,0
1,1,2,10,2,1,2,3,1,1,7,1,1,1,1,90000,1,1,1,0
1,1,3,4,8,4,1,2,1,1,7,1,1,1,4,80000,1,1,1,1
1,1,5,1,1,7,3,1,1,1,7,5,1,1,4,154000,1,1,1,0
1,1,3,9,4,5,2,2,1,1,8,4,1,1,4,75000,1,1,1,0
1,1,2,1,1,7,2,3,1,1,1,1,1,1,4,175000,1,1,1,0
1,2,1,6,16,5,2,2,1,1,6,2,1,1,1,0,1,1,1,0
1,1,2,1,6,3,3,4,1,1,8,1,2,1,3,2000000,1,1,1,0
1,1,2,1,1,5,2,1,1,1,7,1,1,1,4,118320,1,1,1,0
1,1,2,6,2,2,3,1,1,1,6,1,1,1,5,120000,1,1,1,0
1,1,3,7,2,1,2,4,1,1,8,1,2,1,4,136,1,1,1,0
1,1,1,1,1,5,2,1,1,4,3,1,2,1,4,67000,1,1,1,0
2,1,2,9,1,5,3,4,2,1,6,1,1,1,4,135000,1,1,1,0
1,1,1,1,12,6,2,3,1,1,7,4,1,1,1,150000,1,1,1,0
1,1,3,1,6,2,3,1,1,1,4,1,1,1,5,140000,1,1,1,0
1,1,1,1,6,6,2,1,1,1,5,1,2,1,2,90000,1,1,1,0
1,1,2,1,1,6,2,1,1,1,9,6,2,1,2,140000,1,1,1,0
1,1,4,3,1,5,2,3,1,1,7,1,1,1,4,120000,1,1,1,0
1,1,3,1,1,7,2,4,1,1,4,1,1,1,4,148000,1,1,1,0
1,1,4,1,1,3,2,4,1,1,7,1,2,1,2,80000,1,1,1,0
1,1,2,7,5,1,2,2,1,1,1,1,2,1,3,58000,1,1,1,0
1,1,2,1,1,5,1,1,1,2,7,1,1,1,4,55000,1,1,1,0
1,2,4,1,1,4,2,4,1,1,1,2,1,1,1,48000,1,1,1,0
1,1,1,12,13,10,2,4,1,1,5,1,2,1,3,157000,1,1,1,0
1,1,5,10,1,6,3,4,1,1,7,1,2,1,4,185000,1,1,1,0
1,1,2,1,1,6,2,1,1,1,1,1,1,1,4,106000,1,1,1,0
2,1,2,1,1,4,2,4,1,1,1,2,1,1,1,150000,1,1,1,0
1,1,2,1,8,2,3,2,1,1,5,1,1,1,5,85000,1,1,1,1
1,1,2,1,1,6,3,1,1,1,7,1,2,1,2,140000,1,1,1,0
1,1,3,6,1,1,3,4,2,1,1,5,2,1,2,101383,1,1,1,0
1,1,4,1,1,1,1,1,1,1,4,1,1,1,4,75000,1,1,1,0
1,1,2,1,1,1,2,1,1,1,8,1,1,1,4,125000,1,1,1,0
1,1,3,1,1,7,3,1,1,1,7,1,2,1,4,94860,1,1,1,0
1,1,2,1,1,4,2,1,1,1,1,1,1,1,1,75000,1,1,1,0
1,1,3,1,3,7,2,2,1,1,1,5,2,1,2,120000,1,1,1,0
1,1,2,1,1,7,3,3,1,1,6,1,1,1,4,75000,1,1,1,0
1,1,2,3,1,1,2,3,1,1,1,1,1,1,4,86100,1,1,1,0
1,2,1,1,16,5,3,2,1,1,1,1,1,1,1,10000,1,1,1,0
1,1,2,1,1,5,2,3,1,1,2,4,1,1,4,150000,1,1,1,0
1,1,3,2,5,6,3,2,1,1,7,1,2,1,2,5,1,1,1,0
1,1,2,1,1,9,2,1,1,1,7,1,1,1,4,103000,1,1,1,0
1,1,2,4,1,7,2,4,2,1,7,1,1,1,2,65000,1,1,1,0
1,1,3,1,1,1,3,2,1,1,2,1,1,1,4,90000,1,1,1,0
1,1,1,12,1,4,3,1,1,1,7,1,1,1,2,65000,1,1,1,0
2,1,2,1,1,1,2,2,1,1,5,2,1,1,4,2000000,1,1,1,0
1,1,1,2,3,5,3,2,2,2,7,1,1,1,4,105000,1,1,1,0
1,1,2,3,12,10,2,1,1,1,7,1,2,1,3,145000,1,1,1,0
2,1,2,1,1,5,2,3,1,1,5,1,1,1,1,61666,1,1,1,0
2,1,2,6,1,1,2,3,1,1,7,4,2,1,4,111000,1,1,1,0
1,1,2,1,1,5,3,3,1,1,1,4,1,1,4,135000,1,1,1,0
1,1,2,1,6,4,2,4,1,1,7,1,1,1,4,2000000,1,1,1,0
1,1,1,2,11,6,3,2,1,1,6,1,2,1,2,50000,1,1,1,0
1,1,2,2,2,4,3,1,1,1,7,5,1,1,4,95000,1,1,1,0
1,1,6,1,6,5,3,3,1,1,7,1,1,1,4,106000,1,1,1,0
1,1,3,1,2,4,3,4,2,2,4,2,2,1,3,87000,1,1,1,0
1,2,6,1,11,5,3,4,1,1,7,1,1,1,1,75000,1,1,1,0
1,1,4,1,3,8,4,4,1,1,4,1,2,1,2,30000,1,1,1,0
1,1,2,2,1,1,3,3,1,1,7,1,1,1,4,50000,1,1,1,0
1,1,2,1,1,2,2,1,1,1,7,1,2,1,3,200000,1,1,1,0
1,1,3,1,4,4,2,3,1,1,1,1,1,1,4,100000,1,1,1,0
2,1,1,1,3,1,3,4,1,1,2,1,1,1,4,102000,1,1,1,0
1,1,2,1,1,6,2,4,1,1,4,1,2,1,4,100000,1,1,1,0
1,1,2,1,1,4,3,1,1,1,1,1,2,1,4,110000,1,1,1,0
1,1,2,1,1,4,3,3,1,1,7,1,1,1,1,2000000,1,1,1,0
1,1,2,1,1,10,2,1,1,1,4,1,2,1,2,100000,1,1,1,0
1,1,2,2,1,3,3,1,1,1,4,1,2,1,3,145000,1,1,1,0
1,1,2,1,1,5,1,1,1,1,7,2,1,1,4,48000,1,1,1,0
2,1,3,1,12,2,3,1,1,1,7,1,2,1,3,200000,1,1,1,0
1,1,3,6,1,7,2,4,1,1,1,1,1,1,4,119000,1,1,1,0
1,1,2,1,1,2,2,2,1,1,2,1,2,1,3,170000,1,1,1,0
1,1,2,1,1,5,2,4,1,1,7,1,2,1,4,76000,1,1,1,0
2,1,3,3,3,7,2,1,2,1,7,1,1,1,3,102400,1,1,1,0
1,1,2,1,13,4,3,4,1,1,2,2,1,1,4,2000000,1,1,1,0
1,1,2,6,4,4,4,4,1,1,1,1,1,1,1,63000,1,1,1,0
1,1,5,4,11,1,2,1,1,1,4,1,2,1,2,145000,1,1,1,0
1,1,4,6,1,5,1,1,1,4,4,1,1,1,4,101000,1,1,1,0
1,1,2,1,1,5,2,4,1,1,7,1,2,1,4,90000,1,1,1,0
1,1,1,10,1,6,2,1,1,1,7,4,2,1,2,110000,1,1,1,0
1,1,2,8,1,8,2,2,1,1,7,1,1,1,4,80000,1,1,1,0
1,1,2,1,3,4,3,1,1,1,1,2,1,1,1,61000,1,1,1,0
1,1,1,6,1,4,2,1,1,1,7,1,1,1,4,102000,1,1,1,0
1,1,2,1,1,4,2,1,1,1,4,1,1,1,4,100000,1,1,1,0
1,1,5,1,6,1,3,3,2,2,8,1,2,1,4,960000,1,1,1,0
1,1,5,6,1,3,3,4,1,1,7,1,1,1,2,120000,1,1,1,0
1,1,4,3,1,7,3,4,1,2,2,1,2,1,2,128000,1,1,1,0
2,1,2,1,14,3,3,3,1,1,1,1,1,1,5,180000,1,1,1,0
1,1,2,1,2,4,2,2,1,1,1,1,1,1,1,50000,1,1,1,0
2,1,2,1,1,5,2,3,1,1,7,1,1,1,4,75000,1,1,1,0
2,1,1,1,1,3,3,1,1,1,5,1,1,1,4,112000,1,1,1,0
1,1,2,9,1,8,2,2,1,1,6,1,1,1,4,1800000,1,1,1,0
1,1,1,1,12,9,3,3,1,2,2,1,2,1,2,120000,1,1,1,0
1,1,3,1,1,7,1,3,1,1,5,3,1,1,4,110000,1,1,1,0
1,2,3,7,4,7,2,4,2,1,6,1,1,1,4,60000,1,1,1,0
1,1,2,1,2,5,1,4,1,1,1,2,1,1,1,80000,1,1,1,0
1,1,3,9,4,1,2,2,2,1,7,1,1,1,2,102500,1,1,1,0
1,1,1,1,1,2,2,4,1,1,2,1,2,1,3,135000,1,1,1,0
1,3,3,1,4,3,2,2,1,1,6,1,2,1,2,182000,1,1,1,0
1,3,1,3,1,4,2,4,1,1,4,1,2,1,1,30000,1,1,1,0
1,1,2,9,11,4,2,1,1,1,2,1,1,1,1,60000,1,1,1,0
1,1,5,10,4,5,3,2,2,1,6,1,2,1,2,177000,1,1,1,0
2,1,2,1,2,5,2,4,1,1,4,3,1,1,4,65000,1,1,1,0
1,1,2,8,1,4,2,1,1,1,9,4,1,1,4,95500,1,1,1,0
1,1,4,1,1,2,2,4,1,1,8,1,2,1,5,107000,1,1,1,0
2,1,2,7,3,8,3,3,2,2,7,1,1,1,4,100000,1,1,1,0
1,1,2,1,5,3,2,2,1,1,1,1,2,1,2,240000,1,1,1,0
1,1,2,1,2,7,2,4,1,1,7,1,2,1,4,110000,1,1,1,0
1,2,1,1,2,4,3,4,1,1,4,1,1,1,1,20000,1,1,1,0
1,1,3,9,1,3,3,3,1,1,1,1,2,1,3,207000,1,1,1,0
1,1,1,1,2,1,3,1,1,1,5,1,2,1,4,93600,1,1,1,0
2,1,2,1,1,1,2,3,2,1,8,1,1,1,4,120000,1,1,1,0
1,1,2,9,1,4,3,4,1,1,7,1,1,1,4,185400,1,1,1,0
1,1,4,1,1,11,2,1,1,3,2,1,2,1,3,135000,1,1,1,0
2,1,3,1,1,5,2,3,1,1,1,1,1,1,1,90000,1,1,1,0
1,1,2,3,12,7,2,3,1,1,7,1,1,1,4,90200,1,1,1,0
1,1,5,9,2,4,2,3,2,1,1,1,1,1,2,72000,1,1,1,0
1,1,2,1,1,1,2,1,1,1,7,1,1,1,4,141000,1,1,1,0
1,1,2,7,1,3,3,2,1,1,7,1,2,1,2,180000,1,1,1,0
1,1,4,3,1,10,2,3,1,2,7,1,2,1,2,124500,1,1,1,0
1,1,2,8,1,5,3,4,1,1,6,1,2,1,4,100000,1,1,1,0
2,2,1,1,16,4,3,1,2,1,6,2,1,1,1,70000,1,1,1,0
1,1,2,8,1,5,2,1,1,1,1,1,2,1,4,68000,1,1,1,0
1,1,1,12,1,6,2,1,1,4,7,1,1,1,4,90000,1,1,1,0
1,1,2,1,1,5,3,1,1,1,7,1,2,1,4,100000,1,1,1,0
1,1,2,1,1,2,2,2,1,1,8,1,1,1,3,130000,1,1,1,0
1,1,3,1,2,3,2,3,1,1,2,1,2,1,3,120000,1,1,1,0
1,1,2,1,2,3,3,1,1,1,1,1,2,1,4,134500,1,1,1,0
1,1,5,1,1,9,3,4,1,1,4,1,1,1,3,180000,1,1,1,0
1,1,2,1,5,2,2,3,1,1,5,4,1,1,3,186000,1,1,1,0
1,1,2,8,1,7,2,3,1,1,2,1,2,1,2,122000,1,1,1,0
1,1,2,1,14,7,3,4,1,1,2,1,1,1,2,236000,1,1,1,0
1,1,4,1,2,4,2,4,1,1,7,1,1,1,2,65000,1,1,1,0
1,1,2,3,2,5,3,3,1,1,4,1,1,1,4,60000,1,1,1,0
1,3,2,9,1,8,3,1,1,1,7,1,2,1,4,48000,1,1,1,0
2,1,2,10,1,5,2,3,1,1,1,1,1,1,4,140000,1,1,1,0
1,1,3,10,4,3,2,2,1,1,1,1,1,1,4,130000,1,1,1,0
1,1,2,1,1,1,2,1,1,1,7,1,1,1,4,150000,1,1,1,0
1,1,3,6,1,6,3,3,1,1,7,1,1,1,2,90000,1,1,1,0
1,2,2,1,6,5,3,3,1,1,7,5,1,1,4,105000,1,1,1,0
1,2,2,10,4,5,2,4,1,2,8,1,1,1,4,340000,1,1,1,0
1,1,6,1,1,3,2,4,1,1,5,1,1,1,2,103000,1,1,1,0
1,1,2,3,1,7,2,3,1,1,6,1,1,1,4,190000,1,1,1,0
2,1,1,9,13,2,2,4,1,1,7,1,1,1,3,200000,1,1,1,0
1,3,4,4,2,8,1,4,1,1,2,4,1,1,4,2000000,1,1,1,0
1,1,3,8,2,8,2,4,1,1,5,2,1,1,4,95000,1,1,1,0
1,1,2,10,1,9,2,4,1,1,2,1,2,1,2,79000,1,1,1,0
1,1,2,1,13,5,2,1,1,1,1,1,1,1,1,70000,1,1,1,0
1,1,2,1,17,9,2,1,1,1,1,1,2,1,2,145000,1,1,1,0
1,1,1,1,12,6,1,1,2,2,1,2,1,1,1,105000,1,1,1,0
2,1,5,6,13,9,3,4,1,1,5,5,1,1,3,104000,1,1,1,0
1,1,2,1,1,1,3,2,1,1,2,1,1,1,1,70000,1,1,1,0
2,1,2,1,1,9,3,2,1,1,8,3,2,1,2,196000,1,1,1,0
1,1,2,1,1,1,3,3,1,1,6,1,1,1,4,80000,1,1,1,0
2,1,2,10,1,5,3,4,2,1,7,1,1,1,4,135000,1,1,1,0
1,1,1,1,1,3,2,2,1,1,5,1,2,1,2,125000,1,1,1,0
1,1,2,1,1,1,2,1,1,1,1,1,1,1,2,82199,1,1,1,0
1,1,2,1,1,9,3,4,1,1,1,1,2,1,3,110000,1,1,1,0
2,3,2,1,3,5,2,4,2,1,8,1,1,1,4,92000,1,1,1,0
1,1,2,1,1,3,1,1,1,1,1,1,1,1,2,150000,1,1,1,0
1,1,2,1,1,1,2,3,1,1,7,1,2,1,4,88000,1,1,1,0
1,1,2,9,1,4,2,3,1,1,1,1,1,1,4,87000,1,1,1,0
1,1,2,1,1,1,1,1,2,1,1,1,1,1,1,85000,1,1,1,0
1,1,1,9,1,6,1,1,1,1,5,1,1,1,4,65000,1,1,1,0
1,1,3,10,1,1,1,2,1,1,7,1,2,1,4,95000,1,1,1,0
1,1,2,3,2,5,2,1,1,1,4,1,2,1,3,50000,1,1,1,0
1,1,2,1,1,5,1,3,1,1,1,2,1,1,4,1020000,1,1,1,0
1,1,3,1,1,5,2,1,1,1,7,5,1,1,4,102000,1,1,1,0
1,1,4,9,1,5,3,2,1,1,7,2,1,1,4,85000,1,1,1,0
2,1,2,5,6,1,3,4,1,1,7,1,1,1,4,33000,1,1,1,0
1,1,2,5,1,4,2,3,1,1,5,1,1,1,2,660,1,1,1,0
1,2,1,1,5,5,3,3,1,1,7,1,1,1,1,105000,1,1,1,0
1,1,2,9,11,5,2,1,1,1,6,2,1,1,4,52000,1,1,1,0
1,1,2,10,11,4,3,4,1,1,7,1,1,1,4,63000,1,1,1,0
1,1,2,5,3,4,1,2,1,1,5,1,1,1,4,45000,1,1,1,0
1,1,2,1,1,1,3,4,1,1,4,1,1,1,4,47600,1,1,1,0
1,1,2,1,1,1,2,2,1,1,6,1,1,1,4,120000,1,1,1,0
1,1,3,1,1,3,2,3,1,1,7,5,2,1,4,155000,1,1,1,0
2,1,3,4,11,5,2,2,1,1,6,2,1,1,4,40000,1,1,1,0
1,3,1,10,1,5,2,4,1,1,7,1,1,1,4,83000,1,1,1,0
1,1,2,1,1,1,2,1,1,1,5,1,1,1,4,74000,1,1,1,0
1,1,2,3,1,5,2,3,1,1,7,1,2,1,2,200000,1,1,1,0
1,1,2,3,2,8,3,1,1,1,1,1,1,1,1,64000,1,1,1,0
1,1,4,1,3,4,2,2,1,1,6,3,1,1,4,73500,1,1,1,0
1,1,2,3,1,4,2,4,2,2,5,5,1,1,4,42000,1,1,1,0
1,1,3,9,8,1,3,1,1,1,8,1,2,1,4,105000,1,1,1,1
2,1,2,1,8,1,2,4,2,1,7,1,1,1,4,720000,1,1,1,1
2,1,2,1,2,6,3,1,1,1,5,1,1,1,4,109000,1,1,1,0
1,1,2,4,1,5,2,1,1,1,6,1,2,1,2,75000,1,1,1,0
1,1,2,4,1,5,2,1,1,1,5,1,2,1,4,130000,1,1,1,0
1,1,2,1,1,10,2,3,1,1,1,1,1,1,3,145000,1,1,1,0
1,1,1,1,1,3,3,4,1,1,1,1,2,1,2,130000,1,1,1,0
2,1,2,5,1,7,2,1,2,2,7,1,1,1,4,50000,1,1,1,0
1,1,2,5,6,6,2,1,1,1,4,1,2,1,2,125000,1,1,1,0
1,1,2,1,13,4,3,3,1,1,7,1,1,1,1,107000,1,1,1,0
1,1,2,1,8,1,3,4,1,1,7,1,1,1,1,65000,1,1,1,1
1,3,2,1,1,6,3,3,1,1,7,1,1,1,4,105000,1,1,1,0
1,1,2,1,13,7,2,1,1,1,4,1,2,1,4,128000,1,1,1,0
1,1,2,10,1,4,3,2,1,1,1,1,1,1,1,88000,1,1,1,0
1,2,2,1,16,4,3,3,1,1,1,1,1,1,1,12000,1,1,1,0
1,2,1,1,16,8,3,4,1,1,2,1,2,1,4,56000,1,1,1,0
1,1,4,1,2,1,2,3,1,2,7,1,1,1,4,100000,1,1,1,0
1,1,1,12,1,3,2,4,1,1,5,1,1,1,4,133000,1,1,1,0
2,1,3,9,1,1,2,2,2,1,7,1,1,1,4,63000,1,1,1,0
1,2,2,1,1,1,3,3,1,1,7,1,1,1,4,92000,1,1,1,0
1,1,2,1,1,3,3,4,1,1,1,1,2,1,2,120000,1,1,1,0
1,1,4,5,3,3,2,4,1,1,4,1,2,1,2,110000,1,1,1,0
1,1,1,1,1,4,2,1,1,1,5,1,2,1,4,538800,1,1,1,0
1,1,3,1,1,6,1,1,1,1,1,4,1,1,4,180000,1,1,1,0
1,1,2,9,1,4,2,3,1,1,2,1,1,1,4,78800,1,1,1,0
1,1,2,1,1,1,3,1,1,1,8,1,1,1,4,143000,1,1,1,0
1,1,2,1,11,5,2,2,1,1,7,1,1,1,1,55000,1,1,1,0
1,1,3,1,1,5,2,1,1,1,8,1,1,1,4,80000,1,1,1,0
1,2,1,1,1,5,2,1,1,1,8,1,1,1,1,40000,1,1,1,0
2,1,3,7,1,9,2,4,1,1,1,1,1,1,2,102000,1,1,1,0
1,1,3,7,2,8,3,2,1,1,1,1,2,1,4,81000,1,1,1,0
1,1,3,1,1,7,2,4,1,1,6,4,1,1,4,171000,1,1,1,0
2,1,2,1,1,5,2,1,1,1,1,1,1,1,4,66000,1,1,1,0
2,1,2,1,8,5,2,1,1,1,1,1,2,1,1,41000,1,1,1,1
2,1,2,1,18,7,3,3,1,1,7,1,2,1,2,140000,1,1,1,0
2,1,2,1,1,6,3,2,1,1,2,1,2,1,4,94000,1,1,1,0
1,1,1,10,1,10,2,2,1,2,1,4,1,1,2,85000,1,1,1,0
1,1,2,1,2,5,2,2,1,1,2,1,1,1,1,720000,1,1,1,0
1,1,2,8,14,10,2,1,1,1,6,4,1,1,4,110000,1,1,1,0
1,1,3,1,13,1,3,3,1,1,7,1,1,1,4,79743,1,1,1,0
2,1,2,1,1,5,2,2,1,1,8,1,1,1,4,57000,1,1,1,0
2,1,3,6,10,1,2,2,1,1,7,5,2,1,4,125000,1,1,1,0
1,1,3,1,1,7,2,4,1,1,2,1,1,1,4,151000,1,1,1,0
1,1,2,1,3,5,2,1,2,1,1,2,1,1,4,155000,1,1,1,0
1,1,2,2,8,6,2,1,1,1,6,1,1,1,4,50000,1,1,1,1
2,1,2,1,1,4,3,4,1,1,1,1,1,1,4,62000,1,1,1,0
1,1,2,1,1,4,2,3,1,1,1,4,1,1,4,88000,1,1,1,0
1,1,3,1,14,3,2,1,1,1,8,4,1,1,2,85000,1,1,1,0
1,1,1,5,1,9,3,3,1,1,5,1,2,1,2,92000,1,1,1,0
1,1,3,1,1,3,2,1,1,1,2,1,2,1,2,97536,1,1,1,0
1,1,2,1,1,10,1,1,1,1,7,1,1,1,4,160000,1,1,1,0
1,1,2,3,1,9,2,3,1,1,1,1,2,1,3,190000,1,1,1,0
1,1,1,1,1,7,2,1,1,1,5,1,2,1,2,100000,1,1,1,0
1,1,2,6,1,5,3,2,1,1,5,1,1,1,4,57500,1,1,1,0
1,1,2,1,1,1,1,1,1,1,4,1,1,1,4,102400,1,1,1,0
1,1,2,1,1,1,1,1,1,1,7,1,1,1,1,118000,1,1,1,0
1,1,2,3,1,5,3,3,1,1,7,1,1,1,4,100000,1,1,1,0
1,1,2,4,6,4,3,3,1,1,7,1,1,1,4,103000,1,1,1,0
1,1,5,1,1,7,2,1,1,1,1,1,2,1,2,150000,1,1,1,0
1,1,3,1,1,6,3,3,1,1,1,1,2,1,2,120000,1,1,1,0
1,1,2,1,1,6,2,4,1,1,6,1,1,1,4,115000,1,1,1,0
2,1,2,3,1,1,2,1,1,1,7,1,2,1,2,91000,1,1,1,0
1,1,1,8,7,8,3,4,1,1,1,1,2,1,4,65520,1,1,1,0
2,1,3,1,1,8,2,3,1,1,7,1,1,1,4,70000,1,1,1,0
1,1,2,7,1,5,3,3,1,1,7,1,1,1,4,58000,1,1,1,0
1,1,1,4,12,2,1,1,1,1,2,1,1,1,3,130000,1,1,1,0
1,1,2,8,1,5,2,4,1,1,7,1,1,1,4,1116000,1,1,1,0
1,1,2,1,5,4,2,2,2,4,6,1,1,1,4,70000,1,1,1,0
1,1,3,9,11,4,2,2,1,1,7,1,1,1,4,113000,1,1,1,0
1,1,2,1,1,10,2,1,1,1,7,1,1,1,4,75000,1,1,1,0
1,1,2,1,2,6,2,1,1,1,1,1,1,1,4,85849,1,1,1,0
1,1,2,9,1,5,2,3,1,1,6,1,1,1,1,65000,1,1,1,0
1,1,7,10,8,1,1,4,1,1,9,1,1,1,4,84000,1,1,1,1
1,1,2,1,1,6,2,3,1,1,7,1,1,1,2,80000,1,1,1,0
1,1,1,6,1,5,2,4,1,1,7,1,2,1,4,105000,1,1,1,0
1,1,1,12,2,7,2,3,1,1,4,1,2,1,4,91000,1,1,1,0
1,1,2,1,1,2,3,4,1,1,1,1,1,1,3,150000,1,1,1,0
1,1,3,1,1,1,3,3,1,1,5,1,1,1,4,175000,1,1,1,0
1,1,5,1,11,10,3,3,1,1,2,1,1,1,2,130000,1,1,1,0
1,1,2,1,2,3,2,1,1,4,7,2,1,1,4,130000,1,1,1,0
1,1,2,6,1,1,2,2,1,1,5,2,1,1,4,275000,1,1,1,0
1,1,2,2,12,10,2,4,1,1,1,1,2,1,3,126000,1,1,1,0
1,1,4,1,1,2,3,1,1,3,5,1,1,1,5,91000,1,1,1,0
1,1,3,1,1,10,4,3,1,1,7,1,2,1,2,180000,1,1,1,0
1,1,2,1,1,1,1,3,1,1,1,1,1,1,4,102000,1,1,1,0
1,1,2,1,13,1,2,1,1,1,7,1,2,1,4,70000,1,1,1,0
1,1,2,1,1,1,3,1,1,1,1,1,2,1,4,110000,1,1,1,0
2,1,2,7,1,8,2,3,2,2,2,1,1,1,4,75000,1,1,1,0
1,1,3,1,14,3,2,1,1,1,6,1,2,1,4,125000,1,1,1,0
2,1,2,10,1,9,2,2,1,1,8,1,1,1,2,102000,1,1,1,0
1,1,5,1,4,10,2,3,1,1,6,1,1,1,2,350000,1,1,1,0
1,1,9,7,1,5,3,3,1,1,1,4,1,1,4,102500,1,1,1,0
1,1,2,1,1,6,1,2,1,1,7,1,1,1,2,150000,1,1,1,0
1,1,2,1,12,8,2,1,2,1,7,3,1,1,4,120000,1,1,1,0
1,1,2,8,2,9,3,1,1,1,7,1,2,1,5,2000000,1,1,1,0
1,1,3,6,18,2,2,2,1,1,8,1,1,1,5,150000,1,1,1,0
2,1,2,8,12,4,2,3,2,1,6,1,1,1,4,90000,1,1,1,0
1,1,4,1,1,7,2,1,1,1,1,1,2,1,4,80000,1,1,1,0
2,1,2,1,1,6,2,1,1,1,1,1,1,1,4,80000,1,1,1,0
1,1,6,6,1,6,1,3,1,2,5,1,1,1,1,75000,1,1,1,0
1,1,2,8,1,7,3,3,1,1,1,1,1,1,4,140000,1,1,1,0
1,1,2,4,3,8,2,4,1,1,1,1,1,1,4,79000,1,1,1,0
1,1,6,5,1,1,3,1,1,1,7,1,1,1,4,110000,1,1,1,0
1,1,2,1,1,1,2,2,1,1,4,1,1,1,4,86000,1,1,1,0
1,1,2,10,3,6,3,1,1,1,2,1,2,1,4,115000,1,1,1,0
1,1,2,1,1,4,2,1,1,1,2,1,2,1,4,70000,1,1,1,0
2,1,2,7,1,4,3,1,1,1,1,2,1,1,4,145000,1,1,1,0
1,1,2,1,2,5,3,1,1,1,7,1,2,1,1,50000,1,1,1,0
1,1,3,1,1,6,3,2,2,1,5,1,1,1,4,120000,1,1,1,0
2,1,2,1,1,6,2,3,1,1,2,1,1,1,4,1884000,1,1,1,0
1,1,1,1,13,2,3,1,1,1,2,1,1,1,3,58000,1,1,1,0
1,1,2,1,12,6,3,2,1,1,2,4,1,1,4,75000,1,1,1,0
1,3,2,3,11,4,3,2,1,1,5,1,2,1,4,70000,1,1,1,0
2,1,3,1,1,5,3,1,1,1,6,1,2,1,4,90000,1,1,1,0
1,1,1,1,1,1,2,4,1,1,1,1,1,1,4,70000,1,1,1,0
1,1,4,1,1,5,2,1,1,1,5,1,1,1,4,75000,1,1,1,0
1,1,3,1,13,6,2,3,1,1,1,1,1,1,2,103400,1,1,1,0
1,1,3,1,1,7,2,4,1,1,1,1,2,1,2,145000,1,1,1,0
1,1,2,7,2,4,2,1,1,1,7,4,1,1,4,115000,1,1,1,0
1,1,2,1,1,9,2,1,1,1,7,1,2,1,2,220000,1,1,1,0
2,1,2,10,1,10,2,4,1,1,7,1,2,1,2,275000,1,1,1,0
2,1,2,1,3,5,2,3,2,1,1,2,1,1,1,110250,1,1,1,0
1,1,2,8,3,4,3,1,1,1,7,2,1,1,1,75000,1,1,1,0
1,1,2,10,8,9,2,1,1,1,7,1,2,1,2,80000,1,1,1,1
1,1,2,1,1,11,2,3,1,1,7,1,2,1,3,125000,1,1,1,0
2,1,2,1,12,6,2,4,1,1,4,1,2,1,4,1224000,1,1,1,0
1,1,1,12,1,7,3,1,1,1,7,1,1,1,2,150000,1,1,1,0
1,1,1,1,12,4,2,1,1,4,7,1,1,1,4,77400,1,1,1,0
2,1,6,1,1,5,2,1,1,1,2,1,1,1,2,90000,1,1,1,0
2,1,2,9,1,4,2,3,1,1,7,1,1,1,2,99000,1,1,1,0
2,1,3,1,1,9,2,4,1,1,1,3,2,1,4,143000,1,1,1,0
1,1,2,10,14,6,3,4,1,1,7,1,2,1,4,144580,1,1,1,0
2,1,2,1,1,10,3,2,1,1,5,1,2,1,2,144000,1,1,1,0
2,1,2,3,11,6,2,4,1,1,5,1,2,1,4,87000,1,1,1,0
1,1,2,1,11,11,3,4,1,1,7,1,2,1,5,135000,1,1,1,0
1,1,2,1,1,4,2,1,1,1,8,5,1,1,1,96000,1,1,1,0
1,1,3,1,1,7,3,4,1,1,1,1,1,1,4,150000,1,1,1,0
2,1,2,1,1,4,3,4,2,3,2,3,1,1,4,130000,1,1,1,0
1,1,2,1,3,7,3,4,1,1,7,1,1,1,4,130000,1,1,1,0
1,1,2,1,4,5,3,3,1,1,8,5,1,1,4,110000,1,1,1,0
1,2,3,1,1,5,3,1,1,1,1,5,1,1,4,230700,1,1,1,0
1,1,2,10,1,4,3,2,1,1,1,1,1,1,1,89500,1,1,1,0
1,1,3,6,1,2,3,2,1,1,6,1,2,1,3,300000,1,1,1,0
1,1,2,1,1,5,3,3,1,1,3,1,1,1,4,103000,1,1,1,0
1,1,2,1,12,6,2,3,1,1,7,1,2,1,4,98500,1,1,1,0
1,1,2,9,2,4,2,4,1,1,8,1,1,1,4,70000,1,1,1,0
1,1,2,6,6,1,2,3,1,1,7,1,1,1,4,110000,1,1,1,0
1,1,2,1,1,4,4,3,1,1,7,1,1,1,4,112400,1,1,1,0
1,1,2,1,17,5,2,1,1,1,7,1,1,1,4,100000,1,1,1,0
1,1,2,1,1,6,3,3,1,1,7,1,1,1,4,132000,1,1,1,0
1,1,3,1,2,9,2,1,1,1,1,4,2,1,2,105000,1,1,1,0
1,1,2,1,11,1,2,1,1,1,7,1,2,1,1,80000,1,1,1,0
1,1,2,1,1,6,2,1,1,1,7,1,1,1,4,79250,1,1,1,0
1,1,5,6,4,2,2,3,1,1,6,1,2,1,2,130000,1,1,1,0
1,1,3,1,1,6,2,3,1,1,1,5,1,1,4,134000,1,1,1,0
1,1,2,1,5,5,2,3,1,1,5,1,1,1,4,1620000,1,1,1,0
1,1,2,1,1,3,2,4,1,1,7,1,2,1,2,100500,1,1,1,0
1,1,1,1,8,5,1,3,1,1,7,1,2,1,4,130000,1,1,1,1
1,1,2,2,2,8,2,4,1,1,8,1,1,1,1,115000,1,1,1,0
1,1,2,1,1,7,1,1,1,1,5,1,1,1,4,74000,1,1,1,0
1,1,1,1,1,7,2,4,1,1,5,1,2,1,2,66000,1,1,1,0
1,1,2,1,2,1,2,2,1,1,1,1,1,1,4,95000,1,1,1,0
1,1,2,1,1,1,2,2,1,1,1,1,1,1,4,72000,1,1,1,0
1,2,3,1,1,5,2,2,1,1,7,5,1,1,1,115000,1,1,1,0
1,1,2,8,1,3,2,3,1,1,1,1,1,1,4,150000,1,1,1,0
1,1,3,1,13,7,2,4,1,1,1,1,2,1,4,93000,1,1,1,0
1,1,3,1,4,7,1,4,1,1,7,5,1,1,2,175000,1,1,1,0
1,1,3,2,3,1,2,2,2,1,7,1,1,1,3,122000,1,1,1,0
1,1,1,9,1,2,2,1,1,1,1,7,2,1,3,110000,1,1,1,0
2,1,3,1,10,3,3,2,1,1,4,1,2,1,2,100000,1,1,1,0
1,1,3,1,1,1,2,1,1,1,9,2,2,1,4,153000,1,1,1,0
1,1,2,1,1,7,3,4,1,1,7,1,2,1,2,98000,1,1,1,0
1,1,3,7,1,4,2,3,2,4,8,1,1,1,2,600000,1,1,1,0
1,1,2,1,2,4,1,4,1,1,7,1,1,1,1,50000,1,1,1,0
1,3,2,1,1,5,2,3,1,1,8,1,1,1,4,100000,1,1,1,0
1,1,2,1,1,6,1,3,1,1,1,2,1,1,4,120000,1,1,1,0
1,1,2,8,3,5,3,1,1,1,1,1,1,1,4,117000,1,1,1,0
1,1,2,8,1,11,2,1,1,1,7,1,2,1,5,106120,1,1,1,0
1,3,6,1,1,4,1,2,1,2,9,7,1,1,1,150000,1,1,1,0
1,1,2,3,1,3,3,1,1,1,8,1,1,1,4,113300,1,1,1,0
1,1,2,1,1,3,2,1,1,1,6,1,2,1,4,131000,1,1,1,0
1,1,3,1,1,5,2,4,1,1,7,4,1,1,1,65000,1,1,1,0
2,1,1,1,14,5,3,3,1,2,7,1,1,1,4,144000,1,1,1,0
1,1,2,1,1,1,2,4,1,1,1,1,1,1,1,100000,1,1,1,0
1,1,1,6,1,2,2,4,1,1,2,1,1,1,7,135000,1,1,1,0
1,1,2,8,2,4,3,4,1,1,7,1,2,1,4,60000,1,1,1,0
1,1,2,1,2,3,3,4,1,1,7,1,1,1,4,140000,1,1,1,0
1,1,5,9,1,7,3,4,1,1,7,1,2,1,2,90000,1,1,1,0
1,1,6,1,1,7,2,3,1,1,5,1,1,1,4,90000,1,1,1,0
1,1,1,2,2,8,2,1,2,2,1,1,1,1,1,35000,1,1,1,0
1,3,2,6,1,4,3,3,1,1,1,4,1,1,4,88000,1,1,1,0
1,1,2,6,1,9,2,4,1,1,4,1,2,1,3,100000,1,1,1,0
2,3,2,1,13,5,2,3,1,1,1,1,1,1,4,115000,1,1,1,0
1,1,3,1,1,2,2,2,1,1,5,1,1,1,5,155000,1,1,1,0
1,1,4,5,1,1,2,4,1,1,5,1,2,1,4,51000,1,1,1,0
1,1,1,7,14,3,2,3,1,1,5,1,2,1,2,253390,1,1,1,0
2,1,3,1,1,3,2,3,1,1,1,1,2,1,2,108000,1,1,1,0
1,1,3,1,6,2,2,4,1,1,7,1,2,1,3,105000,1,1,1,0
1,1,2,5,3,1,2,4,1,1,1,4,2,1,4,42000,1,1,1,0
1,2,1,1,1,4,2,4,1,1,7,1,1,1,1,25000,1,1,1,0
1,1,2,1,1,6,3,4,2,2,1,2,1,1,4,66000,1,1,1,0
1,1,2,9,11,1,3,4,1,1,6,1,2,1,4,70000,1,1,1,0
1,1,2,10,3,5,3,2,1,1,9,1,1,1,1,40000,1,1,1,0
2,1,2,3,1,3,2,1,1,1,4,1,2,1,2,160000,1,1,1,0
2,1,1,12,1,2,3,3,1,1,6,1,1,1,5,120000,1,1,1,0
2,1,3,1,3,5,3,3,1,1,4,2,1,1,1,60000,1,1,1,0
1,1,2,1,12,4,2,3,1,1,7,1,1,1,1,80000,1,1,1,0
1,1,2,1,1,7,2,4,1,1,7,1,2,1,2,70000,1,1,1,0
1,1,2,1,1,1,2,4,1,1,7,1,1,1,2,92000,1,1,1,0
1,1,2,1,1,1,1,4,2,3,4,3,1,1,4,123000,1,1,1,0
1,1,6,4,1,4,3,1,1,1,9,1,2,1,1,74000,1,1,1,0
1,1,1,1,2,1,1,1,1,2,8,2,1,1,1,90000,1,1,1,0
1,1,2,1,1,7,2,4,1,1,7,1,1,1,4,110000,1,1,1,0
1,1,2,1,1,5,3,1,1,1,7,1,2,1,1,80000,1,1,1,0
1,1,2,1,13,9,2,4,1,1,6,1,2,1,4,88000,1,1,1,0
1,1,2,1,1,7,1,1,1,1,8,1,1,1,4,118000,1,1,1,0
2,1,3,1,1,3,2,4,1,1,1,1,1,1,3,99500,1,1,1,0
2,1,2,1,1,1,2,4,1,1,4,1,1,1,4,61200,1,1,1,0
1,1,4,1,1,11,2,1,1,1,4,1,1,1,2,51000,1,1,1,0
2,1,2,1,1,10,2,1,1,1,7,1,2,1,2,105000,1,1,1,0
1,1,2,1,1,3,2,4,1,1,7,1,1,1,4,97000,1,1,1,0
1,1,2,3,1,7,3,4,1,1,7,1,1,1,2,70534,1,1,1,0
1,1,1,1,1,7,1,1,1,1,4,1,1,1,4,180939,1,1,1,0
1,1,7,6,1,9,1,2,2,2,5,1,1,1,2,150000,1,1,1,0
1,1,2,1,1,2,3,1,1,1,7,1,2,1,2,121000,1,1,1,0
1,1,2,1,14,6,2,4,1,1,7,1,1,1,2,140000,1,1,1,0
1,1,2,1,1,6,2,4,1,1,5,1,1,1,6,50000,1,1,1,0
1,1,2,12,1,8,2,3,1,1,4,1,1,1,4,65000,1,1,1,0
2,1,2,1,2,5,3,3,2,1,4,1,1,1,4,55000,1,1,1,0
1,2,3,1,1,4,2,4,1,1,1,3,1,1,4,2000000,1,1,1,0
1,1,2,1,13,1,3,1,1,1,6,1,1,1,4,145000,1,1,1,0
2,1,2,3,1,1,2,3,1,1,6,1,1,1,4,115000,1,1,1,0
1,1,2,4,3,5,3,3,1,1,7,1,1,1,4,90000,1,1,1,0
1,1,2,1,1,9,2,4,1,1,6,1,2,1,2,162000,1,1,1,0
1,1,4,1,1,3,2,4,1,1,2,1,1,1,4,110000,1,1,1,0
1,1,2,6,4,7,3,2,1,1,7,1,1,1,2,170000,1,1,1,0
1,1,2,9,8,8,3,4,2,2,8,1,1,1,1,35000,1,1,1,1
1,1,2,1,1,5,3,1,1,1,2,1,1,1,1,105000,1,1,1,0
1,1,1,1,1,2,2,3,1,3,5,1,1,1,3,123000,1,1,1,0
2,1,3,1,14,10,3,3,1,1,7,1,2,1,2,200000,1,1,1,0
1,1,2,2,1,5,3,4,1,1,1,1,1,1,2,115000,1,1,1,0
1,3,1,3,1,4,2,4,1,1,2,2,1,1,4,2000000,1,1,1,0
2,1,3,7,3,5,2,3,1,1,6,1,1,1,4,138000,1,1,1,0
1,1,2,1,11,7,1,1,1,1,6,1,1,1,2,58500,1,1,1,0
2,1,2,3,2,9,3,3,1,1,1,1,2,1,2,87100,1,1,1,0
1,1,5,10,1,1,3,4,1,1,7,1,2,1,3,116000,1,1,1,0
1,1,2,4,1,3,2,1,1,1,5,1,2,1,3,154000,1,1,1,0
1,1,2,1,1,7,1,4,1,1,1,1,1,1,2,100000,1,1,1,0
1,1,1,1,1,5,1,1,1,1,2,4,1,1,4,50000,1,1,1,0
1,2,6,1,6,8,2,2,1,1,5,1,1,1,1,22000,1,1,1,0
1,1,2,1,1,1,3,3,1,1,4,1,2,1,4,690000,1,1,1,0
1,1,1,1,1,11,2,4,1,1,5,1,1,1,3,2000000,1,1,1,0
2,1,2,1,1,4,2,3,2,1,6,1,1,1,1,110000,1,1,1,0
2,1,2,1,3,5,2,1,1,1,7,1,1,1,4,132000,1,1,1,0
1,1,2,1,11,9,2,1,1,1,7,1,2,1,2,95000,1,1,1,0
2,2,5,6,13,8,3,3,1,1,7,2,1,1,4,140000,1,1,1,0
1,1,1,2,6,3,2,4,1,1,7,1,2,1,3,180000,1,1,1,0
1,1,2,1,3,1,2,1,1,1,1,1,1,1,4,80000,1,1,1,0
1,1,2,4,2,4,2,2,2,1,8,1,1,1,4,150000,1,1,1,0
2,1,2,4,3,8,2,3,1,1,1,1,1,1,4,54000,1,1,1,0
1,3,2,1,1,5,1,1,1,1,1,7,1,1,4,80000,1,1,1,0
1,1,3,1,1,5,4,2,1,1,8,1,1,1,2,115000,1,1,1,0
1,1,1,6,3,4,3,2,2,1,1,1,2,1,4,100000,1,1,1,0
1,1,4,1,2,4,2,4,1,1,2,1,1,1,4,70000,1,1,1,0
1,2,6,1,18,1,2,2,1,1,1,1,1,1,1,147000,1,1,1,0
1,1,2,1,1,5,3,4,1,1,1,1,1,1,1,65000,1,1,1,0
2,1,3,4,1,8,2,4,2,1,1,1,2,1,4,95000,1,1,1,0
2,1,3,1,1,9,2,1,1,1,1,1,2,1,2,960000,1,1,1,0
1,1,3,8,1,3,2,1,1,1,7,1,2,1,2,130000,1,1,1,0
1,1,2,3,1,3,2,3,1,1,1,1,2,1,2,81000,1,1,1,0
1,1,1,7,1,7,1,1,1,1,7,4,1,1,4,97500,1,1,1,0
1,1,2,1,12,3,2,1,2,4,1,1,1,1,4,102000,1,1,1,0
2,1,2,1,1,7,2,1,1,1,7,1,2,1,2,110000,1,1,1,0
1,1,4,8,2,2,1,4,1,1,2,4,2,1,3,102000,1,1,1,0
1,1,3,1,1,1,2,4,1,1,6,1,1,1,4,152000,1,1,1,0
1,1,3,10,1,5,3,1,1,1,4,1,2,1,4,110000,1,1,1,0
1,1,2,3,8,5,2,4,1,1,7,1,2,1,4,45000,1,1,1,1
1,3,1,1,3,4,2,3,1,1,1,4,2,1,4,65000,1,1,1,0
1,1,6,1,1,4,3,3,1,1,2,1,2,1,4,48000,1,1,1,0
1,1,2,4,3,5,3,4,1,1,6,5,1,1,4,170000,1,1,1,0
1,1,1,1,1,5,2,1,1,1,7,7,2,1,2,77000,1,1,1,0
1,1,1,1,1,7,2,4,1,1,4,1,1,1,4,92000,1,1,1,0
1,1,2,4,1,4,2,1,1,1,4,1,2,1,3,130000,1,1,1,0
1,3,2,10,1,5,2,4,1,1,5,1,1,1,4,57000,1,1,1,0
1,1,2,6,7,1,1,1,1,1,5,1,1,1,1,150000,1,1,1,0
1,1,2,2,13,1,2,4,1,1,7,1,1,1,4,126000,1,1,1,0
1,1,2,1,14,3,3,1,1,1,7,1,2,1,2,137000,1,1,1,0
1,1,2,1,3,6,3,3,1,1,7,4,2,1,4,133000,1,1,1,0
1,1,1,8,1,3,2,3,1,1,7,1,2,1,2,147710,1,1,1,0
1,2,1,1,1,4,3,4,1,1,7,1,1,1,1,40000,1,1,1,0
1,1,1,1,1,1,2,2,1,1,1,1,1,1,4,67000,1,1,1,0
2,1,1,3,1,10,1,4,1,1,7,7,2,1,2,155000,1,1,1,0
1,1,2,1,1,9,2,3,1,1,7,1,1,1,2,175000,1,1,1,0
1,1,2,1,3,5,2,1,1,1,7,1,2,1,2,114000,1,1,1,0
1,2,4,1,1,6,2,2,1,2,8,1,1,1,1,12000,1,1,1,0
1,1,2,1,1,8,1,4,1,1,7,1,1,1,4,70000,1,1,1,0
1,1,2,1,1,5,1,3,1,1,5,4,2,1,4,115000,1,1,1,0
1,1,2,8,11,4,1,3,1,1,7,1,1,1,4,150000,1,1,1,0
1,1,2,1,1,11,1,4,1,1,1,1,2,1,2,150000,1,1,1,0
1,1,1,12,1,3,2,3,1,4,7,1,1,1,2,81000,1,1,1,0
1,1,3,1,1,10,2,4,1,1,9,1,1,1,3,130000,1,1,1,0
1,3,2,1,1,6,2,1,2,1,7,1,1,1,4,63000,1,1,1,0
1,1,1,7,1,7,2,4,1,1,5,1,2,1,3,107000,1,1,1,0
1,3,1,1,1,4,2,3,1,1,4,1,1,1,1,48000,1,1,1,0
1,1,2,6,1,1,3,4,1,1,5,1,1,1,1,66000,1,1,1,0
1,1,2,2,1,5,2,2,1,1,7,1,1,1,4,85000,1,1,1,0
1,1,2,1,2,7,2,4,1,1,7,2,1,1,4,220000,1,1,1,0
1,1,3,1,4,4,2,3,1,1,2,1,2,1,4,70000,1,1,1,0
1,1,2,1,1,5,3,4,1,1,1,1,1,1,4,42000,1,1,1,0
1,1,6,9,1,10,2,1,1,1,5,1,1,1,3,90500,1,1,1,0
2,1,1,9,5,1,2,4,2,2,1,1,2,1,2,170000,1,1,1,0
1,1,3,4,3,7,3,3,2,1,1,1,2,1,2,130000,1,1,1,0
1,1,1,1,1,2,2,1,1,1,2,1,1,1,3,130000,1,1,1,0
1,1,2,7,3,8,3,3,1,1,1,1,1,1,4,84000,1,1,1,0
2,1,1,1,2,4,3,3,1,1,1,1,1,1,1,76000,1,1,1,0
1,1,3,1,13,3,2,3,1,1,7,1,2,1,2,150000,1,1,1,0
1,1,2,6,18,10,2,4,1,1,7,1,1,1,2,65000,1,1,1,0
1,1,5,10,11,7,2,1,1,1,6,1,2,1,4,60000,1,1,1,0
1,1,5,9,13,2,3,2,1,1,5,1,1,1,5,187000,1,1,1,0
1,1,3,6,18,1,2,3,1,1,1,1,1,1,4,101100,1,1,1,0
1,1,5,9,1,7,3,3,1,3,7,1,1,1,4,110000,1,1,1,0
1,1,2,1,12,3,1,3,1,1,7,5,2,1,2,139000,1,1,1,0
1,1,2,9,2,9,3,4,1,1,1,1,2,1,4,170000,1,1,1,0
2,1,2,4,5,4,3,2,2,1,8,1,1,1,4,110000,1,1,1,0
1,3,3,10,1,7,3,4,1,1,1,4,2,1,2,145000,1,1,1,0
1,1,1,1,1,5,2,3,1,3,7,1,1,1,1,40000,1,1,1,0
2,1,2,1,13,10,2,4,1,1,1,1,2,1,3,145000,1,1,1,0
1,3,2,8,13,4,2,3,1,1,1,1,1,1,1,82500,1,1,1,0
2,1,3,1,1,6,3,4,1,1,5,6,1,1,4,91500,1,1,1,0
1,1,2,1,1,7,2,3,1,1,7,1,1,1,4,100000,1,1,1,0
2,1,2,3,1,4,2,4,1,3,7,4,1,1,4,62000,1,1,1,0
1,1,3,1,1,9,2,3,1,1,1,1,1,1,2,180000,1,1,1,0
1,1,2,1,1,5,2,3,1,1,6,1,1,1,4,85500,1,1,1,0
1,1,2,1,6,4,2,3,1,1,1,4,2,1,1,42000,1,1,1,0
1,3,1,12,4,5,3,4,1,1,7,1,1,1,1,65000,1,1,1,0
1,1,2,1,2,6,1,4,1,1,9,2,1,1,1,101000,1,1,1,0
1,1,2,6,18,7,2,1,1,1,5,1,2,1,4,97000,1,1,1,0
2,1,3,1,1,6,2,4,1,1,4,5,2,1,4,100000,1,1,1,0
1,3,3,3,12,5,3,3,2,1,1,3,1,1,1,150000,1,1,1,0
1,1,2,1,18,5,2,1,1,1,1,1,1,1,1,101000,1,1,1,0
2,1,2,1,1,3,3,3,1,1,7,5,2,1,2,100000,1,1,1,0
1,1,3,1,5,6,2,1,1,1,6,1,1,1,4,106000,1,1,1,0
1,3,2,6,11,5,3,4,1,1,7,1,2,1,4,90000,1,1,1,0
1,1,2,8,1,2,2,1,1,1,5,1,2,1,5,150000,1,1,1,0
1,1,2,10,1,4,2,2,1,3,1,1,1,1,4,51000,1,1,1,0
1,1,4,1,1,5,3,1,1,1,2,5,2,1,4,72000,1,1,1,0
1,1,2,4,1,4,3,3,2,1,7,1,1,1,4,78300,1,1,1,0
1,1,2,2,3,6,2,4,2,1,1,1,2,1,4,100000,1,1,1,0
2,1,4,12,1,1,3,4,2,2,4,1,1,1,4,128029,1,1,1,0
1,1,2,2,1,1,2,4,1,1,2,1,1,1,4,70000,1,1,1,0
1,1,2,9,11,8,3,2,2,2,7,1,1,1,4,85000,1,1,1,0
2,1,2,6,1,4,1,4,1,1,5,1,1,1,4,100000,1,1,1,0
2,2,2,1,1,6,3,3,1,1,7,1,2,1,4,110000,1,1,1,0
1,1,2,1,1,5,2,3,1,1,2,1,1,1,4,84000,1,1,1,0
1,1,2,5,12,3,2,4,1,1,7,1,1,1,2,80000,1,1,1,0
1,1,2,8,1,4,3,4,1,1,1,1,2,1,4,88000,1,1,1,0
1,1,2,1,2,1,2,1,1,1,7,1,1,1,1,115000,1,1,1,0
2,1,2,1,1,3,3,1,1,1,7,1,2,1,2,125000,1,1,1,0
1,1,2,1,1,1,2,3,1,1,6,1,1,1,2,110000,1,1,1,0
1,1,1,6,1,6,2,3,1,1,1,1,1,1,4,160000,1,1,1,0
1,1,2,1,2,6,2,1,1,1,7,1,2,1,4,120000,1,1,1,0
2,1,2,1,1,5,2,2,1,1,7,1,1,1,1,65000,1,1,1,0
1,1,3,6,7,6,2,4,1,1,4,5,2,1,4,144000,1,1,1,0
1,1,2,3,1,7,3,2,1,2,3,1,1,1,4,160000,1,1,1,0
1,1,2,1,11,2,2,4,1,1,1,1,1,1,3,150000,1,1,1,0
1,1,2,1,2,1,2,1,1,1,7,5,1,1,1,116000,1,1,1,0
1,1,4,2,1,3,3,1,1,1,1,1,2,1,3,120000,1,1,1,0
1,1,2,7,3,8,1,2,1,1,1,1,1,1,4,120000,1,1,1,0
1,3,1,1,1,5,2,1,1,1,5,1,1,1,4,65000,1,1,1,0
1,1,2,10,11,8,2,4,1,1,7,1,1,1,4,53600,1,1,1,0
1,1,2,1,1,6,2,1,1,1,1,1,2,1,4,125000,1,1,1,0
1,1,5,1,4,1,2,3,1,2,1,3,1,1,4,118000,1,1,1,0
1,1,3,1,1,5,2,2,1,1,5,1,2,1,4,85000,1,1,1,0
2,1,2,1,1,9,1,4,1,1,5,1,1,1,2,122275,1,1,1,0
1,1,3,1,1,2,3,4,1,1,5,1,2,1,3,160000,1,1,1,0
1,1,3,1,7,5,1,3,1,1,3,2,2,1,4,100000,1,1,1,0
1,1,3,1,1,10,2,3,2,1,4,1,2,1,1,105000,1,1,1,0
1,1,2,1,1,5,2,1,1,1,5,3,2,1,2,70000,1,1,1,0
1,1,6,1,12,5,2,2,1,1,4,1,1,1,4,90000,1,1,1,0
2,1,2,8,6,4,3,3,1,1,7,1,1,1,4,60000,1,1,1,0
1,2,1,3,1,7,2,4,1,1,1,1,2,1,4,145000,1,1,1,0
1,1,2,1,1,5,2,1,2,2,6,4,1,1,2,66000,1,1,1,0
1,1,1,8,1,2,3,1,1,1,5,1,2,1,5,74000,1,1,1,0
1,1,2,1,3,3,1,4,2,3,1,2,1,1,4,71000,1,1,1,0
1,1,3,1,3,8,2,1,2,1,1,5,1,1,4,74000,1,1,1,0
1,1,2,1,2,10,3,2,1,1,7,1,2,1,4,145000,1,1,1,0
1,1,2,7,3,8,2,2,1,1,7,1,2,1,4,80000,1,1,1,0
1,1,2,1,1,4,3,1,2,1,3,1,1,1,1,53000,1,1,1,0
1,1,4,1,1,5,2,3,1,1,1,1,1,1,4,65000,1,1,1,0
1,1,2,1,1,7,3,3,1,1,7,1,2,1,2,115000,1,1,1,0
1,1,2,1,1,6,3,1,1,1,8,1,1,1,4,63000,1,1,1,0
1,1,2,1,2,1,2,2,2,1,6,1,1,1,4,130000,1,1,1,0
1,1,2,6,1,1,2,3,1,1,7,5,2,1,4,123000,1,1,1,0
1,1,3,1,1,8,2,1,1,4,7,5,1,1,4,900000,1,1,1,0
2,1,2,1,13,2,2,3,1,1,5,7,2,1,3,91740,1,1,1,0
1,1,1,1,1,5,2,1,1,1,7,1,1,1,4,80000,1,1,1,0
1,1,2,1,1,7,2,3,2,3,5,1,1,1,2,100000,1,1,1,0
1,1,2,1,2,1,2,1,2,2,7,1,1,1,4,100000,1,1,1,0
2,1,2,1,1,6,2,4,1,1,1,1,1,1,4,75000,1,1,1,0
1,1,2,1,3,6,1,2,1,1,7,2,1,1,4,85000,1,1,1,0
1,3,1,4,3,6,1,1,1,3,2,1,1,1,4,65000,1,1,1,0
1,1,4,3,1,5,3,2,1,1,1,1,1,1,4,72000,1,1,1,0
1,1,3,7,11,8,2,1,2,2,1,1,1,1,4,60000,1,1,1,0
1,3,2,9,18,10,2,1,1,3,1,1,1,1,2,250000,1,1,1,0
1,1,2,1,9,9,2,4,1,1,7,1,2,1,3,80000,1,1,1,0
1,1,4,9,2,4,2,2,1,1,5,6,1,1,4,111000,1,1,1,0
1,1,1,1,1,1,1,1,1,1,7,6,1,1,1,145000,1,1,1,0
2,1,2,9,1,8,2,1,1,1,7,1,2,1,3,58600,1,1,1,0
1,1,2,3,1,3,2,1,1,1,1,1,1,1,2,103000,1,1,1,0
1,1,1,9,2,4,2,2,1,1,2,1,1,1,1,40000,1,1,1,0
2,1,2,1,3,1,3,2,1,1,7,1,2,1,4,117000,1,1,1,0
2,1,3,8,1,3,3,4,1,1,1,1,2,1,4,55000,1,1,1,0
1,1,3,10,1,6,3,3,1,1,1,1,1,1,4,105000,1,1,1,0
1,1,3,10,5,5,2,1,2,2,2,2,1,1,4,150000,1,1,1,0
1,1,2,9,1,10,3,1,1,1,1,1,1,1,2,176000,1,1,1,0
1,1,2,6,11,2,1,2,1,1,5,1,1,1,5,100000,1,1,1,0
1,3,2,7,2,1,2,4,1,1,4,1,2,1,4,110000,1,1,1,0
1,1,2,1,1,6,2,4,1,1,1,1,2,1,4,120000,1,1,1,0
1,1,3,4,12,4,3,3,1,1,8,1,1,1,4,110000,1,1,1,0
1,1,2,10,4,4,2,4,1,1,8,1,1,1,1,55000,1,1,1,0
2,1,2,4,1,3,2,2,2,1,9,1,2,1,2,60000,1,1,1,0
1,1,3,1,5,6,2,1,1,1,7,1,2,1,4,176000,1,1,1,0
1,3,2,1,1,5,2,4,2,1,5,1,1,1,1,65000,1,1,1,0
1,1,2,1,1,3,2,4,1,1,7,1,1,1,4,90000,1,1,1,0
1,2,3,4,4,1,2,2,1,1,1,1,1,1,4,130000,1,1,1,0
1,1,3,8,1,5,2,4,1,1,5,1,1,1,4,115500,1,1,1,0
1,1,3,1,5,1,3,2,1,1,7,1,1,1,4,120000,1,1,1,0
1,1,5,10,4,2,2,4,1,1,1,1,2,1,3,200000,1,1,1,0
1,1,3,7,1,8,2,2,1,1,6,1,2,1,2,96500,1,1,1,0
1,1,3,6,1,7,3,1,1,1,1,1,1,1,3,180000,1,1,1,0
2,1,3,1,13,3,3,4,1,1,1,1,1,1,5,94000,1,1,1,0
1,1,3,1,1,2,1,2,1,1,7,4,2,1,2,120000,1,1,1,0
1,1,2,1,1,10,3,1,1,1,7,1,1,1,2,145000,1,1,1,0
1,1,1,5,1,9,1,1,1,1,4,1,1,1,2,56000,1,1,1,0
1,1,4,1,1,4,1,3,1,3,1,1,1,1,4,48880,1,1,1,0
2,1,2,1,2,6,3,3,1,1,7,1,2,1,2,95000,1,1,1,0
2,1,2,8,1,1,1,3,1,1,1,1,1,1,4,67000,1,1,1,0
1,1,7,1,6,5,2,2,1,1,5,1,2,1,4,2000000,1,1,1,0
1,1,2,4,11,7,2,2,1,1,6,1,2,1,2,64000,1,1,1,0
1,1,2,7,1,5,2,4,1,1,7,1,2,1,4,135000,1,1,1,0
2,1,3,7,1,6,3,4,1,1,6,1,1,1,2,144200,1,1,1,0
1,1,2,10,1,5,3,3,1,1,1,1,1,1,1,95000,1,1,1,0
1,1,2,7,1,11,2,1,1,1,1,1,2,1,3,82000,1,1,1,0
1,1,2,1,1,4,2,1,1,1,7,1,1,1,4,66000,1,1,1,0
1,1,2,10,2,1,3,1,1,2,5,1,1,1,4,78000,1,1,1,0
1,1,2,3,1,5,2,3,1,1,7,1,1,1,4,100000,1,1,1,0
1,1,1,1,1,7,2,3,1,1,1,1,1,1,4,110000,1,1,1,0
1,1,2,1,1,2,3,4,1,1,1,1,1,1,3,150000,1,1,1,0
1,1,2,4,1,7,2,4,1,1,1,1,2,1,2,119000,1,1,1,0
1,1,3,2,13,4,2,2,1,1,7,1,1,1,4,62000,1,1,1,0
1,1,2,1,1,1,1,3,1,1,1,1,1,1,4,130000,1,1,1,0
1,1,2,10,1,5,2,1,1,1,2,1,1,1,4,77946,1,1,1,0
1,1,2,2,1,2,2,2,1,1,7,1,2,1,3,150000,1,1,1,0
1,1,3,1,2,2,2,3,1,1,2,1,2,1,3,147000,1,1,1,0
1,1,1,1,14,11,2,1,1,1,2,1,2,1,2,69600,1,1,1,0
1,1,1,1,1,4,3,1,1,1,4,1,2,1,4,50000,1,1,1,0
2,1,2,3,1,6,2,4,1,1,7,1,2,1,2,110000,1,1,1,0
1,1,4,1,2,9,2,3,1,1,7,1,2,1,2,115000,1,1,1,0
1,1,2,7,3,5,2,4,1,1,5,1,1,1,2,72000,1,1,1,0
1,1,5,10,1,2,2,3,1,1,4,1,2,1,3,170000,1,1,1,0
1,1,2,1,1,5,2,1,1,1,7,1,1,1,4,83000,1,1,1,0
1,1,2,1,1,6,3,4,1,1,7,1,2,1,4,140000,1,1,1,0
1,1,2,1,6,8,3,4,1,1,4,5,2,1,1,72000,1,1,1,0
2,1,3,9,13,9,2,2,2,1,1,1,2,1,2,118000,1,1,1,0
1,1,2,1,14,1,3,3,1,1,6,5,1,1,4,120000,1,1,1,0
1,1,1,2,1,6,2,4,1,1,1,1,1,1,4,2000000,1,1,1,0
1,1,2,1,1,4,2,2,1,1,7,1,1,1,1,72100,1,1,1,0
1,1,2,1,1,1,2,3,1,1,6,1,1,1,1,185000,1,1,1,0
2,1,2,1,1,6,2,4,1,1,8,1,1,1,4,100000,1,1,1,0
1,1,2,9,1,4,3,2,1,1,7,1,2,1,4,120000,1,1,1,0
1,1,1,12,1,8,2,3,1,1,7,1,1,1,4,31000,1,1,1,0
1,2,1,1,1,1,3,3,1,1,1,1,1,1,1,33500,1,1,1,0
1,1,3,1,3,5,4,4,1,1,1,5,2,1,4,155000,1,1,1,0
1,2,1,1,1,4,3,4,1,1,1,3,1,1,1,16000,1,1,1,0
1,1,2,8,1,1,1,4,1,1,7,1,2,1,2,145000,1,1,1,0
1,1,2,1,2,5,1,3,1,1,9,4,1,1,4,42500,1,1,1,0
1,1,2,1,1,1,2,4,1,1,1,1,1,1,4,178000,1,1,1,0
2,1,1,4,4,5,3,3,1,3,1,1,1,1,2,47500,1,1,1,0
1,1,2,1,1,5,1,1,1,1,3,1,1,1,4,105000,1,1,1,0
2,3,3,6,18,5,2,3,1,1,7,1,1,1,4,110000,1,1,1,0
1,1,3,1,1,6,2,4,1,1,6,1,1,1,2,117000,1,1,1,0
1,1,2,4,1,3,2,1,1,1,7,7,2,1,2,90000,1,1,1,0
1,1,2,1,1,1,2,3,1,1,1,1,2,1,4,145000,1,1,1,0
1,2,1,1,1,5,1,4,1,1,3,4,1,1,4,60000,1,1,1,0
1,1,2,1,1,5,2,2,1,1,1,1,1,1,1,130800,1,1,1,0
1,1,2,1,1,1,1,1,1,1,1,1,2,1,4,112000,1,1,1,0
1,1,5,1,4,6,2,4,2,1,1,1,1,1,4,150000,1,1,1,0
1,1,3,1,18,11,2,4,1,1,6,1,2,1,3,132000,1,1,1,0
1,1,2,3,2,7,2,1,1,1,7,1,2,1,4,68000,1,1,1,0
1,1,3,1,1,3,2,1,1,1,7,1,2,1,2,180000,1,1,1,0
1,1,2,1,1,4,3,4,1,1,5,1,1,1,4,175000,1,1,1,0
1,1,2,1,1,1,1,1,1,1,4,1,1,1,4,96500,1,1,1,0
2,1,1,1,2,4,3,3,1,1,4,5,1,1,1,150000,1,1,1,0
1,1,2,1,1,9,2,2,2,1,1,1,1,1,2,110000,1,1,1,0
1,1,1,1,1,10,2,2,1,1,5,1,2,1,3,175000,1,1,1,0
1,1,5,10,1,11,2,1,1,1,1,4,2,1,3,350000,1,1,1,0
1,1,5,10,13,4,3,3,1,3,1,1,1,1,4,112320,1,1,1,0
1,1,3,6,1,5,2,1,1,1,7,1,1,1,2,130000,1,1,1,0
1,1,1,12,8,4,2,1,1,1,7,1,2,1,2,60100,1,1,1,1
1,1,2,1,7,5,2,1,1,1,7,2,1,1,1,56000,1,1,1,0
2,1,2,1,1,2,2,2,1,1,1,1,2,1,5,125000,1,1,1,0
1,1,3,1,1,4,2,1,2,1,7,5,1,1,4,85000,1,1,1,0
1,1,2,1,1,4,2,3,1,1,5,5,1,1,1,125000,1,1,1,0
1,1,2,1,10,2,1,1,1,1,1,1,1,1,3,155000,1,1,1,0
1,1,2,1,12,2,1,1,1,1,1,1,2,1,5,100000,1,1,1,0
1,1,3,9,1,10,3,4,1,1,6,1,1,1,3,110000,1,1,1,0
1,1,4,3,2,9,2,1,1,2,5,1,2,1,2,70000,1,1,1,0
2,1,2,3,1,3,2,1,1,1,8,1,2,1,2,145000,1,1,1,0
2,1,3,3,1,3,1,3,1,1,2,3,2,1,2,85000,1,1,1,0
2,1,2,3,13,4,2,4,1,1,7,1,2,1,2,69000,1,1,1,0
1,1,2,1,1,3,1,4,1,1,9,1,1,1,2,45000,1,1,1,0
1,1,4,3,1,1,3,1,1,3,7,1,1,1,2,115000,1,1,1,0
2,1,3,1,1,7,2,1,2,1,4,1,1,1,4,90000,1,1,1,0
1,3,1,1,3,8,4,2,1,1,9,4,1,1,4,21600,1,1,1,0
2,1,2,5,1,1,3,2,1,1,2,1,1,1,4,70000,1,1,1,0
2,1,3,1,14,1,3,2,1,1,1,1,1,1,4,115000,1,1,1,0
1,1,6,1,1,10,2,4,1,1,5,1,1,1,3,140000,1,1,1,0
1,1,2,1,1,3,2,2,2,4,7,1,1,1,3,100000,1,1,1,0
1,3,2,1,11,5,2,4,1,2,8,4,2,1,2,55000,1,1,1,0
2,1,2,1,3,6,3,1,2,3,1,1,1,1,2,78000,1,1,1,0
1,1,3,1,1,7,3,1,1,1,5,4,1,1,2,125000,1,1,1,0
1,1,2,1,1,7,2,1,1,1,7,1,2,1,2,71000,1,1,1,0
1,1,2,10,2,4,3,1,1,1,2,1,1,1,4,105000,1,1,1,0
2,1,3,1,1,6,2,3,1,1,7,1,1,1,4,120000,1,1,1,0
2,1,6,6,2,3,3,4,1,1,7,1,1,1,2,110000,1,1,1,0
1,1,2,1,1,1,3,4,1,1,7,1,1,1,4,106500,1,1,1,0
2,2,5,1,1,6,4,1,1,1,6,5,2,1,4,135000,1,1,1,0
1,1,3,6,18,7,2,1,1,1,7,1,2,1,2,160000,1,1,1,0
1,1,2,1,1,7,2,1,1,1,7,1,2,1,4,104000,1,1,1,0
1,1,2,1,1,3,4,1,1,1,1,3,2,1,4,175000,1,1,1,0
1,1,2,1,1,4,2,1,1,1,7,1,2,1,4,125000,1,1,1,0
1,1,2,6,1,8,2,4,1,1,7,1,1,1,1,77000,1,1,1,0
1,1,1,1,1,11,2,4,1,1,2,1,1,1,2,125000,1,1,1,0
1,1,2,1,1,5,2,3,1,1,7,2,1,1,4,92000,1,1,1,0
1,2,2,1,1,5,1,1,1,1,1,1,1,1,1,66000,1,1,1,0
1,1,3,1,1,6,2,3,2,1,7,2,1,1,4,187000,1,1,1,0
2,1,3,1,1,10,2,3,1,1,4,1,2,1,3,208000,1,1,1,0
1,1,2,1,3,1,3,4,1,1,7,1,2,1,4,80000,1,1,1,0
2,1,2,9,1,6,3,4,1,1,7,1,2,1,2,120000,1,1,1,0
1,2,3,1,10,11,1,4,1,1,6,6,1,1,2,250000,1,1,1,0
1,1,3,1,1,7,2,4,1,1,1,1,2,1,2,98000,1,1,1,0
1,1,2,1,1,1,1,3,1,1,5,1,1,1,4,90000,1,1,1,0
1,1,3,1,1,7,2,1,1,1,7,1,2,1,4,136000,1,1,1,0
1,1,4,1,1,6,3,1,1,1,7,1,2,1,2,94000,1,1,1,0
1,2,1,1,1,3,1,1,1,1,7,3,2,1,2,90300,1,1,1,0
2,2,3,7,2,4,3,2,1,1,2,1,2,1,4,68000,1,1,1,0
1,1,3,10,4,4,2,3,1,1,9,4,2,1,4,85000,1,1,1,0
1,1,2,2,6,3,3,2,1,1,7,1,2,1,2,98500,1,1,1,0
1,1,3,1,13,2,2,3,1,1,1,1,2,1,3,93000,1,1,1,0
1,1,2,1,1,5,2,2,1,1,1,1,1,1,1,130000,1,1,1,0
1,1,2,1,12,1,2,1,1,1,7,1,1,1,4,110000,1,1,1,0
1,1,2,1,3,3,2,4,1,1,6,2,2,1,2,130000,1,1,1,0
1,1,6,1,1,5,2,4,1,1,5,1,1,1,1,96000,1,1,1,0
1,1,3,1,2,1,3,1,1,1,4,1,1,1,4,160000,1,1,1,0
1,1,2,9,14,2,3,3,1,1,7,1,2,1,3,280000,1,1,1,0
1,1,3,2,1,7,3,3,1,1,4,1,2,1,2,62000,1,1,1,0
1,1,3,7,1,4,3,1,2,1,6,1,2,1,2,130000,1,1,1,0
1,1,2,1,1,4,2,3,1,1,1,1,1,1,1,75000,1,1,1,0
1,1,2,1,1,1,3,4,1,1,5,1,1,1,4,87000,1,1,1,0
1,1,2,1,1,5,3,3,1,1,1,1,1,1,4,110000,1,1,1,0
1,1,2,1,1,4,2,3,1,1,7,1,1,1,4,58000,1,1,1,0
2,1,2,8,1,5,2,4,1,1,7,1,1,1,4,115000,1,1,1,0
1,1,2,10,1,6,2,1,1,1,2,1,1,1,2,120000,1,1,1,0
1,1,2,1,1,5,3,1,1,1,1,1,1,1,4,120000,1,1,1,0
1,1,3,1,13,6,2,1,1,1,7,1,2,1,4,83000,1,1,1,0
1,1,3,6,3,3,2,4,1,1,5,1,1,1,2,180000,1,1,1,0
1,2,4,1,1,8,3,4,1,1,1,7,1,1,1,31200,1,1,1,0
1,1,2,1,1,7,2,1,1,1,1,1,1,1,4,71760,1,1,1,0
1,1,2,1,2,4,2,1,1,1,7,3,1,1,1,65000,1,1,1,0
1,1,2,1,10,6,2,3,1,1,5,1,1,1,4,108000,1,1,1,0
1,1,2,1,1,4,3,2,1,1,1,4,1,1,4,94000,1,1,1,0
1,1,2,1,6,4,2,3,1,1,1,1,2,1,4,54000,1,1,1,0
2,1,2,3,1,10,2,3,1,1,8,1,2,1,2,130000,1,1,1,0
1,1,2,1,1,11,3,1,1,1,2,5,2,1,4,195000,1,1,1,0
1,1,2,1,1,10,3,1,1,1,1,1,2,1,2,100000,1,1,1,0
1,1,2,3,1,5,2,4,2,1,7,7,1,1,4,60000,1,1,1,0
1,3,2,1,4,1,1,2,1,1,4,1,1,1,4,79032,1,1,1,0
1,1,2,1,2,4,3,4,2,1,6,1,1,1,1,84000,1,1,1,0
1,1,1,1,14,5,3,1,1,1,4,4,2,1,4,55000,1,1,1,0
1,1,2,1,12,3,3,4,1,1,7,1,2,1,2,120000,1,1,1,0
1,3,1,1,3,10,2,1,1,1,2,1,2,1,4,59115,1,1,1,0
1,1,3,1,1,5,2,4,1,1,1,5,1,1,4,2000000,1,1,1,0
1,1,2,1,1,1,1,1,2,1,7,5,1,1,4,60000,1,1,1,0
1,1,4,1,1,9,1,1,1,1,1,1,1,1,2,107000,1,1,1,0
1,1,5,9,1,2,2,3,1,1,7,1,2,1,3,140000,1,1,1,0
2,2,2,10,11,8,3,2,2,1,1,2,1,1,1,87360,1,1,1,0
2,1,2,9,14,5,3,1,2,1,8,4,1,1,4,145000,1,1,1,0
1,1,1,2,1,4,2,1,1,1,9,1,1,1,4,76000,1,1,1,0
1,3,2,1,16,4,3,4,1,1,1,1,1,1,4,12000,1,1,1,0
1,1,2,10,1,7,2,3,1,3,7,1,1,1,4,177000,1,1,1,0
1,1,2,4,1,1,2,3,1,1,7,1,2,1,2,128500,1,1,1,0
1,1,2,1,1,9,2,3,1,1,7,1,2,1,3,120000,1,1,1,0
2,1,2,1,1,10,2,3,1,1,1,1,2,1,2,140000,1,1,1,0
1,1,2,7,1,4,3,2,1,1,7,1,1,1,4,53000,1,1,1,0
1,1,2,1,1,3,3,4,1,3,1,1,1,1,4,113000,1,1,1,0
1,1,3,6,3,7,2,4,1,1,1,1,1,1,4,150000,1,1,1,0
1,1,2,3,1,3,2,4,1,1,1,1,1,1,2,125000,1,1,1,0
1,1,4,3,1,1,2,1,1,1,4,1,1,1,4,1850000,1,1,1,0
1,1,3,1,1,8,2,3,2,1,1,5,1,1,4,73645,1,1,1,0
2,1,2,8,1,5,2,2,1,1,7,1,1,1,2,61000,1,1,1,0
1,1,2,1,1,3,2,4,1,1,8,1,2,1,4,108000,1,1,1,0
1,1,1,8,1,8,2,1,1,1,2,3,2,1,4,80000,1,1,1,0
1,1,2,1,1,5,2,3,1,1,7,1,1,1,1,50000,1,1,1,0
1,1,3,6,1,6,2,3,1,1,7,1,1,1,4,82000,1,1,1,0
1,3,2,6,1,5,2,3,1,1,7,6,1,1,4,85000,1,1,1,0
1,1,2,1,1,6,2,4,1,1,8,1,2,1,4,55000,1,1,1,0
1,1,2,9,1,6,3,2,1,1,5,1,2,1,2,125000,1,1,1,0
1,1,2,4,11,8,3,4,1,3,6,1,1,1,1,52000,1,1,1,0
2,1,5,3,4,10,2,3,2,1,7,1,1,1,2,99000,1,1,1,0
1,1,1,1,1,1,2,4,1,1,5,1,2,1,3,50000,1,1,1,0
1,3,2,1,1,5,3,1,1,1,7,1,2,1,2,55000,1,1,1,0
2,1,2,1,1,6,3,2,1,1,9,4,2,1,2,100000,1,1,1,0
1,1,2,10,3,4,2,3,1,1,7,1,1,1,4,86000,1,1,1,0
1,1,2,1,8,2,2,3,1,1,1,1,2,1,3,104000,1,1,1,1
1,1,3,10,13,9,2,1,1,1,7,1,1,1,2,100000,1,1,1,0
2,1,3,6,18,4,2,3,1,1,5,6,1,1,2,132000,1,1,1,0
1,1,2,1,5,2,2,2,1,1,8,1,1,1,5,120000,1,1,1,0
1,1,2,7,15,4,2,1,1,3,2,3,1,1,4,120000,1,1,1,0
1,1,3,1,5,6,2,3,1,1,7,1,2,1,2,130000,1,1,1,0
1,1,1,1,1,11,1,1,1,1,4,1,1,1,2,110000,1,1,1,0
1,1,2,1,14,1,2,3,1,1,7,1,1,1,4,200000,1,1,1,0
1,1,1,9,12,10,2,2,1,1,6,1,1,1,2,145000,1,1,1,0
1,1,4,1,13,8,2,1,1,1,7,1,2,1,2,60000,1,1,1,0
2,1,2,3,8,1,2,2,1,1,8,1,1,1,4,2000000,1,1,1,1
1,1,2,1,1,8,3,1,1,1,7,6,2,1,4,70000,1,1,1,0
1,1,2,3,1,8,2,3,1,1,7,1,2,1,2,57750,1,1,1,0
1,1,2,7,3,1,2,1,1,1,1,1,2,1,2,115000,1,1,1,0
1,1,2,1,4,5,2,2,1,1,7,1,1,1,1,120000,1,1,1,0
1,1,2,4,1,2,3,4,1,1,4,1,2,1,3,100000,1,1,1,0
1,1,3,10,1,7,3,2,1,1,8,1,1,1,2,117000,1,1,1,0
1,2,2,1,1,1,1,4,1,1,4,1,1,1,2,75000,1,1,1,0
2,1,2,1,3,4,2,3,1,1,7,1,1,1,4,63000,1,1,1,0
1,1,1,1,1,3,2,4,1,1,5,1,1,1,3,125000,1,1,1,0
1,1,1,1,1,2,3,4,1,1,8,1,1,1,5,87000,1,1,1,0
1,1,6,3,1,5,3,1,1,1,5,1,1,1,1,804000,1,1,1,0
2,1,2,1,1,9,3,4,1,1,7,1,2,1,2,130000,1,1,1,0
1,3,2,1,1,4,1,1,1,1,5,1,1,1,4,100000,1,1,1,0
1,1,2,1,1,6,2,1,1,1,2,5,2,1,4,1320000,1,1,1,0
1,1,1,6,1,5,2,3,1,1,8,5,1,1,4,60000,1,1,1,0
2,1,2,7,2,1,3,1,1,3,1,1,1,1,4,112000,1,1,1,0
1,1,9,9,1,1,3,1,1,1,1,1,2,1,4,142000,1,1,1,0
1,1,4,1,1,2,1,1,1,1,2,1,2,1,3,180,1,1,1,0
1,1,2,1,1,6,3,4,1,1,5,1,2,1,3,75000,1,1,1,0
2,1,2,1,5,3,2,1,1,1,1,1,1,1,2,200000,1,1,1,0
1,1,1,1,1,1,2,3,1,1,1,1,1,1,4,123097,1,1,1,0
1,1,2,1,1,4,2,3,1,1,1,4,1,1,4,160000,1,1,1,0
1,1,2,4,3,8,1,4,2,3,8,1,1,1,4,90000,1,1,1,0
1,1,3,9,1,9,2,2,1,2,6,1,2,1,3,180000,1,1,1,0
1,1,2,1,1,4,2,3,1,1,3,4,1,1,1,110000,1,1,1,0
1,1,2,1,1,3,1,1,1,1,7,1,1,1,4,135000,1,1,1,0
1,1,2,1,13,5,3,4,1,1,5,1,1,1,1,65000,1,1,1,0
1,1,2,1,1,3,2,3,2,1,7,1,1,1,2,175000,1,1,1,0
1,1,1,7,1,10,2,3,2,1,5,1,1,1,3,130000,1,1,1,0
1,1,1,2,1,9,1,2,2,2,1,1,2,1,2,1032000,1,1,1,0
1,1,2,1,1,1,3,3,1,1,1,7,1,1,4,62000,1,1,1,0
1,1,2,1,1,5,2,1,1,1,1,1,1,1,4,100000,1,1,1,0
1,1,2,1,18,5,3,1,1,1,2,3,1,1,4,89200,1,1,1,0
1,1,1,1,1,3,1,1,1,1,5,7,2,1,2,80000,1,1,1,0
1,1,2,7,1,5,4,3,1,1,7,1,1,1,4,123000,1,1,1,0
1,1,2,1,11,11,2,2,1,1,7,1,2,1,3,147000,1,1,1,0
1,2,4,1,1,1,2,1,1,1,7,1,1,1,1,24000,1,1,1,0
2,1,2,1,1,7,3,3,1,1,7,4,2,1,4,85000,1,1,1,0
1,1,1,9,1,10,2,3,1,1,1,1,1,1,2,72000,1,1,1,0
2,1,2,6,10,2,3,4,1,2,4,1,2,1,3,215000,1,1,1,0
1,1,2,6,18,4,2,2,1,1,7,2,1,1,1,73000,1,1,1,0
2,1,3,1,1,9,3,3,1,1,1,1,2,1,4,1680000,1,1,1,0
2,1,9,1,3,7,2,1,2,2,5,1,1,1,2,540000,1,1,1,0
1,1,3,3,1,7,1,4,1,1,1,1,1,1,4,70000,1,1,1,0
1,1,2,1,2,1,3,3,1,3,5,1,1,1,4,90000,1,1,1,0
2,1,2,1,1,4,2,2,1,1,7,4,1,1,1,99000,1,1,1,0
1,1,2,4,2,4,3,4,1,2,2,1,2,1,4,71000,1,1,1,0
2,1,3,7,2,9,3,2,1,1,7,1,2,1,2,130000,1,1,1,0
1,3,2,1,2,9,2,1,1,1,7,1,2,1,2,92224,1,1,1,0
1,1,3,3,1,7,1,2,2,3,1,1,1,1,4,85000,1,1,1,0
1,1,2,1,2,4,2,3,2,2,5,1,1,1,4,73000,1,1,1,0
1,1,2,3,3,6,1,1,1,1,1,1,2,1,4,81900,1,1,1,0
1,1,2,8,5,4,3,3,1,1,7,1,1,1,4,60000,1,1,1,0
1,1,2,1,1,4,2,1,1,1,7,1,1,1,4,100000,1,1,1,0
1,1,3,6,12,2,2,2,1,1,7,1,1,1,5,135000,1,1,1,0
1,1,2,1,1,1,2,1,1,1,1,1,1,1,4,102000,1,1,1,0
1,1,2,1,1,1,2,1,1,1,7,1,2,1,4,110000,1,1,1,0
1,1,2,9,1,9,3,4,1,1,8,1,2,1,2,120000,1,1,1,0
1,1,2,1,1,3,3,4,1,1,4,1,2,1,4,125000,1,1,1,0
1,1,3,3,2,4,2,4,1,1,7,1,1,1,4,90000,1,1,1,0
1,1,2,1,1,5,1,4,1,1,2,1,2,1,4,63500,1,1,1,0
1,1,3,3,5,4,3,4,1,1,5,1,1,1,2,54000,1,1,1,0
1,1,2,1,1,5,3,3,1,1,7,4,1,1,4,85000,1,1,1,0
1,1,2,3,1,1,3,3,1,1,1,1,1,1,4,145000,1,1,1,0
1,1,2,3,3,4,2,1,1,1,2,2,2,1,4,79500,1,1,1,0
1,1,2,6,1,7,3,4,1,1,7,1,2,1,2,100000,1,1,1,0
1,2,2,1,1,5,2,4,1,4,5,1,1,1,4,86000,1,1,1,0
1,1,1,7,1,9,2,1,1,1,4,1,2,1,4,129800,1,1,1,0
2,1,1,10,1,2,3,1,1,1,5,6,2,1,3,140000,1,1,1,0
1,1,3,2,1,5,3,3,1,1,1,1,1,1,4,110000,1,1,1,0
1,1,3,1,2,1,1,3,1,1,1,1,1,1,4,61500,1,1,1,0
1,1,2,1,1,5,2,4,1,1,8,1,1,1,4,105000,1,1,1,0
2,2,1,1,14,8,2,3,1,1,1,1,1,1,4,20800,1,1,1,0
1,1,6,1,2,4,2,1,1,1,5,1,2,1,4,130000,1,1,1,0
2,2,3,1,1,1,2,4,1,1,7,5,2,1,4,127000,1,1,1,0
1,1,2,1,1,10,2,4,1,1,7,1,2,1,3,87127,1,1,1,0
1,2,2,1,1,10,2,2,1,1,7,1,1,1,2,140000,1,1,1,0
1,1,2,6,13,11,3,1,1,1,7,1,2,1,4,133250,1,1,1,0
2,1,5,9,4,5,3,2,1,1,7,1,2,1,3,94000,1,1,1,0
1,1,5,9,1,7,2,4,1,1,7,1,2,1,4,130000,1,1,1,0
1,1,2,7,1,5,2,4,1,1,8,4,1,1,4,2000000,1,1,1,0
1,1,2,7,1,7,2,1,1,1,1,1,2,1,2,95000,1,1,1,0
1,1,2,1,1,9,2,1,1,1,6,1,1,1,4,102000,1,1,1,0
1,1,1,1,1,5,3,1,1,2,6,1,1,1,4,65000,1,1,1,0
1,1,2,1,1,10,2,1,1,1,1,1,2,1,4,90000,1,1,1,0
1,1,3,10,11,4,2,1,1,1,1,1,1,1,4,85000,1,1,1,0
1,1,2,1,2,7,2,4,1,1,1,1,1,1,4,2000000,1,1,1,0
1,1,1,10,1,5,2,1,1,1,7,1,2,1,4,93000,1,1,1,0
2,2,4,5,1,7,2,1,2,1,7,1,2,1,2,40000,1,1,1,0
1,1,2,1,2,6,2,3,1,1,7,4,1,1,4,98000,1,1,1,0
1,1,3,1,1,1,2,3,1,1,4,1,1,1,4,165000,1,1,1,0
1,2,1,1,5,10,3,4,1,1,1,1,2,1,2,120000,1,1,1,0
1,1,2,1,1,9,2,1,1,1,1,1,2,1,4,135000,1,1,1,0
1,1,5,9,1,6,2,4,1,1,7,1,1,1,4,140000,1,1,1,0
1,1,1,1,1,1,3,1,1,1,2,1,2,1,2,134000,1,1,1,0
1,1,2,1,1,6,2,2,1,1,7,1,1,1,4,120000,1,1,1,0
1,1,2,1,2,6,2,2,1,1,7,1,1,1,3,91000,1,1,1,0
1,1,1,1,1,7,1,2,1,1,5,1,2,1,4,60000,1,1,1,0
1,1,2,10,1,4,2,3,1,1,7,1,1,1,4,125000,1,1,1,0
1,1,1,1,1,10,2,3,1,1,5,1,2,1,2,135000,1,1,1,0
2,1,2,8,2,1,2,1,1,1,8,1,2,1,4,104300,1,1,1,0
1,1,4,1,1,2,2,1,1,1,4,1,2,1,3,104000,1,1,1,0
1,1,2,3,11,8,3,1,1,1,2,1,2,1,2,105000,1,1,1,0
2,1,3,1,13,11,3,1,1,1,5,5,1,1,4,94000,1,1,1,0
2,1,1,1,10,8,3,4,1,1,3,1,1,1,4,85000,1,1,1,0
1,1,2,1,1,5,1,4,1,1,8,1,1,1,1,140000,1,1,1,0
2,1,2,3,3,1,3,3,1,1,5,1,1,1,4,60000,1,1,1,0
1,1,2,1,8,1,3,4,1,1,4,3,1,1,4,60000,1,1,1,1
1,1,2,1,1,5,3,1,1,1,7,1,1,1,4,85000,1,1,1,0
1,1,2,2,1,5,3,2,1,1,7,1,1,1,2,115000,1,1,1,0
1,1,2,1,13,3,2,2,1,1,4,1,1,1,4,95000,1,1,1,0
1,1,2,3,1,6,2,3,1,1,1,4,1,1,4,220000,1,1,1,0
1,1,3,10,1,4,2,4,1,1,7,1,1,1,4,72000,1,1,1,0
1,1,1,3,1,1,3,1,1,1,7,1,1,1,4,110000,1,1,1,0
2,1,3,1,1,2,2,3,1,2,6,1,1,1,3,150000,1,1,1,0
1,2,2,1,1,1,1,2,1,1,7,1,1,1,4,135000,1,1,1,0
1,1,2,6,1,9,3,4,1,1,1,1,2,1,3,130000,1,1,1,0
1,1,2,7,2,1,2,3,1,1,7,1,1,1,4,90000,1,1,1,0
1,1,1,12,1,4,3,1,1,1,2,1,2,1,4,70000,1,1,1,0
2,1,2,1,1,7,2,2,2,1,7,1,1,1,4,300000,1,1,1,0
1,2,6,1,16,8,3,2,1,1,5,4,1,1,4,76000,1,1,1,0
1,1,2,5,3,5,3,1,1,1,1,1,2,1,4,73500,1,1,1,0
1,1,2,3,8,3,1,4,1,1,4,1,1,1,2,99000,1,1,1,1
1,1,2,1,1,3,2,2,1,1,5,5,2,1,2,200000,1,1,1,0
1,1,2,1,1,6,3,1,1,1,8,1,2,1,4,2000000,1,1,1,0
1,1,4,1,12,4,2,1,1,1,6,2,1,1,2,98000,1,1,1,0
1,1,2,1,2,7,2,3,1,1,7,1,1,1,2,190000,1,1,1,0
1,1,2,10,11,4,2,4,1,1,1,1,1,1,4,80000,1,1,1,0
1,1,2,7,1,3,1,3,1,1,7,1,2,1,2,160000,1,1,1,0
1,1,2,4,2,8,2,4,2,4,1,3,1,1,4,60000,1,1,1,0
1,1,1,3,1,3,2,1,1,1,1,1,1,1,2,77000,1,1,1,0
1,1,2,1,2,4,2,3,1,1,1,1,1,1,1,92000,1,1,1,0
1,1,1,1,18,10,2,1,1,3,5,1,1,1,3,92000,1,1,1,0
2,1,3,1,2,6,3,3,1,1,6,1,1,1,4,130000,1,1,1,0
1,1,2,1,1,5,1,4,1,2,7,7,2,1,1,52000,1,1,1,0
2,2,2,1,1,6,4,2,2,2,1,1,1,1,1,65000,1,1,1,0
1,1,1,1,13,9,3,1,1,1,7,1,2,1,2,180000,1,1,1,0
1,3,2,4,3,5,2,3,1,1,7,1,1,1,4,35000,1,1,1,0
1,1,2,1,2,5,2,2,1,1,4,4,2,1,4,86000,1,1,1,0
2,1,2,5,3,5,2,1,1,1,5,1,2,1,4,90000,1,1,1,0
1,1,1,6,18,2,3,1,1,1,7,1,1,1,2,140000,1,1,1,0
1,1,2,1,5,5,2,1,1,3,6,1,1,1,4,112345,1,1,1,0
1,1,3,1,1,5,2,3,1,1,1,3,1,1,4,105000,1,1,1,0
1,1,2,1,1,1,2,4,1,1,7,1,1,1,4,75000,1,1,1,0
1,2,3,1,1,5,3,3,1,1,7,2,1,1,4,82000,1,1,1,0
1,1,3,10,1,5,2,4,1,3,6,1,1,1,4,110000,1,1,1,0
1,2,1,1,1,5,3,1,1,1,1,1,1,1,1,70000,1,1,1,0
2,1,2,1,1,4,2,3,1,1,6,1,1,1,1,2000000,1,1,1,0
1,1,2,3,1,5,2,1,1,1,2,1,2,1,4,75000,1,1,1,0
1,1,3,1,1,4,3,4,1,1,5,1,1,1,4,16500,1,1,1,0
1,1,2,1,1,2,3,3,1,1,6,1,1,1,2,140000,1,1,1,0
1,3,2,1,1,5,3,4,1,1,1,1,1,1,4,67000,1,1,1,0
2,1,2,9,18,4,3,3,1,1,7,1,1,1,1,72000,1,1,1,0
1,1,2,10,11,2,3,3,1,1,7,1,2,1,3,111000,1,1,1,0
1,1,2,6,1,6,2,1,1,1,7,1,1,1,4,118500,1,1,1,0
1,1,2,1,8,5,2,3,1,1,1,1,1,1,4,120000,1,1,1,1
1,1,2,1,1,11,2,2,1,1,5,1,1,1,3,90000,1,1,1,0
1,1,2,1,1,4,1,2,1,1,5,1,1,1,4,72000,1,1,1,0
1,1,2,4,10,3,2,4,1,1,7,1,2,1,2,126000,1,1,1,0
1,1,1,1,1,1,2,3,1,1,5,1,1,1,4,100000,1,1,1,0
1,1,1,5,1,4,2,1,1,1,7,1,2,1,2,80000,1,1,1,0
2,1,2,1,1,3,2,1,1,1,1,1,1,1,4,135000,1,1,1,0
1,1,3,1,1,5,3,3,1,1,7,1,1,1,4,100000,1,1,1,0
1,1,3,9,2,5,2,1,1,1,7,1,2,1,4,90000,1,1,1,0
1,1,5,6,4,2,2,3,1,1,6,1,2,1,5,380000,1,1,1,0
1,2,6,1,1,5,2,1,1,1,1,1,1,1,1,90000,1,1,1,0
1,1,3,1,2,7,2,3,1,1,7,1,2,1,4,66200,1,1,1,0
1,1,5,9,1,6,1,4,1,1,7,1,1,1,2,150000,1,1,1,0
1,1,2,1,1,3,1,1,1,1,7,4,2,1,4,89900,1,1,1,0
1,1,3,1,1,10,2,2,1,1,1,1,2,1,2,180000,1,1,1,0
1,1,2,6,17,1,2,1,1,1,1,4,1,1,4,138000,1,1,1,0
1,1,3,6,4,4,2,2,1,1,1,1,1,1,4,195000,1,1,1,0
1,1,2,1,1,3,2,2,1,1,7,2,1,1,3,1440000,1,1,1,0
1,1,5,9,1,2,2,3,1,1,7,2,1,1,2,2000000,1,1,1,0
1,1,1,1,1,5,2,1,1,1,1,1,1,1,4,72000,1,1,1,0
1,1,2,1,10,3,2,4,1,1,5,1,2,1,2,130000,1,1,1,0
1,1,2,1,1,3,3,1,1,1,1,1,1,1,2,80000,1,1,1,0
2,3,4,1,11,4,3,3,1,1,2,7,1,1,4,2000000,1,1,1,0
1,1,1,1,6,2,2,3,1,1,4,1,2,1,3,114000,1,1,1,0
2,1,2,1,1,4,2,3,1,1,6,2,1,1,1,140000,1,1,1,0
1,1,3,4,11,4,2,3,1,1,6,3,1,1,4,85000,1,1,1,0
1,1,2,7,1,4,3,3,1,1,1,1,2,1,4,120000,1,1,1,0
1,1,1,1,1,1,2,4,1,1,6,1,1,1,4,115000,1,1,1,0
1,1,3,6,10,6,2,2,1,1,7,1,1,1,4,110000,1,1,1,0
1,1,2,9,1,1,3,4,1,1,7,1,2,1,4,117500,1,1,1,0
1,1,3,1,1,4,2,4,1,1,8,1,1,1,4,108000,1,1,1,0
1,1,2,1,12,4,1,4,1,1,5,5,1,1,1,60000,1,1,1,0
2,1,2,3,3,5,2,1,2,2,2,1,1,1,4,45000,1,1,1,0
1,1,1,7,2,4,3,1,1,1,1,1,2,1,4,93000,1,1,1,0
1,1,2,1,3,4,3,1,1,1,5,1,2,1,1,66000,1,1,1,0
1,1,3,1,1,9,2,4,1,1,1,1,2,1,2,150000,1,1,1,0
2,1,2,4,1,3,1,1,1,1,7,4,2,1,4,57000,1,1,1,0
1,1,2,1,1,4,2,4,1,1,1,1,2,1,4,63890,1,1,1,0
1,1,1,1,1,6,2,4,1,1,7,1,1,1,4,128000,1,1,1,0
1,1,2,1,5,5,3,4,1,1,8,1,1,1,4,155000,1,1,1,0
1,1,2,1,1,9,2,1,1,1,5,1,2,1,4,164000,1,1,1,0
1,1,3,1,1,6,3,3,1,1,9,2,2,1,4,135000,1,1,1,0
2,1,3,1,12,6,2,1,1,1,1,1,1,1,2,102000,1,1,1,0
1,1,2,1,1,5,3,1,1,1,4,4,2,1,2,150000,1,1,1,0
1,1,1,7,1,10,3,4,1,1,6,1,2,1,3,280000,1,1,1,0
1,1,2,1,1,5,3,4,1,1,7,4,1,1,4,120000,1,1,1,0
1,1,1,1,14,6,2,4,1,2,7,1,2,1,4,105000,1,1,1,0
1,1,4,1,1,7,2,1,1,1,2,1,2,1,4,120000,1,1,1,0
1,1,3,1,1,2,3,2,1,1,5,1,2,1,5,149000,1,1,1,0
1,1,2,1,1,11,2,3,1,1,7,1,2,1,3,120000,1,1,1,0
1,1,4,12,1,1,2,3,1,1,7,1,1,1,4,300000,1,1,1,0
1,2,1,1,16,4,3,1,1,1,2,4,1,1,1,14000,1,1,1,0
1,1,2,4,1,1,2,3,1,1,2,1,2,1,2,113000,1,1,1,0
1,1,1,1,3,6,2,1,1,1,7,1,1,1,4,190000,1,1,1,0
1,1,2,1,2,5,1,1,1,1,4,1,1,1,4,70000,1,1,1,0
1,1,2,1,3,6,3,3,2,1,1,5,1,1,4,120000,1,1,1,0
1,1,2,1,1,1,2,3,1,1,7,1,2,1,4,94800,1,1,1,0
1,1,2,1,13,1,3,1,1,1,5,1,1,1,4,110000,1,1,1,0
2,1,2,1,2,5,3,1,1,1,5,1,1,1,1,47500,1,1,1,0
1,1,2,1,1,7,2,3,1,1,7,1,1,1,4,126000,1,1,1,0
1,1,5,10,11,5,3,3,1,1,7,1,1,1,4,2000000,1,1,1,0
1,1,2,1,1,9,1,1,1,1,6,1,2,1,2,150000,1,1,1,0
1,1,2,3,1,5,2,1,1,1,1,1,2,1,4,145000,1,1,1,0
2,1,1,3,2,4,2,4,1,1,7,1,1,1,4,54000,1,1,1,0
1,2,2,9,4,4,3,2,2,3,5,6,1,1,4,34000,1,1,1,0
1,1,1,1,1,1,3,3,1,1,2,3,1,1,4,77000,1,1,1,0
1,1,2,9,1,3,1,3,1,1,1,1,1,1,4,200000,1,1,1,0
1,1,1,1,5,4,2,4,1,1,4,5,1,1,4,120000,1,1,1,0
1,1,2,4,7,8,2,4,1,1,1,4,1,1,4,100000,1,1,1,0
1,1,2,3,2,1,3,1,1,1,7,4,1,1,4,150000,1,1,1,0
1,1,2,10,1,4,2,1,2,1,1,1,1,1,1,48000,1,1,1,0
1,1,1,1,1,5,3,1,1,1,5,1,1,1,1,50000,1,1,1,0
1,1,2,7,4,5,3,4,1,1,7,1,2,1,4,125000,1,1,1,0
2,1,3,1,1,2,2,2,1,1,7,1,2,1,5,140000,1,1,1,0
1,1,6,3,1,4,2,4,1,1,2,1,1,1,1,65000,1,1,1,0
1,1,2,2,3,5,3,3,1,1,6,1,1,1,4,100000,1,1,1,0
1,1,5,6,1,2,2,3,1,1,7,1,1,1,3,160000,1,1,1,0
1,1,3,9,11,4,2,2,1,1,1,1,1,1,4,70000,1,1,1,0
1,2,2,5,1,5,4,4,1,1,8,6,1,1,1,80000,1,1,1,0
1,1,3,6,1,11,3,3,1,1,7,1,2,1,3,144000,1,1,1,0
1,1,5,2,5,8,3,2,1,1,7,1,1,1,4,70000,1,1,1,0
1,1,3,1,1,1,2,1,2,4,1,1,1,1,4,80000,1,1,1,0
1,1,3,9,18,4,3,4,2,1,7,1,2,1,4,82500,1,1,1,0
2,1,2,1,1,7,3,1,2,2,7,1,1,1,4,100000,1,1,1,0
1,1,5,6,4,2,2,4,1,1,5,1,1,1,1,124000,1,1,1,0
1,1,6,5,1,7,2,4,1,1,5,1,1,1,4,180000,1,1,1,0
1,1,2,1,13,1,2,1,1,1,1,1,1,1,4,113000,1,1,1,0
1,1,2,1,1,5,2,3,1,1,7,1,2,1,4,65000,1,1,1,0
1,1,6,1,1,5,2,2,1,4,7,1,1,1,4,50000,1,1,1,0
1,1,2,6,12,1,2,3,1,1,4,1,1,1,4,115000,1,1,1,0
1,1,2,1,2,7,2,4,1,1,2,1,2,1,2,100000,1,1,1,0
2,1,9,4,1,3,3,4,1,1,8,1,2,1,2,126300,1,1,1,0
1,1,1,1,1,1,2,3,1,1,8,4,1,1,1,50000,1,1,1,0
1,1,4,1,5,7,3,1,1,1,7,1,2,1,4,143000,1,1,1,0
1,1,2,1,3,7,1,1,1,1,1,1,1,1,4,105000,1,1,1,0
1,1,1,1,1,9,2,4,1,1,7,1,1,1,2,93000,1,1,1,0
1,1,2,4,1,1,2,4,1,1,7,4,1,1,2,250000,1,1,1,0
1,2,6,1,2,1,2,2,1,1,7,1,1,1,1,12500,1,1,1,0
1,2,3,10,4,1,2,3,1,1,6,1,1,1,4,75000,1,1,1,0
1,1,2,1,1,4,2,1,1,1,7,1,1,1,1,63000,1,1,1,0
1,1,2,1,14,1,3,1,1,1,4,1,2,1,4,121000,1,1,1,0
1,1,1,12,1,6,2,4,1,2,2,1,2,1,2,85000,1,1,1,0
2,1,2,1,1,6,2,1,1,1,1,1,1,1,4,130000,1,1,1,0
1,1,1,2,2,4,2,1,1,1,7,1,1,1,4,80000,1,1,1,0
1,1,2,6,6,8,2,4,1,1,5,4,1,1,1,74400,1,1,1,0
1,1,1,1,4,1,2,2,1,1,6,1,1,1,4,180000,1,1,1,0
1,1,3,4,1,9,2,4,2,1,8,1,1,1,2,160000,1,1,1,0
1,2,6,1,1,8,3,2,2,2,7,1,1,1,1,15000,1,1,1,0
2,1,2,4,1,4,1,1,1,1,6,1,1,1,4,78750,1,1,1,0
1,1,2,6,2,10,2,4,1,1,1,2,2,1,2,156000,1,1,1,0
1,1,2,1,1,9,2,1,1,1,7,1,2,1,2,105000,1,1,1,0
1,1,2,3,2,5,2,3,1,1,7,1,2,1,4,95000,1,1,1,0
1,1,2,7,1,4,3,1,1,1,7,1,1,1,4,1096656,1,1,1,0
1,1,2,1,1,2,2,3,1,1,7,1,2,1,3,94000,1,1,1,0
1,3,3,10,11,4,2,1,1,1,7,1,1,1,4,75000,1,1,1,0
1,1,1,8,1,9,2,3,1,1,2,1,2,1,3,55075,1,1,1,0
1,1,3,1,1,10,2,4,1,1,4,1,1,1,2,137000,1,1,1,0
1,1,1,1,1,4,2,4,1,1,7,5,1,1,1,84000,1,1,1,0
1,1,6,6,1,9,1,4,1,1,4,1,1,1,4,150000,1,1,1,0
1,1,2,1,1,3,2,2,1,1,1,1,1,1,2,103000,1,1,1,0
1,1,2,1,7,5,2,4,1,1,1,1,2,1,4,84000,1,1,1,0
1,1,3,1,1,2,1,1,1,1,4,1,1,1,3,115000,1,1,1,0
1,1,2,9,13,1,3,2,1,2,1,5,1,1,1,198000,1,1,1,0
1,1,2,6,2,9,3,1,1,1,7,1,2,1,2,110000,1,1,1,0
2,1,3,3,11,8,1,1,1,1,1,1,2,1,2,150000,1,1,1,0
1,1,2,1,2,4,2,3,1,1,4,1,1,1,4,58000,1,1,1,0
1,1,2,1,5,5,3,3,1,1,7,1,1,1,4,1440000,1,1,1,0
1,1,3,1,12,9,2,1,1,1,8,1,2,1,2,115000,1,1,1,0
2,2,3,1,3,6,2,4,1,1,7,3,2,1,4,175000,1,1,1,0
2,1,2,1,5,6,3,3,1,1,7,2,2,1,2,130000,1,1,1,0
1,1,3,1,1,9,2,1,1,1,1,1,2,1,2,210000,1,1,1,0
1,1,2,9,11,7,3,3,1,1,5,1,2,1,2,130000,1,1,1,0
2,1,3,1,1,6,3,1,1,1,7,3,2,1,4,100000,1,1,1,0
1,3,1,1,11,1,2,3,1,1,7,1,1,1,3,120000,1,1,1,0
1,1,2,1,13,3,2,4,1,1,6,1,1,1,2,133000,1,1,1,0
2,1,2,1,1,5,3,3,2,1,1,1,1,1,4,2000000,1,1,1,0
1,1,3,1,12,1,2,3,1,1,7,5,1,1,4,160000,1,1,1,0
1,1,3,1,1,7,2,3,2,1,7,1,1,1,4,95000,1,1,1,0
1,1,2,7,6,8,3,3,1,1,1,1,1,1,1,42000,1,1,1,0
1,1,2,3,1,11,3,4,1,1,1,1,1,1,3,133000,1,1,1,0
1,2,3,1,1,5,3,3,1,1,7,5,2,1,4,123000,1,1,1,0
2,1,3,1,1,5,3,3,1,1,1,1,1,1,1,112000,1,1,1,0
1,1,3,1,13,6,3,3,2,1,7,1,1,1,4,68000,1,1,1,0
1,1,2,1,13,1,2,4,1,1,7,1,1,1,4,115000,1,1,1,0
1,1,2,1,1,5,3,4,1,1,7,1,1,1,1,87000,1,1,1,0
2,1,1,1,1,3,2,3,1,1,2,1,1,1,4,125000,1,1,1,0
1,1,2,4,1,6,2,3,1,1,7,5,1,1,4,85000,1,1,1,0
1,1,3,1,1,1,2,3,1,1,5,2,2,1,2,110000,1,1,1,0
1,1,2,1,1,5,2,1,1,1,7,1,1,1,1,70500,1,1,1,0
1,1,1,3,6,5,2,1,1,1,2,7,2,1,4,85000,1,1,1,0
1,1,1,1,1,7,1,1,1,1,7,1,1,1,2,130000,1,1,1,0
2,1,2,3,2,6,3,3,2,1,7,1,2,1,4,86000,1,1,1,0
2,1,2,4,1,5,3,1,1,3,4,1,1,1,4,55000,1,1,1,0
1,1,3,1,1,2,3,3,1,1,1,1,2,1,5,160000,1,1,1,0
1,1,2,1,2,4,2,4,2,1,6,2,1,1,1,117000,1,1,1,0
1,1,2,1,1,7,3,1,1,1,4,1,2,1,4,110000,1,1,1,0
1,1,2,1,1,5,2,3,1,1,6,1,1,1,4,75500,1,1,1,0
1,1,3,6,4,5,2,1,1,1,4,1,2,1,4,76000,1,1,1,0
1,1,2,1,1,1,1,3,1,1,7,6,1,1,4,135000,1,1,1,0
1,1,2,8,11,8,2,2,1,1,7,1,1,1,4,59000,1,1,1,0
1,1,2,1,1,5,1,1,1,1,7,1,1,1,1,65000,1,1,1,0
1,1,5,9,7,7,2,1,1,1,6,1,1,1,4,120000,1,1,1,0
1,1,2,1,2,1,1,1,1,1,1,6,2,1,4,85000,1,1,1,0
1,1,2,1,1,1,3,1,1,1,7,1,1,1,4,104000,1,1,1,0
2,1,3,1,1,1,2,1,1,1,7,1,1,1,4,103000,1,1,1,0
1,1,3,1,1,5,3,2,1,1,1,5,1,1,4,87000,1,1,1,0
1,1,2,1,1,7,2,1,1,1,8,1,1,1,4,115000,1,1,1,0
2,2,3,1,14,7,3,4,1,1,1,1,1,1,4,150000,1,1,1,0
1,1,2,1,1,5,2,3,1,1,1,1,1,1,4,65000,1,1,1,0
1,1,2,1,1,5,3,3,1,1,1,5,1,1,1,107000,1,1,1,0
1,3,4,1,1,7,3,1,1,3,1,1,1,1,4,57096,1,1,1,0
1,1,2,9,1,3,2,3,1,4,4,4,2,1,3,2000000,1,1,1,0
1,1,1,1,12,6,2,2,1,1,1,1,1,1,4,160000,1,1,1,0
1,1,1,1,1,6,2,1,1,1,5,1,1,1,4,68040,1,1,1,0
2,2,2,1,1,4,1,1,1,1,6,1,1,1,4,70000,1,1,1,0
1,1,5,9,4,7,2,2,1,1,2,6,2,1,2,900,1,1,1,0
1,1,3,1,1,7,2,3,1,1,7,5,1,1,4,250000,1,1,1,0
2,1,2,3,1,9,3,3,2,1,7,1,2,1,3,110000,1,1,1,0
1,1,4,3,2,7,3,4,1,1,4,1,2,1,2,61000,1,1,1,0
1,2,1,1,1,4,2,4,1,1,4,1,1,1,1,34500,1,1,1,0
2,1,2,1,1,2,3,1,1,1,1,1,1,1,3,120000,1,1,1,0
1,1,2,8,1,4,3,4,1,1,7,1,2,1,4,120000,1,1,1,0
1,1,2,6,11,1,3,3,1,1,1,3,1,1,4,100000,1,1,1,0
2,1,3,1,1,7,3,1,1,1,4,1,2,1,4,87500,1,1,1,0
2,1,2,1,1,1,3,1,1,1,6,1,1,1,4,155000,1,1,1,0
1,1,3,1,1,1,3,3,1,1,5,1,2,1,2,160000,1,1,1,0
1,1,2,3,1,7,2,4,1,1,5,6,2,1,4,120000,1,1,1,0
1,3,2,1,1,5,2,1,1,1,7,1,1,1,4,90000,1,1,1,0
1,1,2,9,1,5,3,3,1,1,6,2,1,1,1,105000,1,1,1,0
1,1,4,12,3,6,1,1,1,1,7,1,2,1,2,150000,1,1,1,0
1,1,2,3,2,8,2,4,1,1,7,2,1,1,4,60000,1,1,1,0
2,2,6,1,16,8,4,4,2,1,1,1,1,1,1,8000,1,1,1,0
1,1,3,1,2,1,2,3,1,1,1,1,1,1,2,105000,1,1,1,0
1,1,5,9,1,3,2,1,1,1,7,5,1,1,4,165000,1,1,1,0
2,1,2,3,1,1,2,1,1,1,7,1,2,1,4,100000,1,1,1,0
1,1,5,1,1,3,2,3,1,1,8,1,2,1,4,145000,1,1,1,0
1,1,3,1,18,11,3,3,1,1,2,1,2,1,2,125000,1,1,1,0
1,1,2,3,2,6,3,3,1,1,7,1,2,1,4,118000,1,1,1,0
1,1,2,4,1,5,3,1,1,1,6,1,2,1,2,100000,1,1,1,0
1,1,2,9,1,9,2,3,1,1,7,1,1,1,2,110000,1,1,1,0
1,1,2,6,3,10,2,4,1,1,4,1,2,1,2,93000,1,1,1,0
1,1,2,1,1,2,2,4,1,1,5,1,2,1,5,120000,1,1,1,0
1,1,2,4,1,1,3,3,1,1,4,1,1,1,4,80000,1,1,1,0
1,1,3,1,1,7,3,4,1,1,7,1,2,1,2,150000,1,1,1,0
1,1,3,1,1,7,2,1,1,1,7,1,2,1,3,135000,1,1,1,0
1,1,2,3,1,3,3,3,1,1,9,4,1,1,2,151000,1,1,1,0
1,1,2,3,3,4,2,1,1,1,7,1,1,1,4,135900,1,1,1,0
1,3,2,1,1,5,2,4,2,1,8,1,1,1,1,70000,1,1,1,0
1,1,2,3,1,5,2,3,1,1,8,1,1,1,4,74000,1,1,1,0
1,2,1,1,1,5,3,2,1,1,6,1,1,1,1,87000,1,1,1,0
1,1,1,7,1,10,1,1,2,2,4,1,2,1,3,200000,1,1,1,0
1,1,2,8,2,4,3,1,1,1,1,1,2,1,4,85000,1,1,1,0
1,1,3,1,12,3,1,1,1,1,1,1,1,1,4,220000,1,1,1,0
1,1,3,1,1,10,2,2,1,1,6,6,1,1,2,180000,1,1,1,0
1,1,2,3,1,4,3,3,1,1,5,1,1,1,4,64000,1,1,1,0
1,1,2,1,2,4,3,1,1,1,7,1,1,1,4,2000000,1,1,1,0
1,1,3,1,1,1,2,3,1,1,1,1,1,1,4,150000,1,1,1,0
2,1,2,1,11,9,2,1,1,1,1,1,2,1,2,128000,1,1,1,0
1,1,2,1,2,2,2,2,1,1,7,7,2,1,7,2000000,1,1,1,0
1,1,2,3,1,5,1,4,1,1,4,1,1,1,4,95000,1,1,1,0
1,2,2,1,1,5,1,4,1,1,6,1,1,1,4,98500,1,1,1,0
1,1,1,1,1,5,2,1,1,1,5,1,2,1,1,50000,1,1,1,0
1,1,2,6,4,4,1,1,1,1,7,1,1,1,4,110000,1,1,1,0
1,1,3,4,14,1,2,2,1,1,7,1,1,1,4,150000,1,1,1,0
1,1,3,1,1,5,2,2,1,1,8,1,1,1,1,136000,1,1,1,0
1,1,2,8,1,6,2,2,1,1,8,1,2,1,2,169000,1,1,1,0
1,1,2,1,1,3,2,1,1,1,7,1,2,1,2,147500,1,1,1,0
1,1,2,10,1,6,3,1,1,1,5,1,2,1,2,185000,1,1,1,0
1,1,2,9,1,5,3,3,2,2,7,1,1,1,4,105000,1,1,1,0
1,1,2,1,1,1,1,3,1,1,1,2,1,1,1,110000,1,1,1,0
1,1,2,4,15,3,3,2,1,1,7,1,2,1,3,118993,1,1,1,0
1,1,2,7,1,4,2,4,1,1,7,1,1,1,4,92000,1,1,1,0
1,1,3,6,1,1,2,3,1,1,1,1,1,1,4,97000,1,1,1,0
1,1,2,6,18,1,2,1,1,1,7,1,1,1,4,83000,1,1,1,0
2,1,2,1,9,1,2,2,1,1,3,5,1,1,2,130000,1,1,1,0
2,1,5,9,1,5,3,4,1,1,1,1,1,1,4,110000,1,1,1,0
1,1,2,11,1,2,1,4,1,1,7,1,2,1,5,80000,1,1,1,0
1,1,3,9,11,4,1,4,1,2,7,1,1,1,4,83000,1,1,1,0
1,1,4,5,6,7,2,1,1,1,4,1,2,1,4,91000,1,1,1,0
2,1,2,1,3,5,3,3,1,1,7,1,1,1,4,123000,1,1,1,0
1,1,3,9,1,5,2,3,1,1,7,1,1,1,4,82000,1,1,1,0
1,1,2,1,13,5,2,2,1,1,1,1,1,1,1,120000,1,1,1,0
2,1,3,1,3,6,2,4,1,1,3,4,2,1,2,102000,1,1,1,0
1,1,3,1,1,7,2,1,1,1,8,5,1,1,4,130000,1,1,1,0
1,3,2,1,1,3,3,2,1,1,6,1,2,1,2,86500,1,1,1,0
2,1,2,5,1,5,3,1,1,1,7,1,1,1,1,78000,1,1,1,0
1,1,2,1,11,4,2,2,1,1,1,1,1,1,1,70000,1,1,1,0
2,1,2,9,1,5,3,2,1,1,1,1,1,1,4,136000,1,1,1,0
1,1,3,1,1,7,2,1,1,1,1,1,2,1,2,120000,1,1,1,0
1,1,2,1,1,9,2,1,1,1,2,1,2,1,2,125000,1,1,1,0
1,3,1,1,1,4,1,1,1,1,7,1,2,1,1,102000,1,1,1,0
1,1,2,1,1,5,3,1,1,1,7,1,2,1,4,117500,1,1,1,0
2,1,3,1,1,9,3,1,1,1,7,1,2,1,2,1320000,1,1,1,0
1,1,2,1,2,6,2,4,1,1,4,1,2,1,4,85000,1,1,1,0
2,1,3,1,4,9,3,4,1,1,1,1,2,1,2,140000,1,1,1,0
2,1,2,1,1,5,3,1,1,1,1,1,1,1,1,96600,1,1,1,0
1,1,2,4,2,7,2,2,1,1,7,1,1,1,4,75000,1,1,1,0
2,1,2,1,1,3,2,1,1,1,7,1,2,1,2,140000,1,1,1,0
1,1,2,10,1,8,3,2,1,1,7,1,1,1,4,73000,1,1,1,0
1,1,2,1,1,5,2,2,1,1,7,1,1,1,1,105000,1,1,1,0
2,1,2,1,1,7,3,3,1,1,4,2,2,1,3,100000,1,1,1,0
1,1,2,6,18,10,3,3,1,1,8,5,2,1,3,193000,1,1,1,0
1,2,1,3,1,4,2,2,2,3,7,1,1,1,1,112500,1,1,1,0
1,1,3,4,11,5,3,4,1,1,7,1,1,1,4,110000,1,1,1,0
1,1,2,5,3,5,2,3,2,1,1,1,1,1,4,130000,1,1,1,0
1,1,1,1,5,5,2,4,1,1,7,1,1,1,4,350000,1,1,1,0
1,1,3,3,1,3,3,3,1,1,1,1,2,1,2,115000,1,1,1,0
1,1,3,6,1,7,2,3,2,1,7,1,1,1,2,80900,1,1,1,0
2,2,3,2,4,1,2,4,2,1,1,1,1,1,4,100000,1,1,1,0
1,1,3,2,2,5,3,4,1,1,1,1,2,1,2,55000,1,1,1,0
1,1,2,8,1,4,3,1,1,1,1,1,2,1,4,55625,1,1,1,0
2,1,2,1,1,1,3,3,1,1,7,1,1,1,4,85000,1,1,1,0
1,1,2,1,1,1,2,3,1,1,1,1,2,1,1,75000,1,1,1,0
1,1,3,1,5,4,2,4,1,1,6,5,1,1,4,142000,1,1,1,0
2,1,2,1,2,4,2,4,1,1,1,2,1,1,1,90000,1,1,1,0
1,1,2,1,17,7,3,3,1,1,7,1,1,1,4,120000,1,1,1,0
1,1,1,1,1,5,2,1,1,1,7,1,2,1,4,74000,1,1,1,0
1,1,1,1,1,1,3,1,1,1,2,1,1,1,2,75000,1,1,1,0
1,1,2,3,1,4,2,4,1,3,7,1,1,1,1,66400,1,1,1,0
1,1,3,6,17,4,2,3,1,1,1,6,1,1,4,94000,1,1,1,0
1,1,2,1,3,5,1,4,1,1,2,1,1,1,4,85000,1,1,1,0
2,1,2,8,1,4,2,3,1,1,2,1,1,1,4,74000,1,1,1,0
1,1,1,1,3,4,2,3,1,1,7,1,1,1,1,20400,1,1,1,0
1,1,2,6,2,4,2,3,1,1,7,7,1,1,4,960000,1,1,1,0
1,1,2,1,18,5,1,1,1,1,1,1,1,1,1,60000,1,1,1,0
1,1,3,10,2,4,2,2,1,1,1,1,1,1,4,115000,1,1,1,0
1,1,3,1,1,5,3,4,1,1,1,1,1,1,4,2000000,1,1,1,0
1,1,1,1,1,2,1,1,1,1,9,1,2,1,3,109000,1,1,1,0
1,1,2,1,1,5,2,4,1,1,1,2,1,1,1,1260204,1,1,1,0
2,1,2,6,3,6,3,3,1,1,7,1,1,1,2,125000,1,1,1,0
1,1,1,3,1,1,2,4,1,1,7,4,2,1,4,143000,1,1,1,0
1,1,2,1,1,6,1,1,1,1,7,1,2,1,1,75000,1,1,1,0
1,1,4,3,1,1,3,1,1,1,5,4,2,1,4,105000,1,1,1,0
1,1,2,1,2,6,2,1,1,2,5,1,2,1,2,117500,1,1,1,0
1,1,2,1,1,1,2,4,1,1,7,1,2,1,4,110000,1,1,1,0
1,1,1,4,1,4,3,3,1,1,8,1,1,1,4,68000,1,1,1,0
1,1,4,1,3,8,3,3,1,1,3,1,1,1,4,47000,1,1,1,0
1,1,2,3,1,7,2,4,1,1,5,4,2,1,3,80000,1,1,1,0
1,1,3,1,1,2,2,3,1,1,6,1,1,1,3,95000,1,1,1,0
1,1,2,1,1,5,2,1,2,3,7,4,1,1,1,70000,1,1,1,0
1,1,2,9,2,4,3,3,1,1,8,1,1,1,4,86000,1,1,1,0
1,3,2,1,1,7,2,2,1,1,7,1,1,1,2,115000,1,1,1,0
1,1,2,2,1,6,2,4,1,1,7,1,2,1,2,108000,1,1,1,0
1,1,3,10,1,1,2,4,1,1,1,1,2,1,4,99000,1,1,1,0
1,1,1,1,12,6,1,1,1,1,5,1,1,1,4,110000,1,1,1,0
1,1,3,6,1,5,2,4,1,1,1,4,1,1,4,83000,1,1,1,0
1,1,2,4,1,6,2,4,1,1,9,1,2,1,2,105000,1,1,1,0
1,1,3,1,18,2,2,1,1,1,6,1,1,1,3,100000,1,1,1,0
1,1,6,1,12,3,1,1,1,2,7,4,1,1,2,90000,1,1,1,0
1,1,2,1,1,4,2,1,1,1,4,1,1,1,1,70000,1,1,1,0
2,1,2,7,1,4,2,3,1,1,7,1,1,1,4,110000,1,1,1,0
1,1,2,7,3,1,3,3,1,1,7,1,1,1,4,95000,1,1,1,0
1,1,1,1,2,3,2,3,1,1,7,1,2,1,2,88000,1,1,1,0
1,1,2,6,1,1,2,1,1,1,1,7,2,1,4,67000,1,1,1,0
2,1,2,1,1,10,3,3,1,1,1,5,2,1,2,93000,1,1,1,0
1,1,2,7,1,10,2,1,1,1,4,1,2,1,2,87000,1,1,1,0
1,1,3,7,4,5,3,3,1,1,7,1,2,1,4,87000,1,1,1,0
1,1,3,1,1,6,2,1,1,1,5,2,2,1,2,110000,1,1,1,0
1,3,2,4,2,8,3,3,1,1,6,1,1,1,4,55000,1,1,1,0
1,2,2,1,1,8,2,2,1,1,1,1,2,1,1,8400,1,1,1,0
1,1,4,1,1,3,3,3,1,1,4,1,1,1,4,130000,1,1,1,0
2,1,1,1,4,6,3,3,1,1,4,1,2,1,3,47000,1,1,1,0
1,1,2,5,3,5,2,4,1,1,4,1,2,1,4,83000,1,1,1,0
1,1,1,5,1,3,2,2,1,1,7,7,1,1,2,150000,1,1,1,0
1,1,3,1,18,1,2,1,1,1,7,1,2,1,4,76000,1,1,1,0
1,1,2,1,1,7,2,1,1,1,9,1,1,1,4,118000,1,1,1,0
1,1,3,2,1,7,3,1,1,1,6,1,1,1,2,70000,1,1,1,0
1,1,1,1,1,4,3,3,1,1,5,1,1,1,1,48000,1,1,1,0
1,1,2,6,1,1,3,1,1,1,6,1,2,1,2,126000,1,1,1,0
1,1,1,5,1,3,2,1,1,1,2,1,2,1,4,90000,1,1,1,0
2,1,2,1,1,1,2,1,1,1,7,1,1,1,4,75000,1,1,1,0
1,1,3,1,1,4,3,1,2,1,7,2,1,1,4,87500,1,1,1,0
1,1,2,7,1,5,2,1,1,1,2,1,2,1,4,108000,1,1,1,0
1,1,8,1,7,4,2,3,1,1,9,5,2,1,4,30000,1,1,1,0
1,2,3,4,1,5,2,1,2,3,1,1,1,1,4,64000,1,1,1,0
1,1,2,1,1,1,2,3,1,1,7,1,1,1,4,122000,1,1,1,0
1,1,2,1,1,5,1,1,1,1,8,7,1,1,4,105000,1,1,1,0
1,1,4,6,1,9,3,3,1,1,1,1,1,1,5,82000,1,1,1,0
1,1,2,9,1,2,3,2,1,1,1,1,2,1,5,140000,1,1,1,0
1,1,3,5,15,9,3,2,2,2,1,6,1,1,2,97000,1,1,1,0
1,1,2,4,11,4,3,3,2,1,8,1,1,1,1,52000,1,1,1,0
1,1,3,1,8,9,3,1,1,1,5,1,1,1,3,139000,1,1,1,1
2,1,1,5,1,8,3,1,2,1,1,1,1,1,1,34496,1,1,1,0
1,1,3,2,4,1,2,3,2,1,1,1,2,1,2,135000,1,1,1,0
1,1,5,10,1,9,2,2,2,1,7,1,1,1,4,65000,1,1,1,0
1,1,9,9,10,10,2,4,1,1,7,1,1,1,2,75000,1,1,1,0
1,2,4,1,1,4,2,3,1,1,1,7,2,1,4,17500,1,1,1,0
1,3,1,1,16,1,3,4,1,1,1,1,1,1,1,108000,1,1,1,0
1,1,3,1,1,7,2,3,1,2,1,5,2,1,2,120000,1,1,1,0
1,3,2,2,1,3,1,1,1,1,4,1,2,1,4,105000,1,1,1,0
1,1,2,1,12,5,3,4,1,1,8,1,1,1,4,120000,1,1,1,0
1,1,2,1,1,6,3,2,1,1,1,1,1,1,4,120000,1,1,1,0
1,1,3,1,1,9,2,3,1,1,7,1,2,1,2,245000,1,1,1,0
1,1,2,1,1,6,3,4,1,1,7,1,1,1,1,80000,1,1,1,0
1,1,2,6,2,1,2,4,1,1,4,2,1,1,4,96500,1,1,1,0
1,1,2,1,1,1,2,1,1,1,4,1,2,1,4,80000,1,1,1,0
1,1,2,1,2,1,1,4,1,1,7,1,1,1,1,94000,1,1,1,0
1,1,2,1,1,5,2,2,1,3,1,1,1,1,4,60000,1,1,1,0
1,1,2,1,1,1,3,1,1,1,7,4,1,1,4,190000,1,1,1,0
1,1,2,1,1,5,2,1,1,1,1,1,1,1,4,60000,1,1,1,0
1,1,3,1,1,5,3,3,1,1,1,1,1,1,4,100000,1,1,1,0
1,3,1,1,3,6,2,1,1,1,4,1,2,1,4,112000,1,1,1,0
1,1,2,3,1,1,2,4,1,1,7,1,2,1,4,105000,1,1,1,0
1,1,2,1,1,4,2,3,1,1,1,1,1,1,1,70000,1,1,1,0
1,1,2,1,1,7,2,3,1,1,2,7,2,1,2,130000,1,1,1,0
1,1,4,1,2,3,2,3,1,1,2,1,1,1,2,127000,1,1,1,0
2,1,2,1,13,5,2,4,1,1,6,3,1,1,4,90000,1,1,1,0
1,1,2,1,1,3,2,2,1,1,8,1,1,1,2,210000,1,1,1,0
2,1,2,1,2,4,2,3,1,1,6,1,1,1,1,86000,1,1,1,0
1,1,5,9,1,5,3,4,1,1,6,1,2,1,2,150000,1,1,1,0
1,1,2,1,5,3,3,4,1,1,5,1,2,1,3,100000,1,1,1,0
1,1,2,1,1,6,1,4,1,1,1,1,2,1,4,85000,1,1,1,0
1,1,2,9,8,9,2,4,1,1,2,1,2,1,2,138000,1,1,1,1
1,1,1,1,1,7,2,3,1,1,5,1,2,1,3,110000,1,1,1,0
1,1,2,9,3,4,1,3,2,1,4,2,1,1,4,50000,1,1,1,0
1,1,2,1,2,5,2,3,1,1,1,4,1,1,4,100000,1,1,1,0
1,1,3,6,14,9,2,1,1,1,1,1,2,1,3,170000,1,1,1,0
1,1,3,1,1,7,2,1,1,1,1,5,1,1,4,120000,1,1,1,0
1,1,2,1,2,7,3,3,1,1,7,1,2,1,4,102000,1,1,1,0
1,1,2,1,3,3,2,1,1,1,8,1,1,1,4,122000,1,1,1,0
1,1,2,1,1,6,2,3,1,1,8,6,2,1,4,115000,1,1,1,0
2,2,3,9,4,4,3,4,2,1,7,5,1,1,4,2000000,1,1,1,0
1,1,2,1,1,5,2,1,1,1,8,1,2,1,4,58000,1,1,1,0
1,3,1,1,1,5,2,1,1,1,2,1,1,1,1,80000,1,1,1,0
1,1,2,2,2,4,3,3,1,1,7,1,2,1,4,88000,1,1,1,0
1,1,2,8,10,3,2,4,1,1,1,1,2,1,2,150000,1,1,1,0
1,1,5,1,1,2,3,3,1,1,6,1,1,1,3,90000,1,1,1,0
1,1,2,1,1,4,2,3,1,1,7,1,1,1,1,75000,1,1,1,0
1,1,2,3,1,1,3,1,1,1,4,1,2,1,1,62400,1,1,1,0
1,1,2,1,1,9,3,3,1,1,7,1,1,1,2,148200,1,1,1,0
1,1,2,2,1,3,2,2,1,1,1,1,2,1,2,190000,1,1,1,0
1,1,3,9,1,3,2,4,1,1,1,1,2,1,2,275000,1,1,1,0
2,2,1,6,2,4,3,4,1,1,7,1,1,1,1,25000,1,1,1,0
1,1,2,10,1,4,2,3,1,1,5,2,1,1,1,95000,1,1,1,0
1,2,2,9,4,4,2,4,2,1,1,2,1,1,1,33000,1,1,1,0
1,1,2,9,12,1,2,3,1,1,7,1,1,1,4,85000,1,1,1,0
2,1,2,1,2,6,2,2,1,3,7,1,1,1,4,130000,1,1,1,0
1,1,2,10,11,4,3,4,1,1,7,1,1,1,4,87000,1,1,1,0
1,1,4,1,8,4,2,2,1,1,7,1,2,1,4,23000,1,1,1,1
2,1,2,9,1,5,2,3,1,1,7,2,1,1,4,129000,1,1,1,0
1,1,4,2,1,9,2,4,1,1,5,1,2,1,2,138760,1,1,1,0
1,1,2,1,1,10,1,4,1,1,7,1,1,1,2,83000,1,1,1,0
2,1,2,1,2,4,3,3,2,2,5,1,1,1,4,94000,1,1,1,0
2,1,2,1,5,5,3,3,2,1,7,1,1,1,4,114800,1,1,1,0
1,1,2,1,13,1,2,1,1,1,5,1,1,1,4,85000,1,1,1,0
1,1,4,5,1,1,1,4,1,1,6,1,2,1,4,50000,1,1,1,0
2,1,2,1,1,9,2,1,1,1,7,1,2,1,2,90000,1,1,1,0
1,1,5,1,4,10,3,3,1,1,1,1,2,1,2,162000,1,1,1,0
1,1,1,1,3,8,2,3,2,2,6,2,1,1,1,65000,1,1,1,0
1,1,2,1,1,9,2,1,1,1,7,1,2,1,2,94000,1,1,1,0
2,1,3,1,1,1,2,2,1,1,1,5,1,1,4,65000,1,1,1,0
2,1,3,6,1,3,3,3,1,1,5,1,1,1,2,114000,1,1,1,0
2,1,2,1,1,5,2,2,1,1,7,1,1,1,1,120000,1,1,1,0
1,1,2,8,1,4,1,3,1,1,6,1,1,1,4,120000,1,1,1,0
1,1,2,1,13,6,2,2,1,1,7,1,1,1,4,110000,1,1,1,0
1,3,2,1,2,7,2,1,1,1,4,1,2,1,4,76000,1,1,1,0
1,1,2,1,12,9,3,1,1,1,1,1,2,1,2,110000,1,1,1,0
1,1,3,1,5,1,3,1,1,1,1,1,2,1,4,88000,1,1,1,0
1,1,3,1,1,2,2,2,1,1,5,1,2,1,3,160000,1,1,1,0
1,1,2,1,9,5,2,1,1,1,1,1,1,1,1,25000,1,1,1,0
1,1,2,6,2,10,3,3,1,1,7,1,2,1,3,126000,1,1,1,0
1,1,2,7,3,6,2,4,1,1,1,1,1,1,4,95000,1,1,1,0
1,1,2,1,1,9,2,1,1,1,2,1,2,1,2,125000,1,1,1,0
1,1,1,1,1,2,3,1,1,1,2,4,2,1,3,197000,1,1,1,0
1,1,2,4,2,6,2,1,2,2,6,1,1,1,2,105000,1,1,1,0
1,1,2,1,1,6,1,4,1,1,7,1,1,1,4,154000,1,1,1,0
1,1,3,1,12,3,2,1,1,1,5,1,2,1,2,139000,1,1,1,0
1,2,6,5,1,5,2,2,1,1,5,1,1,1,1,8000,1,1,1,0
1,1,2,1,1,2,2,2,1,1,5,1,1,1,5,145000,1,1,1,0
1,1,2,1,2,3,2,4,1,1,8,1,2,1,2,110000,1,1,1,0
2,1,2,1,1,1,2,1,1,2,2,1,1,1,4,130000,1,1,1,0
2,1,3,4,1,8,3,1,2,1,5,4,1,1,4,60500,1,1,1,0
2,1,2,1,1,5,2,1,1,2,7,1,1,1,4,81000,1,1,1,0
1,1,2,1,5,7,2,3,1,1,1,2,1,1,4,165000,1,1,1,0
1,1,1,9,11,3,2,1,1,2,1,1,2,1,2,85000,1,1,1,0
2,1,2,1,1,5,3,1,1,1,7,1,1,1,4,54000,1,1,1,0
1,3,2,1,1,1,2,4,1,1,7,1,2,1,4,120000,1,1,1,0
1,1,1,8,1,4,2,1,1,1,5,1,1,1,4,92500,1,1,1,0
1,1,2,1,12,1,2,4,1,1,7,1,1,1,4,125000,1,1,1,0
1,1,2,2,1,5,3,4,1,1,5,5,2,1,1,90000,1,1,1,0
1,1,2,3,2,4,3,1,1,1,6,1,2,1,2,83000,1,1,1,0
2,1,3,10,11,5,2,3,1,2,1,2,1,1,4,66000,1,1,1,0
1,1,2,1,3,7,2,3,1,1,1,3,1,1,4,107000,1,1,1,0
1,1,4,3,14,1,2,2,1,1,7,2,1,1,4,235000,1,1,1,0
2,1,2,3,1,5,2,1,2,1,7,1,1,1,4,63000,1,1,1,0
1,1,2,6,5,8,2,1,1,1,5,1,1,1,4,52000,1,1,1,0
2,1,4,1,1,4,3,1,1,1,4,1,1,1,4,48000,1,1,1,0
1,3,6,5,2,5,2,1,1,1,5,1,1,1,4,32000,1,1,1,0
1,1,2,8,1,6,3,2,1,1,7,2,1,1,1,180000,1,1,1,0
1,1,1,4,1,7,2,3,1,1,7,1,2,1,2,112000,1,1,1,0
1,1,1,1,2,2,2,1,1,2,4,3,2,1,2,110000,1,1,1,0
1,1,2,3,8,4,3,1,1,1,5,1,2,1,2,86000,1,1,1,1
1,1,1,1,1,5,1,1,1,1,7,1,1,1,4,80000,1,1,1,0
1,3,2,1,11,1,2,3,1,1,1,5,1,1,4,70000,1,1,1,0
1,1,3,9,1,4,3,3,1,1,5,1,1,1,4,69000,1,1,1,0
1,1,1,5,1,9,2,3,1,1,4,1,2,1,2,90000,1,1,1,0
1,1,2,1,1,3,2,2,1,1,5,1,2,1,2,115000,1,1,1,0
1,3,3,4,4,4,2,2,1,1,7,1,1,1,4,185000,1,1,1,0
1,1,2,1,1,11,2,2,1,3,7,1,1,1,3,75000,1,1,1,0
1,1,2,2,3,4,2,4,1,1,7,1,1,1,4,57000,1,1,1,0
1,1,2,1,1,1,3,3,1,1,1,1,1,1,4,115000,1,1,1,0
1,2,1,1,1,4,2,4,1,1,2,1,1,1,1,37440,1,1,1,0
2,1,2,1,1,9,3,2,2,1,1,1,1,1,2,130000,1,1,1,0
2,1,2,1,11,2,3,1,1,1,7,1,2,1,2,150000,1,1,1,0
1,1,2,1,1,5,2,1,1,1,5,4,1,1,4,55000,1,1,1,0
1,1,2,1,3,4,2,1,1,1,6,1,1,1,1,82000,1,1,1,0
1,1,2,1,6,5,2,3,1,1,5,1,1,1,1,72000,1,1,1,0
1,1,2,1,1,5,3,4,1,1,1,1,1,1,4,79000,1,1,1,0
2,1,2,7,1,11,2,3,1,1,2,1,1,1,5,110,1,1,1,0
1,1,2,3,2,4,3,3,1,1,1,1,1,1,4,65000,1,1,1,0
1,1,5,9,1,6,2,4,1,1,7,1,1,1,2,120000,1,1,1,0
1,1,2,3,3,5,2,1,1,1,4,1,1,1,4,90000,1,1,1,0
1,1,2,1,12,7,2,1,1,1,2,1,2,1,4,140000,1,1,1,0
1,1,1,9,1,10,2,1,1,1,6,5,2,1,1,135000,1,1,1,0
1,1,2,3,3,1,2,3,1,1,1,1,1,1,1,45000,1,1,1,0
2,1,2,1,5,5,2,4,1,1,7,1,1,1,4,70000,1,1,1,0
1,1,1,1,1,3,3,1,1,1,2,1,2,1,2,189000,1,1,1,0
1,1,2,4,1,6,3,4,1,1,6,2,1,1,4,140000,1,1,1,0
1,1,3,1,2,9,3,1,1,1,7,1,2,1,3,112000,1,1,1,0
2,1,3,7,1,3,3,4,1,1,8,1,2,1,3,175000,1,1,1,0
1,1,2,7,2,4,3,3,1,1,2,1,1,1,4,30000,1,1,1,0
1,1,3,1,1,9,2,4,2,1,4,1,2,1,2,156000,1,1,1,0
1,1,3,1,5,6,3,2,1,1,1,4,1,1,4,153000,1,1,1,0
1,1,2,9,4,4,2,3,1,1,6,1,1,1,1,45000,1,1,1,0
1,1,3,1,1,1,1,3,1,1,1,5,1,1,4,126000,1,1,1,0
1,1,2,1,1,5,2,4,1,1,7,1,1,1,4,75000,1,1,1,0
1,2,3,9,4,1,2,1,1,1,5,1,1,1,4,28000,1,1,1,0
1,1,1,9,1,4,2,3,1,1,1,1,1,1,2,75000,1,1,1,0
1,1,2,1,5,5,2,1,1,1,4,5,1,1,1,60000,1,1,1,0
2,1,2,1,5,4,2,4,2,4,2,1,1,1,1,91705,1,1,1,0
2,1,3,1,1,5,2,3,2,1,1,2,1,1,4,1440000,1,1,1,0
1,3,2,8,2,4,3,3,1,1,1,1,1,1,4,85000,1,1,1,0
1,1,2,1,1,1,3,4,1,1,7,1,1,1,4,87500,1,1,1,0
1,1,4,1,1,5,2,4,1,1,1,1,1,1,1,60000,1,1,1,0
2,1,1,9,6,4,2,4,1,1,2,3,1,1,1,70000,1,1,1,0
2,1,2,1,1,6,3,1,1,1,1,1,1,1,2,110000,1,1,1,0
1,1,2,1,1,5,1,3,1,1,8,2,1,1,1,115000,1,1,1,0
1,1,2,1,1,1,2,1,1,1,7,1,1,1,4,125000,1,1,1,0
2,1,2,1,3,4,2,2,1,1,1,1,1,1,1,79000,1,1,1,0
1,1,2,1,2,1,2,3,1,1,5,1,1,1,4,2000000,1,1,1,0
1,1,2,4,2,3,3,4,1,1,9,2,1,1,4,150000,1,1,1,0
1,1,1,12,12,5,2,3,1,1,7,1,2,1,4,80000,1,1,1,0
2,1,2,1,3,4,2,1,2,4,7,1,1,1,1,60000,1,1,1,0
2,1,2,2,1,8,3,1,1,1,1,1,2,1,3,720000,1,1,1,0
1,1,3,1,1,2,1,1,1,1,7,1,2,1,3,135000,1,1,1,0
1,1,2,7,1,4,2,2,1,1,6,1,1,1,2,97000,1,1,1,0
2,1,2,11,1,6,2,4,1,1,1,1,2,1,2,200000,1,1,1,0
2,1,2,1,1,5,2,3,1,1,7,1,1,1,4,55000,1,1,1,0
1,1,3,1,3,4,3,1,1,1,4,5,1,1,4,80000,1,1,1,0
2,1,2,7,3,4,1,1,1,1,7,1,1,1,4,62000,1,1,1,0
1,1,2,1,1,1,2,4,1,1,5,1,1,1,4,94000,1,1,1,0
2,1,2,1,1,5,2,4,2,1,7,1,1,1,4,139400,1,1,1,0
2,1,2,3,1,1,3,3,1,3,5,1,1,1,4,110000,1,1,1,0
2,1,3,9,1,5,2,3,2,1,1,1,1,1,4,70000,1,1,1,0
1,1,2,1,1,4,1,1,1,1,5,1,1,1,1,68000,1,1,1,0
2,1,2,1,12,5,3,4,1,1,1,1,1,1,4,90000,1,1,1,0
1,1,1,10,1,1,1,4,1,1,1,1,1,1,4,105000,1,1,1,0
1,2,4,1,1,4,2,1,1,1,4,4,1,1,4,33000,1,1,1,0
1,1,2,1,1,1,2,4,1,1,5,1,2,1,4,75000,1,1,1,0
2,1,2,1,1,1,2,1,1,1,7,1,2,1,2,86000,1,1,1,0
1,1,2,1,2,6,3,1,1,1,7,5,2,1,4,115000,1,1,1,0
1,1,2,1,1,5,2,4,1,1,7,4,1,1,4,75000,1,1,1,0
1,1,2,2,1,5,3,1,1,1,7,1,1,1,4,80000,1,1,1,0
1,1,2,9,2,4,2,1,2,2,7,2,1,1,1,80000,1,1,1,0
1,1,2,1,1,7,2,2,1,1,7,1,2,1,2,130000,1,1,1,0
1,1,2,10,1,8,3,3,1,1,1,4,1,1,4,71500,1,1,1,0
1,1,1,1,1,2,3,1,1,1,7,1,2,1,2,130000,1,1,1,0
1,1,2,4,1,4,3,4,1,1,1,1,1,1,4,125000,1,1,1,0
1,1,1,12,1,1,2,1,1,1,7,1,2,1,4,120000,1,1,1,0
1,1,2,1,1,6,1,1,1,3,7,1,1,1,4,660000,1,1,1,0
1,1,6,1,7,8,2,1,1,1,2,1,1,1,4,70000,1,1,1,0
2,1,2,1,1,3,2,4,1,1,4,4,1,1,2,135000,1,1,1,0
1,1,2,4,1,2,2,2,1,1,8,1,2,1,2,120000,1,1,1,0
1,1,3,3,1,7,2,4,1,1,7,1,2,1,2,1044000,1,1,1,0
1,1,2,1,1,3,2,4,1,1,1,1,2,1,3,160000,1,1,1,0
1,1,3,2,3,4,2,4,1,1,8,1,1,1,4,90000,1,1,1,0
1,1,2,1,1,4,2,3,1,1,7,1,1,1,4,80000,1,1,1,0
1,1,6,5,2,6,2,3,1,1,5,1,2,1,4,89500,1,1,1,0
1,1,3,9,3,9,3,4,1,1,7,1,1,1,3,140000,1,1,1,0
1,1,2,6,2,5,3,4,1,1,7,1,2,1,4,105000,1,1,1,0
1,1,2,1,5,3,3,4,1,1,1,1,2,1,2,103000,1,1,1,0
1,3,2,6,18,4,3,2,1,1,1,1,1,1,1,65900,1,1,1,0
1,1,5,6,11,5,2,1,1,1,8,4,1,1,4,78780,1,1,1,0
2,1,2,3,1,1,3,4,1,1,5,1,2,1,4,85000,1,1,1,0
1,1,2,1,1,4,1,4,1,1,7,1,1,1,1,60000,1,1,1,0
1,1,2,1,1,4,3,2,1,1,5,1,1,1,1,80000,1,1,1,0
1,2,2,3,1,1,2,4,1,1,7,4,1,1,1,21000,1,1,1,0
2,1,2,2,3,5,3,3,2,2,7,4,1,1,4,88000,1,1,1,0
1,1,2,1,1,1,2,1,1,1,1,1,2,1,2,90000,1,1,1,0
1,3,4,1,1,4,2,4,1,1,5,1,1,1,4,31000,1,1,1,0
2,1,3,4,1,2,3,3,1,1,6,1,2,1,3,100000,1,1,1,0
1,1,2,7,1,3,2,4,2,1,7,5,1,1,4,150000,1,1,1,0
1,1,2,1,3,1,2,4,2,1,1,1,1,1,4,80000,1,1,1,0
1,1,5,10,4,7,3,3,1,1,1,1,1,1,4,129000,1,1,1,0
1,1,1,2,14,5,2,3,1,1,7,1,1,1,4,115000,1,1,1,0
1,1,2,9,1,9,3,1,1,1,1,1,2,1,2,120000,1,1,1,0
1,1,2,1,1,1,2,1,1,1,1,1,1,1,4,145000,1,1,1,0
1,2,6,1,6,6,2,4,1,1,7,1,1,1,1,45000,1,1,1,0
1,1,3,4,4,1,2,3,1,1,1,1,1,1,2,225000,1,1,1,0
1,1,2,1,1,1,2,3,1,1,1,1,2,1,4,81000,1,1,1,0
1,1,2,7,3,4,2,2,1,1,7,1,1,1,4,111000,1,1,1,0
1,1,1,12,13,2,2,4,1,1,1,1,2,1,3,125000,1,1,1,0
1,1,2,1,1,5,2,2,1,1,5,1,2,1,4,103000,1,1,1,0
1,1,2,1,1,1,3,3,1,1,7,1,1,1,4,80000,1,1,1,0
1,1,2,4,3,7,3,1,1,1,7,2,1,1,2,145000,1,1,1,0
1,1,1,1,14,2,2,2,1,1,6,1,2,1,3,140,1,1,1,0
1,1,1,1,1,1,2,1,1,1,1,1,1,1,4,140000,1,1,1,0
1,1,2,1,1,4,2,4,1,1,6,1,2,1,4,115000,1,1,1,0
1,1,4,1,2,4,2,4,1,1,4,1,1,1,4,93600,1,1,1,0
1,1,2,1,13,7,3,2,1,1,2,1,1,1,4,85000,1,1,1,0
2,1,4,1,2,3,2,4,1,1,2,3,2,1,3,83544,1,1,1,0
1,1,2,1,12,5,2,4,1,1,2,1,1,1,4,75200,1,1,1,0
2,1,2,1,1,9,2,3,2,1,7,1,1,1,2,38000,1,1,1,0
1,1,3,1,1,9,2,3,1,1,7,6,2,1,2,141000,1,1,1,0
2,1,2,10,1,5,2,4,1,1,1,2,1,1,4,112000,1,1,1,0
1,1,2,1,1,6,2,1,1,1,7,1,2,1,4,120000,1,1,1,0
1,1,2,1,12,5,3,1,1,1,7,1,2,1,4,142000,1,1,1,0
1,1,2,1,2,4,2,3,1,1,7,1,1,1,1,70000,1,1,1,0
1,1,3,3,1,6,2,2,1,1,1,1,1,1,4,107000,1,1,1,0
1,1,1,1,1,5,2,4,1,1,5,1,2,1,4,65000,1,1,1,0
1,1,2,1,13,3,2,1,1,1,5,1,2,1,2,100000,1,1,1,0
1,1,2,5,6,5,2,1,1,1,4,1,1,1,4,62000,1,1,1,0
1,1,2,1,5,5,2,3,1,1,7,4,1,1,4,150000,1,1,1,0
2,1,5,1,1,3,2,4,1,1,5,1,2,1,4,95000,1,1,1,0
1,1,2,1,2,5,2,1,2,3,2,3,1,1,4,115000,1,1,1,0
1,1,2,1,5,5,3,4,1,1,1,1,2,1,4,95000,1,1,1,0
1,1,2,6,3,8,1,3,1,1,1,2,1,1,4,110000,1,1,1,0
1,1,2,1,1,6,2,3,1,1,2,1,2,1,2,95000,1,1,1,0
2,1,2,1,2,6,2,3,1,1,3,1,1,1,4,195000,1,1,1,0
1,1,2,7,1,5,3,3,1,1,7,1,1,1,4,92200,1,1,1,0
1,1,2,6,1,9,2,3,1,2,1,1,1,1,2,166000,1,1,1,0
1,1,2,1,2,9,2,1,1,1,1,1,2,1,2,110000,1,1,1,0
1,1,2,1,3,4,2,4,1,1,8,1,1,1,1,120000,1,1,1,0
1,1,2,1,1,7,2,3,1,1,5,1,1,1,4,101000,1,1,1,0
1,1,2,3,1,10,2,3,1,1,1,1,2,1,3,158000,1,1,1,0
1,1,3,1,1,2,1,1,1,1,1,5,1,1,5,1500000,1,1,1,0
1,1,3,2,1,4,3,1,1,1,7,1,2,1,2,120000,1,1,1,0
1,1,2,1,1,4,2,2,1,1,5,7,1,1,1,1500000,1,1,1,0
1,2,6,5,1,4,2,1,1,1,8,1,1,1,1,850,1,1,1,0
1,1,3,1,1,7,2,4,1,1,2,1,2,1,4,118750,1,1,1,0
2,1,4,12,8,6,3,1,1,1,7,1,2,1,2,150000,1,1,1,1
1,2,2,1,1,5,3,4,2,1,7,5,2,1,4,1020000,1,1,1,0
1,2,2,1,1,4,2,3,1,1,6,5,1,1,4,175000,1,1,1,0
1,3,2,1,1,5,2,1,1,1,7,1,1,1,4,98000,1,1,1,0
1,1,2,1,1,1,2,3,1,1,1,1,1,1,1,71000,1,1,1,0
1,1,2,1,1,1,2,3,1,1,7,1,1,1,4,125000,1,1,1,0
1,1,1,4,1,8,3,1,1,1,2,1,1,1,4,82000,1,1,1,0
1,1,1,4,2,1,2,1,1,1,4,1,1,1,4,80000,1,1,1,0
1,2,1,1,16,4,2,2,1,1,1,2,1,1,1,36000,1,1,1,0
1,1,2,4,1,8,3,1,1,1,7,5,1,1,4,816000,1,1,1,0
1,1,1,1,1,2,2,1,1,1,4,1,1,1,2,60000,1,1,1,0
1,1,2,2,1,4,3,2,1,1,2,2,1,1,4,135000,1,1,1,0
1,3,3,1,2,3,3,4,1,1,7,1,2,1,2,148000,1,1,1,0
1,1,2,10,1,9,3,1,1,1,7,1,2,1,2,135000,1,1,1,0
1,1,2,1,1,6,2,2,1,1,7,1,1,1,4,85000,1,1,1,0
1,1,2,2,6,1,1,1,1,1,2,1,1,1,4,80000,1,1,1,0
2,1,2,1,1,6,3,1,1,1,8,1,1,1,4,104000,1,1,1,0
1,1,2,10,1,6,2,3,1,1,1,1,1,1,2,150000,1,1,1,0
1,1,2,1,1,5,2,4,1,2,6,1,1,1,4,78000,1,1,1,0
1,1,2,9,3,4,3,4,1,1,7,1,2,1,2,65000,1,1,1,0
1,1,2,1,1,4,2,4,1,1,7,1,2,1,4,42000,1,1,1,0
1,1,9,7,2,8,3,3,1,1,1,1,1,1,4,84000,1,1,1,0
1,1,3,1,12,2,2,1,1,1,7,1,2,1,3,185000,1,1,1,0
1,1,1,1,1,6,2,2,1,1,2,1,1,1,4,160000,1,1,1,0
2,3,2,1,2,5,2,2,1,1,2,1,2,1,4,110000,1,1,1,0
1,1,2,4,11,5,2,1,1,1,5,1,1,1,4,40000,1,1,1,0
1,1,2,6,1,4,3,4,1,1,2,1,1,1,1,72000,1,1,1,0
1,1,2,8,2,5,2,4,1,1,1,1,1,1,4,135000,1,1,1,0
1,1,1,2,2,1,2,1,1,2,2,1,1,1,2,23950,1,1,1,0
2,1,2,1,1,7,3,4,1,1,7,1,2,1,2,93000,1,1,1,0
1,1,2,9,1,4,2,4,2,1,7,1,1,1,4,78000,1,1,1,0
2,1,2,1,1,3,3,4,1,1,7,1,2,1,2,159000,1,1,1,0
1,1,2,10,11,4,2,4,1,1,4,1,1,1,4,80000,1,1,1,0
1,1,1,1,1,3,1,1,1,1,1,1,1,1,4,95000,1,1,1,0
1,1,2,1,2,4,3,3,1,1,7,1,1,1,4,135000,1,1,1,0
1,1,4,1,1,4,2,2,2,1,8,1,1,1,4,65000,1,1,1,0
2,1,2,3,1,5,3,3,1,1,5,1,1,1,4,58000,1,1,1,0
1,1,2,1,1,5,2,4,2,2,7,1,1,1,4,75000,1,1,1,0
1,1,2,9,1,4,3,3,1,1,1,1,1,1,4,57000,1,1,1,0
1,1,1,10,1,2,3,2,1,1,1,1,1,1,7,140000,1,1,1,0
2,1,3,1,1,4,2,3,1,1,1,5,1,1,4,1392000,1,1,1,0
2,1,2,5,1,8,1,1,1,1,2,1,1,1,4,16146,1,1,1,0
1,1,2,9,1,4,3,4,2,1,1,1,1,1,4,92000,1,1,1,0
1,3,4,1,1,11,2,4,1,1,5,1,2,1,5,93000,1,1,1,0
1,1,2,1,1,4,3,3,1,3,4,5,1,1,1,52000,1,1,1,0
1,1,2,6,1,6,3,4,1,1,7,1,2,1,2,154000,1,1,1,0
2,1,2,2,3,1,3,1,1,1,1,1,1,1,2,60000,1,1,1,0
1,1,3,1,2,10,2,2,1,1,1,5,2,1,2,175000,1,1,1,0
1,1,2,1,1,9,4,1,1,1,5,1,2,1,2,193500,1,1,1,0
1,1,3,7,14,6,2,3,1,1,7,1,2,1,3,15500,1,1,1,0
1,1,5,7,1,3,2,4,1,1,1,1,2,1,2,155000,1,1,1,0
1,1,3,7,1,7,2,4,1,1,7,1,1,1,4,140000,1,1,1,0
1,1,2,1,1,5,2,4,1,1,8,1,2,1,4,76000,1,1,1,0
1,1,5,1,1,10,3,4,1,1,8,1,2,1,4,140000,1,1,1,0
1,1,1,1,2,1,2,4,1,2,3,4,1,1,4,55000,1,1,1,0
2,1,4,3,13,4,3,1,1,1,5,1,1,1,1,66820,1,1,1,0
2,1,2,1,2,1,2,2,1,1,1,1,1,1,4,72000,1,1,1,0
1,1,2,10,11,5,2,4,1,1,7,1,1,1,4,86000,1,1,1,0
1,1,2,2,1,1,3,4,1,1,7,1,1,1,4,118000,1,1,1,0
1,1,3,6,10,2,3,4,1,1,1,1,2,1,3,240000,1,1,1,0
1,3,2,1,18,7,2,1,1,1,2,1,1,1,4,95000,1,1,1,0
1,1,2,1,2,5,2,1,1,4,1,1,1,1,4,60000,1,1,1,0
2,1,2,1,2,5,3,3,1,1,7,1,2,1,4,120000,1,1,1,0
1,1,1,1,1,5,2,1,1,1,7,1,1,1,2,70000,1,1,1,0
2,1,2,1,1,1,3,1,1,1,2,1,2,1,4,68000,1,1,1,0
1,1,1,12,1,5,1,1,1,1,7,1,1,1,1,65000,1,1,1,0
1,1,2,1,5,5,2,1,1,1,2,1,1,1,1,71380,1,1,1,0
1,1,2,1,2,5,1,4,2,1,7,1,1,1,4,75000,1,1,1,0
1,1,2,6,1,1,2,1,1,1,4,3,2,1,4,130000,1,1,1,0
1,1,2,8,8,5,2,3,1,1,7,1,2,1,2,89000,1,1,1,1
1,1,2,1,2,4,3,1,1,1,7,1,1,1,4,70000,1,1,1,0
1,1,8,1,13,7,2,4,1,1,4,1,1,1,2,119000,1,1,1,0
1,1,2,1,5,3,3,2,1,1,7,1,2,1,2,125000,1,1,1,0
1,1,2,1,2,5,2,3,1,1,7,1,1,1,4,98000,1,1,1,0
2,1,3,1,1,3,1,1,1,1,5,1,2,1,2,120000,1,1,1,0
1,1,4,1,12,5,1,1,1,1,5,1,1,1,4,61000,1,1,1,0
1,1,2,1,1,1,2,3,1,1,1,1,2,1,2,105000,1,1,1,0
1,1,4,12,1,1,2,1,1,1,7,1,2,1,4,80000,1,1,1,0
1,1,3,1,1,5,3,3,1,1,6,2,1,1,4,140000,1,1,1,0
1,1,2,1,1,8,2,4,1,1,7,1,1,1,2,43500,1,1,1,0
1,3,4,1,7,5,1,1,1,1,4,1,1,1,1,52000,1,1,1,0
1,1,2,2,5,9,2,4,1,1,5,1,2,1,3,178000,1,1,1,0
1,1,2,1,1,3,2,4,1,1,8,1,2,1,2,145000,1,1,1,0
1,2,2,1,2,8,2,1,1,1,1,1,2,1,4,70000,1,1,1,0
1,1,2,1,1,2,2,4,1,1,6,4,2,1,3,130000,1,1,1,0
1,1,4,3,1,1,2,2,1,1,4,1,1,1,4,80000,1,1,1,0
1,1,1,3,11,10,4,3,1,1,1,1,2,1,3,221000,1,1,1,0
1,3,3,1,1,7,3,4,1,1,5,5,2,1,2,1320000,1,1,1,0
2,1,2,1,13,3,2,1,1,1,2,1,2,1,2,141000,1,1,1,0
1,1,2,1,12,6,2,3,1,1,2,1,1,1,4,90000,1,1,1,0
1,2,1,3,1,8,3,4,1,1,4,1,1,1,1,300000,1,1,1,0
1,1,2,4,3,8,3,4,2,2,5,2,1,1,4,52500,1,1,1,0
1,1,2,6,1,4,2,3,1,1,5,1,1,1,4,130000,1,1,1,0
1,1,3,1,1,7,3,3,1,1,1,1,1,1,4,108000,1,1,1,0
1,1,2,6,11,10,3,1,1,1,6,5,1,1,4,106500,1,1,1,0
1,1,2,1,11,1,2,1,2,1,5,1,1,1,4,73500,1,1,1,0
1,1,2,1,2,4,3,4,1,1,4,2,1,1,1,80000,1,1,1,0
1,1,2,8,1,4,2,2,1,1,7,1,2,1,4,175000,1,1,1,0
1,1,2,1,1,5,3,4,1,1,7,1,1,1,1,191000,1,1,1,0
1,1,3,4,11,5,1,2,1,1,5,1,2,1,4,95000,1,1,1,0
1,2,1,3,1,4,2,4,1,1,7,2,1,1,1,22500,1,1,1,0
2,1,2,1,1,3,2,3,1,1,7,1,2,1,3,105000,1,1,1,0
1,1,2,5,3,4,3,4,2,1,7,1,1,1,4,35000,1,1,1,0
1,1,2,1,1,5,1,4,1,1,2,1,2,1,4,95000,1,1,1,0
1,1,4,12,5,5,1,1,1,1,1,1,2,1,4,100000,1,1,1,0
1,1,1,1,1,5,2,1,1,1,1,1,1,1,1,125000,1,1,1,0
1,1,3,1,2,2,1,1,1,1,1,1,1,1,3,145000,1,1,1,0
1,1,2,1,2,6,3,2,1,1,7,4,1,1,4,105000,1,1,1,0
1,1,3,7,11,4,3,4,1,1,7,1,2,1,2,96000,1,1,1,0
1,1,2,3,13,1,3,1,1,1,6,1,1,1,4,49440,1,1,1,0
2,1,1,12,3,6,3,3,1,1,7,4,1,1,4,130000,1,1,1,0
1,1,2,3,1,6,3,4,1,1,7,1,1,1,4,118000,1,1,1,0
2,1,2,1,5,3,3,1,2,1,9,1,2,1,2,137000,1,1,1,0
2,1,2,1,12,4,1,1,1,1,7,1,1,1,2,78000,1,1,1,0
1,1,3,1,1,3,1,1,1,1,1,1,2,1,4,135000,1,1,1,0
2,3,2,1,2,5,2,4,1,1,1,5,1,1,4,96000,1,1,1,0
1,1,3,1,1,6,3,4,2,2,2,1,1,1,4,60000,1,1,1,0
1,1,2,1,1,1,2,1,1,1,7,1,1,1,4,996000,1,1,1,0
1,1,2,8,3,8,2,4,1,1,7,1,1,1,4,2000000,1,1,1,0
1,1,3,1,1,1,2,2,1,1,1,5,1,1,4,120000,1,1,1,0
1,1,7,12,1,9,2,2,1,1,2,3,2,1,2,180000,1,1,1,0
1,1,2,1,1,6,2,4,1,1,1,1,1,1,4,95000,1,1,1,0
1,1,2,1,3,7,2,1,1,1,7,7,2,1,2,120000,1,1,1,0
1,1,2,7,1,5,3,2,1,1,8,1,1,1,4,130000,1,1,1,0
1,1,2,7,1,5,3,4,2,1,2,1,2,1,4,55000,1,1,1,0
1,3,3,8,1,6,2,3,1,1,7,3,1,1,4,100000,1,1,1,0
1,1,1,1,1,10,2,4,1,1,1,1,1,1,2,160000,1,1,1,0
1,3,2,1,1,1,2,3,1,1,8,7,2,1,2,70000,1,1,1,0
1,1,2,2,6,3,3,3,1,1,1,1,1,1,4,87000,1,1,1,0
2,1,3,1,1,7,2,3,1,1,8,1,1,1,4,117000,1,1,1,0
1,1,2,1,1,6,2,2,1,1,1,1,1,1,4,100000,1,1,1,0
2,1,2,3,2,2,2,4,1,1,2,1,2,1,3,125000,1,1,1,0
1,1,2,1,1,5,1,4,1,1,6,2,1,1,1,65000,1,1,1,0
1,1,2,6,1,4,2,3,1,1,1,1,1,1,4,75000,1,1,1,0
1,1,1,8,1,2,2,1,1,1,7,1,1,1,5,135000,1,1,1,0
1,1,2,9,13,2,2,1,1,1,6,1,1,1,3,202000,1,1,1,0
1,1,6,12,1,3,2,1,1,1,4,1,2,1,3,116000,1,1,1,0
1,1,2,1,7,1,2,4,1,1,2,1,1,1,4,121000,1,1,1,0
2,1,2,10,12,4,1,3,1,1,5,6,1,1,4,72000,1,1,1,0
1,1,2,1,2,6,3,1,1,1,7,1,1,1,4,78000,1,1,1,0
2,1,2,6,2,4,3,2,1,1,7,1,1,1,4,68000,1,1,1,0
1,1,1,3,1,8,1,2,2,2,2,1,2,1,4,55000,1,1,1,0
2,1,2,1,1,11,3,3,1,1,6,1,1,1,4,90000,1,1,1,0
1,1,2,7,1,5,1,4,2,1,7,1,1,1,4,100000,1,1,1,0
1,1,2,9,1,9,2,3,1,1,2,1,2,1,3,120000,1,1,1,0
1,1,2,1,1,4,2,3,1,1,7,1,1,1,1,94000,1,1,1,0
1,1,2,1,1,5,3,1,1,1,7,1,1,1,2,92500,1,1,1,0
1,1,2,4,10,7,2,1,1,1,1,1,1,1,4,70000,1,1,1,0
1,1,3,10,4,5,2,3,1,1,6,1,1,1,2,115000,1,1,1,0
1,1,2,1,1,5,2,1,1,1,5,1,1,1,1,74000,1,1,1,0
1,1,2,1,1,1,2,4,1,2,1,1,2,1,4,70000,1,1,1,0
1,1,6,1,1,3,2,4,1,1,2,1,2,1,2,2000000,1,1,1,0
1,1,3,3,1,1,2,1,1,1,4,1,2,1,4,120000,1,1,1,0
2,1,2,8,2,5,3,3,1,1,7,1,2,1,2,82000,1,1,1,0
1,1,3,10,11,5,3,3,1,1,1,1,1,1,4,1044000,1,1,1,0
1,1,1,6,1,4,1,2,1,1,1,1,1,1,4,60000,1,1,1,0
1,1,2,9,1,4,2,3,1,1,6,5,1,1,4,131000,1,1,1,0
1,1,2,1,14,7,2,3,1,1,6,1,2,1,4,1800000,1,1,1,0
1,1,6,3,1,3,1,1,1,1,6,1,1,1,4,113000,1,1,1,0
1,1,2,2,2,1,3,4,1,1,7,1,1,1,4,240000,1,1,1,0
2,2,1,1,12,4,1,1,1,1,5,1,1,1,1,300000,1,1,1,0
2,1,2,1,13,3,2,1,1,1,7,5,2,1,2,150000,1,1,1,0
1,1,2,1,1,7,2,4,2,2,7,1,1,1,2,100000,1,1,1,0
1,1,2,8,8,6,2,1,1,1,4,1,1,1,4,2000000,1,1,1,1
1,1,2,8,1,6,2,1,1,1,7,4,2,1,2,105000,1,1,1,0
1,1,2,1,2,5,3,4,1,1,4,1,1,1,4,55000,1,1,1,0
1,2,2,1,15,5,2,1,1,1,1,1,1,1,1,23000,1,1,1,0
1,1,2,1,1,10,3,3,1,1,7,1,2,1,5,91000,1,1,1,0
1,1,2,9,1,1,2,4,1,1,7,1,1,1,4,2000000,1,1,1,0
1,1,2,1,6,4,3,3,1,1,1,1,1,1,4,115000,1,1,1,0
1,1,3,1,1,6,2,2,1,1,8,3,2,1,4,118000,1,1,1,0
1,1,2,1,1,6,2,4,1,1,7,1,2,1,2,87000,1,1,1,0
1,1,1,1,1,4,2,2,1,1,7,1,1,1,6,30000,1,1,1,0
1,1,2,5,6,4,3,4,1,4,7,1,2,1,2,50000,1,1,1,0
1,1,2,4,2,4,3,3,1,1,7,1,1,1,4,50000,1,1,1,0
1,1,2,2,2,4,1,4,1,3,7,1,1,1,4,78500,1,1,1,0
1,1,2,1,2,5,2,3,1,1,4,1,1,1,4,80000,1,1,1,0
1,1,2,4,3,4,2,1,1,1,1,1,1,1,4,75000,1,1,1,0
1,1,2,2,8,8,3,3,2,1,1,1,1,1,4,52000,1,1,1,1
1,1,4,3,3,8,2,3,1,1,5,1,1,1,3,2000000,1,1,1,0
1,1,2,6,1,2,3,4,1,1,7,2,1,1,4,180000,1,1,1,0
2,1,2,6,1,5,2,1,1,1,7,5,1,1,1,140500,1,1,1,0
1,1,2,1,2,1,1,3,2,1,5,1,1,1,3,73000,1,1,1,0
2,1,2,1,11,6,2,1,1,1,5,1,2,1,2,110000,1,1,1,0
1,1,2,3,1,4,1,1,1,1,2,1,1,1,4,49000,1,1,1,0
1,1,2,1,1,4,2,4,1,3,5,1,1,1,4,72000,1,1,1,0
1,1,2,1,2,5,3,3,1,1,7,1,1,1,1,65500,1,1,1,0
1,1,2,1,1,1,3,4,1,1,1,1,1,1,1,125000,1,1,1,0
1,1,5,10,5,4,2,1,1,1,5,1,1,1,4,92500,1,1,1,0
1,1,2,5,1,1,2,4,1,1,1,1,1,1,4,70000,1,1,1,0
2,1,4,5,1,7,3,4,2,1,5,1,1,1,5,39000,1,1,1,0
1,1,2,1,5,5,1,1,1,1,5,5,2,1,4,80000,1,1,1,0
1,1,2,1,10,3,1,4,1,1,7,1,1,1,4,172000,1,1,1,0
1,1,2,4,1,4,2,1,1,1,7,1,1,1,4,75000,1,1,1,0
1,1,2,7,6,9,3,2,2,1,2,4,1,1,3,145000,1,1,1,0
2,1,2,1,1,5,2,1,1,1,1,1,1,1,4,105000,1,1,1,0
1,1,1,6,11,10,2,1,1,1,7,1,1,1,3,75000,1,1,1,0
1,1,3,1,2,4,2,2,1,1,4,1,1,1,1,46592,1,1,1,0
1,1,3,1,1,7,2,2,1,1,7,1,2,1,4,304000,1,1,1,0
1,2,2,4,6,4,4,3,1,1,1,1,1,1,4,80000,1,1,1,0
1,1,3,6,1,6,1,1,1,2,2,1,1,1,4,118000,1,1,1,0
1,1,1,1,1,2,2,4,1,1,5,4,2,1,2,75000,1,1,1,0
1,1,2,1,1,7,2,1,1,1,7,1,2,1,4,120000,1,1,1,0
1,1,3,1,1,9,2,1,1,1,4,1,2,1,2,106900,1,1,1,0
2,1,2,1,1,9,2,1,1,1,2,1,2,1,2,80000,1,1,1,0
1,1,1,7,1,9,2,1,2,2,6,1,1,1,2,50000,1,1,1,0
1,1,2,9,1,4,3,1,1,1,6,1,2,1,4,137000,1,1,1,0
1,1,2,1,2,7,3,4,1,1,1,1,2,1,4,120000,1,1,1,0
1,1,3,1,1,5,2,3,1,1,7,1,1,1,1,70000,1,1,1,0
1,1,2,1,12,3,3,3,1,1,1,1,1,1,2,506000,1,1,1,0
1,1,1,3,14,3,2,3,1,1,7,1,2,1,2,140000,1,1,1,0
1,1,2,1,1,6,2,1,1,1,7,1,2,1,4,82000,1,1,1,0
1,1,3,6,5,4,3,4,2,1,7,5,1,1,4,62400,1,1,1,0
1,1,2,1,13,4,2,1,1,1,7,1,1,1,1,129000,1,1,1,0
2,1,2,1,5,6,3,4,1,1,7,2,1,1,4,145000,1,1,1,0
1,1,2,1,1,1,1,2,1,1,8,1,2,1,1,120000,1,1,1,0
1,1,2,1,1,4,2,4,1,1,6,1,1,1,4,140000,1,1,1,0
1,2,3,4,1,4,2,4,1,1,1,1,2,1,4,25000,1,1,1,0
2,1,2,3,6,4,1,3,2,2,7,1,1,1,4,62000,1,1,1,0
1,1,3,1,1,7,2,2,1,1,5,1,2,1,2,129000,1,1,1,0
1,1,2,1,1,9,2,3,1,1,1,1,1,1,2,145000,1,1,1,0
2,1,2,10,3,4,1,2,1,1,1,1,1,1,1,63000,1,1,1,0
1,1,2,1,1,6,2,3,1,1,7,1,1,1,4,142000,1,1,1,0
1,1,5,1,1,3,2,1,1,1,6,2,2,1,2,95000,1,1,1,0
1,1,2,5,2,4,3,3,1,1,7,1,1,1,2,56000,1,1,1,0
1,1,1,6,1,8,2,4,1,1,1,1,1,1,1,32000,1,1,1,0
1,1,6,1,1,6,2,2,1,1,5,1,1,1,4,65000,1,1,1,0
1,1,2,7,1,9,2,3,1,1,7,1,1,1,2,300000,1,1,1,0
1,1,2,1,6,11,3,1,1,1,1,1,1,1,3,105000,1,1,1,0
1,1,3,1,1,5,2,4,1,1,1,1,1,1,4,52000,1,1,1,0
1,1,3,1,1,5,2,4,1,1,1,1,2,1,4,696000,1,1,1,0
2,1,3,1,7,3,3,1,1,1,5,1,2,1,3,94000,1,1,1,0
1,1,1,12,1,3,2,2,1,1,2,1,2,1,2,138000,1,1,1,0
1,1,2,10,1,2,2,2,1,1,6,1,1,1,3,62000,1,1,1,0
1,1,2,2,6,8,1,3,1,1,6,1,1,1,4,50000,1,1,1,0
1,1,2,1,13,4,2,1,1,1,3,2,1,1,4,96000,1,1,1,0
1,1,2,1,10,1,3,4,1,1,7,1,2,1,2,78000,1,1,1,0
2,1,2,1,1,1,2,4,1,1,4,6,1,1,1,120000,1,1,1,0
1,1,1,1,1,5,2,4,1,1,7,1,2,1,4,130000,1,1,1,0
1,1,1,12,1,3,3,1,1,1,8,1,2,1,2,185000,1,1,1,0
1,1,4,3,1,5,2,1,2,3,4,1,2,1,4,130000,1,1,1,0
2,1,2,2,6,9,2,3,2,1,1,1,1,1,2,63000,1,1,1,0
1,1,1,10,8,4,2,1,1,1,2,1,2,1,4,125000,1,1,1,1
1,1,2,7,2,3,3,3,1,1,8,1,2,1,2,144000,1,1,1,0
2,1,3,1,1,2,3,3,1,1,5,1,2,1,3,124000,1,1,1,0
1,1,2,3,1,4,3,1,1,1,7,1,2,1,2,117000,1,1,1,0
1,1,2,1,1,1,2,3,1,1,2,1,1,1,4,110000,1,1,1,0
1,1,2,7,1,5,3,3,2,1,7,1,1,1,4,85000,1,1,1,0
2,1,4,1,1,1,3,4,2,1,7,1,2,1,2,75000,1,1,1,0
1,1,2,1,5,1,2,4,1,1,7,1,2,1,4,155000,1,1,1,0
1,1,3,4,1,3,3,1,1,1,4,1,2,1,2,98000,1,1,1,0
1,1,2,1,1,4,2,4,1,2,2,1,1,1,4,40000,1,1,1,0
1,1,2,1,2,6,2,1,1,1,7,1,1,1,4,90000,1,1,1,0
1,2,1,1,1,4,1,1,1,1,7,1,1,1,1,50000,1,1,1,0
1,1,2,1,13,2,1,4,1,1,1,1,1,1,3,165000,1,1,1,0
1,1,2,1,1,4,3,4,1,1,6,4,1,1,1,107000,1,1,1,0
1,1,3,1,4,4,3,2,1,1,7,1,1,1,1,140000,1,1,1,0
2,1,2,1,1,4,2,2,1,1,8,4,1,1,4,75000,1,1,1,0
1,1,1,1,2,4,1,1,1,1,2,1,2,1,4,52000,1,1,1,0
2,1,4,12,3,8,2,4,1,1,4,1,2,1,2,25000,1,1,1,0
1,1,1,12,1,3,2,4,1,1,9,5,2,1,2,104000,1,1,1,0
2,1,2,8,1,4,2,1,1,1,4,1,2,1,4,110000,1,1,1,0
1,1,1,1,1,2,2,3,1,1,5,1,2,1,5,150000,1,1,1,0
2,1,3,1,1,1,2,4,1,1,4,1,2,1,4,68250,1,1,1,0
1,1,2,1,18,1,2,3,1,1,1,1,1,1,1,78000,1,1,1,0
1,1,2,6,1,6,2,1,1,1,4,1,2,1,4,112000,1,1,1,0
2,3,2,1,1,5,2,2,1,1,7,1,1,1,1,97500,1,1,1,0
1,1,1,12,1,9,2,1,1,1,2,1,2,1,2,100000,1,1,1,0
2,1,2,1,2,4,2,3,1,1,4,1,1,1,4,67500,1,1,1,0
1,1,2,1,1,5,3,3,2,1,2,3,1,1,4,95000,1,1,1,0
1,2,1,1,1,4,3,1,2,2,7,1,1,1,1,14400,1,1,1,0
1,1,2,1,14,6,1,1,1,1,7,6,1,1,2,134000,1,1,1,0
1,1,6,1,1,7,2,3,1,1,7,1,1,1,4,100000,1,1,1,0
2,1,2,1,2,6,2,4,2,1,2,1,1,1,3,62000,1,1,1,0
1,1,2,1,2,4,1,3,1,3,7,1,1,1,1,75000,1,1,1,0
1,1,3,1,3,6,1,1,1,1,7,1,1,1,4,127000,1,1,1,0
2,3,3,2,1,4,3,2,1,1,7,1,2,1,4,70001,1,1,1,0
1,2,2,7,1,5,2,1,1,1,7,1,1,1,4,92000,1,1,1,0
1,2,6,1,1,1,3,1,1,1,2,1,2,1,4,76500,1,1,1,0
1,1,4,1,3,1,1,1,1,1,7,1,1,1,2,170000,1,1,1,0
1,2,3,1,16,5,3,2,1,1,1,5,1,1,4,116000,1,1,1,0
1,1,6,1,1,5,2,4,1,1,7,1,1,1,4,116000,1,1,1,0
2,1,2,8,13,4,2,2,1,1,7,1,2,1,4,52000,1,1,1,0
1,1,3,1,11,4,2,3,1,3,1,1,1,1,4,60000,1,1,1,0
1,1,4,1,1,5,1,1,1,1,4,1,2,1,4,59529,1,1,1,0
1,3,2,1,1,4,2,3,1,1,7,4,1,1,1,42000,1,1,1,0
1,1,1,8,11,3,3,3,1,1,7,1,2,1,3,87500,1,1,1,0
1,1,3,1,1,7,2,1,1,1,1,1,2,1,2,300000,1,1,1,0
1,1,2,6,4,1,2,3,1,1,1,2,1,1,4,141000,1,1,1,0
1,1,2,1,1,5,2,1,1,1,7,1,1,1,1,67500,1,1,1,0
2,1,2,1,1,1,2,1,1,1,1,1,1,1,4,60000,1,1,1,0
1,1,2,9,1,8,3,1,1,1,1,1,1,1,4,58000,1,1,1,0
1,1,3,1,5,1,2,4,1,1,2,1,1,1,4,138000,1,1,1,0
1,1,2,1,1,5,2,4,1,1,2,1,1,1,4,115000,1,1,1,0
1,1,1,1,1,11,2,1,1,1,8,1,1,1,2,68000,1,1,1,0
1,1,3,6,11,4,3,3,1,1,2,2,1,1,4,120000,1,1,1,0
1,1,2,1,1,9,1,1,1,1,1,1,2,1,4,101000,1,1,1,0
1,1,2,8,1,10,2,1,1,1,1,1,2,1,2,180000,1,1,1,0
1,1,2,1,1,4,2,1,1,1,2,1,1,1,1,60000,1,1,1,0
1,1,2,7,3,6,2,4,1,1,6,1,1,1,4,182000,1,1,1,0
1,1,2,1,1,4,3,4,1,1,6,2,1,1,1,100000,1,1,1,0
1,1,2,3,1,5,2,4,1,1,5,1,1,1,4,90000,1,1,1,0
1,1,3,9,2,10,2,4,1,1,1,1,2,1,3,117000,1,1,1,0
1,1,2,1,1,5,2,1,1,1,2,1,1,1,4,150000,1,1,1,0
1,1,1,6,1,7,2,3,1,1,5,1,2,1,2,216000,1,1,1,0
1,1,3,10,11,4,2,1,1,1,1,2,1,1,4,65000,1,1,1,0
2,1,1,1,1,2,2,3,1,1,7,1,2,1,4,280000,1,1,1,0
1,1,2,4,1,6,2,1,1,1,1,1,2,1,3,106000,1,1,1,0
1,1,2,1,13,4,2,1,1,1,7,1,1,1,1,60000,1,1,1,0
1,1,2,1,1,1,2,3,1,1,2,4,1,1,1,60000,1,1,1,0
1,1,3,6,13,4,3,1,1,1,7,1,2,1,4,101600,1,1,1,0
2,1,7,1,1,10,2,1,1,1,1,1,2,1,3,132000,1,1,1,0
1,2,2,9,11,8,2,2,1,1,9,1,1,1,4,30000,1,1,1,0
1,1,1,3,14,3,2,1,1,1,5,1,2,1,2,130000,1,1,1,0
2,1,2,6,1,1,3,4,1,1,7,5,1,1,1,112600,1,1,1,0
2,1,1,5,1,3,2,4,2,2,7,1,2,1,2,103000,1,1,1,0
1,1,1,1,1,3,3,1,1,1,8,1,2,1,4,100000,1,1,1,0
1,2,1,1,1,3,2,2,1,1,2,1,2,1,4,150000,1,1,1,0
1,1,4,12,1,1,1,1,1,1,7,1,1,1,4,50000,1,1,1,0
1,1,3,1,2,5,3,4,1,1,6,5,1,1,4,135000,1,1,1,0
1,1,5,6,11,5,2,3,1,1,6,1,1,1,4,110000,1,1,1,0
1,1,2,4,1,5,2,1,1,2,7,1,2,1,4,94000,1,1,1,0
2,1,2,3,1,4,3,4,1,1,2,1,1,1,4,53000,1,1,1,0
2,1,2,1,2,3,2,1,1,1,2,1,1,1,2,82000,1,1,1,0
1,1,5,10,4,2,1,3,1,1,7,1,2,1,2,150000,1,1,1,0
1,1,2,4,1,4,2,4,1,1,2,1,1,1,4,50000,1,1,1,0
1,1,1,12,1,4,1,1,1,1,7,1,1,1,4,60000,1,1,1,0
1,1,2,1,1,9,2,4,1,1,6,1,2,1,2,145000,1,1,1,0
1,1,3,1,1,9,3,4,1,1,7,1,2,1,4,178000,1,1,1,0
1,1,2,1,3,5,2,1,1,1,6,5,1,1,1,100000,1,1,1,0
1,1,2,1,5,5,2,3,1,1,7,1,2,1,4,150000,1,1,1,0
1,1,2,1,1,7,2,4,1,1,7,1,2,1,2,130000,1,1,1,0
1,1,3,1,1,1,2,4,1,1,7,1,2,1,4,150000,1,1,1,0
1,1,1,2,9,2,1,1,1,1,2,1,2,1,3,100000,1,1,1,0
2,1,2,1,13,7,3,4,1,1,8,4,2,1,2,108000,1,1,1,0
2,3,1,12,2,3,3,3,2,3,1,1,2,1,2,200000,1,1,1,0
1,1,3,10,3,4,3,4,2,1,1,1,1,1,1,80000,1,1,1,0
1,1,2,3,12,3,2,2,1,1,8,1,2,1,3,143000,1,1,1,0
1,1,2,1,1,5,2,4,1,1,1,1,1,1,4,68000,1,1,1,0
1,1,2,6,11,8,2,1,1,1,7,2,1,1,2,120000,1,1,1,0
1,1,3,9,1,4,3,1,1,1,6,4,1,1,4,85000,1,1,1,0
1,1,3,10,1,5,2,3,1,4,1,1,1,1,4,175000,1,1,1,0
1,1,3,1,15,5,3,2,1,1,2,4,1,1,4,85000,1,1,1,0
1,2,1,1,1,9,2,1,1,1,4,1,2,1,2,125000,1,1,1,0
2,1,3,1,1,5,2,1,2,4,1,2,1,1,4,85000,1,1,1,0
1,1,6,1,1,6,3,1,1,1,4,1,2,1,2,108000,1,1,1,0
1,1,2,2,1,6,2,1,1,1,1,1,2,1,4,110000,1,1,1,0
1,1,2,1,13,5,3,1,1,1,5,1,1,1,4,54000,1,1,1,0
1,1,2,3,1,5,4,4,1,1,7,1,1,1,4,63000,1,1,1,0
1,1,3,1,1,6,3,4,1,2,7,1,1,1,4,80000,1,1,1,0
1,1,2,9,1,5,3,1,1,1,7,7,2,1,4,120000,1,1,1,0
1,1,4,10,1,4,2,1,1,1,1,1,2,1,1,78000,1,1,1,0
1,1,2,1,1,6,3,1,1,1,1,1,2,1,4,92000,1,1,1,0
1,1,4,5,1,4,3,4,1,1,7,1,1,1,1,50000,1,1,1,0
1,1,3,1,2,7,1,4,1,1,1,1,2,1,2,160000,1,1,1,0
1,2,6,1,1,4,3,2,1,1,7,1,1,1,1,60000,1,1,1,0
1,1,2,1,1,5,2,1,1,1,5,1,1,1,4,50000,1,1,1,0
2,1,4,1,1,4,2,1,1,1,2,1,2,1,2,45000,1,1,1,0
1,1,2,1,1,1,2,3,1,1,1,5,1,1,4,130000,1,1,1,0
1,1,1,1,1,2,2,1,1,1,5,1,1,1,3,130000,1,1,1,0
1,1,2,3,1,7,2,3,1,1,7,1,1,1,2,64000,1,1,1,0
1,2,1,1,1,4,3,4,2,4,6,1,1,1,4,24000,1,1,1,0
1,1,2,1,2,5,2,2,1,1,8,1,2,1,2,86500,1,1,1,0
1,1,1,1,2,5,1,4,1,1,2,1,1,1,1,80000,1,1,1,0
1,1,2,1,1,5,2,3,2,1,6,1,1,1,4,80000,1,1,1,0
1,1,2,1,13,4,1,4,1,1,1,1,1,1,1,66000,1,1,1,0
1,3,2,1,1,7,3,3,1,1,9,1,2,1,2,120000,1,1,1,0
1,1,2,1,13,1,2,2,1,1,1,1,1,1,4,100000,1,1,1,0
2,1,2,1,1,3,2,1,1,1,7,1,2,1,3,150000,1,1,1,0
1,1,2,1,2,1,1,3,1,1,7,5,1,1,4,150000,1,1,1,0
1,1,3,6,3,4,2,3,1,1,8,1,1,1,4,140000,1,1,1,0
1,1,4,1,5,5,1,2,1,1,7,1,1,1,4,78500,1,1,1,0
1,1,1,10,1,1,1,1,1,1,4,1,1,1,1,125000,1,1,1,0
1,1,4,1,1,4,2,2,1,1,2,1,2,1,4,53500,1,1,1,0
2,1,3,4,2,4,2,1,2,2,6,4,1,1,4,92000,1,1,1,0
2,1,2,1,1,1,2,4,1,1,7,1,1,1,4,67750,1,1,1,0
2,1,1,1,1,9,2,1,1,1,7,4,2,1,2,62400,1,1,1,0
1,1,2,1,1,5,2,1,1,1,7,1,1,1,4,102000,1,1,1,0
1,1,3,6,1,2,2,2,1,1,5,1,1,1,3,170000,1,1,1,0
1,1,2,1,1,4,3,4,1,1,1,1,1,1,4,49900,1,1,1,0
1,1,2,1,1,9,1,3,2,3,6,1,1,1,2,140000,1,1,1,0
1,1,2,10,6,5,2,1,1,1,7,1,1,1,4,68000,1,1,1,0
1,1,2,1,3,7,2,4,1,1,7,6,2,1,4,165000,1,1,1,0
1,1,2,1,1,4,3,3,1,1,7,1,1,1,4,112000,1,1,1,0
1,3,3,3,12,5,3,1,1,1,7,1,1,1,4,100000,1,1,1,0
1,1,6,1,1,5,3,2,1,1,6,1,1,1,6,4200,1,1,1,0
1,1,2,1,1,7,1,3,1,1,7,1,1,1,2,2000000,1,1,1,0
1,1,3,10,2,4,2,3,1,1,1,5,1,1,4,72000,1,1,1,0
1,2,2,1,2,4,2,4,1,1,7,1,1,1,1,12000,1,1,1,0
1,1,2,1,3,5,2,3,1,1,1,1,1,1,1,101000,1,1,1,0
1,1,3,1,7,4,2,1,1,1,1,1,1,1,1,5450,1,1,1,0
1,1,2,1,1,3,1,4,1,1,7,1,1,1,1,80000,1,1,1,0
1,1,2,5,1,4,3,1,1,1,7,1,1,1,1,75000,1,1,1,0
2,1,3,4,1,2,2,3,1,1,1,1,1,1,5,140000,1,1,1,0
1,1,2,2,1,4,3,4,2,3,1,1,1,1,4,125000,1,1,1,0
1,1,2,4,11,4,2,4,1,1,7,1,2,1,4,70000,1,1,1,0
1,1,1,1,1,1,2,1,1,1,1,4,1,1,4,65000,1,1,1,0
1,1,6,6,1,7,1,1,1,1,5,1,1,1,4,114000,1,1,1,0
2,1,3,4,8,8,2,1,2,3,1,3,2,1,4,61003,1,1,1,1
2,1,3,9,2,4,2,2,1,1,1,1,1,1,4,80000,1,1,1,0
1,1,1,1,1,3,2,3,1,1,7,1,2,1,2,120000,1,1,1,0
1,1,1,1,1,8,4,4,1,1,5,4,2,1,1,20000,1,1,1,0
1,1,1,11,1,5,2,1,1,1,6,1,1,1,4,68000,1,1,1,0
1,3,2,1,13,1,2,4,1,1,1,1,2,1,4,96900,1,1,1,0
1,1,2,3,1,5,3,3,1,1,7,4,2,1,4,110000,1,1,1,0
1,3,2,1,1,5,2,1,1,1,7,5,1,1,4,77000,1,1,1,0
1,1,1,1,1,7,2,2,1,1,2,1,1,1,2,54000,1,1,1,0
1,1,2,6,1,5,3,3,1,1,7,4,1,1,4,75000,1,1,1,0
1,1,2,1,1,5,2,3,1,1,1,4,1,1,4,895908,1,1,1,0
1,1,2,1,3,4,2,2,1,1,7,1,1,1,4,90000,1,1,1,0
1,1,2,1,1,4,2,1,1,1,5,1,1,1,4,2000000,1,1,1,0
2,1,2,1,5,8,3,4,1,1,1,3,2,1,4,77000,1,1,1,0
2,1,3,1,1,6,2,4,2,1,7,1,1,1,4,120000,1,1,1,0
2,1,2,1,1,1,2,3,1,1,1,1,1,1,4,115000,1,1,1,0
1,1,2,1,2,8,3,4,1,1,7,1,1,1,1,38000,1,1,1,0
1,1,2,1,3,5,3,1,1,1,1,4,2,1,4,105000,1,1,1,0
1,1,1,5,2,1,3,1,1,1,8,1,1,1,4,80000,1,1,1,0
1,2,1,1,13,4,2,1,1,1,4,1,1,1,1,32760,1,1,1,0
1,1,3,1,10,11,3,1,1,1,8,6,2,1,3,175000,1,1,1,0
1,1,2,1,1,9,2,3,1,1,7,1,2,1,4,150000,1,1,1,0
1,1,2,7,1,8,2,4,1,1,7,1,1,1,4,48000,1,1,1,0
1,1,2,9,1,7,1,3,1,1,1,1,1,1,4,135000,1,1,1,0
1,1,5,1,1,7,2,3,1,1,1,1,2,1,2,250000,1,1,1,0
1,3,3,7,1,6,1,4,1,1,6,1,2,1,4,120000,1,1,1,0
1,1,3,1,1,6,1,3,1,1,7,1,1,1,4,125000,1,1,1,0
1,1,2,1,1,5,2,2,2,1,1,1,1,1,4,105000,1,1,1,0
1,1,2,8,3,4,2,4,1,1,5,1,2,1,4,84000,1,1,1,0
1,1,2,1,1,4,1,1,1,1,7,1,1,1,1,51000,1,1,1,0
1,1,2,1,13,5,1,1,1,1,1,1,1,1,4,52500,1,1,1,0
1,1,2,1,3,5,3,2,1,1,1,1,1,1,1,75000,1,1,1,0
1,1,1,8,1,2,1,1,1,1,5,1,2,1,3,142500,1,1,1,0
2,1,2,1,2,4,1,4,1,1,1,1,1,1,1,62170,1,1,1,0
1,1,2,2,1,1,2,4,1,1,4,3,1,1,4,47000,1,1,1,0
2,1,2,3,14,7,3,4,1,1,1,1,2,1,2,93000,1,1,1,0
1,1,2,1,4,5,2,4,1,1,7,1,1,1,4,65000,1,1,1,0
1,3,2,1,7,4,2,4,1,1,7,5,1,1,4,105000,1,1,1,0
1,1,5,1,1,6,3,1,1,1,6,4,2,1,2,115000,1,1,1,0
1,1,2,1,1,6,3,3,1,1,7,1,1,1,1,180000,1,1,1,0
1,1,5,1,1,3,2,2,1,1,1,1,1,1,2,180000,1,1,1,0
1,2,1,1,2,5,3,1,1,1,7,1,1,1,1,14000,1,1,1,0
1,1,2,1,2,4,2,2,2,2,5,1,1,1,1,107000,1,1,1,0
1,1,2,7,14,9,1,4,1,1,5,7,2,1,2,98500,1,1,1,0
1,1,3,2,1,3,2,4,1,1,1,1,1,1,2,160000,1,1,1,0
2,1,2,1,2,5,2,3,1,1,7,1,1,1,1,76000,1,1,1,0
1,1,2,1,1,7,1,3,1,2,1,1,1,1,4,99204,1,1,1,0
1,1,1,1,2,1,3,3,1,1,2,3,2,1,4,95000,1,1,1,0
1,1,2,1,1,3,3,3,1,1,6,1,1,1,2,116500,1,1,1,0
1,1,3,1,1,5,3,3,1,1,8,1,1,1,4,75000,1,1,1,0
1,1,1,1,1,1,5,1,1,1,2,1,2,1,4,80000,1,1,1,0
1,1,2,4,1,3,3,4,1,1,1,1,2,1,2,180000,1,1,1,0
2,1,2,1,1,5,3,1,1,1,1,1,1,1,4,115000,1,1,1,0
1,1,2,1,1,3,2,3,2,1,7,1,1,1,2,150000,1,1,1,0
1,1,2,1,1,3,3,1,1,1,1,1,1,1,4,73500,1,1,1,0
1,1,2,2,1,10,3,2,1,1,7,1,2,1,2,172000,1,1,1,0
1,1,2,1,1,10,2,3,1,1,5,1,2,1,3,165000,1,1,1,0
1,3,2,1,10,7,2,4,1,1,1,1,2,1,4,400000,1,1,1,0
1,1,8,1,1,7,2,1,1,1,3,1,1,1,2,72000,1,1,1,0
1,3,2,1,1,6,2,3,1,1,2,1,2,1,4,128000,1,1,1,0
1,1,1,5,1,5,3,4,1,3,7,1,1,1,2,49000,1,1,1,0
1,1,2,1,3,4,2,2,2,1,5,7,1,1,4,56000,1,1,1,0
1,1,2,9,1,4,3,1,1,1,1,1,1,1,4,126000,1,1,1,0
1,1,2,1,2,2,3,3,1,1,7,1,2,1,5,130000,1,1,1,0
1,1,3,6,1,1,1,1,1,1,7,7,1,1,2,165000,1,1,1,0
1,1,2,1,1,7,2,2,1,1,4,1,1,1,4,48000,1,1,1,0
1,1,2,1,1,5,3,1,1,1,5,1,2,1,4,77000,1,1,1,0
1,1,2,1,13,5,2,3,1,1,6,1,1,1,1,75000,1,1,1,0
1,1,4,12,3,3,3,2,1,1,2,1,1,1,2,130000,1,1,1,0
1,1,2,1,1,2,1,4,1,1,7,1,2,1,2,135000,1,1,1,0
1,1,1,12,3,1,2,1,1,1,7,1,1,1,4,44500,1,1,1,0
1,2,2,1,1,5,3,1,1,1,6,1,1,1,1,105000,1,1,1,0
1,1,1,1,1,6,1,1,1,1,5,4,1,1,1,90000,1,1,1,0
2,1,2,1,2,9,2,4,1,1,5,1,2,1,2,205000,1,1,1,0
1,1,2,1,1,5,1,1,1,1,7,1,1,1,4,138400,1,1,1,0
1,1,2,3,1,10,2,2,1,1,1,1,2,1,3,128000,1,1,1,0
1,1,2,1,1,6,2,2,1,1,7,1,1,1,4,103000,1,1,1,0
1,1,1,1,1,1,2,1,1,1,7,1,1,1,4,61000,1,1,1,0
1,3,4,1,1,7,2,2,1,1,7,1,2,1,4,100000,1,1,1,0
1,1,4,1,1,1,1,4,1,1,4,1,1,1,4,110000,1,1,1,0
1,1,2,1,1,1,3,4,1,1,7,1,1,1,4,130000,1,1,1,0
1,2,1,10,4,5,3,2,1,1,7,1,1,1,1,2600,1,1,1,0
1,1,2,1,13,5,1,1,1,1,1,1,1,1,1,118500,1,1,1,0
1,2,2,1,1,1,2,4,1,1,9,5,2,1,4,47000,1,1,1,0
2,1,2,6,1,2,3,3,1,2,1,1,1,1,5,130000,1,1,1,0
1,1,2,1,2,1,2,1,1,1,6,1,2,1,4,116000,1,1,1,0
1,1,2,1,13,6,2,4,2,1,7,1,2,1,4,66800,1,1,1,0
1,1,2,1,1,4,3,4,1,1,2,1,1,1,4,63700,1,1,1,0
1,1,1,1,4,3,3,4,1,1,7,1,2,1,4,135000,1,1,1,0
1,1,1,4,1,6,2,3,1,1,1,1,2,1,4,106000,1,1,1,0
1,2,3,1,1,7,3,2,1,1,1,1,2,1,4,85000,1,1,1,0
1,1,2,2,1,4,2,2,2,1,6,1,1,1,4,130000,1,1,1,0
1,1,2,1,13,2,2,4,1,1,1,1,2,1,3,126062,1,1,1,0
1,1,6,1,3,5,2,1,1,1,2,1,1,1,4,110000,1,1,1,0
2,1,2,6,1,8,2,1,1,1,1,1,1,1,4,105000,1,1,1,0
1,1,2,1,1,3,2,2,1,1,7,1,1,1,4,103000,1,1,1,0
1,1,2,1,1,7,2,4,1,1,7,1,1,1,4,105000,1,1,1,0
1,3,2,1,1,5,2,1,1,1,7,1,1,1,1,65000,1,1,1,0
1,1,2,1,12,5,2,3,1,1,7,5,2,1,4,75000,1,1,1,0
1,1,1,1,1,4,1,4,1,1,1,4,1,1,4,2000000,1,1,1,0
1,1,3,1,2,7,3,1,1,1,1,1,2,1,4,110000,1,1,1,0
1,1,2,3,1,6,3,4,1,1,1,1,1,1,4,90000,1,1,1,0
1,1,2,1,3,6,2,3,1,1,5,1,1,1,4,86000,1,1,1,0
1,1,2,1,2,10,3,3,1,1,5,1,2,1,3,69000,1,1,1,0
1,1,2,1,1,10,2,2,1,1,1,1,1,1,4,37200,1,1,1,0
1,1,2,3,1,5,3,4,1,1,4,1,1,1,4,91500,1,1,1,0
1,1,6,1,1,2,2,2,1,1,9,1,2,1,3,180000,1,1,1,0
2,1,3,6,2,6,3,1,1,1,5,1,1,1,4,136000,1,1,1,0
1,1,3,4,1,4,3,3,1,1,6,4,2,1,4,80000,1,1,1,0
1,1,3,1,4,3,2,1,2,1,2,2,1,1,2,98000,1,1,1,0
1,1,2,3,1,4,1,1,1,1,7,6,1,1,2,600000,1,1,1,0
1,1,6,6,1,4,2,3,1,1,3,1,1,1,1,93000,1,1,1,0
1,2,1,1,3,4,4,2,1,1,7,5,1,1,1,92000,1,1,1,0
1,1,2,1,1,1,2,3,1,1,7,1,2,1,4,110000,1,1,1,0
2,1,3,9,4,4,2,3,2,1,8,1,1,1,4,90000,1,1,1,0
1,1,1,1,11,5,2,3,1,1,1,1,1,1,4,60000,1,1,1,0
2,1,3,1,11,5,2,4,1,1,5,5,1,1,4,83000,1,1,1,0
1,1,6,4,1,7,2,2,1,1,7,1,1,1,2,93000,1,1,1,0
1,1,2,1,1,6,2,4,1,1,8,1,1,1,1,170000,1,1,1,0
1,1,2,3,2,1,2,1,1,1,5,1,2,1,4,103000,1,1,1,0
1,1,3,1,1,5,1,1,1,1,7,6,1,1,4,84000,1,1,1,0
2,1,2,8,1,4,2,3,1,1,8,1,1,1,4,70000,1,1,1,0
1,1,2,1,1,3,2,3,1,1,6,1,1,1,4,1200000,1,1,1,0
1,1,6,1,2,1,2,1,1,1,5,1,2,1,2,122000,1,1,1,0
1,1,2,1,1,6,2,2,1,1,7,1,2,1,4,250000,1,1,1,0
1,1,3,1,1,7,2,4,1,1,2,1,1,1,4,70000,1,1,1,0
1,1,8,1,1,9,2,1,1,1,4,1,1,1,4,960000,1,1,1,0
2,1,2,1,2,5,3,2,1,1,7,1,1,1,4,97000,1,1,1,0
1,2,1,1,2,4,3,1,1,1,7,1,1,1,1,20000,1,1,1,0
1,1,2,1,1,6,3,3,1,1,5,1,2,1,4,115000,1,1,1,0
1,1,5,9,1,7,2,4,1,1,6,1,1,1,4,130000,1,1,1,0
2,1,2,1,1,7,2,2,1,1,8,1,2,1,4,130000,1,1,1,0
1,1,2,6,11,1,2,4,1,1,5,1,2,1,3,120000,1,1,1,0
1,1,4,1,1,1,1,3,1,1,1,1,1,1,4,39000,1,1,1,0
2,1,2,1,2,4,2,4,2,1,3,5,1,1,1,64800,1,1,1,0
1,1,1,2,1,10,2,2,1,1,4,1,2,1,2,122500,1,1,1,0
1,1,3,10,2,7,2,1,1,1,6,1,1,1,4,135000,1,1,1,0
1,1,2,1,1,6,2,1,1,1,1,5,2,1,4,63000,1,1,1,0
2,1,2,3,1,5,3,3,1,1,1,1,1,1,4,90000,1,1,1,0
2,1,2,4,1,9,3,3,1,1,5,1,2,1,3,112000,1,1,1,0
1,1,3,4,4,4,2,3,2,1,8,1,1,1,4,110000,1,1,1,0
1,1,2,7,1,5,2,1,1,1,1,1,2,1,2,101500,1,1,1,0
2,1,3,6,2,5,1,1,1,1,1,2,1,1,1,135000,1,1,1,0
2,1,2,1,1,5,2,4,1,1,7,1,1,1,1,60000,1,1,1,0
1,1,2,1,7,5,2,3,1,1,1,1,1,1,4,93000,1,1,1,0
1,1,2,1,1,2,2,4,1,1,4,1,2,1,3,137000,1,1,1,0
1,1,3,4,3,4,2,3,1,1,8,1,1,1,4,110000,1,1,1,0
1,1,2,1,2,6,2,2,1,1,1,1,1,1,4,150000,1,1,1,0
1,1,5,9,10,11,2,4,1,1,4,1,1,1,5,180000,1,1,1,0
1,1,2,1,1,3,2,1,1,1,7,1,1,1,2,32500,1,1,1,0
1,1,2,1,1,2,2,4,1,1,7,1,2,1,2,95000,1,1,1,0
1,1,2,3,1,4,2,2,1,1,7,1,1,1,1,32000,1,1,1,0
2,1,2,7,1,11,3,1,1,3,1,1,1,1,2,140000,1,1,1,0
1,1,2,1,1,7,2,3,1,1,1,1,2,1,2,130000,1,1,1,0
1,1,2,1,1,6,2,4,1,1,7,1,2,1,4,79800,1,1,1,0
2,1,1,7,1,1,3,4,1,1,5,1,2,1,4,110000,1,1,1,0
2,1,1,6,2,9,2,1,1,1,5,1,2,1,3,119400,1,1,1,0
1,1,2,1,1,1,2,3,1,1,5,1,2,1,3,106000,1,1,1,0
1,1,9,1,1,9,2,4,1,1,8,2,1,1,2,122000,1,1,1,0
2,1,4,1,12,4,1,1,1,1,9,1,1,1,4,57000,1,1,1,0
1,1,1,1,1,4,3,4,1,1,6,2,1,1,4,66000,1,1,1,0
1,1,2,10,1,4,2,1,1,1,1,1,1,1,4,80000,1,1,1,0
1,1,2,9,1,8,2,4,1,1,7,1,1,1,4,63000,1,1,1,0
2,1,2,1,7,4,3,2,1,1,7,1,1,1,1,780000,1,1,1,0
1,1,4,1,1,2,1,2,1,1,4,1,1,1,3,97500,1,1,1,0
1,1,2,1,5,6,2,3,1,1,4,1,1,1,4,73000,1,1,1,0
1,1,3,4,2,8,2,4,2,2,1,1,1,1,4,84000,1,1,1,0
1,1,2,1,11,4,2,3,1,1,7,4,1,1,1,2000000,1,1,1,0
1,1,2,1,5,4,3,4,1,1,4,1,2,1,4,140000,1,1,1,0
1,1,2,3,1,6,2,1,1,1,5,1,1,1,4,80000,1,1,1,0
1,1,2,8,1,7,2,4,1,1,7,1,1,1,4,115000,1,1,1,0
1,1,3,1,8,3,1,4,1,1,6,1,2,1,2,140000,1,1,1,1
1,1,2,1,1,4,1,1,1,1,8,2,1,1,4,130000,1,1,1,0
1,1,2,1,13,5,3,1,1,1,4,1,1,1,2,66500,1,1,1,0
1,1,1,10,1,4,1,1,1,1,1,1,2,1,4,106000,1,1,1,0
1,1,2,6,18,3,3,1,1,1,7,1,1,1,4,153000,1,1,1,0
1,1,6,1,1,4,3,3,2,1,4,1,1,1,4,140000,1,1,1,0
1,1,2,3,1,1,3,4,1,1,2,1,1,1,4,2000000,1,1,1,0
2,1,2,1,1,5,2,1,1,1,4,1,1,1,1,55000,1,1,1,0
1,1,1,1,1,3,3,1,1,1,7,1,2,1,2,160000,1,1,1,0
1,1,2,1,1,4,2,3,1,1,7,1,1,1,4,75000,1,1,1,0
1,1,2,1,3,4,2,1,1,1,6,1,1,1,4,50000,1,1,1,0
1,1,2,6,1,4,2,1,2,1,7,6,1,1,4,100000,1,1,1,0
1,2,3,1,1,4,2,3,1,1,1,5,1,1,4,125000,1,1,1,0
1,1,2,3,3,5,3,4,1,1,5,1,1,1,4,2000000,1,1,1,0
1,1,3,6,2,10,4,2,1,1,1,1,2,1,1,150000,1,1,1,0
1,3,3,2,1,2,2,2,1,1,7,1,2,1,3,84000,1,1,1,0
1,1,4,1,1,1,2,2,1,1,7,1,2,1,4,115000,1,1,1,0
1,1,3,1,1,5,2,4,2,1,7,1,1,1,4,123000,1,1,1,0
1,1,5,10,4,9,3,3,1,1,1,1,2,1,4,74000,1,1,1,0
1,1,3,6,5,3,3,4,1,2,7,1,1,1,4,137000,1,1,1,0
1,1,2,2,1,5,2,2,1,1,1,1,1,1,4,115050,1,1,1,0
2,1,2,1,1,7,3,1,1,1,1,1,1,1,4,177500,1,1,1,0
1,1,1,8,1,4,2,2,1,1,5,4,2,1,4,62000,1,1,1,0
1,2,2,1,2,1,2,3,1,1,1,2,1,1,4,150000,1,1,1,0
1,1,1,3,1,4,2,1,1,1,7,1,1,1,1,41000,1,1,1,0
1,1,4,1,3,3,2,1,1,1,5,1,1,1,3,88000,1,1,1,0
1,1,6,1,1,1,1,1,1,1,4,1,1,1,4,46000,1,1,1,0
2,1,2,10,1,8,2,3,1,1,7,1,1,1,4,80000,1,1,1,0
1,1,5,9,1,1,3,4,1,1,7,1,1,1,4,59004,1,1,1,0
1,1,2,7,14,4,3,4,2,1,8,1,1,1,4,110000,1,1,1,0
1,1,2,8,2,7,3,2,1,1,9,1,1,1,2,62800,1,1,1,0
1,1,4,12,1,4,2,1,1,1,4,1,2,1,4,80000,1,1,1,0
1,1,2,1,3,7,2,1,1,1,5,3,2,1,4,99500,1,1,1,0
1,1,1,1,1,4,3,4,1,1,7,1,1,1,4,105000,1,1,1,0
1,1,2,1,1,7,2,1,1,1,7,1,1,1,4,80000,1,1,1,0
1,1,2,1,1,5,2,3,1,1,1,1,1,1,4,104000,1,1,1,0
1,1,2,3,1,4,2,3,1,1,1,1,1,1,4,50000,1,1,1,0
1,1,2,1,18,2,2,3,1,1,1,1,1,1,3,115000,1,1,1,0
1,1,4,12,1,5,2,1,1,1,4,1,1,1,1,65000,1,1,1,0
1,1,2,6,1,10,2,1,1,1,7,1,2,1,2,140000,1,1,1,0
1,1,3,3,1,3,2,3,1,1,1,3,2,1,3,92000,1,1,1,0
1,1,2,6,5,5,2,4,1,1,7,1,1,1,4,100000,1,1,1,0
1,1,3,6,2,1,3,1,1,1,9,2,1,1,4,105000,1,1,1,0
1,1,2,1,1,6,2,4,1,1,7,1,1,1,4,70000,1,1,1,0
1,1,6,6,1,5,3,4,1,1,5,1,1,1,4,56000,1,1,1,0
1,1,2,1,13,4,1,3,1,1,5,1,1,1,4,99000,1,1,1,0
1,1,2,1,7,4,2,1,2,2,1,1,1,1,1,67400,1,1,1,0
2,1,3,1,1,2,2,4,1,1,1,1,1,1,5,120000,1,1,1,0
1,1,2,1,1,2,3,1,1,2,1,1,2,1,2,130000,1,1,1,0
1,1,2,1,1,6,1,2,1,1,5,1,2,1,5,165000,1,1,1,0
1,1,2,1,1,4,1,1,1,1,8,1,1,1,1,85000,1,1,1,0
1,1,2,3,1,7,2,3,1,1,9,4,1,1,1,60000,1,1,1,0
1,1,2,4,1,1,2,3,2,2,1,1,1,1,4,115000,1,1,1,0
1,1,2,1,1,4,2,1,1,1,1,1,1,1,1,42000,1,1,1,0
2,1,2,1,18,5,3,1,1,1,7,1,1,1,4,75000,1,1,1,0
2,1,2,6,8,4,3,1,1,1,2,1,1,1,3,90000,1,1,1,1
2,1,2,10,3,8,3,2,1,1,2,1,1,1,4,95000,1,1,1,0
1,1,2,1,1,1,3,1,1,1,7,1,1,1,4,165000,1,1,1,0
1,1,2,3,1,6,2,3,1,1,7,1,1,1,4,115000,1,1,1,0
1,1,6,1,1,2,1,3,1,1,2,1,2,1,3,120000,1,1,1,0
1,1,2,1,1,5,3,4,1,1,7,1,2,1,4,106000,1,1,1,0
2,1,2,3,1,3,2,4,1,1,1,1,2,1,4,136000,1,1,1,0
1,1,3,1,1,1,3,2,1,1,1,1,2,1,2,105000,1,1,1,0
2,1,2,1,1,5,2,1,1,1,7,1,1,1,1,85000,1,1,1,0
1,1,2,1,1,5,3,4,1,2,7,1,1,1,1,100000,1,1,1,0
1,1,1,2,1,5,2,2,2,2,4,3,1,1,4,90000,1,1,1,0
1,1,2,1,1,4,2,1,1,1,7,1,1,1,4,69500,1,1,1,0
1,1,2,3,12,5,2,2,1,1,7,4,1,1,4,83000,1,1,1,0
2,1,2,1,1,5,2,3,1,1,7,1,1,1,4,100000,1,1,1,0
1,1,2,1,5,3,3,3,1,1,7,4,1,1,2,130000,1,1,1,0
1,2,3,1,1,5,2,1,1,3,5,1,1,1,4,100000,1,1,1,0
2,1,2,1,1,7,3,3,1,1,7,1,2,1,2,79000,1,1,1,0
1,1,3,1,1,5,1,4,1,1,2,1,2,1,1,1512000,1,1,1,0
2,1,2,8,3,4,3,3,2,3,7,1,1,1,4,84000,1,1,1,0
1,1,2,1,1,3,2,1,1,1,5,4,2,1,2,110000,1,1,1,0
2,1,2,7,1,5,3,4,1,1,2,1,1,1,3,75000,1,1,1,0
1,1,1,2,1,9,3,3,2,1,2,1,2,1,2,95000,1,1,1,0
1,1,4,1,1,6,2,3,1,1,4,1,2,1,4,95000,1,1,1,0
1,1,2,2,1,7,3,1,1,1,1,1,2,1,2,105000,1,1,1,0
1,1,6,9,1,6,2,3,1,1,1,6,1,1,4,45000,1,1,1,0
1,1,2,1,13,6,2,1,1,1,7,4,1,1,4,104000,1,1,1,0
1,1,3,1,1,3,2,1,1,1,8,1,1,1,4,166000,1,1,1,0
2,1,2,1,1,5,3,3,1,1,7,1,1,1,1,140000,1,1,1,0
1,3,2,1,11,6,2,3,2,1,7,1,1,1,4,54000,1,1,1,0
1,1,2,3,1,9,2,4,1,1,6,1,2,1,2,74000,1,1,1,0
1,1,2,1,1,6,2,2,1,1,5,1,1,1,4,76800,1,1,1,0
1,1,3,1,4,5,2,1,1,1,5,1,1,1,4,96000,1,1,1,0
2,1,1,7,1,10,2,1,1,1,7,1,1,1,4,122000,1,1,1,0
1,1,2,1,1,5,2,3,1,3,2,3,1,1,4,44256,1,1,1,0
1,1,2,1,2,5,3,2,1,1,7,4,1,1,1,70000,1,1,1,0
1,1,2,6,1,7,3,1,1,1,4,1,2,1,4,90000,1,1,1,0
1,1,2,1,1,6,1,1,2,3,2,1,1,1,4,80000,1,1,1,0
1,1,3,1,13,6,2,4,1,1,7,1,1,1,4,110000,1,1,1,0
1,2,1,1,2,4,3,3,1,1,1,1,1,1,1,105000,1,1,1,0
1,1,2,3,11,5,2,4,1,1,2,1,1,1,2,80000,1,1,1,0
1,1,2,4,1,8,2,1,1,1,6,1,1,1,4,100000,1,1,1,0
2,1,2,3,11,6,3,4,1,1,7,1,1,1,4,70000,1,1,1,0
1,1,2,2,1,6,2,4,1,1,7,1,2,1,2,150000,1,1,1,0
1,1,1,1,1,6,1,1,1,1,4,1,2,1,4,94000,1,1,1,0
1,1,2,1,2,1,3,4,1,1,1,1,1,1,4,115000,1,1,1,0
1,1,2,9,1,1,2,3,1,2,6,1,1,1,4,225000,1,1,1,0
1,1,6,1,1,2,2,1,1,1,6,1,1,1,5,75653,1,1,1,0
1,1,2,10,11,4,2,4,2,1,1,1,1,1,4,85000,1,1,1,0
1,1,2,4,1,10,1,1,1,1,7,1,2,1,2,212000,1,1,1,0
1,2,2,1,10,6,2,3,1,1,8,5,1,1,4,260000,1,1,1,0
2,1,2,1,3,4,2,2,1,1,2,1,1,1,1,58000,1,1,1,0
2,1,2,3,1,4,1,1,2,1,4,1,1,1,2,56160,1,1,1,0
1,1,1,6,12,7,2,1,1,1,9,1,2,1,3,94000,1,1,1,0
1,1,2,6,1,4,2,3,1,1,6,1,1,1,4,148500,1,1,1,0
1,1,2,1,1,4,2,2,2,2,7,1,1,1,1,67000,1,1,1,0
1,1,6,1,3,4,2,1,1,1,5,1,2,1,1,55000,1,1,1,0
1,1,2,1,1,3,2,4,1,1,3,1,1,1,2,135000,1,1,1,0
1,1,1,1,1,7,2,3,1,1,1,6,1,1,2,120000,1,1,1,0
1,1,2,9,1,1,1,4,2,1,1,5,1,1,4,80000,1,1,1,0
1,1,2,1,1,6,3,4,1,1,4,1,2,1,4,150000,1,1,1,0
2,1,3,1,1,2,2,3,1,1,1,1,2,1,2,102000,1,1,1,0
1,1,2,8,1,4,2,1,1,1,7,1,1,1,4,100500,1,1,1,0
2,1,2,1,1,4,2,2,2,1,7,3,1,1,1,56500,1,1,1,0
1,1,2,7,14,7,3,3,1,1,4,1,2,1,2,140000,1,1,1,0
1,1,2,1,4,5,2,3,1,1,7,1,2,1,4,160000,1,1,1,0
1,1,1,1,1,6,2,1,1,1,7,1,1,1,4,66000,1,1,1,0
1,1,2,1,1,3,2,1,1,1,7,1,2,1,2,97000,1,1,1,0
1,1,4,1,11,4,1,4,1,1,1,1,1,1,4,56000,1,1,1,0
2,1,3,1,10,6,3,1,1,1,6,1,2,1,4,170000,1,1,1,0
1,1,2,1,1,6,2,4,1,1,4,1,1,1,4,106000,1,1,1,0
1,2,2,1,1,1,2,4,1,1,2,1,2,1,4,105000,1,1,1,0
1,1,2,7,1,7,2,3,1,1,1,1,2,1,3,92500,1,1,1,0
1,1,2,5,6,5,2,1,1,1,5,1,1,1,4,36000,1,1,1,0
2,1,2,1,5,1,3,1,1,1,1,1,1,1,4,95680,1,1,1,0
1,1,5,9,4,6,3,2,1,1,6,4,2,1,4,131000,1,1,1,0
1,1,3,9,1,6,2,4,1,1,1,1,2,1,3,155000,1,1,1,0
1,1,2,2,1,7,2,1,1,1,1,1,2,1,2,1512000,1,1,1,0
1,1,2,1,14,1,2,4,1,1,6,1,1,1,4,175000,1,1,1,0
1,1,2,1,1,6,3,4,1,1,1,1,2,1,4,86000,1,1,1,0
2,1,2,1,2,5,3,1,1,1,1,1,1,1,1,70000,1,1,1,0
1,1,6,9,3,4,2,1,1,1,4,1,1,1,4,44000,1,1,1,0
2,1,2,1,1,4,2,1,2,1,1,1,1,1,1,77300,1,1,1,0
1,1,3,6,1,10,3,4,1,1,1,1,1,1,3,150000,1,1,1,0
1,1,3,10,1,2,2,4,1,2,4,1,1,1,5,172000,1,1,1,0
1,2,2,1,1,5,2,1,1,1,2,2,1,1,4,160000,1,1,1,0
1,1,2,1,9,1,2,1,1,1,1,1,2,1,4,72000,1,1,1,0
2,1,2,9,2,8,2,3,2,2,2,1,1,1,4,74000,1,1,1,0
2,1,3,1,5,5,2,3,1,1,5,5,1,1,4,104000,1,1,1,0
1,1,2,1,2,5,2,1,1,1,5,4,2,1,4,63000,1,1,1,0
2,1,2,1,14,1,2,4,1,1,7,1,1,1,2,150000,1,1,1,0
1,2,1,1,5,4,2,1,1,1,1,1,2,1,4,62000,1,1,1,0
1,1,1,6,8,1,1,3,1,1,5,1,1,1,2,120000,1,1,1,1
1,1,3,10,2,5,3,2,1,1,1,1,2,1,4,95000,1,1,1,0
2,1,2,1,1,4,3,3,1,1,7,1,1,1,1,116000,1,1,1,0
2,1,2,1,1,4,3,3,1,1,7,1,2,1,4,35360,1,1,1,0
1,1,2,1,5,6,1,4,1,1,1,1,1,1,4,83000,1,1,1,0
2,1,1,5,1,7,2,4,1,1,2,1,2,1,2,125000,1,1,1,0
1,1,2,1,1,7,3,1,1,1,7,1,2,1,4,110000,1,1,1,0
1,1,6,4,2,4,2,4,1,1,8,1,1,1,1,60000,1,1,1,0
1,1,2,1,1,2,3,4,1,1,7,1,2,1,3,200000,1,1,1,0
1,1,2,4,8,1,1,1,1,1,7,1,1,1,1,60000,1,1,1,1
1,1,4,6,1,7,2,4,1,1,3,4,2,1,2,2000000,1,1,1,0
1,1,2,8,11,5,2,3,1,1,7,1,2,1,4,900000,1,1,1,0
1,1,2,1,1,5,1,3,1,1,7,1,1,1,1,69700,1,1,1,0
1,1,2,1,1,1,1,1,1,3,4,2,1,1,1,52392,1,1,1,0
1,1,1,1,3,9,2,3,1,1,2,1,1,1,3,130000,1,1,1,0
1,2,6,6,1,4,3,1,1,1,7,1,1,1,1,100000,1,1,1,0
2,3,4,12,3,4,2,3,2,1,4,1,1,1,4,53000,1,1,1,0
2,1,2,3,4,5,2,4,1,1,2,1,1,1,4,56000,1,1,1,0
1,2,2,8,1,8,2,3,1,1,7,5,1,1,4,54000,1,1,1,0
1,1,2,7,1,4,3,3,2,1,6,1,1,1,4,130000,1,1,1,0
1,1,3,10,4,4,2,1,1,1,1,1,2,1,4,85000,1,1,1,0
1,3,1,1,5,4,2,4,1,1,7,1,1,1,4,21000,1,1,1,0
1,1,2,1,5,1,2,4,1,1,5,1,1,1,4,140000,1,1,1,0
1,1,1,1,1,9,2,3,1,1,4,1,1,1,3,84000,1,1,1,0
1,1,1,9,1,6,3,1,1,1,1,1,2,1,4,160000,1,1,1,0
2,1,3,10,4,4,3,2,1,1,1,1,1,1,4,150000,1,1,1,0
1,1,3,7,1,6,2,3,1,1,1,1,2,1,3,75000,1,1,1,0
1,1,6,1,1,10,3,4,1,1,5,1,2,1,2,180000,1,1,1,0
1,1,2,1,5,4,2,3,1,1,7,2,1,1,1,117000,1,1,1,0
2,1,2,1,13,1,3,1,1,1,1,1,1,1,4,80200,1,1,1,0
1,1,1,1,11,4,2,4,1,1,1,1,1,1,4,55000,1,1,1,0
1,1,1,12,1,11,2,4,1,1,5,1,2,1,3,90000,1,1,1,0
1,1,4,1,1,8,2,4,1,1,1,3,2,1,4,48000,1,1,1,0
1,1,2,10,3,6,2,4,1,1,2,1,1,1,4,115000,1,1,1,0
1,1,2,9,1,4,2,2,1,1,1,1,1,1,4,100000,1,1,1,0
2,1,2,1,1,1,2,4,1,1,1,5,2,1,4,124000,1,1,1,0
1,1,2,1,1,1,3,4,1,1,7,1,1,1,4,170000,1,1,1,0
1,1,2,6,11,8,2,2,1,1,7,1,1,1,1,60000,1,1,1,0
1,1,2,1,6,5,2,1,1,1,5,1,1,1,4,100000,1,1,1,0
1,1,2,6,18,6,3,4,1,1,4,1,1,1,4,75000,1,1,1,0
1,1,2,1,3,5,1,3,1,1,2,1,1,1,4,55000,1,1,1,0
1,1,6,6,1,4,3,3,1,1,5,1,1,1,1,55000,1,1,1,0
2,1,2,1,2,1,2,4,2,1,7,1,1,1,4,125000,1,1,1,0
1,1,1,1,1,11,1,2,1,1,2,4,2,1,2,85000,1,1,1,0
1,1,2,3,7,1,2,4,2,1,5,1,2,1,2,62000,1,1,1,0
2,1,2,1,1,5,2,1,2,1,1,3,1,1,4,148000,1,1,1,0
1,2,2,7,1,3,2,2,1,1,7,1,1,1,4,225000,1,1,1,0
1,3,1,1,1,4,2,1,1,1,2,4,2,1,1,60000,1,1,1,0
1,1,2,6,1,6,2,4,1,1,2,2,2,1,4,125000,1,1,1,0
2,1,2,1,1,7,3,1,1,1,8,1,2,1,4,90000,1,1,1,0
1,1,3,8,11,5,2,3,2,1,1,1,1,1,3,125000,1,1,1,0
1,1,3,6,10,5,2,2,1,1,8,1,1,1,2,1920000,1,1,1,0
1,1,2,1,2,5,2,3,1,1,7,1,1,1,1,2000000,1,1,1,0
1,1,3,1,1,5,2,2,1,1,7,2,1,1,4,170000,1,1,1,0
1,1,2,4,8,6,2,2,2,3,4,1,1,1,2,104300,1,1,1,1
1,1,5,1,1,7,3,3,1,1,1,6,1,1,4,140000,1,1,1,0
1,1,2,9,1,10,2,3,1,1,2,1,2,1,3,150000,1,1,1,0
1,1,2,8,6,4,2,1,1,1,2,1,1,1,4,150000,1,1,1,0
1,1,1,1,1,5,2,3,1,1,1,2,2,1,4,109000,1,1,1,0
1,1,2,1,1,6,2,1,1,1,1,1,1,1,4,40000,1,1,1,0
1,1,2,1,1,6,1,1,2,2,6,1,1,1,4,150000,1,1,1,0
1,1,4,1,1,1,2,1,2,2,2,1,2,1,2,88500,1,1,1,0
1,1,3,1,1,9,2,2,1,2,1,1,2,1,2,155000,1,1,1,0
1,1,3,4,11,4,2,3,1,1,1,1,1,1,4,65000,1,1,1,0
1,1,1,12,2,7,3,4,1,1,4,1,1,1,4,125000,1,1,1,0
1,1,4,5,1,7,3,1,1,1,5,1,1,1,5,72000,1,1,1,0
2,1,3,1,1,9,2,4,1,1,5,4,2,1,2,165000,1,1,1,0
2,1,3,1,2,6,3,1,2,1,1,1,1,1,4,100000,1,1,1,0
1,1,2,5,1,6,2,1,2,2,2,1,1,1,4,54000,1,1,1,0
1,1,2,3,1,7,2,1,1,1,7,1,1,1,4,102000,1,1,1,0
1,1,2,8,1,7,2,1,1,1,1,1,2,1,2,80000,1,1,1,0
1,1,3,9,1,6,2,4,1,1,8,1,2,1,4,150000,1,1,1,0
1,2,2,1,1,4,2,4,1,1,7,1,1,1,4,62500,1,1,1,0
1,1,1,6,8,1,2,4,1,1,1,1,2,1,4,96000,1,1,1,1
2,1,5,9,1,1,2,1,2,3,4,1,2,1,3,57500,1,1,1,0
1,1,3,4,11,4,2,3,1,1,6,2,1,1,4,79000,1,1,1,0
1,1,1,1,10,9,2,1,1,1,2,1,2,1,2,175000,1,1,1,0
1,1,3,1,11,1,3,3,1,1,7,1,1,1,4,105000,1,1,1,0
1,1,2,1,6,1,3,3,1,1,1,1,1,1,4,92000,1,1,1,0
1,1,2,8,1,5,3,3,1,1,8,1,2,1,4,150000,1,1,1,0
1,1,2,1,1,4,2,3,2,1,7,1,1,1,4,144000,1,1,1,0
1,1,3,1,1,11,2,2,1,1,5,1,2,1,3,115000,1,1,1,0
1,1,2,1,2,11,3,4,1,1,2,1,1,1,4,155000,1,1,1,0
1,1,1,1,1,9,2,1,1,1,7,1,2,1,2,150000,1,1,1,0
1,1,2,2,5,1,3,1,1,1,6,1,1,1,1,1000000,1,1,1,0
1,1,2,4,1,4,2,4,1,1,7,1,1,1,4,120000,1,1,1,0
1,1,2,1,1,10,2,4,1,1,8,1,1,1,2,83000,1,1,1,0
2,1,2,1,1,5,1,1,1,1,7,1,1,1,1,75000,1,1,1,0
1,1,1,1,1,4,1,3,1,1,1,1,1,1,1,107000,1,1,1,0
1,2,2,1,2,7,1,4,1,1,7,2,2,1,4,86000,1,1,1,0
1,1,2,3,3,6,1,3,1,1,5,1,1,1,4,63000,1,1,1,0
1,1,2,1,2,4,3,1,1,1,7,1,1,1,1,70000,1,1,1,0
1,1,2,1,1,6,3,1,1,1,8,1,2,1,4,95000,1,1,1,0
1,1,4,1,1,4,2,4,1,4,7,1,1,1,1,57000,1,1,1,0
1,1,2,4,3,4,2,1,1,1,4,1,1,1,4,57000,1,1,1,0
1,1,2,3,1,5,4,2,1,1,4,1,2,1,4,84000,1,1,1,0
1,1,4,1,7,2,1,3,1,1,4,1,2,1,3,110000,1,1,1,0
1,1,2,1,2,5,2,3,1,1,6,1,1,1,1,87000,1,1,1,0
1,2,2,4,1,4,3,1,1,1,6,1,1,1,4,96000,1,1,1,0
1,1,2,1,11,1,2,1,1,1,6,1,1,1,4,90000,1,1,1,0
1,1,2,9,11,4,3,3,1,1,7,1,1,1,4,67000,1,1,1,0
1,2,3,1,1,5,2,1,1,1,1,5,1,1,4,12000,1,1,1,0
1,1,2,7,3,8,2,1,1,1,2,1,1,1,2,2000000,1,1,1,0
1,1,2,1,3,1,2,3,1,1,5,1,1,1,4,155000,1,1,1,0
1,1,2,8,1,8,2,3,1,1,7,1,1,1,1,53000,1,1,1,0
2,1,1,12,12,7,3,4,1,1,6,1,2,1,2,179000,1,1,1,0
1,1,4,1,2,4,3,3,1,1,7,1,1,1,4,40000,1,1,1,0
1,1,2,1,1,7,2,1,1,1,5,1,2,1,2,107000,1,1,1,0
1,1,2,2,1,1,2,3,1,1,7,1,2,1,4,85000,1,1,1,0
2,1,3,3,1,5,3,2,1,1,2,3,1,1,4,100000,1,1,1,0
1,1,2,1,1,2,3,2,1,1,1,1,2,1,2,106000,1,1,1,0
1,1,2,1,1,1,2,2,1,4,6,1,1,1,4,110000,1,1,1,0
1,1,2,1,1,5,1,1,1,1,2,4,2,1,2,85000,1,1,1,0
1,1,3,6,1,5,2,4,1,1,1,5,1,1,4,114000,1,1,1,0
2,1,2,1,11,7,3,1,1,1,7,1,1,1,2,62000,1,1,1,0
1,1,2,9,1,6,2,3,1,1,7,5,1,1,2,119500,1,1,1,0
2,2,1,1,13,5,1,3,1,1,7,1,1,1,1,32000,1,1,1,0
1,1,1,1,1,2,2,2,1,1,6,1,1,1,3,120000,1,1,1,0
1,1,2,1,1,10,3,1,1,1,1,1,2,1,2,2000000,1,1,1,0
1,1,2,7,12,1,2,3,1,1,7,1,2,1,2,62000,1,1,1,0
1,1,1,1,1,7,2,4,1,1,7,1,2,1,3,220000,1,1,1,0
1,1,2,3,1,5,2,1,1,1,3,1,1,1,1,40000,1,1,1,0
1,1,1,8,1,7,2,1,1,3,7,1,1,1,4,150000,1,1,1,0
1,1,2,1,5,11,2,3,1,1,4,1,2,1,3,180000,1,1,1,0
1,1,2,1,1,3,1,3,1,1,7,1,1,1,2,115000,1,1,1,0
1,1,2,1,1,9,3,1,1,1,7,1,2,1,2,115000,1,1,1,0
1,1,2,6,1,5,3,1,1,1,1,5,1,1,1,80000,1,1,1,0
1,1,2,1,13,2,2,1,1,1,1,1,2,1,3,102000,1,1,1,0
1,1,9,8,1,2,2,4,1,1,6,1,2,1,5,180000,1,1,1,0
1,1,2,1,2,1,2,4,1,1,1,1,1,1,4,105000,1,1,1,0
1,2,4,1,16,1,3,1,1,1,1,1,1,1,1,6000,1,1,1,0
1,1,2,1,1,3,1,1,1,1,7,1,2,1,4,130000,1,1,1,0
1,2,1,1,1,1,1,1,1,1,5,1,1,1,4,100000,1,1,1,0
1,1,2,1,1,7,3,1,1,1,7,1,2,1,4,105000,1,1,1,0
2,2,3,1,1,6,2,1,1,1,1,5,2,1,4,120000,1,1,1,0
1,1,2,9,6,8,2,3,2,1,7,1,1,1,1,45000,1,1,1,0
1,1,2,3,1,5,2,4,1,3,2,1,2,1,4,65000,1,1,1,0
1,1,3,1,1,1,2,2,1,1,4,6,1,1,4,103000,1,1,1,0
1,1,5,9,1,2,3,2,1,1,7,1,2,1,5,200000,1,1,1,0
1,1,1,4,18,7,2,2,1,1,8,1,2,1,4,50000,1,1,1,0
1,1,2,1,6,5,2,2,1,1,7,1,1,1,4,61907,1,1,1,0
1,1,2,10,1,11,2,3,1,1,4,1,2,1,2,72250,1,1,1,0
1,1,6,1,2,6,1,1,1,1,2,1,2,1,4,75000,1,1,1,0
1,1,5,6,4,11,2,1,1,1,8,1,2,1,2,140000,1,1,1,0
1,1,2,1,1,6,3,2,1,1,4,1,1,1,2,65000,1,1,1,0
2,1,2,7,1,5,3,3,1,1,7,1,1,1,4,76000,1,1,1,0
1,2,2,1,1,5,3,4,1,1,1,1,1,1,1,106000,1,1,1,0
1,1,2,9,1,6,3,4,1,1,7,1,2,1,4,148000,1,1,1,0
1,3,2,3,1,2,2,1,1,1,6,1,2,1,3,59000,1,1,1,0
1,1,2,3,5,4,3,1,1,1,2,3,1,1,1,2000000,1,1,1,0
2,1,2,1,1,2,2,1,1,2,7,1,2,1,3,111000,1,1,1,0
1,1,2,1,4,4,2,4,1,1,1,1,1,1,1,61000,1,1,1,0
1,2,3,9,11,4,3,3,1,1,1,5,1,1,1,30000,1,1,1,0
1,1,3,1,4,6,1,1,1,1,5,1,1,1,4,107000,1,1,1,0
1,1,2,2,6,4,4,4,1,1,7,3,1,1,4,56500,1,1,1,0
1,1,1,1,1,7,2,2,1,1,5,1,2,1,4,120000,1,1,1,0
1,1,3,1,1,10,2,3,1,1,9,1,2,1,3,120000,1,1,1,0
1,1,2,1,1,1,3,1,2,2,2,2,1,1,4,40000,1,1,1,0
2,1,2,3,1,8,1,1,1,2,2,4,1,1,1,70000,1,1,1,0
1,1,1,1,1,7,1,1,1,1,5,1,1,1,4,33280,1,1,1,0
2,1,2,1,2,5,2,2,1,1,7,3,1,1,4,100000,1,1,1,0
1,1,2,9,1,3,2,2,1,1,1,1,1,1,5,2000000,1,1,1,0
1,1,2,1,1,5,3,2,1,1,1,1,1,1,4,90000,1,1,1,0
1,1,3,1,1,6,1,1,1,1,5,1,1,1,4,119040,1,1,1,0
1,1,2,1,3,6,3,1,1,1,1,1,1,1,4,65000,1,1,1,0
1,1,2,1,1,6,2,4,1,1,6,4,1,1,2,90000,1,1,1,0
1,1,3,1,18,11,2,3,1,1,7,4,2,1,2,170000,1,1,1,0
1,1,2,7,1,2,3,4,1,1,7,1,1,1,2,80000,1,1,1,0
1,1,2,1,1,5,2,2,1,1,7,1,1,1,4,65000,1,1,1,0
1,3,3,8,11,4,3,4,1,1,7,1,1,1,4,93150,1,1,1,0
1,1,3,1,3,5,1,1,1,1,7,1,2,1,4,95000,1,1,1,0
1,1,3,6,1,5,2,4,1,1,7,6,1,1,4,81000,1,1,1,0
1,2,6,6,1,5,1,4,1,1,1,5,1,1,1,84000,1,1,1,0
2,1,2,1,12,6,3,1,1,1,1,1,2,1,4,180000,1,1,1,0
1,1,1,12,1,11,2,4,1,1,3,1,1,1,2,100000,1,1,1,0
1,2,2,1,1,6,2,2,1,1,1,2,1,1,4,173000,1,1,1,0
1,1,2,1,1,7,2,1,1,1,7,1,1,1,4,110000,1,1,1,0
1,1,2,1,1,1,2,4,2,1,7,1,1,1,4,70000,1,1,1,0
1,1,2,1,14,5,3,1,1,1,9,1,1,1,4,2000000,1,1,1,0
1,1,2,3,1,1,3,3,1,1,7,1,1,1,2,63000,1,1,1,0
1,1,2,1,8,5,1,1,1,1,7,1,1,1,4,95000,1,1,1,1
1,1,2,8,3,4,2,4,2,1,7,1,1,1,4,59000,1,1,1,0
1,1,3,6,1,1,1,1,1,1,7,5,2,1,4,100000,1,1,1,0
1,1,2,6,1,11,2,1,1,1,5,2,1,1,3,112000,1,1,1,0
2,1,2,10,1,7,2,1,1,1,8,1,1,1,2,170000,1,1,1,0
1,1,2,1,1,7,2,1,1,1,2,1,1,1,3,126000,1,1,1,0
1,2,2,1,1,5,2,4,1,1,6,1,1,1,4,104000,1,1,1,0
2,1,2,1,2,6,2,1,1,1,1,1,2,1,4,104000,1,1,1,0
1,1,3,1,1,3,2,4,1,1,1,1,1,1,4,295000,1,1,1,0
1,1,2,5,1,7,2,3,2,1,1,1,2,1,2,90000,1,1,1,0
1,1,2,1,2,1,2,4,1,1,5,1,1,1,4,110000,1,1,1,0
2,1,3,8,11,6,1,2,1,1,1,1,1,1,4,48000,1,1,1,0
1,1,1,1,1,6,2,2,1,1,7,1,1,1,4,107000,1,1,1,0
1,1,1,12,1,4,3,1,1,1,5,1,2,1,1,80400,1,1,1,0
2,1,2,1,1,5,2,4,1,1,1,4,1,1,4,113000,1,1,1,0
1,1,2,3,8,4,2,1,1,1,2,1,1,1,4,67000,1,1,1,1
1,1,1,2,1,5,2,1,1,1,2,1,2,1,4,80000,1,1,1,0
1,1,2,1,1,4,2,2,1,1,1,1,2,1,4,115000,1,1,1,0
1,2,4,1,1,4,2,4,1,1,7,1,1,1,1,60000,1,1,1,0
1,1,2,1,1,5,3,3,1,1,2,2,1,1,4,90000,1,1,1,0
2,1,3,1,2,5,2,3,1,1,7,1,1,1,5,146000,1,1,1,0
1,1,2,1,1,2,2,4,1,1,7,1,2,1,3,200000,1,1,1,0
1,1,2,5,1,6,3,1,1,1,2,1,1,1,2,100000,1,1,1,0
1,1,2,1,1,6,3,4,1,1,2,2,1,1,4,65000,1,1,1,0
1,1,2,1,2,1,2,1,1,1,3,5,2,1,4,150000,1,1,1,0
1,1,1,1,1,5,2,4,1,1,7,1,2,1,4,107000,1,1,1,0
1,1,2,2,1,4,2,4,2,1,7,1,1,1,4,100000,1,1,1,0
1,1,2,1,6,4,3,4,2,3,7,1,1,1,1,30000,1,1,1,0
1,2,3,1,1,4,3,1,1,1,1,5,2,1,4,10000,1,1,1,0
1,1,2,1,1,1,3,2,1,1,1,5,1,1,1,100000,1,1,1,0
1,1,3,1,6,1,3,3,1,1,7,1,1,1,4,150000,1,1,1,0
1,1,2,2,1,7,2,3,1,1,7,1,2,1,3,40000,1,1,1,0
1,1,3,1,1,6,2,1,1,1,1,5,1,1,2,160000,1,1,1,0
1,1,2,1,13,3,2,3,2,2,7,3,1,1,4,110000,1,1,1,0
1,1,2,4,1,2,2,4,1,1,5,1,2,1,3,113000,1,1,1,0
1,1,5,9,1,5,2,4,2,1,6,2,1,1,4,42500,1,1,1,0
2,1,3,4,1,5,3,4,1,1,7,1,1,1,4,43500,1,1,1,0
2,1,2,1,1,3,2,3,1,1,7,1,2,1,2,105000,1,1,1,0
1,1,2,1,1,1,2,4,1,1,7,1,1,1,4,135000,1,1,1,0
2,1,2,6,12,3,3,3,1,1,5,1,1,1,3,106000,1,1,1,0
1,1,2,1,14,1,3,4,1,1,3,1,1,1,4,165000,1,1,1,0
1,1,3,6,1,5,3,3,2,2,8,5,1,1,4,155000,1,1,1,0
1,1,3,6,1,6,2,1,1,1,1,1,2,1,2,135000,1,1,1,0
1,1,2,1,2,6,2,4,1,1,6,1,1,1,4,120000,1,1,1,0
1,1,2,3,1,6,3,1,1,1,5,5,2,1,4,105000,1,1,1,0
1,1,1,5,1,9,2,4,1,1,7,1,1,1,2,123851,1,1,1,0
1,1,2,1,6,5,2,2,1,1,1,1,1,1,1,55000,1,1,1,0
1,1,3,2,14,9,2,2,2,1,6,1,2,1,2,115000,1,1,1,0
1,1,2,1,1,5,2,3,1,1,1,1,1,1,4,94000,1,1,1,0
1,1,3,1,2,7,2,1,1,1,6,2,1,1,4,45000,1,1,1,0
2,1,2,1,2,4,2,4,1,1,7,1,1,1,4,60000,1,1,1,0
1,1,3,6,1,5,2,2,1,1,7,5,1,1,4,76000,1,1,1,0
2,1,1,1,1,5,1,3,1,1,7,1,1,1,4,30000,1,1,1,0
1,1,5,6,2,1,2,1,1,1,6,1,2,1,4,121000,1,1,1,0
1,1,3,1,13,1,3,4,1,1,6,1,1,1,4,123000,1,1,1,0
1,1,4,1,1,1,2,4,1,1,4,1,2,1,2,95000,1,1,1,0
1,1,1,11,9,11,3,1,1,1,1,1,1,1,2,73000,1,1,1,0
1,1,2,1,1,11,3,3,2,2,8,1,2,1,4,175000,1,1,1,0
2,1,2,7,3,4,3,1,1,2,1,1,1,1,4,105000,1,1,1,0
2,1,2,7,1,8,3,2,2,1,1,1,1,1,4,100000,1,1,1,0
1,1,2,1,3,4,1,4,1,1,1,6,1,1,1,75000,1,1,1,0
1,1,2,1,3,5,2,1,1,1,7,1,1,1,1,175000,1,1,1,0
1,1,2,4,1,1,2,4,1,1,7,1,1,1,4,133000,1,1,1,0
1,2,1,1,1,4,2,1,1,2,2,1,1,1,1,55000,1,1,1,0
1,1,1,2,1,4,2,4,2,1,7,1,2,1,4,50000,1,1,1,0
1,1,2,1,1,6,2,3,1,1,7,1,1,1,4,144400,1,1,1,0
2,1,3,1,12,5,3,1,1,1,1,1,2,1,4,81500,1,1,1,0
1,1,2,6,1,6,2,4,1,1,1,1,1,1,3,150000,1,1,1,0
1,1,5,6,4,4,3,4,1,1,6,1,2,1,4,100300,1,1,1,0
2,1,2,1,1,10,3,4,1,1,8,1,2,1,3,95000,1,1,1,0
1,1,9,4,1,4,3,2,1,1,8,6,1,1,4,83500,1,1,1,0
1,1,2,1,2,1,2,1,1,1,7,1,2,1,4,75000,1,1,1,0
2,1,2,3,3,8,3,1,2,2,7,2,1,1,4,55000,1,1,1,0
1,1,3,3,1,5,2,2,1,1,1,1,2,1,2,80000,1,1,1,0
2,1,5,6,11,6,3,3,2,1,7,1,2,1,4,55000,1,1,1,0
2,1,1,2,3,1,2,1,1,1,7,3,2,1,2,73000,1,1,1,0
1,1,2,1,2,5,2,1,1,2,7,4,1,1,4,85000,1,1,1,0
2,1,2,3,1,6,2,4,2,1,1,1,1,1,4,85748,1,1,1,0
1,1,2,1,10,3,1,4,1,1,1,1,1,1,4,240000,1,1,1,0
1,1,2,1,1,1,2,3,1,1,2,1,1,1,4,130000,1,1,1,0
2,1,2,1,2,4,3,4,1,1,7,6,1,1,1,50000,1,1,1,0
1,1,9,11,3,5,3,1,1,1,8,6,2,1,4,70000,1,1,1,0
1,1,3,1,1,1,2,1,1,1,7,1,2,1,4,96000,1,1,1,0
1,1,2,1,1,9,2,2,1,3,7,1,1,1,2,190000,1,1,1,0
1,1,1,1,1,7,3,1,1,1,7,1,2,1,4,160000,1,1,1,0
1,1,2,1,1,1,2,1,1,1,2,1,1,1,4,49000,1,1,1,0
1,3,3,4,13,4,3,1,2,2,8,4,1,1,4,75000,1,1,1,0
1,2,6,7,1,5,3,2,1,3,8,1,1,1,1,42000,1,1,1,0
1,1,2,6,6,5,2,1,1,1,7,1,2,1,2,120000,1,1,1,0
2,1,2,3,1,4,2,1,1,1,1,1,1,1,4,60000,1,1,1,0
1,3,2,6,2,5,3,3,1,1,6,1,1,1,4,75000,1,1,1,0
1,1,2,1,1,6,2,4,1,1,1,1,2,1,4,72000,1,1,1,0
2,1,2,1,1,5,2,1,1,1,5,1,2,1,4,76000,1,1,1,0
1,1,2,1,2,6,2,1,1,1,6,1,2,1,4,150000,1,1,1,0
1,1,2,1,1,6,2,3,1,1,7,1,1,1,4,109000,1,1,1,0
1,1,2,1,1,10,2,3,1,1,7,1,2,1,2,96225,1,1,1,0
1,1,2,1,1,4,2,1,1,1,7,5,1,1,1,85000,1,1,1,0
2,1,4,12,8,4,2,1,1,1,7,1,1,1,1,45000,1,1,1,1
1,1,5,1,4,2,2,3,1,1,2,1,2,1,2,220000,1,1,1,0
1,1,2,1,1,3,3,4,1,1,2,1,2,1,4,112000,1,1,1,0
1,1,2,1,5,4,3,3,1,1,7,5,1,1,1,115000,1,1,1,0
2,1,2,1,3,4,3,3,1,1,7,1,1,1,4,80000,1,1,1,0
2,1,3,1,1,6,2,1,1,1,1,1,1,1,4,120000,1,1,1,0
1,1,2,1,1,7,3,3,1,1,4,1,2,1,2,94750,1,1,1,0
2,1,2,1,4,4,3,4,2,2,7,1,1,1,1,2000000,1,1,1,0
1,1,2,1,1,2,3,3,1,1,7,1,2,1,3,160000,1,1,1,0
1,1,6,1,13,8,2,1,1,4,1,3,1,1,4,30000,1,1,1,0
1,1,2,4,1,11,2,1,1,1,1,7,2,1,3,98000,1,1,1,0
1,1,2,3,1,5,2,1,1,1,1,1,2,1,3,45000,1,1,1,0
1,1,2,1,1,7,3,2,1,3,5,1,1,1,4,100000,1,1,1,0
1,1,2,7,1,10,2,4,1,1,7,4,1,1,3,63000,1,1,1,0
1,1,2,3,2,4,2,4,1,1,7,1,2,1,4,67700,1,1,1,0
1,1,2,3,2,5,2,2,1,1,2,1,1,1,1,75000,1,1,1,0
2,2,1,1,1,4,2,1,1,1,2,1,1,1,1,47000,1,1,1,0
1,1,2,1,4,5,3,3,1,1,7,1,2,1,4,81000,1,1,1,0
1,1,3,1,4,2,2,4,1,1,1,1,1,1,3,200000,1,1,1,0
1,1,2,3,1,7,2,1,1,1,7,1,2,1,4,133000,1,1,1,0
1,1,2,1,1,11,3,1,1,1,8,1,1,1,3,120000,1,1,1,0
1,1,2,10,19,2,2,4,2,2,6,3,2,1,2,144000,1,1,1,0
2,1,1,7,5,4,2,4,2,4,1,1,1,1,2,82000,1,1,1,0
2,1,4,2,6,1,2,1,1,1,4,1,2,1,2,88000,1,1,1,0
2,1,1,7,2,4,2,3,1,1,8,1,1,1,2,95000,1,1,1,0
1,1,4,1,2,6,2,3,1,1,5,1,2,1,2,140000,1,1,1,0
1,1,2,7,14,5,2,1,1,1,1,1,1,1,4,1200000,1,1,1,0
1,1,2,1,2,1,2,1,1,1,7,1,2,1,4,135000,1,1,1,0
2,1,2,2,1,6,2,1,2,2,7,1,1,1,4,86500,1,1,1,0
1,1,2,1,1,11,2,1,1,1,7,7,2,1,2,79000,1,1,1,0
1,1,2,1,1,5,2,4,1,1,1,1,1,1,1,75000,1,1,1,0
1,1,2,4,4,4,3,4,1,1,8,1,1,1,4,110000,1,1,1,0
1,1,2,10,1,6,2,4,1,1,4,1,1,1,4,76000,1,1,1,0
2,1,2,1,1,5,3,4,2,1,7,1,1,1,4,130000,1,1,1,0
2,1,2,1,2,9,2,4,2,1,1,5,1,1,2,115000,1,1,1,0
1,1,2,1,1,5,2,1,1,1,7,1,2,1,1,90000,1,1,1,0
1,1,2,4,1,7,3,3,2,1,7,1,1,1,4,140000,1,1,1,0
2,1,2,1,1,4,2,2,1,1,7,7,1,1,1,105000,1,1,1,0
1,1,2,1,2,4,3,2,1,1,2,1,1,1,4,52000,1,1,1,0
1,1,2,1,1,1,2,2,1,1,7,1,2,1,2,135000,1,1,1,0
1,2,4,3,1,4,2,1,1,1,4,1,2,1,1,100000,1,1,1,0
1,1,2,3,13,4,2,4,1,1,4,1,1,1,4,50000,1,1,1,0
1,1,2,1,2,5,2,1,1,1,2,1,1,1,1,65000,1,1,1,0
1,1,2,2,3,5,3,3,1,1,1,1,2,1,4,135,1,1,1,0
1,1,2,2,1,3,2,4,1,1,8,1,2,1,3,134234,1,1,1,0
1,1,2,3,2,4,2,1,1,1,7,4,2,1,4,600000,1,1,1,0
1,1,3,8,11,9,2,1,1,1,7,1,2,1,4,145000,1,1,1,0
1,1,2,1,1,1,2,4,1,1,1,1,1,1,1,88000,1,1,1,0
1,1,2,4,2,4,2,3,2,1,7,3,1,1,4,60000,1,1,1,0
1,3,4,1,2,3,2,1,1,1,7,1,1,1,2,105000,1,1,1,0
1,1,4,1,13,6,3,3,2,1,4,1,1,1,3,110000,1,1,1,0
1,1,2,1,2,1,3,3,1,1,7,1,1,1,4,83800,1,1,1,0
1,1,2,9,3,5,3,4,1,1,7,1,1,1,4,100000,1,1,1,0
1,1,2,2,3,9,3,4,1,1,7,1,1,1,2,1980000,1,1,1,0
1,3,2,1,2,5,2,4,1,1,1,1,1,1,4,85000,1,1,1,0
2,1,3,9,12,4,2,4,2,2,6,5,1,1,4,110000,1,1,1,0
1,1,2,1,1,6,1,1,1,1,6,1,2,1,4,101757,1,1,1,0
1,1,3,1,1,2,2,3,1,1,1,1,1,1,3,160000,1,1,1,0
1,1,2,9,1,2,2,1,1,1,6,1,1,1,3,125000,1,1,1,0
1,1,5,1,1,7,2,2,1,1,6,1,1,1,2,210000,1,1,1,0
1,1,5,4,4,4,2,4,2,1,6,6,1,1,4,150000,1,1,1,0
2,1,2,2,6,9,2,1,2,1,4,1,2,1,2,65000,1,1,1,0
2,1,2,3,11,5,2,4,1,1,7,5,1,1,4,52000,1,1,1,0
1,1,2,9,1,7,2,2,1,1,7,1,2,1,4,1200000,1,1,1,0
1,1,2,3,2,5,2,1,1,1,7,1,2,1,4,75000,1,1,1,0
1,1,2,3,1,4,2,4,1,1,1,1,2,1,4,88000,1,1,1,0
1,1,3,3,13,1,3,2,1,1,2,1,2,1,4,80000,1,1,1,0
1,1,2,1,1,6,3,4,1,1,4,1,1,1,2,70000,1,1,1,0
1,1,2,1,1,5,2,3,1,1,7,1,1,1,4,78000,1,1,1,0
1,1,1,1,8,7,2,4,1,1,5,1,2,1,2,66000,1,1,1,1
2,1,2,1,1,3,3,3,1,1,4,1,2,1,2,113000,1,1,1,0
1,1,2,1,1,11,3,4,1,1,1,1,2,1,5,105000,1,1,1,0
1,1,4,1,1,2,3,1,1,1,7,1,1,1,5,107500,1,1,1,0
1,1,2,1,2,5,3,4,1,1,7,1,1,1,4,2000000,1,1,1,0
2,1,3,1,1,4,2,1,1,1,7,5,1,1,4,95000,1,1,1,0
1,1,3,1,14,7,3,2,2,1,6,5,1,1,4,154500,1,1,1,0
1,1,3,1,1,7,2,3,1,1,6,1,2,1,2,135000,1,1,1,0
2,1,2,7,2,8,2,3,1,1,7,2,1,1,4,102000,1,1,1,0
2,1,3,11,1,6,2,1,1,1,7,1,2,1,2,103000,1,1,1,0
1,1,4,1,7,5,2,1,1,1,6,1,2,1,4,67500,1,1,1,0
2,1,3,9,13,4,3,3,1,1,1,1,1,1,4,75000,1,1,1,0
2,1,2,6,11,1,2,2,1,4,7,1,1,1,4,1680000,1,1,1,0
1,1,2,1,1,9,2,2,1,1,2,1,1,1,4,100000,1,1,1,0
1,1,2,1,2,5,1,2,1,1,5,1,2,1,4,68000,1,1,1,0
1,1,3,8,1,7,2,2,1,1,1,1,2,1,3,95000,1,1,1,0
2,1,2,1,1,5,3,3,1,1,5,1,2,1,2,60000,1,1,1,0
1,1,6,6,1,1,2,2,1,1,8,1,1,1,1,125000,1,1,1,0
1,1,5,9,4,3,2,4,1,1,1,6,1,1,2,147000,1,1,1,0
1,1,1,12,12,2,2,1,1,1,7,1,2,1,2,219000,1,1,1,0
1,1,3,2,1,5,3,2,1,1,1,1,1,1,4,150000,1,1,1,0
1,1,1,1,3,7,3,1,1,1,1,1,1,1,4,135000,1,1,1,0
1,1,2,1,1,5,3,4,1,1,2,1,1,1,1,69000,1,1,1,0
1,1,3,9,4,3,2,3,1,3,1,4,1,1,2,1236000,1,1,1,0
1,1,1,3,1,3,2,1,1,1,1,1,2,1,2,90000,1,1,1,0
1,1,1,1,1,5,2,2,1,1,8,4,1,1,1,110000,1,1,1,0
1,1,2,3,2,9,2,2,1,1,5,1,2,1,2,150000,1,1,1,0
1,1,2,1,1,5,2,2,1,1,5,5,1,1,4,68000,1,1,1,0
2,1,2,1,1,9,2,3,1,1,2,1,2,1,2,121900,1,1,1,0
1,1,2,1,1,6,2,2,1,1,7,1,1,1,4,130000,1,1,1,0
2,1,3,1,1,2,2,4,1,1,6,1,2,1,2,120000,1,1,1,0
1,1,2,1,1,3,2,3,1,1,8,1,2,1,2,122000,1,1,1,0
2,1,2,3,1,7,2,4,1,1,1,1,1,1,4,1320000,1,1,1,0
1,1,8,1,1,6,2,1,1,1,7,1,1,1,4,140000,1,1,1,0
1,1,3,1,1,5,3,1,1,1,7,3,2,1,1,120000,1,1,1,0
1,2,3,8,4,5,2,3,1,1,7,1,2,1,4,180000,1,1,1,0
1,1,2,3,1,6,3,3,2,2,2,1,1,1,4,150000,1,1,1,0
1,1,2,1,1,6,2,1,1,3,1,1,1,1,4,58000,1,1,1,0
1,1,2,9,8,2,2,3,1,1,7,1,1,1,5,145000,1,1,1,1
1,1,2,8,1,4,3,2,1,1,8,1,1,1,4,75000,1,1,1,0
1,1,3,7,2,7,3,4,1,1,7,1,1,1,2,150000,1,1,1,0
1,1,2,1,1,4,2,4,1,1,7,1,1,1,1,48000,1,1,1,0
1,2,6,1,3,4,3,3,1,3,6,1,1,1,1,72000,1,1,1,0
1,3,3,3,9,7,2,3,1,1,1,1,1,1,4,60000,1,1,1,0
1,1,3,7,4,4,2,4,2,2,5,1,1,1,4,88000,1,1,1,0
1,1,2,6,1,3,2,3,1,1,1,1,2,1,2,150000,1,1,1,0
2,1,3,1,18,11,2,2,1,1,8,1,2,1,2,240000,1,1,1,0
2,1,2,1,6,2,1,1,1,1,1,1,1,1,5,95000,1,1,1,0
2,1,4,1,1,4,3,4,1,1,4,1,2,1,4,60000,1,1,1,0
1,1,2,1,1,5,2,4,1,1,1,1,1,1,1,110000,1,1,1,0
1,1,2,1,1,4,3,2,1,1,1,1,2,1,4,92500,1,1,1,0
1,1,2,1,5,5,1,4,1,1,7,1,1,1,4,170000,1,1,1,0
2,1,3,1,1,4,3,4,1,1,7,4,2,1,4,98000,1,1,1,0
1,1,2,3,1,3,2,1,1,1,1,1,2,1,2,72000,1,1,1,0
2,1,1,12,11,9,3,1,1,1,9,1,2,1,2,75000,1,1,1,0
1,1,3,10,4,6,2,3,1,1,1,1,2,1,4,114000,1,1,1,0
1,1,1,2,1,3,2,1,1,1,4,1,2,1,3,250000,1,1,1,0
1,1,2,1,5,5,2,4,1,1,2,6,1,1,4,70000,1,1,1,0
2,1,2,3,2,1,2,1,1,1,1,5,2,1,2,75000,1,1,1,0
1,1,2,8,1,4,2,4,2,2,5,1,1,1,4,100000,1,1,1,0
1,1,3,7,2,4,3,4,1,1,5,1,2,1,4,62000,1,1,1,0
1,1,4,3,1,7,3,2,1,1,2,1,1,1,2,36000,1,1,1,0
1,1,2,3,6,1,3,4,1,1,7,1,1,1,4,81000,1,1,1,0
1,1,2,3,3,5,2,4,1,1,7,1,1,1,4,70000,1,1,1,0
1,1,2,1,1,4,3,1,1,1,5,1,1,1,1,840000,1,1,1,0
1,2,2,1,1,6,2,4,1,1,7,5,2,1,2,130000,1,1,1,0
1,1,2,1,1,1,1,3,1,1,2,1,1,1,4,120000,1,1,1,0
1,1,3,1,1,10,1,1,1,1,7,1,1,1,2,144000,1,1,1,0
1,1,3,1,13,6,3,3,1,1,7,1,2,1,4,150000,1,1,1,0
1,1,2,10,4,6,2,4,1,1,6,2,1,1,4,180000,1,1,1,0
1,1,1,12,2,3,2,1,1,1,4,1,2,1,2,150000,1,1,1,0
1,1,1,1,5,6,2,4,1,1,7,2,1,1,1,100000,1,1,1,0
1,1,1,3,1,2,2,2,1,1,5,1,1,1,3,102000,1,1,1,0
1,1,2,3,2,4,3,4,1,1,7,5,2,1,4,42000,1,1,1,0
2,1,1,3,1,4,2,3,1,1,7,1,1,1,4,75000,1,1,1,0
2,1,2,1,2,1,3,3,1,1,1,1,1,1,4,120000,1,1,1,0
1,2,2,1,1,6,2,1,1,1,1,5,1,1,4,90000,1,1,1,0
1,1,2,1,4,2,3,4,1,1,7,1,2,1,3,140500,1,1,1,0
1,1,1,3,1,6,1,1,1,1,4,1,2,1,4,52500,1,1,1,0
2,1,2,1,13,4,3,3,1,1,1,1,1,1,1,68000,1,1,1,0
1,1,2,1,1,7,3,3,1,1,1,1,2,1,2,103000,1,1,1,0
1,1,2,1,1,6,3,1,1,1,7,1,2,1,2,100000,1,1,1,0
2,1,2,1,1,5,2,1,1,1,2,1,1,1,2,110000,1,1,1,0
1,1,2,1,1,5,3,4,1,1,7,1,1,1,4,70000,1,1,1,0
1,1,1,1,12,7,2,4,1,1,7,1,1,1,2,100000,1,1,1,0
2,1,2,6,1,2,3,2,1,1,1,1,2,1,3,110000,1,1,1,0
1,1,2,1,1,11,3,3,1,1,7,1,1,1,2,223000,1,1,1,0
1,1,3,7,1,5,2,4,1,1,1,1,1,1,2,55000,1,1,1,0
1,2,2,1,4,1,3,3,1,1,7,5,1,1,1,80000,1,1,1,0
1,1,2,1,1,5,2,1,1,1,1,1,1,1,1,100000,1,1,1,0
1,1,2,1,7,1,3,4,1,1,5,1,1,1,4,73000,1,1,1,0
1,1,6,1,1,4,2,1,1,1,7,1,1,1,4,57000,1,1,1,0
1,1,3,1,1,9,3,4,1,1,3,2,2,1,4,130000,1,1,1,0
1,1,3,1,18,2,2,3,1,3,6,5,1,1,2,80000,1,1,1,0
1,1,1,1,1,6,2,3,1,1,2,1,2,1,4,99400,1,1,1,0
1,1,2,1,1,1,2,1,1,1,7,1,2,1,4,100000,1,1,1,0
1,1,6,10,1,9,1,4,1,1,7,1,2,1,4,200000,1,1,1,0
1,1,2,1,17,4,1,1,1,1,7,1,1,1,1,55000,1,1,1,0
1,1,2,1,1,1,2,1,1,3,7,1,1,1,4,202000,1,1,1,0
1,1,2,7,3,1,2,4,1,1,1,1,2,1,2,1248000,1,1,1,0
1,1,3,7,1,6,3,4,1,1,2,1,2,1,1,165000,1,1,1,0
2,1,2,1,12,4,3,1,1,1,7,1,1,1,4,90000,1,1,1,0
2,1,2,1,1,6,3,2,1,1,7,1,1,1,2,95000,1,1,1,0
1,1,3,1,1,10,2,2,1,1,1,1,2,1,2,195000,1,1,1,0
1,1,4,1,1,3,2,1,1,2,4,1,2,1,2,65000,1,1,1,0
1,1,2,3,2,4,2,1,1,1,4,1,1,1,2,100000,1,1,1,0
1,1,3,1,1,3,2,1,1,1,4,4,2,1,2,67000,1,1,1,0
1,1,6,9,1,4,3,4,1,1,1,1,1,1,6,55000,1,1,1,0
1,1,6,1,1,9,3,4,1,1,7,1,2,1,3,135000,1,1,1,0
1,1,1,7,3,3,1,3,2,2,1,1,1,1,4,65000,1,1,1,0
1,1,4,5,1,4,2,1,1,1,5,1,2,1,4,50000,1,1,1,0
1,1,3,1,1,6,3,4,1,1,5,1,2,1,4,102000,1,1,1,0
2,1,2,6,1,2,3,4,1,1,7,2,1,1,3,91000,1,1,1,0
1,1,2,1,13,1,1,1,1,1,7,1,1,1,4,45000,1,1,1,0
1,1,4,1,12,5,2,3,1,1,2,1,2,1,4,93500,1,1,1,0
1,1,2,1,13,4,2,4,1,1,1,2,1,1,1,100000,1,1,1,0
1,1,3,1,6,5,2,3,1,1,7,5,1,1,1,65000,1,1,1,0
1,1,2,9,1,1,1,1,1,1,6,1,1,1,4,135000,1,1,1,0
1,1,2,10,4,4,2,1,1,1,6,2,1,1,4,85000,1,1,1,0
1,1,2,1,1,5,2,1,1,1,1,1,1,1,1,120000,1,1,1,0
2,1,3,1,12,5,3,1,1,1,8,1,1,1,4,76000,1,1,1,0
1,1,3,1,1,7,2,3,1,1,1,1,2,1,2,155000,1,1,1,0
1,1,5,9,12,6,3,4,1,1,7,2,1,1,4,280000,1,1,1,0
1,1,2,10,13,9,2,2,1,1,5,1,2,1,3,120000,1,1,1,0
1,1,2,1,1,3,2,4,1,1,1,1,2,1,4,212000,1,1,1,0
2,1,1,12,1,5,2,1,1,1,2,1,2,1,4,1800000,1,1,1,0
1,1,3,1,1,1,1,2,1,1,7,1,2,1,4,125000,1,1,1,0
1,1,2,1,11,3,2,3,1,1,7,4,2,1,4,93000,1,1,1,0
1,1,5,9,1,2,1,2,1,1,7,1,2,1,3,142000,1,1,1,0
1,1,2,1,14,10,2,3,1,1,7,1,1,1,2,143000,1,1,1,0
1,1,6,1,1,4,2,2,1,1,1,1,1,1,6,3250,1,1,1,0
2,1,2,1,1,7,3,3,1,1,4,1,1,1,4,110000,1,1,1,0
2,1,1,6,1,11,2,2,1,1,5,1,1,1,5,1560000,1,1,1,0
1,1,3,1,3,7,3,2,1,1,4,1,2,1,2,150000,1,1,1,0
1,1,3,1,1,7,2,4,2,1,5,1,2,1,4,96000,1,1,1,0
1,1,6,1,8,3,2,4,1,1,5,1,1,1,3,80000,1,1,1,1
2,1,2,7,3,4,2,1,2,1,8,1,1,1,4,68000,1,1,1,0
1,2,2,1,1,1,2,4,1,1,1,1,1,1,4,140000,1,1,1,0
1,1,2,1,1,7,3,3,1,1,1,1,2,1,4,140000,1,1,1,0
1,1,2,1,1,6,3,1,1,1,7,1,2,1,4,140000,1,1,1,0
1,3,2,1,2,4,2,4,1,1,2,1,1,1,4,58000,1,1,1,0
1,1,2,7,2,4,3,3,1,1,6,1,1,1,4,81000,1,1,1,0
1,2,2,1,2,7,1,1,2,1,7,1,1,1,4,144500,1,1,1,0
2,1,2,3,12,6,2,4,1,1,1,1,2,1,4,94000,1,1,1,0
1,1,2,6,1,5,3,3,1,1,7,1,1,1,4,100000,1,1,1,0
1,1,2,1,1,1,2,2,1,1,2,1,2,1,4,130000,1,1,1,0
1,1,2,1,1,5,1,4,1,1,7,1,1,1,4,59000,1,1,1,0
1,1,2,1,1,6,2,3,1,1,7,1,1,1,4,89000,1,1,1,0
2,1,2,1,2,5,2,2,1,1,1,1,2,1,4,78800,1,1,1,0
2,1,2,6,1,3,1,3,1,1,7,1,2,1,2,1260000,1,1,1,0
2,1,2,1,1,1,3,1,1,2,7,1,2,1,4,125000,1,1,1,0
1,1,1,5,1,1,3,1,1,1,7,1,2,1,4,108600,1,1,1,0
2,1,4,5,1,4,3,4,1,1,2,1,1,1,1,25000,1,1,1,0
2,1,2,1,1,6,2,2,1,1,1,1,1,1,4,190000,1,1,1,0
1,1,2,10,18,2,1,1,1,1,5,1,2,1,3,120000,1,1,1,0
1,1,2,1,1,7,2,1,1,1,5,1,2,1,2,131000,1,1,1,0
1,3,2,1,1,5,3,1,1,1,4,1,2,1,4,80000,1,1,1,0
2,1,2,1,13,4,2,1,2,2,1,1,1,1,4,65000,1,1,1,0
1,1,6,6,1,5,1,1,1,1,5,1,1,1,4,80000,1,1,1,0
1,1,2,9,1,8,3,3,1,1,8,1,1,1,4,54000,1,1,1,0
2,1,5,9,1,3,3,3,1,1,7,1,2,1,3,100000,1,1,1,0
1,1,3,6,6,5,3,1,1,1,6,2,1,1,4,120000,1,1,1,0
1,3,2,1,1,5,2,1,1,1,4,1,2,1,4,80000,1,1,1,0
1,1,2,1,1,5,2,2,1,1,6,1,1,1,4,65000,1,1,1,0
2,1,2,1,1,10,2,1,1,1,2,1,1,1,2,108500,1,1,1,0
1,1,2,10,1,4,2,2,1,1,2,1,1,1,1,56000,1,1,1,0
2,1,2,6,13,5,3,1,2,2,7,1,1,1,4,57000,1,1,1,0
1,1,5,4,4,2,3,3,1,1,5,1,1,1,4,95000,1,1,1,0
1,1,6,1,1,4,1,1,2,3,1,1,1,1,1,54000,1,1,1,0
1,1,3,9,1,6,3,2,1,1,1,5,2,1,2,160000,1,1,1,0
1,1,2,3,1,5,2,3,1,1,5,1,1,1,4,60000,1,1,1,0
1,3,2,10,1,5,3,2,1,1,7,1,2,1,4,150000,1,1,1,0
1,1,2,1,2,1,1,4,2,2,1,1,1,1,4,76000,1,1,1,0
1,1,3,1,1,6,2,3,1,1,1,1,1,1,4,95000,1,1,1,0
2,1,2,1,11,3,2,2,2,1,1,1,2,1,7,110000,1,1,1,0
2,1,3,6,14,7,2,3,2,1,1,2,2,1,2,200000,1,1,1,0
1,1,1,3,11,8,2,4,1,1,2,3,1,1,4,85000,1,1,1,0
2,1,2,1,12,5,3,4,1,1,1,1,1,1,4,140000,1,1,1,0
1,1,6,1,2,5,2,4,1,1,1,1,1,1,1,42500,1,1,1,0
1,1,1,1,8,6,2,1,1,1,7,1,1,1,4,75000,1,1,1,1
1,1,3,1,2,7,2,1,1,1,1,1,2,1,2,110000,1,1,1,0
1,1,6,1,1,5,2,1,1,1,1,1,1,1,1,60000,1,1,1,0
1,1,2,1,1,7,1,3,1,3,1,1,1,1,4,133023,1,1,1,0
2,1,2,1,1,5,2,1,1,1,7,1,1,1,1,80000,1,1,1,0
1,1,1,1,3,2,2,4,1,1,7,1,1,1,3,150000,1,1,1,0
1,3,3,1,13,5,2,3,1,1,7,1,1,1,2,105000,1,1,1,0
1,1,3,1,14,3,2,4,1,1,7,1,2,1,2,165000,1,1,1,0
1,1,2,1,12,4,2,3,1,1,7,1,1,1,1,66000,1,1,1,0
1,1,2,1,2,6,2,4,1,1,4,2,1,1,4,80000,1,1,1,0
1,1,3,1,1,9,3,1,1,1,1,3,1,1,2,100000,1,1,1,0
2,1,2,9,3,4,3,2,2,3,9,4,1,1,1,80000,1,1,1,0
2,1,2,3,2,4,3,1,1,1,1,1,2,1,4,55000,1,1,1,0
1,1,3,4,2,2,2,3,1,1,1,7,1,1,3,95000,1,1,1,0
2,1,6,1,1,1,2,1,1,1,4,1,1,1,1,110000,1,1,1,0
2,1,2,1,1,1,3,2,1,1,1,1,1,1,4,2000000,1,1,1,0
1,1,2,1,5,4,2,4,1,1,8,2,1,1,1,83000,1,1,1,0
1,1,2,6,5,4,2,4,1,1,2,1,1,1,4,60000,1,1,1,0
1,1,5,1,1,10,2,1,1,1,9,1,2,1,2,170000,1,1,1,0
1,1,2,1,5,5,3,1,1,1,8,1,1,1,4,80000,1,1,1,0
1,1,3,2,1,6,1,2,1,1,1,1,1,1,2,101500,1,1,1,0
1,1,3,1,1,1,3,4,1,1,4,1,2,1,2,101000,1,1,1,0
1,1,2,1,1,4,3,3,1,3,5,7,1,1,3,35000,1,1,1,0
1,1,2,1,2,1,2,4,1,1,7,1,1,1,2,65000,1,1,1,0
1,1,3,1,1,1,2,1,1,1,6,5,1,1,4,92000,1,1,1,0
1,2,1,7,1,8,2,3,1,1,7,1,2,1,4,65000,1,1,1,0
1,1,2,1,1,5,3,4,1,1,7,1,1,1,1,75000,1,1,1,0
1,1,2,1,1,5,2,1,1,1,7,1,1,1,1,70000,1,1,1,0
1,1,2,1,4,1,2,4,1,1,1,4,1,1,1,40000,1,1,1,0
1,1,1,12,2,4,2,4,1,1,5,1,1,1,4,105000,1,1,1,0
1,1,2,2,12,8,2,4,1,1,1,1,1,1,4,45000,1,1,1,0
1,1,3,6,6,5,3,4,1,1,1,1,2,1,4,132000,1,1,1,0
1,1,6,1,1,6,3,2,1,1,7,7,1,1,4,140000,1,1,1,0
1,1,2,1,1,6,2,4,1,1,1,1,1,1,4,75000,1,1,1,0
1,1,3,1,1,7,2,1,1,3,6,1,1,1,2,93712,1,1,1,0
2,1,2,1,1,6,1,4,1,1,7,1,1,1,4,95500,1,1,1,0
1,1,3,4,1,5,2,4,1,1,7,1,1,1,4,101000,1,1,1,0
2,3,2,10,11,4,1,2,2,2,1,1,1,1,1,85000,1,1,1,0
2,1,3,1,1,6,3,3,1,1,2,1,2,1,2,100000,1,1,1,0
1,1,2,10,1,7,3,1,1,1,7,2,2,1,4,115000,1,1,1,0
1,1,1,1,2,5,2,2,1,1,7,1,1,1,4,130000,1,1,1,0
1,1,3,6,1,2,2,1,1,1,1,1,2,1,3,135000,1,1,1,0
1,1,2,1,1,1,2,4,1,1,1,1,1,1,4,88000,1,1,1,0
1,1,2,1,1,3,3,3,1,1,1,1,2,1,2,160000,1,1,1,0
1,1,2,1,1,1,2,3,1,1,6,1,2,1,4,85000,1,1,1,0
1,1,2,1,1,1,2,1,1,1,8,1,1,1,1,111000,1,1,1,0
1,1,2,5,1,7,3,3,1,1,2,1,2,1,4,115000,1,1,1,0
1,3,1,1,18,7,1,4,1,1,5,5,2,1,4,50000,1,1,1,0
1,1,2,4,7,8,2,2,2,1,8,1,1,1,4,75000,1,1,1,0
1,1,4,5,1,4,1,1,1,1,2,1,1,1,4,45000,1,1,1,0
1,2,1,1,18,4,2,1,1,1,5,1,1,1,1,21000,1,1,1,0
1,1,2,8,1,10,2,4,1,1,7,1,1,1,3,90000,1,1,1,0
1,1,1,1,1,5,1,4,1,1,8,1,1,1,1,66000,1,1,1,0
1,3,4,1,1,1,3,4,1,1,2,1,1,1,4,74000,1,1,1,0
1,1,2,1,18,7,1,4,1,1,7,1,2,1,4,100000,1,1,1,0
1,1,2,1,1,7,3,1,1,1,2,1,1,1,4,160000,1,1,1,0
1,1,2,1,2,4,3,3,1,1,2,1,1,1,1,74000,1,1,1,0
1,1,2,1,1,1,2,1,2,1,1,1,1,1,4,70000,1,1,1,0
1,1,2,7,6,3,3,3,2,2,6,1,1,1,2,1200000,1,1,1,0
1,1,2,5,1,5,2,2,1,1,7,1,2,1,4,64000,1,1,1,0
1,2,7,10,3,4,2,4,1,2,5,5,2,1,5,2000000,1,1,1,0
1,1,1,1,6,9,3,1,1,1,7,1,2,1,2,112500,1,1,1,0
1,2,2,3,7,5,3,2,1,1,1,1,1,1,4,132000,1,1,1,0
1,1,3,2,1,4,1,3,1,1,5,1,2,1,1,55000,1,1,1,0
1,1,2,1,13,6,1,4,1,1,1,1,2,1,4,150000,1,1,1,0
1,1,1,9,1,4,3,1,1,1,6,1,1,1,4,150000,1,1,1,0
1,1,1,1,1,4,2,1,1,1,7,1,1,1,1,119000,1,1,1,0
2,1,2,1,1,6,3,1,1,2,1,1,1,1,4,90000,1,1,1,0
1,1,2,1,1,4,3,2,1,1,1,1,1,1,4,60000,1,1,1,0
1,1,2,1,1,7,2,3,1,1,2,1,1,1,2,130000,1,1,1,0
1,1,4,1,13,7,1,1,1,1,7,1,1,1,4,63592,1,1,1,0
1,1,3,9,1,3,2,4,1,1,1,1,2,1,4,154000,1,1,1,0
1,1,2,1,1,4,2,4,1,1,1,1,1,1,1,60000,1,1,1,0
1,1,2,1,1,5,3,3,1,1,8,1,1,1,4,97000,1,1,1,0
1,1,6,3,10,7,2,2,1,1,5,1,2,1,2,185000,1,1,1,0
2,1,2,10,1,11,2,4,1,2,6,1,2,1,3,120000,1,1,1,0
1,1,1,12,3,3,3,4,1,1,5,1,1,1,3,76000,1,1,1,0
1,2,6,1,1,4,3,2,1,1,5,1,1,1,1,9000,1,1,1,0
2,1,2,1,2,5,2,1,1,1,1,1,1,1,4,115000,1,1,1,0
1,1,2,6,1,5,3,4,1,1,2,1,1,1,4,100000,1,1,1,0
1,1,4,1,2,3,2,4,1,1,7,1,2,1,2,92000,1,1,1,0
1,2,2,2,6,8,1,4,2,1,7,1,1,1,1,38000,1,1,1,0
1,1,5,8,1,2,2,1,1,1,5,4,2,1,3,210000,1,1,1,0
1,1,1,1,11,4,2,4,1,1,7,1,1,1,1,75000,1,1,1,0
2,1,3,1,3,3,2,1,2,1,2,3,2,1,2,67942,1,1,1,0
1,1,2,7,2,4,3,2,2,1,7,1,1,1,4,74000,1,1,1,0
1,1,2,6,1,4,2,1,1,1,7,1,2,1,4,70000,1,1,1,0
1,1,3,1,1,3,2,3,1,1,5,1,2,1,2,185000,1,1,1,0
1,1,2,1,1,1,2,2,1,1,8,1,1,1,4,128000,1,1,1,0
1,2,2,1,1,4,4,3,1,1,1,1,1,1,1,10000,1,1,1,0
1,1,3,1,11,5,3,3,2,3,1,1,2,1,2,80000,1,1,1,0
1,1,2,1,11,4,3,4,1,1,2,1,2,1,4,129000,1,1,1,0
2,1,2,1,1,3,3,3,1,1,7,1,1,1,2,130000,1,1,1,0
2,1,1,1,1,11,2,3,1,1,1,1,1,1,2,75000,1,1,1,0
2,1,2,1,1,4,3,4,1,1,7,1,1,1,1,100000,1,1,1,0
2,1,2,4,5,4,2,3,2,1,6,4,1,1,4,42000,1,1,1,0
1,3,2,1,18,1,1,3,1,1,5,4,1,1,1,80000,1,1,1,0
1,1,2,1,3,6,2,4,1,1,1,1,1,1,4,186000,1,1,1,0
2,1,1,6,1,6,1,4,2,2,5,1,1,1,4,118000,1,1,1,0
1,1,2,4,1,4,3,3,1,1,7,1,1,1,4,125000,1,1,1,0
1,1,2,1,1,1,2,2,1,1,1,3,1,1,4,1440000,1,1,1,0
1,3,2,1,1,9,2,4,1,1,8,1,2,1,2,113000,1,1,1,0
1,1,2,10,2,9,2,3,1,1,7,1,1,1,2,96400,1,1,1,0
1,1,2,1,1,3,3,3,1,1,4,1,2,1,3,130000,1,1,1,0
1,1,2,1,1,1,2,2,1,1,7,1,2,1,4,102000,1,1,1,0
1,1,4,1,9,4,3,3,1,1,7,1,1,1,4,70000,1,1,1,0
2,1,2,1,1,8,2,1,1,1,7,4,1,1,1,36000,1,1,1,0
2,1,6,1,1,8,2,4,1,1,7,1,1,1,1,42000,1,1,1,0
1,1,3,1,1,7,1,4,1,1,1,1,1,1,4,140000,1,1,1,0
2,1,3,1,14,9,3,1,1,1,8,1,2,1,2,120000,1,1,1,0
2,1,3,1,2,2,3,2,1,1,2,1,1,1,4,200000,1,1,1,0
1,1,3,1,4,8,2,3,1,1,5,1,2,1,2,70000,1,1,1,0
1,1,2,1,1,9,3,4,1,1,2,1,2,1,2,100000,1,1,1,0
1,1,2,8,1,4,2,3,1,1,1,1,1,1,4,100000,1,1,1,0
2,1,2,1,1,1,2,4,1,1,7,1,2,1,2,72500,1,1,1,0
1,1,1,1,3,5,2,4,1,1,7,1,1,1,4,100000,1,1,1,0
1,1,5,9,4,1,3,4,1,1,8,1,2,1,4,110000,1,1,1,0
1,1,1,1,1,8,3,1,1,3,1,1,2,1,2,95000,1,1,1,0
1,1,2,2,1,6,1,1,1,1,2,1,1,1,4,75000,1,1,1,0
1,1,8,9,1,1,1,1,1,1,6,1,1,1,4,27000,1,1,1,0
1,1,1,9,8,4,3,4,1,1,5,1,1,1,4,2000000,1,1,1,1
1,1,1,1,6,7,3,2,1,4,1,1,1,1,2,1308000,1,1,1,0
2,1,3,1,1,5,2,3,1,1,1,1,1,1,4,300000,1,1,1,0
1,1,3,6,10,2,1,1,1,1,5,1,1,1,5,29999,1,1,1,0
1,2,2,6,1,5,3,1,1,1,1,1,1,1,4,118000,1,1,1,0
2,3,2,1,11,7,1,1,2,1,1,1,1,1,4,106668,1,1,1,0
1,3,2,4,1,4,2,3,1,1,7,1,2,1,2,110000,1,1,1,0
1,1,3,6,1,2,2,3,1,1,7,1,1,1,5,1080000,1,1,1,0
1,1,2,1,14,2,2,3,1,1,6,1,2,1,3,155000,1,1,1,0
1,1,2,1,11,9,2,1,1,1,1,1,2,1,2,130000,1,1,1,0
1,1,2,3,1,8,2,4,1,1,2,2,1,1,4,57200,1,1,1,0
2,1,2,1,1,1,1,1,2,2,1,1,1,1,4,91000,1,1,1,0
1,1,1,1,1,1,3,1,1,1,1,3,1,1,4,105000,1,1,1,0
1,1,3,4,4,4,2,3,2,1,7,1,1,1,4,230000,1,1,1,0
1,1,3,1,1,5,1,4,1,1,7,1,1,1,2,105000,1,1,1,0
2,2,2,10,11,4,2,4,1,1,5,1,2,1,4,85000,1,1,1,0
1,1,2,1,1,5,3,2,2,1,1,2,1,1,1,130000,1,1,1,0
1,1,2,4,1,8,3,3,2,1,7,1,1,1,4,100000,1,1,1,0
1,1,2,1,1,3,2,2,2,2,8,4,1,1,4,90000,1,1,1,0
1,1,6,1,1,5,3,1,1,3,7,1,1,1,1,100000,1,1,1,0
1,1,2,4,1,4,2,3,1,1,6,1,1,1,4,61500,1,1,1,0
1,1,2,1,13,4,3,4,1,1,7,1,1,1,1,71510,1,1,1,0
1,1,2,1,2,4,3,3,1,1,2,1,1,1,1,85000,1,1,1,0
1,1,3,1,1,3,3,4,1,1,5,1,1,1,4,180000,1,1,1,0
1,1,2,6,1,6,2,1,1,1,5,7,1,1,4,55000,1,1,1,0
1,1,3,6,6,6,3,1,1,1,1,1,1,1,4,85000,1,1,1,0
2,1,2,1,1,10,1,1,1,1,7,7,2,1,3,120000,1,1,1,0
1,1,2,6,12,1,2,1,1,1,1,1,1,1,4,169000,1,1,1,0
1,1,2,3,6,4,2,3,1,1,4,1,1,1,1,50000,1,1,1,0
1,1,1,7,1,3,2,2,1,1,1,1,1,1,4,250000,1,1,1,0
2,1,2,1,6,5,3,1,1,1,4,1,1,1,1,81000,1,1,1,0
2,1,2,1,1,5,3,2,1,1,7,1,1,1,4,73000,1,1,1,0
1,1,2,1,1,5,3,3,1,1,1,1,1,1,4,73830,1,1,1,0
1,1,2,1,1,7,2,1,1,1,7,1,1,1,4,110000,1,1,1,0
1,1,2,1,1,4,2,1,1,2,5,6,1,1,2,90000,1,1,1,0
1,1,1,12,1,10,1,1,1,1,5,1,2,1,2,125000,1,1,1,0
2,1,2,1,1,11,2,2,1,1,7,1,1,1,3,99000,1,1,1,0
1,1,2,6,1,6,3,2,1,1,2,2,2,1,4,66000,1,1,1,0
1,1,2,1,1,6,2,3,1,1,7,1,2,1,4,64000,1,1,1,0
1,1,2,1,7,5,2,3,1,2,7,5,1,1,4,840000,1,1,1,0
1,1,2,7,4,6,2,3,1,1,7,3,1,1,4,35000,1,1,1,0
1,2,1,1,6,8,3,3,1,1,5,4,1,1,4,104000,1,1,1,0
1,1,2,1,1,7,1,1,2,1,7,1,1,1,2,102000,1,1,1,0
2,1,5,1,1,10,2,1,1,2,8,2,2,1,2,155000,1,1,1,0
2,3,3,4,11,5,3,4,1,1,1,1,1,1,4,69000,1,1,1,0
1,1,2,1,1,9,2,3,1,1,7,1,2,1,2,148000,1,1,1,0
1,1,2,1,1,4,1,1,1,1,1,1,1,1,1,40000,1,1,1,0
2,1,2,1,2,4,2,1,1,1,4,1,1,1,1,60000,1,1,1,0
1,3,2,1,2,4,2,3,1,1,8,1,1,1,4,80000,1,1,1,0
1,1,2,1,13,1,2,4,1,1,7,1,1,1,1,4000,1,1,1,0
1,1,2,7,5,4,2,3,1,1,1,1,1,1,4,115000,1,1,1,0
1,1,3,9,1,1,2,3,1,1,7,1,1,1,4,2000000,1,1,1,0
1,1,2,1,2,4,3,3,1,1,7,1,1,1,4,82000,1,1,1,0
1,1,3,1,3,7,2,3,1,1,8,1,2,1,2,100000,1,1,1,0
2,1,3,1,1,5,1,1,1,1,1,5,1,1,4,130000,1,1,1,0
1,1,6,3,1,3,2,4,1,1,5,1,2,1,2,110000,1,1,1,0
1,1,1,7,1,5,2,4,2,2,1,1,2,1,3,66000,1,1,1,0
1,3,2,1,1,1,3,4,1,1,1,1,1,1,4,70100,1,1,1,0
1,1,2,1,1,1,2,1,1,1,7,3,1,1,4,100203,1,1,1,0
2,1,5,9,11,11,3,4,1,1,2,1,1,1,4,125000,1,1,1,0
1,2,1,1,1,5,2,4,1,1,9,4,1,1,4,140000,1,1,1,0
1,1,2,6,1,2,1,1,1,1,5,1,1,1,3,100000,1,1,1,0
1,1,2,1,1,6,1,2,1,1,7,1,1,1,1,80000,1,1,1,0
1,1,3,3,8,1,1,1,1,1,9,1,1,1,4,66666,1,1,1,1
2,1,5,4,11,5,2,2,2,2,1,1,1,1,4,75000,1,1,1,0
1,1,2,1,1,3,2,2,1,1,7,1,1,1,4,120000,1,1,1,0
2,1,2,9,8,11,2,4,1,1,5,1,1,1,3,123000,1,1,1,1
1,1,5,9,4,6,3,4,1,1,5,2,2,1,2,110000,1,1,1,0
1,1,1,1,1,7,3,2,1,1,2,1,2,1,2,145000,1,1,1,0
1,1,2,1,1,5,2,2,1,1,2,1,2,1,4,62400,1,1,1,0
1,1,2,3,11,4,1,4,1,1,7,1,1,1,1,64000,1,1,1,0
1,1,2,1,1,6,1,3,1,1,8,2,1,1,1,73000,1,1,1,0
1,1,4,1,2,4,2,1,1,1,7,1,1,1,4,39840,1,1,1,0
1,1,2,7,2,10,2,2,1,1,7,1,2,1,3,97826,1,1,1,0
1,2,1,1,2,4,2,3,1,1,5,4,2,1,4,55000,1,1,1,0
2,1,2,1,1,6,3,3,1,1,1,1,2,1,1,135000,1,1,1,0
1,1,2,1,1,5,3,1,1,1,2,1,1,1,4,102000,1,1,1,0
1,1,2,5,1,4,2,1,2,1,3,1,1,1,4,68000,1,1,1,0
1,1,2,1,1,10,2,3,1,1,1,1,1,1,2,100200,1,1,1,0
1,1,1,1,12,3,2,2,1,1,7,1,2,1,4,93000,1,1,1,0
1,1,2,3,12,2,2,1,1,1,8,1,2,1,3,175000,1,1,1,0
2,1,1,1,2,9,1,4,1,1,5,1,2,1,2,76000,1,1,1,0
1,1,2,5,13,4,3,4,2,2,5,1,1,1,1,10000,1,1,1,0
1,1,3,1,11,1,3,4,1,1,1,5,1,1,4,97000,1,1,1,0
1,1,8,9,1,7,2,1,1,2,1,1,1,1,4,192000,1,1,1,0
1,1,2,1,5,9,2,2,1,1,7,1,2,1,2,168920,1,1,1,0
2,1,1,1,14,7,2,1,1,1,5,5,1,1,2,160000,1,1,1,0
1,1,3,1,4,3,2,3,1,1,2,1,2,1,2,358956,1,1,1,0
1,2,6,1,16,4,3,1,1,3,2,4,1,1,1,17000,1,1,1,0
1,1,2,1,1,2,2,3,1,1,2,1,1,1,5,160000,1,1,1,0
2,1,2,1,2,1,2,1,1,1,7,2,1,1,4,124000,1,1,1,0
2,1,2,6,1,8,1,1,2,1,4,2,1,1,4,87000,1,1,1,0
1,1,2,1,1,5,1,1,1,1,4,4,1,1,4,75000,1,1,1,0
1,1,2,1,2,4,2,4,1,2,6,1,1,1,1,70000,1,1,1,0
1,1,2,1,1,1,1,3,1,1,5,1,2,1,4,8250,1,1,1,0
2,1,2,1,1,3,3,4,1,1,1,1,2,1,2,155000,1,1,1,0
1,1,3,1,1,11,3,1,1,1,8,1,2,1,2,125000,1,1,1,0
1,1,4,3,1,1,2,4,1,1,1,1,2,1,4,155000,1,1,1,0
1,1,2,1,1,6,2,1,1,1,5,1,2,1,4,110000,1,1,1,0
1,1,2,8,1,3,3,3,1,1,5,1,1,1,3,91400,1,1,1,0
1,1,2,2,1,5,3,1,1,1,7,1,2,1,2,82000,1,1,1,0
2,1,2,3,8,9,2,1,1,1,1,1,1,1,2,130000,1,1,1,1
1,1,2,1,1,1,2,1,1,1,2,1,1,1,4,80000,1,1,1,0
1,1,2,1,2,4,1,3,1,1,6,6,1,1,4,68000,1,1,1,0
1,1,2,1,8,4,2,4,1,1,7,1,1,1,1,41000,1,1,1,1
2,1,3,6,1,7,2,1,1,1,9,5,2,1,2,140000,1,1,1,0
1,1,2,1,1,1,3,1,1,1,7,4,1,1,4,60000,1,1,1,0
1,1,3,1,1,5,2,4,1,1,7,5,1,1,4,118000,1,1,1,0
1,1,2,1,2,1,3,3,1,1,7,4,1,1,4,115000,1,1,1,0
1,1,2,1,1,6,1,4,1,1,7,1,1,1,4,72000,1,1,1,0
1,1,1,1,1,3,2,4,1,1,5,1,2,1,4,112000,1,1,1,0
1,1,3,1,1,6,3,2,1,1,7,1,1,1,4,120000,1,1,1,0
1,1,2,1,12,4,2,4,1,1,7,1,1,1,4,80000,1,1,1,0
1,1,2,8,1,9,3,3,1,1,5,1,1,1,3,125000,1,1,1,0
1,1,2,1,1,9,2,4,1,1,4,2,2,1,2,170000,1,1,1,0
1,1,2,1,2,8,1,4,1,1,4,1,1,1,4,81500,1,1,1,0
1,1,2,1,1,4,2,2,1,1,4,1,1,1,4,54000,1,1,1,0
1,1,3,1,5,6,1,1,1,1,9,4,2,1,2,205000,1,1,1,0
1,2,1,8,13,5,3,1,1,1,6,1,1,1,1,8800,1,1,1,0
1,3,2,10,2,4,2,3,2,1,6,2,1,1,4,81500,1,1,1,0
1,1,2,4,1,11,2,3,1,1,5,1,1,1,4,75000,1,1,1,0
2,1,2,1,1,4,2,1,1,1,6,4,1,1,1,42000,1,1,1,0
2,1,6,1,10,4,3,2,1,1,5,1,2,1,4,150000,1,1,1,0
1,1,2,1,2,6,2,4,1,1,2,1,2,1,4,87000,1,1,1,0
1,1,3,6,14,9,2,3,1,1,1,3,2,1,2,135000,1,1,1,0
2,1,2,1,1,4,2,1,2,1,6,1,1,1,4,72500,1,1,1,0
2,1,1,5,1,6,3,1,1,1,3,3,1,1,4,42500,1,1,1,0
1,1,2,6,1,2,2,4,1,1,6,1,1,1,4,150000,1,1,1,0
1,1,2,1,1,6,2,1,1,1,6,1,1,1,4,105000,1,1,1,0
2,1,2,1,1,5,3,2,1,1,1,5,1,1,1,80000,1,1,1,0
2,1,3,1,1,2,2,3,1,3,4,1,1,1,5,97000,1,1,1,0
2,1,2,3,1,5,1,1,1,1,1,1,1,1,4,2000000,1,1,1,0
2,1,2,1,2,1,3,1,1,1,5,1,2,1,4,90000,1,1,1,0
1,3,2,4,1,4,2,2,1,1,1,1,1,1,4,77000,1,1,1,0
1,1,3,3,7,4,2,2,1,1,2,6,1,1,1,70000,1,1,1,0
1,1,1,12,1,9,3,2,1,1,2,1,1,1,2,115000,1,1,1,0
1,1,2,1,1,7,3,3,1,1,7,1,2,1,4,200000,1,1,1,0
2,1,4,1,3,5,1,1,1,1,7,1,1,1,4,39000,1,1,1,0
1,1,2,1,1,1,2,1,1,1,7,6,1,1,4,78000,1,1,1,0
1,1,2,6,1,5,3,4,1,1,8,1,1,1,4,61000,1,1,1,0
2,1,2,1,1,2,2,3,2,1,8,2,1,1,5,135000,1,1,1,0
2,1,2,1,1,5,1,1,1,1,7,3,1,1,4,55000,1,1,1,0
1,1,2,1,1,1,3,4,1,1,6,1,1,1,1,72000,1,1,1,0
2,1,3,1,1,5,2,3,1,1,1,5,2,1,4,100000,1,1,1,0
1,1,1,6,1,4,3,4,1,1,1,1,1,1,1,68000,1,1,1,0
1,3,3,1,1,5,1,4,1,1,7,1,1,1,4,69000,1,1,1,0
1,1,5,10,1,4,2,1,1,1,1,1,1,1,2,95000,1,1,1,0
1,1,2,6,6,4,3,3,1,1,1,1,1,1,1,72000,1,1,1,0
1,1,6,10,1,2,1,3,1,1,4,1,2,1,2,80000,1,1,1,0
2,1,1,8,1,8,3,1,1,1,7,1,1,1,2,60000,1,1,1,0
1,1,1,2,1,5,2,4,2,1,1,1,1,1,2,45000,1,1,1,0
1,1,2,1,2,5,3,4,1,1,9,2,1,1,3,58000,1,1,1,0
2,1,3,3,1,7,2,3,1,1,5,1,2,1,2,92000,1,1,1,0
2,1,2,1,1,3,2,1,1,1,8,1,2,1,2,190000,1,1,1,0
1,1,2,1,2,3,3,1,1,1,7,1,2,1,2,100000,1,1,1,0
1,1,2,6,18,4,2,1,1,1,7,1,1,1,4,75000,1,1,1,0
1,1,2,1,13,3,3,2,1,1,6,1,2,1,3,146000,1,1,1,0
1,1,3,10,1,4,3,4,1,1,7,2,2,1,4,115000,1,1,1,0
1,1,1,8,1,5,3,3,1,1,2,4,2,1,4,110000,1,1,1,0
1,2,4,1,1,4,1,4,1,1,7,1,1,1,1,20000,1,1,1,0
1,2,4,3,6,5,2,4,1,1,1,4,1,1,1,75000,1,1,1,0
1,1,2,4,1,8,2,1,1,1,7,1,1,1,4,65000,1,1,1,0
2,1,3,1,1,6,2,2,1,1,1,5,1,1,2,133000,1,1,1,0
2,1,3,9,4,1,3,3,2,1,7,1,2,1,4,72000,1,1,1,0
1,1,2,1,1,6,2,2,1,1,7,4,2,1,2,160000,1,1,1,0
1,1,2,9,2,4,2,2,1,1,7,1,1,1,4,67500,1,1,1,0
1,1,2,1,3,10,1,4,1,1,6,1,2,1,2,260000,1,1,1,0
1,1,2,7,1,5,2,4,1,1,4,1,2,1,4,95000,1,1,1,0
2,1,2,1,15,6,3,2,2,1,8,2,1,1,4,141000,1,1,1,0
1,1,1,1,1,7,2,4,1,1,5,1,1,1,4,78000,1,1,1,0
1,1,3,10,1,6,2,3,1,1,1,5,2,1,4,92000,1,1,1,0
1,1,2,1,1,1,2,3,1,1,5,1,1,1,1,24000,1,1,1,0
1,1,1,1,1,5,2,4,1,1,9,5,1,1,4,140000,1,1,1,0
1,1,3,7,3,8,2,3,2,1,7,1,1,1,4,50000,1,1,1,0
1,1,2,1,1,11,1,1,1,1,1,1,2,1,2,110000,1,1,1,0
1,3,2,9,1,6,1,3,2,1,8,5,1,1,4,93000,1,1,1,0
1,1,2,6,1,6,2,1,1,4,3,5,2,1,4,135000,1,1,1,0
1,2,4,1,1,1,2,1,1,1,1,1,1,1,1,34868,1,1,1,0
1,2,1,1,3,4,2,4,1,1,1,1,1,1,1,55000,1,1,1,0
1,1,2,1,18,2,2,2,1,1,1,1,1,1,5,200000,1,1,1,0
2,1,3,8,1,3,2,2,1,1,7,1,2,1,2,120000,1,1,1,0
1,1,3,1,1,6,3,4,1,1,4,1,1,1,4,88000,1,1,1,0
1,1,2,8,3,8,3,1,2,3,4,1,1,1,4,50000,1,1,1,0
1,1,2,1,1,1,1,4,1,1,5,1,1,1,4,85000,1,1,1,0
1,1,2,1,1,3,3,4,1,1,4,5,1,1,4,70000,1,1,1,0
1,2,2,8,8,3,3,4,1,1,1,3,2,1,2,65000,1,1,1,1
2,1,2,9,5,4,3,3,1,1,7,1,2,1,4,70000,1,1,1,0
1,1,1,1,1,1,2,2,1,3,7,1,1,1,4,72600,1,1,1,0
1,1,3,1,1,10,2,3,1,1,2,1,2,1,2,130000,1,1,1,0
1,1,1,6,4,5,2,1,1,3,1,1,1,1,1,85000,1,1,1,0
1,1,2,1,1,6,2,3,1,1,7,1,2,1,4,105000,1,1,1,0
1,1,3,7,2,1,2,4,1,1,4,1,1,1,2,117000,1,1,1,0
1,1,3,6,1,1,1,1,1,1,1,1,1,1,4,92000,1,1,1,0
1,1,1,6,13,11,2,1,1,1,2,4,2,1,3,90000,1,1,1,0
1,1,5,9,4,1,3,2,1,1,8,1,1,1,4,66000,1,1,1,0
2,1,2,1,1,7,3,2,1,1,7,1,2,1,4,64000,1,1,1,0
1,1,2,6,1,10,2,1,1,1,1,6,2,1,2,128000,1,1,1,0
2,1,2,1,1,7,2,3,1,1,7,1,2,1,4,145000,1,1,1,0
2,1,2,1,2,4,3,1,1,1,5,2,2,1,4,500000,1,1,1,0
1,1,2,1,1,4,2,1,1,1,7,1,1,1,1,45000,1,1,1,0
1,1,1,9,6,7,1,1,1,1,2,1,1,1,4,89000,1,1,1,0
1,1,2,3,1,1,2,1,1,1,2,1,2,1,4,120000,1,1,1,0
1,1,2,6,1,5,1,4,1,1,7,2,1,1,1,67000,1,1,1,0
2,3,6,2,1,5,3,4,1,1,7,1,1,1,1,76000,1,1,1,0
1,1,2,1,5,11,1,3,1,1,2,1,2,1,3,156000,1,1,1,0
1,1,1,10,11,1,2,1,1,2,5,1,1,1,4,56000,1,1,1,0
2,1,2,4,9,3,2,1,1,1,5,1,1,1,3,160000,1,1,1,0
1,1,3,1,1,1,2,2,1,1,1,1,2,1,4,110000,1,1,1,0
1,1,2,7,1,4,2,4,1,1,1,1,1,1,4,50000,1,1,1,0
1,1,2,1,2,7,3,4,1,1,5,1,2,1,3,89000,1,1,1,0
2,1,2,1,12,10,1,1,1,1,1,1,1,1,2,137000,1,1,1,0
2,1,3,1,2,2,3,3,1,1,1,1,2,1,3,120000,1,1,1,0
2,1,3,1,1,1,2,3,1,1,1,5,2,1,4,165000,1,1,1,0
1,1,2,1,7,6,1,4,1,1,7,1,1,1,1,64500,1,1,1,0
1,1,2,7,1,5,2,1,1,1,8,1,1,1,2,80000,1,1,1,0
1,1,2,3,1,4,2,1,1,1,1,1,2,1,1,77500,1,1,1,0
1,1,2,1,1,11,3,3,1,1,7,1,2,1,3,200000,1,1,1,0
1,1,4,5,3,7,2,4,1,1,4,4,1,1,2,90000,1,1,1,0
1,1,3,1,4,1,2,1,1,1,7,1,1,1,4,83000,1,1,1,0
1,1,2,3,1,6,2,3,1,1,6,1,1,1,4,60000,1,1,1,0
1,1,2,1,15,6,2,3,1,1,1,1,1,1,4,75000,1,1,1,0
1,1,2,1,1,2,1,3,1,1,6,1,2,1,3,135000,1,1,1,0
1,1,1,1,3,5,2,4,1,1,2,1,2,1,4,70000,1,1,1,0
1,1,4,1,1,5,2,3,1,1,7,1,1,1,4,68000,1,1,1,0
1,1,2,10,1,5,3,2,1,1,2,1,1,1,4,52000,1,1,1,0
1,1,2,1,1,5,2,1,1,1,6,1,1,1,4,95000,1,1,1,0
2,1,2,1,2,5,3,4,1,3,8,1,1,1,1,140000,1,1,1,0
1,1,2,7,1,1,2,4,1,1,4,1,1,1,4,45000,1,1,1,0
1,1,2,1,1,5,2,1,1,1,1,1,1,1,4,66400,1,1,1,0
1,1,1,1,1,5,2,2,1,1,1,1,1,1,2,105000,1,1,1,0
1,1,2,1,2,5,3,3,1,1,7,1,1,1,1,60000,1,1,1,0
1,1,2,1,1,7,3,1,1,1,4,1,2,1,2,160000,1,1,1,0
1,3,2,1,1,4,2,1,1,1,7,6,1,1,4,86000,1,1,1,0
1,1,3,1,1,10,2,2,1,1,5,1,1,1,2,120000,1,1,1,0
1,2,1,1,1,5,2,4,1,1,7,1,2,1,4,870000,1,1,1,0
1,1,2,1,1,10,2,1,1,1,1,3,2,1,2,130000,1,1,1,0
1,1,2,1,1,6,2,4,1,1,1,1,1,1,4,135000,1,1,1,0
2,1,2,1,1,6,3,1,1,1,7,1,1,1,4,65000,1,1,1,0
2,1,3,1,1,1,2,2,1,1,8,1,1,1,4,165000,1,1,1,0
1,1,2,1,2,5,1,3,1,1,7,1,1,1,1,72000,1,1,1,0
1,1,1,1,1,5,2,2,1,1,7,2,1,1,4,90000,1,1,1,0
1,1,3,7,3,1,3,4,1,1,2,1,2,1,2,92000,1,1,1,0
2,1,2,1,1,1,2,1,1,1,2,1,1,1,1,85000,1,1,1,0
1,2,3,1,4,7,1,1,1,1,1,1,1,1,4,20000,1,1,1,0
1,1,2,6,6,4,2,4,1,1,7,1,1,1,1,72000,1,1,1,0
1,1,3,6,1,6,2,3,1,1,1,1,2,1,2,97500,1,1,1,0
1,1,2,3,2,5,2,1,1,1,4,1,2,1,4,110000,1,1,1,0
1,1,2,1,13,5,2,3,1,1,6,1,1,1,1,75000,1,1,1,0
1,2,1,1,1,5,3,3,1,1,1,1,1,1,1,46000,1,1,1,0
1,3,2,6,1,6,2,3,1,1,1,1,1,1,4,75000,1,1,1,0
1,1,2,1,12,6,2,4,1,1,7,4,1,1,4,95000,1,1,1,0
1,1,2,10,1,2,2,1,1,1,6,1,2,1,5,120000,1,1,1,0
2,1,2,1,2,4,2,4,1,1,7,1,1,1,1,88000,1,1,1,0
1,1,2,1,3,7,2,1,1,1,1,1,1,1,2,160000,1,1,1,0
1,1,1,1,1,6,1,1,1,1,2,1,1,1,2,95000,1,1,1,0
2,1,2,3,2,9,2,2,1,1,7,1,2,1,3,2000000,1,1,1,0
1,1,2,1,2,1,2,4,1,1,1,1,1,1,4,75000,1,1,1,0
1,1,3,6,13,7,2,2,2,1,7,1,2,1,2,100000,1,1,1,0
1,1,2,1,1,1,1,2,1,1,1,1,1,1,4,110000,1,1,1,0
1,1,3,1,1,10,1,4,1,1,1,5,2,1,4,105000,1,1,1,0
1,1,2,1,2,10,2,2,1,1,7,1,2,1,3,108000,1,1,1,0
1,1,3,4,4,6,2,1,1,1,7,1,1,1,2,250000,1,1,1,0
1,1,2,1,1,6,2,1,2,1,5,1,1,1,1,130000,1,1,1,0
1,1,2,1,1,1,2,3,1,1,1,1,2,1,4,100000,1,1,1,0
1,1,3,1,1,7,2,4,1,1,6,1,2,1,4,157000,1,1,1,0
1,1,2,1,1,7,3,4,1,1,5,1,2,1,2,111000,1,1,1,0
1,1,5,9,10,2,1,1,2,1,5,1,2,1,2,85000,1,1,1,0
2,1,2,9,1,1,2,2,2,3,6,1,1,1,4,300000,1,1,1,0
1,1,2,4,1,3,3,4,2,1,7,1,1,1,4,70000,1,1,1,0
1,1,2,5,1,6,2,4,1,1,2,1,1,1,4,115000,1,1,1,0
1,1,2,1,2,5,3,1,1,1,2,1,1,1,4,80000,1,1,1,0
1,1,3,1,2,4,3,3,1,1,8,1,1,1,4,88000,1,1,1,0
1,1,1,1,1,5,2,3,1,1,5,1,1,1,4,105000,1,1,1,0
1,1,2,1,1,7,3,4,1,1,1,1,2,1,2,1800000,1,1,1,0
1,1,2,3,1,6,2,4,1,1,4,1,2,1,4,115000,1,1,1,0
1,1,2,2,2,5,2,4,1,1,7,6,1,1,4,82000,1,1,1,0
1,1,3,1,1,6,1,2,1,3,7,4,1,1,4,106000,1,1,1,0
1,1,5,4,4,1,1,4,1,1,6,1,2,1,2,130000,1,1,1,0
1,1,5,9,4,6,2,4,1,1,6,1,1,1,4,95000,1,1,1,0
1,1,2,1,13,5,2,1,1,1,7,1,1,1,4,58000,1,1,1,0
1,1,2,5,1,1,2,1,1,1,2,1,1,1,4,75000,1,1,1,0
1,1,6,1,13,4,2,1,1,1,5,1,2,1,1,36000,1,1,1,0
1,1,3,6,1,10,2,3,2,1,8,1,2,1,5,135000,1,1,1,0
2,1,2,7,2,7,3,4,1,1,6,1,2,1,3,160000,1,1,1,0
1,1,2,1,1,1,2,2,1,1,1,1,1,1,4,90000,1,1,1,0
1,1,2,3,3,4,3,1,1,1,6,1,1,1,1,67000,1,1,1,0
1,1,2,3,13,6,3,1,1,1,4,1,2,1,4,105000,1,1,1,0
1,1,3,1,1,1,3,3,1,1,7,1,1,1,2,95000,1,1,1,0
1,1,2,1,1,6,3,3,1,1,9,1,1,1,4,122000,1,1,1,0
1,1,2,1,2,4,3,1,1,1,1,1,2,1,1,70000,1,1,1,0
1,2,4,1,1,5,1,2,1,1,6,1,1,1,1,105600,1,1,1,0
2,1,5,9,12,3,3,2,1,3,6,1,1,1,4,165000,1,1,1,0
1,2,1,1,18,4,2,4,1,1,5,1,1,1,1,68000,1,1,1,0
1,1,2,1,1,3,2,1,1,1,7,1,2,1,2,176000,1,1,1,0
1,3,4,1,8,7,1,3,1,1,5,1,2,1,4,75000,1,1,1,1
1,3,2,1,9,1,2,3,1,1,7,1,1,1,1,53000,1,1,1,0
1,1,1,1,1,7,2,4,1,1,5,1,1,1,2,130000,1,1,1,0
2,1,2,3,1,3,2,4,1,1,1,1,2,1,2,95000,1,1,1,0
2,1,2,1,12,5,2,1,2,3,8,1,1,1,1,100000,1,1,1,0
2,1,2,1,1,7,2,1,1,1,7,1,1,1,2,140000,1,1,1,0
1,1,2,1,1,5,2,1,1,2,7,1,1,1,1,80000,1,1,1,0
1,1,2,1,14,6,3,1,1,1,7,1,2,1,4,90000,1,1,1,0
1,1,4,6,3,2,2,4,1,1,5,1,2,1,3,146000,1,1,1,0
1,1,2,6,11,4,3,1,1,1,1,1,1,1,4,70000,1,1,1,0
1,1,2,10,11,6,2,1,2,1,2,1,1,1,4,85000,1,1,1,0
1,1,3,10,4,5,2,2,1,1,6,4,1,1,4,60000,1,1,1,0
1,1,2,3,1,9,1,2,1,1,7,1,2,1,4,120000,1,1,1,0
1,1,2,1,1,3,2,1,1,1,8,1,1,1,4,215000,1,1,1,0
1,2,2,3,3,1,2,4,1,1,5,1,1,1,4,130000,1,1,1,0
1,2,1,1,1,5,2,4,1,1,4,1,1,1,1,14000,1,1,1,0
1,1,2,1,1,8,2,2,1,1,2,1,2,1,4,82000,1,1,1,0
1,3,4,1,15,2,3,4,1,1,5,1,1,1,7,70000,1,1,1,0
1,1,7,1,1,9,1,1,1,1,1,1,1,1,4,80000,1,1,1,0
1,1,3,1,2,1,3,4,1,1,2,1,1,1,4,102000,1,1,1,0
1,2,1,9,11,4,2,3,1,1,7,1,1,1,1,65000,1,1,1,0
2,1,1,1,1,6,2,1,1,1,2,1,1,1,4,45000,1,1,1,0
1,1,3,10,4,5,3,4,1,1,5,2,1,1,2,65000,1,1,1,0
1,1,2,6,6,7,3,3,1,1,7,1,2,1,3,130000,1,1,1,0
1,1,2,7,1,1,1,2,1,1,6,1,2,1,4,95000,1,1,1,0
2,3,2,10,3,4,2,3,1,1,7,6,1,1,1,73000,1,1,1,0
1,1,3,1,1,6,3,2,1,1,7,5,2,1,2,100000,1,1,1,0
1,1,2,1,3,2,2,3,1,1,7,1,2,1,5,175000,1,1,1,0
1,1,1,1,3,4,3,1,1,1,7,1,1,1,1,274560,1,1,1,0
1,1,2,1,1,7,2,1,1,4,7,1,1,1,4,100000,1,1,1,0
1,1,2,1,3,4,3,4,1,1,7,1,1,1,4,60000,1,1,1,0
1,1,2,1,1,3,2,1,1,1,9,3,2,1,2,160000,1,1,1,0
1,1,2,10,11,4,2,1,1,1,7,1,1,1,4,167750,1,1,1,0
1,1,3,3,3,8,2,3,2,1,8,3,2,1,4,275000,1,1,1,0
1,1,2,9,1,7,2,1,1,1,7,1,2,1,2,116000,1,1,1,0
1,1,1,1,10,9,3,4,1,1,4,1,2,1,2,139000,1,1,1,0
1,1,1,9,7,10,2,2,1,2,1,1,1,1,4,67000,1,1,1,0
1,1,3,6,1,1,2,4,1,1,7,1,2,1,4,97000,1,1,1,0
1,1,2,1,2,5,3,4,1,1,7,1,1,1,1,77700,1,1,1,0
1,2,3,10,4,1,4,1,1,1,6,1,2,1,4,180000,1,1,1,0
2,1,3,1,1,10,2,1,1,1,7,1,2,1,3,56000,1,1,1,0
1,1,2,1,1,3,2,4,1,1,8,1,2,1,3,135000,1,1,1,0
1,1,3,1,1,6,2,1,1,1,1,1,1,1,1,180000,1,1,1,0
1,1,1,7,4,7,2,3,1,2,6,1,1,1,2,2000000,1,1,1,0
1,1,2,1,1,1,3,3,1,1,5,1,2,1,4,125000,1,1,1,0
1,1,2,1,1,3,2,1,1,1,7,1,2,1,2,123000,1,1,1,0
2,1,3,3,12,9,2,4,1,1,2,1,2,1,2,168000,1,1,1,0
1,1,3,1,1,1,2,4,1,1,1,1,2,1,4,150000,1,1,1,0
1,1,3,4,2,1,3,1,1,1,5,5,1,1,1,90000,1,1,1,0
1,1,2,1,2,5,2,2,1,1,7,4,1,1,1,50000,1,1,1,0
1,1,2,1,1,4,2,2,1,1,1,1,1,1,1,70000,1,1,1,0
2,1,2,1,2,5,2,3,1,1,1,1,1,1,1,66000,1,1,1,0
1,1,2,1,5,5,3,3,1,1,9,4,1,1,1,85000,1,1,1,0
2,2,2,1,1,9,2,2,1,1,1,1,2,1,2,174000,1,1,1,0
2,1,3,9,2,3,2,3,2,3,8,1,1,1,2,400000,1,1,1,0
1,1,2,1,2,4,2,3,1,1,2,4,1,1,1,95000,1,1,1,0
1,1,2,1,1,1,2,1,1,1,8,1,1,1,4,100000,1,1,1,0
1,1,3,1,14,9,1,4,1,1,1,1,2,1,4,320000,1,1,1,0
1,1,6,6,3,4,1,2,2,1,7,1,1,1,1,83000,1,1,1,0
1,1,3,3,1,3,2,1,1,1,2,1,1,1,4,55000,1,1,1,0
2,1,6,1,1,9,2,4,1,1,9,1,1,1,5,115000,1,1,1,0
2,1,2,1,12,1,3,2,2,1,7,1,1,1,4,930000,1,1,1,0
1,1,1,6,1,1,2,1,1,3,6,2,1,1,1,91000,1,1,1,0
1,1,2,1,1,9,2,2,1,1,5,4,2,1,2,126000,1,1,1,0
1,1,4,2,2,5,2,1,1,1,8,1,2,1,4,50250,1,1,1,0
1,1,2,9,3,8,2,3,1,1,7,1,1,1,1,55000,1,1,1,0
1,1,2,1,1,9,2,4,1,1,7,1,2,1,2,140000,1,1,1,0
1,1,3,3,1,3,3,4,1,1,7,1,2,1,3,160000,1,1,1,0
1,1,1,9,1,9,1,4,1,1,8,1,2,1,3,120000,1,1,1,0
1,1,2,3,1,9,2,1,1,1,1,1,2,1,2,140000,1,1,1,0
1,1,2,1,4,6,2,2,1,1,7,1,2,1,4,1800000,1,1,1,0
1,1,3,8,11,4,3,1,1,1,1,5,1,1,2,62000,1,1,1,0
1,1,4,8,6,8,3,1,1,1,4,4,1,1,4,55000,1,1,1,0
1,1,2,9,1,6,2,1,1,1,4,1,1,1,4,164000,1,1,1,0
1,1,2,1,1,7,2,3,1,1,5,1,1,1,4,100000,1,1,1,0
1,1,3,6,1,3,1,4,1,1,1,1,2,1,2,105000,1,1,1,0
1,1,1,9,1,3,2,4,1,1,1,1,1,1,2,149000,1,1,1,0
1,3,1,1,1,4,1,4,1,1,1,1,1,1,1,60000,1,1,1,0
1,1,1,4,1,3,2,4,1,1,7,1,1,1,2,120000,1,1,1,0
1,2,1,1,1,5,1,1,1,1,7,1,1,1,1,47500,1,1,1,0
1,1,2,1,1,5,2,1,1,3,7,1,1,1,1,86000,1,1,1,0
1,1,2,1,1,9,2,1,1,1,4,1,1,1,6,70000,1,1,1,0
1,1,2,1,3,4,2,4,1,1,6,1,1,1,1,125000,1,1,1,0
1,1,2,1,1,4,1,1,1,1,5,1,1,1,1,2000000,1,1,1,0
1,1,1,1,1,10,1,1,1,1,7,1,1,1,2,129000,1,1,1,0
1,1,2,2,1,1,2,3,1,1,1,1,1,1,4,840000,1,1,1,0
1,1,3,3,1,5,2,1,1,1,8,1,2,1,4,170000,1,1,1,0
1,1,3,8,1,10,2,4,1,1,7,1,2,1,3,170000,1,1,1,0
1,1,5,6,4,2,3,4,1,1,4,1,1,1,5,200000,1,1,1,0
1,1,2,5,3,1,3,4,1,1,6,5,1,1,1,88000,1,1,1,0
1,1,2,1,13,2,1,3,1,1,8,1,1,1,2,115000,1,1,1,0
2,1,1,3,1,3,2,4,1,2,7,1,2,1,2,83000,1,1,1,0
1,1,1,1,5,5,3,1,1,1,2,1,1,1,4,63000,1,1,1,0
1,1,2,1,1,3,3,3,1,1,5,1,1,1,1,96000,1,1,1,0
1,1,2,2,1,4,3,1,1,1,2,1,2,1,4,46000,1,1,1,0
1,3,2,1,1,1,2,3,1,1,4,4,1,1,4,57288,1,1,1,0
2,1,2,1,1,4,2,4,1,1,7,1,2,1,4,76000,1,1,1,0
1,1,2,1,2,1,3,4,1,1,1,1,1,1,1,75000,1,1,1,0
1,1,2,1,5,2,2,2,1,1,5,1,1,1,5,100000,1,1,1,0
1,1,2,1,1,1,1,3,1,1,1,7,1,1,1,75000,1,1,1,0
1,1,1,1,11,5,2,4,1,1,4,1,1,1,1,146000,1,1,1,0
1,1,2,6,18,1,2,1,1,1,1,1,1,1,4,136000,1,1,1,0
1,1,3,1,2,6,1,1,1,1,2,1,1,1,4,115000,1,1,1,0
1,1,2,1,1,6,1,3,1,1,7,1,1,1,4,98600,1,1,1,0
1,1,3,6,1,5,2,4,1,1,7,1,2,1,1,150000,1,1,1,0
2,1,2,1,1,5,2,4,1,1,7,1,1,1,1,90000,1,1,1,0
1,1,1,1,3,4,1,1,1,1,7,1,1,1,4,52500,1,1,1,0
1,1,2,1,1,7,1,4,1,1,5,1,2,1,4,125000,1,1,1,0
1,1,2,8,10,5,1,3,1,1,1,1,2,1,4,100000,1,1,1,0
1,1,2,8,1,1,2,2,1,1,7,1,2,1,2,70000,1,1,1,0
2,1,2,1,1,9,3,2,1,1,7,3,1,1,4,85000,1,1,1,0
1,1,3,1,1,6,2,4,1,1,1,1,2,1,4,210000,1,1,1,0
1,1,2,6,6,7,2,4,1,1,6,2,1,1,4,115000,1,1,1,0
2,1,1,12,1,1,3,2,1,1,9,1,2,1,2,94600,1,1,1,0
1,1,2,7,1,2,2,2,1,1,6,1,2,1,5,180000,1,1,1,0
1,1,3,9,12,7,2,2,1,1,7,1,1,1,2,128000,1,1,1,0
2,1,2,7,3,4,2,2,2,1,1,4,1,1,4,122000,1,1,1,0
1,1,2,3,2,4,2,2,2,3,5,1,1,1,4,60000,1,1,1,0
1,1,2,8,11,7,3,3,1,1,4,1,1,1,4,68000,1,1,1,0
1,1,2,1,14,1,3,1,2,1,7,1,2,1,4,135000,1,1,1,0
1,1,2,9,11,4,3,4,1,1,7,1,1,1,1,77000,1,1,1,0
1,1,2,1,2,1,2,1,1,1,7,1,1,1,4,88000,1,1,1,0
1,1,2,1,5,2,1,1,1,1,7,1,2,1,3,72000,1,1,1,0
1,1,2,9,1,4,3,2,2,2,8,1,1,1,4,70000,1,1,1,0
1,1,2,3,2,6,3,4,1,1,1,1,1,1,4,107000,1,1,1,0
2,1,1,3,1,2,3,4,1,1,1,2,2,1,2,95000,1,1,1,0
1,2,1,12,2,11,2,4,1,1,1,1,2,1,3,204000,1,1,1,0
1,1,2,6,13,6,3,1,1,1,4,1,1,1,2,1452000,1,1,1,0
1,1,2,1,2,5,1,2,1,1,1,1,1,1,4,87300,1,1,1,0
2,1,3,1,1,2,3,3,1,1,5,3,2,1,5,115000,1,1,1,0
2,1,2,4,1,5,3,4,1,1,7,1,2,1,2,133000,1,1,1,0
1,3,4,1,1,1,2,1,1,1,7,1,1,1,4,23000,1,1,1,0
1,1,2,6,3,4,2,1,1,3,1,1,1,1,4,92000,1,1,1,0
1,2,1,1,1,6,3,1,1,1,7,1,1,1,1,16200,1,1,1,0
1,1,2,1,1,5,2,1,1,1,1,1,1,1,1,141500,1,1,1,0
1,1,2,1,3,5,2,4,1,1,7,1,1,1,1,82000,1,1,1,0
1,1,2,4,1,3,2,1,1,1,6,1,2,1,2,143000,1,1,1,0
1,1,3,1,1,3,2,1,1,1,7,1,1,1,4,150000,1,1,1,0
1,1,2,9,1,4,2,3,1,1,1,1,2,1,4,100000,1,1,1,0
1,1,2,1,2,1,2,1,1,1,5,1,2,1,2,93000,1,1,1,0
1,1,2,10,1,3,2,1,1,1,2,1,2,1,4,90000,1,1,1,0
1,1,2,1,1,7,3,1,1,1,8,1,2,1,4,100000,1,1,1,0
1,3,1,8,1,5,2,3,1,1,7,1,1,1,1,50000,1,1,1,0
1,2,2,1,5,5,2,2,1,1,7,1,1,1,4,74000,1,1,1,0
1,1,2,1,1,5,2,1,1,1,7,1,1,1,1,75000,1,1,1,0
2,1,2,1,1,4,2,3,1,1,4,1,1,1,1,55000,1,1,1,0
2,1,2,5,2,1,3,2,1,1,7,1,2,1,4,70000,1,1,1,0
1,1,2,9,1,5,1,2,1,1,7,1,1,1,4,2000000,1,1,1,0
1,1,1,1,12,7,2,1,1,1,5,1,1,1,4,122000,1,1,1,0
1,1,3,3,1,6,3,1,1,1,7,1,2,1,4,120150,1,1,1,0
2,1,2,5,2,4,3,3,1,1,9,1,1,1,4,70280,1,1,1,0
1,1,2,1,1,5,3,1,1,1,5,1,1,1,4,120000,1,1,1,0
1,1,2,1,1,5,2,3,1,2,6,1,1,1,4,150000,1,1,1,0
1,3,2,6,1,3,2,4,1,1,7,1,2,1,4,100000,1,1,1,0
2,1,3,1,3,5,3,3,1,1,7,5,1,1,4,120000,1,1,1,0
2,1,2,9,1,1,2,3,1,1,7,1,2,1,4,105000,1,1,1,0
2,1,2,8,1,6,2,3,1,1,8,1,1,1,4,84000,1,1,1,0
1,1,2,4,3,4,2,3,1,1,5,1,1,1,2,127000,1,1,1,0
1,2,1,1,1,4,4,4,1,1,7,1,1,1,1,20000,1,1,1,0
1,1,2,2,1,2,2,4,2,2,1,1,1,1,2,160000,1,1,1,0
1,3,3,1,1,7,3,2,1,1,1,1,2,1,2,127000,1,1,1,0
2,1,2,1,1,1,3,4,1,1,7,1,1,1,2,110000,1,1,1,0
2,1,2,1,12,5,2,2,1,1,6,1,1,1,4,120000,1,1,1,0
1,1,1,12,1,9,3,3,1,1,4,1,2,1,2,140000,1,1,1,0
1,1,2,1,1,5,3,1,1,1,7,1,1,1,1,74300,1,1,1,0
1,1,3,10,4,9,2,3,2,1,4,1,2,1,2,125000,1,1,1,0
2,1,3,6,1,5,2,3,2,1,7,1,1,1,2,135000,1,1,1,0
1,1,5,6,18,6,3,2,1,1,6,5,1,1,4,100000,1,1,1,0
2,1,2,1,11,1,3,4,2,1,1,1,2,1,2,62500,1,1,1,0
1,1,5,6,2,1,1,3,1,1,6,1,1,1,4,105000,1,1,1,0
1,1,4,11,1,4,1,1,1,1,1,1,2,1,4,87000,1,1,1,0
1,1,3,10,1,5,1,3,1,1,8,1,1,1,4,98000,1,1,1,0
2,1,2,1,1,3,3,4,1,1,2,1,2,1,2,100000,1,1,1,0
1,1,2,1,12,1,3,4,1,1,1,1,1,1,4,75000,1,1,1,0
2,1,3,1,2,6,2,4,1,1,7,5,1,1,4,110000,1,1,1,0
1,1,4,2,3,5,2,1,1,1,5,1,1,1,4,75000,1,1,1,0
1,1,5,10,11,5,3,1,1,1,6,1,2,1,4,105000,1,1,1,0
1,1,2,5,1,4,2,3,2,3,1,4,1,1,4,56000,1,1,1,0
1,1,1,8,1,1,2,4,1,1,7,1,2,1,1,58000,1,1,1,0
1,1,2,1,1,5,2,3,1,1,7,6,1,1,4,75000,1,1,1,0
1,1,4,1,5,6,2,4,1,1,9,1,2,1,2,111000,1,1,1,0
1,1,2,1,1,7,2,1,1,1,1,3,1,1,4,70000,1,1,1,0
1,1,2,6,1,7,2,4,1,1,7,7,2,1,2,62000,1,1,1,0
1,1,2,1,1,5,2,1,1,1,5,1,2,1,2,160000,1,1,1,0
1,1,3,3,1,7,2,2,1,1,4,1,2,1,2,138000,1,1,1,0
1,1,6,2,1,6,1,1,1,1,2,1,2,1,4,120000,1,1,1,0
1,1,2,1,3,6,2,4,1,1,1,1,1,1,4,182500,1,1,1,0
2,1,2,8,1,4,2,2,1,1,1,4,1,1,1,42000,1,1,1,0
2,1,1,3,1,3,3,4,1,1,5,4,2,1,2,96000,1,1,1,0
1,1,3,6,1,5,1,1,1,1,7,1,1,1,4,80000,1,1,1,0
2,1,2,1,1,9,2,2,1,1,7,4,2,1,2,98000,1,1,1,0
1,1,3,1,3,3,3,1,1,1,1,1,2,1,4,104000,1,1,1,0
1,1,4,1,1,4,1,1,1,1,1,1,1,1,1,43000,1,1,1,0
1,1,3,10,1,4,3,1,1,1,8,1,1,1,4,128000,1,1,1,0
1,1,2,7,1,5,1,1,1,1,7,1,1,1,2,70000,1,1,1,0
1,1,3,4,1,6,2,2,1,1,7,1,1,1,2,190000,1,1,1,0
1,2,1,1,1,5,3,3,1,1,1,1,1,1,1,100000,1,1,1,0
1,1,2,2,1,10,2,3,1,2,2,1,1,1,3,150000,1,1,1,0
1,1,2,8,12,5,2,1,1,1,7,1,1,1,4,100000,1,1,1,0
1,1,1,5,1,6,2,4,1,1,7,1,1,1,2,56000,1,1,1,0
2,2,6,6,4,8,3,4,1,1,2,4,1,1,1,60000,1,1,1,0
2,1,2,11,1,8,2,2,1,1,1,1,1,1,4,70000,1,1,1,0
1,1,2,1,2,6,3,1,1,1,5,1,1,1,2,86000,1,1,1,0
1,1,3,1,1,7,3,3,2,1,5,2,2,1,2,130000,1,1,1,0
1,1,1,12,1,8,3,1,1,1,7,1,2,1,4,70000,1,1,1,0
1,1,3,4,1,8,2,4,2,1,2,1,1,1,4,60000,1,1,1,0
2,1,2,1,3,1,3,3,1,1,8,3,2,1,4,2000000,1,1,1,0
1,1,2,1,1,1,1,3,1,1,8,1,1,1,1,140000,1,1,1,0
1,1,2,1,1,6,2,1,1,1,7,1,2,1,4,90000,1,1,1,0
2,1,2,1,1,6,1,1,1,1,6,4,1,1,4,100000,1,1,1,0
2,1,1,1,2,9,3,1,1,1,5,1,2,1,2,70000,1,1,1,0
1,1,2,1,2,1,2,4,1,1,7,1,1,1,4,80000,1,1,1,0
1,2,1,11,1,8,2,3,1,1,8,1,1,1,1,17000,1,1,1,0
1,1,2,4,2,8,3,4,1,1,8,1,1,1,4,705600,1,1,1,0
1,2,6,9,1,5,3,4,1,1,1,1,1,1,1,101760,1,1,1,0
1,1,2,1,5,6,2,3,1,1,7,1,1,1,4,111000,1,1,1,0
1,2,3,9,15,6,1,1,1,4,7,1,1,1,4,27500,1,1,1,0
1,1,3,1,1,6,2,1,1,1,1,1,2,1,4,150000,1,1,1,0
1,2,6,1,13,4,3,4,2,1,8,1,1,1,1,20000,1,1,1,0
2,1,2,1,3,5,3,3,1,1,6,1,1,1,4,85000,1,1,1,0
2,2,3,7,11,1,3,4,1,4,1,1,1,1,2,60000,1,1,1,0
1,1,3,1,6,5,1,3,1,1,7,7,1,1,4,97000,1,1,1,0
2,1,2,6,2,6,2,1,1,4,9,1,1,1,1,150000,1,1,1,0
2,1,2,1,2,6,3,4,1,1,7,1,1,1,4,90000,1,1,1,0
2,2,2,1,2,5,3,1,2,1,8,1,1,1,4,80000,1,1,1,0
1,1,5,9,4,5,2,2,1,1,5,1,1,1,4,62000,1,1,1,0
1,1,2,3,1,9,3,3,2,1,7,1,2,1,2,109000,1,1,1,0
1,1,3,3,10,6,2,1,1,1,7,1,1,1,4,115000,1,1,1,0
1,1,2,9,1,3,1,1,2,1,2,1,2,1,2,70000,1,1,1,0
1,1,3,1,1,6,2,1,1,1,7,4,2,1,3,55000,1,1,1,0
1,1,2,1,1,9,2,3,1,1,1,1,1,1,2,100000,1,1,1,0
1,1,2,7,1,7,2,1,1,1,6,1,1,1,1,67600,1,1,1,0
1,1,2,1,13,1,2,1,1,1,7,1,1,1,4,52000,1,1,1,0
1,1,2,4,1,8,3,4,2,1,1,3,1,1,4,74000,1,1,1,0
1,1,2,11,1,6,2,2,1,1,8,1,1,1,4,142000,1,1,1,0
1,1,2,1,1,9,2,1,1,1,1,1,2,1,2,130000,1,1,1,0
1,1,2,1,2,3,3,3,1,1,7,1,2,1,2,120000,1,1,1,0
1,1,3,1,1,2,4,4,1,1,7,1,1,1,5,125000,1,1,1,0
2,1,2,3,1,5,3,4,1,1,7,2,2,1,4,1560000,1,1,1,0
1,2,2,7,11,8,2,2,1,1,5,1,2,1,1,125000,1,1,1,0
1,1,3,1,2,2,2,4,1,1,7,1,1,1,2,145000,1,1,1,0
1,1,2,1,13,5,2,3,1,1,4,1,1,1,1,75000,1,1,1,0
1,1,3,6,1,1,2,3,1,1,1,3,1,1,4,92000,1,1,1,0
1,1,1,4,12,8,2,1,2,2,8,1,2,1,2,72000,1,1,1,0
1,1,1,1,1,10,1,4,1,1,4,1,2,1,2,70000,1,1,1,0
1,1,2,1,1,6,2,3,1,1,1,1,1,1,1,168000,1,1,1,0
2,2,2,9,1,4,2,3,1,1,1,1,1,1,4,38000,1,1,1,0
2,1,5,9,15,3,2,4,1,1,1,1,1,1,4,115000,1,1,1,0
1,1,1,12,1,9,2,3,1,1,7,1,2,1,2,195000,1,1,1,0
1,2,1,1,3,5,2,2,1,1,2,1,1,1,1,50000,1,1,1,0
1,1,2,8,6,10,2,1,1,1,5,1,2,1,3,160000,1,1,1,0
2,1,2,1,2,5,1,4,1,1,7,1,1,1,1,125000,1,1,1,0
1,1,3,10,4,5,2,2,1,1,8,1,1,1,4,110000,1,1,1,0
1,1,2,1,1,6,2,3,1,1,6,3,2,1,4,120000,1,1,1,0
2,1,2,6,1,4,3,2,1,1,8,1,1,1,4,85000,1,1,1,0
1,3,2,6,4,5,2,4,1,1,1,1,1,1,4,102000,1,1,1,0
1,1,1,1,14,9,2,3,1,1,2,1,2,1,2,155000,1,1,1,0
1,1,4,1,1,1,2,4,1,1,7,1,1,1,1,60000,1,1,1,0
2,1,1,2,6,6,3,1,1,1,1,5,2,1,2,95000,1,1,1,0
1,1,1,3,6,5,3,3,1,1,5,1,1,1,4,81000,1,1,1,0
2,1,3,6,1,4,2,4,2,1,6,5,2,1,4,100000,1,1,1,0
2,1,2,1,1,5,2,1,2,1,7,3,1,1,4,80000,1,1,1,0
1,1,2,10,8,6,1,3,1,1,7,1,1,1,4,103000,1,1,1,1
1,1,4,1,1,7,3,4,1,1,2,1,1,1,4,55000,1,1,1,0
1,1,2,1,1,1,2,1,2,2,6,1,1,1,1,120000,1,1,1,0
1,1,3,3,1,3,3,4,1,1,5,1,2,1,2,150000,1,1,1,0
1,1,2,1,1,3,3,3,1,1,8,1,1,1,2,135000,1,1,1,0
1,1,2,1,1,3,2,2,1,1,5,4,2,1,2,250000,1,1,1,0
2,1,2,1,1,7,3,1,1,1,7,1,2,1,2,90000,1,1,1,0
1,1,4,7,3,3,2,1,1,3,7,1,1,1,4,54000,1,1,1,0
1,1,2,1,14,9,3,2,1,1,7,1,2,1,2,180000,1,1,1,0
1,1,2,1,9,5,2,1,1,1,1,1,1,1,1,61061,1,1,1,0
1,1,2,1,1,5,2,3,1,1,7,1,1,1,1,52000,1,1,1,0
1,1,2,1,2,5,2,2,1,4,6,1,2,1,4,72000,1,1,1,0
1,1,4,3,3,6,3,4,1,1,1,1,1,1,2,125000,1,1,1,0
1,1,3,1,2,9,2,4,1,1,7,1,1,1,2,120000,1,1,1,0
2,1,3,9,1,4,3,2,2,1,7,1,1,1,4,85000,1,1,1,0
1,1,2,1,2,3,3,3,1,1,1,1,2,1,2,116000,1,1,1,0
2,1,2,1,1,6,2,4,1,1,5,5,2,1,2,130000,1,1,1,0
2,1,2,1,4,3,2,4,1,1,2,1,1,1,4,91000,1,1,1,0
2,1,3,1,14,7,3,4,1,1,7,1,2,1,2,135000,1,1,1,0
1,1,5,1,1,6,3,2,1,1,6,1,1,1,2,95000,1,1,1,0
1,1,2,1,3,1,1,3,1,1,1,1,1,1,4,174000,1,1,1,0
1,1,1,2,3,4,2,3,2,1,2,1,1,1,2,75200,1,1,1,0
1,1,2,1,2,7,3,3,1,1,1,1,1,1,4,140000,1,1,1,0
1,1,2,1,3,4,2,1,1,1,7,1,2,1,4,61000,1,1,1,0
1,1,2,1,2,5,2,4,1,1,2,1,1,1,1,80000,1,1,1,0
1,1,3,9,1,5,3,3,1,1,1,1,1,1,4,124000,1,1,1,0
1,1,2,1,3,4,3,3,1,1,1,1,1,1,1,115000,1,1,1,0
1,3,3,1,1,1,3,4,1,1,2,1,2,1,4,80000,1,1,1,0
2,1,3,2,1,3,3,2,1,1,7,1,2,1,3,80000,1,1,1,0
1,1,2,1,1,6,3,2,2,1,7,1,1,1,4,82000,1,1,1,0
1,1,2,1,13,1,2,1,1,1,7,1,1,1,4,85000,1,1,1,0
1,1,2,1,1,6,3,4,1,1,4,1,1,1,4,94100,1,1,1,0
1,1,2,7,6,3,3,2,1,1,1,1,1,1,4,108000,1,1,1,0
1,1,1,1,1,4,3,1,1,1,7,1,1,1,4,76000,1,1,1,0
2,1,2,10,11,10,2,3,2,1,7,1,2,1,2,82000,1,1,1,0
1,1,5,1,18,7,3,4,1,1,1,1,1,1,4,140000,1,1,1,0
1,1,1,1,2,4,3,1,1,1,2,1,1,1,1,56000,1,1,1,0
1,1,1,5,3,4,3,2,1,1,7,1,1,1,4,105000,1,1,1,0
1,1,1,1,1,5,2,4,1,1,3,4,2,1,4,82000,1,1,1,0
1,1,2,9,1,5,3,2,1,1,1,1,1,1,4,140000,1,1,1,0
1,1,2,5,3,1,3,1,1,1,6,1,2,1,4,80000,1,1,1,0
1,1,2,1,1,2,1,1,1,1,7,1,2,1,3,95000,1,1,1,0
1,1,1,8,1,3,2,1,1,3,2,1,1,1,4,75000,1,1,1,0
1,1,2,2,1,8,2,4,2,2,1,1,1,1,4,115000,1,1,1,0
1,1,5,1,1,2,2,4,1,1,8,1,2,1,3,225000,1,1,1,0
1,1,1,1,1,5,3,4,1,1,1,1,1,1,1,100000,1,1,1,0
2,1,1,1,1,1,2,3,1,1,4,1,1,1,4,150000,1,1,1,0
1,1,5,9,11,5,3,2,1,1,5,1,1,1,4,115000,1,1,1,0
1,1,2,7,11,5,3,4,1,1,7,4,1,1,4,80000,1,1,1,0
2,1,3,9,2,4,2,3,2,1,1,1,1,1,4,42000,1,1,1,0
1,1,2,1,1,5,3,3,1,1,7,1,1,1,1,62000,1,1,1,0
1,1,2,1,1,3,2,1,1,1,2,1,1,1,2,81000,1,1,1,0
1,1,1,1,1,9,2,4,1,1,7,1,2,1,2,162000,1,1,1,0
1,1,3,1,2,2,3,4,1,1,6,1,1,1,2,146000,1,1,1,0
1,1,2,1,13,1,3,4,2,1,7,1,1,1,4,78309,1,1,1,0
1,1,1,6,1,1,3,4,1,1,5,4,1,1,4,140000,1,1,1,0
1,1,2,1,13,9,3,4,1,1,7,1,2,1,4,135000,1,1,1,0
1,1,2,10,1,4,3,2,1,1,5,1,1,1,4,95000,1,1,1,0
2,1,2,1,2,1,1,3,1,1,5,1,1,1,1,65000,1,1,1,0
1,1,2,9,11,8,2,3,1,1,2,4,1,1,1,53000,1,1,1,0
1,1,3,8,1,2,2,3,1,1,7,1,2,1,5,130000,1,1,1,0
2,1,3,1,3,1,2,3,2,1,7,1,1,1,4,121000,1,1,1,0
1,3,2,1,1,1,2,4,1,1,7,1,2,1,4,95000,1,1,1,0
1,1,1,1,1,6,2,4,1,1,2,1,2,1,4,120000,1,1,1,0
2,1,2,1,5,2,3,2,1,1,2,1,2,1,5,170000,1,1,1,0
1,1,1,1,1,3,2,3,1,1,6,1,2,1,2,200000,1,1,1,0
1,1,1,2,3,8,3,3,1,3,5,1,1,1,1,56500,1,1,1,0
1,1,2,10,1,7,2,3,1,1,1,5,1,1,2,70000,1,1,1,0
1,3,1,1,20,4,3,4,2,3,2,4,1,1,4,5000,1,1,1,0
1,1,1,3,1,7,1,1,1,1,4,1,2,1,4,65000,1,1,1,0
1,1,2,1,1,4,3,2,1,1,7,1,1,1,2,55000,1,1,1,0
2,1,2,1,14,3,3,2,1,1,5,1,2,1,2,138000,1,1,1,0
2,1,2,10,3,4,2,4,2,1,6,1,1,1,4,130000,1,1,1,0
1,1,1,4,11,9,1,1,1,1,4,1,2,1,4,75000,1,1,1,0
2,1,2,1,1,1,2,1,1,3,1,1,1,1,1,119600,1,1,1,0
1,1,2,1,1,5,2,2,1,1,2,6,1,1,2,107000,1,1,1,0
1,1,2,1,13,4,2,3,1,1,1,1,1,1,1,65500,1,1,1,0
1,1,2,3,1,6,3,1,1,1,1,1,2,1,4,112750,1,1,1,0
2,1,2,1,2,6,3,3,1,1,7,5,1,1,2,162000,1,1,1,0
2,1,2,1,1,5,2,3,1,3,5,1,1,1,4,170000,1,1,1,0
1,1,2,1,2,5,2,1,1,1,1,1,1,1,1,85000,1,1,1,0
1,1,2,3,2,3,3,1,1,1,8,1,2,1,3,105000,1,1,1,0
1,1,5,9,13,10,2,3,1,1,7,1,2,1,2,220000,1,1,1,0
2,1,5,9,4,1,2,2,1,1,5,1,1,1,4,150000,1,1,1,0
1,1,2,1,1,5,1,2,2,3,6,1,1,1,4,98000,1,1,1,0
1,1,2,1,14,6,2,1,1,1,7,1,2,1,4,150000,1,1,1,0
1,1,2,1,12,5,3,2,1,1,6,1,1,1,4,86000,1,1,1,0
1,1,2,3,1,3,1,1,1,1,7,1,1,1,4,275000,1,1,1,0
1,1,1,1,3,5,2,4,1,1,6,1,1,1,1,80000,1,1,1,0
1,1,3,9,2,5,3,3,1,1,6,2,1,1,4,126000,1,1,1,0
1,1,2,6,1,4,2,3,1,1,7,1,1,1,4,92500,1,1,1,0
1,1,4,3,2,3,3,1,1,1,9,1,2,1,4,130000,1,1,1,0
2,1,2,6,1,3,2,1,1,2,2,1,2,1,2,175000,1,1,1,0
2,1,2,3,3,5,3,1,1,1,7,1,1,1,4,119000,1,1,1,0
2,1,3,1,1,6,2,1,1,1,1,1,1,1,4,103000,1,1,1,0
1,1,2,8,1,4,3,3,1,1,5,7,1,1,4,120000,1,1,1,0
1,1,3,7,1,8,2,4,2,1,7,7,1,1,2,50000,1,1,1,0
1,1,1,1,13,11,2,2,1,1,7,1,2,1,2,130000,1,1,1,0
1,1,5,1,1,2,2,2,1,1,7,4,2,1,5,100000,1,1,1,0
1,1,2,9,5,8,3,3,2,1,7,4,1,1,4,91000,1,1,1,0
1,1,2,1,12,5,2,1,1,1,7,1,1,1,4,50000,1,1,1,0
1,1,4,1,1,4,3,4,1,1,7,1,2,1,4,70000,1,1,1,0
1,1,4,3,13,1,2,2,1,1,1,5,1,1,4,78811,1,1,1,0
1,1,8,2,1,1,3,4,1,1,6,1,1,1,4,120000,1,1,1,0
2,1,2,1,1,4,3,3,2,1,6,5,1,1,1,673200,1,1,1,0
1,1,3,1,1,2,2,3,1,1,6,1,1,1,3,156000,1,1,1,0
1,1,2,1,13,6,2,3,1,1,5,1,1,1,2,80000,1,1,1,0
2,1,2,1,1,4,2,3,1,1,7,3,1,1,1,80000,1,1,1,0
1,1,2,1,18,5,2,1,1,1,4,1,1,1,1,60000,1,1,1,0
1,1,2,1,13,3,1,1,1,2,7,1,2,1,4,124000,1,1,1,0
1,1,2,1,1,5,2,1,1,1,2,1,1,1,4,84000,1,1,1,0
1,3,2,1,8,9,2,2,1,1,7,1,1,1,2,95000,1,1,1,1
1,1,2,1,1,5,3,4,1,1,7,1,1,1,1,125000,1,1,1,0
1,1,1,4,1,5,2,4,1,1,1,1,2,1,4,97000,1,1,1,0
1,1,4,5,1,1,2,1,1,1,7,4,2,1,4,756000,1,1,1,0
1,1,2,8,2,8,2,1,1,1,2,2,1,1,4,52000,1,1,1,0
1,1,3,6,1,6,1,2,1,1,6,1,1,1,4,80000,1,1,1,0
1,1,2,1,2,1,3,2,1,1,8,1,1,1,4,1344000,1,1,1,0
1,1,3,1,12,6,2,3,1,1,1,1,2,1,2,133000,1,1,1,0
1,1,2,1,11,4,3,4,1,1,7,1,1,1,4,75000,1,1,1,0
1,1,2,7,1,8,2,3,1,1,8,1,1,1,1,93000,1,1,1,0
2,1,2,1,12,7,3,3,1,1,7,1,1,1,2,155000,1,1,1,0
1,1,1,2,5,8,2,1,1,1,2,1,2,1,4,65000,1,1,1,0
1,1,2,1,1,2,2,1,1,1,7,1,2,1,3,145000,1,1,1,0
1,1,2,1,1,3,3,1,1,1,7,1,2,1,2,100000,1,1,1,0
1,1,2,1,1,5,3,4,1,1,2,1,1,1,4,2000000,1,1,1,0
1,1,6,1,1,8,2,3,1,1,5,1,1,1,1,23500,1,1,1,0
1,1,2,5,6,5,1,3,1,1,7,1,1,1,1,44000,1,1,1,0
1,1,2,8,1,8,3,3,1,1,7,1,1,1,4,68500,1,1,1,0
2,1,2,1,13,2,2,3,1,1,7,1,2,1,4,107000,1,1,1,0
1,1,1,1,2,5,1,1,1,1,4,1,2,1,1,120000,1,1,1,0
1,1,9,7,3,8,2,3,1,1,8,1,1,1,4,64000,1,1,1,0
1,1,2,1,3,4,2,1,1,1,2,1,1,1,1,2000000,1,1,1,0
1,2,2,9,3,4,3,1,1,1,2,2,1,1,4,154000,1,1,1,0
1,1,4,1,1,5,2,1,1,1,1,1,2,1,2,120000,1,1,1,0
1,1,2,1,1,1,2,4,1,1,5,1,2,1,4,105000,1,1,1,0
2,1,2,1,1,6,2,4,2,3,6,1,1,1,4,71000,1,1,1,0
1,1,1,1,13,2,2,1,1,1,5,1,1,1,3,89100,1,1,1,0
1,1,2,6,2,4,2,4,1,1,8,1,1,1,4,72100,1,1,1,0
1,1,2,1,1,6,2,4,1,1,4,1,1,1,4,132000,1,1,1,0
1,2,1,1,1,6,3,3,1,1,7,1,1,1,1,97000,1,1,1,0
1,1,1,10,1,2,1,1,1,1,7,1,1,1,3,153000,1,1,1,0
1,1,6,1,1,3,2,1,1,1,7,1,2,1,2,106000,1,1,1,0
1,1,1,5,14,1,1,4,1,1,1,1,1,1,4,167000,1,1,1,0
1,1,2,1,4,5,1,2,1,1,4,1,1,1,4,135000,1,1,1,0
1,1,2,1,1,7,2,4,1,1,7,1,1,1,4,240000,1,1,1,0
1,1,2,1,1,3,2,3,1,1,7,4,1,1,4,150000,1,1,1,0
1,1,6,3,2,5,2,4,1,1,5,1,2,1,2,85000,1,1,1,0
1,1,3,1,3,7,2,2,1,1,5,1,2,1,4,94000,1,1,1,0
1,1,6,9,2,4,3,4,1,1,5,1,1,1,1,660000,1,1,1,0
2,1,3,3,11,9,1,2,1,2,1,1,2,1,2,90000,1,1,1,0
1,1,2,6,3,5,3,4,2,1,1,2,1,1,1,122000,1,1,1,0
1,1,2,3,1,4,2,1,1,1,4,1,1,1,1,65000,1,1,1,0
2,1,2,1,5,1,3,3,1,1,7,4,1,1,4,144000,1,1,1,0
2,1,2,1,1,6,2,1,1,1,1,1,1,1,4,72000,1,1,1,0
1,1,3,1,1,1,3,2,1,1,1,5,1,1,4,96000,1,1,1,0
1,1,3,10,6,9,2,1,2,2,7,1,1,1,4,145000,1,1,1,0
1,1,2,8,1,4,3,2,1,1,1,4,1,1,4,75000,1,1,1,0
1,1,6,1,2,4,1,1,1,1,7,1,1,1,1,58000,1,1,1,0
1,1,2,7,1,4,1,3,1,1,7,4,1,1,4,85000,1,1,1,0
1,2,3,6,11,5,3,4,1,1,2,5,1,1,4,24000,1,1,1,0
1,1,2,1,6,2,2,3,1,1,5,1,2,1,3,110000,1,1,1,0
2,1,2,1,2,3,3,3,1,1,5,2,2,1,2,115000,1,1,1,0
1,2,3,6,1,1,3,2,1,1,7,4,1,1,4,125000,1,1,1,0
1,1,2,4,1,4,3,1,2,1,7,2,1,1,4,80000,1,1,1,0
1,1,3,1,11,2,2,3,1,1,7,1,2,1,3,200000,1,1,1,0
1,1,2,1,2,8,3,2,1,1,7,5,1,1,4,95000,1,1,1,0
1,1,2,4,2,8,2,1,1,2,8,3,1,1,4,100000,1,1,1,0
1,1,2,6,1,6,2,4,1,1,7,5,1,1,4,130000,1,1,1,0
1,1,1,1,1,3,2,4,1,1,7,1,1,1,2,115000,1,1,1,0
1,1,2,1,1,1,3,4,1,1,7,1,2,1,4,130000,1,1,1,0
1,1,2,3,1,6,2,1,1,1,1,1,1,1,1,684000,1,1,1,0
2,1,3,7,10,10,2,4,1,1,1,1,2,1,3,230000,1,1,1,0
1,1,2,1,1,4,2,4,2,3,7,1,1,1,4,280000,1,1,1,0
2,1,2,1,1,5,2,1,1,1,2,2,1,1,4,60000,1,1,1,0
1,1,2,1,1,6,1,4,1,1,7,1,1,1,4,108000,1,1,1,0
2,1,2,2,6,7,2,3,2,1,1,1,1,1,4,112000,1,1,1,0
1,1,2,1,1,7,1,4,1,1,5,1,1,1,4,120000,1,1,1,0
1,1,1,9,1,5,1,1,1,1,5,5,1,1,1,55000,1,1,1,0
1,1,2,1,1,6,2,4,1,1,1,1,1,1,4,70000,1,1,1,0
1,3,2,1,1,5,2,3,1,1,5,1,1,1,2,85000,1,1,1,0
1,1,2,6,18,6,2,3,1,1,8,1,1,1,4,109300,1,1,1,0
1,1,2,3,1,6,2,3,1,1,2,1,1,1,4,84000,1,1,1,0
1,1,3,1,1,6,3,4,1,1,7,1,2,1,4,150000,1,1,1,0
1,1,3,1,1,4,2,4,1,1,7,5,1,1,4,85000,1,1,1,0
1,1,2,1,1,4,2,4,1,1,7,1,1,1,4,87360,1,1,1,0
1,1,1,3,1,3,3,3,1,1,7,1,2,1,2,97500,1,1,1,0
1,1,1,1,1,1,2,1,1,1,7,1,1,1,4,43000,1,1,1,0
1,1,5,9,13,2,3,1,1,1,3,1,2,1,5,1620000,1,1,1,0
1,1,2,1,1,4,1,3,1,1,7,2,1,1,4,67000,1,1,1,0
1,1,3,4,7,6,3,4,1,1,2,1,2,1,3,110000,1,1,1,0
1,1,2,1,1,5,3,4,1,1,2,1,1,1,4,102500,1,1,1,0
1,1,3,1,3,9,2,1,1,1,6,1,2,1,2,270000,1,1,1,0
1,1,4,1,11,4,2,4,1,1,2,1,1,1,4,52000,1,1,1,0
2,1,3,1,3,2,3,3,1,1,1,1,2,1,3,110000,1,1,1,0
1,1,2,2,1,5,2,2,1,1,2,1,1,1,4,70500,1,1,1,0
1,1,2,1,1,5,3,4,1,1,8,1,2,1,2,80000,1,1,1,0
2,1,2,1,2,5,2,1,1,3,2,1,1,1,1,62000,1,1,1,0
1,1,3,9,1,9,2,4,1,1,6,1,1,1,2,180000,1,1,1,0
1,1,2,2,15,1,2,1,1,1,7,1,1,1,4,85000,1,1,1,0
1,1,6,1,1,9,2,1,1,1,1,1,1,1,2,108000,1,1,1,0
1,1,3,6,1,3,2,1,2,1,7,1,2,1,2,118000,1,1,1,0
1,2,1,1,16,4,2,3,2,2,6,1,1,1,1,10000,1,1,1,0
1,1,1,1,1,6,2,1,1,1,2,1,2,1,2,147500,1,1,1,0
1,1,2,1,1,4,2,2,1,1,7,1,1,1,4,65000,1,1,1,0
1,2,1,1,1,4,3,4,1,1,7,1,1,1,1,420000,1,1,1,0
1,1,3,1,1,2,2,1,1,1,1,1,1,1,3,150000,1,1,1,0
1,1,2,1,1,6,1,1,1,1,2,1,2,1,4,120000,1,1,1,0
2,1,6,3,1,3,2,2,1,1,7,1,2,1,4,300000,1,1,1,0
2,1,2,3,1,3,3,2,1,1,6,1,2,1,2,110000,1,1,1,0
1,1,2,2,3,8,3,3,2,2,1,4,1,1,4,95000,1,1,1,0
1,1,2,9,11,5,3,3,1,1,8,1,1,1,4,155000,1,1,1,0
1,1,3,9,11,8,2,3,1,1,1,1,2,1,4,40000,1,1,1,0
1,2,2,6,1,8,2,1,1,1,8,1,1,1,1,70000,1,1,1,0
1,1,3,6,5,1,1,4,1,1,2,2,1,1,4,70000,1,1,1,0
1,1,2,1,3,4,2,4,1,3,7,1,1,1,1,100000,1,1,1,0
1,1,2,7,1,5,2,4,2,1,7,1,1,1,4,85000,1,1,1,0
2,1,1,3,1,6,2,3,1,1,1,1,2,1,4,140000,1,1,1,0
1,1,3,4,1,4,3,3,2,1,7,1,1,1,2,92000,1,1,1,0
1,1,1,1,14,9,2,1,1,1,2,2,2,1,2,150000,1,1,1,0
1,1,2,1,1,1,2,1,1,1,7,1,1,1,4,88000,1,1,1,0
1,1,2,1,1,6,2,2,1,3,7,1,1,1,4,225000,1,1,1,0
1,1,2,5,1,7,3,2,1,1,8,1,2,1,4,93000,1,1,1,0
1,3,3,10,11,5,3,2,1,1,1,6,2,1,4,70000,1,1,1,0
2,1,2,1,2,4,2,2,1,1,7,2,1,1,1,132000,1,1,1,0
1,1,9,1,1,6,3,1,1,1,1,1,1,1,4,68000,1,1,1,0
1,1,2,3,1,7,3,4,1,1,7,1,2,1,2,960000,1,1,1,0
2,1,1,8,1,5,2,3,1,1,7,1,2,1,4,89000,1,1,1,0
1,1,3,6,3,6,1,4,1,1,1,6,2,1,4,200000,1,1,1,0
1,1,3,6,1,1,2,4,1,1,7,1,2,1,4,138000,1,1,1,0
2,1,2,1,1,5,3,4,1,1,2,1,2,1,4,50000,1,1,1,0
1,1,2,4,12,6,1,2,1,1,8,1,1,1,2,100000,1,1,1,0
1,1,2,1,1,1,3,3,1,1,2,1,2,1,4,80000,1,1,1,0
1,1,2,1,1,1,3,3,1,1,7,1,1,1,4,85000,1,1,1,0
1,1,2,1,1,5,1,1,1,1,7,1,1,1,4,80000,1,1,1,0
1,1,2,1,1,6,2,3,1,1,2,1,2,1,4,115000,1,1,1,0
1,3,1,1,13,4,2,4,1,1,7,1,1,1,1,28000,1,1,1,0
1,1,2,6,1,6,2,3,1,1,7,1,1,1,4,95200,1,1,1,0
2,1,2,1,1,4,2,2,1,1,7,1,1,1,4,100000,1,1,1,0
2,2,2,1,1,6,2,1,1,1,1,1,1,1,4,21000,1,1,1,0
1,1,2,1,1,7,2,1,1,1,1,1,2,1,2,134000,1,1,1,0
1,1,2,6,5,1,2,4,1,1,7,1,1,1,4,115000,1,1,1,0
1,1,2,1,1,1,3,4,1,2,6,1,1,1,1,110000,1,1,1,0
1,1,1,9,3,5,3,3,1,1,7,1,2,1,4,109400,1,1,1,0
2,1,2,7,1,5,2,2,1,1,4,1,2,1,3,95000,1,1,1,0
1,1,4,3,6,2,2,4,1,1,5,1,1,1,5,96000,1,1,1,0
2,1,2,11,3,4,2,4,2,1,7,3,1,1,4,62500,1,1,1,0
1,1,2,10,7,5,3,3,1,2,5,1,1,1,4,78413,1,1,1,0
1,1,1,8,1,3,2,4,1,1,7,1,2,1,2,94000,1,1,1,0
2,1,2,6,3,1,3,3,1,1,1,1,2,1,4,113000,1,1,1,0
1,1,2,1,1,5,1,1,1,1,1,1,1,1,1,120000,1,1,1,0
1,1,1,3,1,6,2,4,1,1,7,6,2,1,4,45000,1,1,1,0
1,1,2,10,4,5,2,1,2,2,7,1,1,1,4,93000,1,1,1,0
2,1,2,5,3,1,2,4,1,1,5,1,1,1,4,85000,1,1,1,0
1,1,2,1,1,5,1,2,1,1,7,5,1,1,1,101000,1,1,1,0
1,2,2,8,3,4,3,4,1,1,2,4,2,1,4,40000,1,1,1,0
2,1,2,1,3,5,2,2,1,1,7,1,1,1,4,80000,1,1,1,0
1,2,3,1,2,5,2,1,1,1,9,1,2,1,4,118000,1,1,1,0
1,1,1,1,2,6,1,1,1,1,4,1,1,1,4,2000000,1,1,1,0
1,1,2,1,3,4,3,4,1,1,7,1,1,1,4,150000,1,1,1,0
1,1,4,1,11,5,2,1,1,1,7,1,1,1,4,61000,1,1,1,0
1,1,2,1,2,6,1,3,1,1,1,1,1,1,4,65000,1,1,1,0
1,1,2,1,1,3,2,4,2,1,5,3,1,1,4,140000,1,1,1,0
1,1,2,1,1,1,2,2,1,1,1,1,1,1,4,110000,1,1,1,0
1,1,2,1,1,5,3,3,1,1,1,1,1,1,1,83000,1,1,1,0
1,1,2,5,2,1,2,1,1,1,6,1,1,1,4,132000,1,1,1,0
1,1,2,1,1,6,1,2,1,1,7,1,1,1,1,80000,1,1,1,0
1,1,2,3,1,7,3,3,1,1,1,1,1,1,4,85000,1,1,1,0
1,1,2,6,1,7,3,1,1,1,7,1,2,1,2,130000,1,1,1,0
1,1,1,1,13,5,3,4,2,3,6,1,1,1,1,115000,1,1,1,0
2,1,2,1,1,5,2,2,1,1,7,1,1,1,1,87500,1,1,1,0
2,1,2,1,6,1,3,4,1,1,1,1,1,1,4,109000,1,1,1,0
1,1,2,1,1,3,3,1,1,1,2,1,2,1,2,120000,1,1,1,0
1,1,2,4,1,10,3,3,1,1,1,1,2,1,3,230000,1,1,1,0
1,1,4,3,5,1,3,1,1,1,7,1,2,1,2,120000,1,1,1,0
1,1,2,1,1,3,3,1,1,1,9,4,2,1,2,153000,1,1,1,0
1,3,4,1,1,6,2,1,1,1,1,1,1,1,1,44000,1,1,1,0
1,1,2,4,3,4,3,1,2,3,7,1,1,1,4,110000,1,1,1,0
1,2,2,1,11,6,1,2,1,1,7,1,1,1,1,90000,1,1,1,0
2,1,3,2,2,1,2,3,1,2,1,1,1,1,4,80000,1,1,1,0
1,1,3,1,1,9,1,2,1,1,6,1,1,1,2,330000,1,1,1,0
1,1,2,1,12,5,2,4,2,1,8,1,1,1,4,72000,1,1,1,0
1,2,3,1,2,5,3,3,1,1,1,2,1,1,1,62000,1,1,1,0
1,1,6,9,3,4,2,2,1,1,7,1,2,1,4,105000,1,1,1,0
2,1,2,10,1,10,3,3,1,1,5,1,2,1,2,100000,1,1,1,0
2,1,2,6,1,9,1,1,1,1,7,1,2,1,2,2000000,1,1,1,0
1,1,2,4,1,8,2,1,1,3,2,4,1,1,1,2000000,1,1,1,0
1,1,2,6,18,4,2,2,1,2,7,1,1,1,1,71000,1,1,1,0
2,1,2,9,4,8,3,3,1,1,8,1,1,1,1,54000,1,1,1,0
1,1,2,1,1,7,2,2,1,1,1,1,1,1,4,120000,1,1,1,0
1,1,3,1,3,6,2,4,1,1,2,5,2,1,4,155000,1,1,1,0
1,3,2,9,13,4,2,4,2,1,7,1,1,1,1,55000,1,1,1,0
1,2,3,7,4,8,3,4,2,1,7,3,1,1,4,75000,1,1,1,0
1,1,2,7,1,4,2,4,1,1,1,2,1,1,4,74750,1,1,1,0
1,1,2,1,2,1,2,1,1,1,2,1,1,1,4,100000,1,1,1,0
1,1,2,7,14,5,1,3,1,1,2,1,1,1,4,145000,1,1,1,0
1,1,3,6,1,5,2,1,1,1,5,5,2,1,2,102000,1,1,1,0
1,1,2,7,2,4,3,4,2,1,1,1,1,1,4,85000,1,1,1,0
1,1,5,1,1,2,2,2,1,1,7,1,2,1,3,160000,1,1,1,0
1,1,2,1,1,5,2,3,1,1,8,1,1,1,4,121000,1,1,1,0
1,1,2,1,1,1,2,4,1,1,7,1,1,1,4,60000,1,1,1,0
1,1,2,9,1,1,2,4,1,1,1,1,1,1,1,50000,1,1,1,0
1,1,2,8,8,8,2,1,1,1,5,1,1,1,4,58000,1,1,1,1
2,1,3,2,1,2,3,3,1,1,6,1,2,1,5,120000,1,1,1,0
1,1,2,1,1,7,2,1,1,1,7,1,1,1,4,81000,1,1,1,0
1,1,2,1,1,4,3,3,1,1,1,1,1,1,4,70000,1,1,1,0
1,1,1,1,1,2,3,4,1,1,4,1,2,1,2,75000,1,1,1,0
2,1,2,4,1,4,2,1,1,1,1,1,1,1,4,75000,1,1,1,0
1,1,2,1,1,6,2,1,1,1,5,1,2,1,4,82000,1,1,1,0
1,1,2,1,14,2,2,3,1,3,5,1,1,1,3,115000,1,1,1,0
1,1,1,1,1,1,2,2,1,3,5,1,1,1,4,80000,1,1,1,0
1,1,2,1,1,5,3,2,1,1,5,2,1,1,4,90000,1,1,1,0
1,1,2,1,5,7,2,1,1,3,7,4,1,1,4,153000,1,1,1,0
1,1,3,6,1,6,2,3,1,1,7,1,2,1,4,120000,1,1,1,0
1,1,9,7,1,7,3,3,1,1,8,1,2,1,4,100000,1,1,1,0
1,1,2,1,1,9,2,2,1,1,7,1,2,1,2,200000,1,1,1,0
1,1,2,1,1,6,2,3,1,1,8,1,1,1,4,130000,1,1,1,0
1,1,1,12,1,11,3,2,2,1,7,1,1,1,2,120000,1,1,1,0
1,1,2,9,1,6,2,3,1,1,6,1,1,1,1,80000,1,1,1,0
1,1,3,10,11,4,2,4,1,1,7,1,2,1,4,105000,1,1,1,0
1,1,1,3,1,3,1,2,1,1,7,5,2,1,4,134000,1,1,1,0
1,1,2,4,3,8,2,4,1,1,6,1,1,1,1,45000,1,1,1,0
2,1,2,1,1,11,3,1,1,1,7,1,2,1,2,78000,1,1,1,0
1,2,3,3,1,3,2,1,1,1,1,1,2,1,4,90000,1,1,1,0
1,1,4,12,14,7,2,3,1,1,7,1,2,1,4,95000,1,1,1,0
1,1,2,4,6,4,3,2,1,3,1,1,1,1,4,75000,1,1,1,0
1,1,3,1,1,2,2,1,1,1,5,1,2,1,3,169776,1,1,1,0
1,1,3,9,2,1,3,2,1,1,7,1,1,1,4,150000,1,1,1,0
1,1,3,1,1,6,2,1,1,1,1,1,1,1,4,180000,1,1,1,0
1,1,2,1,1,5,2,4,1,1,5,1,1,1,4,70000,1,1,1,0
1,1,2,1,1,6,2,1,1,1,5,5,1,1,4,132500,1,1,1,0
1,1,2,5,3,4,1,2,1,1,1,1,1,1,1,130000,1,1,1,0
2,1,3,1,4,5,1,3,1,1,7,1,1,1,4,2000000,1,1,1,0
1,3,1,8,1,6,2,2,1,1,4,1,1,1,4,95000,1,1,1,0
1,1,2,4,6,3,2,3,1,1,5,1,2,1,3,153000,1,1,1,0
1,1,2,1,1,4,2,1,1,1,5,1,1,1,4,75000,1,1,1,0
2,1,2,1,2,3,3,1,1,1,2,5,2,1,4,215000,1,1,1,0
1,1,1,8,1,2,2,1,1,1,1,1,1,1,5,105000,1,1,1,0
1,1,4,5,2,1,2,1,1,1,5,1,1,1,3,45800,1,1,1,0
1,1,2,1,1,5,3,1,1,1,7,1,2,1,4,120000,1,1,1,0
1,1,1,12,11,6,1,1,1,1,1,1,2,1,2,78213,1,1,1,0
2,1,3,1,11,1,3,4,1,1,2,1,1,1,4,56000,1,1,1,0
1,1,2,1,1,7,2,2,1,1,7,1,1,1,4,170000,1,1,1,0
2,1,3,1,1,6,2,1,1,3,1,1,1,1,4,150000,1,1,1,0
1,1,3,10,3,4,2,4,1,1,1,1,1,1,4,200000,1,1,1,0
2,1,3,8,2,8,3,1,1,1,1,1,2,1,2,50000,1,1,1,0
1,1,3,6,5,4,2,3,1,1,1,5,1,1,4,85000,1,1,1,0
1,3,2,3,8,5,2,4,1,1,1,1,2,1,4,72000,1,1,1,1
2,1,2,5,3,5,2,4,2,1,4,1,1,1,2,82000,1,1,1,0
1,1,2,8,6,5,2,3,1,1,7,3,1,1,4,146000,1,1,1,0
1,1,8,3,1,5,1,1,1,1,7,1,2,1,4,135000,1,1,1,0
1,1,2,4,1,8,3,1,1,1,2,1,2,1,1,75000,1,1,1,0
2,1,2,6,4,7,1,1,1,1,7,5,1,1,4,205000,1,1,1,0
2,1,5,1,14,9,1,1,1,1,6,1,2,1,2,340000,1,1,1,0
1,3,2,2,7,4,2,2,2,1,5,1,2,1,2,125000,1,1,1,0
1,1,2,3,6,1,2,1,1,1,6,1,1,1,4,100000,1,1,1,0
1,1,2,1,1,4,3,4,1,1,2,4,1,1,4,75000,1,1,1,0
1,1,3,6,1,3,1,1,1,1,1,1,2,1,2,119000,1,1,1,0
1,1,2,4,3,4,3,4,2,2,7,1,1,1,4,1020000,1,1,1,0
1,1,5,9,1,7,1,3,2,4,6,1,1,1,4,100000,1,1,1,0
1,1,2,1,14,10,3,1,1,1,1,1,2,1,2,163000,1,1,1,0
1,1,2,1,1,3,2,1,1,1,7,1,1,1,4,80000,1,1,1,0
1,1,1,1,1,9,2,3,1,1,5,1,2,1,2,140000,1,1,1,0
1,1,2,1,1,3,2,3,1,1,1,1,2,1,4,130000,1,1,1,0
1,1,2,1,1,1,3,3,1,1,7,4,1,1,4,100000,1,1,1,0
1,1,3,1,6,1,3,3,1,1,1,1,1,1,4,90000,1,1,1,0
1,1,2,6,18,4,2,4,1,1,8,4,1,1,4,65000,1,1,1,0
2,1,2,1,5,5,2,1,1,1,7,1,1,1,4,145000,1,1,1,0
1,3,1,5,1,7,2,4,1,1,4,3,1,1,4,48000,1,1,1,0
1,1,2,1,1,1,1,4,1,1,7,1,2,1,4,60000,1,1,1,0
2,1,2,1,1,3,2,3,1,1,6,1,1,1,4,101088,1,1,1,0
1,1,3,1,1,1,3,3,1,1,1,1,1,1,4,120000,1,1,1,0
1,1,3,1,18,10,2,3,1,1,6,1,2,1,3,130000,1,1,1,0
1,1,2,4,11,6,2,1,1,1,7,1,1,1,3,119000,1,1,1,0
2,3,3,1,10,2,2,4,1,1,3,4,1,1,3,80000,1,1,1,0
1,1,2,10,1,2,2,2,1,1,5,1,2,1,2,100000,1,1,1,0
2,1,2,1,12,1,2,4,1,1,7,1,1,1,4,160000,1,1,1,0
1,1,2,1,2,2,2,1,1,1,7,1,2,1,2,125000,1,1,1,0
1,1,4,8,1,9,2,2,1,1,5,1,1,1,2,109000,1,1,1,0
2,1,2,1,1,1,1,1,1,1,7,1,1,1,4,78000,1,1,1,0
1,1,2,6,1,1,3,3,1,1,1,1,1,1,4,167000,1,1,1,0
2,1,1,12,1,5,2,4,1,1,2,1,1,1,4,100000,1,1,1,0
1,1,1,1,1,5,2,1,1,1,1,1,1,1,1,113500,1,1,1,0
1,1,2,1,18,5,2,1,1,1,1,1,1,1,1,66000,1,1,1,0
2,1,1,12,13,3,1,1,1,1,5,1,1,1,2,170000,1,1,1,0
1,1,2,1,2,4,2,1,1,1,1,1,1,1,4,2000000,1,1,1,0
1,1,2,1,1,9,2,3,1,1,6,1,1,1,4,180000,1,1,1,0
1,1,2,6,12,5,2,4,1,1,2,1,1,1,4,116458,1,1,1,0
1,1,2,1,1,6,2,1,1,1,7,1,1,1,4,75000,1,1,1,0
2,1,2,1,1,5,3,4,1,1,7,1,1,1,4,134000,1,1,1,0
1,1,2,1,1,7,2,3,1,1,6,1,1,1,2,65000,1,1,1,0
2,1,3,1,4,3,2,3,1,1,7,1,2,1,2,105000,1,1,1,0
1,1,2,1,1,3,3,1,1,1,5,1,2,1,2,145000,1,1,1,0
2,1,2,5,6,4,2,1,2,1,4,1,1,1,4,51000,1,1,1,0
2,1,2,1,1,6,2,1,2,1,1,2,1,1,4,110000,1,1,1,0
1,1,3,1,5,2,3,2,1,1,6,2,1,1,5,176000,1,1,1,0
2,1,2,8,1,7,3,3,1,1,7,1,2,1,5,101000,1,1,1,0
1,1,3,1,1,7,3,1,1,1,5,5,2,1,2,127000,1,1,1,0
1,1,2,1,3,5,2,3,2,1,8,1,1,1,4,141900,1,1,1,0
1,1,1,1,1,2,3,3,1,3,2,1,1,1,3,190000,1,1,1,0
1,1,2,1,1,6,2,2,1,1,1,6,2,1,4,125000,1,1,1,0
1,1,2,1,1,7,2,1,1,1,7,1,1,1,2,1152000,1,1,1,0
1,1,2,1,1,2,3,3,1,1,2,1,2,1,3,2000000,1,1,1,0
2,1,2,12,1,7,2,3,1,1,1,1,1,1,2,120000,1,1,1,0
1,1,3,1,1,7,3,2,1,1,1,1,1,1,3,107000,1,1,1,0
2,1,3,6,1,5,3,4,1,1,8,5,1,1,4,272000,1,1,1,0
1,1,2,1,6,3,2,2,1,1,8,6,1,1,3,86000,1,1,1,0
1,1,4,1,1,2,2,4,1,1,2,1,2,1,5,129000,1,1,1,0
1,1,3,3,1,1,3,4,2,1,4,1,2,1,4,80000,1,1,1,0
1,1,2,1,2,5,2,2,1,1,7,1,1,1,4,2000000,1,1,1,0
1,1,2,1,1,5,2,1,2,3,5,2,1,1,1,89000,1,1,1,0
1,1,2,8,1,4,2,2,1,1,6,1,1,1,1,50000,1,1,1,0
1,1,1,5,1,5,3,1,1,1,2,1,1,1,1,56000,1,1,1,0
1,1,2,1,18,6,2,4,1,1,7,4,1,1,4,120000,1,1,1,0
1,1,2,9,1,7,3,2,1,1,1,1,2,1,2,85000,1,1,1,0
1,1,2,1,1,1,1,2,1,1,1,1,1,1,4,85000,1,1,1,0
1,1,2,1,1,5,2,1,1,1,7,5,1,1,4,100000,1,1,1,0
1,1,2,7,1,1,2,3,1,1,7,1,2,1,4,110000,1,1,1,0
2,1,2,8,10,3,3,3,1,1,1,1,2,1,2,175000,1,1,1,0
2,1,2,1,1,4,3,1,1,1,8,1,1,1,4,68000,1,1,1,0
1,1,2,1,1,5,2,4,1,1,4,1,1,1,4,62500,1,1,1,0
2,1,2,6,2,3,3,2,1,1,1,1,2,1,3,120000,1,1,1,0
1,1,2,1,1,5,2,1,1,1,6,1,1,1,2,103000,1,1,1,0
1,1,2,1,2,5,1,2,1,2,6,1,1,1,4,90000,1,1,1,0
1,1,3,10,10,1,2,2,1,1,8,4,1,1,4,2000000,1,1,1,0
2,1,2,1,6,2,2,4,2,2,2,1,1,1,3,85000,1,1,1,0
1,1,2,1,6,5,2,2,1,1,4,1,1,1,4,115000,1,1,1,0
1,1,1,1,15,3,2,3,1,1,1,1,2,1,3,160000,1,1,1,0
1,1,2,1,3,4,2,1,1,1,1,4,2,1,2,122000,1,1,1,0
1,1,2,1,1,4,3,4,1,1,1,1,1,1,1,115000,1,1,1,0
1,1,5,9,2,3,3,3,1,1,2,1,2,1,3,120000,1,1,1,0
2,1,2,1,2,4,3,3,1,1,7,1,1,1,4,90000,1,1,1,0
1,1,5,9,1,1,2,1,1,1,7,1,1,1,1,163000,1,1,1,0
1,1,2,7,1,4,2,1,1,1,1,1,1,1,4,12500,1,1,1,0
2,3,1,6,1,4,3,3,1,1,1,1,1,1,1,60000,1,1,1,0
1,1,2,7,1,4,3,2,1,1,1,1,1,1,4,90000,1,1,1,0
1,1,2,1,2,11,2,1,1,1,7,1,2,1,2,120000,1,1,1,0
1,1,1,1,1,10,1,4,1,1,7,7,2,1,2,100000,1,1,1,0
2,1,2,3,2,9,2,1,1,1,1,1,2,1,2,94000,1,1,1,0
1,1,2,1,1,7,3,2,1,1,1,1,1,1,4,234000,1,1,1,0
2,1,2,7,6,1,2,4,1,1,1,1,2,1,4,108000,1,1,1,0
1,1,3,6,18,1,2,1,1,1,1,1,1,1,1,110000,1,1,1,0
1,2,1,1,1,4,2,3,2,1,1,1,1,1,1,28750,1,1,1,0
1,3,4,8,1,4,2,4,1,1,7,1,2,1,2,75000,1,1,1,0
1,1,2,1,1,4,2,1,1,1,8,1,1,1,1,165000,1,1,1,0
1,1,2,1,1,6,2,4,1,1,7,1,1,1,2,35000,1,1,1,0
2,1,2,1,1,6,2,1,2,3,6,1,2,1,4,130000,1,1,1,0
1,1,2,1,11,5,3,1,1,1,4,1,2,1,4,109500,1,1,1,0
2,1,2,1,1,5,1,1,1,1,2,1,1,1,4,57000,1,1,1,0
2,1,2,1,13,4,4,1,1,1,1,1,1,1,1,75000,1,1,1,0
1,3,1,3,12,1,2,4,1,1,7,1,1,1,1,53000,1,1,1,0
1,1,2,3,1,7,3,1,1,1,2,1,2,1,2,76960,1,1,1,0
2,1,2,4,3,8,2,1,1,1,7,2,2,1,2,98800,1,1,1,0
1,1,2,1,1,6,2,4,1,1,5,1,1,1,4,93000,1,1,1,0
1,1,2,1,1,2,2,1,1,1,7,1,2,1,2,90000,1,1,1,0
1,1,2,1,2,7,2,1,1,3,4,1,1,1,4,80614,1,1,1,0
1,1,4,1,1,5,3,1,1,1,1,1,2,1,4,90000,1,1,1,0
1,1,2,1,1,6,2,4,1,1,7,1,1,1,4,130000,1,1,1,0
1,1,3,6,1,9,2,4,1,1,5,1,1,1,3,140000,1,1,1,0
1,1,2,1,18,5,2,3,1,1,1,1,2,1,4,85000,1,1,1,0
1,1,2,1,3,1,2,1,2,4,1,1,1,1,4,113000,1,1,1,0
1,1,4,1,5,4,3,3,1,1,4,3,2,1,4,55000,1,1,1,0
1,1,2,6,6,4,3,1,1,1,7,1,2,1,4,76000,1,1,1,0
1,1,2,1,12,1,2,4,2,1,7,1,2,1,4,82000,1,1,1,0
1,2,1,1,1,11,1,4,1,1,9,1,1,1,2,140000,1,1,1,0
1,1,2,1,1,9,2,1,1,1,7,1,2,1,2,105000,1,1,1,0
1,1,2,1,1,6,1,4,1,1,7,1,1,1,4,145000,1,1,1,0
2,1,2,1,1,3,1,2,1,1,5,1,2,1,2,140000,1,1,1,0
1,2,3,1,1,7,1,4,1,1,1,1,1,1,4,250000,1,1,1,0
1,2,1,1,1,5,3,4,1,1,5,7,1,1,1,80000,1,1,1,0
1,1,2,1,1,4,2,4,1,1,7,2,1,1,4,73000,1,1,1,0
1,1,1,8,2,9,2,1,1,1,1,1,2,1,2,129000,1,1,1,0
1,1,6,7,1,4,3,1,1,1,7,1,1,1,4,5000,1,1,1,0
1,1,2,1,12,3,2,4,1,1,7,4,2,1,4,100000,1,1,1,0
1,1,5,9,1,7,2,1,1,1,6,1,1,1,4,2000000,1,1,1,0
2,1,4,3,1,7,2,1,1,1,4,1,2,1,3,63000,1,1,1,0
1,1,3,9,1,4,3,4,1,1,1,1,1,1,4,82000,1,1,1,0
1,1,2,1,5,1,3,1,1,1,7,1,1,1,4,110000,1,1,1,0
1,2,1,1,1,5,2,4,1,1,7,1,1,1,1,82500,1,1,1,0
1,1,3,9,4,4,2,4,1,1,8,1,1,1,4,55000,1,1,1,0
1,1,2,1,1,5,3,4,1,1,2,1,1,1,1,85000,1,1,1,0
1,1,2,10,1,2,2,1,1,1,7,1,2,1,5,132000,1,1,1,0
1,1,2,8,12,4,2,4,1,1,5,1,1,1,4,122000,1,1,1,0
1,1,2,1,1,5,3,3,1,1,8,1,1,1,4,145000,1,1,1,0
1,2,2,1,13,1,2,2,1,1,7,1,1,1,4,105000,1,1,1,0
1,1,2,1,1,7,2,4,1,1,2,2,1,1,2,120000,1,1,1,0
1,1,1,12,2,1,2,3,1,1,7,1,2,1,2,125000,1,1,1,0
2,1,2,6,1,5,2,1,1,1,7,2,1,1,4,60000,1,1,1,0
1,1,3,1,1,7,1,2,1,1,6,7,2,1,4,260000,1,1,1,0
1,1,2,1,3,1,1,4,1,1,7,1,1,1,4,73000,1,1,1,0
2,1,2,1,1,3,2,1,1,1,7,1,1,1,4,93000,1,1,1,0
2,1,2,7,13,1,3,2,1,1,6,1,1,1,4,170000,1,1,1,0
1,3,2,10,4,4,3,2,1,1,1,1,1,1,4,85000,1,1,1,0
1,1,2,4,2,8,2,2,2,1,8,1,1,1,1,75000,1,1,1,0
1,1,2,2,2,7,2,1,2,1,5,1,1,1,4,147000,1,1,1,0
1,1,2,1,1,1,2,4,1,3,5,1,1,1,4,74000,1,1,1,0
2,1,2,2,1,10,3,1,1,1,6,1,2,1,3,140000,1,1,1,0
2,1,1,7,2,3,3,2,1,1,5,1,2,1,2,127000,1,1,1,0
1,1,2,1,2,5,1,1,1,1,1,1,1,1,4,49000,1,1,1,0
1,1,2,9,8,7,3,1,1,1,7,1,2,1,2,110000,1,1,1,1
1,1,2,10,1,5,1,2,2,2,2,1,1,1,4,80000,1,1,1,0
1,1,2,1,2,5,1,2,1,1,2,1,1,1,4,72000,1,1,1,0
1,1,1,1,1,7,1,1,1,1,1,1,2,1,4,171000,1,1,1,0
2,1,2,1,1,6,3,1,1,1,4,1,1,1,4,106000,1,1,1,0
1,1,1,1,2,2,2,1,1,1,7,1,2,1,3,135000,1,1,1,0
1,1,2,1,13,6,2,1,1,1,1,4,1,1,4,70000,1,1,1,0
1,1,2,1,5,5,2,3,1,1,5,1,1,1,4,166000,1,1,1,0
1,1,1,12,1,8,3,1,1,2,2,1,1,1,2,60000,1,1,1,0
1,1,2,6,1,10,1,4,1,1,7,1,1,1,4,125000,1,1,1,0
2,1,4,1,2,3,3,3,1,1,4,1,2,1,2,110000,1,1,1,0
1,1,2,1,2,2,2,2,1,1,4,1,1,1,3,140000,1,1,1,0
1,1,2,9,1,4,3,1,1,1,5,2,1,1,4,70000,1,1,1,0
1,1,1,1,1,7,2,1,1,1,9,1,2,1,4,138500,1,1,1,0
1,1,2,1,4,1,2,2,1,1,7,5,1,1,4,160000,1,1,1,0
1,1,3,6,1,3,1,4,1,1,6,1,1,1,4,120000,1,1,1,0
1,1,2,7,5,11,2,2,1,1,5,1,1,1,4,130000,1,1,1,0
1,1,2,1,10,7,1,1,1,1,7,2,2,1,2,165000,1,1,1,0
1,1,3,9,11,4,2,3,2,1,1,1,1,1,4,51000,1,1,1,0
1,1,2,1,1,5,3,1,1,1,4,1,1,1,4,80000,1,1,1,0
2,1,2,1,5,1,2,4,1,1,6,6,1,1,4,154000,1,1,1,0
1,1,3,9,18,5,2,4,1,1,8,1,1,1,1,110000,1,1,1,0
1,1,1,1,1,10,3,4,1,1,1,1,2,1,2,137000,1,1,1,0
2,1,2,6,1,5,1,1,2,1,6,4,2,1,4,125000,1,1,1,0
1,1,2,1,1,1,2,4,1,1,1,1,1,1,4,156000,1,1,1,0
1,1,2,6,2,5,2,1,1,1,2,2,1,1,4,100000,1,1,1,0
1,1,2,1,1,1,2,3,1,1,7,1,1,1,4,90000,1,1,1,0
1,1,2,1,18,4,3,3,2,1,7,1,2,1,4,64000,1,1,1,0
1,1,2,1,1,5,3,2,1,1,7,1,1,1,1,120000,1,1,1,0
1,1,1,12,2,7,3,1,1,1,6,1,2,1,2,145000,1,1,1,0
2,1,2,1,2,3,2,1,2,2,1,2,1,1,4,160000,1,1,1,0
1,1,5,6,4,5,3,3,2,1,8,5,1,1,4,128000,1,1,1,0
1,1,2,1,2,1,2,4,1,1,1,1,1,1,1,56000,1,1,1,0
1,1,2,1,13,9,2,3,1,1,2,1,1,1,2,160000,1,1,1,0
1,1,2,6,1,1,2,1,1,1,7,1,1,1,4,72000,1,1,1,0
1,1,2,3,1,3,2,4,1,1,7,1,1,1,4,80000,1,1,1,0
1,1,6,1,1,8,2,1,1,2,2,1,1,1,1,37440,1,1,1,0
1,1,3,1,1,3,3,4,1,1,5,1,2,1,2,128000,1,1,1,0
2,1,1,2,11,5,1,1,1,1,7,1,1,1,4,91500,1,1,1,0
1,2,2,1,8,10,2,3,1,1,3,4,2,1,2,1470000,1,1,1,1
2,1,2,7,1,9,2,1,1,1,4,1,2,1,3,100000,1,1,1,0
1,1,2,1,1,1,2,3,1,1,7,1,1,1,1,55000,1,1,1,0
1,1,3,1,1,6,2,3,1,1,5,1,2,1,2,2000000,1,1,1,0
2,1,2,1,12,1,2,4,1,1,6,3,1,1,4,90000,1,1,1,0
1,1,3,1,1,10,1,2,1,1,7,1,2,1,2,138000,1,1,1,0
1,1,2,3,1,5,1,1,1,1,7,1,1,1,6,46500,1,1,1,0
1,1,7,1,12,7,2,4,1,2,7,4,2,1,2,110000,1,1,1,0
1,1,1,1,1,5,2,4,1,1,8,1,1,1,4,55000,1,1,1,0
1,1,2,5,2,5,2,1,1,1,7,4,2,1,4,43000,1,1,1,0
2,1,3,10,4,1,1,1,1,1,7,1,1,1,4,75000,1,1,1,0
1,1,2,7,1,8,2,4,2,2,7,2,1,1,4,62500,1,1,1,0
1,1,2,1,4,4,2,3,1,1,1,1,1,1,1,76500,1,1,1,0
1,1,6,3,1,5,2,1,1,3,4,1,1,1,4,65000,1,1,1,0
1,2,1,5,1,7,3,1,1,1,1,1,2,1,2,90000,1,1,1,0
1,1,2,7,1,9,2,4,1,1,7,1,2,1,3,130000,1,1,1,0
1,2,3,10,4,1,2,3,1,1,6,1,1,1,2,100000,1,1,1,0
1,1,3,1,5,1,2,4,1,3,5,1,1,1,4,97500,1,1,1,0
1,1,3,1,1,7,2,4,1,1,1,5,2,1,2,100000,1,1,1,0
1,1,3,10,2,11,2,1,1,1,1,1,2,1,3,125000,1,1,1,0
1,1,2,1,3,5,3,3,1,1,1,1,1,1,1,100000,1,1,1,0
1,1,2,6,1,10,2,3,1,1,7,1,2,1,5,133000,1,1,1,0
1,1,1,3,1,3,1,4,1,1,1,1,1,1,4,78200,1,1,1,0
1,1,2,1,1,1,3,1,1,1,7,1,1,1,4,97750,1,1,1,0
1,2,2,1,12,3,1,1,1,1,6,5,1,1,2,180000,1,1,1,0
2,1,2,1,1,7,1,4,1,1,1,1,1,1,4,2000000,1,1,1,0
1,1,3,1,11,7,2,4,1,1,7,2,2,1,2,99000,1,1,1,0
1,3,2,1,5,5,2,3,2,2,7,1,1,1,4,65980,1,1,1,0
1,1,4,1,1,3,1,2,1,1,4,1,1,1,4,50000,1,1,1,0
1,1,2,1,1,2,2,2,1,1,1,1,1,1,3,250000,1,1,1,0
1,2,2,1,2,5,2,1,1,1,2,1,2,1,2,40000,1,1,1,0
1,1,2,3,1,6,2,4,1,1,1,1,1,1,2,1920000,1,1,1,0
1,1,2,3,1,2,1,2,1,1,5,1,2,1,3,155000,1,1,1,0
1,1,2,1,2,5,2,1,1,1,1,5,1,1,4,84000,1,1,1,0
1,1,4,12,1,4,3,2,1,3,7,4,1,1,4,125000,1,1,1,0
1,1,2,1,2,9,2,1,1,1,7,1,2,1,2,114000,1,1,1,0
1,1,2,4,11,5,2,3,1,1,2,1,1,1,4,50000,1,1,1,0
2,1,3,1,1,2,3,1,1,1,1,2,2,1,2,236000,1,1,1,0
1,1,2,1,1,3,1,1,1,1,5,1,1,1,4,77000,1,1,1,0
1,1,1,1,1,5,2,4,1,1,1,1,1,1,1,85000,1,1,1,0
1,1,2,1,1,5,3,2,1,1,7,1,1,1,4,120000,1,1,1,0
1,1,1,2,2,8,3,4,1,1,7,1,2,1,4,50000,1,1,1,0
2,1,2,1,1,4,2,3,1,1,1,1,1,1,1,39000,1,1,1,0
1,2,6,6,1,5,2,4,1,1,7,6,1,1,1,7500,1,1,1,0
1,1,2,1,7,4,3,1,1,1,7,1,2,1,4,40000,1,1,1,0
1,1,1,1,1,1,3,3,1,1,2,1,2,1,2,80000,1,1,1,0
2,1,1,1,1,5,1,4,1,1,5,2,2,1,2,127000,1,1,1,0
1,1,2,9,1,1,1,3,1,1,1,1,1,1,4,130000,1,1,1,0
1,1,3,6,1,6,3,1,1,1,5,1,2,1,4,140000,1,1,1,0
1,1,2,1,1,5,3,4,1,1,7,1,1,1,1,2000000,1,1,1,0
1,1,3,4,1,5,3,3,1,1,1,1,1,1,2,123500,1,1,1,0
1,1,2,1,1,6,3,1,1,1,2,1,1,1,4,75000,1,1,1,0
1,1,3,9,4,7,2,4,2,3,1,1,2,1,2,190000,1,1,1,0
1,2,4,1,16,4,4,4,1,1,1,1,1,1,1,15600,1,1,1,0
1,1,2,1,1,6,1,1,1,1,1,5,1,1,4,90000,1,1,1,0
1,1,2,2,5,5,2,3,1,1,1,1,1,1,4,120000,1,1,1,0
1,1,2,1,13,6,1,3,1,1,7,7,1,1,4,70000,1,1,1,0
2,1,4,1,5,1,2,1,2,2,1,1,1,1,2,65000,1,1,1,0
1,1,6,1,14,6,2,1,1,1,4,1,2,1,4,120000,1,1,1,0
1,1,2,1,1,5,3,1,1,1,7,1,2,1,4,73000,1,1,1,0
1,1,2,1,2,4,2,4,1,1,7,2,2,1,1,67000,1,1,1,0
1,1,2,1,1,6,1,3,1,1,2,1,1,1,4,75000,1,1,1,0
2,1,2,1,1,5,3,4,1,1,1,1,1,1,1,77000,1,1,1,0
2,1,2,1,1,9,2,1,1,1,7,4,2,1,2,185000,1,1,1,0
1,1,2,8,9,5,2,3,1,1,7,1,1,1,4,61000,1,1,1,0
1,1,2,1,1,6,2,4,1,1,7,2,2,1,2,120000,1,1,1,0
2,1,3,1,1,7,2,3,1,1,7,1,1,1,2,115000,1,1,1,0
2,1,5,1,1,10,2,3,1,1,2,2,2,1,5,150000,1,1,1,0
1,1,2,1,1,2,1,2,1,1,5,1,2,1,3,145000,1,1,1,0
1,1,2,1,2,6,2,1,1,1,7,4,1,1,4,129000,1,1,1,0
1,3,2,1,1,6,2,3,1,1,4,1,1,1,4,126000,1,1,1,0
2,1,2,1,1,5,3,1,1,1,7,4,1,1,4,68000,1,1,1,0
1,1,6,1,1,6,2,4,1,1,5,1,1,1,1,55000,1,1,1,0
2,3,3,1,4,5,3,1,1,1,1,2,1,1,4,135000,1,1,1,0
1,1,2,6,1,5,3,1,1,1,7,1,2,1,4,125000,1,1,1,0
1,1,2,1,1,4,3,4,1,1,1,1,1,1,1,97000,1,1,1,0
1,1,2,3,2,4,2,4,1,1,1,1,2,1,2,85000,1,1,1,0
2,1,1,1,2,4,2,4,1,1,1,1,2,1,4,120000,1,1,1,0
1,1,5,11,1,1,2,2,1,1,1,5,1,1,4,160000,1,1,1,0
1,1,2,1,2,3,2,3,1,1,7,1,1,1,2,95500,1,1,1,0
1,1,2,1,13,5,2,4,1,1,5,1,1,1,1,42000,1,1,1,0
1,1,2,1,1,10,2,3,1,1,4,1,2,1,2,139000,1,1,1,0
1,1,2,1,2,5,2,4,2,2,7,1,1,1,1,55000,1,1,1,0
1,1,2,1,3,5,1,1,2,3,1,1,2,1,4,95000,1,1,1,0
1,3,1,1,6,5,2,1,1,1,8,1,2,1,1,140000,1,1,1,0
1,1,1,12,2,3,2,4,1,1,3,1,2,1,2,97000,1,1,1,0
1,1,3,1,2,5,2,1,1,1,6,5,1,1,1,40000,1,1,1,0
1,1,3,1,1,6,2,1,1,1,4,1,1,1,4,67000,1,1,1,0
2,1,2,1,2,4,3,3,1,1,1,3,1,1,1,102500,1,1,1,0
1,1,3,6,14,4,3,4,1,1,6,1,1,1,4,80100,1,1,1,0
1,1,2,1,2,5,2,4,1,1,1,1,1,1,4,87500,1,1,1,0
1,3,1,1,1,5,2,1,2,1,5,1,1,1,1,29000,1,1,1,0
2,1,2,1,1,8,2,4,1,1,6,1,2,1,3,72100,1,1,1,0
1,1,3,1,14,2,3,1,1,2,7,1,2,1,2,150000,1,1,1,0
2,1,1,1,11,9,2,1,1,1,2,1,1,1,3,70000,1,1,1,0
1,1,2,1,1,5,3,1,1,1,2,1,1,1,4,130000,1,1,1,0
1,3,2,1,1,5,1,4,1,3,4,1,1,1,4,125000,1,1,1,0
1,1,1,1,1,5,2,3,1,1,6,1,1,1,4,75000,1,1,1,0
1,1,2,7,3,4,2,3,2,1,6,1,1,1,4,90000,1,1,1,0
1,1,2,1,1,3,2,4,1,1,1,1,2,1,4,150000,1,1,1,0
2,1,1,4,6,5,3,1,2,2,6,1,1,1,4,100000,1,1,1,0
1,1,2,1,1,5,1,2,1,1,7,1,1,1,4,1296000,1,1,1,0
1,1,6,1,1,10,3,4,1,1,7,1,1,1,3,103500,1,1,1,0
1,1,3,1,1,1,2,3,2,2,8,1,1,1,4,192000,1,1,1,0
1,1,1,1,1,5,2,1,1,1,5,1,1,1,4,57400,1,1,1,0
1,1,1,1,14,1,2,4,1,1,6,3,1,1,2,110000,1,1,1,0
1,1,2,7,1,1,2,3,1,1,5,1,1,1,2,67000,1,1,1,0
2,1,3,10,2,1,2,3,2,1,6,1,2,1,3,76875,1,1,1,0
1,2,2,3,1,6,2,4,1,1,3,1,2,1,3,95000,1,1,1,0
1,1,2,1,1,4,3,3,1,1,7,1,1,1,1,45000,1,1,1,0
1,3,2,1,11,5,2,1,1,1,1,1,1,1,4,82500,1,1,1,0
1,1,2,7,1,1,2,3,1,1,7,1,1,1,4,110000,1,1,1,0
1,1,2,1,2,6,2,2,2,1,8,2,2,1,4,130000,1,1,1,0
1,1,3,3,11,5,2,1,1,1,2,1,2,1,4,70000,1,1,1,0
1,1,5,9,14,3,2,2,1,1,5,1,2,1,2,160000,1,1,1,0
1,1,2,1,1,6,3,2,1,1,6,1,2,1,4,130,1,1,1,0
1,1,2,1,1,6,2,4,1,1,7,1,1,1,4,88000,1,1,1,0
2,1,3,1,1,1,2,3,1,1,7,1,1,1,4,81000,1,1,1,0
1,1,2,1,1,1,3,2,1,1,6,1,2,1,4,126000,1,1,1,0
2,1,3,6,1,4,3,4,1,1,6,2,1,1,1,125000,1,1,1,0
1,1,2,6,11,4,2,3,1,1,1,1,1,1,1,89000,1,1,1,0
1,1,2,1,1,1,2,1,1,1,7,1,1,1,4,63000,1,1,1,0
1,1,1,10,1,2,3,3,1,1,6,1,2,1,3,134000,1,1,1,0
1,2,2,1,1,6,2,3,1,1,9,4,2,1,2,145000,1,1,1,0
2,1,2,1,1,7,3,2,1,1,7,4,1,1,2,123500,1,1,1,0
2,1,5,10,4,1,3,3,1,1,1,1,1,1,4,80000,1,1,1,0
1,1,2,4,1,10,3,4,1,1,7,1,1,1,2,131000,1,1,1,0
1,1,2,1,1,4,2,3,1,1,6,4,1,1,1,44000,1,1,1,0
1,1,2,3,3,1,2,4,1,1,7,1,2,1,4,115000,1,1,1,0
1,1,2,1,3,6,3,4,1,1,1,1,1,1,4,154500,1,1,1,0
1,1,3,1,4,5,3,4,1,1,7,4,1,1,4,165000,1,1,1,0
1,1,2,6,1,3,2,3,1,1,2,1,2,1,2,140000,1,1,1,0
1,1,2,1,1,5,2,4,1,1,7,1,1,1,1,65000,1,1,1,0
2,1,2,1,1,3,1,1,1,1,1,1,1,1,2,97500,1,1,1,0
1,1,2,3,1,3,3,3,1,1,4,1,1,1,2,147000,1,1,1,0
1,1,2,9,1,8,2,2,1,1,8,1,1,1,4,65000,1,1,1,0
1,1,2,1,1,6,3,3,1,1,1,1,1,1,4,130000,1,1,1,0
2,1,4,5,1,6,3,3,1,1,3,6,2,1,4,85000,1,1,1,0
2,1,3,1,1,6,3,1,1,1,1,2,2,1,4,140000,1,1,1,0
1,1,3,1,13,7,2,1,1,1,7,1,1,1,4,90000,1,1,1,0
1,1,2,7,1,2,3,2,1,1,7,1,2,1,3,140000,1,1,1,0
1,1,2,10,1,1,2,2,1,1,4,1,1,1,4,90405,1,1,1,0
1,1,4,1,1,5,2,1,1,2,4,1,1,1,4,75000,1,1,1,0
2,1,1,5,3,6,2,1,1,1,4,1,1,1,4,88000,1,1,1,0
1,1,2,1,13,2,2,3,1,1,5,1,1,1,5,1440000,1,1,1,0
1,1,2,1,1,9,2,1,1,1,1,1,2,1,2,112000,1,1,1,0
1,1,1,1,1,8,2,1,1,1,7,1,1,1,1,32000,1,1,1,0
1,1,2,1,1,5,3,3,1,1,1,1,2,1,4,80000,1,1,1,0
2,1,2,10,13,10,3,3,1,1,6,1,1,1,2,125000,1,1,1,0
1,3,1,1,16,4,3,1,1,1,7,1,1,1,4,36000,1,1,1,0
2,1,2,1,1,5,3,3,1,1,2,1,2,1,4,147000,1,1,1,0
1,1,2,1,1,5,3,1,1,1,7,5,1,1,4,75000,1,1,1,0
2,1,2,7,2,8,3,3,1,1,6,1,1,1,4,50000,1,1,1,0
2,1,3,7,1,9,2,3,1,1,7,4,2,1,3,140000,1,1,1,0
1,1,2,1,2,10,2,3,1,1,2,1,2,1,3,122000,1,1,1,0
1,1,3,8,10,3,3,2,1,1,1,1,2,1,4,165000,1,1,1,0
1,1,2,1,1,5,2,3,1,1,7,1,1,1,4,105000,1,1,1,0
1,3,2,1,13,8,2,1,1,1,2,1,1,1,1,72000,1,1,1,0
1,1,2,6,3,4,3,4,1,1,7,7,1,1,4,85000,1,1,1,0
1,1,2,1,8,5,2,3,1,1,4,4,1,1,4,66700,1,1,1,1
2,1,2,1,1,1,3,4,1,1,2,1,1,1,4,75000,1,1,1,0
2,1,3,1,13,11,3,3,1,1,7,2,2,1,3,190000,1,1,1,0
2,1,2,1,1,5,3,4,1,1,1,1,2,1,4,130000,1,1,1,0
1,2,1,1,12,4,3,1,2,4,1,2,1,1,1,54000,1,1,1,0
1,2,4,12,3,8,1,1,1,1,7,4,1,1,1,45000,1,1,1,0
1,1,2,1,1,5,2,3,1,1,1,1,1,1,4,72000,1,1,1,0
1,1,2,1,13,5,3,1,1,1,1,1,2,1,2,75000,1,1,1,0
1,1,2,1,1,5,3,3,1,1,7,1,2,1,1,53552,1,1,1,0
2,1,3,1,1,6,2,1,1,1,1,5,2,1,2,197000,1,1,1,0
1,1,1,3,1,3,2,3,1,1,4,1,2,1,3,82000,1,1,1,0
2,1,3,6,1,3,3,1,1,1,7,1,1,1,2,200000,1,1,1,0
1,1,2,10,3,11,2,1,1,1,6,2,2,1,3,195000,1,1,1,0
1,1,3,7,17,2,3,3,1,1,1,1,2,1,3,120000,1,1,1,0
1,1,2,1,1,4,2,2,1,1,1,1,2,1,4,48000,1,1,1,0
2,1,2,2,6,4,2,1,2,1,7,1,1,1,4,115000,1,1,1,0
1,2,2,1,11,1,3,2,1,1,7,1,1,1,4,25000,1,1,1,0
1,1,2,1,1,3,1,1,1,3,8,1,1,1,2,100000,1,1,1,0
2,2,4,10,1,4,2,3,1,1,5,1,1,1,1,1550000,1,1,1,0
1,2,4,1,1,1,1,1,1,1,7,1,2,1,4,94000,1,1,1,0
2,1,3,9,1,1,2,2,1,1,1,1,2,1,4,345000,1,1,1,0
1,3,4,1,1,1,2,3,1,1,5,1,1,1,1,69000,1,1,1,0
1,3,2,6,2,6,2,1,1,1,1,1,2,1,2,55000,1,1,1,0
1,2,3,1,3,4,2,2,1,1,7,5,2,1,4,84000,1,1,1,0
1,1,2,1,1,6,2,4,1,1,7,1,1,1,4,135000,1,1,1,0
2,1,3,1,2,7,2,2,1,1,7,5,2,1,4,100000,1,1,1,0
1,1,2,5,18,3,2,4,1,1,2,1,2,1,4,500000,1,1,1,0
1,1,2,3,1,3,3,1,1,1,7,1,2,1,2,97000,1,1,1,0
1,2,1,1,1,1,2,2,1,1,1,1,1,1,1,140000,1,1,1,0
1,1,1,7,12,6,2,1,1,1,5,1,2,1,4,150000,1,1,1,0
2,1,3,8,2,6,3,2,1,1,5,4,1,1,5,120000,1,1,1,0
2,3,2,1,18,5,1,1,1,1,1,1,1,1,1,68000,1,1,1,0
1,1,3,6,1,5,3,4,1,1,6,1,2,1,4,72000,1,1,1,0
1,3,1,1,1,5,3,1,1,1,7,1,2,1,1,15428,1,1,1,0
1,1,2,1,1,6,3,1,1,1,6,1,1,1,1,107500,1,1,1,0
1,1,2,2,2,4,3,3,1,1,1,1,1,1,2,105000,1,1,1,0
1,1,2,9,1,2,1,1,1,1,5,1,2,1,2,175000,1,1,1,0
2,1,2,1,6,8,1,4,2,1,7,5,1,1,4,50000,1,1,1,0
1,3,2,1,5,5,2,1,1,1,7,5,1,1,4,120000,1,1,1,0
2,1,2,1,5,5,3,1,1,1,1,1,2,1,3,66000,1,1,1,0
2,1,1,12,8,3,3,3,1,1,1,1,2,1,2,145,1,1,1,1
1,1,3,8,11,5,2,1,1,1,1,1,1,1,3,165000,1,1,1,0
1,2,2,4,11,6,3,1,2,2,7,1,1,1,1,24000,1,1,1,0
2,1,2,1,7,4,1,4,1,1,1,1,1,1,4,74000,1,1,1,0
2,1,1,1,1,9,3,4,1,1,7,1,1,1,2,180000,1,1,1,0
1,1,2,1,1,5,3,4,1,1,1,1,2,1,2,85000,1,1,1,0
1,1,2,4,1,4,3,1,1,1,8,1,1,1,4,80000,1,1,1,0
1,1,1,1,2,9,2,4,1,1,7,1,1,1,2,135000,1,1,1,0
1,1,2,3,2,5,2,1,1,1,7,1,1,1,4,50000,1,1,1,0
1,1,2,1,12,7,2,2,2,1,1,1,2,1,4,130000,1,1,1,0
1,1,2,9,1,7,2,3,1,1,6,1,1,1,2,86000,1,1,1,0
2,1,2,1,2,1,3,4,1,1,7,1,1,1,2,100000,1,1,1,0
1,1,2,10,1,3,2,1,1,1,7,1,2,1,2,151000,1,1,1,0
1,1,2,7,2,8,3,4,2,1,7,3,1,1,1,74000,1,1,1,0
1,1,2,2,3,4,2,1,1,1,7,1,1,1,4,56000,1,1,1,0
1,1,2,1,2,4,2,4,1,1,5,1,2,1,4,55000,1,1,1,0
1,1,1,3,1,2,1,1,1,1,4,1,2,1,2,135000,1,1,1,0
1,1,1,8,1,4,4,2,1,1,1,1,1,1,4,120000,1,1,1,0
1,1,2,1,13,4,2,1,1,1,4,1,2,1,4,56500,1,1,1,0
1,2,3,9,4,8,3,4,1,2,1,1,1,1,1,37000,1,1,1,0
1,1,2,6,1,3,3,2,1,1,5,1,2,1,3,127000,1,1,1,0
2,1,2,1,3,6,3,4,1,1,7,1,2,1,4,100013,1,1,1,0
1,1,3,1,1,5,2,3,1,1,4,1,1,1,4,86700,1,1,1,0
2,1,4,1,2,6,3,4,1,1,9,1,1,1,4,97000,1,1,1,0
1,1,2,2,1,6,3,3,1,1,2,1,2,1,4,180000,1,1,1,0
1,1,2,3,1,7,2,4,1,1,8,1,1,1,4,110000,1,1,1,0
1,1,2,1,1,2,1,4,1,1,5,1,2,1,2,140000,1,1,1,0
1,1,2,3,1,9,2,2,1,1,7,1,2,1,4,185000,1,1,1,0
1,1,2,1,1,4,3,3,1,1,8,3,1,1,4,77254,1,1,1,0
1,1,5,1,1,10,3,1,1,1,6,1,2,1,2,150000,1,1,1,0
1,1,2,1,7,5,2,1,1,1,2,1,1,1,4,65000,1,1,1,0
1,3,2,1,1,5,3,1,1,1,5,5,2,1,3,90000,1,1,1,0
1,1,2,3,1,6,2,1,1,1,7,4,2,1,2,90000,1,1,1,0
2,1,1,1,1,1,2,4,1,1,1,1,1,1,4,130000,1,1,1,0
1,1,2,1,1,7,2,3,1,1,2,1,2,1,2,90000,1,1,1,0
2,1,2,3,1,3,2,2,1,1,5,4,2,1,2,110000,1,1,1,0
2,1,2,1,18,1,2,4,1,1,2,1,1,1,4,84000,1,1,1,0
1,1,2,1,1,5,3,2,1,1,1,4,2,1,4,175000,1,1,1,0
1,1,1,1,2,4,1,4,1,1,4,4,1,1,4,55000,1,1,1,0
2,1,3,9,2,8,2,3,1,1,1,1,1,1,4,750000,1,1,1,0
1,1,3,8,3,7,2,4,1,1,1,1,1,1,4,140000,1,1,1,0
1,1,2,1,1,3,2,4,1,1,1,1,2,1,2,80000,1,1,1,0
1,1,2,6,1,2,3,4,1,1,8,1,2,1,2,605000,1,1,1,0
1,1,4,5,1,3,2,1,1,1,7,1,1,1,2,107000,1,1,1,0
1,1,2,1,1,5,2,1,1,1,7,1,2,1,4,82000,1,1,1,0
1,1,2,1,12,10,2,1,1,1,1,1,1,1,4,185000,1,1,1,0
1,1,1,6,1,5,1,1,1,1,2,1,1,1,1,34000,1,1,1,0
2,1,2,8,1,8,3,3,1,1,1,1,1,1,1,58000,1,1,1,0
2,1,2,1,1,4,3,1,1,1,9,1,2,1,4,65000,1,1,1,0
1,1,2,1,12,6,2,1,1,1,7,1,1,1,4,100000,1,1,1,0
1,1,2,1,1,10,2,3,1,1,4,1,1,1,4,160000,1,1,1,0
2,1,3,9,1,7,3,4,1,1,6,1,2,1,4,60000,1,1,1,0
1,1,2,1,13,5,2,4,2,1,7,1,1,1,1,79000,1,1,1,0
1,1,2,4,6,1,2,3,1,1,8,1,1,1,2,45000,1,1,1,0
2,1,3,1,1,11,2,1,1,1,1,1,1,1,3,135000,1,1,1,0
1,1,2,1,1,1,2,4,1,1,1,1,1,1,4,80000,1,1,1,0
1,1,3,1,1,7,3,3,1,1,7,2,2,1,2,125000,1,1,1,0
1,1,3,10,2,3,3,3,1,1,6,1,2,1,2,155000,1,1,1,0
1,1,3,1,1,4,2,3,1,1,1,5,2,1,4,89000,1,1,1,0
2,1,2,1,2,3,3,3,1,1,1,1,2,1,4,130000,1,1,1,0
1,1,2,1,1,1,2,2,1,1,1,3,2,1,2,100000,1,1,1,0
2,1,2,1,2,4,2,3,1,1,5,1,1,1,4,117000,1,1,1,0
1,1,3,6,1,1,3,3,1,1,7,1,1,1,4,5150,1,1,1,0
1,1,3,3,11,4,3,4,1,1,1,5,1,1,4,75000,1,1,1,0
1,1,3,1,1,3,3,1,1,1,8,1,2,1,2,100000,1,1,1,0
1,1,2,1,11,1,1,4,1,1,1,1,1,1,4,74000,1,1,1,0
1,2,1,1,2,4,2,1,1,1,1,1,1,1,1,21300,1,1,1,0
1,2,1,5,6,1,2,1,2,1,1,2,1,1,1,11000,1,1,1,0
1,1,2,3,1,3,2,3,1,1,7,1,2,1,2,72000,1,1,1,0
1,1,1,1,1,4,2,1,1,1,4,1,2,1,4,100000,1,1,1,0
1,1,1,12,1,5,3,1,1,1,6,1,1,1,4,100000,1,1,1,0
1,1,1,1,1,3,1,4,1,1,1,1,1,1,4,55000,1,1,1,0
2,1,4,5,3,4,3,3,1,1,9,1,2,1,3,60000,1,1,1,0
2,1,2,1,2,3,3,3,1,1,5,1,1,1,3,130000,1,1,1,0
1,1,3,1,13,10,1,1,1,1,5,5,1,1,4,90000,1,1,1,0
1,1,2,1,2,10,3,3,1,1,4,1,2,1,2,96000,1,1,1,0
1,1,2,6,1,6,3,1,1,1,9,5,1,1,4,135000,1,1,1,0
1,1,1,1,6,4,2,1,2,1,5,6,1,1,1,37440,1,1,1,0
1,1,2,1,5,1,1,4,1,1,1,1,1,1,4,62000,1,1,1,0
1,1,2,1,1,4,3,1,2,3,1,6,1,1,4,75000,1,1,1,0
2,1,3,1,1,2,2,3,1,1,7,1,1,1,2,200000,1,1,1,0
1,1,2,6,1,4,2,3,2,1,2,5,1,1,4,62000,1,1,1,0
1,1,2,4,6,5,2,3,2,1,1,1,1,1,4,72000,1,1,1,0
2,1,2,1,1,5,2,3,1,1,7,1,1,1,4,777600,1,1,1,0
1,1,2,1,1,6,2,1,1,1,1,1,2,1,4,136000,1,1,1,0
1,1,3,1,1,7,3,2,1,1,1,1,2,1,2,80000,1,1,1,0
1,1,2,1,1,4,2,1,1,1,7,1,1,1,1,40000,1,1,1,0
1,1,3,5,1,6,3,3,1,1,6,1,2,1,4,38208,1,1,1,0
1,1,1,1,1,7,2,2,1,1,1,1,2,1,4,68000,1,1,1,0
1,1,2,1,3,1,3,2,1,1,1,1,1,1,1,26000,1,1,1,0
1,1,3,6,12,7,2,1,1,1,1,1,2,1,2,160000,1,1,1,0
1,1,5,10,11,6,3,2,1,1,6,1,2,1,2,56000,1,1,1,0
1,1,2,3,6,4,3,4,1,1,5,1,2,1,4,92000,1,1,1,0
1,1,1,12,1,4,3,2,1,1,2,1,2,1,2,2000000,1,1,1,0
1,1,2,6,14,5,3,2,1,1,1,1,1,1,4,106000,1,1,1,0
1,1,2,7,1,4,2,3,1,1,8,1,1,1,4,135000,1,1,1,0
1,1,1,12,1,4,3,3,1,1,2,1,1,1,1,100000,1,1,1,0
1,2,3,1,2,4,2,2,1,1,7,2,2,1,4,1020000,1,1,1,0
1,1,2,10,13,4,2,1,1,1,6,1,2,1,2,85000,1,1,1,0
2,1,2,1,1,5,3,3,1,1,2,1,2,1,4,2000000,1,1,1,0
1,1,2,1,1,5,2,3,1,1,2,1,1,1,4,80000,1,1,1,0
1,1,2,1,1,9,2,1,1,1,5,1,1,1,2,127000,1,1,1,0
2,1,2,1,1,3,3,3,1,1,5,1,2,1,2,125000,1,1,1,0
1,1,2,4,1,4,2,1,1,1,4,1,2,1,4,75000,1,1,1,0
1,1,2,1,1,6,1,2,1,1,8,1,2,1,4,140000,1,1,1,0
1,1,2,1,1,1,3,3,1,1,7,1,1,1,4,125000,1,1,1,0
1,1,2,1,2,9,2,4,1,1,5,1,2,1,2,165000,1,1,1,0
1,1,2,1,8,7,3,1,1,2,2,2,1,1,4,40000,1,1,1,1
1,1,1,10,1,2,3,4,1,1,1,1,2,1,3,125000,1,1,1,0
1,1,2,10,1,6,3,2,1,1,1,1,1,1,2,2000000,1,1,1,0
1,3,2,1,2,5,2,4,1,1,7,1,1,1,1,148000,1,1,1,0
2,1,2,1,1,7,2,4,1,1,7,1,1,1,2,117000,1,1,1,0
1,1,2,1,13,9,2,1,1,1,2,1,2,1,2,91750,1,1,1,0
1,2,2,1,1,6,3,4,1,1,7,4,1,1,4,145000,1,1,1,0
2,1,2,3,1,3,2,4,1,1,5,1,2,1,2,135000,1,1,1,0
1,1,2,1,1,1,2,1,1,1,1,1,1,1,1,115000,1,1,1,0
1,1,2,1,1,6,2,4,1,1,1,5,1,1,4,160000,1,1,1,0
1,1,2,8,1,5,2,1,1,1,1,1,2,1,4,40000,1,1,1,0
1,1,2,3,9,5,2,1,1,1,7,1,1,1,4,46000,1,1,1,0
2,1,2,1,1,7,2,3,1,1,2,1,2,1,2,110000,1,1,1,0
1,1,2,1,1,1,3,1,2,3,7,1,1,1,1,56000,1,1,1,0
1,1,2,1,1,6,3,4,1,1,1,1,1,1,4,120000,1,1,1,0
1,1,2,3,1,1,2,4,2,1,7,1,1,1,4,71500,1,1,1,0
1,1,2,9,3,4,1,4,1,1,2,1,1,1,1,90000,1,1,1,0
2,1,3,1,1,7,2,3,1,3,1,1,1,1,2,82000,1,1,1,0
1,3,2,1,1,1,2,1,2,1,2,1,2,1,4,111000,1,1,1,0
1,1,2,1,1,7,2,4,1,1,1,1,1,1,4,155000,1,1,1,0
1,2,2,1,11,5,2,4,2,1,6,2,1,1,1,25000,1,1,1,0
1,3,2,1,3,5,3,2,1,1,1,1,1,1,4,87000,1,1,1,0
1,1,2,1,1,4,2,3,1,1,1,1,1,1,4,70500,1,1,1,0
1,1,2,1,1,5,2,3,1,3,7,1,1,1,1,62000,1,1,1,0
1,1,3,10,1,5,2,2,1,1,1,1,1,1,4,96000,1,1,1,0
2,1,3,1,1,10,3,4,2,1,7,1,2,1,5,90000,1,1,1,0
1,2,2,7,4,8,3,1,1,1,7,1,1,1,4,25000,1,1,1,0
1,1,2,1,17,1,3,1,1,1,5,4,1,1,4,85000,1,1,1,0
1,2,2,1,1,5,1,1,1,1,5,1,1,1,4,70000,1,1,1,0
1,1,1,1,1,6,2,3,1,1,7,1,2,1,4,65000,1,1,1,0
1,1,6,1,1,7,3,4,1,2,7,1,1,1,4,120000,1,1,1,0
1,1,3,1,1,7,3,1,1,1,4,1,2,1,4,121000,1,1,1,0
1,1,3,1,1,1,4,2,2,1,1,1,1,1,4,2000000,1,1,1,0
1,1,4,1,1,11,3,2,1,1,2,1,2,1,3,114000,1,1,1,0
1,1,3,1,6,6,1,4,1,1,1,6,1,1,4,140000,1,1,1,0
1,1,2,1,4,1,2,3,1,1,3,6,1,1,4,75000,1,1,1,0
1,1,3,1,1,6,2,3,2,1,7,5,1,1,4,132800,1,1,1,0
1,1,2,1,1,9,2,1,1,1,7,1,1,1,2,99000,1,1,1,0
1,1,2,1,1,6,3,4,1,1,5,1,1,1,2,160000,1,1,1,0
1,1,2,8,1,4,3,3,1,1,7,1,2,1,4,99996,1,1,1,0
2,1,2,1,3,5,2,3,2,1,7,1,1,1,4,110000,1,1,1,0
1,1,2,7,1,7,2,1,1,2,2,1,1,1,1,155000,1,1,1,0
1,1,2,1,1,3,2,1,1,1,7,1,2,1,2,150000,1,1,1,0
1,3,1,1,13,5,2,3,1,1,1,1,1,1,1,30000,1,1,1,0
2,1,3,6,1,5,2,4,1,1,7,6,1,1,2,74000,1,1,1,0
1,2,1,12,1,11,1,1,1,1,2,1,1,1,2,2000000,1,1,1,0
1,1,3,8,11,8,2,1,1,1,8,1,1,1,4,2000000,1,1,1,0
1,1,2,1,1,6,3,3,1,2,6,1,1,1,4,165000,1,1,1,0
1,1,2,1,13,6,2,1,1,1,4,1,1,1,4,67000,1,1,1,0
1,1,1,1,1,4,1,1,1,1,1,1,1,1,4,70000,1,1,1,0
1,1,2,1,1,4,3,3,1,1,1,3,1,1,4,62500,1,1,1,0
1,1,2,1,2,1,3,3,1,1,7,1,1,1,1,105000,1,1,1,0
1,1,1,1,2,1,2,3,1,1,6,1,1,1,4,115000,1,1,1,0
2,1,8,1,8,1,2,3,1,1,9,1,1,1,2,71500,1,1,1,1
2,1,2,1,1,5,3,3,1,1,1,6,1,1,4,115000,1,1,1,0
1,3,6,1,1,5,3,4,1,1,7,1,1,1,1,20000,1,1,1,0
1,3,1,1,1,4,2,1,1,1,7,1,1,1,1,29000,1,1,1,0
2,1,2,1,1,5,3,3,1,1,7,1,1,1,4,70000,1,1,1,0
1,1,2,9,11,5,2,2,2,2,1,1,1,1,4,46000,1,1,1,0
1,1,2,4,1,4,2,3,1,1,7,1,1,1,1,57000,1,1,1,0
1,1,4,3,1,9,2,4,1,1,7,1,2,1,2,117500,1,1,1,0
2,1,2,3,1,5,2,4,1,1,5,1,2,1,4,66000,1,1,1,0
1,1,2,1,1,1,2,3,1,1,1,1,1,1,4,120000,1,1,1,0
2,1,5,9,1,4,2,1,1,1,8,1,1,1,2,57000,1,1,1,0
1,1,3,1,1,1,1,1,1,1,1,1,2,1,3,110000,1,1,1,0
1,1,2,6,13,4,2,4,1,1,7,5,1,1,4,80000,1,1,1,0
2,2,3,1,2,2,2,1,1,1,1,5,2,1,4,103000,1,1,1,0
1,1,2,1,1,6,3,3,1,1,1,1,1,1,2,175000,1,1,1,0
1,1,3,1,1,5,2,3,1,1,5,1,1,1,4,82000,1,1,1,0
1,3,1,1,13,1,2,4,1,1,1,1,1,1,4,65000,1,1,1,0
1,1,2,4,2,5,2,4,1,1,7,1,1,1,4,120000,1,1,1,0
1,1,2,1,1,5,2,4,1,1,7,3,1,1,4,80000,1,1,1,0
1,1,2,1,10,2,3,3,1,1,2,1,1,1,3,450000,1,1,1,0
1,1,3,6,10,9,3,1,1,1,1,3,2,1,3,136000,1,1,1,0
1,1,2,1,1,1,3,1,1,1,5,1,1,1,4,160000,1,1,1,0
1,1,2,7,1,1,3,4,1,1,7,1,1,1,4,87000,1,1,1,0
1,1,2,1,8,1,1,1,1,1,5,1,1,1,4,55000,1,1,1,1
1,1,2,1,13,4,3,4,2,2,2,1,1,1,4,57600,1,1,1,0
1,1,4,1,1,3,2,1,1,1,7,1,2,1,3,155000,1,1,1,0
1,1,2,6,1,5,2,4,1,1,2,1,1,1,4,75500,1,1,1,0
1,1,2,1,12,4,3,3,2,1,6,6,1,1,4,100000,1,1,1,0
2,1,2,1,1,1,2,1,1,1,7,1,1,1,4,91000,1,1,1,0
1,1,1,8,13,10,1,3,1,1,1,1,2,1,3,129000,1,1,1,0
1,1,2,1,1,3,2,4,1,1,7,1,2,1,2,1128000,1,1,1,0
1,1,5,10,1,6,1,4,1,1,9,2,2,1,2,110000,1,1,1,0
1,1,3,3,1,5,1,1,1,1,5,2,1,1,4,95000,1,1,1,0
1,1,2,6,6,10,3,3,1,1,7,1,2,1,2,96000,1,1,1,0
1,1,3,6,1,5,2,3,1,1,6,1,1,1,4,1296000,1,1,1,0
2,1,2,1,2,3,3,3,1,1,7,1,1,1,2,94000,1,1,1,0
1,1,3,1,1,3,2,4,1,1,7,1,2,1,5,75000,1,1,1,0
2,1,3,1,1,7,2,1,1,1,1,1,2,1,4,125000,1,1,1,0
1,2,2,8,2,8,2,2,1,1,7,1,1,1,4,67275,1,1,1,0
2,1,4,1,1,9,2,1,1,1,7,1,2,1,5,57000,1,1,1,0
1,1,1,1,1,2,1,1,1,1,2,1,2,1,2,150000,1,1,1,0
1,1,7,1,1,7,2,2,1,1,9,1,2,1,2,120000,1,1,1,0
1,2,1,1,1,5,3,1,1,1,2,1,1,1,1,68000,1,1,1,0
1,1,2,6,1,7,2,4,1,1,7,5,2,1,2,90000,1,1,1,0
1,1,2,1,1,5,3,3,1,1,7,1,1,1,1,62000,1,1,1,0
1,1,3,1,2,4,2,3,1,1,7,2,1,1,4,65000,1,1,1,0
1,1,4,6,2,7,2,4,1,1,9,3,2,1,2,125000,1,1,1,0
1,1,1,3,3,1,2,1,1,1,5,1,1,1,4,135000,1,1,1,0
1,1,2,6,1,5,3,3,1,1,7,1,1,1,4,150000,1,1,1,0
2,1,2,2,5,5,3,4,1,3,1,1,1,1,2,105000,1,1,1,0
2,1,2,1,2,6,3,4,1,1,1,1,1,1,2,68000,1,1,1,0
1,1,2,1,14,1,2,2,1,1,8,1,1,1,4,60000,1,1,1,0
1,1,2,4,1,4,3,1,1,1,7,5,1,1,4,97500,1,1,1,0
1,1,2,3,7,6,3,4,1,1,7,1,2,1,2,110000,1,1,1,0
1,1,2,10,4,4,2,4,1,1,7,1,1,1,4,30000,1,1,1,0
1,2,2,3,1,4,2,4,1,3,2,1,1,1,1,20000,1,1,1,0
2,1,2,1,1,1,2,3,1,2,7,1,1,1,1,70000,1,1,1,0
1,1,2,1,1,5,2,4,1,1,4,1,1,1,1,61500,1,1,1,0
1,2,1,3,13,8,3,4,1,1,4,2,1,1,1,37000,1,1,1,0
1,1,2,1,1,7,1,1,1,1,2,1,1,1,4,120000,1,1,1,0
1,1,2,3,1,2,2,1,2,2,2,1,1,1,2,95000,1,1,1,0
1,1,3,1,1,1,2,1,1,1,1,5,1,1,4,103000,1,1,1,0
1,1,2,1,12,2,2,1,1,1,4,3,2,1,3,100000,1,1,1,0
1,1,2,6,1,5,3,1,1,1,6,4,2,1,4,90000,1,1,1,0
1,1,3,7,2,5,3,1,1,1,7,1,2,1,2,55000,1,1,1,0
1,1,2,3,2,4,2,2,1,1,2,1,1,1,4,51000,1,1,1,0
1,1,2,1,11,4,3,4,1,1,7,1,1,1,4,75000,1,1,1,0
1,1,4,1,1,5,2,3,1,2,1,1,2,1,4,70000,1,1,1,0
1,1,3,1,2,5,2,3,1,1,6,5,1,1,4,92250,1,1,1,0
1,1,2,1,13,1,2,4,1,1,7,1,2,1,4,95000,1,1,1,0
1,1,2,1,13,6,2,1,1,1,7,1,1,1,4,90000,1,1,1,0
1,1,5,1,1,7,2,1,1,1,6,1,1,1,4,100000,1,1,1,0
1,1,2,1,1,3,3,3,1,1,2,1,2,1,3,59000,1,1,1,0
1,3,4,1,1,5,3,2,1,1,4,1,2,1,4,75000,1,1,1,0
2,1,1,1,9,6,3,1,1,1,7,1,2,1,4,87500,1,1,1,0
1,1,2,1,1,3,2,2,1,1,1,1,2,1,2,82500,1,1,1,0
1,1,2,7,3,6,3,1,2,2,1,1,1,1,2,105000,1,1,1,0
1,1,3,1,1,10,1,4,1,1,4,1,1,1,3,105000,1,1,1,0
1,1,1,1,1,5,2,4,2,1,7,1,1,1,1,150000,1,1,1,0
1,3,1,1,2,5,2,1,1,1,6,1,1,1,1,54000,1,1,1,0
1,1,2,1,1,4,3,1,1,1,4,1,1,1,4,35000,1,1,1,0
1,1,3,6,1,2,2,4,1,1,7,1,1,1,3,123000,1,1,1,0
1,1,2,4,3,8,2,2,1,1,9,1,2,1,4,65000,1,1,1,0
1,1,3,10,1,1,1,1,1,2,5,1,1,1,4,106000,1,1,1,0
1,2,1,3,1,1,3,3,1,1,7,1,1,1,1,60000,1,1,1,0
1,1,2,9,13,5,2,4,1,1,5,1,2,1,2,65,1,1,1,0
1,1,2,1,14,6,3,3,1,1,2,1,2,1,2,160000,1,1,1,0
2,1,2,1,14,5,2,1,2,1,2,1,1,1,4,100500,1,1,1,0
2,2,2,10,15,8,2,4,1,1,7,1,2,1,6,50000,1,1,1,0
2,1,2,1,1,2,3,2,1,1,5,1,1,1,5,125000,1,1,1,0
1,1,3,1,1,6,2,3,1,1,8,1,1,1,4,145000,1,1,1,0
2,1,2,2,15,11,2,4,2,1,1,3,2,1,3,45996,1,1,1,0
1,1,1,7,3,1,3,2,1,1,8,1,2,1,2,170000,1,1,1,0
1,1,1,1,1,5,2,4,1,1,5,1,1,1,1,105000,1,1,1,0
1,1,2,8,1,8,3,2,1,1,6,1,1,1,4,120000,1,1,1,0
1,1,3,1,1,6,2,2,1,1,7,1,1,1,4,85000,1,1,1,0
1,1,6,1,1,3,2,1,1,1,2,1,2,1,4,135000,1,1,1,0
1,1,2,1,1,6,1,1,1,1,7,1,1,1,4,70000,1,1,1,0
1,1,2,1,13,3,2,4,1,1,4,1,2,1,2,67000,1,1,1,0
1,2,1,4,3,4,2,2,1,1,7,3,2,1,4,90000,1,1,1,0
1,1,3,1,1,2,3,2,1,1,8,1,2,1,2,150000,1,1,1,0
1,1,2,2,6,1,3,3,1,1,1,1,1,1,2,112500,1,1,1,0
2,1,3,9,3,4,2,4,1,1,5,1,2,1,6,50000,1,1,1,0
1,1,2,1,1,5,3,1,1,1,5,1,1,1,1,65000,1,1,1,0
1,1,4,6,1,2,3,1,1,1,7,1,1,1,5,150000,1,1,1,0
1,1,2,1,13,4,2,1,1,2,7,1,1,1,1,52000,1,1,1,0
1,1,2,3,1,5,2,1,1,1,7,1,2,1,4,68000,1,1,1,0
1,1,3,1,2,4,3,1,1,1,1,1,2,1,4,80000,1,1,1,0
1,1,2,1,2,5,2,3,1,1,5,3,1,1,4,130000,1,1,1,0
2,1,2,1,18,3,3,4,1,1,1,1,1,1,2,130000,1,1,1,0
1,1,2,1,2,4,1,4,1,1,1,1,2,1,4,220000,1,1,1,0
2,1,3,3,11,6,3,1,1,1,1,1,2,1,2,120000,1,1,1,0
2,1,3,10,1,1,3,4,1,1,5,3,2,1,4,65000,1,1,1,0
1,1,2,10,1,7,2,3,1,1,6,1,1,1,4,150000,1,1,1,0
1,3,3,1,1,6,2,2,1,1,1,1,2,1,2,130000,1,1,1,0
1,1,3,1,6,2,1,1,1,1,1,1,2,1,5,154000,1,1,1,0
1,1,1,7,11,4,2,4,1,1,6,1,1,1,4,120000,1,1,1,0
1,1,2,1,3,4,3,2,1,1,2,1,1,1,1,14400,1,1,1,0
1,1,4,1,2,6,2,1,1,1,4,1,2,1,4,145600,1,1,1,0
1,1,1,6,1,9,2,2,1,1,5,4,2,1,2,150000,1,1,1,0
1,1,2,1,1,7,2,4,1,1,5,1,1,1,4,120000,1,1,1,0
1,3,4,1,1,4,2,2,2,1,1,1,1,1,1,2000000,1,1,1,0
1,1,2,2,6,5,2,4,1,1,7,1,1,1,1,102000,1,1,1,0
1,1,2,1,1,9,1,4,1,1,2,1,2,1,4,525000,1,1,1,0
1,1,2,1,5,9,2,1,2,1,8,1,2,1,4,107200,1,1,1,0
2,1,2,10,1,7,2,1,2,1,7,1,1,1,4,205000,1,1,1,0
1,2,3,4,11,5,3,2,1,1,4,1,1,1,5,20000,1,1,1,0
1,1,1,1,1,3,2,3,1,1,6,1,2,1,4,150000,1,1,1,0
1,1,1,1,13,2,3,1,1,1,5,1,1,1,3,1800000,1,1,1,0
1,1,2,1,1,7,2,1,1,1,1,1,1,1,4,105000,1,1,1,0
1,1,1,1,2,9,2,1,1,1,5,1,2,1,2,150000,1,1,1,0
1,1,2,1,1,3,1,1,1,1,6,1,1,1,2,110000,1,1,1,0
1,1,2,1,1,5,3,1,1,1,2,1,1,1,4,105000,1,1,1,0
1,1,2,4,1,1,2,2,1,1,7,1,2,1,4,103000,1,1,1,0
1,1,2,1,1,2,3,4,1,1,7,1,2,1,3,130000,1,1,1,0
1,1,2,1,1,10,2,1,1,1,1,1,2,1,3,55000,1,1,1,0
1,1,2,1,11,5,2,1,1,1,1,5,1,1,4,85000,1,1,1,0
2,1,2,2,1,1,2,3,1,1,1,1,2,1,2,140000,1,1,1,0
1,1,1,1,1,6,2,2,2,1,5,6,1,1,1,57200,1,1,1,0
1,1,1,7,1,5,2,1,1,1,7,1,2,1,4,2000000,1,1,1,0
1,1,2,1,1,1,2,3,1,1,1,1,1,1,4,140000,1,1,1,0
1,1,2,6,1,2,3,1,1,1,6,1,2,1,5,2000000,1,1,1,0
1,2,3,1,1,11,1,4,1,1,7,5,1,1,2,122000,1,1,1,0
1,1,6,1,2,4,3,1,1,1,5,1,2,1,1,103000,1,1,1,0
1,1,1,2,3,4,3,1,1,1,2,1,1,1,2,75000,1,1,1,0
1,1,2,1,3,9,2,2,2,2,4,1,1,1,2,90000,1,1,1,0
2,1,2,1,1,6,2,2,1,1,1,1,1,1,4,104000,1,1,1,0
1,2,1,1,1,5,1,1,1,1,1,1,1,1,1,80000,1,1,1,0
1,1,2,1,2,5,2,3,1,1,7,1,1,1,4,75000,1,1,1,0
1,3,4,1,3,6,3,1,1,1,5,1,1,1,4,133000,1,1,1,0
1,1,2,3,1,3,1,1,1,1,2,1,2,1,2,170000,1,1,1,0
1,1,1,8,2,3,2,3,1,1,8,1,2,1,2,130000,1,1,1,0
1,1,3,6,1,5,2,4,2,1,1,5,1,1,1,90000,1,1,1,0
1,1,2,1,1,3,2,3,1,1,7,1,1,1,2,115000,1,1,1,0
1,1,5,4,3,4,2,2,1,2,2,1,1,1,4,100000,1,1,1,0
1,1,6,6,1,2,3,4,1,1,3,1,2,1,3,200000,1,1,1,0
1,1,2,1,1,6,2,3,1,1,2,1,1,1,4,140000,1,1,1,0
1,2,2,1,10,1,2,2,1,1,7,4,1,1,4,155000,1,1,1,0
2,2,1,1,1,4,3,4,1,1,6,1,1,1,1,60000,1,1,1,0
1,1,2,8,2,4,2,3,1,1,7,1,1,1,4,85000,1,1,1,0
1,1,2,1,6,2,2,1,1,1,1,1,2,1,5,115000,1,1,1,0
1,1,2,6,18,9,2,2,1,1,5,1,2,1,3,150000,1,1,1,0
1,1,2,1,1,1,2,1,1,1,7,1,1,1,4,80000,1,1,1,0
2,1,2,1,1,7,2,3,1,1,7,1,1,1,2,150000,1,1,1,0
2,1,3,6,4,5,2,4,1,1,7,1,1,1,1,92000,1,1,1,0
1,1,2,1,14,2,3,1,1,1,7,1,2,1,4,126000,1,1,1,0
1,1,1,3,1,2,1,4,1,1,7,1,1,1,3,150000,1,1,1,0
2,1,2,2,1,10,2,3,1,1,7,1,1,1,2,1860000,1,1,1,0
1,1,2,2,12,5,2,1,1,1,2,1,1,1,4,110000,1,1,1,0
1,1,2,8,1,7,2,4,1,3,1,3,2,1,4,102000,1,1,1,0
1,1,1,6,1,6,2,1,1,1,1,1,1,1,4,108000,1,1,1,0
1,1,2,1,1,7,2,3,1,1,4,1,1,1,4,152000,1,1,1,0
1,1,2,1,1,9,2,3,1,1,1,1,2,1,2,150000,1,1,1,0
1,1,2,1,12,1,3,1,1,1,7,1,1,1,1,90000,1,1,1,0
2,1,2,1,13,6,2,3,1,1,7,1,2,1,4,120000,1,1,1,0
1,1,3,2,10,11,2,3,1,1,4,1,2,1,3,120000,1,1,1,0
1,2,1,1,1,5,3,3,1,1,1,1,1,1,6,96000,1,1,1,0
1,1,1,7,1,5,2,3,1,1,7,1,1,1,4,85000,1,1,1,0
2,1,1,1,1,1,2,3,1,1,7,1,1,1,4,127500,1,1,1,0
1,3,4,5,1,7,2,2,1,1,4,1,2,1,2,140000,1,1,1,0
1,1,6,1,1,3,2,3,1,1,1,1,1,1,2,105000,1,1,1,0
2,1,2,3,2,11,2,4,1,1,8,1,1,1,3,86000,1,1,1,0
1,1,2,1,1,6,2,4,1,2,7,1,1,1,4,135000,1,1,1,0
1,1,3,9,4,5,3,4,1,2,2,1,1,1,4,120000,1,1,1,0
2,1,3,1,1,6,3,3,1,1,5,1,2,1,4,170000,1,1,1,0
1,1,1,1,1,10,3,1,1,1,2,1,2,1,3,126500,1,1,1,0
1,1,2,1,1,5,2,1,1,1,7,1,1,1,4,76000,1,1,1,0
2,1,1,2,3,6,2,1,1,1,7,1,2,1,4,120000,1,1,1,0
1,1,2,6,1,4,3,4,1,1,1,1,1,1,1,82000,1,1,1,0
1,1,2,2,1,1,2,3,1,1,1,1,2,1,4,120000,1,1,1,0
2,1,2,3,2,1,3,4,1,1,8,1,1,1,4,95000,1,1,1,0
1,2,1,6,1,4,3,3,1,1,7,1,1,1,4,69000,1,1,1,0
1,1,3,6,1,2,2,1,1,1,1,2,2,1,7,160000,1,1,1,0
1,1,1,1,7,6,2,2,1,1,7,3,1,1,2,80000,1,1,1,0
1,1,2,5,1,1,2,1,1,1,1,1,1,1,4,100000,1,1,1,0
1,1,4,10,1,4,2,4,2,2,6,1,1,1,4,85000,1,1,1,0
1,1,4,1,1,7,3,4,1,1,5,1,2,1,4,165000,1,1,1,0
1,1,2,6,1,10,2,4,1,1,1,2,1,1,3,153000,1,1,1,0
1,1,3,9,11,8,1,2,2,2,5,1,1,1,2,100000,1,1,1,0
1,1,4,2,1,1,2,4,2,1,2,1,1,1,4,70400,1,1,1,0
1,3,2,1,1,1,3,1,1,1,1,1,2,1,4,140000,1,1,1,0
1,1,2,6,1,7,3,3,1,1,1,3,1,1,4,114000,1,1,1,0
1,1,2,1,1,5,2,4,1,1,5,1,1,1,4,65000,1,1,1,0
1,1,2,1,3,6,3,4,1,1,2,1,2,1,4,103000,1,1,1,0
1,2,6,1,7,4,3,2,1,1,1,1,1,1,1,50000,1,1,1,0
1,1,2,1,1,5,1,1,1,1,7,1,1,1,1,75850,1,1,1,0
1,1,3,7,3,8,3,4,2,1,7,1,1,1,4,80000,1,1,1,0
1,1,2,1,1,5,2,3,1,1,7,1,1,1,4,60000,1,1,1,0
1,1,2,4,11,4,2,3,2,1,9,2,1,1,4,140000,1,1,1,0
1,1,2,8,1,2,2,3,1,1,9,1,1,1,5,130000,1,1,1,0
1,1,2,1,5,5,2,1,1,1,8,1,1,1,4,80000,1,1,1,0
1,1,3,1,3,1,1,2,1,1,1,1,2,1,3,90000,1,1,1,0
1,1,2,1,13,4,2,3,1,1,1,1,1,1,1,112000,1,1,1,0
1,1,2,3,1,6,2,3,1,1,7,1,1,1,4,90000,1,1,1,0
1,2,2,1,3,5,3,1,1,1,7,5,1,1,1,2000000,1,1,1,0
1,3,1,1,16,8,3,4,1,1,9,3,2,1,4,34000,1,1,1,0
1,1,2,1,1,2,2,2,1,1,1,1,2,1,3,140000,1,1,1,0
1,1,1,1,13,5,2,4,2,1,5,1,2,1,2,2000000,1,1,1,0
1,2,3,1,15,1,3,2,1,1,1,6,2,1,4,34000,1,1,1,0
1,1,2,1,2,7,2,2,1,1,1,1,1,1,4,130000,1,1,1,0
1,1,3,1,1,3,2,4,1,1,1,1,1,1,4,165000,1,1,1,0
1,2,2,1,1,5,3,4,1,1,7,5,1,1,1,90000,1,1,1,0
1,2,3,1,2,9,2,1,1,1,5,4,1,1,5,130000,1,1,1,0
1,1,2,1,2,11,2,1,1,1,7,1,2,1,2,120000,1,1,1,0
1,1,2,1,13,5,3,2,1,1,7,1,1,1,4,155000,1,1,1,0
1,1,2,1,3,7,2,1,1,1,8,1,1,1,4,105000,1,1,1,0
1,1,2,1,13,5,1,1,1,1,1,1,1,1,4,175000,1,1,1,0
1,1,8,1,1,10,2,4,1,1,7,1,2,1,2,130000,1,1,1,0
1,1,2,1,1,5,2,4,1,1,7,1,1,1,1,70000,1,1,1,0
1,2,2,3,1,4,2,1,1,1,3,5,1,1,4,20000,1,1,1,0
1,1,2,6,1,2,3,1,1,1,5,1,1,1,3,112000,1,1,1,0
1,1,2,1,1,3,3,4,1,1,7,1,1,1,2,125000,1,1,1,0
1,1,2,1,13,3,2,1,1,1,7,1,1,1,4,104000,1,1,1,0
2,1,2,10,1,3,2,3,1,1,1,1,2,1,2,140000,1,1,1,0
1,1,3,3,1,1,2,2,1,1,5,1,1,1,4,74000,1,1,1,0
1,1,2,6,1,3,4,4,1,1,1,1,2,1,2,180000,1,1,1,0
1,1,2,8,1,9,2,1,1,1,6,1,1,1,4,100000,1,1,1,0
1,3,2,1,1,5,3,3,1,1,1,1,1,1,1,154600,1,1,1,0
1,1,2,1,13,5,2,4,1,1,7,1,1,1,4,65000,1,1,1,0
2,1,3,1,12,1,2,1,1,1,1,2,2,1,4,90000,1,1,1,0
1,1,3,6,1,5,2,4,1,1,4,2,1,1,1,100000,1,1,1,0
1,1,3,1,3,4,2,4,1,1,1,1,1,1,1,55000,1,1,1,0
1,1,4,5,3,6,3,4,1,1,7,1,2,1,4,78000,1,1,1,0
1,1,1,1,2,4,3,3,1,1,1,1,1,1,1,70000,1,1,1,0
1,1,2,1,12,5,2,2,1,1,6,1,1,1,4,90000,1,1,1,0
1,1,4,5,1,1,2,1,1,1,7,3,2,1,2,57000,1,1,1,0
1,1,6,3,1,8,3,4,1,1,1,1,1,1,6,20000,1,1,1,0
1,1,2,8,1,5,2,1,1,2,8,1,1,1,4,72500,1,1,1,0
1,1,3,1,5,5,2,1,1,1,7,1,1,1,4,822444,1,1,1,0
1,3,2,1,2,1,2,3,1,1,7,4,1,1,4,97000,1,1,1,0
1,1,2,1,1,9,3,3,1,1,7,1,2,1,4,115000,1,1,1,0
2,1,2,1,2,6,3,4,1,1,7,1,2,1,4,80000,1,1,1,0
1,1,3,7,14,11,3,3,1,1,7,1,1,1,3,1920000,1,1,1,0
1,1,2,4,3,8,2,1,1,1,8,1,1,1,4,70000,1,1,1,0
1,1,2,1,1,1,3,3,1,1,7,1,1,1,4,60000,1,1,1,0
1,2,1,3,1,4,2,2,1,1,2,1,1,1,1,20000,1,1,1,0
1,1,3,6,1,8,2,1,1,1,1,5,1,1,4,51500,1,1,1,0
1,1,1,9,3,8,2,1,2,3,1,1,1,1,4,65000,1,1,1,0
2,1,2,1,1,7,3,1,1,1,8,4,1,1,4,2000000,1,1,1,0
1,2,2,1,1,1,3,2,1,1,1,1,1,1,4,95000,1,1,1,0
1,1,3,1,1,5,3,3,1,2,1,5,1,1,4,85000,1,1,1,0
1,1,2,1,6,5,2,1,1,1,1,1,1,1,2,57348,1,1,1,0
2,3,2,6,4,6,2,1,1,1,7,5,1,1,2,120000,1,1,1,0
1,1,3,1,6,3,3,2,2,1,7,1,1,1,4,112320,1,1,1,0
1,1,1,1,1,9,2,2,1,1,9,1,1,1,3,94430,1,1,1,0
1,1,3,7,1,2,2,3,1,1,1,1,1,1,4,90000,1,1,1,0
1,1,2,7,1,4,2,1,1,1,7,1,1,1,4,120000,1,1,1,0
2,1,4,5,1,5,3,4,1,1,4,1,2,1,4,80000,1,1,1,0
1,1,2,1,1,5,2,3,1,1,8,1,1,1,1,156000,1,1,1,0
1,1,1,1,1,9,3,4,1,1,7,1,2,1,2,110000,1,1,1,0
1,1,6,1,1,9,2,1,1,1,6,1,2,1,2,126039,1,1,1,0
2,1,3,6,1,6,2,4,1,1,1,4,2,1,4,115000,1,1,1,0
1,1,2,1,1,4,3,1,1,1,5,4,1,1,1,62500,1,1,1,0
1,1,2,4,1,2,2,4,1,1,7,1,2,1,3,165000,1,1,1,0
1,1,2,10,1,7,2,2,1,1,7,1,2,1,4,110000,1,1,1,0
1,1,2,1,1,1,2,4,1,1,8,1,2,1,4,85000,1,1,1,0
1,1,2,1,5,5,3,2,1,1,2,6,2,1,4,110000,1,1,1,0
1,1,3,10,1,6,3,2,1,1,4,1,1,1,4,70000,1,1,1,0
1,1,2,1,12,1,3,3,1,1,7,1,1,1,1,115000,1,1,1,0
2,1,2,1,2,11,1,4,1,1,7,1,2,1,2,150000,1,1,1,0
1,2,8,5,12,1,1,1,1,1,1,1,1,1,1,193200,1,1,1,0
2,1,2,1,1,1,2,2,1,1,5,2,1,1,4,120285,1,1,1,0
1,2,2,1,1,1,2,2,1,1,7,1,2,1,4,115000,1,1,1,0
1,2,1,3,12,4,2,1,1,1,4,1,2,1,4,88500,1,1,1,0
1,1,2,1,1,3,2,1,1,1,7,1,2,1,2,102000,1,1,1,0
1,1,3,9,11,5,2,1,1,1,7,1,1,1,4,78000,1,1,1,0
2,1,2,4,2,8,3,1,2,3,7,3,1,1,4,80000,1,1,1,0
1,3,2,1,1,4,3,2,1,1,5,2,1,1,4,2000000,1,1,1,0
1,1,2,3,1,7,2,3,1,1,1,1,2,1,2,120000,1,1,1,0
2,1,3,1,11,1,3,3,1,1,7,1,1,1,4,115,1,1,1,0
1,1,2,3,1,6,2,4,1,1,7,1,1,1,4,100000,1,1,1,0
1,1,5,7,1,11,3,4,2,2,5,1,1,1,5,150000,1,1,1,0
2,1,4,1,1,11,2,1,1,1,2,3,1,1,3,79000,1,1,1,0
1,1,2,1,14,3,3,3,1,1,7,1,2,1,2,150000,1,1,1,0
2,1,2,1,6,4,2,3,1,1,6,1,1,1,4,90000,1,1,1,0
2,3,4,1,1,3,3,1,1,1,2,1,2,1,2,87000,1,1,1,0
1,1,3,1,1,5,3,2,2,1,7,4,1,1,4,60000,1,1,1,0
1,1,2,7,3,8,2,3,2,2,5,1,1,1,1,53000,1,1,1,0
1,1,2,1,1,7,3,1,1,1,6,1,2,1,4,732000,1,1,1,0
2,1,2,1,1,7,1,4,1,1,2,1,1,1,4,140000,1,1,1,0
1,1,2,3,14,1,2,1,1,1,5,1,2,1,4,117000,1,1,1,0
2,1,3,1,1,3,2,3,1,1,7,2,2,1,2,250000,1,1,1,0
1,1,2,1,10,9,2,1,1,1,6,1,2,1,2,303000,1,1,1,0
1,1,5,10,4,6,2,4,1,1,6,1,1,1,4,194600,1,1,1,0
1,1,2,6,1,9,3,3,1,1,1,1,1,1,2,94000,1,1,1,0
1,1,2,5,1,6,3,1,1,1,7,1,1,1,4,132000,1,1,1,0
1,1,1,1,12,8,3,3,2,2,9,4,1,1,4,95000,1,1,1,0
1,1,2,9,3,4,3,2,1,1,7,1,1,1,4,85000,1,1,1,0
2,1,4,1,9,3,2,1,1,1,7,1,1,1,2,108000,1,1,1,0
1,1,2,1,1,2,2,1,1,1,1,1,2,1,5,120000,1,1,1,0
2,1,2,1,1,4,3,4,2,1,6,1,1,1,1,40000,1,1,1,0
1,1,2,1,2,2,2,3,1,1,1,1,2,1,2,105000,1,1,1,0
2,1,2,1,1,4,2,1,1,1,1,1,1,1,1,65000,1,1,1,0
1,1,2,4,2,4,2,2,1,3,5,1,1,1,4,70000,1,1,1,0
1,1,3,10,1,4,1,2,1,2,7,1,1,1,1,80000,1,1,1,0
1,1,2,1,1,5,1,4,1,1,1,1,1,1,1,110000,1,1,1,0
1,1,2,9,3,8,2,4,2,1,1,1,1,1,1,65000,1,1,1,0
1,3,4,1,1,5,3,4,1,1,6,1,1,1,1,7500,1,1,1,0
2,1,2,7,1,3,2,1,1,1,7,1,2,1,2,102000,1,1,1,0
2,1,2,1,1,5,2,3,1,2,7,1,1,1,4,85000,1,1,1,0
1,1,2,6,1,1,2,1,1,1,7,1,1,1,4,112000,1,1,1,0
1,1,2,3,3,3,2,2,1,1,1,1,2,1,2,192000,1,1,1,0
1,1,1,1,1,4,2,2,1,1,5,1,1,1,1,24400,1,1,1,0
2,1,1,11,2,7,2,3,1,1,7,1,1,1,3,134000,1,1,1,0
1,1,3,4,1,1,2,4,1,1,6,1,1,1,4,85000,1,1,1,0
1,1,2,3,1,5,2,1,1,1,1,1,2,1,4,85000,1,1,1,0
1,1,3,1,1,1,2,4,1,1,1,5,1,1,4,152000,1,1,1,0
1,1,2,1,1,1,2,4,1,1,7,1,1,1,1,105000,1,1,1,0
1,1,3,1,1,3,2,4,1,1,7,1,2,1,2,131304,1,1,1,0
2,1,2,1,1,4,3,3,1,1,2,4,1,1,1,2000000,1,1,1,0
1,1,3,1,1,5,2,2,1,2,7,1,1,1,1,103000,1,1,1,0
2,1,2,1,18,6,1,1,1,1,1,1,1,1,4,78000,1,1,1,0
2,1,2,10,1,2,3,4,1,1,8,1,2,1,3,300000,1,1,1,0
1,1,2,1,1,7,3,1,1,1,7,1,2,1,2,100000,1,1,1,0
1,1,2,1,1,7,2,1,1,1,7,1,2,1,4,92000,1,1,1,0
1,1,2,1,1,4,2,1,1,1,7,1,1,1,4,63500,1,1,1,0
1,1,1,7,1,6,2,3,1,1,9,1,1,1,2,110000,1,1,1,0
1,1,2,2,2,4,3,3,2,2,8,1,2,1,3,67000,1,1,1,0
1,1,3,1,1,5,2,3,1,1,8,1,1,1,4,100000,1,1,1,0
1,1,3,6,12,9,2,2,1,1,1,1,2,1,3,145000,1,1,1,0
1,1,2,11,1,9,2,1,1,1,1,1,2,1,2,180000,1,1,1,0
1,1,2,1,1,9,1,1,1,1,2,1,1,1,2,120000,1,1,1,0
2,1,2,1,5,1,3,2,1,1,8,1,2,1,4,160000,1,1,1,0
1,1,6,8,1,5,2,1,1,1,2,1,1,1,1,58000,1,1,1,0
1,1,2,1,1,10,2,1,1,1,1,1,1,1,3,110000,1,1,1,0
1,1,2,9,5,1,3,2,1,1,7,1,1,1,4,105000,1,1,1,0
1,1,1,3,2,7,3,1,1,1,2,1,2,1,2,85000,1,1,1,0
1,1,6,6,1,8,1,1,1,1,4,1,1,1,4,32000,1,1,1,0
1,1,1,1,1,7,2,4,1,1,6,1,2,1,2,100000,1,1,1,0
1,1,2,1,2,6,2,4,1,1,7,1,1,1,4,110000,1,1,1,0
2,1,3,7,1,10,2,1,2,1,5,1,2,1,2,165000,1,1,1,0
1,3,6,6,1,5,2,2,1,1,7,1,1,1,1,60000,1,1,1,0
1,1,2,1,1,1,1,1,1,1,5,1,1,1,4,117000,1,1,1,0
1,1,2,6,18,4,2,2,1,1,2,1,1,1,4,92000,1,1,1,0
1,1,3,1,1,2,2,3,1,1,5,1,1,1,3,100000,1,1,1,0
2,1,3,2,1,10,3,1,1,1,5,1,1,1,2,100000,1,1,1,0
2,1,1,1,13,6,1,4,1,1,4,1,1,1,2,101000,1,1,1,0
2,1,3,1,1,4,2,3,1,1,7,1,2,1,3,68000,1,1,1,0
1,1,2,1,1,3,2,1,1,1,1,1,1,1,4,125000,1,1,1,0
1,1,4,5,3,4,2,2,1,1,1,1,1,1,4,60000,1,1,1,0
1,1,1,12,1,10,2,1,1,1,2,1,2,1,2,140000,1,1,1,0
1,1,3,1,1,3,3,3,1,1,4,1,2,1,3,155000,1,1,1,0
2,1,2,9,1,2,2,4,1,1,1,1,2,1,2,112000,1,1,1,0
1,1,2,3,1,10,2,1,1,1,4,1,2,1,4,33000,1,1,1,0
1,2,1,1,1,5,3,1,1,1,1,1,1,1,1,34000,1,1,1,0
2,1,3,9,1,6,2,4,2,1,1,5,1,1,4,158000,1,1,1,0
1,1,5,10,1,9,2,2,1,1,1,1,2,1,2,200000,1,1,1,0
1,1,4,5,3,7,1,1,2,2,2,1,1,1,4,50000,1,1,1,0
1,1,5,1,1,3,2,2,1,1,1,1,1,1,4,135000,1,1,1,0
1,1,2,3,1,9,2,1,1,1,1,1,2,1,2,108000,1,1,1,0
1,1,2,7,2,7,3,3,1,1,1,1,1,1,2,133800,1,1,1,0
2,1,2,1,1,5,1,1,1,1,5,1,1,1,4,97000,1,1,1,0
1,1,3,6,1,2,3,3,1,1,7,1,2,1,2,173000,1,1,1,0
1,1,2,4,11,8,2,4,1,1,5,1,1,1,1,65000,1,1,1,0
1,1,2,6,18,6,3,1,1,1,2,1,2,1,4,78000,1,1,1,0
2,1,2,4,1,6,3,2,1,1,7,1,2,1,2,125000,1,1,1,0
1,1,2,1,14,7,2,4,1,1,4,1,2,1,2,97500,1,1,1,0
1,3,2,4,6,8,2,1,2,1,7,1,1,1,4,27000,1,1,1,0
1,1,2,1,1,4,3,2,1,2,6,1,1,1,1,105000,1,1,1,0
1,1,2,4,1,5,2,2,1,1,1,1,1,1,2,75000,1,1,1,0
1,1,2,9,1,3,2,1,1,1,7,1,2,1,2,135000,1,1,1,0
2,1,2,3,2,1,3,4,1,1,5,1,2,1,2,85000,1,1,1,0
1,1,2,1,1,1,1,4,1,1,1,1,1,1,1,65000,1,1,1,0
1,1,1,1,1,1,3,1,1,1,5,7,1,1,2,87500,1,1,1,0
1,1,1,2,2,1,2,1,1,1,1,1,1,1,2,85000,1,1,1,0
1,1,2,1,1,3,2,1,1,1,7,1,1,1,4,100000,1,1,1,0
1,1,2,1,1,1,3,3,1,1,1,1,1,1,4,90000,1,1,1,0
2,1,2,1,1,5,2,3,1,1,8,1,1,1,4,137000,1,1,1,0
1,1,2,6,1,5,2,4,1,3,7,1,1,1,1,105000,1,1,1,0
2,1,2,8,3,5,2,3,1,3,3,2,1,1,4,85000,1,1,1,0
2,1,2,1,1,3,2,1,1,1,2,1,2,1,4,122000,1,1,1,0
1,1,3,1,13,6,3,4,1,2,1,2,1,1,4,153000,1,1,1,0
1,1,3,10,4,6,2,3,1,1,6,1,1,1,4,100000,1,1,1,0
1,2,2,1,2,4,2,2,1,1,9,4,1,1,1,12000,1,1,1,0
2,1,1,2,6,4,3,3,1,2,7,1,1,1,4,120000,1,1,1,0
1,1,2,8,1,3,3,3,1,1,5,1,2,1,4,2000000,1,1,1,0
2,1,2,1,1,6,2,1,1,1,4,1,2,1,2,2000000,1,1,1,0
1,1,2,1,13,1,2,3,1,1,1,1,1,1,4,1080000,1,1,1,0
1,1,2,8,2,7,2,4,1,1,7,6,1,1,2,97000,1,1,1,0
1,1,4,1,1,3,3,3,1,1,7,1,2,1,2,175000,1,1,1,0
1,1,3,1,1,5,1,4,1,1,7,5,1,1,4,90000,1,1,1,0
1,1,2,1,1,5,3,4,2,1,7,1,1,1,1,100000,1,1,1,0
1,1,2,1,1,4,2,3,1,1,7,5,1,1,1,118000,1,1,1,0
2,1,2,1,1,3,2,4,1,1,4,1,2,1,2,145000,1,1,1,0
1,1,2,1,1,3,2,1,1,1,1,1,2,1,2,105600,1,1,1,0
1,1,2,1,1,1,2,1,1,1,1,1,2,1,2,100000,1,1,1,0
1,1,3,1,1,5,3,3,1,1,5,5,2,1,4,80000,1,1,1,0
1,1,3,1,15,5,4,4,1,1,7,1,1,1,2,78000,1,1,1,0
2,1,2,1,2,1,1,3,2,1,1,6,2,1,2,120000,1,1,1,0
2,1,3,1,13,2,1,3,1,1,7,1,2,1,3,130000,1,1,1,0
1,1,3,4,1,2,2,1,1,1,7,1,2,1,3,118000,1,1,1,0
1,1,2,1,1,3,2,1,1,1,9,1,1,1,2,110000,1,1,1,0
1,1,2,6,13,2,3,3,1,1,9,5,2,1,2,170000,1,1,1,0
2,1,3,10,1,5,3,2,2,1,1,1,1,1,4,90000,1,1,1,0
2,1,2,9,11,8,2,3,1,3,7,1,1,1,4,76000,1,1,1,0
1,1,2,1,1,1,2,4,1,1,4,1,1,1,4,70000,1,1,1,0
1,1,1,2,6,4,2,1,1,1,7,1,1,1,1,85000,1,1,1,0
1,1,2,1,1,7,2,3,1,1,7,1,1,1,4,150000,1,1,1,0
1,1,3,4,11,2,3,2,1,1,2,1,2,1,2,88000,1,1,1,0
1,1,2,6,1,7,2,4,1,1,8,1,2,1,2,115000,1,1,1,0
1,1,1,1,1,6,2,1,1,1,7,1,2,1,2,180000,1,1,1,0
1,1,2,4,1,5,2,3,2,2,1,1,1,1,4,125000,1,1,1,0
1,1,3,3,1,1,2,4,1,1,7,5,1,1,4,65000,1,1,1,0
1,1,1,1,1,3,2,4,1,1,1,1,2,1,2,125000,1,1,1,0
2,1,2,1,11,10,2,3,1,1,7,1,2,1,3,154000,1,1,1,0
1,1,3,1,2,9,2,3,1,1,2,1,2,1,2,160000,1,1,1,0
1,1,1,3,1,3,3,1,1,1,7,1,2,1,2,105000,1,1,1,0
1,2,1,7,4,4,3,4,1,1,7,1,1,1,1,48500,1,1,1,0
1,1,2,1,3,5,2,1,1,1,1,1,1,1,1,105000,1,1,1,0
1,1,6,1,16,8,2,4,1,1,5,1,2,1,4,10000,1,1,1,0
1,1,2,1,1,5,2,1,1,1,6,2,1,1,1,100000,1,1,1,0
2,1,1,12,13,3,1,3,1,1,5,1,2,1,2,135000,1,1,1,0
1,1,3,1,1,6,2,3,1,1,8,1,1,1,4,110000,1,1,1,0
1,1,2,2,2,5,2,1,1,1,1,1,2,1,4,148500,1,1,1,0
1,1,2,7,1,5,2,4,1,3,4,1,1,1,4,85000,1,1,1,0
2,1,2,1,1,7,2,1,2,2,6,1,1,1,4,160000,1,1,1,0
1,1,2,1,1,3,2,1,1,1,7,1,1,1,4,130000,1,1,1,0
1,1,3,6,1,4,2,1,1,1,1,1,1,1,4,95688,1,1,1,0
1,1,2,1,1,4,2,1,2,2,1,1,1,1,1,66000,1,1,1,0
1,1,2,5,1,3,2,4,1,1,1,1,2,1,2,80000,1,1,1,0
1,1,2,1,1,4,2,4,1,1,8,4,1,1,1,74000,1,1,1,0
1,1,3,7,1,5,2,2,1,2,1,1,1,1,4,175000,1,1,1,0
2,1,2,1,3,9,3,4,1,1,1,1,2,1,2,125000,1,1,1,0
1,1,3,1,1,5,2,1,2,1,1,4,1,1,4,135000,1,1,1,0
1,1,2,1,13,4,1,1,1,1,4,2,1,1,4,71500,1,1,1,0
1,1,2,1,1,6,3,2,1,1,2,1,1,1,4,120000,1,1,1,0
1,2,3,1,1,3,2,4,1,1,7,2,1,1,4,120000,1,1,1,0
2,1,3,1,1,1,3,1,1,1,1,1,2,1,2,109461,1,1,1,0
2,1,2,1,1,6,2,3,1,1,1,1,1,1,4,175000,1,1,1,0
1,1,2,1,3,1,3,3,1,1,1,1,2,1,2,97500,1,1,1,0
1,2,2,1,1,7,2,4,1,1,7,4,2,1,4,61000,1,1,1,0
1,2,1,1,1,4,2,4,1,1,7,1,2,1,1,65000,1,1,1,0
1,2,1,1,3,4,3,1,1,1,6,1,1,1,1,48000,1,1,1,0
1,1,2,1,1,3,1,4,1,1,2,1,2,1,2,90000,1,1,1,0
1,1,2,1,5,7,2,4,1,1,1,1,1,1,4,90000,1,1,1,0
1,1,2,1,1,1,1,1,1,2,7,1,1,1,2,108000,1,1,1,0
1,1,3,1,1,7,2,1,1,1,7,1,2,1,4,117300,1,1,1,0
1,1,1,1,11,9,2,1,1,1,1,1,2,1,3,185000,1,1,1,0
2,1,2,1,2,10,2,2,1,1,7,1,1,1,2,100000,1,1,1,0
1,2,1,5,1,5,3,2,1,1,4,1,2,1,4,50000,1,1,1,0
2,1,6,1,1,4,2,3,2,1,3,7,1,1,2,75000,1,1,1,0
1,1,2,1,1,6,3,2,1,1,5,1,2,1,2,85000,1,1,1,0
1,1,2,4,2,8,2,2,2,4,1,1,1,1,4,32000,1,1,1,0
1,3,2,3,16,8,2,3,1,1,1,1,1,1,4,46000,1,1,1,0
1,1,2,1,1,5,2,4,2,1,7,1,1,1,4,62500,1,1,1,0
1,1,2,8,1,8,2,2,1,1,3,2,1,1,4,60000,1,1,1,0
1,1,1,7,1,6,2,4,1,1,7,1,1,1,4,112000,1,1,1,0
2,1,2,3,8,2,3,3,1,1,8,1,1,1,5,125000,1,1,1,1
1,1,2,8,1,5,2,4,1,1,7,1,2,1,4,91000,1,1,1,0
1,1,3,1,1,3,2,1,1,1,1,1,2,1,4,113000,1,1,1,0
1,1,2,1,1,3,4,2,1,2,1,1,1,1,4,40000,1,1,1,0
1,1,1,1,1,3,3,1,1,1,7,6,1,1,4,133500,1,1,1,0
1,2,5,9,4,5,2,4,1,1,2,1,1,1,4,240000,1,1,1,0
2,1,2,1,1,1,3,1,1,1,7,1,2,1,4,80000,1,1,1,0
1,1,2,1,1,2,1,4,1,1,6,1,2,1,3,210000,1,1,1,0
2,1,3,7,1,3,3,2,1,1,9,1,2,1,1,2000000,1,1,1,0
2,1,3,1,1,11,2,1,1,1,1,1,2,1,5,74000,1,1,1,0
1,1,2,1,12,10,2,1,1,1,1,1,1,1,2,70000,1,1,1,0
1,1,2,1,1,2,2,4,2,1,9,5,1,1,4,110000,1,1,1,0
1,1,2,1,1,5,3,3,1,1,2,1,1,1,1,76000,1,1,1,0
1,1,2,1,1,1,3,4,1,1,2,1,1,1,1,80000,1,1,1,0
1,1,1,1,1,1,3,3,1,1,7,1,1,1,1,70000,1,1,1,0
1,3,1,1,2,4,3,3,1,1,7,1,1,1,4,82400,1,1,1,0
1,1,2,1,1,2,2,2,1,1,7,1,2,1,5,145000,1,1,1,0
1,1,3,2,1,3,1,3,1,1,7,1,1,1,3,84000,1,1,1,0
1,1,2,1,1,1,2,3,1,1,7,1,1,1,4,75000,1,1,1,0
1,1,2,1,3,1,2,4,1,1,4,1,1,1,4,105000,1,1,1,0
1,1,2,12,1,1,2,1,1,1,7,1,1,1,4,135000,1,1,1,0
1,1,2,10,11,4,1,3,1,1,1,2,1,1,1,80000,1,1,1,0
2,1,2,1,18,1,3,4,1,1,7,1,2,1,4,88267,1,1,1,0
1,1,1,11,12,7,2,1,1,1,5,1,2,1,4,105000,1,1,1,0
1,1,3,9,1,10,2,1,1,1,6,1,1,1,2,170000,1,1,1,0
1,1,2,6,3,5,3,1,1,1,7,1,2,1,4,130000,1,1,1,0
1,1,2,8,3,8,2,3,1,1,5,2,1,1,4,50000,1,1,1,0
1,1,3,1,1,3,2,1,1,1,7,1,2,1,2,180000,1,1,1,0
1,1,3,1,1,9,2,1,1,1,1,1,2,1,2,161000,1,1,1,0
1,1,2,1,2,5,3,1,1,1,1,1,1,1,1,60000,1,1,1,0
1,1,2,5,6,4,2,4,2,1,4,1,1,1,4,39000,1,1,1,0
2,1,2,6,1,2,2,2,2,1,2,1,2,1,5,96000,1,1,1,0
1,1,1,1,2,2,3,4,1,1,7,1,2,1,2,100000,1,1,1,0
1,1,2,1,13,4,2,3,1,1,6,2,1,1,1,67000,1,1,1,0
1,3,2,3,1,1,2,2,1,1,5,1,2,1,4,75000,1,1,1,0
2,3,2,2,19,8,2,1,1,1,1,1,2,1,4,120000,1,1,1,0
1,1,2,1,1,5,3,2,1,1,4,1,1,1,4,102000,1,1,1,0
1,1,2,4,1,8,3,2,1,1,2,1,1,1,4,106000,1,1,1,0
1,1,2,1,5,9,3,4,1,1,2,4,1,1,2,140000,1,1,1,0
2,1,5,1,1,10,2,1,1,1,4,1,2,1,2,113000,1,1,1,0
1,1,3,1,1,4,2,4,2,1,1,5,1,1,4,73000,1,1,1,0
1,1,1,1,1,1,3,3,1,1,1,1,2,1,4,133000,1,1,1,0
1,1,3,3,1,2,2,2,1,1,8,1,1,1,5,125000,1,1,1,0
1,1,2,1,1,6,1,1,1,1,1,1,1,1,4,78000,1,1,1,0
2,1,3,6,18,1,2,1,1,1,1,1,1,1,4,117000,1,1,1,0
1,1,2,2,6,5,2,4,2,2,7,1,1,1,4,90000,1,1,1,0
1,1,1,1,1,5,2,1,1,1,5,1,1,1,1,60000,1,1,1,0
1,1,2,3,1,1,2,1,1,1,2,1,2,1,4,125000,1,1,1,0
1,1,2,10,1,1,3,2,1,1,7,1,2,1,4,180000,1,1,1,0
1,1,2,7,2,4,1,1,1,1,1,1,1,1,4,120000,1,1,1,0
1,1,2,2,2,6,3,3,1,3,7,1,1,1,3,115000,1,1,1,0
1,1,2,1,1,4,2,1,2,2,2,1,1,1,4,65000,1,1,1,0
1,2,1,1,1,5,4,4,2,2,1,1,1,1,1,9000,1,1,1,0
2,1,2,1,6,5,2,3,1,1,7,1,1,1,4,65100,1,1,1,0
2,1,2,1,1,4,2,1,1,1,6,2,1,1,1,95000,1,1,1,0
1,1,2,1,1,7,2,4,1,1,2,4,2,1,2,112000,1,1,1,0
1,1,2,1,13,1,2,1,1,1,7,1,1,1,4,55000,1,1,1,0
1,1,1,5,1,11,1,4,1,1,5,1,1,1,2,105000,1,1,1,0
1,1,4,1,1,5,2,1,1,1,2,1,1,1,1,30000,1,1,1,0
2,1,2,3,1,8,3,4,2,2,1,1,1,1,1,70300,1,1,1,0
1,1,2,1,1,1,2,4,1,1,1,1,1,1,2,24356,1,1,1,0
2,1,3,1,1,9,3,4,1,1,1,1,2,1,2,143000,1,1,1,0
1,1,3,1,1,3,2,3,1,1,8,1,2,1,2,159000,1,1,1,0
1,1,2,1,1,7,2,1,1,1,5,1,1,1,2,175000,1,1,1,0
2,1,1,1,8,9,2,3,1,1,7,1,1,1,2,119000,1,1,1,1
2,1,2,1,1,3,2,2,1,1,7,4,1,1,2,210000,1,1,1,0
1,1,2,1,1,6,2,1,1,1,7,1,1,1,4,138000,1,1,1,0
1,1,2,1,5,1,3,4,1,1,5,1,2,1,2,172000,1,1,1,0
1,1,1,1,1,1,3,2,1,1,2,1,1,1,2,120000,1,1,1,0
1,1,2,1,2,6,2,4,1,1,5,1,1,1,4,96000,1,1,1,0
1,1,2,1,1,2,2,1,1,1,5,1,2,1,3,125000,1,1,1,0
1,1,2,1,6,5,3,4,2,2,2,1,1,1,4,82000,1,1,1,0
1,1,3,7,1,9,2,4,1,1,8,1,2,1,3,115000,1,1,1,0
1,1,1,1,7,2,2,2,1,1,1,4,2,1,3,97200,1,1,1,0
1,1,2,6,1,3,2,3,1,1,7,1,1,1,4,110000,1,1,1,0
1,1,5,4,15,4,2,4,2,4,1,1,1,1,3,107000,1,1,1,0
1,2,2,1,1,5,2,3,2,2,6,1,1,1,4,30000,1,1,1,0
1,1,1,4,1,3,2,3,1,3,8,2,1,1,2,89000,1,1,1,0
1,1,2,1,1,5,2,1,1,1,7,2,1,1,4,100000,1,1,1,0
1,1,2,1,1,1,2,1,1,1,1,1,1,1,4,120750,1,1,1,0
1,1,5,1,1,1,2,2,1,1,7,1,1,1,4,2000000,1,1,1,0
1,1,1,1,5,2,2,4,1,1,7,4,2,1,3,155000,1,1,1,0
2,1,2,7,1,7,3,3,1,1,6,5,1,1,2,165000,1,1,1,0
1,1,2,1,1,5,1,4,1,1,1,1,1,1,1,107000,1,1,1,0
1,1,2,1,2,7,3,1,1,1,7,1,2,1,2,125000,1,1,1,0
1,1,2,1,1,4,3,3,1,1,2,4,1,1,4,95000,1,1,1,0
1,2,3,6,4,6,2,4,1,1,7,1,1,1,4,85000,1,1,1,0
1,1,1,1,1,5,2,2,1,1,7,1,2,1,4,75000,1,1,1,0
2,1,2,2,3,3,1,3,2,1,1,1,1,1,2,127000,1,1,1,0
1,1,3,1,1,7,2,1,1,1,1,1,1,1,4,111800,1,1,1,0
1,1,2,1,1,5,1,1,1,1,2,4,1,1,1,88000,1,1,1,0
1,1,3,1,13,6,2,3,1,1,7,1,1,1,4,2000000,1,1,1,0
2,1,2,3,1,1,4,4,1,1,7,5,1,1,4,63000,1,1,1,0
1,1,2,1,1,6,2,1,1,1,7,1,1,1,1,67000,1,1,1,0
2,1,2,7,2,4,2,1,1,1,6,7,1,1,4,76000,1,1,1,0
1,1,2,1,3,4,3,2,1,1,7,4,1,1,4,120000,1,1,1,0
1,1,2,7,1,3,2,1,1,1,7,1,2,1,2,151000,1,1,1,0
1,1,2,1,1,2,2,2,1,1,7,1,2,1,3,150000,1,1,1,0
1,1,2,6,2,6,2,3,1,1,9,5,2,1,2,145000,1,1,1,0
1,1,2,1,6,4,3,3,1,1,1,1,1,1,4,85000,1,1,1,0
1,1,2,1,14,3,3,1,1,1,4,1,1,1,2,145000,1,1,1,0
1,1,3,1,1,11,2,4,1,1,1,1,2,1,3,156000,1,1,1,0
1,1,1,12,12,4,3,2,1,2,7,1,1,1,4,90000,1,1,1,0
1,1,2,4,1,5,3,4,1,2,6,1,1,1,1,66000,1,1,1,0
1,1,2,1,1,11,1,4,1,1,7,1,1,1,2,150000,1,1,1,0
1,1,3,1,1,3,2,2,1,1,1,1,2,1,2,105000,1,1,1,0
1,1,2,6,1,5,3,3,1,1,4,1,1,1,4,57000,1,1,1,0
1,1,2,1,13,5,2,4,1,1,1,1,1,1,4,120000,1,1,1,0
2,1,2,2,3,4,1,3,2,2,1,1,1,1,4,65000,1,1,1,0
1,1,2,4,11,8,3,4,1,1,7,1,1,1,4,45000,1,1,1,0
1,1,2,1,3,3,3,2,1,1,7,1,1,1,2,102000,1,1,1,0
1,1,2,1,1,5,2,3,1,1,7,1,1,1,1,250000,1,1,1,0
1,1,2,1,1,1,3,3,1,1,8,5,1,1,4,160000,1,1,1,0
1,1,3,1,1,6,2,4,1,1,4,1,1,1,4,95000,1,1,1,0
1,1,2,1,1,9,3,4,1,1,7,1,2,1,2,176000,1,1,1,0
1,1,2,6,1,6,3,4,1,1,7,4,2,1,4,125000,1,1,1,0
1,1,2,10,1,2,2,2,1,1,7,1,1,1,5,280000,1,1,1,0
1,1,2,7,1,3,2,4,1,1,7,1,2,1,2,136500,1,1,1,0
1,1,4,7,1,3,3,4,1,1,5,1,2,1,4,120000,1,1,1,0
2,1,2,1,1,4,2,2,1,1,2,1,1,1,1,95000,1,1,1,0
1,1,2,6,6,5,3,1,1,1,2,1,1,1,1,31250,1,1,1,0
1,1,3,1,1,1,2,3,1,1,1,5,1,1,4,170000,1,1,1,0
2,1,3,1,1,6,2,2,1,1,1,1,1,1,4,90000,1,1,1,0
1,1,2,6,11,5,3,3,1,1,1,7,1,1,1,70000,1,1,1,0
2,1,1,1,3,5,1,2,1,1,1,1,1,1,2,120000,1,1,1,0
1,1,2,1,1,5,3,3,1,1,1,1,2,1,2,50000,1,1,1,0
1,2,2,1,1,1,2,1,1,1,1,5,1,1,4,90000,1,1,1,0
1,2,3,1,1,5,1,4,1,1,7,5,2,1,4,68000,1,1,1,0
2,1,5,10,11,5,3,3,2,1,6,1,1,1,4,85000,1,1,1,0
1,1,2,8,3,4,2,4,2,1,1,1,2,1,4,70000,1,1,1,0
2,1,4,10,3,8,3,3,1,1,8,1,1,1,4,70000,1,1,1,0
2,1,2,10,5,4,3,3,2,1,6,1,1,1,4,84000,1,1,1,0
1,1,2,3,2,4,2,2,1,1,7,1,1,1,1,88000,1,1,1,0
2,1,2,5,1,4,3,4,2,1,7,1,1,1,1,32500,1,1,1,0
1,1,2,6,5,8,3,2,1,1,1,1,2,1,4,60000,1,1,1,0
2,1,2,1,2,4,2,1,1,1,4,1,2,1,4,70000,1,1,1,0
1,1,3,1,3,11,3,1,2,1,1,1,2,1,2,150000,1,1,1,0
1,1,3,2,6,5,2,4,2,1,7,1,1,1,4,75000,1,1,1,0
2,1,2,6,1,10,2,1,1,1,7,1,2,1,3,100000,1,1,1,0
1,1,2,8,4,5,2,3,1,1,8,1,1,1,4,108000,1,1,1,0
1,1,2,1,1,1,2,3,1,1,4,1,1,1,4,92000,1,1,1,0
1,1,2,1,1,5,2,2,1,1,8,1,1,1,1,315000,1,1,1,0
1,1,3,1,14,5,3,4,1,1,7,1,2,1,4,115000,1,1,1,0
1,1,3,6,11,6,3,1,1,1,7,1,1,1,4,78500,1,1,1,0
1,1,2,1,2,1,2,4,1,1,6,1,1,1,4,90000,1,1,1,0
1,1,2,1,1,6,2,4,1,1,1,1,1,1,4,575000,1,1,1,0
1,1,2,1,1,1,1,3,1,1,1,1,1,1,4,90000,1,1,1,0
1,1,4,1,11,1,2,1,1,1,1,1,2,1,2,49000,1,1,1,0
1,1,2,1,1,7,2,3,1,1,7,1,1,1,4,155500,1,1,1,0
1,1,2,1,1,10,2,4,1,1,8,2,1,1,3,96000,1,1,1,0
1,1,6,1,1,5,2,1,1,1,7,1,1,1,4,150000,1,1,1,0
1,1,2,1,13,4,2,3,1,1,7,1,1,1,4,61000,1,1,1,0
1,1,3,4,1,4,3,2,1,1,1,3,1,1,4,2000000,1,1,1,0
1,1,2,1,1,5,3,1,1,1,7,3,1,1,1,128000,1,1,1,0
1,1,3,1,13,2,2,4,1,1,7,1,1,1,3,143500,1,1,1,0
1,2,2,1,1,4,3,4,1,1,7,1,1,1,1,90000,1,1,1,0
1,1,3,1,1,7,3,1,1,1,1,4,2,1,2,150000,1,1,1,0
1,2,1,1,1,8,3,2,1,1,1,1,2,1,1,45000,1,1,1,0
1,2,3,1,1,1,2,3,1,1,1,1,1,1,4,220000,1,1,1,0
1,1,2,1,1,6,2,3,1,1,7,5,1,1,4,97000,1,1,1,0
1,1,2,1,2,5,3,1,1,1,6,1,1,1,4,81000,1,1,1,0
1,1,2,1,1,7,2,4,1,1,8,1,1,1,4,75000,1,1,1,0
1,1,4,6,2,2,3,3,1,1,3,1,2,1,3,105000,1,1,1,0
1,2,2,9,1,5,3,1,1,1,5,1,2,1,4,107000,1,1,1,0
2,1,2,1,1,5,2,4,1,1,7,1,1,1,1,50000,1,1,1,0
1,1,2,4,1,4,2,2,1,1,1,1,1,1,4,120000,1,1,1,0
2,1,5,10,13,11,3,1,1,1,1,1,2,1,3,120000,1,1,1,0
2,2,3,6,11,6,3,1,1,1,7,1,1,1,4,34000,1,1,1,0
1,1,2,8,3,5,2,4,2,3,5,1,2,1,3,124000,1,1,1,0
1,1,2,7,1,7,3,3,1,1,1,1,2,1,2,87500,1,1,1,0
1,3,2,1,1,6,2,4,1,1,1,1,2,1,1,64000,1,1,1,0
1,1,1,2,1,2,2,1,1,1,1,1,2,1,4,1080000,1,1,1,0
1,1,2,1,1,10,2,1,1,1,2,1,1,1,4,140000,1,1,1,0
1,1,3,6,1,6,2,1,1,1,7,1,1,1,4,165000,1,1,1,0
1,1,2,1,7,4,3,4,1,1,5,3,1,1,4,70000,1,1,1,0
1,1,2,1,1,6,2,1,1,1,1,1,2,1,4,94000,1,1,1,0
1,1,2,3,4,10,2,2,1,1,7,1,2,1,2,170000,1,1,1,0
1,1,2,1,1,5,1,3,1,2,7,1,1,1,4,68000,1,1,1,0
1,1,2,1,1,1,2,4,1,1,1,1,1,1,4,145000,1,1,1,0
1,2,6,1,16,8,3,1,2,1,7,1,1,1,1,7000,1,1,1,0
1,1,2,1,1,9,1,4,1,1,1,1,1,1,4,136248,1,1,1,0
2,1,2,1,1,1,1,1,1,1,7,1,1,1,4,59000,1,1,1,0
1,1,2,9,1,1,2,3,1,1,7,1,2,1,4,300000,1,1,1,0
1,1,2,1,1,4,2,4,1,1,5,1,2,1,4,82500,1,1,1,0
2,1,2,1,11,9,1,1,1,1,7,1,1,1,2,135000,1,1,1,0
1,1,2,6,1,4,3,4,1,1,7,6,1,1,4,1260000,1,1,1,0
2,1,2,1,1,1,2,1,2,3,7,1,1,1,2,135000,1,1,1,0
1,1,2,1,1,5,3,3,1,1,5,1,1,1,1,103000,1,1,1,0
1,2,6,1,7,8,3,3,1,1,2,4,1,1,1,12750,1,1,1,0
1,1,2,1,5,2,2,3,1,1,7,1,2,1,3,130000,1,1,1,0
1,1,2,1,1,1,3,3,1,1,7,1,2,1,4,120000,1,1,1,0
1,2,2,2,1,7,3,4,1,1,2,1,1,1,2,70000,1,1,1,0
1,1,1,9,7,8,2,4,2,1,2,3,1,1,4,43000,1,1,1,0
1,1,1,10,1,9,2,4,1,1,1,1,1,1,5,100000,1,1,1,0
1,1,2,9,13,11,2,1,1,1,7,1,2,1,3,200000,1,1,1,0
1,1,3,1,1,7,2,4,1,1,6,1,1,1,2,140000,1,1,1,0
2,1,1,9,1,1,2,1,1,1,5,3,2,1,2,2000000,1,1,1,0
1,1,2,2,1,5,1,1,1,1,7,1,2,1,2,75000,1,1,1,0
1,1,5,1,1,3,2,4,1,1,6,1,2,1,2,150000,1,1,1,0
1,1,5,2,1,6,2,1,1,1,8,1,2,1,4,105000,1,1,1,0
1,1,2,5,1,1,2,4,1,1,2,1,1,1,4,90000,1,1,1,0
1,1,1,12,1,11,3,1,1,1,5,1,1,1,2,100000,1,1,1,0
1,1,4,1,1,5,2,1,1,1,7,1,1,1,1,60000,1,1,1,0
1,1,2,1,1,5,3,4,1,1,1,1,1,1,1,116000,1,1,1,0
1,1,2,1,1,9,1,3,1,3,7,1,1,1,2,137500,1,1,1,0
1,2,2,1,18,4,3,3,1,1,1,1,1,1,1,40000,1,1,1,0
1,1,4,1,1,4,3,1,1,1,7,1,1,1,4,60000,1,1,1,0
1,1,4,1,7,4,1,1,1,1,7,1,1,1,4,50000,1,1,1,0
1,3,2,10,4,4,2,1,2,3,3,1,1,1,3,50000,1,1,1,0
1,1,2,1,3,5,2,2,2,1,1,1,1,1,1,100000,1,1,1,0
1,1,2,1,5,4,2,1,1,1,9,4,1,1,1,720000,1,1,1,0
1,1,2,2,2,8,2,4,1,1,7,5,1,1,4,103000,1,1,1,0
1,1,5,10,4,6,2,3,2,1,1,1,2,1,4,200000,1,1,1,0
1,1,2,3,1,9,2,2,1,1,4,4,1,1,4,77400,1,1,1,0
1,1,2,3,1,5,3,3,1,1,5,1,2,1,2,84000,1,1,1,0
2,1,2,1,1,9,2,3,1,1,1,1,1,1,4,95000,1,1,1,0
1,1,2,8,2,3,2,4,1,1,7,1,2,1,5,89000,1,1,1,0
1,1,2,1,5,1,2,4,1,1,1,4,2,1,4,100000,1,1,1,0
1,1,3,1,3,7,3,1,1,1,7,1,2,1,4,150000,1,1,1,0
1,1,2,1,1,5,2,4,1,1,8,1,1,1,2,125000,1,1,1,0
1,1,2,6,1,2,3,2,1,1,8,1,1,1,5,120000,1,1,1,0
1,1,3,10,4,5,2,3,1,1,1,1,1,1,1,130000,1,1,1,0
1,1,2,1,8,4,3,1,1,1,7,1,1,1,1,65000,1,1,1,1
1,1,3,8,1,8,2,1,2,1,1,1,1,1,4,95000,1,1,1,0
1,1,1,10,1,1,2,1,1,1,6,6,1,1,4,135000,1,1,1,0
2,2,1,1,13,4,2,2,1,1,1,1,1,1,1,57600,1,1,1,0
1,1,3,1,13,9,1,1,1,1,7,1,1,1,4,92000,1,1,1,0
1,1,2,1,1,2,2,4,1,1,1,1,2,1,3,152000,1,1,1,0
1,1,2,1,1,5,2,4,1,1,5,1,2,1,4,105000,1,1,1,0
2,1,4,1,1,1,2,1,1,1,7,1,1,1,2,70000,1,1,1,0
1,1,3,10,1,7,3,2,1,1,7,1,2,1,4,100000,1,1,1,0
2,1,2,3,1,4,3,1,1,1,1,1,2,1,4,47000,1,1,1,0
1,1,1,1,2,6,1,1,1,1,7,1,1,1,4,52000,1,1,1,0
1,1,1,1,1,4,3,1,1,1,7,1,1,1,4,120000,1,1,1,0
1,1,1,1,1,2,1,1,1,2,4,1,1,1,2,170000,1,1,1,0
1,1,1,3,1,6,2,3,1,1,7,1,1,1,2,150000,1,1,1,0
1,1,2,1,1,11,3,3,1,1,7,1,2,1,2,115000,1,1,1,0
1,1,1,1,1,4,2,3,1,1,9,1,1,1,1,150000,1,1,1,0
1,1,2,3,2,6,3,3,1,1,7,1,2,1,2,90000,1,1,1,0
1,1,2,7,3,3,2,1,1,1,5,1,2,1,2,75000,1,1,1,0
1,1,2,1,1,3,3,4,1,1,7,1,1,1,2,191000,1,1,1,0
2,1,2,1,1,5,2,2,1,1,7,1,1,1,4,95000,1,1,1,0
2,1,2,3,1,6,2,4,1,1,1,1,2,1,3,67500,1,1,1,0
1,1,2,1,3,4,2,4,1,1,7,5,1,1,4,68500,1,1,1,0
1,1,2,1,13,4,3,4,1,1,1,1,1,1,1,69000,1,1,1,0
2,1,2,3,8,4,3,1,1,1,5,4,2,1,4,48000,1,1,1,1
1,1,5,1,2,9,3,2,1,1,6,1,2,1,2,230000,1,1,1,0
2,1,2,1,1,3,2,1,1,1,7,1,2,1,2,74623,1,1,1,0
2,1,2,7,8,10,2,4,1,1,7,1,1,1,7,81000,1,1,1,1
1,1,3,1,1,6,3,3,1,1,2,5,2,1,2,100097,1,1,1,0
1,1,2,1,1,5,2,4,1,1,7,2,1,1,4,63000,1,1,1,0
1,1,2,1,1,3,3,1,1,2,6,4,2,1,2,100000,1,1,1,0
1,1,3,1,1,5,3,4,1,1,1,1,1,1,1,200000,1,1,1,0
2,1,2,1,18,4,2,3,1,1,5,1,1,1,1,80000,1,1,1,0
2,1,3,1,1,6,3,3,1,1,1,5,1,1,4,80000,1,1,1,0
1,1,4,8,1,1,2,1,1,1,9,4,1,1,2,2250,1,1,1,0
2,1,6,9,1,10,1,1,1,1,1,1,2,1,2,250000,1,1,1,0
1,1,2,4,1,4,2,3,1,1,6,1,1,1,4,77000,1,1,1,0
2,1,2,2,3,4,2,3,1,1,4,1,1,1,4,32240,1,1,1,0
1,1,3,10,5,5,3,4,1,1,1,4,1,1,4,50000,1,1,1,0
1,1,3,1,4,10,1,4,1,1,4,4,2,1,2,65000,1,1,1,0
1,1,2,1,14,9,2,1,1,1,1,1,2,1,2,145000,1,1,1,0
1,1,2,1,2,6,1,1,1,1,5,1,1,1,2,95000,1,1,1,0
1,1,2,1,1,6,1,1,1,1,4,1,1,1,4,58000,1,1,1,0
1,1,3,1,1,1,1,4,1,1,1,1,1,1,1,135000,1,1,1,0
2,1,2,6,13,2,2,1,1,1,7,1,1,1,5,151000,1,1,1,0
1,1,3,6,1,1,2,1,1,1,3,5,2,1,4,150000,1,1,1,0
1,1,1,1,1,5,2,1,1,1,5,1,1,1,4,101000,1,1,1,0
1,1,1,1,2,7,3,2,1,1,2,7,2,1,4,95502,1,1,1,0
2,1,2,1,1,2,2,1,1,3,5,1,1,1,3,110000,1,1,1,0
1,1,3,10,14,7,3,4,1,1,4,1,2,1,2,210000,1,1,1,0
2,1,3,9,12,6,3,4,1,1,2,1,1,1,4,32000,1,1,1,0
1,1,1,1,1,2,1,3,1,1,7,1,2,1,3,102000,1,1,1,0
1,1,1,1,1,8,2,4,1,3,6,1,1,1,4,30000,1,1,1,0
2,1,2,8,3,8,2,3,1,1,7,1,2,1,2,64000,1,1,1,0
1,1,2,1,1,5,2,2,1,1,7,1,1,1,1,100000,1,1,1,0
1,1,2,1,1,5,3,1,1,1,1,1,1,1,1,107000,1,1,1,0
1,1,3,8,1,3,2,3,1,1,1,1,2,1,2,120000,1,1,1,0
1,1,1,8,3,4,2,4,2,1,9,1,1,1,4,20000,1,1,1,0
2,1,2,4,1,4,3,1,1,1,1,1,1,1,4,120000,1,1,1,0
1,1,3,1,13,3,2,3,1,1,4,1,2,1,2,100000,1,1,1,0
1,1,2,1,1,2,2,3,1,1,6,1,1,1,5,193000,1,1,1,0
1,1,3,7,3,6,3,2,1,1,7,1,2,1,3,110000,1,1,1,0
1,1,2,1,1,5,2,3,1,1,7,1,1,1,4,65000,1,1,1,0
1,1,3,1,7,2,2,3,1,1,7,1,1,1,5,96000,1,1,1,0
1,3,1,1,1,5,3,4,1,1,7,1,1,1,1,25000,1,1,1,0
1,1,2,1,1,3,3,4,1,1,7,1,2,1,2,110000,1,1,1,0
1,3,2,4,1,4,3,3,1,1,1,2,1,1,4,95000,1,1,1,0
2,1,2,1,1,2,3,2,1,1,7,1,1,1,5,142000,1,1,1,0
2,3,1,1,12,8,2,4,1,1,5,1,1,1,1,39000,1,1,1,0
1,1,2,3,1,6,2,1,1,1,2,1,2,1,2,102000,1,1,1,0
2,1,3,3,2,2,3,3,2,1,7,1,1,1,3,76000,1,1,1,0
1,1,2,1,2,11,3,4,1,1,1,1,2,1,3,155000,1,1,1,0
1,1,2,3,1,7,2,4,1,1,1,1,2,1,2,92500,1,1,1,0
1,3,2,1,1,6,2,4,1,1,5,1,2,1,4,102000,1,1,1,0
1,1,2,6,1,3,3,2,1,1,6,1,1,1,4,75000,1,1,1,0
1,1,2,1,5,9,3,1,1,1,7,1,2,1,2,142500,1,1,1,0
1,1,1,12,12,5,2,4,1,1,7,1,2,1,4,90000,1,1,1,0
1,1,2,1,1,7,3,4,1,1,6,1,1,1,2,73000,1,1,1,0
1,1,2,1,1,5,2,1,1,1,7,1,2,1,2,80000,1,1,1,0
1,1,3,1,1,3,3,2,1,1,5,1,1,1,2,100000,1,1,1,0
1,1,2,1,1,1,2,3,1,1,1,2,1,1,1,65000,1,1,1,0
1,1,2,1,1,7,2,3,1,1,7,1,2,1,4,95000,1,1,1,0
1,1,2,7,3,5,3,4,1,1,4,1,2,1,4,82000,1,1,1,0
1,1,1,1,16,4,2,4,1,1,2,1,1,1,4,42000,1,1,1,0
1,1,1,1,1,1,1,1,1,1,7,1,2,1,2,56000,1,1,1,0
1,1,2,1,1,3,2,4,1,1,7,2,2,1,2,200000,1,1,1,0
1,1,3,1,18,10,3,2,1,1,1,1,2,1,3,175000,1,1,1,0
2,1,3,8,13,4,3,1,1,1,7,1,2,1,4,65000,1,1,1,0
1,1,2,1,1,5,2,4,1,1,8,1,1,1,1,60000,1,1,1,0
1,1,3,6,13,5,3,4,1,1,4,1,1,1,4,85000,1,1,1,0
1,1,5,9,1,1,3,1,1,1,7,1,1,1,4,140000,1,1,1,0
1,1,2,3,1,1,2,1,1,1,1,1,1,1,4,61000,1,1,1,0
1,1,2,1,1,4,3,2,1,1,7,5,1,1,4,84000,1,1,1,0
2,1,2,1,1,5,3,3,1,1,2,1,2,1,4,65000,1,1,1,0
1,1,2,1,1,7,1,4,2,2,4,1,2,1,4,60000,1,1,1,0
1,1,2,10,1,2,2,1,1,1,5,1,1,1,5,135000,1,1,1,0
1,1,2,1,1,2,1,1,1,1,6,1,2,1,3,101000,1,1,1,0
1,1,2,7,3,8,3,1,2,1,1,1,1,1,4,60000,1,1,1,0
1,1,2,3,1,4,2,1,2,1,6,1,1,1,3,113000,1,1,1,0
1,1,2,1,1,6,2,3,1,1,8,1,1,1,4,122000,1,1,1,0
2,1,2,3,1,7,2,2,1,1,7,1,2,1,3,105000,1,1,1,0
1,1,2,1,14,6,2,2,1,1,7,1,1,1,4,155792,1,1,1,0
1,1,1,3,1,5,1,4,1,1,1,1,1,1,4,95000,1,1,1,0
1,1,3,8,1,3,3,3,1,1,1,1,1,1,2,120000,1,1,1,0
1,1,2,10,1,7,2,1,1,1,6,1,1,1,4,130000,1,1,1,0
1,1,1,3,1,4,3,1,1,1,1,1,2,1,4,44000,1,1,1,0
1,1,2,1,2,7,3,1,1,1,7,1,1,1,4,140000,1,1,1,0
1,1,2,1,3,4,2,4,2,3,5,1,1,1,4,67600,1,1,1,0
2,1,2,5,3,5,3,3,1,1,1,1,1,1,4,140000,1,1,1,0
1,1,6,3,1,5,2,1,1,1,5,1,1,1,1,100000,1,1,1,0
1,1,2,1,2,1,2,3,1,1,4,1,1,1,2,145000,1,1,1,0
1,1,1,1,1,2,3,2,1,1,1,1,1,1,5,98600,1,1,1,0
1,2,4,5,1,3,3,3,1,1,1,1,2,1,3,93000,1,1,1,0
1,1,2,2,1,4,2,3,1,1,8,1,1,1,4,84000,1,1,1,0
2,1,3,6,1,4,3,2,1,1,6,1,1,1,4,82000,1,1,1,0
1,1,2,6,3,1,3,1,1,1,7,5,2,1,4,888000,1,1,1,0
1,1,6,3,1,6,2,1,1,1,5,1,2,1,4,2000000,1,1,1,0
1,1,2,6,6,4,3,1,1,3,1,1,1,1,4,76000,1,1,1,0
2,1,2,2,1,8,3,3,2,2,2,1,1,1,4,60000,1,1,1,0
2,1,3,1,5,5,3,4,1,1,1,2,1,1,2,150000,1,1,1,0
1,1,2,8,2,4,2,2,1,1,7,1,1,1,4,78000,1,1,1,0
2,1,2,3,9,8,2,4,1,1,8,1,1,1,4,58000,1,1,1,0
1,1,2,1,1,1,2,4,1,3,7,2,1,1,4,106000,1,1,1,0
1,1,2,7,1,9,3,4,1,1,1,1,2,1,2,90000,1,1,1,0
1,1,2,4,1,6,3,2,1,1,8,1,1,1,4,160000,1,1,1,0
1,1,2,1,8,9,2,4,1,1,4,1,2,1,2,2000000,1,1,1,1
1,2,3,1,1,3,2,1,1,1,7,4,1,1,2,85000,1,1,1,0
1,1,5,10,4,5,2,4,1,1,3,6,1,1,4,150000,1,1,1,0
2,2,4,1,1,5,3,3,1,1,7,1,2,1,4,919200,1,1,1,0
2,1,2,9,1,5,2,3,1,1,1,1,1,1,4,165000,1,1,1,0
1,1,2,1,2,1,2,4,1,1,1,1,1,1,2,124000,1,1,1,0
2,1,1,8,1,1,2,4,1,1,7,1,2,1,4,97000,1,1,1,0
1,1,2,6,1,4,2,3,1,1,6,1,1,1,4,100000,1,1,1,0
1,2,6,4,1,4,3,4,1,1,5,1,1,1,1,6600,1,1,1,0
1,1,2,1,3,3,1,4,1,1,7,3,2,1,2,125000,1,1,1,0
1,2,2,1,1,5,3,4,1,1,7,1,1,1,1,45000,1,1,1,0
1,1,2,1,2,6,2,4,1,1,1,1,1,1,1,178600,1,1,1,0
1,1,2,1,1,1,3,4,1,1,2,4,1,1,4,113500,1,1,1,0
1,1,2,3,1,3,3,3,1,1,6,1,2,1,4,150000,1,1,1,0
1,1,2,7,8,4,2,3,1,1,1,1,2,1,4,50000,1,1,1,1
1,3,2,3,1,5,1,1,1,1,2,1,1,1,2,160000,1,1,1,0
1,1,2,3,4,7,2,3,1,1,7,1,2,1,2,165000,1,1,1,0
1,1,2,1,1,1,3,2,1,1,5,1,2,1,4,148000,1,1,1,0
1,1,2,1,12,1,3,4,1,1,1,1,2,1,2,100000,1,1,1,0
1,2,1,3,1,5,2,1,1,1,7,3,2,1,1,45000,1,1,1,0
1,1,2,1,2,6,2,2,1,1,1,1,2,1,4,115000,1,1,1,0
1,1,2,6,1,9,3,4,1,1,7,1,2,1,3,110000,1,1,1,0
1,1,2,1,1,4,2,2,1,1,7,1,1,1,1,61800,1,1,1,0
1,3,2,1,3,5,2,1,1,1,1,5,1,1,4,130000,1,1,1,0
1,1,3,1,13,2,2,2,1,1,9,1,1,1,2,100000,1,1,1,0
1,1,2,1,1,9,2,3,1,1,8,1,2,1,2,160000,1,1,1,0
1,1,2,1,1,3,2,4,1,1,5,1,1,1,2,110000,1,1,1,0
1,3,3,6,11,7,2,1,1,1,1,1,2,1,2,107000,1,1,1,0
1,1,1,1,1,11,2,1,1,1,2,1,1,1,3,96000,1,1,1,0
1,3,3,8,8,1,2,4,1,1,8,6,1,1,4,120000,1,1,1,1
2,1,3,3,1,5,2,2,1,1,5,4,1,1,2,87000,1,1,1,0
1,1,2,2,1,3,2,2,1,2,8,1,1,1,3,130000,1,1,1,0
1,1,3,1,10,7,1,3,1,1,7,1,2,1,4,123000,1,1,1,0
1,1,3,4,11,4,1,2,1,1,1,6,1,1,1,130000,1,1,1,0
1,1,6,1,3,8,4,3,1,1,3,1,1,1,4,29000,1,1,1,0
1,1,3,1,1,10,2,2,1,1,7,1,2,1,2,240000,1,1,1,0
2,1,3,1,1,7,3,3,1,1,1,4,2,1,2,90000,1,1,1,0
1,1,1,1,1,5,3,2,1,1,2,1,2,1,4,41000,1,1,1,0
2,1,3,1,1,5,3,2,1,1,8,1,1,1,1,68000,1,1,1,0
1,1,2,2,1,5,3,4,2,1,7,1,1,1,4,76000,1,1,1,0
1,1,2,1,1,5,2,3,2,2,1,1,2,1,2,936000,1,1,1,0
1,1,2,1,1,4,2,4,2,3,7,2,1,1,4,137000,1,1,1,0
1,1,2,1,1,5,3,1,1,1,4,1,2,1,2,90000,1,1,1,0
1,1,1,1,1,2,2,1,1,1,9,1,2,1,5,150000,1,1,1,0
1,1,2,1,1,9,2,3,1,1,7,1,2,1,2,145000,1,1,1,0
1,2,1,1,1,5,4,3,1,1,1,1,1,1,1,42000,1,1,1,0
1,1,2,1,1,6,2,2,1,1,7,1,1,1,4,90000,1,1,1,0
1,1,2,1,1,5,2,1,1,1,1,4,1,1,1,48000,1,1,1,0
1,1,2,1,1,4,2,3,1,2,5,1,1,1,4,65000,1,1,1,0
1,1,2,2,1,4,2,4,2,2,8,1,2,1,4,112000,1,1,1,0
1,1,2,1,1,6,1,4,1,1,1,1,1,1,4,65000,1,1,1,0
1,1,2,1,1,1,2,1,1,1,7,1,1,1,4,120000,1,1,1,0
1,1,2,1,1,5,3,3,2,2,7,1,1,1,2,132000,1,1,1,0
1,1,2,1,2,4,3,3,1,1,5,5,1,1,4,70000,1,1,1,0
1,1,3,9,3,5,2,1,2,3,6,1,1,1,4,84000,1,1,1,0
1,3,2,1,1,10,1,2,1,1,1,1,1,1,4,150000,1,1,1,0
1,1,2,1,1,1,2,3,2,1,7,3,1,1,4,78000,1,1,1,0
1,1,2,1,1,1,2,4,1,1,1,1,1,1,4,43200,1,1,1,0
1,1,3,3,1,4,2,1,1,1,7,1,2,1,4,61000,1,1,1,0
1,3,1,1,3,3,2,1,1,1,2,4,1,1,2,116000,1,1,1,0
1,2,2,1,1,7,2,3,1,1,2,1,2,1,2,90000,1,1,1,0
2,1,2,1,1,9,2,3,1,1,7,1,1,1,2,140000,1,1,1,0
1,1,4,1,1,1,3,1,1,1,2,1,1,1,1,60000,1,1,1,0
1,1,5,1,1,2,3,2,1,1,7,1,1,1,2,250000,1,1,1,0
1,1,2,1,1,3,1,4,1,3,7,1,1,1,4,120000,1,1,1,0
1,1,2,1,10,5,2,4,1,1,1,1,1,1,1,48000,1,1,1,0
1,1,2,1,1,5,2,1,1,1,7,1,2,1,3,83500,1,1,1,0
1,1,9,9,11,3,2,1,1,2,9,1,1,1,3,100000,1,1,1,0
1,2,6,6,1,5,3,1,1,1,1,1,1,1,1,45000,1,1,1,0
1,1,2,7,3,8,2,3,1,1,5,2,1,1,4,80000,1,1,1,0
1,1,3,1,2,5,2,3,2,1,1,1,1,1,4,55000,1,1,1,0
2,1,2,1,1,9,1,4,2,2,1,1,1,1,2,77000,1,1,1,0
1,1,1,7,1,5,3,3,1,1,4,1,1,1,4,55000,1,1,1,0
2,2,2,1,1,1,3,3,1,1,7,1,2,1,4,100000,1,1,1,0
1,1,2,5,2,5,2,4,1,1,5,1,1,1,4,115000,1,1,1,0
1,1,4,6,13,2,3,1,1,3,5,1,1,1,3,80000,1,1,1,0
1,1,3,9,2,5,2,4,2,1,7,1,2,1,4,140000,1,1,1,0
1,1,3,3,1,1,3,3,1,1,1,7,2,1,3,105000,1,1,1,0
1,1,5,10,1,10,4,4,1,1,6,1,2,1,4,153000,1,1,1,0
1,1,2,1,1,6,3,4,2,1,4,1,1,1,4,160000,1,1,1,0
1,1,1,1,1,5,2,1,1,1,4,1,1,1,4,123000,1,1,1,0
1,1,3,1,15,2,3,3,1,1,6,1,2,1,2,88500,1,1,1,0
1,1,2,1,1,5,2,1,1,1,7,1,1,1,1,672000,1,1,1,0
1,1,1,12,2,3,3,1,1,1,7,1,2,1,2,90000,1,1,1,0
1,1,2,4,3,4,5,4,1,1,1,1,1,1,2,90000,1,1,1,0
1,1,1,4,1,3,2,3,1,1,2,1,1,1,2,115000,1,1,1,0
1,1,2,1,6,7,2,2,1,1,1,1,2,1,2,100000,1,1,1,0
2,1,2,1,2,7,3,4,1,1,1,1,2,1,3,135000,1,1,1,0
1,1,4,8,1,4,2,3,1,1,2,1,2,1,2,120000,1,1,1,0
1,1,2,4,3,8,2,4,1,1,8,1,1,1,4,70000,1,1,1,0
1,1,5,10,1,7,2,1,1,1,7,1,2,1,4,115000,1,1,1,0
1,3,3,7,11,8,2,3,1,1,8,1,1,1,4,54000,1,1,1,0
1,1,2,4,11,4,2,4,2,1,8,5,1,1,4,120000,1,1,1,0
1,1,4,1,1,2,2,1,1,1,7,1,2,1,3,155000,1,1,1,0
1,1,2,1,2,6,3,1,1,1,1,1,2,1,2,103000,1,1,1,0
2,1,2,6,13,5,2,4,1,1,7,1,2,1,4,95000,1,1,1,0
1,1,2,1,1,6,1,4,1,1,7,1,1,1,4,116000,1,1,1,0
1,1,2,8,11,8,2,3,1,1,7,1,1,1,4,65000,1,1,1,0
1,1,1,6,1,8,2,1,1,1,6,1,1,1,1,65000,1,1,1,0
1,1,2,6,2,2,3,1,1,1,4,1,2,1,2,138000,1,1,1,0
1,1,2,3,12,9,3,4,1,1,7,1,2,1,2,106000,1,1,1,0
1,1,2,3,1,1,2,4,1,1,7,1,1,1,1,82500,1,1,1,0
1,1,3,1,1,1,2,1,1,1,9,4,2,1,4,90000,1,1,1,0
1,1,2,1,3,7,3,4,1,1,7,1,2,1,4,100000,1,1,1,0
2,1,4,10,1,8,2,2,1,1,7,1,1,1,4,68000,1,1,1,0
1,1,2,1,1,5,2,2,1,1,7,1,2,1,4,80000,1,1,1,0
2,1,2,1,1,1,2,3,1,1,7,1,2,1,4,105000,1,1,1,0
1,1,2,7,3,4,2,3,1,1,8,1,1,1,4,110000,1,1,1,0
1,3,2,4,11,4,1,1,1,1,7,1,1,1,4,52000,1,1,1,0
2,1,2,1,1,5,3,1,1,1,7,1,2,1,4,123000,1,1,1,0
2,1,2,7,3,5,3,3,1,1,9,1,2,1,4,85000,1,1,1,0
1,1,2,1,2,6,3,4,1,1,7,1,1,1,4,82000,1,1,1,0
1,1,2,6,1,1,3,1,1,1,5,1,2,1,2,95000,1,1,1,0
2,1,2,4,5,8,2,3,1,1,6,4,1,1,4,37000,1,1,1,0
1,1,2,1,13,7,2,1,1,1,1,1,1,1,4,150000,1,1,1,0
1,2,2,1,1,5,1,4,1,1,8,5,1,1,1,176000,1,1,1,0
1,1,2,1,1,5,3,1,1,1,5,1,1,1,4,70000,1,1,1,0
2,1,1,2,1,3,3,1,1,1,1,1,2,1,2,155000,1,1,1,0
1,1,2,1,1,2,2,4,1,1,6,1,1,1,2,150000,1,1,1,0
2,1,2,1,3,5,3,1,2,1,7,1,1,1,1,85000,1,1,1,0
1,1,1,1,1,2,2,4,1,1,1,1,1,1,3,100000,1,1,1,0
1,1,2,1,1,1,1,4,1,1,2,1,1,1,4,120000,1,1,1,0
2,1,2,6,1,6,2,1,1,1,7,1,1,1,4,135000,1,1,1,0
1,1,1,1,1,3,1,1,2,2,1,1,1,1,2,150000,1,1,1,0
1,1,2,1,1,6,2,1,1,1,7,1,1,1,4,250000,1,1,1,0
1,1,3,9,1,7,2,4,1,1,2,1,2,1,2,82500,1,1,1,0
1,1,2,6,13,2,3,4,1,1,6,1,1,1,3,170000,1,1,1,0
1,2,1,1,13,4,3,4,1,1,7,1,1,1,1,12000,1,1,1,0
1,2,4,1,6,8,2,1,2,1,5,4,1,1,1,35000,1,1,1,0
1,1,2,4,3,5,2,4,1,1,5,1,1,1,4,60000,1,1,1,0
1,1,6,6,12,5,2,1,1,1,5,1,1,1,4,40000,1,1,1,0
1,1,1,7,1,6,2,1,1,1,6,2,1,1,4,115000,1,1,1,0
1,1,2,1,1,10,2,4,1,1,1,1,2,1,2,150000,1,1,1,0
1,1,2,9,1,9,3,2,2,1,6,2,2,1,4,156000,1,1,1,0
1,1,2,1,1,2,3,1,1,1,6,1,2,1,3,93000,1,1,1,0
1,1,2,1,1,1,3,1,1,1,1,1,2,1,2,116000,1,1,1,0
1,1,2,1,1,4,2,1,2,1,1,1,1,1,1,60000,1,1,1,0
1,1,2,3,9,5,2,3,1,1,2,3,2,1,4,81000,1,1,1,0
1,3,2,1,1,5,3,2,2,1,7,4,1,1,4,120000,1,1,1,0
2,1,2,1,5,7,1,2,1,1,8,1,1,1,4,125000,1,1,1,0
2,1,2,1,1,7,3,4,2,1,1,1,2,1,4,78785,1,1,1,0
1,3,9,4,13,7,3,1,1,1,9,1,2,1,2,85000,1,1,1,0
1,1,3,3,1,4,5,4,2,1,7,5,1,1,1,36000,1,1,1,0
1,1,4,4,2,3,2,4,1,3,4,4,1,1,2,120000,1,1,1,0
2,1,2,1,1,1,2,2,1,1,7,1,2,1,4,109000,1,1,1,0
1,1,2,10,1,3,2,1,2,2,1,2,2,1,2,256000,1,1,1,0
1,1,2,1,1,7,2,2,1,1,5,1,1,1,4,120000,1,1,1,0
1,1,1,10,5,1,3,1,1,1,2,1,2,1,4,112000,1,1,1,0
1,2,1,1,3,8,3,1,1,1,5,3,1,1,1,60000,1,1,1,0
1,1,2,1,1,4,3,3,1,1,6,2,1,1,1,97000,1,1,1,0
1,1,2,1,2,9,3,4,1,1,1,1,2,1,2,111500,1,1,1,0
1,1,3,1,1,9,2,1,1,1,7,6,1,1,2,130000,1,1,1,0
2,1,2,1,1,1,2,1,1,1,1,1,1,1,4,88400,1,1,1,0
2,2,1,1,16,8,3,4,2,1,5,1,1,1,4,50000,1,1,1,0
1,1,1,1,1,4,2,4,1,1,5,1,1,1,4,63000,1,1,1,0
2,1,2,11,3,4,2,3,2,1,1,2,1,1,4,85000,1,1,1,0
1,1,1,1,6,1,3,1,1,1,2,1,1,1,4,49000,1,1,1,0
2,1,4,1,7,2,1,1,1,1,5,1,2,1,5,61000,1,1,1,0
2,1,4,5,3,6,3,2,1,1,4,1,1,1,2,1920000,1,1,1,0
1,1,2,1,1,11,3,1,1,1,1,4,2,1,2,160000,1,1,1,0
1,1,4,1,1,3,1,1,1,1,5,1,1,1,2,95000,1,1,1,0
1,1,2,6,18,4,2,4,1,1,1,1,1,1,4,85000,1,1,1,0
1,1,3,7,3,8,2,2,1,1,6,1,2,1,4,80000,1,1,1,0
2,1,6,1,1,1,2,1,1,1,6,2,1,1,4,70000,1,1,1,0
1,1,2,1,1,1,1,4,1,1,2,3,1,1,4,86000,1,1,1,0
2,1,1,9,12,4,3,3,1,1,2,1,1,1,2,80000,1,1,1,0
1,1,5,9,1,7,3,1,1,3,2,1,1,1,4,67000,1,1,1,0
1,2,1,6,7,1,4,3,1,1,1,1,1,1,1,24000,1,1,1,0
1,1,2,1,13,5,2,4,2,2,7,1,1,1,1,43500,1,1,1,0
2,1,3,1,1,5,3,3,2,1,7,5,1,1,4,80000,1,1,1,0
1,2,2,3,1,1,2,1,1,1,2,1,2,1,4,110000,1,1,1,0
1,1,4,2,1,5,2,4,1,1,7,3,2,1,2,62500,1,1,1,0
1,1,1,1,11,2,2,1,1,2,5,1,1,1,2,98000,1,1,1,0
2,1,2,1,2,4,2,4,1,1,7,1,1,1,1,70000,1,1,1,0
1,1,2,1,1,1,2,2,1,1,1,1,1,1,4,103000,1,1,1,0
2,1,2,1,1,1,2,1,1,1,4,1,1,1,1,85800,1,1,1,0
1,1,2,1,1,3,3,1,1,1,5,1,2,1,4,145000,1,1,1,0
1,2,2,1,1,6,2,4,1,1,1,1,1,1,1,28800,1,1,1,0
1,1,2,1,1,6,2,3,1,1,1,1,1,1,4,88000,1,1,1,0
2,1,2,1,1,1,2,4,1,1,7,4,1,1,4,124000,1,1,1,0
1,1,2,1,1,6,3,4,1,1,7,1,2,1,4,93000,1,1,1,0
1,1,2,1,13,3,2,4,1,1,1,1,2,1,3,145000,1,1,1,0
1,1,2,1,2,6,1,4,1,1,7,1,1,1,4,63000,1,1,1,0
1,1,2,1,1,7,2,1,1,1,1,1,2,1,4,93000,1,1,1,0
1,1,2,9,1,4,2,3,1,2,1,1,1,1,4,120000,1,1,1,0
1,1,3,10,1,5,2,4,1,1,2,4,2,1,4,90000,1,1,1,0
1,1,2,7,1,3,2,2,1,1,7,1,1,1,3,140000,1,1,1,0
1,1,2,10,1,5,2,3,1,1,4,4,1,1,4,55000,1,1,1,0
1,1,3,8,1,8,2,1,2,1,2,4,1,1,4,32000,1,1,1,0
1,1,2,2,1,7,2,2,1,1,7,1,2,1,4,184000,1,1,1,0
1,1,2,4,1,5,2,1,1,1,1,1,1,1,4,63000,1,1,1,0
1,1,1,1,1,11,2,4,1,1,7,1,1,1,5,2000000,1,1,1,0
1,1,6,1,1,6,3,3,1,1,2,1,1,1,3,195000,1,1,1,0
1,1,2,1,1,1,2,4,1,1,1,1,1,1,4,54000,1,1,1,0
1,1,3,4,1,4,2,3,2,1,4,1,2,1,4,87000,1,1,1,0
2,1,2,1,3,4,3,2,1,1,7,7,1,1,1,103000,1,1,1,0
1,1,1,1,1,1,2,3,1,1,7,1,1,1,4,125000,1,1,1,0
2,1,1,2,3,8,4,2,2,1,1,1,1,1,4,80000,1,1,1,0
1,1,5,10,1,7,2,4,1,1,1,1,2,1,2,96000,1,1,1,0
1,1,3,1,1,6,2,2,1,1,1,1,1,1,4,125000,1,1,1,0
1,1,4,1,5,4,3,3,1,1,7,4,1,1,1,75000,1,1,1,0
2,1,2,1,1,5,3,1,1,1,7,1,1,1,1,50950,1,1,1,0
2,1,3,1,4,4,2,3,2,1,1,1,1,1,4,1080000,1,1,1,0
1,1,2,1,14,7,2,1,1,1,7,1,2,1,2,150000,1,1,1,0
1,1,2,1,1,7,2,4,1,1,7,1,1,1,4,120000,1,1,1,0
1,1,2,1,3,3,2,4,1,1,4,1,1,1,4,149000,1,1,1,0
1,1,3,10,11,5,3,2,1,1,8,1,1,1,4,90000,1,1,1,0
1,1,2,1,3,4,3,3,1,1,1,4,2,1,4,80000,1,1,1,0
2,1,5,9,4,6,2,1,1,1,1,1,1,1,4,115000,1,1,1,0
1,1,1,1,2,4,1,1,1,2,8,1,1,1,4,50000,1,1,1,0
2,1,2,9,1,6,2,4,1,1,1,1,1,1,4,150000,1,1,1,0
1,1,1,1,1,2,2,4,1,1,8,1,1,1,5,135000,1,1,1,0
2,1,2,1,2,7,3,1,1,1,2,1,1,1,4,105000,1,1,1,0
2,1,1,4,2,5,2,1,1,1,3,3,2,1,4,144000,1,1,1,0
1,1,2,1,1,6,2,2,1,1,2,3,1,1,4,75000,1,1,1,0
1,1,5,1,10,2,4,1,1,1,1,1,1,1,4,180000,1,1,1,0
1,3,2,8,3,5,2,4,1,1,7,1,1,1,4,130000,1,1,1,0
1,1,1,1,1,7,2,4,2,2,1,1,1,1,4,185000,1,1,1,0
1,1,2,9,1,4,2,4,1,1,7,1,1,1,4,130000,1,1,1,0
1,1,2,1,1,5,2,1,1,1,5,4,2,1,2,75000,1,1,1,0
1,1,2,1,1,9,2,1,1,1,2,1,1,1,3,1200000,1,1,1,0
1,1,2,5,3,5,3,4,1,1,7,1,2,1,4,105000,1,1,1,0
1,1,3,1,1,5,3,4,1,1,8,1,2,1,4,96000,1,1,1,0
2,1,2,3,3,5,3,4,2,1,5,1,1,1,4,97000,1,1,1,0
2,1,2,1,7,7,3,3,1,1,7,1,2,1,2,230000,1,1,1,0
1,1,2,5,2,5,3,1,1,1,5,1,1,1,4,59000,1,1,1,0
1,1,2,1,1,2,3,3,1,1,1,1,2,1,3,108000,1,1,1,0
1,1,2,1,1,6,3,3,1,1,7,1,1,1,4,205000,1,1,1,0
1,1,2,1,1,5,3,1,1,1,7,1,1,1,4,87500,1,1,1,0
1,1,3,1,1,2,2,4,1,1,5,2,1,1,4,97000,1,1,1,0
1,2,2,7,16,4,3,4,2,2,2,3,1,1,4,20000,1,1,1,0
1,1,1,8,2,5,3,1,1,1,5,1,1,1,4,80000,1,1,1,0
1,1,2,1,1,10,3,3,1,1,6,2,2,1,2,115000,1,1,1,0
1,1,2,1,3,5,1,3,1,1,4,1,1,1,4,55000,1,1,1,0
1,1,2,1,2,5,2,4,1,1,6,2,1,1,4,67000,1,1,1,0
1,1,2,4,1,6,3,1,1,1,1,1,2,1,3,110000,1,1,1,0
1,1,2,5,11,5,2,3,1,1,1,1,2,1,2,84000,1,1,1,0
1,1,4,5,1,5,2,4,1,1,4,1,2,1,2,72000,1,1,1,0
2,1,2,2,3,4,2,4,1,1,1,1,1,1,1,53000,1,1,1,0
2,1,2,3,1,9,3,3,1,1,1,1,1,1,2,105000,1,1,1,0
2,1,3,6,2,3,3,4,1,1,5,1,2,1,2,85000,1,1,1,0
1,1,3,7,4,1,3,4,1,1,7,1,1,1,4,110000,1,1,1,0
1,1,1,6,1,9,2,4,1,1,5,1,2,1,5,96000,1,1,1,0
2,1,2,1,8,10,2,1,1,1,2,2,2,1,3,1800000,1,1,1,1
2,1,2,2,1,4,3,4,1,1,6,1,2,1,4,65000,1,1,1,0
1,1,2,1,13,1,3,3,1,1,5,1,1,1,1,273000,1,1,1,0
1,1,2,3,1,7,1,1,1,1,5,1,2,1,4,135000,1,1,1,0
2,1,2,1,1,9,1,1,1,1,7,1,1,1,2,82000,1,1,1,0
2,1,2,1,2,5,2,3,1,1,2,1,1,1,4,60000,1,1,1,0
2,1,2,1,18,5,3,4,2,1,7,1,1,1,4,80000,1,1,1,0
2,1,2,1,2,4,3,3,1,1,4,1,2,1,1,68000,1,1,1,0
1,1,2,1,1,6,3,3,1,1,5,1,2,1,4,115000,1,1,1,0
1,1,3,8,6,8,2,1,2,1,1,1,1,1,4,65000,1,1,1,0
1,1,3,2,3,8,3,1,1,1,5,1,2,1,4,65000,1,1,1,0
2,1,2,1,1,1,3,1,1,1,7,1,1,1,4,74000,1,1,1,0
1,1,2,8,3,8,1,4,1,1,1,5,1,1,4,105000,1,1,1,0
1,1,2,1,13,9,3,1,1,1,6,1,2,1,3,126000,1,1,1,0
1,1,1,7,2,8,2,4,1,1,4,1,2,1,4,60000,1,1,1,0
1,1,3,1,1,3,3,2,1,1,7,1,2,1,2,140000,1,1,1,0
1,1,4,7,1,4,2,4,1,1,4,1,1,1,4,65000,1,1,1,0
1,1,2,4,6,5,2,2,1,1,1,1,1,1,4,94100,1,1,1,0
2,1,2,10,2,5,2,3,1,1,6,1,1,1,4,100000,1,1,1,0
2,1,2,1,1,5,3,3,1,1,2,1,1,1,1,60000,1,1,1,0
1,1,2,8,11,4,3,4,1,1,4,1,1,1,4,71400,1,1,1,0
1,1,2,1,2,1,3,1,1,1,7,5,1,1,2,115000,1,1,1,0
1,1,2,1,1,9,2,2,1,1,7,1,2,1,2,120000,1,1,1,0
2,1,2,2,7,1,2,2,1,1,7,1,1,1,3,123000,1,1,1,0
1,1,1,1,12,4,3,2,1,1,7,1,1,1,4,150000,1,1,1,0
1,1,3,1,5,10,2,3,1,1,1,1,2,1,2,230000,1,1,1,0
1,1,5,9,1,1,3,3,1,1,9,2,2,1,2,160000,1,1,1,0
1,1,1,1,1,5,3,2,1,1,5,1,1,1,1,40000,1,1,1,0
1,1,2,7,2,1,3,1,2,2,7,2,1,1,4,85000,1,1,1,0
1,1,2,1,1,4,2,4,2,1,7,1,1,1,4,60000,1,1,1,0
1,1,2,3,1,5,2,3,1,1,7,1,2,1,4,115000,1,1,1,0
1,1,2,1,1,10,2,2,2,1,1,1,1,1,2,140000,1,1,1,0
1,1,3,9,1,4,2,3,2,1,6,1,1,1,4,85000,1,1,1,0
1,3,4,1,1,4,3,1,1,1,7,1,2,1,1,60000,1,1,1,0
1,1,2,4,11,4,2,2,1,1,7,6,1,1,1,65000,1,1,1,0
1,1,3,1,1,1,1,3,1,1,1,1,1,1,4,180000,1,1,1,0
2,1,2,1,1,2,3,4,1,1,4,1,2,1,3,128000,1,1,1,0
1,1,2,1,1,1,3,2,1,1,2,1,1,1,4,175000,1,1,1,0
1,1,2,1,1,3,3,1,1,1,2,4,2,1,2,165000,1,1,1,0
1,3,2,2,1,4,2,1,1,1,1,1,1,1,4,95000,1,1,1,0
1,1,3,6,1,11,2,4,1,1,7,1,2,1,3,1800000,1,1,1,0
1,3,2,4,1,5,2,1,2,1,1,1,1,1,4,123000,1,1,1,0
1,1,2,1,1,7,2,1,1,1,2,5,1,1,4,95000,1,1,1,0
1,1,6,1,1,3,1,1,1,1,5,1,2,1,2,144100,1,1,1,0
2,1,1,7,2,10,2,3,2,1,7,1,2,1,3,130000,1,1,1,0
1,1,2,1,13,2,2,4,1,3,1,1,1,1,2,132000,1,1,1,0
1,1,3,6,12,1,3,3,1,3,9,1,1,1,4,135000,1,1,1,0
1,1,2,1,13,4,2,1,2,2,8,1,1,1,1,80000,1,1,1,0
1,1,2,1,7,1,1,3,2,1,1,1,1,1,3,70000,1,1,1,0
1,1,3,1,1,6,2,1,1,2,9,1,2,1,4,110000,1,1,1,0
1,1,3,1,8,5,2,4,1,1,5,1,1,1,4,46800,1,1,1,1
1,1,1,3,1,3,3,4,2,1,5,5,2,1,4,120000,1,1,1,0
1,1,2,1,1,7,2,4,1,1,5,1,2,1,4,95000,1,1,1,0
1,2,4,1,3,8,2,3,1,1,6,1,1,1,4,9000,1,1,1,0
1,1,2,1,13,9,2,4,1,2,6,1,2,1,2,122000,1,1,1,0
1,1,3,1,1,6,2,4,1,1,4,1,2,1,4,112000,1,1,1,0
1,1,2,3,1,1,2,1,1,1,1,1,1,1,4,125000,1,1,1,0
1,1,3,10,11,4,3,2,1,1,1,1,2,1,2,85000,1,1,1,0
1,1,2,1,2,1,2,2,1,1,9,2,1,1,4,100000,1,1,1,0
1,1,4,3,1,1,1,1,1,1,7,1,1,1,2,50000,1,1,1,0
1,1,2,3,1,7,2,3,1,1,7,2,2,1,4,100000,1,1,1,0
1,1,3,8,11,1,2,4,1,1,1,1,1,1,4,74100,1,1,1,0
1,1,2,1,1,1,1,2,1,1,1,1,1,1,4,155000,1,1,1,0
1,1,2,1,2,6,2,3,1,1,2,1,2,1,1,1440000,1,1,1,0
1,1,2,4,1,5,2,1,1,1,5,1,2,1,4,130000,1,1,1,0
1,1,2,1,2,5,2,3,1,1,4,1,1,1,1,72000,1,1,1,0
1,1,1,12,4,5,2,1,2,4,5,1,1,1,4,85000,1,1,1,0
1,2,2,2,12,1,2,2,1,1,1,1,2,1,2,105000,1,1,1,0
1,2,2,6,1,2,3,1,1,2,6,1,1,1,5,80000,1,1,1,0
1,1,1,2,2,4,2,4,2,1,6,1,1,1,1,26000,1,1,1,0
1,1,2,1,1,5,2,4,1,1,7,1,2,1,4,65000,1,1,1,0
2,1,1,7,3,5,2,2,2,1,1,1,2,1,4,115000,1,1,1,0
2,1,2,1,5,3,3,3,1,1,7,5,1,1,4,180000,1,1,1,0
1,1,2,6,1,1,1,4,1,1,4,1,1,1,2,75000,1,1,1,0
1,1,9,4,13,8,2,3,1,1,8,4,2,1,4,40000,1,1,1,0
1,1,2,6,1,4,2,4,1,1,7,1,1,1,4,100000,1,1,1,0
1,1,3,6,1,7,3,4,1,1,7,1,1,1,4,150000,1,1,1,0
1,1,2,1,5,7,2,1,1,1,1,1,2,1,4,114500,1,1,1,0
2,1,2,5,3,7,3,4,2,1,1,1,2,1,2,175000,1,1,1,0
1,1,8,3,1,3,2,1,1,1,7,1,2,1,2,75000,1,1,1,0
2,1,2,1,5,6,1,2,1,1,6,1,1,1,4,125000,1,1,1,0
1,2,2,5,1,5,3,1,1,1,1,7,2,1,2,52250,1,1,1,0
2,2,1,1,16,4,2,1,1,1,5,4,1,1,1,1920,1,1,1,0
1,1,2,1,1,7,2,4,1,1,5,4,1,1,4,125000,1,1,1,0
1,1,1,12,2,6,2,1,1,1,7,1,2,1,3,87500,1,1,1,0
1,1,2,1,1,5,2,1,1,2,7,1,1,1,1,52500,1,1,1,0
1,1,2,1,1,3,2,1,1,1,7,1,1,1,4,35000,1,1,1,0
1,1,2,1,1,8,2,3,1,1,9,4,2,1,4,2000000,1,1,1,0
1,1,1,1,1,4,2,1,1,1,5,1,1,1,1,41300,1,1,1,0
1,1,6,1,1,9,1,4,1,1,5,1,2,1,3,70000,1,1,1,0
1,1,2,1,1,6,3,3,2,3,8,1,1,1,4,250000,1,1,1,0
1,1,2,8,3,1,2,4,1,1,1,1,2,1,2,55000,1,1,1,0
1,1,2,1,17,3,2,1,1,1,4,1,1,1,2,100000,1,1,1,0
1,1,5,7,1,4,2,2,1,1,7,1,1,1,2,95000,1,1,1,0
2,1,2,1,1,4,2,2,1,1,7,1,1,1,1,90000,1,1,1,0
1,1,3,1,1,7,2,1,1,1,7,1,2,1,4,125000,1,1,1,0
1,1,2,1,1,7,3,4,1,1,1,1,2,1,2,102000,1,1,1,0
1,1,2,1,1,1,2,4,1,1,7,1,1,1,1,70000,1,1,1,0
1,1,2,10,1,1,1,4,1,1,1,1,1,1,4,68000,1,1,1,0
1,1,3,1,2,6,2,1,1,1,1,5,1,1,4,96300,1,1,1,0
1,3,2,1,1,5,2,1,1,1,4,1,1,1,2,47000,1,1,1,0
1,1,2,1,1,4,3,3,1,1,4,1,1,1,1,59750,1,1,1,0
1,1,2,7,1,5,2,2,1,1,7,1,1,1,4,140000,1,1,1,0
1,1,3,10,4,5,3,3,1,1,7,1,1,1,4,65000,1,1,1,0
1,1,3,7,4,4,2,1,1,1,8,1,2,1,4,130000,1,1,1,0
1,1,2,1,18,5,2,3,1,1,1,1,1,1,1,66000,1,1,1,0
1,3,1,1,3,1,3,4,1,1,5,3,1,1,1,100000,1,1,1,0
1,1,2,1,10,11,1,4,1,1,7,1,2,1,2,195000,1,1,1,0
1,1,2,3,3,1,2,4,1,1,5,1,1,1,4,87100,1,1,1,0
1,1,2,6,1,2,2,3,1,1,6,1,1,1,5,100000,1,1,1,0
2,1,2,2,1,3,2,4,1,1,5,1,2,1,3,106000,1,1,1,0
1,1,4,1,1,4,2,1,1,1,5,1,2,1,4,67500,1,1,1,0
1,1,2,1,1,4,2,1,1,3,5,1,1,1,1,60000,1,1,1,0
1,1,1,1,1,6,3,1,1,1,1,1,2,1,4,86788,1,1,1,0
1,1,2,7,1,4,2,3,1,1,1,1,1,1,4,75000,1,1,1,0
1,1,1,1,14,7,2,1,1,1,1,1,2,1,4,160000,1,1,1,0
1,1,2,1,12,3,3,4,1,1,7,1,1,1,2,105000,1,1,1,0
1,1,2,1,1,4,2,4,1,1,1,1,1,1,4,70000,1,1,1,0
2,1,5,9,1,3,3,1,2,3,1,1,2,1,5,76600,1,1,1,0
1,1,1,1,1,1,2,4,1,1,7,1,1,1,4,108000,1,1,1,0
1,1,3,2,1,7,2,3,1,1,2,1,2,1,2,91000,1,1,1,0
1,1,2,3,1,7,2,4,1,1,5,7,2,1,4,105000,1,1,1,0
1,1,2,1,1,1,3,1,1,1,7,1,1,1,4,85000,1,1,1,0
1,1,2,6,4,5,2,4,1,1,6,1,1,1,4,142000,1,1,1,0
1,1,2,4,11,8,2,1,2,1,7,1,1,1,4,75000,1,1,1,0
1,1,2,1,1,5,2,3,1,1,1,1,1,1,4,61992,1,1,1,0
1,1,6,1,1,6,3,1,1,1,7,1,1,1,2,125000,1,1,1,0
1,1,2,1,8,5,2,1,2,1,1,3,1,1,4,85000,1,1,1,1
1,1,4,6,1,9,2,3,1,1,5,1,2,1,3,83000,1,1,1,0
1,1,2,1,1,3,2,1,1,1,5,1,1,1,4,140000,1,1,1,0
1,2,1,1,13,6,1,1,1,1,2,1,1,1,1,30000,1,1,1,0
1,1,5,4,4,1,3,1,2,1,1,1,2,1,5,126000,1,1,1,0
1,1,2,9,1,8,1,1,1,1,5,4,1,1,4,92000,1,1,1,0
1,1,2,2,11,2,3,4,1,1,7,1,1,1,2,57000,1,1,1,0
1,1,2,1,13,5,3,2,1,1,7,1,1,1,4,72000,1,1,1,0
2,1,2,3,1,11,3,1,1,1,4,1,1,1,3,55000,1,1,1,0
1,1,2,6,18,11,2,3,1,1,1,1,2,1,3,170000,1,1,1,0
1,1,1,1,1,5,2,4,1,2,5,1,1,1,1,27300,1,1,1,0
1,1,2,1,1,6,2,2,1,1,7,1,1,1,4,62000,1,1,1,0
1,1,2,6,1,4,3,2,1,1,7,1,1,1,4,70000,1,1,1,0
1,1,3,1,13,1,2,1,1,1,5,1,2,1,4,116600,1,1,1,0
2,1,2,1,1,5,3,4,1,1,4,1,1,1,4,55000,1,1,1,0
1,1,2,1,2,6,2,4,1,1,7,1,2,1,2,120000,1,1,1,0
1,1,2,1,6,5,2,3,1,1,1,1,1,1,1,71760,1,1,1,0
1,3,2,1,1,4,2,4,1,1,7,1,1,1,4,104000,1,1,1,0
2,1,2,1,18,5,1,1,2,1,9,2,1,1,4,96500,1,1,1,0
1,1,1,1,1,5,1,1,1,1,7,1,1,1,1,50000,1,1,1,0
1,1,3,1,3,2,2,3,1,1,7,1,2,1,5,100000,1,1,1,0
1,1,2,1,1,3,2,1,1,1,4,1,2,1,4,78000,1,1,1,0
1,1,2,1,18,4,2,1,1,1,8,1,1,1,4,45000,1,1,1,0
1,1,3,6,6,11,3,3,1,1,1,1,2,1,2,146000,1,1,1,0
2,1,2,4,7,3,2,1,2,1,7,4,2,1,2,96000,1,1,1,0
1,1,3,7,2,1,2,3,1,1,1,1,1,1,2,95000,1,1,1,0
1,3,3,7,1,2,2,4,2,1,6,1,1,1,3,134000,1,1,1,0
1,1,2,6,2,8,3,4,1,1,8,1,1,1,4,35000,1,1,1,0
1,2,3,1,1,5,2,2,1,1,7,5,1,1,4,19200,1,1,1,0
1,1,3,1,1,10,2,2,1,1,4,3,2,1,2,126000,1,1,1,0
1,1,2,3,2,1,2,4,1,1,5,5,1,1,4,852000,1,1,1,0
1,1,5,4,11,1,2,4,1,3,2,1,1,1,2,110000,1,1,1,0
1,1,3,1,6,7,2,4,1,4,1,1,2,1,2,150000,1,1,1,0
1,1,2,2,1,4,3,1,1,1,7,1,1,1,4,72000,1,1,1,0
1,1,2,1,5,1,2,3,1,2,7,1,1,1,4,110000,1,1,1,0
1,1,2,9,3,4,3,2,1,1,6,1,1,1,2,110000,1,1,1,0
1,2,6,1,5,4,2,2,1,1,6,5,1,1,1,25000,1,1,1,0
1,1,2,1,1,9,1,1,1,1,8,1,1,1,4,140000,1,1,1,0
2,1,2,7,1,3,2,2,1,1,1,1,2,1,3,100000,1,1,1,0
1,1,2,6,5,5,2,1,1,1,7,1,1,1,4,43750,1,1,1,0
1,1,2,1,1,5,3,4,1,1,2,1,1,1,1,65500,1,1,1,0
1,1,2,1,1,5,1,4,1,1,8,1,1,1,1,150000,1,1,1,0
1,1,1,2,1,1,3,1,1,1,7,1,2,1,4,110000,1,1,1,0
1,1,3,10,4,4,3,4,2,3,1,1,1,1,4,150000,1,1,1,0
1,1,2,1,5,1,2,3,1,1,6,1,1,1,4,160000,1,1,1,0
1,1,2,1,2,5,2,1,1,1,1,2,1,1,1,178000,1,1,1,0
1,1,2,6,1,5,2,1,1,1,8,1,1,1,4,140000,1,1,1,0
1,1,3,1,1,1,2,3,1,1,7,5,1,1,1,80000,1,1,1,0
1,1,3,4,2,2,3,2,1,1,2,1,1,1,5,1242000,1,1,1,0
1,1,3,1,1,5,3,3,1,1,1,1,2,1,3,75000,1,1,1,0
1,1,2,1,1,3,2,1,1,1,7,1,2,1,2,130000,1,1,1,0
1,1,6,1,1,3,3,1,1,1,5,1,2,1,2,110000,1,1,1,0
2,1,2,1,1,3,2,3,1,1,1,1,2,1,2,125000,1,1,1,0
1,1,2,1,12,1,1,3,1,1,7,1,1,1,4,58500,1,1,1,0
1,1,2,1,1,1,1,2,1,1,1,2,1,1,4,40000,1,1,1,0
2,1,3,1,1,4,2,3,1,1,1,5,1,1,4,80700,1,1,1,0
1,1,2,1,1,4,3,4,1,1,7,1,1,1,1,70000,1,1,1,0
1,1,3,1,1,5,1,2,1,1,1,5,1,1,4,12100,1,1,1,0
2,1,2,1,1,9,2,1,1,1,1,1,2,1,2,100000,1,1,1,0
1,1,2,1,13,4,3,2,1,1,1,2,2,1,1,65000,1,1,1,0
1,1,3,1,13,10,1,1,1,1,1,6,1,1,3,202000,1,1,1,0
2,1,2,6,1,5,2,3,2,1,7,1,1,1,4,100000,1,1,1,0
1,1,2,1,13,1,2,3,1,1,8,1,1,1,1,79000,1,1,1,0
1,1,3,1,1,6,2,1,1,1,7,2,1,1,4,115000,1,1,1,0
1,1,2,1,1,4,1,1,1,1,7,1,1,1,4,73000,1,1,1,0
1,1,6,1,1,2,2,1,1,1,1,7,2,1,2,120000,1,1,1,0
1,2,1,1,1,5,2,3,1,1,7,1,2,1,4,125000,1,1,1,0
1,1,1,1,14,2,2,1,1,1,8,1,1,1,3,160000,1,1,1,0
1,1,1,5,3,4,1,1,1,1,2,2,2,1,3,50000,1,1,1,0
1,1,2,1,1,5,2,4,1,1,5,1,1,1,1,90000,1,1,1,0
1,1,2,1,3,1,1,3,1,1,7,2,1,1,1,150000,1,1,1,0
1,3,1,1,11,8,4,3,1,1,5,1,2,1,1,76000,1,1,1,0
1,1,3,7,3,4,2,3,1,1,8,1,1,1,4,68000,1,1,1,0
1,1,2,1,2,6,2,4,1,1,7,1,1,1,4,240000,1,1,1,0
1,1,3,1,1,1,2,3,1,1,5,2,1,1,4,110000,1,1,1,0
1,1,2,1,1,5,2,2,1,1,1,1,1,1,4,130000,1,1,1,0
1,1,3,9,4,6,3,3,1,1,2,1,2,1,3,130000,1,1,1,0
1,1,6,1,1,1,2,4,1,1,5,6,2,1,4,120000,1,1,1,0
1,1,2,6,18,4,2,2,1,1,5,1,1,1,4,80000,1,1,1,0
2,1,3,1,1,2,3,4,1,1,1,1,2,1,3,130000,1,1,1,0
1,1,1,3,1,10,2,4,1,1,4,7,2,1,3,90000,1,1,1,0
1,1,1,1,1,7,3,3,1,1,1,1,2,1,2,88000,1,1,1,0
2,1,2,1,10,3,2,2,1,1,7,1,2,1,4,130000,1,1,1,0
1,1,2,7,1,4,1,4,1,1,7,1,1,1,4,100000,1,1,1,0
1,1,2,6,2,4,2,1,1,1,7,1,1,1,4,70000,1,1,1,0
1,1,3,1,1,5,3,4,1,1,1,4,1,1,1,95000,1,1,1,0
1,1,2,1,1,7,2,4,1,1,7,1,2,1,4,120000,1,1,1,0
1,1,2,1,1,5,1,4,1,1,7,1,1,1,4,97000,1,1,1,0
1,1,4,5,3,5,3,2,1,1,5,1,2,1,2,61000,1,1,1,0
1,1,2,1,1,9,2,1,2,1,6,1,1,1,2,116000,1,1,1,0
1,1,2,1,1,1,2,1,1,1,7,1,1,1,4,1000000,1,1,1,0
1,1,2,10,1,2,3,4,1,1,6,1,2,1,3,125000,1,1,1,0
2,1,2,1,2,5,3,3,1,1,7,1,1,1,4,120000,1,1,1,0
1,1,1,1,1,10,3,1,1,3,4,1,1,1,2,200000,1,1,1,0
1,1,2,1,2,5,2,2,1,1,1,1,1,1,1,90000,1,1,1,0
1,2,2,1,11,4,2,3,1,1,7,1,1,1,4,70000,1,1,1,0
1,2,1,1,1,4,2,1,1,1,4,1,1,1,1,70000,1,1,1,0
2,1,2,1,1,2,2,3,1,1,8,5,1,1,3,138000,1,1,1,0
2,1,2,1,18,1,2,1,1,1,7,1,1,1,4,88800,1,1,1,0
2,1,2,1,1,7,2,1,1,1,8,1,2,1,4,95000,1,1,1,0
1,1,2,1,1,5,2,1,1,1,7,1,1,1,4,90200,1,1,1,0
1,1,2,1,2,4,2,4,1,1,7,5,1,1,1,2000000,1,1,1,0
1,1,1,1,1,4,3,3,1,1,7,1,1,1,4,157000,1,1,1,0
1,1,2,8,11,4,3,1,1,1,1,3,1,1,4,131670,1,1,1,0
1,1,3,1,1,2,2,4,1,1,7,1,1,1,3,220000,1,1,1,0
1,1,2,1,1,1,2,4,1,1,6,1,1,1,4,105000,1,1,1,0
1,1,2,5,3,5,2,3,1,3,1,1,1,1,2,75000,1,1,1,0
1,2,2,10,8,9,2,3,1,1,2,1,2,1,2,128000,1,1,1,1
1,1,2,1,1,10,1,1,1,1,7,1,1,1,4,160000,1,1,1,0
1,1,3,4,11,8,3,2,1,1,4,1,2,1,4,55000,1,1,1,0
1,1,3,4,6,4,2,2,2,1,2,1,1,1,4,78000,1,1,1,0
1,1,2,1,1,6,2,4,1,1,7,1,1,1,4,85500,1,1,1,0
1,1,2,1,5,5,2,4,1,3,7,1,1,1,4,130000,1,1,1,0
1,1,2,2,1,7,2,4,1,1,2,1,2,1,2,85000,1,1,1,0
2,1,2,1,3,7,3,3,1,1,8,1,2,1,4,85000,1,1,1,0
2,1,2,1,13,6,1,4,1,1,6,1,1,1,4,100000,1,1,1,0
1,3,4,1,1,7,2,4,2,1,5,1,1,1,4,42000,1,1,1,0
1,2,2,6,1,8,2,3,1,1,7,5,1,1,4,2000000,1,1,1,0
1,1,4,1,1,1,2,4,1,1,1,1,2,1,4,52000,1,1,1,0
1,1,2,1,1,1,2,3,1,1,7,6,1,1,4,74000,1,1,1,0
1,1,2,1,1,1,2,1,1,1,7,1,1,1,4,65000,1,1,1,0
1,1,6,4,1,1,2,1,2,1,1,1,1,1,4,40000,1,1,1,0
1,1,2,9,1,3,3,3,1,1,2,1,2,1,2,96000,1,1,1,0
1,1,8,1,1,4,1,4,1,1,9,1,1,1,1,48000,1,1,1,0
2,1,4,1,2,6,3,1,1,1,2,1,2,1,2,100000,1,1,1,0
1,1,3,1,2,3,3,4,1,1,2,1,2,1,2,145000,1,1,1,0
1,1,2,8,10,4,2,1,1,1,7,1,2,1,4,125000,1,1,1,0
1,1,2,1,13,5,1,1,1,1,2,3,1,1,1,2000000,1,1,1,0
1,1,3,1,4,5,1,2,1,1,1,5,1,1,4,144000,1,1,1,0
1,1,3,10,1,6,2,4,1,1,1,1,1,1,2,120000,1,1,1,0
1,1,2,1,1,6,3,3,1,1,4,1,1,1,4,62000,1,1,1,0
2,1,5,6,1,6,3,1,1,1,9,2,2,1,2,220000,1,1,1,0
1,1,2,1,10,3,3,2,1,1,2,1,2,1,2,150000,1,1,1,0
1,1,2,3,1,7,2,1,1,1,7,6,1,1,4,60000,1,1,1,0
1,1,2,6,1,4,3,3,1,1,5,3,1,1,4,115000,1,1,1,0
1,1,2,1,1,5,3,4,1,1,5,1,1,1,4,130000,1,1,1,0
2,1,2,3,1,7,2,4,1,1,7,1,2,1,2,175000,1,1,1,0
1,2,1,1,17,4,3,1,1,1,1,1,1,1,1,5850,1,1,1,0
1,1,2,1,1,4,2,1,1,1,7,1,1,1,1,70000,1,1,1,0
1,2,6,1,1,5,1,1,1,3,7,1,1,1,1,110000,1,1,1,0
2,1,3,1,6,3,2,1,1,1,8,1,1,1,2,140000,1,1,1,0
1,1,2,9,1,4,2,4,1,1,6,1,1,1,4,78800,1,1,1,0
1,3,1,1,6,8,4,4,1,1,7,1,1,1,4,31000,1,1,1,0
1,1,2,1,1,3,1,3,2,1,8,1,2,1,3,53000,1,1,1,0
1,1,1,1,1,5,2,1,1,1,5,1,1,1,4,89250,1,1,1,0
1,1,3,6,1,4,3,2,1,3,5,6,1,1,4,135000,1,1,1,0
1,1,2,1,1,5,1,1,1,1,1,1,1,1,1,82000,1,1,1,0
1,2,6,4,18,5,3,3,1,1,1,5,1,1,1,20000,1,1,1,0
1,2,6,6,18,4,2,3,2,1,1,5,1,1,1,60000,1,1,1,0
1,1,6,1,14,3,2,1,1,1,5,1,2,1,2,171000,1,1,1,0
2,1,2,1,5,3,3,3,1,1,1,3,2,1,1,250000,1,1,1,0
2,3,1,3,11,8,3,4,1,1,2,1,1,1,4,60000,1,1,1,0
1,1,2,3,1,3,2,3,1,1,5,1,1,1,2,59400,1,1,1,0
1,1,2,1,3,5,2,4,2,4,1,1,1,1,1,56000,1,1,1,0
1,1,4,1,1,4,2,1,2,1,2,1,1,1,4,60000,1,1,1,0
2,1,3,2,1,3,3,1,2,1,7,1,2,1,2,68000,1,1,1,0
1,1,3,7,3,8,3,4,1,1,7,1,1,1,4,78500,1,1,1,0
1,1,1,1,1,1,1,1,1,1,5,1,1,1,1,60000,1,1,1,0
1,1,2,7,2,2,2,2,1,1,1,1,1,1,2,116000,1,1,1,0
1,1,3,1,1,7,2,1,1,1,1,1,2,1,4,110000,1,1,1,0
2,1,2,3,3,4,2,3,2,1,7,2,1,1,4,82000,1,1,1,0
1,1,2,1,7,1,3,4,1,1,2,1,1,1,4,55000,1,1,1,0
2,1,2,6,1,7,3,4,2,1,5,5,2,1,2,200000,1,1,1,0
1,1,3,1,1,1,3,2,1,1,1,1,1,1,4,250000,1,1,1,0
1,1,1,1,2,5,1,1,1,1,7,1,2,1,4,95000,1,1,1,0
1,1,2,7,1,10,2,4,1,1,9,6,2,1,4,0,1,1,1,0
1,1,3,6,1,6,2,4,1,1,7,1,1,1,4,125000,1,1,1,0
1,1,3,3,2,4,2,2,1,1,5,1,1,1,1,75000,1,1,1,0
2,1,2,9,1,8,2,4,1,1,7,1,1,1,4,85000,1,1,1,0
2,1,1,1,1,2,2,1,1,1,2,1,2,1,5,200000,1,1,1,0
1,1,2,1,1,5,2,1,1,1,7,1,1,1,4,80500,1,1,1,0
1,1,3,10,1,9,2,4,1,1,7,4,2,1,3,120000,1,1,1,0
2,1,2,6,1,6,2,1,2,1,1,5,2,1,4,150000,1,1,1,0
1,3,2,1,1,6,3,2,1,1,2,2,1,1,1,77000,1,1,1,0
1,1,5,9,1,2,3,3,1,1,1,1,1,1,3,145000,1,1,1,0
1,1,1,12,1,5,3,4,1,1,7,1,1,1,2,66997,1,1,1,0
1,1,1,6,10,1,2,1,1,1,2,4,1,1,1,75126,1,1,1,0
1,1,2,1,18,5,2,1,1,1,1,1,1,1,1,77000,1,1,1,0
2,1,2,1,1,3,2,4,1,1,7,2,1,1,4,65000,1,1,1,0
1,1,2,9,1,1,2,3,1,1,1,1,1,1,4,90000,1,1,1,0
1,1,2,4,1,8,3,4,1,1,8,1,1,1,4,75000,1,1,1,0
1,1,2,10,13,7,2,1,1,1,7,2,1,1,4,80000,1,1,1,0
1,1,1,1,1,2,2,1,1,3,7,1,1,1,2,112000,1,1,1,0
1,1,3,1,2,5,3,4,1,1,1,1,2,1,2,88000,1,1,1,0
1,1,3,1,1,6,1,3,1,1,1,1,2,1,4,110000,1,1,1,0
2,1,1,1,1,5,3,1,1,1,7,1,2,1,2,125000,1,1,1,0
2,1,3,1,1,1,2,1,1,1,1,5,2,1,4,120000,1,1,1,0
1,1,3,7,11,6,2,4,2,1,1,4,2,1,2,165000,1,1,1,0
1,1,2,1,1,5,2,1,1,1,4,1,2,1,2,82000,1,1,1,0
2,1,2,8,1,8,2,2,2,1,7,1,2,1,3,50000,1,1,1,0
1,3,4,3,2,8,2,1,1,1,1,1,1,1,1,55000,1,1,1,0
1,1,2,1,1,5,2,4,1,1,4,1,1,1,4,101000,1,1,1,0
2,1,3,1,1,7,2,3,1,1,1,1,1,1,2,2000000,1,1,1,0
1,2,2,1,1,1,2,3,1,1,7,1,2,1,4,110000,1,1,1,0
2,1,2,1,2,1,3,4,1,1,5,1,1,1,2,132000,1,1,1,0
1,1,3,1,2,1,2,4,1,1,6,1,1,1,4,110000,1,1,1,0
1,1,3,1,1,7,2,3,1,1,7,1,1,1,4,120000,1,1,1,0
2,1,3,1,1,3,3,1,1,1,6,1,2,1,2,90000,1,1,1,0
1,1,2,1,2,3,2,3,1,1,7,1,1,1,4,105000,1,1,1,0
1,1,2,1,1,6,2,1,1,1,5,1,2,1,4,118000,1,1,1,0
1,3,2,10,3,5,2,4,1,1,1,2,1,1,4,68000,1,1,1,0
1,1,4,1,1,1,1,1,2,1,2,2,1,1,4,79000,1,1,1,0
1,1,2,1,13,10,2,3,1,1,6,1,1,1,3,129000,1,1,1,0
1,1,2,1,1,7,2,4,1,1,7,1,2,1,2,130000,1,1,1,0
2,1,3,1,1,8,1,1,2,1,1,5,1,1,4,80000,1,1,1,0
1,1,4,3,1,3,1,3,1,1,2,1,2,1,2,65000,1,1,1,0
1,1,3,6,4,4,2,3,2,1,7,2,1,1,4,82000,1,1,1,0
2,1,2,5,1,1,3,1,1,1,8,1,2,1,4,111000,1,1,1,0
1,1,2,1,1,9,3,1,1,1,1,1,2,1,4,175000,1,1,1,0
1,1,3,1,2,5,3,3,2,3,1,1,2,1,2,120000,1,1,1,0
1,1,2,1,1,6,2,3,1,1,1,1,1,1,4,80000,1,1,1,0
1,1,2,1,1,6,2,1,1,1,4,1,2,1,2,135000,1,1,1,0
1,1,3,8,1,2,3,1,1,1,1,4,2,1,2,170000,1,1,1,0
1,2,2,1,16,6,4,4,1,1,1,1,1,1,1,30000,1,1,1,0
1,1,1,1,1,5,3,3,1,1,2,3,1,1,4,125000,1,1,1,0
1,2,1,1,7,4,3,3,1,1,8,4,1,1,1,6000,1,1,1,0
1,1,2,4,3,8,3,3,1,1,1,1,2,1,4,85000,1,1,1,0
1,1,1,1,6,5,2,2,1,1,7,1,2,1,4,36000,1,1,1,0
1,1,2,6,1,1,2,4,1,2,1,1,1,1,4,80000,1,1,1,0
1,1,3,1,1,10,3,1,2,1,1,1,2,1,3,220000,1,1,1,0
1,1,2,1,18,6,3,4,1,1,9,1,1,1,2,134000,1,1,1,0
1,2,2,1,1,3,2,2,1,1,5,1,1,1,2,165000,1,1,1,0
1,1,2,6,5,5,2,1,1,1,5,1,1,1,4,160000,1,1,1,0
1,1,3,1,2,7,2,4,1,1,1,1,1,1,4,107500,1,1,1,0
2,1,2,1,1,2,3,1,1,1,5,1,1,1,5,78000,1,1,1,0
1,1,1,7,1,4,3,3,2,1,5,1,1,1,4,14000,1,1,1,0
1,1,2,1,1,4,1,1,1,2,7,3,1,1,6,1000000,1,1,1,0
1,1,2,1,1,3,1,3,1,1,5,1,1,1,4,63890,1,1,1,0
1,1,2,1,1,6,2,3,1,1,5,1,2,1,4,92000,1,1,1,0
1,1,4,1,1,7,1,3,2,2,5,1,2,1,4,16000,1,1,1,0
2,1,3,1,1,7,2,2,1,1,7,5,1,1,4,118000,1,1,1,0
1,1,2,1,13,5,2,3,1,1,7,1,1,1,1,57366,1,1,1,0
1,1,2,1,1,6,2,3,1,1,1,1,2,1,4,110000,1,1,1,0
1,1,1,1,1,1,2,1,1,1,7,1,2,1,4,40000,1,1,1,0
1,1,1,1,1,1,3,4,1,1,7,1,1,1,4,120000,1,1,1,0
1,2,2,1,1,5,3,3,1,1,1,5,1,1,1,70000,1,1,1,0
1,1,1,10,1,10,1,4,1,1,7,1,2,1,3,100,1,1,1,0
2,1,2,1,1,1,2,1,1,1,1,1,1,1,4,106000,1,1,1,0
1,1,6,1,10,5,3,2,1,2,1,2,1,1,1,150000,1,1,1,0
1,1,1,1,1,1,2,4,1,1,5,1,2,1,4,70000,1,1,1,0
1,1,2,1,1,5,2,3,1,1,7,1,1,1,1,110000,1,1,1,0
1,1,1,1,10,1,3,4,1,1,1,1,2,1,3,60000,1,1,1,0
2,1,3,1,3,8,2,2,2,1,1,5,1,1,4,80640,1,1,1,0
1,1,4,1,3,10,2,4,1,1,1,1,2,1,3,132000,1,1,1,0
1,1,2,3,1,8,3,3,1,1,7,1,1,1,4,80000,1,1,1,0
1,1,2,1,1,7,2,2,1,1,7,1,2,1,5,50000,1,1,1,0
1,1,4,6,2,5,2,1,1,1,5,1,2,1,4,52338,1,1,1,0
1,1,5,1,1,7,2,1,1,1,6,1,1,1,4,160000,1,1,1,0
1,2,2,1,16,4,2,2,1,1,8,1,1,1,1,55000,1,1,1,0
1,1,2,1,1,7,2,4,1,1,7,1,1,1,4,100000,1,1,1,0
1,1,1,12,4,2,2,3,1,1,7,3,1,1,5,150000,1,1,1,0
1,1,2,4,1,5,2,3,2,2,1,1,1,1,4,55000,1,1,1,0
1,1,2,8,10,3,2,2,1,1,5,1,2,1,2,100000,1,1,1,0
1,1,2,1,1,1,2,3,1,1,1,1,1,1,4,180000,1,1,1,0
2,1,2,6,1,4,1,3,1,1,7,3,1,1,4,40000,1,1,1,0
1,2,1,1,1,5,3,2,1,1,6,1,1,1,1,120000,1,1,1,0
1,1,2,1,12,7,3,1,1,1,1,1,1,1,4,200000,1,1,1,0
1,1,2,1,13,4,3,4,1,1,7,1,1,1,1,52000,1,1,1,0
1,1,7,1,6,10,2,3,1,1,7,1,1,1,4,120000,1,1,1,0
1,1,3,3,15,5,2,4,1,1,1,1,1,1,4,80000,1,1,1,0
1,1,1,12,1,3,2,2,1,1,1,1,2,1,2,67500,1,1,1,0
2,2,2,7,3,6,3,3,1,1,1,1,1,1,2,120000,1,1,1,0
1,1,2,1,1,7,2,3,1,1,7,1,1,1,4,124800,1,1,1,0
1,1,1,3,1,1,2,1,1,1,7,1,1,1,4,104000,1,1,1,0
1,1,2,1,4,1,2,3,2,2,7,1,1,1,4,140000,1,1,1,0
2,1,2,1,1,7,2,4,1,1,7,1,2,1,4,96000,1,1,1,0
1,2,2,4,11,4,2,4,1,2,2,1,1,1,1,12000,1,1,1,0
1,1,3,1,9,7,2,1,1,1,1,1,1,1,4,115000,1,1,1,0
1,1,1,1,1,2,4,4,1,1,7,5,1,1,3,1440000,1,1,1,0
1,1,2,1,10,3,2,3,1,1,7,3,2,1,2,240000,1,1,1,0
1,1,2,1,1,2,2,3,1,1,7,1,2,1,3,137000,1,1,1,0
1,1,4,6,12,1,2,4,1,1,4,1,1,1,3,150000,1,1,1,0
1,2,3,9,4,5,3,3,1,1,6,1,1,1,4,28000,1,1,1,0
2,1,2,1,1,3,3,4,1,1,7,1,1,1,2,140000,1,1,1,0
1,1,2,1,1,5,1,4,1,1,2,4,1,1,4,63600,1,1,1,0
1,1,2,1,3,11,3,1,1,1,7,1,2,1,2,190000,1,1,1,0
2,1,2,1,1,1,2,2,1,1,7,1,1,1,4,100000,1,1,1,0
2,1,1,12,1,2,2,3,1,1,7,1,2,1,5,187500,1,1,1,0
1,1,1,1,1,4,1,3,1,1,2,7,1,1,1,2000000,1,1,1,0
1,3,4,5,3,4,1,2,1,1,7,1,1,1,1,2400,1,1,1,0
1,1,3,3,1,3,2,3,1,1,2,1,2,1,3,220000,1,1,1,0
1,1,6,9,1,2,1,2,1,1,7,1,2,1,2,180000,1,1,1,0
1,2,1,1,12,1,1,4,1,1,1,1,1,1,1,19000,1,1,1,0
1,1,2,1,1,5,3,2,1,1,7,1,1,1,4,73000,1,1,1,0
1,1,4,5,1,7,3,4,1,1,1,1,1,1,3,160000,1,1,1,0
1,2,6,1,1,5,1,1,1,1,8,1,1,1,1,14500,1,1,1,0
2,1,2,1,11,6,2,1,1,1,7,1,2,1,2,150000,1,1,1,0
1,3,2,1,1,3,2,1,1,1,5,1,1,1,3,62000,1,1,1,0
2,1,3,10,1,2,2,1,1,1,5,1,1,1,7,50000,1,1,1,0
1,1,2,1,1,1,1,2,1,1,1,1,1,1,4,2000000,1,1,1,0
1,1,2,8,2,3,3,3,1,1,1,1,1,1,2,150000,1,1,1,0
1,1,1,1,1,2,2,4,1,1,3,1,1,1,7,60000,1,1,1,0
1,1,5,9,4,5,2,2,1,1,6,1,2,1,3,80000,1,1,1,0
1,2,3,4,11,4,3,1,1,1,1,1,2,1,4,1250000,1,1,1,0
1,2,2,1,1,5,1,2,1,1,4,5,1,1,6,150000,1,1,1,0
2,1,3,1,1,2,3,3,1,1,4,1,1,1,3,105000,1,1,1,0
1,1,1,11,1,7,2,1,1,1,2,1,2,1,4,85000,1,1,1,0
1,1,4,1,1,2,4,1,1,1,1,1,2,1,1,50000,1,1,1,0
1,1,2,1,1,2,3,1,1,1,2,1,2,1,5,155000,1,1,1,0
1,1,2,5,6,1,3,3,1,1,7,7,2,1,4,70000,1,1,1,0
1,1,6,1,2,11,2,1,1,1,5,1,2,1,2,110000,1,1,1,0
1,1,2,2,12,6,3,1,1,1,1,1,2,1,2,140000,1,1,1,0
1,1,2,4,2,9,4,3,1,1,7,1,2,1,2,75000,1,1,1,0
1,1,2,1,1,7,2,1,1,1,8,1,1,1,4,100000,1,1,1,0
1,2,8,8,1,1,3,4,2,1,7,3,2,1,6,0,1,1,1,0
1,1,2,1,10,2,3,3,1,1,8,1,2,1,2,125000,1,1,1,0
1,2,3,9,2,5,2,4,2,1,1,1,1,1,4,36000,1,1,1,0
1,1,2,1,1,9,3,4,1,1,7,1,2,1,2,120000,1,1,1,0
1,1,3,1,1,5,1,1,1,1,7,5,1,1,4,130000,1,1,1,0
1,1,2,4,1,3,2,4,1,1,2,1,1,1,3,190000,1,1,1,0
2,1,2,6,1,8,3,2,1,1,1,1,1,1,1,60000,1,1,1,0
1,1,1,12,3,4,2,2,1,1,7,1,1,1,4,60000,1,1,1,0
2,1,2,2,1,7,3,3,1,1,2,1,1,1,2,120000,1,1,1,0
1,1,4,1,13,5,2,4,1,1,1,1,1,1,4,60000,1,1,1,0
1,1,2,9,1,5,2,2,1,1,7,1,1,1,4,240000,1,1,1,0
1,1,2,1,14,2,2,4,1,1,7,4,2,1,3,230000,1,1,1,0
1,1,2,1,1,10,2,2,1,1,2,1,2,1,3,80000,1,1,1,0
1,1,2,9,11,4,2,4,1,3,4,7,1,1,4,45000,1,1,1,0
1,1,1,2,13,9,2,1,1,1,5,1,2,1,2,83000,1,1,1,0
1,1,6,1,1,7,1,1,1,4,5,1,1,1,4,162500,1,1,1,0
1,1,3,1,1,3,1,2,1,1,7,1,1,1,4,175000,1,1,1,0
1,1,2,1,1,7,2,2,1,1,1,1,2,1,4,95000,1,1,1,0
2,2,2,1,1,5,1,1,1,1,1,2,1,1,4,97000,1,1,1,0
1,1,2,3,1,1,2,1,1,1,5,1,1,1,4,83200,1,1,1,0
1,1,1,7,1,9,2,1,1,1,7,1,2,1,3,164000,1,1,1,0
1,3,8,1,1,1,2,1,1,3,7,1,1,1,6,600,1,1,1,0
1,1,2,1,1,4,2,1,1,1,5,1,1,1,4,47840,1,1,1,0
2,1,2,1,3,5,3,2,1,1,5,1,1,1,4,100000,1,1,1,0
2,1,6,8,1,10,2,1,1,1,9,4,1,1,2,150000,1,1,1,0
1,1,1,12,1,9,3,4,1,1,4,1,1,1,2,0,1,1,1,0
1,1,2,1,1,3,3,3,1,1,7,1,2,1,4,140000,1,1,1,0
1,1,2,9,1,3,2,3,1,1,8,1,1,1,4,220000,1,1,1,0
1,1,3,6,1,3,3,2,2,1,7,1,2,1,2,175000,1,1,1,0
1,1,2,1,1,1,2,4,1,1,1,1,1,1,4,75000,1,1,1,0
2,1,3,7,1,10,2,1,1,1,6,1,1,1,5,120000,1,1,1,0
1,2,1,1,1,4,3,3,1,1,1,1,1,1,1,30000,1,1,1,0
1,1,1,1,1,2,2,1,1,1,1,1,2,1,3,140000,1,1,1,0
1,1,3,10,1,2,1,3,1,1,5,1,1,1,5,180000,1,1,1,0
1,1,2,1,1,5,2,3,1,1,7,1,1,1,4,110000,1,1,1,0
2,1,3,6,1,6,3,4,1,1,1,1,1,1,4,2000000,1,1,1,0
1,1,3,8,1,6,2,1,1,1,5,1,2,1,4,138521,1,1,1,0
2,1,6,1,1,5,2,4,2,1,5,1,1,1,1,37478,1,1,1,0
1,2,2,1,4,1,1,1,1,1,7,2,1,1,4,26400,1,1,1,0
1,1,2,1,1,7,2,2,1,1,1,1,2,1,4,220000,1,1,1,0
1,1,1,9,1,3,3,4,1,1,6,1,2,1,2,120000,1,1,1,0
1,1,3,6,2,8,3,1,1,1,2,1,2,1,2,45000,1,1,1,0
1,1,2,7,6,8,2,3,2,2,8,1,1,1,4,10000,1,1,1,0
1,1,1,12,1,10,2,3,1,1,7,1,2,1,2,120000,1,1,1,0
1,1,1,1,1,2,2,1,1,1,4,1,2,1,3,120000,1,1,1,0
1,1,2,1,13,7,2,4,1,1,7,1,2,1,2,124000,1,1,1,0
1,1,6,1,2,11,2,1,1,1,9,1,2,1,3,145000,1,1,1,0
1,1,2,1,2,11,2,4,2,1,7,1,2,1,2,98000,1,1,1,0
1,1,2,1,1,6,2,2,1,1,4,1,2,1,2,165000,1,1,1,0
1,1,2,4,1,3,1,2,2,2,2,1,1,1,2,1800,1,1,1,0
1,1,2,12,11,2,2,1,1,1,7,1,2,1,2,18000,1,1,1,0
1,1,6,3,1,9,1,1,1,1,4,1,2,1,4,160000,1,1,1,0
1,1,3,6,5,6,2,2,1,1,7,1,2,1,2,1080000,1,1,1,0
2,1,2,10,5,1,3,3,2,1,7,1,1,1,4,120000,1,1,1,0
1,1,2,1,1,7,2,1,1,1,1,1,1,1,4,120000,1,1,1,0
1,1,6,1,1,1,2,1,1,1,7,1,2,1,4,110000,1,1,1,0
1,1,8,1,1,1,1,1,1,1,8,1,2,1,2,150000,1,1,1,0
1,1,7,1,1,7,1,1,2,1,6,3,2,1,2,10764,1,1,1,0
1,1,1,2,2,4,3,1,1,1,2,4,1,1,1,25000,1,1,1,0
1,2,3,8,1,7,1,4,1,3,1,1,1,1,2,48000,1,1,1,0
1,1,3,10,4,1,2,1,1,2,1,1,1,1,4,98000,1,1,1,0
1,1,2,4,1,5,3,3,1,1,8,1,2,1,4,27000,1,1,1,0
1,1,5,4,2,2,1,1,1,1,7,1,2,1,3,67500,1,1,1,0
2,1,2,9,1,3,3,3,1,2,7,1,1,1,2,80000,1,1,1,0
1,1,1,1,14,10,3,4,1,1,5,1,1,1,2,170000,1,1,1,0
2,1,2,2,1,3,3,4,1,1,5,1,2,1,2,40000,1,1,1,0
2,1,2,7,13,7,2,4,1,1,7,1,2,1,3,90000,1,1,1,0
1,1,3,9,1,6,2,2,1,1,1,1,1,1,2,87500,1,1,1,0
1,1,2,2,1,7,2,3,1,1,6,1,2,1,2,120000,1,1,1,0
1,1,1,8,5,5,2,2,1,1,1,1,2,1,4,250000,1,1,1,0
1,1,3,1,1,7,2,4,1,1,2,3,1,1,2,140000,1,1,1,0
1,1,2,1,1,1,1,2,1,1,2,4,2,1,4,111000,1,1,1,0
1,1,1,5,3,8,3,4,1,3,2,3,1,1,4,18000,1,1,1,0
1,1,3,2,1,4,2,3,2,1,5,1,1,1,4,95000,1,1,1,0
2,1,1,7,1,6,3,1,2,1,5,1,2,1,2,72000,1,1,1,0
1,1,3,10,15,1,3,4,1,1,6,1,1,1,4,60000,1,1,1,0
1,1,2,1,1,3,1,1,1,1,2,1,1,1,2,90000,1,1,1,0
1,1,1,1,1,2,1,3,1,1,5,1,1,1,3,150000,1,1,1,0
2,1,4,1,1,1,2,1,1,2,5,1,1,1,4,50000,1,1,1,0
1,1,2,8,10,4,1,3,1,1,7,1,1,1,4,1,1,1,1,0
1,1,1,1,1,10,2,1,1,1,2,1,2,1,4,200000,1,1,1,0
2,1,3,6,1,10,3,2,1,1,1,1,2,1,3,300000,1,1,1,0
1,1,1,1,1,2,1,1,1,1,1,1,1,1,2,220000,1,1,1,0
1,1,1,1,1,9,2,4,1,1,2,1,2,1,2,80000,1,1,1,0
1,1,2,1,3,3,3,3,1,1,7,1,1,1,2,100000,1,1,1,0
2,1,3,1,2,7,3,4,1,1,8,1,2,1,2,1680000,1,1,1,0
1,2,1,1,5,4,3,1,1,1,6,1,1,1,1,2000000,1,1,1,0
1,1,1,1,11,5,2,1,1,1,4,1,1,1,4,85000,1,1,1,0
1,1,2,8,6,8,3,2,1,1,2,1,1,1,4,60000,1,1,1,0
1,2,4,1,2,6,2,3,1,1,4,1,1,1,4,110000,1,1,1,0
1,1,2,1,1,3,3,4,1,1,7,1,1,1,2,75000,1,1,1,0
1,2,1,5,1,5,3,1,1,1,5,1,1,1,1,7000,1,1,1,0
1,1,3,3,1,6,2,3,1,1,1,1,1,1,4,240000,1,1,1,0
2,3,2,1,1,1,2,3,1,1,7,1,2,1,4,56000,1,1,1,0
1,1,3,1,3,4,3,1,2,3,6,1,1,1,1,48000,1,1,1,0
1,1,3,1,1,6,2,1,1,1,1,2,1,1,4,38000,1,1,1,0
1,1,1,1,1,9,2,1,1,1,1,1,1,1,2,60000,1,1,1,0
1,1,2,1,1,2,2,3,1,1,5,1,1,1,3,270000,1,1,1,0
1,1,3,6,1,4,2,2,1,1,1,1,1,1,1,70000,1,1,1,0
1,1,3,1,2,7,3,3,1,1,1,1,2,1,2,200000,1,1,1,0
1,1,1,3,8,5,3,4,1,1,5,3,1,1,1,35000,1,1,1,1
1,1,2,1,1,2,3,1,1,1,2,5,1,1,3,144000,1,1,1,0
1,1,2,2,10,6,2,4,1,1,7,1,2,1,2,180000,1,1,1,0
1,1,2,9,1,6,3,3,1,1,1,1,2,1,3,23000,1,1,1,0
1,3,1,10,10,5,1,4,1,1,7,1,1,1,1,250000,1,1,1,0
1,2,3,1,11,6,3,1,2,2,1,1,1,1,4,25000,1,1,1,0
1,2,2,10,1,4,3,3,2,2,1,1,1,1,4,37000,1,1,1,0
1,1,2,1,10,2,3,3,1,1,7,1,1,1,3,240000,1,1,1,0
1,1,4,1,1,2,2,4,1,1,1,1,2,1,3,200000,1,1,1,0
1,1,1,4,6,4,2,4,1,2,1,1,1,1,1,75000,1,1,1,0
1,1,2,1,7,4,3,3,1,1,7,2,1,1,4,74000,1,1,1,0
1,1,2,1,1,2,2,4,1,1,7,1,2,1,2,296000,1,1,1,0
1,1,2,6,13,11,2,3,1,1,7,1,2,1,5,160000,1,1,1,0
2,1,3,6,1,11,3,4,1,1,2,1,2,1,3,142000,1,1,1,0
1,1,1,2,1,5,2,1,1,1,4,1,1,1,4,38000,1,1,1,0
1,2,6,1,10,5,2,1,1,1,1,5,1,1,1,400000,1,1,1,0
1,1,2,1,1,9,2,1,1,1,5,1,2,1,2,130000,1,1,1,0
1,1,2,1,1,7,2,3,1,1,4,1,1,1,4,1584000,1,1,1,0
1,1,4,1,2,3,2,1,1,1,7,1,1,1,2,106000,1,1,1,0
1,1,2,1,1,1,2,2,1,1,5,4,1,1,4,110000,1,1,1,0
1,1,2,9,1,4,2,2,1,1,7,1,2,1,2,50000,1,1,1,0
1,1,8,6,8,4,3,3,1,1,6,1,1,1,2,25000,1,1,1,1
1,1,2,2,13,10,2,4,2,1,1,7,1,1,2,180000,1,1,1,0
1,1,2,8,1,2,3,2,1,1,2,1,1,1,7,144000,1,1,1,0
1,1,2,3,1,9,3,3,1,1,2,1,2,1,2,150000,1,1,1,0
1,1,2,1,13,6,2,2,1,1,8,5,1,1,4,82000,1,1,1,0
1,1,2,8,1,10,2,3,1,1,6,1,2,1,3,250000,1,1,1,0
1,1,2,9,1,4,2,3,1,1,2,1,1,1,1,100000,1,1,1,0
1,1,2,2,1,1,2,1,1,1,2,1,1,1,4,106000,1,1,1,0
1,1,2,1,1,8,3,4,1,1,1,4,1,1,4,52500,1,1,1,0
1,1,2,6,1,6,2,3,1,1,7,1,1,1,4,60000,1,1,1,0
1,1,9,7,2,4,2,4,1,1,8,1,2,1,2,95000,1,1,1,0
1,1,2,1,1,3,2,3,1,1,4,1,2,1,2,200000,1,1,1,0
1,1,3,8,1,2,3,1,1,1,5,1,2,1,3,86340,1,1,1,0
1,1,5,9,1,9,2,3,1,1,6,1,2,1,3,180000,1,1,1,0
2,1,3,7,11,11,3,3,1,1,1,1,2,1,3,200000,1,1,1,0
1,1,5,7,6,1,2,2,1,1,7,1,1,1,2,30000,1,1,1,0
1,1,2,10,1,5,2,3,1,1,5,4,1,1,4,120000,1,1,1,0
1,1,8,1,1,5,2,2,1,1,1,5,2,1,6,96,1,1,1,0
1,1,2,1,1,9,3,4,1,1,1,1,2,1,2,48000,1,1,1,0
1,3,2,1,8,6,3,4,1,1,4,1,1,1,1,55000,1,1,1,1
2,1,2,2,3,3,2,4,1,1,1,1,2,1,2,240000,1,1,1,0
1,1,1,2,3,5,2,1,2,1,7,4,1,1,4,68000,1,1,1,0
1,1,3,1,1,5,2,2,1,1,7,1,2,1,4,80000,1,1,1,0
1,1,8,9,6,8,4,3,1,1,6,1,1,1,6,0,1,1,1,0
1,1,1,1,4,2,2,1,1,3,5,1,1,1,3,0,1,1,1,0
1,1,3,1,4,5,3,4,1,1,7,1,1,1,4,100000,1,1,1,0
1,1,2,1,1,4,3,4,1,1,5,3,2,1,4,75000,1,1,1,0
2,1,3,7,1,10,3,4,1,1,7,1,1,1,5,200000,1,1,1,0
1,2,1,6,8,5,3,2,1,1,1,1,1,1,1,76000,1,1,1,1
1,1,2,7,3,4,2,1,2,2,7,3,1,1,4,99840,1,1,1,0
1,1,3,1,1,2,2,4,1,1,1,1,2,1,3,300000,1,1,1,0
1,1,2,1,1,1,3,4,1,1,1,6,1,1,1,66500,1,1,1,0
1,1,2,1,1,7,3,3,1,1,7,1,1,1,4,145000,1,1,1,0
1,1,6,5,5,4,3,4,1,1,4,1,2,1,2,72000,1,1,1,0
2,1,2,1,13,2,2,3,1,1,7,1,1,1,5,122000,1,1,1,0
1,1,8,6,1,11,1,2,1,1,5,1,2,1,2,150000,1,1,1,0
2,1,2,1,1,9,3,1,1,1,6,1,1,1,2,100000,1,1,1,0
1,2,1,1,5,8,3,1,1,1,7,2,1,1,1,18000,1,1,1,0
1,1,4,6,1,2,1,1,1,1,5,1,2,1,3,300000,1,1,1,0
1,1,2,1,13,5,3,3,1,1,1,1,1,1,4,92000,1,1,1,0
1,1,2,1,1,1,2,4,1,1,8,1,1,1,1,150000,1,1,1,0
1,1,2,10,1,3,2,1,2,2,1,2,1,1,2,192000,1,1,1,0
1,1,5,6,11,9,3,4,1,1,1,1,1,1,2,80000,1,1,1,0
1,1,2,6,1,2,2,2,1,1,8,1,1,1,2,200000,1,1,1,0
1,1,2,1,1,4,3,4,1,1,7,1,2,1,4,55000,1,1,1,0
1,1,3,1,2,5,2,1,1,1,1,5,1,1,4,140000,1,1,1,0
1,1,2,1,1,7,2,1,1,1,5,1,1,1,4,135000,1,1,1,0
1,1,4,5,1,3,2,3,1,1,2,1,2,1,3,206700,1,1,1,0
1,1,1,3,2,6,3,2,1,1,1,1,1,1,4,120000,1,1,1,0
1,1,2,1,13,10,1,4,1,1,5,1,1,1,2,125000,1,1,1,0
1,2,4,1,12,4,2,1,1,1,7,1,1,1,4,1500000,1,1,1,0
1,1,2,1,18,5,1,4,1,1,1,1,1,1,1,75000,1,1,1,0
1,1,2,1,1,6,3,4,1,1,7,1,2,1,2,136000,1,1,1,0
1,1,2,4,1,5,3,1,1,1,7,7,1,1,4,60000,1,1,1,0
1,1,3,1,1,2,2,1,1,1,4,1,2,1,5,250000,1,1,1,0
1,1,2,1,1,5,3,4,1,1,1,1,1,1,4,104000,1,1,1,0
1,2,1,1,1,5,3,2,1,1,2,1,1,1,1,48000,1,1,1,0
1,1,3,7,3,10,2,2,1,1,1,4,2,1,1,283000,1,1,1,0
1,1,2,1,1,2,2,1,1,1,2,1,1,1,5,87000,1,1,1,0
1,1,2,7,1,4,3,4,1,1,7,1,2,1,4,96000,1,1,1,0
1,2,1,1,1,4,2,4,1,1,4,1,1,1,1,8400,1,1,1,0
1,1,1,10,1,2,3,2,1,1,2,1,1,1,3,190000,1,1,1,0
1,1,2,1,2,4,3,3,1,1,7,1,1,1,4,85000,1,1,1,0
1,1,1,3,1,6,1,4,1,1,1,6,1,1,2,90000,1,1,1,0
1,1,2,1,1,3,2,4,2,1,2,1,1,1,5,115000,1,1,1,0
1,2,2,1,1,4,3,3,1,1,3,2,1,1,4,72000,1,1,1,0
1,1,3,9,1,1,2,4,1,1,1,1,2,1,2,140000,1,1,1,0
1,2,1,1,1,4,1,1,1,1,7,1,1,1,1,48000,1,1,1,0
2,1,2,1,5,6,4,3,2,2,6,3,1,1,4,120000,1,1,1,0
1,3,1,1,1,5,1,1,1,1,5,4,1,1,1,97000,1,1,1,0
1,1,1,6,10,5,3,1,1,1,1,3,1,1,4,115000,1,1,1,0
1,1,4,2,6,5,3,2,1,1,4,1,2,1,4,80000,1,1,1,0
2,1,2,1,13,5,3,1,1,1,2,4,1,1,4,75000,1,1,1,0
1,2,1,1,1,6,2,1,2,1,6,1,1,1,1,6000,1,1,1,0
1,3,1,1,11,4,2,1,1,1,7,5,1,1,4,46620,1,1,1,0
1,1,3,1,1,7,3,2,1,1,8,1,2,1,2,250000,1,1,1,0
1,2,1,1,1,8,2,1,1,1,7,4,1,1,4,30000,1,1,1,0
1,2,1,10,6,8,3,4,1,1,7,1,1,1,1,50000,1,1,1,0
1,1,2,1,1,2,3,3,1,1,9,1,1,1,3,130000,1,1,1,0
1,1,2,1,1,6,1,4,1,1,2,1,1,1,4,96500,1,1,1,0
2,1,3,9,11,2,2,2,1,1,1,1,1,1,5,150000,1,1,1,0
1,1,3,8,1,2,2,2,1,1,1,1,2,1,5,100000,1,1,1,0
1,1,1,1,1,7,1,1,1,1,7,1,1,1,4,130000,1,1,1,0
1,1,3,3,15,5,3,4,1,1,7,1,1,1,4,140000,1,1,1,0
1,1,2,1,1,9,3,4,1,1,7,1,1,1,2,100000,1,1,1,0
1,1,3,2,1,7,3,2,2,3,6,1,1,1,1,65000,1,1,1,0
1,1,2,6,8,3,3,3,2,1,6,1,1,1,5,130000,1,1,1,1
1,1,2,6,1,3,2,4,1,1,7,1,2,1,2,144000,1,1,1,0
1,1,2,9,2,9,3,4,1,1,7,1,2,1,3,90000,1,1,1,0
1,1,5,1,4,3,2,3,1,1,7,1,1,1,2,0,1,1,1,0
1,1,2,6,18,2,2,2,1,1,7,1,1,1,3,200000,1,1,1,0
1,1,1,1,1,3,2,4,1,1,1,6,1,1,2,100000,1,1,1,0
1,1,6,1,1,6,3,1,1,1,2,1,2,1,4,50000,1,1,1,0
1,1,2,1,1,6,2,4,1,1,7,1,2,1,4,35000,1,1,1,0
1,1,4,1,1,1,3,1,1,1,1,1,1,1,1,60000,1,1,1,0
2,1,1,1,8,3,3,4,1,1,7,1,2,1,3,120000,1,1,1,1
1,2,1,1,1,1,3,4,2,1,6,5,1,1,1,32400,1,1,1,0
1,1,1,5,2,6,3,3,1,1,3,1,1,1,2,1200000,1,1,1,0
1,1,2,2,2,7,3,1,1,1,6,1,2,1,2,100000,1,1,1,0
2,1,5,10,1,3,3,3,1,1,8,1,2,1,3,350000,1,1,1,0
1,1,2,4,4,10,3,3,1,1,7,1,2,1,3,120000,1,1,1,0
1,2,6,3,4,5,3,1,1,1,1,4,1,1,1,15000,1,1,1,0
2,1,2,1,1,7,3,2,1,1,7,1,2,1,2,245000,1,1,1,0
1,1,7,1,1,2,2,2,1,1,4,1,1,1,2,204000,1,1,1,0
1,1,1,2,2,7,1,1,1,1,2,4,2,1,4,120000,1,1,1,0
2,1,3,6,2,1,2,1,2,1,7,5,1,1,4,160000,1,1,1,0
1,1,2,7,3,6,2,2,1,1,7,1,1,1,4,105000,1,1,1,0
1,1,2,1,8,5,2,2,1,1,5,1,1,1,4,75000,1,1,1,1
1,1,2,3,1,5,2,1,1,1,5,1,1,1,4,2000000,1,1,1,0
1,3,1,1,2,9,1,3,1,1,2,1,2,1,3,198000,1,1,1,0
1,1,3,6,12,5,3,4,1,1,4,4,2,1,2,100000,1,1,1,0
2,1,3,1,1,6,3,4,1,1,7,4,2,1,4,110000,1,1,1,0
1,1,1,2,1,2,3,1,2,2,1,1,2,1,3,108000,1,1,1,0
1,1,1,1,1,5,2,4,1,1,7,4,2,1,2,100000,1,1,1,0
1,2,1,1,1,4,2,1,1,1,2,4,1,1,1,16500,1,1,1,0
1,1,3,1,1,2,2,4,1,1,1,1,2,1,5,300000,1,1,1,0
1,1,2,1,1,5,2,1,1,1,7,1,1,1,4,131000,1,1,1,0
1,2,1,1,1,5,1,1,1,1,7,1,1,1,1,30000,1,1,1,0
2,1,2,1,2,8,3,3,1,1,1,1,1,1,4,60000,1,1,1,0
2,1,2,4,1,9,3,3,2,1,1,1,1,1,5,83000,1,1,1,0
2,1,2,6,13,2,2,3,1,1,9,7,1,1,7,120000,1,1,1,0
1,3,6,1,4,5,3,3,1,1,6,3,1,1,1,12000,1,1,1,0
1,1,2,5,1,7,3,3,1,1,3,1,1,1,4,135874,1,1,1,0
2,1,2,6,1,9,3,3,1,1,1,1,2,1,2,130000,1,1,1,0
2,1,2,6,1,11,2,3,1,1,1,1,1,1,5,340000,1,1,1,0
1,1,6,3,2,4,3,2,1,1,1,1,1,1,6,12500,1,1,1,0
1,1,2,1,1,6,2,1,1,1,1,1,2,1,4,185000,1,1,1,0
1,2,3,10,15,1,2,4,1,1,8,1,1,1,4,45000,1,1,1,0
1,1,6,1,1,5,3,1,1,1,2,1,1,1,6,500,1,1,1,0
1,2,1,1,3,5,2,1,1,1,1,1,1,1,1,27000,1,1,1,0
2,1,2,8,2,9,2,1,1,1,2,1,2,1,2,100000,1,1,1,0
1,1,3,1,1,6,2,2,1,1,5,4,1,1,2,104000,1,1,1,0
1,1,2,1,5,1,2,4,1,1,4,1,1,1,3,150000,1,1,1,0
2,1,3,4,3,8,3,1,1,1,6,1,2,1,4,84000,1,1,1,0
1,1,3,2,1,1,3,1,1,1,6,1,2,1,2,45000,1,1,1,0
1,1,1,1,1,9,2,3,1,1,5,1,1,1,2,180000,1,1,1,0
1,1,1,1,1,3,1,1,1,1,7,3,2,1,2,160000,1,1,1,0
1,1,6,1,1,5,2,4,1,1,7,1,1,1,1,142000,1,1,1,0
2,1,3,6,1,4,2,1,1,1,9,6,1,1,2,150000,1,1,1,0
1,1,4,1,1,4,2,4,1,1,2,1,2,1,4,100000,1,1,1,0
2,1,2,1,1,7,3,3,1,1,7,1,1,1,2,115000,1,1,1,0
2,1,2,1,1,6,1,4,1,1,7,1,2,1,4,70000,1,1,1,0
1,1,3,9,1,5,3,4,1,1,6,1,1,1,4,250000,1,1,1,0
1,1,2,1,13,1,3,1,1,1,1,1,1,1,4,80000,1,1,1,0
1,1,2,3,3,4,3,1,2,1,7,1,1,1,4,71500,1,1,1,0
1,1,2,2,6,7,2,1,1,1,7,1,1,1,4,110000,1,1,1,0
1,1,1,1,10,7,2,1,1,1,3,2,2,1,4,65000,1,1,1,0
1,3,2,7,8,3,3,3,2,2,2,1,1,1,2,85000,1,1,1,1
1,2,3,3,11,3,1,3,1,1,5,5,1,1,4,18785,1,1,1,0
2,1,2,3,1,2,2,4,2,1,9,1,1,1,5,55000,1,1,1,0
1,2,1,1,4,5,2,4,1,1,4,4,1,1,1,40000,1,1,1,0
1,1,1,1,1,4,4,1,1,1,1,5,1,1,2,40000,1,1,1,0
2,1,7,9,2,2,2,1,2,4,2,1,2,1,7,130000,1,1,1,0
1,1,2,4,6,1,1,4,2,2,7,1,2,1,4,100000,1,1,1,0
1,1,2,7,1,1,2,4,1,1,1,5,1,1,2,1080000,1,1,1,0
1,2,6,3,1,1,1,1,1,1,7,4,1,1,1,12000,1,1,1,0
2,1,1,1,1,1,1,1,1,1,7,1,1,1,4,73000,1,1,1,0
2,1,2,2,1,7,2,2,2,2,5,1,1,1,4,50000,1,1,1,0
1,1,3,6,1,9,3,3,1,1,6,1,1,1,7,120000,1,1,1,0
1,1,1,1,1,2,2,4,1,1,6,1,1,1,2,105000,1,1,1,0
1,1,2,1,5,7,3,1,2,1,1,1,2,1,2,182400,1,1,1,0
1,1,2,4,1,4,5,3,2,1,7,1,1,1,1,108000,1,1,1,0
1,1,2,1,1,6,3,1,1,1,7,1,1,1,4,140000,1,1,1,0
1,1,1,1,1,10,2,4,1,1,9,1,1,1,3,1300000,1,1,1,0
1,2,1,1,1,5,2,1,1,1,6,1,1,1,1,75000,1,1,1,0
1,1,1,2,1,3,3,1,1,1,5,1,2,1,2,600000,1,1,1,0
2,1,2,10,1,2,3,3,1,1,6,1,1,1,5,165000,1,1,1,0
2,2,6,6,8,6,3,3,1,1,5,1,2,1,2,180000,1,1,1,1
1,2,6,5,1,5,3,2,1,1,6,1,1,1,1,4000,1,1,1,0
2,1,3,7,1,10,3,3,1,1,1,1,1,1,4,120000,1,1,1,0
1,1,5,4,1,2,2,1,2,1,1,1,1,1,5,50000,1,1,1,0
1,2,1,1,17,4,2,4,1,1,4,1,1,1,1,0,1,1,1,0
1,1,2,1,1,3,2,4,1,1,9,5,2,1,2,140000,1,1,1,0
1,1,2,1,1,3,1,2,1,3,7,1,1,1,4,150000,1,1,1,0
1,1,4,1,7,5,2,4,1,1,7,3,1,1,4,21000,1,1,1,0
1,1,2,7,1,7,2,1,1,1,2,1,2,1,2,20000,1,1,1,0
1,1,5,10,1,1,3,4,2,3,1,1,2,1,2,185000,1,1,1,0
1,2,2,1,1,6,3,2,1,1,1,1,2,1,2,150000,1,1,1,0
1,1,2,1,1,2,1,2,1,1,7,1,1,1,5,2000000,1,1,1,0
1,1,1,1,1,10,1,1,1,1,2,1,1,1,4,170000,1,1,1,0
1,1,3,2,6,3,3,1,1,1,4,1,1,1,2,120000,1,1,1,0
1,1,3,4,5,8,3,2,1,1,7,1,1,1,4,9600,1,1,1,0
1,1,2,1,1,3,2,3,1,1,7,1,2,1,2,106000,1,1,1,0
2,1,3,1,3,10,3,4,1,1,1,1,2,1,3,150000,1,1,1,0
2,1,2,10,1,10,2,1,1,1,2,1,2,1,3,262000,1,1,1,0
1,1,1,12,2,2,2,3,1,1,7,1,2,1,3,120000,1,1,1,0
1,1,2,1,1,1,3,1,1,1,7,1,1,1,4,120000,1,1,1,0
1,1,4,5,11,6,2,4,1,1,4,1,2,1,4,69000,1,1,1,0
1,1,2,1,1,3,3,2,2,2,7,1,1,1,2,140000,1,1,1,0
1,1,2,7,1,10,3,1,1,1,7,1,2,1,3,120000,1,1,1,0
1,1,2,1,1,4,2,3,2,3,7,1,1,1,4,110000,1,1,1,0
1,1,2,7,2,7,2,2,1,1,5,1,1,1,3,120000,1,1,1,0
1,1,2,1,3,4,3,4,1,1,6,4,1,1,4,90000,1,1,1,0
1,1,4,1,1,7,2,1,1,1,4,1,1,1,4,0,1,1,1,0
1,2,2,1,11,6,1,1,1,1,7,2,1,1,4,720000,1,1,1,0
2,1,2,1,1,2,2,1,1,1,3,1,1,1,5,115000,1,1,1,0
1,1,2,4,3,5,2,2,1,1,9,4,1,1,3,130000,1,1,1,0
1,1,1,8,6,4,4,1,1,1,1,5,1,1,1,150000,1,1,1,0
1,2,4,1,1,1,3,3,1,1,2,4,2,1,1,12000,1,1,1,0
1,1,3,1,1,3,1,1,1,1,6,1,1,1,4,150000,1,1,1,0
1,1,2,1,1,1,2,1,1,1,1,1,1,1,4,57039,1,1,1,0
1,1,2,3,1,7,2,3,1,1,7,1,2,1,4,150000,1,1,1,0
1,1,2,1,2,10,3,3,1,1,7,1,2,1,2,100000,1,1,1,0
2,1,1,2,13,6,2,1,1,1,7,1,2,1,2,144000,1,1,1,0
1,2,4,3,1,5,2,4,1,1,7,1,1,1,4,78800,1,1,1,0
1,1,1,1,1,1,2,2,1,1,3,1,1,1,3,0,1,1,1,0
1,1,2,1,1,4,2,4,1,1,7,1,1,1,1,80000,1,1,1,0
1,1,1,12,12,2,1,2,1,1,4,1,2,1,2,180000,1,1,1,0
1,1,1,12,1,4,2,1,1,1,1,1,1,1,4,23000,1,1,1,0
1,1,2,8,2,9,2,4,1,1,7,5,2,1,2,125000,1,1,1,0
2,2,2,1,4,5,2,2,2,1,5,4,1,1,1,29000,1,1,1,0
1,1,2,1,5,4,2,1,1,1,7,1,1,1,4,135000,1,1,1,0
1,3,1,1,1,4,3,3,1,1,5,1,1,1,4,2000000,1,1,1,0
1,1,3,1,1,3,3,2,1,1,6,1,1,1,2,40000,1,1,1,0
1,1,7,12,6,4,3,4,1,1,7,1,1,1,1,20000,1,1,1,0
2,1,2,1,1,1,1,1,1,1,1,1,1,1,4,50000,1,1,1,0
1,2,4,1,1,5,2,1,1,1,2,1,1,1,1,25000,1,1,1,0
2,1,3,6,1,2,1,2,2,1,1,1,1,1,5,200000,1,1,1,0
2,1,6,9,2,6,2,1,1,1,1,5,2,1,2,176640,1,1,1,0
2,1,2,1,2,5,3,1,2,1,2,1,1,1,4,50000,1,1,1,0
1,1,5,1,1,10,2,3,1,1,8,1,2,1,3,150000,1,1,1,0
1,1,1,2,1,2,4,2,1,1,7,1,2,1,5,0,1,1,1,0
1,1,2,1,1,7,2,2,2,3,5,1,1,1,4,102000,1,1,1,0
1,1,2,1,2,6,3,4,1,1,7,1,1,1,1,115000,1,1,1,0
1,1,2,1,1,1,1,1,1,1,6,1,1,1,4,180000,1,1,1,0
1,1,2,1,1,3,2,4,1,1,1,1,2,1,2,135000,1,1,1,0
1,1,2,10,1,4,4,2,1,1,1,1,1,1,6,100000,1,1,1,0
1,1,3,1,1,6,2,2,1,1,5,1,1,1,4,1200000,1,1,1,0
1,1,1,1,8,4,1,1,1,1,5,4,2,1,2,57500,1,1,1,1
1,1,1,9,1,10,3,1,1,1,7,1,1,1,5,104000,1,1,1,0
2,1,2,1,1,1,1,4,2,1,2,1,1,1,4,80000,1,1,1,0
1,1,2,6,14,2,3,4,1,1,5,3,1,1,3,143000,1,1,1,0
1,1,2,1,1,4,2,1,1,1,5,4,1,1,1,40000,1,1,1,0
1,1,3,2,1,10,2,2,1,1,4,1,2,1,2,180000,1,1,1,0
1,1,2,2,3,7,3,4,1,1,1,1,2,1,2,170000,1,1,1,0
1,1,2,6,1,3,2,3,1,1,8,1,2,1,2,200000,1,1,1,0
1,1,6,1,1,3,2,1,1,3,5,1,1,1,2,0,1,1,1,0
1,1,2,1,18,1,2,2,1,2,1,4,1,1,4,200000,1,1,1,0
1,1,2,1,1,4,3,3,1,1,1,1,1,1,4,91000,1,1,1,0
1,1,3,1,1,1,2,1,1,1,5,5,1,1,4,85000,1,1,1,0
1,1,3,7,1,2,2,2,1,1,8,1,2,1,5,120000,1,1,1,0
1,1,1,6,1,2,3,1,1,1,1,1,2,1,3,150000,1,1,1,0
2,1,1,1,10,10,3,3,1,1,7,1,2,1,2,150000,1,1,1,0
1,1,2,9,11,6,1,1,1,1,1,1,1,1,4,72000,1,1,1,0
1,1,3,9,13,1,2,4,2,1,7,1,1,1,4,85000,1,1,1,0
1,1,6,1,1,4,3,1,1,1,5,1,1,1,6,31200,1,1,1,0
1,2,2,1,15,1,1,1,1,1,7,1,1,1,4,27048,1,1,1,0
2,1,2,1,1,3,3,4,2,1,5,4,2,1,2,116000,1,1,1,0
2,1,1,7,1,8,3,2,1,1,8,1,1,1,4,100000,1,1,1,0
2,1,2,1,1,7,3,4,1,1,5,1,2,1,2,100000,1,1,1,0
1,1,8,1,1,4,3,4,1,1,7,1,1,1,6,0,1,1,1,0
1,1,2,1,2,11,2,3,1,1,7,1,2,1,2,180000,1,1,1,0
1,1,8,4,17,5,1,1,1,1,6,4,1,1,6,48000,1,1,1,0
1,1,2,1,1,2,2,2,1,1,5,1,2,1,5,300000,1,1,1,0
1,1,5,9,4,3,4,2,1,1,6,1,2,1,2,122388,1,1,1,0
2,2,1,1,1,4,1,4,1,2,1,4,1,1,1,35000,1,1,1,0
1,1,2,2,1,3,2,2,1,1,7,1,1,1,4,50000,1,1,1,0
1,1,2,1,3,5,3,4,2,1,2,1,2,1,4,105000,1,1,1,0
1,1,2,1,2,7,1,1,1,1,7,1,1,1,2,101920,1,1,1,0
1,1,2,1,1,4,3,2,1,1,1,1,1,1,4,804000,1,1,1,0
1,1,2,8,2,8,2,1,2,1,5,1,1,1,1,80000,1,1,1,0
1,3,2,9,1,5,2,3,1,1,1,1,1,1,4,79000,1,1,1,0
1,1,2,1,1,10,2,3,1,1,4,1,2,1,3,100000,1,1,1,0
1,1,6,1,4,1,3,4,1,1,7,1,1,1,4,0,1,1,1,0
1,1,2,3,3,4,3,4,1,1,7,7,1,1,4,59000,1,1,1,0
2,1,2,1,18,3,3,4,2,1,7,1,1,1,2,80000,1,1,1,0
1,1,2,7,3,4,2,3,2,1,7,4,1,1,4,75000,1,1,1,0
1,1,2,1,1,7,2,1,1,1,5,4,2,1,2,143000,1,1,1,0
1,1,1,12,1,8,2,1,1,1,2,4,1,1,4,49500,1,1,1,0
1,1,2,1,6,5,3,1,1,1,7,1,1,1,1,24000,1,1,1,0
1,2,4,9,4,4,3,2,1,1,7,1,1,1,1,11906,1,1,1,0
1,1,6,1,15,1,3,4,1,1,2,1,1,1,1,0,1,1,1,0
1,2,3,1,1,6,1,1,1,1,8,1,1,1,4,40836,1,1,1,0
1,1,3,8,15,4,2,4,1,1,1,1,1,1,4,70000,1,1,1,0
1,1,2,1,18,5,3,1,1,1,2,1,1,1,4,100000,1,1,1,0
1,1,1,12,2,8,2,2,2,3,5,1,1,1,2,93000,1,1,1,0
1,1,3,8,1,1,2,1,1,1,6,1,1,1,4,225000,1,1,1,0
1,1,2,10,1,5,2,3,1,1,4,1,1,1,4,100000,1,1,1,0
2,1,3,1,2,2,2,4,1,1,1,1,1,1,4,160000,1,1,1,0
1,1,2,2,3,5,2,1,1,1,9,1,1,1,2,120000,1,1,1,0
1,1,2,2,1,3,3,3,1,1,8,1,1,1,2,125000,1,1,1,0
2,1,3,1,2,7,2,3,1,1,5,5,2,1,2,125000,1,1,1,0
1,1,3,1,2,6,1,3,1,1,7,1,2,1,2,200000,1,1,1,0
1,1,2,3,1,3,2,4,1,1,1,1,2,1,2,240000,1,1,1,0
1,1,7,1,17,8,4,4,1,1,2,1,1,1,6,0,1,1,1,0
1,1,2,1,1,3,3,3,2,1,1,1,2,1,4,90000,1,1,1,0
1,1,2,1,1,4,2,3,1,1,7,1,1,1,1,40000,1,1,1,0
1,1,3,1,1,3,2,1,1,1,7,1,2,1,2,0,1,1,1,0
1,3,1,7,1,6,2,2,1,1,1,4,1,1,1,90000,1,1,1,0
1,1,1,12,1,7,1,1,1,1,7,1,2,1,4,35000,1,1,1,0
1,1,1,3,1,4,3,4,1,1,5,1,2,1,4,40000,1,1,1,0
1,1,2,3,1,1,2,4,1,1,1,1,1,1,2,110000,1,1,1,0
1,1,2,8,1,8,3,4,1,1,5,1,1,1,1,12000,1,1,1,0
1,1,1,1,1,6,1,1,1,1,7,1,2,1,4,185000,1,1,1,0
1,1,3,3,1,3,3,3,1,1,5,1,2,1,2,1000000,1,1,1,0
2,1,4,12,1,8,3,3,2,1,1,1,1,1,2,23000,1,1,1,0
1,3,3,6,1,1,3,2,1,1,1,6,1,1,4,60000,1,1,1,0
1,1,2,10,10,5,1,3,1,1,7,1,1,1,4,150000,1,1,1,0
1,1,4,10,1,4,3,3,1,1,4,1,2,1,4,75000,1,1,1,0
1,1,1,12,17,4,3,3,1,1,2,1,1,1,1,1500000,1,1,1,0
2,1,2,7,2,6,2,2,1,1,4,1,2,1,2,200000,1,1,1,0
1,1,1,3,1,4,3,4,1,1,2,1,1,1,1,19380,1,1,1,0
1,1,3,1,1,3,3,2,1,1,2,1,1,1,7,18000,1,1,1,0
1,1,3,1,1,6,3,2,1,1,5,1,2,1,1,153600,1,1,1,0
1,1,2,1,1,9,3,3,1,1,4,3,1,1,4,160000,1,1,1,0
2,1,6,4,2,8,1,4,1,1,5,4,1,1,1,24000,1,1,1,0
1,1,2,1,1,7,1,4,1,1,7,3,1,1,4,160000,1,1,1,0
1,1,2,1,1,9,3,1,1,1,8,1,1,1,2,2000000,1,1,1,0
1,1,2,1,3,1,1,1,1,1,4,1,1,1,4,156000,1,1,1,0
1,2,2,6,1,5,3,2,1,3,7,2,1,1,1,78000,1,1,1,0
1,1,3,4,1,4,2,1,2,1,7,7,1,1,4,36000,1,1,1,0
1,1,3,6,1,6,2,4,1,1,8,1,1,1,4,95000,1,1,1,0
1,1,2,1,10,7,2,4,1,1,2,1,1,1,4,200000,1,1,1,0
1,1,5,6,1,2,2,4,1,1,6,1,2,1,3,200000,1,1,1,0
2,1,4,3,1,1,3,3,1,1,7,1,1,1,4,50000,1,1,1,0
2,1,3,1,1,9,2,1,1,1,1,1,2,1,2,175000,1,1,1,0
1,1,2,6,12,4,2,4,1,1,7,1,1,1,1,66000,1,1,1,0
1,1,1,1,1,3,2,1,1,1,2,1,2,1,2,120000,1,1,1,0
1,1,2,6,1,3,3,2,1,1,8,1,1,1,2,140000,1,1,1,0
1,1,2,6,1,1,3,4,1,1,8,3,1,1,4,50000,1,1,1,0
1,1,3,1,2,9,2,3,1,1,7,1,2,1,2,300000,1,1,1,0
1,1,1,12,3,8,3,4,2,3,7,1,1,1,4,0,1,1,1,0
1,1,2,3,6,1,3,3,1,1,1,1,2,1,4,55000,1,1,1,0
1,1,2,1,2,1,2,1,1,1,2,1,1,1,4,83000,1,1,1,0
1,1,1,1,1,3,2,4,1,1,7,1,2,1,4,180000,1,1,1,0
2,1,2,8,1,3,2,4,1,1,2,1,1,1,2,10000,1,1,1,0
1,1,2,7,1,9,3,3,1,1,7,1,1,1,3,400000,1,1,1,0
1,1,2,1,2,5,2,2,1,1,7,1,1,1,1,95000,1,1,1,0
1,1,2,4,1,4,2,2,1,1,6,1,1,1,1,15000,1,1,1,0
1,1,2,10,1,10,2,4,1,1,1,1,1,1,3,260000,1,1,1,0
1,1,2,6,1,5,2,4,1,1,7,1,1,1,4,75000,1,1,1,0
1,1,2,4,1,4,3,4,1,1,6,1,1,1,4,60000,1,1,1,0
1,1,3,9,1,3,1,1,1,1,1,1,2,1,3,200000,1,1,1,0
1,1,2,3,11,4,2,2,1,1,7,1,1,1,4,60000,1,1,1,0
1,1,1,1,10,8,3,1,1,1,2,1,1,1,4,39520,1,1,1,0
1,1,8,9,1,4,4,3,1,1,6,1,1,1,6,300,1,1,1,0
2,1,2,1,1,3,1,4,1,1,7,1,2,1,1,240000,1,1,1,0
1,1,2,1,1,2,2,4,1,1,7,1,1,1,3,144000,1,1,1,0
1,1,5,6,11,10,3,3,1,1,8,1,2,1,3,132000,1,1,1,0
1,1,1,3,1,2,2,1,1,1,9,4,2,1,3,100000,1,1,1,0
1,1,2,1,1,7,3,4,1,1,7,1,2,1,4,72000,1,1,1,0
1,1,1,1,2,4,2,2,1,1,2,4,1,1,4,72000,1,1,1,0
1,1,2,9,1,5,2,3,1,1,5,4,1,1,1,55000,1,1,1,0
2,1,1,2,1,9,2,4,1,3,1,7,1,1,3,140000,1,1,1,0
1,2,3,6,4,5,3,1,1,1,6,5,1,1,4,32400,1,1,1,0
2,1,3,6,1,4,1,1,1,1,7,1,1,1,4,80000,1,1,1,0
1,3,1,1,10,4,1,2,1,1,9,1,1,1,4,120000,1,1,1,0
1,2,1,1,1,6,3,1,1,1,1,1,1,1,1,60000,1,1,1,0
1,1,3,9,2,4,1,4,1,1,1,1,1,1,4,155000,1,1,1,0
1,1,2,6,1,2,4,1,1,1,6,1,2,1,5,85000,1,1,1,0
1,1,1,4,1,3,2,4,1,3,2,1,1,1,2,58000,1,1,1,0
1,1,3,9,1,2,3,1,1,1,1,1,1,1,3,48000,1,1,1,0
1,2,2,1,13,8,3,3,2,2,1,1,1,1,1,36000,1,1,1,0
1,1,1,1,1,3,1,1,2,2,2,1,1,1,4,16236,1,1,1,0
1,1,2,5,3,5,3,4,1,1,7,1,1,1,4,65000,1,1,1,0
1,1,3,3,1,10,2,4,1,1,1,6,2,1,2,100000,1,1,1,0
1,2,3,1,3,1,2,4,1,1,7,1,2,1,1,164000,1,1,1,0
1,2,2,1,2,4,3,4,1,1,8,1,1,1,1,50000,1,1,1,0
1,1,8,6,1,4,3,4,1,3,6,1,1,1,6,0,1,1,1,0
1,1,2,1,1,7,1,3,1,1,1,1,2,1,4,130000,1,1,1,0
2,1,2,1,4,3,3,1,1,1,7,1,1,1,2,65580,1,1,1,0
2,1,3,9,4,9,2,2,1,1,7,1,2,1,3,107000,1,1,1,0
1,2,2,11,15,4,3,1,1,1,7,1,2,1,4,42000,1,1,1,0
1,1,4,3,1,5,2,1,1,1,1,1,1,1,4,75000,1,1,1,0
1,2,2,1,5,5,3,2,1,1,8,1,1,1,1,72800,1,1,1,0
1,1,1,1,1,4,3,3,1,1,1,4,1,1,1,30000,1,1,1,0
1,1,3,10,1,2,3,4,1,1,1,1,1,1,2,75000,1,1,1,0
1,2,1,3,1,8,2,3,1,1,7,1,1,1,4,60000,1,1,1,0
2,1,4,3,13,6,2,3,1,1,2,1,1,1,4,108000,1,1,1,0
2,2,2,6,1,4,2,3,1,1,7,5,1,1,1,23000,1,1,1,0
1,1,2,3,1,5,3,1,1,1,5,2,2,1,1,70000,1,1,1,0
1,3,1,1,13,5,2,1,1,1,4,1,1,1,1,80000,1,1,1,0
2,1,3,1,2,5,2,1,1,1,2,1,1,1,4,60000,1,1,1,0
1,1,2,3,1,4,2,4,1,1,1,1,2,1,4,80000,1,1,1,0
2,1,2,1,1,5,1,1,1,1,7,1,1,1,5,140000,1,1,1,0
1,1,2,1,1,1,3,3,1,1,7,1,2,1,4,100500,1,1,1,0
1,1,2,7,1,2,4,4,1,1,7,1,1,1,3,60000,1,1,1,0
2,1,2,1,1,1,2,2,1,3,1,1,1,1,4,115000,1,1,1,0
2,1,1,8,1,3,2,2,1,1,7,1,1,1,2,110000,1,1,1,0
1,1,2,1,1,9,3,4,1,1,7,4,1,1,2,93855,1,1,1,0
1,1,1,1,1,11,3,1,1,1,8,1,2,1,3,116000,1,1,1,0
1,1,1,1,1,10,3,2,1,1,4,1,2,1,3,150000,1,1,1,0
1,1,4,6,1,3,2,3,1,1,7,1,2,1,2,180000,1,1,1,0
1,1,1,2,6,6,2,1,2,1,3,1,2,1,4,73000,1,1,1,0
2,1,3,3,1,5,2,4,1,1,7,2,1,1,2,75000,1,1,1,0
1,2,6,1,1,5,2,4,1,1,6,1,1,1,1,60000,1,1,1,0
1,1,7,1,1,2,2,3,1,1,1,1,1,1,3,150000,1,1,1,0
1,1,2,4,1,4,1,1,1,1,1,1,2,1,4,60000,1,1,1,0
1,1,3,4,1,10,2,3,1,1,6,1,2,1,3,96000,1,1,1,0
1,1,2,1,1,9,1,3,1,1,7,1,2,1,2,125000,1,1,1,0
1,2,2,3,6,5,2,1,2,1,1,1,1,1,1,24000,1,1,1,0
1,1,6,1,6,9,2,4,1,1,5,1,1,1,3,120000,1,1,1,0
1,1,2,3,1,2,2,1,1,1,2,1,1,1,3,102000,1,1,1,0
1,3,1,1,3,4,2,4,1,1,2,1,2,1,1,80000,1,1,1,0
1,1,3,1,1,2,2,2,1,1,1,1,1,1,3,180000,1,1,1,0
1,2,2,1,2,5,2,3,1,1,8,1,1,1,1,120000,1,1,1,0
1,1,4,7,1,3,1,2,1,1,1,1,2,1,2,160000,1,1,1,0
1,1,2,1,1,5,1,1,1,1,7,1,1,1,1,14400,1,1,1,0
1,1,3,3,1,7,4,3,1,1,1,1,2,1,4,220000,1,1,1,0
1,1,2,1,1,7,3,3,1,1,2,1,1,1,4,1373328,1,1,1,0
1,1,3,6,1,2,2,3,1,1,1,1,2,1,2,125000,1,1,1,0
1,1,2,9,1,3,3,2,1,1,8,1,2,1,2,120000,1,1,1,0
1,1,3,1,1,10,3,2,1,1,6,1,1,1,4,1440000,1,1,1,0
1,1,4,1,1,3,1,1,2,3,1,1,1,1,4,64000,1,1,1,0
1,1,2,1,2,10,3,3,1,1,7,1,2,1,3,190000,1,1,1,0
1,1,2,1,2,5,3,3,1,1,1,1,1,1,4,100000,1,1,1,0
1,1,9,1,4,2,2,3,1,1,4,1,2,1,2,175000,1,1,1,0
1,1,2,3,1,4,2,1,1,1,7,4,1,1,4,48000,1,1,1,0
1,1,2,1,10,7,1,3,1,1,7,2,1,1,2,120000,1,1,1,0
2,1,3,9,10,2,2,3,1,1,7,1,1,1,3,280000,1,1,1,0
2,1,4,12,1,6,3,3,1,1,7,1,2,1,3,50000,1,1,1,0
1,1,2,10,3,10,2,3,1,1,7,1,1,1,2,110000,1,1,1,0
1,1,2,1,1,5,3,3,1,1,7,1,2,1,2,90000,1,1,1,0
1,1,3,10,1,2,2,2,1,1,7,1,1,1,5,125000,1,1,1,0
1,2,2,1,3,4,2,1,1,1,7,2,1,1,1,50000,1,1,1,0
1,1,6,1,1,7,3,4,1,1,7,1,1,1,2,79000,1,1,1,0
1,1,2,6,1,3,3,2,1,1,8,1,1,1,4,100000,1,1,1,0
1,1,2,1,1,6,3,1,1,1,4,4,2,1,1,58000,1,1,1,0
1,1,3,1,1,6,1,3,1,3,1,1,1,1,2,30000,1,1,1,0
1,1,2,8,1,9,3,3,1,1,7,1,1,1,2,35000,1,1,1,0
1,1,2,7,1,9,2,1,1,1,1,1,1,1,2,65000,1,1,1,0
1,1,1,2,1,3,2,1,1,1,1,4,1,1,2,140000,1,1,1,0
1,2,3,1,15,1,2,2,1,1,7,1,1,1,4,288000,1,1,1,0
1,1,5,6,15,5,1,3,2,1,7,1,1,1,4,50000,1,1,1,0
2,1,2,2,6,5,2,3,2,2,7,1,1,1,1,93600,1,1,1,0
1,1,2,3,1,3,2,1,1,1,1,1,2,1,2,150000,1,1,1,0
1,1,3,7,1,1,3,2,1,1,1,1,2,1,3,30000,1,1,1,0
1,1,2,1,2,6,2,3,1,1,6,1,1,1,2,190000,1,1,1,0
1,1,2,5,1,3,3,3,1,1,7,1,1,1,2,50000,1,1,1,0
1,1,6,5,3,1,2,1,1,1,2,6,1,1,4,150000,1,1,1,0
1,1,2,1,1,5,3,2,1,1,1,1,1,1,1,70000,1,1,1,0
2,1,2,1,1,2,3,2,1,1,6,1,1,1,3,200000,1,1,1,0
1,1,2,7,1,1,3,2,1,1,6,1,1,1,2,72000,1,1,1,0
1,1,1,1,1,6,1,1,1,1,4,1,1,1,4,120000,1,1,1,0
1,1,2,7,6,7,1,1,1,1,4,1,2,1,3,150000,1,1,1,0
2,1,3,6,11,5,2,4,1,1,6,4,1,1,4,89500,1,1,1,0
1,1,1,1,1,3,3,4,1,1,2,1,1,1,4,80000,1,1,1,0
1,3,2,4,1,5,2,1,1,1,7,1,2,1,2,84000,1,1,1,0
2,1,1,1,1,3,2,3,1,1,6,1,2,1,2,50000,1,1,1,0
2,1,2,1,17,3,3,1,1,1,7,1,2,1,2,25000,1,1,1,0
1,1,2,3,1,10,2,1,1,1,7,1,1,1,2,50000,1,1,1,0
1,1,2,1,2,1,2,4,1,1,6,1,1,1,4,73000,1,1,1,0
1,1,4,1,1,4,2,1,1,1,2,1,1,1,4,80000,1,1,1,0
1,1,2,1,2,1,3,4,1,1,1,1,1,1,4,131000,1,1,1,0
1,1,2,7,1,7,3,2,2,1,7,1,1,1,3,250000,1,1,1,0
2,1,3,10,1,3,2,3,1,1,7,1,2,1,2,300000,1,1,1,0
1,1,2,1,6,7,1,1,2,2,7,1,1,1,4,120000,1,1,1,0
1,1,2,1,2,11,2,3,2,1,1,1,2,1,3,120000,1,1,1,0
1,1,3,2,6,9,2,1,1,1,6,1,2,1,3,250000,1,1,1,0
1,1,2,7,1,6,2,2,1,1,1,1,1,1,4,57600,1,1,1,0
1,3,1,1,1,5,3,1,1,1,8,1,2,1,4,45000,1,1,1,0
1,1,2,3,1,10,2,3,1,1,5,7,2,1,2,80000,1,1,1,0
1,1,1,1,1,7,1,4,1,1,4,4,2,1,4,160000,1,1,1,0
1,1,3,6,1,6,3,1,1,1,1,1,2,1,3,140000,1,1,1,0
1,1,4,2,1,9,3,4,1,1,4,1,1,1,2,90000,1,1,1,0
1,2,5,9,4,1,2,1,1,1,4,1,1,1,4,20000,1,1,1,0
1,1,1,1,1,2,2,3,1,1,7,3,2,1,5,101000,1,1,1,0
1,1,2,1,1,9,2,1,1,1,7,1,2,1,2,180000,1,1,1,0
1,1,3,1,1,3,3,4,1,1,1,1,2,1,2,250000,1,1,1,0
1,1,1,12,1,8,3,4,1,1,7,1,1,1,4,30000,1,1,1,0
2,1,2,1,1,2,2,4,1,1,7,1,2,1,3,300000,1,1,1,0
1,1,3,2,1,5,2,2,1,1,6,1,1,1,2,85000,1,1,1,0
1,1,2,4,6,1,2,4,1,1,8,1,1,1,4,90000,1,1,1,0
1,2,1,1,1,8,3,4,1,2,7,7,1,1,1,0,1,1,1,0
2,1,1,12,1,2,3,3,1,1,1,1,1,1,5,120000,1,1,1,0
2,1,3,7,1,5,3,1,1,1,1,1,2,1,2,82000,1,1,1,0
1,2,4,1,1,4,3,2,1,1,4,1,1,1,1,19968,1,1,1,0
1,1,3,9,1,7,1,3,1,1,7,2,1,1,4,130000,1,1,1,0
1,1,2,6,10,2,3,2,1,1,5,1,1,1,7,130000,1,1,1,0
2,1,2,1,2,7,2,2,1,1,5,1,2,1,2,170000,1,1,1,0
2,1,4,3,2,4,3,1,2,1,5,1,2,1,4,53788,1,1,1,0
1,1,5,9,1,2,1,3,1,1,1,1,2,1,3,300000,1,1,1,0
2,3,3,1,11,5,2,3,1,1,1,5,1,1,4,12000,1,1,1,0
1,1,1,12,1,11,3,2,1,1,2,1,1,1,3,2000000,1,1,1,0
1,1,3,7,1,2,3,1,1,1,9,1,1,1,3,60000,1,1,1,0
1,1,2,1,1,2,1,1,1,1,2,1,2,1,3,220000,1,1,1,0
2,1,1,1,1,2,2,1,1,1,7,1,1,1,3,125000,1,1,1,0
1,1,2,1,1,9,3,2,1,1,7,1,1,1,2,80000,1,1,1,0
1,1,1,2,1,7,3,4,1,1,6,1,1,1,2,147000,1,1,1,0
1,1,2,8,1,5,2,1,1,1,1,1,2,1,2,360000,1,1,1,0
2,1,2,1,1,1,2,4,1,1,7,1,2,1,4,90000,1,1,1,0
2,1,2,1,2,9,2,1,1,1,5,1,2,1,2,130000,1,1,1,0
1,1,2,1,1,3,3,3,1,1,4,1,2,1,2,105000,1,1,1,0
1,1,2,1,1,4,2,3,1,1,4,1,1,1,4,44460,1,1,1,0
1,1,2,1,1,3,2,1,1,1,2,3,2,1,4,73000,1,1,1,0
1,1,2,1,1,7,2,4,1,1,7,2,2,1,2,160000,1,1,1,0
1,1,1,6,1,2,2,4,1,1,2,1,1,1,3,78000,1,1,1,0
1,2,2,1,2,5,3,4,1,1,8,6,1,1,1,18000,1,1,1,0
1,1,3,8,1,5,2,3,1,1,1,1,1,1,2,135200,1,1,1,0
1,2,1,1,1,8,4,3,1,1,2,4,1,1,1,72000,1,1,1,0
1,1,2,4,1,2,1,1,1,1,5,1,2,1,3,140000,1,1,1,0
1,1,7,1,1,7,2,1,1,1,7,1,2,1,3,80000,1,1,1,0
1,1,4,1,1,7,2,1,1,1,1,1,1,1,4,148500,1,1,1,0
1,1,2,3,1,3,3,2,1,1,1,1,2,1,2,150000,1,1,1,0
1,1,2,3,1,3,2,2,1,1,8,1,2,1,4,300000,1,1,1,0
1,1,2,1,1,1,3,2,1,1,1,1,1,1,4,155000,1,1,1,0
1,1,2,1,1,5,2,3,1,1,7,1,2,1,4,120000,1,1,1,0
1,1,1,1,1,2,2,4,1,1,2,1,1,1,2,275000,1,1,1,0
1,1,3,10,1,4,2,4,2,1,1,1,2,1,2,12000,1,1,1,0
1,1,2,4,2,6,2,2,1,1,7,1,1,1,4,220000,1,1,1,0
1,1,2,3,1,9,2,2,1,1,7,1,2,1,2,300000,1,1,1,0
2,3,2,1,2,4,3,3,1,1,1,1,1,1,4,83000,1,1,1,0
2,1,6,7,10,9,2,2,1,1,2,1,2,1,2,180000,1,1,1,0
1,1,1,1,1,6,1,3,1,1,4,1,1,1,1,2000000,1,1,1,0
1,1,2,3,1,3,3,1,1,1,7,1,2,1,2,210000,1,1,1,0
2,1,1,9,1,2,2,3,1,1,4,1,1,1,5,130000,1,1,1,0
1,1,2,1,1,2,3,2,1,1,1,1,1,1,5,124000,1,1,1,0
1,1,1,1,6,4,1,4,1,1,2,1,2,1,4,45000,1,1,1,0
1,1,2,8,11,4,2,1,1,1,7,1,1,1,4,50000,1,1,1,0
1,1,2,1,1,5,3,4,1,4,7,1,2,1,4,114400,1,1,1,0
1,2,2,1,13,6,2,2,1,1,1,4,1,1,1,60000,1,1,1,0
1,1,3,1,1,2,2,1,1,1,8,1,1,1,5,100000,1,1,1,0
1,1,2,6,1,4,3,3,1,1,7,1,1,1,3,70000,1,1,1,0
1,1,2,1,1,3,2,1,1,1,1,1,2,1,4,84000,1,1,1,0
2,1,3,1,13,1,2,4,1,1,1,5,2,1,4,125000,1,1,1,0
1,1,2,3,1,6,2,2,1,1,7,1,1,1,4,120000,1,1,1,0
1,1,2,1,8,4,2,3,1,1,5,1,1,1,1,64000,1,1,1,1
1,1,5,10,1,9,3,4,1,1,8,1,1,1,4,40000,1,1,1,0
1,1,3,1,1,7,2,4,1,1,7,1,1,1,4,0,1,1,1,0
1,1,2,1,1,1,2,1,1,1,2,6,1,1,4,87210,1,1,1,0
1,1,2,10,1,5,2,3,1,1,9,1,2,1,2,120000,1,1,1,0
2,1,1,1,1,4,3,1,1,1,2,2,1,1,4,60000,1,1,1,0
1,1,2,10,1,11,1,4,1,1,8,1,2,1,3,200000,1,1,1,0
1,1,3,1,1,4,1,3,1,1,9,5,2,1,4,2000000,1,1,1,0
1,1,1,1,1,2,2,1,1,1,2,1,2,1,3,115000,1,1,1,0
2,1,2,1,1,9,2,1,2,1,2,1,1,1,3,104000,1,1,1,0
1,1,2,6,1,2,2,1,1,1,7,1,2,1,3,120000,1,1,1,0
1,1,2,9,1,10,1,1,2,1,7,1,2,1,2,107152,1,1,1,0
1,1,2,1,1,10,2,4,1,1,5,1,2,1,3,150000,1,1,1,0
1,1,1,11,8,4,2,1,1,1,2,1,1,1,3,75000,1,1,1,1
1,1,2,1,1,5,2,3,1,1,1,1,2,1,4,75000,1,1,1,0
2,1,2,1,1,6,3,4,1,1,7,4,2,1,4,250000,1,1,1,0
1,1,2,6,1,9,2,4,1,1,7,1,2,1,2,100000,1,1,1,0
1,2,1,1,1,4,2,4,1,1,7,1,1,1,1,7200,1,1,1,0
1,1,4,6,6,9,1,4,1,1,7,1,1,1,2,156000,1,1,1,0
1,1,3,6,1,3,2,2,1,1,2,1,2,1,3,150000,1,1,1,0
1,1,2,1,1,2,1,4,1,1,6,1,1,1,3,100000,1,1,1,0
1,1,2,1,1,5,3,2,1,1,6,1,1,1,1,110000,1,1,1,0
1,1,1,10,1,7,2,4,1,1,2,1,2,1,4,110000,1,1,1,0
1,1,2,6,1,5,3,1,1,1,1,1,2,1,4,114000,1,1,1,0
1,1,3,1,17,4,2,1,1,1,6,5,1,1,4,60000,1,1,1,0
1,1,6,1,1,2,1,1,1,1,7,1,2,1,3,250000,1,1,1,0
1,1,1,10,1,9,1,2,1,1,2,6,2,1,2,166000,1,1,1,0
1,1,2,1,1,1,3,4,1,1,7,1,1,1,4,80000,1,1,1,0
1,1,2,1,1,10,3,2,1,1,7,1,2,1,3,2000000,1,1,1,0
1,1,2,1,1,2,3,4,1,1,7,3,2,1,3,200000,1,1,1,0
1,1,2,6,1,5,2,1,1,1,5,4,1,1,4,90000,1,1,1,0
1,1,1,1,1,6,3,1,1,1,9,4,2,1,2,90000,1,1,1,0
1,1,1,1,10,1,1,2,1,1,2,4,2,1,4,80000,1,1,1,0
1,1,2,1,2,4,3,3,1,1,6,1,1,1,1,50000,1,1,1,0
2,3,2,1,2,3,2,1,1,1,7,1,1,1,4,200000,1,1,1,0
1,1,2,1,2,7,2,2,1,1,1,1,2,1,2,180000,1,1,1,0
1,1,2,1,11,5,1,1,2,2,8,2,1,1,1,31200,1,1,1,0
1,2,1,1,2,8,2,1,1,1,7,1,1,1,1,15000,1,1,1,0
2,1,1,1,6,2,1,1,1,1,5,1,1,1,3,75000,1,1,1,0
1,1,2,8,1,9,2,3,1,1,7,1,2,1,2,82000,1,1,1,0
1,1,2,8,6,3,1,4,1,1,6,1,2,1,3,180000,1,1,1,0
1,1,3,1,1,1,3,3,1,1,1,1,1,1,4,124000,1,1,1,0
1,1,1,1,1,11,1,1,1,1,7,1,1,1,2,140,1,1,1,0
1,1,2,1,1,9,2,1,1,1,1,1,2,1,2,204000,1,1,1,0
1,1,2,1,1,5,3,3,1,1,2,1,1,1,4,52000,1,1,1,0
1,1,2,1,1,5,2,3,1,1,7,7,1,1,4,125000,1,1,1,0
1,1,3,1,1,4,3,2,1,1,1,1,2,1,4,92000,1,1,1,0
2,2,1,1,4,1,3,2,1,1,2,1,1,1,4,38400,1,1,1,0
1,1,1,8,15,5,3,3,2,1,8,2,1,1,4,120000,1,1,1,0
1,1,2,1,2,2,1,1,1,1,6,1,2,1,5,175000,1,1,1,0
1,1,6,1,1,4,2,4,1,1,7,1,2,1,2,100000,1,1,1,0
1,1,2,1,1,5,2,1,1,1,5,5,1,1,1,71400,1,1,1,0
2,1,1,1,2,8,2,3,1,1,1,3,1,1,4,0,1,1,1,0
2,2,5,6,1,7,2,1,1,1,5,1,1,1,4,110000,1,1,1,0
1,1,2,1,1,3,2,3,1,1,7,1,2,1,4,170000,1,1,1,0
2,2,6,1,11,1,1,2,1,1,1,5,1,1,1,29500,1,1,1,0
1,1,2,1,2,5,2,4,1,1,1,1,2,1,4,75000,1,1,1,0
1,3,2,1,1,7,2,1,1,2,2,1,1,1,2,90000,1,1,1,0
1,2,5,1,15,2,3,2,1,1,2,1,1,1,7,110000,1,1,1,0
1,1,3,10,4,5,3,3,1,2,2,4,1,1,4,82000,1,1,1,0
1,1,2,1,3,7,1,3,1,1,7,1,1,1,4,96000,1,1,1,0
2,1,2,4,1,6,2,4,1,1,7,3,1,1,4,270000,1,1,1,0
1,1,2,1,7,4,2,4,1,1,1,1,1,1,1,74400,1,1,1,0
1,1,2,5,1,1,1,4,1,1,7,1,1,1,4,57000,1,1,1,0
1,1,2,1,1,7,2,4,1,1,1,2,1,1,4,180000,1,1,1,0
1,1,8,10,13,1,3,4,1,1,9,1,2,1,4,40000,1,1,1,0
1,1,3,7,1,2,2,1,1,1,6,1,2,1,2,280000,1,1,1,0
1,1,7,6,3,7,2,1,1,1,2,1,2,1,2,55000,1,1,1,0
2,1,4,6,3,8,3,4,1,1,5,4,1,1,4,20000,1,1,1,0
1,1,1,1,1,5,1,1,1,1,4,1,1,1,1,175000,1,1,1,0
1,1,2,4,2,2,3,3,1,1,7,4,2,1,5,200000,1,1,1,0
1,2,3,9,1,3,2,4,1,1,7,1,1,1,4,36000,1,1,1,0
1,1,2,1,2,6,2,1,1,1,7,1,1,1,4,0,1,1,1,0
2,1,3,10,1,4,2,3,2,1,1,2,2,1,4,55000,1,1,1,0
1,1,7,1,2,8,1,3,1,1,2,1,1,1,4,9360,1,1,1,0
1,1,2,4,1,1,2,3,1,1,8,1,1,1,4,120000,1,1,1,0
2,1,3,1,1,1,2,1,1,3,9,1,1,1,3,85000,1,1,1,0
1,1,6,1,2,5,1,4,1,1,5,1,1,1,1,25000,1,1,1,0
1,1,1,1,1,1,2,1,1,1,7,1,1,1,1,60000,1,1,1,0
1,1,5,11,1,8,3,2,1,1,2,1,1,1,3,108000,1,1,1,0
1,1,2,1,1,6,2,1,1,1,7,1,2,1,4,105000,1,1,1,0
1,1,1,1,1,5,3,4,1,2,5,1,1,1,1,84000,1,1,1,0
1,2,2,10,4,5,2,4,1,1,6,5,1,1,4,45000,1,1,1,0
2,1,5,10,4,5,3,1,1,1,6,1,1,1,4,75000,1,1,1,0
1,1,2,1,4,5,3,3,1,1,1,1,1,1,1,70000,1,1,1,0
1,1,3,1,1,3,3,3,1,1,7,1,2,1,3,170000,1,1,1,0
1,1,6,1,3,5,3,1,1,1,5,5,1,1,1,6000,1,1,1,0
1,1,2,1,1,4,2,4,2,2,7,1,1,1,4,20000,1,1,1,0
1,1,2,1,1,10,3,2,1,2,5,1,2,1,2,216000,1,1,1,0
1,1,2,1,1,6,2,3,1,1,4,1,1,1,4,130000,1,1,1,0
1,1,3,10,1,2,2,1,1,1,2,4,2,1,7,200000,1,1,1,0
1,1,3,7,1,7,2,4,1,1,5,1,2,1,4,98000,1,1,1,0
2,1,2,1,1,2,1,1,1,1,7,1,2,1,2,100000,1,1,1,0
1,1,3,1,1,1,3,2,1,1,1,1,2,1,4,80000,1,1,1,0
1,1,2,1,1,7,2,1,1,1,7,1,1,1,4,100000,1,1,1,0
1,1,2,1,10,2,3,4,1,1,7,3,2,1,2,197000,1,1,1,0
1,1,2,1,1,1,1,4,2,1,7,1,1,1,3,75000,1,1,1,0
1,1,6,1,1,4,3,4,1,1,7,1,1,1,6,4000,1,1,1,0
1,1,2,7,1,8,3,1,2,1,7,1,1,1,4,1440,1,1,1,0
1,1,2,1,5,5,2,4,1,1,7,4,1,1,4,100000,1,1,1,0
2,1,3,10,1,11,3,2,1,1,8,1,1,1,4,109992,1,1,1,0
1,1,3,1,1,7,2,4,1,1,1,1,1,1,4,121000,1,1,1,0
2,1,2,4,3,4,3,4,2,1,8,1,1,1,1,82500,1,1,1,0
2,1,5,7,2,2,2,2,1,1,7,2,1,1,7,0,1,1,1,0
1,1,2,1,1,9,3,1,1,1,7,1,2,1,2,120000,1,1,1,0
1,1,2,1,1,1,3,3,1,1,1,3,1,1,1,77000,1,1,1,0
1,1,3,8,1,4,3,4,2,1,7,1,1,1,2,20000,1,1,1,0
1,1,2,1,6,1,2,3,1,1,7,1,1,1,4,200000,1,1,1,0
2,1,2,8,3,9,3,1,1,1,5,1,1,1,2,115000,1,1,1,0
2,1,4,1,1,2,2,4,1,1,3,1,1,1,5,125000,1,1,1,0
1,1,3,3,1,1,1,1,1,1,1,1,2,1,4,90000,1,1,1,0
1,1,2,7,1,3,2,1,1,1,6,1,2,1,3,200000,1,1,1,0
2,1,1,4,10,11,2,1,1,1,2,1,2,1,2,160000,1,1,1,0
1,1,2,1,5,5,2,4,1,1,7,1,2,1,4,125000,1,1,1,0
1,1,2,4,6,2,2,3,1,1,1,1,1,1,3,58000,1,1,1,0
1,2,1,10,4,1,3,4,1,1,7,1,1,1,1,7500,1,1,1,0
1,2,4,5,1,4,3,2,1,1,7,1,1,1,4,75000,1,1,1,0
1,1,4,1,2,4,1,4,2,1,8,1,1,1,4,46000,1,1,1,0
1,1,1,6,2,2,3,1,1,1,5,1,1,1,7,75000,1,1,1,0
1,1,3,6,1,2,2,2,1,1,7,1,1,1,7,210000,1,1,1,0
1,1,6,1,1,7,2,1,1,1,2,2,2,1,4,200000,1,1,1,0
1,1,1,3,1,8,2,1,1,1,2,3,2,1,2,0,1,1,1,0
1,1,2,7,1,4,2,3,2,1,1,1,1,1,4,72000,1,1,1,0
1,1,2,1,1,3,3,4,1,1,2,1,1,1,2,160000,1,1,1,0
2,1,2,6,4,2,2,2,1,1,5,1,2,1,5,40000,1,1,1,0
1,1,1,12,1,4,2,3,1,1,2,1,2,1,2,65000,1,1,1,0
1,1,2,1,13,3,3,3,1,1,5,1,1,1,4,110000,1,1,1,0
1,1,2,1,1,1,3,4,1,1,8,1,1,1,4,130000,1,1,1,0
1,1,2,3,1,7,3,1,1,1,7,1,2,1,4,130000,1,1,1,0
1,1,2,1,1,3,3,3,1,1,2,1,2,1,2,120000,1,1,1,0
1,1,3,10,2,10,3,2,1,1,1,1,2,1,5,250000,1,1,1,0
1,1,2,1,1,1,5,1,1,1,6,1,1,1,4,50000,1,1,1,0
2,1,2,1,1,5,2,3,1,1,1,1,1,1,4,73000,1,1,1,0
1,1,3,4,1,7,3,4,1,1,1,1,2,1,7,30000,1,1,1,0
1,1,3,1,1,7,3,3,1,1,4,1,2,1,4,87000,1,1,1,0
1,1,4,2,1,4,2,3,2,2,7,4,1,1,1,42000,1,1,1,0
1,1,2,1,2,4,2,4,1,1,1,1,1,1,1,2000000,1,1,1,0
1,1,2,1,18,10,3,3,1,1,4,1,1,1,3,90000,1,1,1,0
1,3,3,8,1,9,2,3,1,1,7,3,1,1,3,175000,1,1,1,0
1,1,2,3,1,3,3,2,2,1,7,2,1,1,2,70000,1,1,1,0
1,1,3,6,7,2,2,3,1,1,6,1,1,1,3,156748,1,1,1,0
2,1,5,9,11,2,2,1,1,1,1,4,2,1,3,80000,1,1,1,0
1,1,7,1,2,4,1,1,1,1,3,1,1,1,1,40,1,1,1,0
1,2,3,9,15,3,3,3,1,3,8,1,1,1,4,170000,1,1,1,0
1,1,3,1,1,2,2,2,2,1,7,1,2,1,4,225000,1,1,1,0
1,1,6,1,1,2,2,1,1,1,2,1,2,1,2,150000,1,1,1,0
1,1,1,3,2,2,2,3,1,1,2,1,1,1,3,85000,1,1,1,0
1,2,1,6,18,5,3,2,1,1,6,1,1,1,1,60000,1,1,1,0
1,1,2,6,1,2,3,2,1,1,1,1,1,1,5,0,1,1,1,0
1,1,2,4,1,8,2,1,1,1,5,1,1,1,4,55000,1,1,1,0
1,1,3,1,1,2,4,2,1,1,1,1,2,1,5,28000,1,1,1,0
1,1,6,1,1,5,2,1,1,1,5,2,1,1,1,0,1,1,1,0
1,1,8,1,1,4,4,3,1,1,6,3,1,1,6,0,1,1,1,0
2,1,3,1,1,3,2,1,1,1,4,3,2,1,2,0,1,1,1,0
1,1,7,1,1,4,2,1,1,1,3,1,2,1,4,96000,1,1,1,0
1,2,4,3,2,4,3,4,1,1,4,4,1,1,4,60000,1,1,1,0
1,1,2,4,2,4,2,1,1,1,9,1,2,1,2,0,1,1,1,0
1,1,3,10,4,9,3,2,1,1,1,1,2,1,2,140000,1,1,1,0
1,1,5,9,13,2,3,2,1,1,2,7,2,1,1,0,1,1,1,0
1,2,1,1,1,5,3,3,1,1,1,1,1,1,1,50000,1,1,1,0
1,1,2,7,1,1,4,1,1,1,1,1,1,1,4,7000,1,1,1,0
1,1,1,1,1,3,1,1,1,1,4,1,2,1,2,100000,1,1,1,0
1,1,3,1,1,2,2,2,1,1,6,1,1,1,3,0,1,1,1,0
1,1,3,6,4,4,2,2,2,1,1,1,1,1,1,0,1,1,1,0
1,1,2,2,6,6,3,2,2,1,7,2,1,1,4,0,1,1,1,0
1,1,2,1,1,4,4,4,1,1,2,1,1,1,1,10000,1,1,1,0
1,1,6,1,18,4,3,3,1,1,1,1,1,1,6,0,1,1,1,0
1,2,2,1,1,4,3,4,1,1,1,5,1,1,6,25000,1,1,1,0
1,1,6,5,3,8,3,4,1,1,5,1,1,1,1,35000,1,1,1,0
1,2,6,1,1,4,4,1,1,1,7,4,1,1,6,0,1,1,1,0
1,1,2,4,6,4,3,4,1,1,7,1,1,1,1,89000,1,1,1,0
1,1,8,1,4,6,4,2,1,1,1,1,1,1,6,0,1,1,1,0
1,1,8,4,1,4,3,4,1,1,7,1,1,1,6,0,1,1,1,0
1,1,1,4,1,8,3,4,1,1,7,1,1,1,3,1000000,1,1,1,0
1,1,1,1,1,6,3,4,2,2,8,1,1,1,2,153000,1,1,1,0
1,2,1,1,13,4,3,4,2,2,1,1,1,1,1,4050,1,1,1,0
1,1,2,1,1,8,3,4,2,1,7,1,1,1,2,0,1,1,1,0
1,1,6,4,1,4,1,1,1,1,1,1,1,1,6,45000,1,1,1,0
1,1,6,6,1,5,1,1,1,1,5,1,1,1,4,23812,1,1,1,0
1,1,2,1,1,1,3,2,1,1,1,1,1,1,4,110000,1,1,1,0
1,2,6,1,11,4,4,2,1,1,1,1,1,1,1,0,1,1,1,0
1,1,2,4,1,2,3,2,1,1,6,1,1,1,5,109000,1,1,1,0
2,1,2,3,1,4,3,4,1,1,8,1,1,1,4,0,1,1,1,0
1,1,2,3,5,7,2,3,1,1,7,4,1,1,4,167000,1,1,1,0
1,1,1,8,3,8,4,4,1,1,7,3,1,1,4,48000,1,1,1,0
1,1,3,10,1,4,3,4,1,1,1,2,2,1,2,109000,1,1,1,0
1,1,1,1,1,1,1,4,1,1,1,1,1,1,4,11000,1,1,1,0
2,1,2,3,3,8,1,1,1,1,3,1,1,1,4,0,1,1,1,0
1,1,2,5,1,5,3,1,1,1,1,1,2,1,1,0,1,1,1,0
1,1,2,9,1,9,3,2,1,1,7,1,1,1,2,0,1,1,1,0
1,2,1,1,1,5,4,1,1,1,7,1,1,1,1,0,1,1,1,0
1,2,2,1,1,4,4,4,1,1,7,1,1,1,1,50000,1,1,1,0
1,1,8,1,13,4,3,2,1,1,1,1,1,1,6,0,1,1,1,0
1,1,6,1,17,5,4,4,1,1,2,1,1,1,6,250,1,1,1,0
1,1,2,1,1,8,2,4,1,1,4,1,1,1,4,0,1,1,1,0
1,1,6,3,3,4,4,4,1,1,7,3,1,1,6,0,1,1,1,0
1,1,1,1,6,2,3,1,1,2,2,1,1,1,3,125000,1,1,1,0
1,2,3,1,1,1,1,1,1,1,8,5,1,1,1,28178,1,1,1,0
1,1,6,1,6,4,2,3,1,1,7,5,1,1,6,0,1,1,1,0
1,1,2,1,2,2,3,1,2,1,2,1,1,1,5,82000,1,1,1,0
1,1,3,6,19,7,3,3,1,1,1,1,1,1,4,49920,1,1,1,0
1,1,6,5,1,5,3,3,1,1,1,1,1,1,6,0,1,1,1,0
1,1,3,1,1,6,3,4,2,2,3,4,2,1,4,0,1,1,1,0
1,1,2,1,1,5,2,1,1,1,2,1,1,1,4,86000,1,1,1,0
1,1,5,10,15,2,2,3,1,1,6,1,1,1,7,80000,1,1,1,0
1,1,2,1,1,7,2,4,1,1,4,1,1,1,2,110000,1,1,1,0
1,1,1,1,1,8,1,3,1,1,2,1,1,1,4,60000,1,1,1,0
1,2,2,6,4,4,2,2,1,4,1,1,1,1,1,30000,1,1,1,0
1,1,8,1,1,4,5,3,1,1,1,1,1,1,6,0,1,1,1,0
1,1,1,1,1,4,3,1,1,1,7,3,1,1,6,0,1,1,1,0
1,1,2,2,1,9,3,4,2,2,7,1,1,1,2,124000,1,1,1,0
1,3,4,3,5,7,3,1,1,1,1,1,2,1,3,120000,1,1,1,0
1,1,4,6,1,11,3,4,1,1,7,1,1,1,5,140000,1,1,1,0
1,1,2,5,1,5,1,3,1,1,7,1,1,1,4,50000,1,1,1,0
1,1,2,7,1,8,3,1,1,1,5,1,1,1,4,0,1,1,1,0
1,1,8,3,3,4,1,1,1,1,2,4,1,1,6,0,1,1,1,0
1,1,1,11,1,8,3,3,1,1,4,4,1,1,4,32000,1,1,1,0
1,2,1,1,1,1,1,3,1,1,1,1,1,1,1,125000,1,1,1,0
1,1,2,9,1,1,4,2,2,2,4,1,1,1,4,0,1,1,1,0
2,2,2,1,1,4,3,3,2,1,7,5,1,1,4,4000,1,1,1,0
1,2,3,1,4,5,2,3,1,1,6,1,1,1,4,0,1,1,1,0
1,1,1,2,1,3,3,4,1,1,1,1,1,1,3,0,1,1,1,0
1,1,3,4,3,8,3,4,2,1,7,1,1,1,4,54000,1,1,1,0
1,1,7,1,6,8,3,1,1,1,7,1,1,1,1,0,1,1,1,0
1,1,4,8,13,5,2,3,2,1,1,1,1,1,3,0,1,1,1,0
1,1,2,9,1,4,3,2,1,1,1,1,1,1,4,130000,1,1,1,0
1,1,2,1,1,5,3,1,1,1,7,6,1,1,2,95246,1,1,1,0
1,3,3,1,1,3,1,1,1,1,1,1,1,1,4,75000,1,1,1,0
1,1,7,1,1,5,3,3,1,1,1,1,1,1,4,125000,1,1,1,0
1,1,2,7,2,8,2,1,1,1,4,1,1,1,4,0,1,1,1,0
1,1,2,4,2,5,3,1,1,1,8,1,1,1,4,107000,1,1,1,0
1,1,2,7,1,4,1,3,2,2,6,1,1,1,2,92000,1,1,1,0
1,2,2,1,13,5,3,4,1,1,1,1,1,1,1,116000,1,1,1,0
1,1,2,11,3,8,3,1,1,1,7,4,1,1,1,0,1,1,1,0
1,1,2,1,1,5,2,1,1,1,1,4,2,1,4,60000,1,1,1,0
1,2,1,1,1,5,2,3,1,1,7,1,1,1,1,2000000,1,1,1,0
1,1,6,1,1,4,4,2,1,1,7,1,1,1,6,0,1,1,1,0
1,2,8,1,1,4,1,1,1,1,7,1,1,1,1,0,1,1,1,0
1,2,2,1,4,4,2,3,1,1,1,5,1,1,4,14000,1,1,1,0
1,1,8,1,17,8,2,3,1,1,5,1,1,1,1,1000000,1,1,1,0
1,1,4,12,1,6,2,1,1,1,5,1,1,1,2,65000,1,1,1,0
1,2,1,1,3,1,4,1,1,1,7,1,1,1,1,0,1,1,1,0
1,1,6,3,17,4,4,2,1,1,1,2,1,1,6,0,1,1,1,0
1,2,6,6,1,8,3,4,1,1,7,1,1,1,1,20000,1,1,1,0
2,2,2,1,1,5,2,1,2,3,7,1,1,1,1,0,1,1,1,0
1,2,6,6,1,4,2,4,1,1,7,1,1,1,1,25000,1,1,1,0
1,1,4,1,1,2,2,1,1,1,7,1,2,1,2,1680,1,1,1,0
1,2,1,1,1,5,2,3,1,1,1,6,1,1,1,30000,1,1,1,0
1,1,2,3,12,6,2,4,1,1,1,1,2,1,4,160000,1,1,1,0
1,2,2,9,1,4,3,1,1,1,7,1,1,1,4,30000,1,1,1,0
2,1,2,1,5,2,2,2,1,1,6,1,2,1,5,100000,1,1,1,0
1,1,3,1,1,3,2,3,1,1,6,1,2,1,4,155000,1,1,1,0
1,2,6,1,1,4,2,1,1,1,9,4,1,1,1,11000,1,1,1,0
1,1,3,1,1,5,1,1,1,1,1,5,1,1,1,0,1,1,1,0
1,2,4,1,1,4,2,3,1,1,7,1,1,1,1,750000,1,1,1,0
1,2,6,1,16,4,2,3,2,1,6,2,1,1,1,84000,1,1,1,0
2,1,2,1,3,8,2,4,1,1,7,4,2,1,2,52000,1,1,1,0
2,1,2,1,3,6,3,2,1,1,6,6,1,1,4,175000,1,1,1,0
1,1,6,1,13,4,2,1,1,1,7,4,1,1,6,300000,1,1,1,0
1,1,2,3,1,9,2,4,1,1,7,1,1,1,4,140000,1,1,1,0
1,2,2,3,6,5,3,4,1,1,8,2,1,1,1,13200,1,1,1,0
1,3,1,1,1,1,4,3,1,1,2,1,1,1,4,0,1,1,1,0
1,1,2,1,1,5,2,4,1,1,7,1,1,1,1,0,1,1,1,0
1,2,2,1,1,4,3,3,1,1,2,1,1,1,1,141000,1,1,1,0
1,1,2,2,1,4,2,4,1,1,5,1,1,1,4,15000,1,1,1,0
2,1,3,1,11,3,2,1,2,1,5,4,2,1,2,65000,1,1,1,0
2,1,3,1,1,1,3,4,1,1,2,1,2,1,4,120000,1,1,1,0
1,1,8,1,1,8,3,2,1,1,1,1,1,1,6,0,1,1,1,0
1,1,2,4,8,2,4,2,1,1,2,1,1,1,3,2000000,1,1,1,1
1,1,3,1,1,10,2,3,1,1,1,1,1,1,3,100000,1,1,1,0
1,1,1,12,1,10,2,1,1,1,5,1,1,1,2,660000,1,1,1,0
1,1,2,8,1,1,2,3,1,1,7,1,1,1,4,89000,1,1,1,0
1,1,3,1,17,9,3,4,2,1,2,1,1,1,3,2400,1,1,1,0
1,3,6,1,6,8,1,3,2,1,7,1,1,1,1,17300,1,1,1,0
1,1,4,6,1,8,2,1,1,1,7,1,2,1,2,57000,1,1,1,0
1,2,6,1,1,8,2,1,1,1,5,1,1,1,1,0,1,1,1,0
1,1,2,1,1,1,3,4,1,1,1,1,1,1,4,100000,1,1,1,0
1,1,8,1,1,4,2,1,1,1,1,1,1,1,4,30,1,1,1,0
1,1,2,9,1,2,2,1,1,1,1,3,1,1,3,115000,1,1,1,0
1,1,2,10,6,8,1,4,1,2,7,1,1,1,4,35000,1,1,1,0
1,1,2,1,8,4,4,2,1,1,7,1,1,1,6,3600,1,1,1,1
1,2,6,1,2,4,2,1,1,2,7,1,1,1,1,44000,1,1,1,0
1,1,2,1,1,3,2,2,1,1,1,1,1,1,2,90000,1,1,1,0
1,2,1,1,1,5,2,3,1,1,6,1,1,1,1,1440,1,1,1,0
1,2,1,1,1,5,4,4,1,1,2,1,2,1,4,96000,1,1,1,0
2,1,3,1,1,9,2,2,1,1,2,1,2,1,3,177000,1,1,1,0
1,2,4,1,8,8,2,2,1,1,8,4,1,1,4,27500,1,1,1,1
1,1,1,12,1,1,2,4,1,1,7,1,1,1,4,68000,1,1,1,0
1,1,2,1,5,5,1,1,1,1,9,5,1,1,1,0,1,1,1,0
1,1,1,1,11,9,2,2,1,1,6,5,1,1,4,0,1,1,1,0
1,2,2,1,3,5,1,1,1,1,2,4,1,1,4,57600,1,1,1,0
2,1,2,1,1,4,2,3,1,1,7,1,1,1,4,92000,1,1,1,0
1,1,8,6,1,1,3,1,1,1,7,1,1,1,6,0,1,1,1,0
1,1,1,1,6,3,2,4,1,1,7,1,2,1,2,0,1,1,1,0
1,2,6,1,1,8,3,2,1,1,7,1,1,1,1,8000,1,1,1,0
1,2,2,9,4,1,3,2,1,1,1,1,1,1,1,0,1,1,1,0
1,2,1,4,11,8,3,2,1,1,4,1,1,1,4,36000,1,1,1,0
1,1,2,1,1,7,2,1,1,1,5,1,1,1,3,111000,1,1,1,0
1,1,2,7,1,8,2,2,1,1,1,3,1,1,1,50400,1,1,1,0
1,2,1,1,8,4,3,1,1,1,8,4,1,1,1,4200,1,1,1,1
2,2,3,1,18,4,2,1,1,1,1,5,1,1,4,14400,1,1,1,0
1,1,3,1,1,2,2,4,2,1,1,1,1,1,3,120000,1,1,1,0
1,1,7,1,5,8,4,1,2,1,3,1,1,1,3,30000,1,1,1,0
1,1,2,3,1,3,2,1,1,1,1,4,1,1,4,135000,1,1,1,0
1,1,1,10,1,5,2,2,1,1,2,1,1,1,4,95000,1,1,1,0
1,1,1,6,4,8,2,4,1,1,5,4,2,1,4,18000,1,1,1,0
1,2,2,1,1,5,2,4,1,1,1,1,1,1,1,0,1,1,1,0
2,1,2,1,1,3,2,4,1,1,8,1,1,1,3,185000,1,1,1,0
1,2,2,1,5,8,3,1,1,1,7,5,1,1,1,9600,1,1,1,0
1,1,2,7,3,8,3,1,1,1,6,1,1,1,1,0,1,1,1,0
1,1,8,1,3,8,4,1,1,1,5,1,1,1,2,0,1,1,1,0
1,1,1,1,6,8,4,1,2,1,7,1,1,1,1,12000,1,1,1,0
1,1,2,1,1,5,3,2,1,1,6,1,1,1,1,95000,1,1,1,0
1,1,2,9,1,3,3,3,1,1,1,1,1,1,2,120000,1,1,1,0
1,1,1,3,1,5,1,4,1,1,7,3,1,1,4,0,1,1,1,0
1,1,3,1,1,7,2,3,1,1,1,1,2,1,2,75000,1,1,1,0
2,1,2,1,1,6,2,3,1,1,1,5,1,1,4,140000,1,1,1,0
1,1,6,7,3,4,3,1,1,1,2,1,1,1,6,0,1,1,1,0
1,1,6,10,6,5,3,4,1,1,6,2,1,1,1,0,1,1,1,0
2,1,2,8,3,6,2,3,1,1,7,1,2,1,2,90000,1,1,1,0
2,1,2,4,1,4,2,2,1,1,7,1,1,1,4,0,1,1,1,0
2,1,3,4,3,8,3,1,1,1,1,1,2,1,2,0,1,1,1,0
1,1,4,1,1,4,2,1,1,1,7,1,2,1,4,20000,1,1,1,0
1,1,3,6,11,3,2,1,1,1,7,1,2,1,4,70000,1,1,1,0
1,1,2,8,1,2,1,2,1,1,9,1,1,1,2,80000,1,1,1,0
1,1,2,6,1,7,4,3,1,1,1,4,1,1,4,166000,1,1,1,0
1,2,6,1,1,1,3,4,1,2,6,1,1,1,1,0,1,1,1,0
1,1,1,1,1,2,3,1,1,1,1,1,1,1,2,0,1,1,1,0
1,2,1,1,1,4,3,1,1,1,1,1,1,1,1,60000,1,1,1,0
1,1,2,9,11,2,4,1,1,1,7,1,1,1,7,120000,1,1,1,0
1,1,1,12,6,4,3,4,1,1,1,1,1,1,6,0,1,1,1,0
1,1,2,1,1,3,1,1,1,1,7,4,1,1,2,110000,1,1,1,0
1,1,5,10,1,2,2,2,1,3,7,1,1,1,5,112000,1,1,1,0
2,2,6,1,4,4,2,3,1,1,8,1,1,1,1,75000,1,1,1,0
1,1,6,1,1,5,2,4,1,1,8,1,2,1,2,0,1,1,1,0
1,1,4,1,1,6,3,4,1,1,1,1,2,1,3,120000,1,1,1,0
1,2,1,1,2,5,2,3,1,1,1,5,1,1,1,15000,1,1,1,0
1,3,1,6,13,6,2,1,1,1,7,1,1,1,4,40000,1,1,1,0
1,2,3,3,1,5,2,2,1,1,5,1,1,1,1,76397,1,1,1,0
1,2,6,9,1,4,4,1,1,1,7,1,2,1,4,29000,1,1,1,0
1,2,1,1,1,5,3,3,1,1,8,1,1,1,1,24000,1,1,1,0
2,2,3,1,1,6,3,2,1,1,2,1,1,1,4,30000,1,1,1,0
1,1,3,6,1,2,2,2,1,1,1,6,2,1,3,0,1,1,1,0
1,2,1,1,4,1,3,1,1,1,2,1,1,1,1,0,1,1,1,0
1,1,6,1,13,4,1,1,2,2,2,1,1,1,1,0,1,1,1,0
1,2,6,1,5,8,2,1,1,1,6,1,1,1,1,20000,1,1,1,0
1,2,1,1,1,4,3,3,1,1,7,1,1,1,1,108000,1,1,1,0
2,2,1,3,7,8,3,4,1,1,7,1,1,1,1,0,1,1,1,0
1,2,2,9,4,3,2,3,1,2,2,1,1,1,2,38000,1,1,1,0
1,1,2,6,11,3,2,1,1,1,1,5,2,1,2,180000,1,1,1,0
2,1,4,6,6,8,4,1,1,1,6,1,1,1,6,0,1,1,1,0
1,2,1,6,1,1,2,4,1,1,6,2,1,1,1,50000,1,1,1,0
1,1,8,1,1,5,1,1,2,1,7,1,1,1,6,60,1,1,1,0
1,2,2,6,18,7,2,1,2,2,1,1,1,1,4,101000,1,1,1,0
1,1,8,1,5,8,4,4,1,1,1,1,1,1,6,120,1,1,1,0
1,2,6,8,1,4,2,1,1,1,7,2,1,1,1,84,1,1,1,0
1,1,3,10,18,2,1,1,1,1,8,1,2,1,5,150000,1,1,1,0
1,1,2,1,1,6,3,2,1,1,1,2,1,1,4,120000,1,1,1,0
1,1,6,6,8,8,2,4,2,2,2,1,1,1,4,0,1,1,1,1
1,1,1,1,3,4,1,4,1,1,7,1,1,1,1,0,1,1,1,0
1,1,3,1,5,4,1,1,1,1,7,1,1,1,4,90000,1,1,1,0
1,1,2,6,17,5,3,2,1,1,8,1,1,1,1,0,1,1,1,0
1,1,8,3,17,4,3,1,2,1,1,1,1,1,6,1000000,1,1,1,0
1,1,3,7,5,9,1,1,1,1,7,1,2,1,3,137000,1,1,1,0
1,1,6,1,18,4,4,4,1,1,1,1,1,1,6,600,1,1,1,0
1,1,2,2,6,8,2,1,1,1,8,1,1,1,4,60450,1,1,1,0
1,1,3,3,1,3,2,3,1,1,1,3,2,1,3,93000,1,1,1,0
1,1,1,1,6,2,3,3,1,1,5,2,2,1,5,155000,1,1,1,0
2,2,6,1,11,4,2,2,2,2,6,1,1,1,1,0,1,1,1,0
1,1,8,1,1,4,4,4,1,1,1,1,1,1,6,0,1,1,1,0
1,3,1,1,20,8,1,1,1,1,3,1,1,1,2,0,1,1,1,0
1,2,1,1,1,6,3,4,1,1,2,1,1,1,1,80000,1,1,1,0
1,3,2,1,4,1,4,4,1,1,7,1,1,1,4,0,1,1,1,0
1,1,2,1,3,6,1,1,1,1,4,6,1,1,4,120000,1,1,1,0
2,2,3,4,11,1,2,3,2,1,1,1,1,1,4,32000,1,1,1,0
1,2,1,3,1,5,2,1,1,1,5,6,1,1,2,45000,1,1,1,0
1,1,1,12,1,4,4,4,1,1,1,1,1,1,6,12600,1,1,1,0
1,1,3,7,3,4,3,4,2,1,8,1,1,1,2,130000,1,1,1,0
1,1,7,1,8,10,1,1,1,1,8,1,1,1,5,0,1,1,1,1
1,1,3,8,5,8,3,1,2,4,1,1,1,1,2,100000,1,1,1,0
1,1,3,9,1,8,1,3,2,1,7,2,1,1,4,0,1,1,1,0
1,1,6,3,1,5,1,1,1,2,2,4,1,1,6,100,1,1,1,0
1,1,7,8,8,9,2,1,1,1,2,1,1,1,3,100000,1,1,1,1
1,1,2,1,13,2,2,3,1,1,7,1,2,1,3,124000,1,1,1,0
1,1,1,12,1,4,3,1,1,1,2,1,1,1,1,0,1,1,1,0
1,1,1,7,1,9,3,4,1,3,2,1,1,1,4,115000,1,1,1,0
1,1,1,9,3,8,3,1,1,1,2,1,1,1,4,15000,1,1,1,0
1,2,6,1,11,8,3,1,1,1,2,1,1,1,1,35000,1,1,1,0
1,2,6,1,1,5,1,1,1,1,1,5,1,1,1,6480,1,1,1,0
1,1,8,1,1,4,3,4,1,2,1,1,1,1,6,150,1,1,1,0
1,2,3,6,4,5,3,1,1,1,1,1,1,1,4,27000,1,1,1,0
1,1,3,1,1,3,1,1,1,1,7,1,1,1,4,0,1,1,1,0
1,2,1,1,1,1,2,1,1,1,7,1,1,1,1,36000,1,1,1,0
1,1,9,11,17,2,2,4,1,1,1,1,1,1,7,100000,1,1,1,0
1,1,2,1,1,10,2,2,2,1,7,2,1,1,2,97500,1,1,1,0
1,1,1,12,1,11,2,2,1,1,7,1,1,1,4,0,1,1,1,0
1,2,1,10,11,4,3,4,1,1,7,4,1,1,1,10000,1,1,1,0
1,1,4,8,1,3,1,2,1,1,2,1,1,1,4,120000,1,1,1,0
1,1,2,3,1,4,2,3,1,1,7,1,1,1,2,0,1,1,1,0
1,1,2,1,1,6,2,2,1,1,7,1,1,1,4,148000,1,1,1,0
1,2,6,1,1,4,3,1,1,1,1,1,1,1,2,0,1,1,1,0
1,1,5,9,11,3,3,1,2,1,2,1,1,1,2,0,1,1,1,0
2,1,2,5,2,8,2,4,2,1,4,1,1,1,4,55000,1,1,1,0
1,1,2,1,1,9,2,1,1,1,1,1,1,1,2,110000,1,1,1,0
2,1,1,1,1,8,2,1,2,3,4,1,1,1,4,0,1,1,1,0
1,2,1,12,17,8,2,1,1,1,1,1,1,1,1,0,1,1,1,0
1,1,2,1,1,1,2,1,1,1,5,1,1,1,4,48000,1,1,1,0
1,1,8,1,3,8,4,1,1,1,1,1,1,1,4,0,1,1,1,0
1,1,3,1,1,6,2,1,1,1,9,2,1,1,4,2000000,1,1,1,0
1,1,3,1,1,2,3,4,1,1,5,5,1,1,2,40000,1,1,1,0
1,1,2,1,6,9,2,1,1,1,4,1,1,1,4,22000,1,1,1,0
1,2,5,1,10,7,3,3,2,2,1,1,1,1,4,149000,1,1,1,0
1,1,8,6,1,1,1,1,1,1,7,1,1,1,6,0,1,1,1,0
1,1,6,1,1,8,4,4,1,1,1,1,1,1,6,0,1,1,1,0
2,1,2,3,1,2,3,1,1,1,4,1,1,1,5,50000,1,1,1,0
1,1,1,1,3,8,3,1,1,1,1,1,2,1,4,42000,1,1,1,0
1,2,2,3,1,3,3,4,1,1,7,1,1,1,2,143000,1,1,1,0
2,1,6,10,3,4,2,4,1,1,7,1,1,1,1,40000,1,1,1,0
1,1,2,1,15,6,3,4,1,1,5,1,2,1,2,100000,1,1,1,0
1,1,2,3,1,8,2,4,2,1,5,1,1,1,4,7500,1,1,1,0
1,1,2,10,1,5,2,2,1,1,7,5,2,1,1,0,1,1,1,0
1,1,2,6,18,10,2,1,1,1,1,1,2,1,3,120000,1,1,1,0
1,2,1,1,1,5,2,4,1,1,7,1,1,1,1,75000,1,1,1,0
1,2,6,6,1,4,3,2,1,1,7,1,1,1,1,0,1,1,1,0
2,1,2,8,1,5,3,3,2,3,7,1,1,1,5,2000000,1,1,1,0
1,3,4,1,1,5,3,3,1,1,1,1,1,1,1,10000,1,1,1,0
1,1,8,1,1,5,3,4,1,1,7,1,1,1,6,0,1,1,1,0
1,1,2,1,1,7,1,1,1,1,1,1,1,1,2,130000,1,1,1,0
1,1,5,10,4,7,2,3,1,1,7,2,2,1,5,0,1,1,1,0
1,1,2,1,1,3,2,4,1,1,6,1,2,1,2,131000,1,1,1,0
1,1,2,2,1,3,3,2,1,1,6,1,2,1,2,190000,1,1,1,0
1,1,8,1,18,8,4,1,1,1,8,1,1,1,6,0,1,1,1,0
1,1,2,9,2,8,3,2,1,1,4,3,1,1,4,0,1,1,1,0
1,1,2,1,1,10,2,3,1,1,6,1,1,1,5,170000,1,1,1,0
1,1,3,1,1,4,2,4,1,1,1,3,1,1,4,50000,1,1,1,0
1,1,8,1,1,4,3,1,1,1,1,1,1,1,6,0,1,1,1,0
1,1,1,3,1,2,2,4,1,1,5,7,2,1,5,130000,1,1,1,0
1,1,2,4,1,2,2,3,2,1,1,1,2,1,3,155000,1,1,1,0
1,1,6,8,1,4,2,2,1,2,5,1,1,1,6,0,1,1,1,0
1,3,3,1,11,2,3,2,1,1,1,1,1,1,5,57000,1,1,1,0
2,2,1,1,13,4,2,1,2,1,1,2,1,1,1,84000,1,1,1,0
1,1,2,1,18,5,2,3,1,1,1,1,1,1,1,56000,1,1,1,0
1,1,8,7,17,8,4,2,1,1,6,5,1,1,6,0,1,1,1,0
1,1,1,1,1,10,3,4,1,1,6,1,1,1,2,180000,1,1,1,0
1,2,1,1,17,5,3,1,1,1,7,3,1,1,1,0,1,1,1,0
1,1,1,4,3,4,2,1,1,1,2,1,1,1,4,60000,1,1,1,0
1,1,8,1,3,8,4,1,1,1,6,7,1,1,6,0,1,1,1,0
1,2,1,1,3,5,3,4,2,1,1,2,1,1,1,20000,1,1,1,0
1,1,6,6,1,4,3,4,1,2,4,1,1,1,1,87000,1,1,1,0
1,1,2,6,1,2,2,1,1,1,1,1,1,1,3,2000000,1,1,1,0
1,1,6,1,1,5,2,3,1,1,1,1,1,1,1,25000,1,1,1,0
1,1,2,4,12,3,3,2,2,2,1,1,2,1,3,130000,1,1,1,0
1,1,1,6,6,9,2,1,1,1,6,1,1,1,3,200000,1,1,1,0
1,2,1,1,1,5,3,1,1,1,7,1,1,1,1,0,1,1,1,0
1,1,2,2,1,1,2,1,1,1,1,1,1,1,2,150000,1,1,1,0
2,2,1,6,16,4,3,4,1,1,7,1,1,1,1,49800,1,1,1,0
2,2,2,1,3,4,3,3,1,1,1,5,1,1,4,25047,1,1,1,0
1,1,8,1,1,9,3,1,1,1,7,1,1,1,3,98000,1,1,1,0
2,1,2,1,1,7,2,1,1,1,1,1,1,1,2,95000,1,1,1,0
2,1,2,4,1,4,2,2,2,3,1,1,1,1,1,110000,1,1,1,0
1,1,3,6,12,4,2,1,1,4,1,5,1,1,1,0,1,1,1,0
1,1,2,4,6,4,3,4,1,1,7,5,1,1,2,75000,1,1,1,0
1,2,6,10,1,4,1,4,1,1,4,1,1,1,1,0,1,1,1,0
1,1,2,3,1,8,3,1,2,1,6,1,1,1,4,0,1,1,1,0
1,3,6,3,6,8,3,4,2,1,6,3,2,1,4,22000,1,1,1,0
1,1,2,1,1,3,2,1,2,2,5,1,2,1,2,0,1,1,1,0
1,1,1,12,13,4,1,1,1,1,2,1,1,1,4,50000,1,1,1,0
1,1,2,1,1,2,2,3,1,1,7,1,1,1,5,180000,1,1,1,0
1,1,6,1,17,8,2,2,1,2,1,1,1,1,6,0,1,1,1,0
1,1,1,1,1,6,2,1,1,1,7,3,2,1,3,0,1,1,1,0
1,1,6,3,17,5,1,1,1,3,5,1,1,1,1,0,1,1,1,0
1,1,2,4,1,2,3,4,1,1,1,1,2,1,5,121000,1,1,1,0
1,1,2,1,1,1,3,3,1,1,9,6,1,1,4,180000,1,1,1,0
1,1,9,11,4,4,3,1,1,1,8,5,2,1,2,50000,1,1,1,0
1,1,4,1,10,1,3,1,1,1,5,1,1,1,4,120000,1,1,1,0
1,2,4,3,6,4,2,1,1,3,6,3,1,1,1,0,1,1,1,0
1,1,2,1,4,2,3,4,1,1,2,1,2,1,2,0,1,1,1,0
1,2,6,1,1,4,3,3,2,1,7,1,1,1,1,125000,1,1,1,0
1,1,2,1,17,8,3,3,1,1,7,1,1,1,6,0,1,1,1,0
1,2,8,1,1,4,3,2,1,2,2,1,1,1,4,120000,1,1,1,0
1,1,3,1,1,5,2,1,1,1,1,5,1,1,1,0,1,1,1,0
1,2,2,9,2,4,3,3,1,1,6,1,1,1,1,30000,1,1,1,0
1,1,2,11,5,8,3,3,1,1,7,3,1,1,1,60000,1,1,1,0
1,1,1,7,1,3,1,1,2,2,4,1,2,1,2,75000,1,1,1,0
1,1,2,10,1,7,4,1,2,3,5,4,1,1,3,50000,1,1,1,0
1,1,2,5,1,5,2,3,1,1,7,1,1,1,1,105000,1,1,1,0
1,1,1,1,1,7,2,1,1,1,6,1,1,1,4,85000,1,1,1,0
1,1,2,6,11,7,2,2,1,1,7,1,1,1,3,76000,1,1,1,0
1,1,6,1,3,4,3,2,1,1,4,1,1,1,6,45000,1,1,1,0
1,1,2,1,13,3,2,1,1,1,1,2,2,1,2,175000,1,1,1,0
1,1,8,10,1,4,4,4,1,1,9,4,1,1,4,0,1,1,1,0
1,1,6,1,1,5,3,3,1,1,1,1,1,1,6,0,1,1,1,0
1,1,6,1,1,4,4,3,1,1,6,1,1,1,6,0,1,1,1,0
1,1,1,3,1,3,2,1,1,2,7,1,1,1,4,145500,1,1,1,0
1,1,6,6,16,8,3,1,1,1,5,3,1,1,6,0,1,1,1,0
1,1,6,3,16,8,3,1,1,1,1,1,1,1,6,0,1,1,1,0
1,2,6,1,16,4,3,4,1,1,6,1,1,1,1,0,1,1,1,0
1,2,6,1,16,4,3,1,2,2,6,1,1,1,1,12000,1,1,1,0
1,2,6,1,16,4,2,1,2,1,1,1,1,1,1,1650,1,1,1,0
1,1,8,1,16,8,3,2,1,1,5,1,2,1,4,0,1,1,1,0
1,2,1,1,16,5,2,1,1,1,6,2,1,1,1,1650,1,1,1,0
1,2,1,1,1,5,3,2,1,1,1,1,1,1,1,5000,1,1,1,0
2,1,3,1,16,8,4,3,2,1,1,2,1,1,4,55000,1,1,1,0
1,2,3,6,16,4,2,4,1,4,1,5,1,1,4,360000,1,1,1,0
1,1,6,1,16,8,3,4,1,1,6,5,1,1,1,0,1,1,1,0
1,1,8,1,16,4,3,1,2,2,8,1,1,1,6,0,1,1,1,0
1,1,6,1,16,4,4,2,1,1,1,1,1,1,4,0,1,1,1,0
1,2,6,1,16,5,2,1,1,1,7,1,1,1,1,0,1,1,1,0
1,3,1,1,16,4,1,1,1,1,6,5,1,1,1,0,1,1,1,0
1,2,1,1,16,8,2,2,2,1,2,4,1,1,1,0,1,1,1,0
2,2,6,1,16,8,3,2,1,1,7,1,1,1,1,20000,1,1,1,0
1,2,4,1,16,4,1,4,1,2,1,4,1,1,1,10000,1,1,1,0
1,1,4,11,16,8,1,1,1,1,7,3,1,1,1,0,1,1,1,0
1,1,2,4,16,8,2,2,1,1,1,3,1,1,4,35000,1,1,1,0
1,2,5,1,16,4,2,1,1,1,1,1,1,1,1,24000,1,1,1,0
1,1,6,6,6,8,2,2,1,1,5,1,1,1,6,600,1,1,1,0
1,1,8,7,16,8,4,3,2,1,7,3,2,1,6,0,1,1,1,0
1,2,2,1,1,4,3,1,1,1,7,2,1,1,4,0,1,1,1,0
1,2,1,1,16,5,3,1,1,1,5,1,1,1,1,0,1,1,1,0
1,1,8,6,16,4,2,3,2,3,7,1,1,1,6,0,1,1,1,0
1,1,2,3,1,4,4,3,1,1,2,1,1,1,6,0,1,1,1,0
1,2,1,1,6,1,3,4,1,2,8,1,1,1,1,0,1,1,1,0
1,1,8,1,16,4,3,4,1,1,6,1,1,1,6,0,1,1,1,0
1,2,1,1,16,4,3,1,1,1,7,1,1,1,1,20000,1,1,1,0
1,3,2,2,16,8,3,4,2,1,7,1,1,1,2,20000,1,1,1,0
2,2,3,1,16,4,2,1,1,1,8,1,1,1,4,85000,1,1,1,0
1,2,6,9,16,4,2,4,1,1,1,1,1,1,1,0,1,1,1,0
1,1,8,12,16,5,3,2,1,1,6,1,1,1,1,4000,1,1,1,0
1,2,6,1,16,5,2,1,1,3,6,2,1,1,1,0,1,1,1,0
1,1,2,3,16,4,4,1,2,1,7,1,1,1,4,30000,1,1,1,0
1,2,1,1,16,4,3,3,1,1,6,1,1,1,1,0,1,1,1,0
1,2,1,1,1,4,3,1,1,3,7,1,1,1,1,7000,1,1,1,0
1,2,6,1,6,4,3,3,1,1,1,1,1,1,1,5000,1,1,1,0
1,2,6,1,16,4,3,2,1,1,1,1,1,1,1,40000,1,1,1,0
1,2,1,1,16,5,3,1,1,1,6,1,1,1,1,0,1,1,1,0
1,2,1,7,16,8,3,2,1,1,6,2,1,1,1,1000,1,1,1,0
1,1,1,1,1,4,4,1,1,1,7,5,1,1,4,0,1,1,1,0
2,2,1,1,16,4,3,1,2,1,1,2,1,1,1,5000,1,1,1,0
1,1,1,1,16,8,4,2,1,1,6,6,1,1,6,0,1,1,1,0
1,1,8,1,16,8,4,2,1,1,1,1,1,1,6,0,1,1,1,0
1,1,2,4,20,8,4,4,1,1,2,1,2,1,4,35000,1,1,1,0
1,2,2,1,1,5,2,2,1,1,2,1,1,1,1,96000,1,1,1,0
1,1,8,1,16,5,4,2,1,1,1,1,1,1,6,3000,1,1,1,0
2,2,1,1,16,4,3,1,2,2,1,1,1,1,1,64400,1,1,1,0
2,2,1,1,15,4,2,1,2,2,1,1,1,1,1,106000,1,1,1,0
1,2,2,1,16,4,3,2,1,1,7,1,1,1,1,0,1,1,1,0
2,1,1,4,16,8,3,1,1,1,1,1,1,1,4,0,1,1,1,0
1,2,6,1,16,4,3,4,1,1,1,1,1,1,1,0,1,1,1,0
1,1,8,1,16,8,3,1,1,1,3,1,1,1,2,0,1,1,1,0
1,2,4,6,16,8,2,4,1,1,7,6,2,1,4,60000,1,1,1,0
1,2,2,3,16,8,2,4,1,1,1,1,1,1,4,10000,1,1,1,0
2,3,1,1,16,8,3,4,1,1,2,4,2,1,4,60000,1,1,1,0
2,1,2,2,16,8,3,4,2,1,5,1,1,1,5,52000,1,1,1,0
1,1,6,6,16,6,3,1,1,1,7,1,1,1,1,0,1,1,1,0
1,2,1,1,1,5,2,1,1,1,1,1,1,1,1,6000,1,1,1,0
1,2,1,1,16,4,3,1,1,1,4,1,1,1,1,11000,1,1,1,0
1,1,6,1,16,4,2,1,1,1,2,2,2,1,3,0,1,1,1,0
1,2,6,3,1,4,2,1,1,1,1,5,1,1,1,72000,1,1,1,0
1,1,8,6,16,8,4,4,1,1,1,1,1,1,6,0,1,1,1,0
1,2,1,1,16,4,4,3,1,1,7,1,1,1,1,0,1,1,1,0
1,3,1,8,16,8,3,4,1,1,8,4,1,1,3,75000,1,1,1,0
1,1,8,1,1,4,3,1,1,1,9,1,2,1,3,0,1,1,1,0
1,1,8,3,16,4,4,4,1,1,1,5,1,1,6,0,1,1,1,0
2,2,2,10,16,4,3,2,1,1,7,1,1,1,1,336000,1,1,1,0
1,2,1,1,1,8,3,1,1,1,7,1,1,1,1,18000,1,1,1,0
1,1,1,1,3,4,3,4,1,1,7,7,1,1,1,25000,1,1,1,0
1,1,1,8,16,8,2,3,1,1,1,2,1,1,1,7500,1,1,1,0
1,1,6,10,16,4,1,2,1,1,7,5,1,1,6,0,1,1,1,0
1,2,6,8,16,8,3,3,1,1,1,1,1,1,1,5000,1,1,1,0
2,2,1,1,16,8,3,3,2,1,1,4,1,1,1,42000,1,1,1,0
1,2,1,1,16,8,4,1,1,1,2,3,1,1,1,4000,1,1,1,0
1,1,6,1,16,8,4,3,1,1,6,1,1,1,6,960,1,1,1,0
1,2,2,6,16,5,3,3,1,1,1,1,2,1,1,28200,1,1,1,0
1,1,8,1,16,4,4,4,1,1,9,1,1,1,6,400,1,1,1,0
1,2,1,1,16,8,2,1,1,1,6,1,1,1,1,0,1,1,1,0
1,2,1,2,1,4,2,1,1,1,5,1,1,1,3,45000,1,1,1,0
2,2,6,1,16,8,3,1,1,1,1,2,1,1,1,0,1,1,1,0
1,1,1,10,16,4,4,3,1,1,1,2,1,1,6,0,1,1,1,0
1,1,6,1,16,4,2,4,1,2,7,1,1,1,6,10000,1,1,1,0
