condition_attr,condition_val,treatment_attr,treatment_val,coverage_pct,cate_value
Gender,Male,Exercise,Daily or almost every day,92.4048634138639,11626.766966390769
Gender,Male,Exercise,1 - 2 times per week,92.4048634138639,2701.8671753018843
Gender,Male,Exercise,I don't typically exercise,92.4048634138639,-14505.751216671613
Gender,Male,Exercise,3 - 4 times per week,92.4048634138639,24551.38004551223
Gender,Male,HoursComputer,5 - 8 hours,92.4048634138639,-4455.954954935943
Gender,Male,HoursComputer,9 - 12 hours,92.4048634138639,1654.256453567594
Gender,Male,HoursComputer,Over 12 hours,92.4048634138639,2220.3740224708367
Gender,Male,HoursComputer,1 - 4 hours,92.4048634138639,-17433.113667214046
Gender,Male,HoursComputer,Less than 1 hour,92.4048634138639,-12501.545480346049
Gender,Male,DevType,Database administrator,92.4048634138639,4696.417542608768
Gender,Male,DevType,Back-end developer,92.4048634138639,-1196.5102135115517
Gender,Male,DevType,Mobile developer,92.4048634138639,-2901.3208886347034
Gender,Male,DevType,Front-end developer,92.4048634138639,138.30932181967663
Gender,Male,DevType,Full-stack developer,92.4048634138639,-358.2664617844222
Gender,Male,DevType,Designer,92.4048634138639,-18429.903922415884
Gender,Male,DevType,Embedded applications or devices developer,92.4048634138639,1132.601906957444
Gender,Male,DevType,Engineering manager,92.4048634138639,46017.1969792366
Gender,Male,DevType,Data scientist or machine learning specialist,92.4048634138639,-4610.134631877893
Gender,Male,DevType,Desktop or enterprise applications developer,92.4048634138639,-3524.602650066032
Gender,Male,DevType,"C-suite executive (CEO, CTO, etc.)",92.4048634138639,47685.60058814977
Gender,Male,DevType,QA or test developer,92.4048634138639,-16761.08245007568
Gender,Male,DevType,System administrator,92.4048634138639,11353.70163368684
Gender,Male,DevType,Data or business analyst,92.4048634138639,10108.332734745964
Gender,Male,DevType,DevOps specialist,92.4048634138639,17138.45404495977
Gender,Male,DevType,Educator or academic researcher,92.4048634138639,-11699.487018607744
Gender,Male,DevType,Student,92.4048634138639,-50080.92111380687
Gender,Male,DevType,Game or graphics developer,92.4048634138639,-8464.312332436535
Gender,Male,DevType,Product manager,92.4048634138639,-16916.350023158186
Gender,Male,DevType,Marketing or sales professional,92.4048634138639,-15273.719679781287
Gender,Male,FormalEducation,"Bachelor’s degree (BA, BS, B.Eng., etc.)",92.4048634138639,10466.008788784296
Gender,Male,FormalEducation,Some college/university study without earning a degree,92.4048634138639,-3419.715430593149
Gender,Male,FormalEducation,"Secondary school (e.g. American high school, German Realschule or Gymnasium, etc.)",92.4048634138639,-25886.01172510027
Gender,Male,FormalEducation,"Master’s degree (MA, MS, M.Eng., MBA, etc.)",92.4048634138639,7349.7707429040565
Gender,Male,FormalEducation,Associate degree,92.4048634138639,-7025.6897826336235
Gender,Male,FormalEducation,"Professional degree (JD, MD, etc.)",92.4048634138639,-5486.410725675471
Gender,Male,FormalEducation,Primary/elementary school,92.4048634138639,-30073.745310948412
Gender,Male,FormalEducation,"Other doctoral degree (Ph.D, Ed.D., etc.)",92.4048634138639,15604.025218260342
Gender,Male,FormalEducation,I never completed any formal education,92.4048634138639,31379.411746896894
Gender,Male,UndergradMajor,"A natural science (ex. biology, chemistry, physics)",92.4048634138639,8756.174936032176
Gender,Male,UndergradMajor,"Computer science, computer engineering, or software engineering",92.4048634138639,-4918.8125433128225
Gender,Male,UndergradMajor,"Fine arts or performing arts (ex. graphic design, music, studio art)",92.4048634138639,5088.303478091054
Gender,Male,UndergradMajor,"A business discipline (ex. accounting, finance, marketing)",92.4048634138639,-2196.08069566879
Gender,Male,UndergradMajor,"Another engineering discipline (ex. civil, electrical, mechanical)",92.4048634138639,-5252.497281398313
Gender,Male,UndergradMajor,"Information systems, information technology, or system administration",92.4048634138639,1999.6416287098245
Gender,Male,UndergradMajor,"A social science (ex. anthropology, psychology, political science)",92.4048634138639,10748.513234871305
Gender,Male,UndergradMajor,Web development or web design,92.4048634138639,-22152.430992544345
Gender,Male,UndergradMajor,"A humanities discipline (ex. literature, history, philosophy)",92.4048634138639,16829.106530809695
Gender,Male,UndergradMajor,Mathematics or statistics,92.4048634138639,8006.784940061021
Gender,Male,UndergradMajor,"A health science (ex. nursing, pharmacy, radiology)",92.4048634138639,1114.8977551416433
Gender,Male,UndergradMajor,I never declared a major,92.4048634138639,4923.548186737684
Gender,Male,Hobby,Yes,92.4048634138639,-438821.5719402202
Gender,Male,Hobby,No,92.4048634138639,254643.64212737078
Gender,Non-Male,Exercise,Daily or almost every day,7.595136586136113,135.49844662766327
Gender,Non-Male,Exercise,1 - 2 times per week,7.595136586136113,-32826.863889755245
Gender,Non-Male,Exercise,I don't typically exercise,7.595136586136113,-20875.61504604428
Gender,Non-Male,Exercise,3 - 4 times per week,7.595136586136113,22290.779743924548
Gender,Non-Male,HoursComputer,5 - 8 hours,7.595136586136113,25722.258945244026
Gender,Non-Male,HoursComputer,9 - 12 hours,7.595136586136113,-17619.905365947667
Gender,Non-Male,HoursComputer,Over 12 hours,7.595136586136113,43840.06045258192
Gender,Non-Male,HoursComputer,1 - 4 hours,7.595136586136113,22008.331631461457
Gender,Non-Male,HoursComputer,Less than 1 hour,7.595136586136113,-52244.39970767345
Gender,Non-Male,DevType,Database administrator,7.595136586136113,-25428.26219901911
Gender,Non-Male,DevType,Back-end developer,7.595136586136113,11936.70998031638
Gender,Non-Male,DevType,Mobile developer,7.595136586136113,-22976.077249201495
Gender,Non-Male,DevType,Front-end developer,7.595136586136113,-5117.687183715374
Gender,Non-Male,DevType,Full-stack developer,7.595136586136113,-16663.72028146031
Gender,Non-Male,DevType,Designer,7.595136586136113,25999.829219073727
Gender,Non-Male,DevType,Embedded applications or devices developer,7.595136586136113,36172.00227741367
Gender,Non-Male,DevType,Engineering manager,7.595136586136113,4731.653443363921
Gender,Non-Male,DevType,Data scientist or machine learning specialist,7.595136586136113,26118.89419961846
Gender,Non-Male,DevType,Desktop or enterprise applications developer,7.595136586136113,-16074.85887926237
Gender,Non-Male,DevType,"C-suite executive (CEO, CTO, etc.)",7.595136586136113,84225.2178198087
Gender,Non-Male,DevType,QA or test developer,7.595136586136113,5529.62771893566
Gender,Non-Male,DevType,System administrator,7.595136586136113,-3182.4648466234494
Gender,Non-Male,DevType,Data or business analyst,7.595136586136113,-18449.240596898602
Gender,Non-Male,DevType,DevOps specialist,7.595136586136113,70933.40289461237
Gender,Non-Male,DevType,Educator or academic researcher,7.595136586136113,1309.1765335525693
Gender,Non-Male,DevType,Student,7.595136586136113,-66702.68969532102
Gender,Non-Male,DevType,Game or graphics developer,7.595136586136113,45246.4286327571
Gender,Non-Male,DevType,Product manager,7.595136586136113,-8750.108377154882
Gender,Non-Male,DevType,Marketing or sales professional,7.595136586136113,-74247.12293004179
Gender,Non-Male,FormalEducation,"Bachelor’s degree (BA, BS, B.Eng., etc.)",7.595136586136113,-11543.602267461943
Gender,Non-Male,FormalEducation,Some college/university study without earning a degree,7.595136586136113,-44.00977101138631
Gender,Non-Male,FormalEducation,"Secondary school (e.g. American high school, German Realschule or Gymnasium, etc.)",7.595136586136113,-28877.281148176793
Gender,Non-Male,FormalEducation,"Master’s degree (MA, MS, M.Eng., MBA, etc.)",7.595136586136113,10154.738729922916
Gender,Non-Male,FormalEducation,Associate degree,7.595136586136113,10277.535235177302
Gender,Non-Male,FormalEducation,"Professional degree (JD, MD, etc.)",7.595136586136113,126569.28743629623
Gender,Non-Male,FormalEducation,Primary/elementary school,7.595136586136113,-34920.63316600604
Gender,Non-Male,FormalEducation,"Other doctoral degree (Ph.D, Ed.D., etc.)",7.595136586136113,45124.968207394035
Gender,Non-Male,FormalEducation,I never completed any formal education,7.595136586136113,-56535.65906328564
Gender,Non-Male,UndergradMajor,"A natural science (ex. biology, chemistry, physics)",7.595136586136113,7167.578595583466
Gender,Non-Male,UndergradMajor,"Computer science, computer engineering, or software engineering",7.595136586136113,1030.7973602656232
Gender,Non-Male,UndergradMajor,"Fine arts or performing arts (ex. graphic design, music, studio art)",7.595136586136113,-14346.47065492725
Gender,Non-Male,UndergradMajor,"A business discipline (ex. accounting, finance, marketing)",7.595136586136113,6298.51440440381
Gender,Non-Male,UndergradMajor,"Another engineering discipline (ex. civil, electrical, mechanical)",7.595136586136113,24396.504610203334
Gender,Non-Male,UndergradMajor,"Information systems, information technology, or system administration",7.595136586136113,-6566.7772187636465
Gender,Non-Male,UndergradMajor,"A social science (ex. anthropology, psychology, political science)",7.595136586136113,-8272.475413673646
Gender,Non-Male,UndergradMajor,Web development or web design,7.595136586136113,-14309.792124205402
Gender,Non-Male,UndergradMajor,"A humanities discipline (ex. literature, history, philosophy)",7.595136586136113,-9267.633402504975
Gender,Non-Male,UndergradMajor,Mathematics or statistics,7.595136586136113,6253.22736991952
Gender,Non-Male,UndergradMajor,"A health science (ex. nursing, pharmacy, radiology)",7.595136586136113,-24038.797658362368
Gender,Non-Male,UndergradMajor,I never declared a major,7.595136586136113,7026.3157613976655
Gender,Non-Male,Hobby,Yes,7.595136586136113,44476.96446160583
Gender,Non-Male,Hobby,No,7.595136586136113,-5.9521348335209636e+19
SexualOrientation,Straight or heterosexual,Exercise,Daily or almost every day,92.8890994262856,10663.71479976241
SexualOrientation,Straight or heterosexual,Exercise,1 - 2 times per week,92.8890994262856,2900.4908149794915
SexualOrientation,Straight or heterosexual,Exercise,I don't typically exercise,92.8890994262856,-14112.819966561325
SexualOrientation,Straight or heterosexual,Exercise,3 - 4 times per week,92.8890994262856,23651.20640951306
SexualOrientation,Straight or heterosexual,HoursComputer,5 - 8 hours,92.8890994262856,-527.3717522083416
SexualOrientation,Straight or heterosexual,HoursComputer,9 - 12 hours,92.8890994262856,-337.2647761147505
SexualOrientation,Straight or heterosexual,HoursComputer,Over 12 hours,92.8890994262856,3815.010462922234
SexualOrientation,Straight or heterosexual,HoursComputer,1 - 4 hours,92.8890994262856,-9899.965929386555
SexualOrientation,Straight or heterosexual,HoursComputer,Less than 1 hour,92.8890994262856,-15008.154057937154
SexualOrientation,Straight or heterosexual,DevType,Database administrator,92.8890994262856,1923.4668952453205
SexualOrientation,Straight or heterosexual,DevType,Back-end developer,92.8890994262856,2129.4105233683576
SexualOrientation,Straight or heterosexual,DevType,Mobile developer,92.8890994262856,-9360.05920303652
SexualOrientation,Straight or heterosexual,DevType,Front-end developer,92.8890994262856,-697.2885015596152
SexualOrientation,Straight or heterosexual,DevType,Full-stack developer,92.8890994262856,-984.9389674677789
SexualOrientation,Straight or heterosexual,DevType,Designer,92.8890994262856,-15208.84614720278
SexualOrientation,Straight or heterosexual,DevType,Embedded applications or devices developer,92.8890994262856,3364.400146719919
SexualOrientation,Straight or heterosexual,DevType,Engineering manager,92.8890994262856,46805.58285462432
SexualOrientation,Straight or heterosexual,DevType,Data scientist or machine learning specialist,92.8890994262856,-8189.256950872828
SexualOrientation,Straight or heterosexual,DevType,Desktop or enterprise applications developer,92.8890994262856,-3866.1885037960405
SexualOrientation,Straight or heterosexual,DevType,"C-suite executive (CEO, CTO, etc.)",92.8890994262856,47030.755433788225
SexualOrientation,Straight or heterosexual,DevType,QA or test developer,92.8890994262856,-18572.443862924967
SexualOrientation,Straight or heterosexual,DevType,System administrator,92.8890994262856,15075.13392649545
SexualOrientation,Straight or heterosexual,DevType,Data or business analyst,92.8890994262856,7022.291017126856
SexualOrientation,Straight or heterosexual,DevType,DevOps specialist,92.8890994262856,22188.82486091119
SexualOrientation,Straight or heterosexual,DevType,Educator or academic researcher,92.8890994262856,-15410.204438219553
SexualOrientation,Straight or heterosexual,DevType,Student,92.8890994262856,-49499.07892787049
SexualOrientation,Straight or heterosexual,DevType,Game or graphics developer,92.8890994262856,-2452.1177760096916
SexualOrientation,Straight or heterosexual,DevType,Product manager,92.8890994262856,-14293.753455899028
SexualOrientation,Straight or heterosexual,DevType,Marketing or sales professional,92.8890994262856,-22470.25588972905
SexualOrientation,Straight or heterosexual,FormalEducation,"Bachelor’s degree (BA, BS, B.Eng., etc.)",92.8890994262856,10795.711870995458
SexualOrientation,Straight or heterosexual,FormalEducation,Some college/university study without earning a degree,92.8890994262856,-4803.553211481295
SexualOrientation,Straight or heterosexual,FormalEducation,"Secondary school (e.g. American high school, German Realschule or Gymnasium, etc.)",92.8890994262856,-24100.268905295936
SexualOrientation,Straight or heterosexual,FormalEducation,"Master’s degree (MA, MS, M.Eng., MBA, etc.)",92.8890994262856,5741.373381314021
SexualOrientation,Straight or heterosexual,FormalEducation,Associate degree,92.8890994262856,-1863.1719556700505
SexualOrientation,Straight or heterosexual,FormalEducation,"Professional degree (JD, MD, etc.)",92.8890994262856,-118.32368224307189
SexualOrientation,Straight or heterosexual,FormalEducation,Primary/elementary school,92.8890994262856,-29594.75139647008
SexualOrientation,Straight or heterosexual,FormalEducation,"Other doctoral degree (Ph.D, Ed.D., etc.)",92.8890994262856,17285.526527314734
SexualOrientation,Straight or heterosexual,FormalEducation,I never completed any formal education,92.8890994262856,14389.306387664665
SexualOrientation,Straight or heterosexual,UndergradMajor,"A natural science (ex. biology, chemistry, physics)",92.8890994262856,9073.533451274287
SexualOrientation,Straight or heterosexual,UndergradMajor,"Computer science, computer engineering, or software engineering",92.8890994262856,-1504.6908416763738
SexualOrientation,Straight or heterosexual,UndergradMajor,"Fine arts or performing arts (ex. graphic design, music, studio art)",92.8890994262856,500.0363365888154
SexualOrientation,Straight or heterosexual,UndergradMajor,"A business discipline (ex. accounting, finance, marketing)",92.8890994262856,-4667.406672671421
SexualOrientation,Straight or heterosexual,UndergradMajor,"Another engineering discipline (ex. civil, electrical, mechanical)",92.8890994262856,-4423.515628990184
SexualOrientation,Straight or heterosexual,UndergradMajor,"Information systems, information technology, or system administration",92.8890994262856,2068.968658692218
SexualOrientation,Straight or heterosexual,UndergradMajor,"A social science (ex. anthropology, psychology, political science)",92.8890994262856,8138.882866483963
SexualOrientation,Straight or heterosexual,UndergradMajor,Web development or web design,92.8890994262856,-19819.176225109335
SexualOrientation,Straight or heterosexual,UndergradMajor,"A humanities discipline (ex. literature, history, philosophy)",92.8890994262856,9055.698160467524
SexualOrientation,Straight or heterosexual,UndergradMajor,Mathematics or statistics,92.8890994262856,5638.373000047786
SexualOrientation,Straight or heterosexual,UndergradMajor,"A health science (ex. nursing, pharmacy, radiology)",92.8890994262856,-849.3077208882928
SexualOrientation,Straight or heterosexual,UndergradMajor,I never declared a major,92.8890994262856,4886.367123204718
SexualOrientation,Straight or heterosexual,Hobby,Yes,92.8890994262856,-174365.0877660922
SexualOrientation,Straight or heterosexual,Hobby,No,92.8890994262856,-3.192959069693786e+19
SexualOrientation,Bisexual or Queer,Exercise,Daily or almost every day,3.6922995947155113,9928.52444702192
SexualOrientation,Bisexual or Queer,Exercise,1 - 2 times per week,3.6922995947155113,-32063.082202861147
SexualOrientation,Bisexual or Queer,Exercise,I don't typically exercise,3.6922995947155113,-19423.59602412615
SexualOrientation,Bisexual or Queer,Exercise,3 - 4 times per week,3.6922995947155113,30120.38804606437
SexualOrientation,Bisexual or Queer,HoursComputer,5 - 8 hours,3.6922995947155113,-2666.810385200872
SexualOrientation,Bisexual or Queer,HoursComputer,9 - 12 hours,3.6922995947155113,1517.534724996391
SexualOrientation,Bisexual or Queer,HoursComputer,Over 12 hours,3.6922995947155113,29300.34629263582
SexualOrientation,Bisexual or Queer,HoursComputer,1 - 4 hours,3.6922995947155113,-58487.06858150306
SexualOrientation,Bisexual or Queer,HoursComputer,Less than 1 hour,3.6922995947155113,-32386.52909480565
SexualOrientation,Bisexual or Queer,DevType,Database administrator,3.6922995947155113,-46430.50846118551
SexualOrientation,Bisexual or Queer,DevType,Back-end developer,3.6922995947155113,-4252.780156178235
SexualOrientation,Bisexual or Queer,DevType,Mobile developer,3.6922995947155113,3138.4303036530696
SexualOrientation,Bisexual or Queer,DevType,Front-end developer,3.6922995947155113,35080.85329019081
SexualOrientation,Bisexual or Queer,DevType,Full-stack developer,3.6922995947155113,-37243.380711348385
SexualOrientation,Bisexual or Queer,DevType,Designer,3.6922995947155113,36987.46048228219
SexualOrientation,Bisexual or Queer,DevType,Embedded applications or devices developer,3.6922995947155113,-31686.927717101564
SexualOrientation,Bisexual or Queer,DevType,Engineering manager,3.6922995947155113,-27377.257488064624
SexualOrientation,Bisexual or Queer,DevType,Data scientist or machine learning specialist,3.6922995947155113,76072.14633647216
SexualOrientation,Bisexual or Queer,DevType,Desktop or enterprise applications developer,3.6922995947155113,-21956.18629648497
SexualOrientation,Bisexual or Queer,DevType,"C-suite executive (CEO, CTO, etc.)",3.6922995947155113,89498.08162493377
SexualOrientation,Bisexual or Queer,DevType,QA or test developer,3.6922995947155113,26959.170998796406
SexualOrientation,Bisexual or Queer,DevType,System administrator,3.6922995947155113,-16600.27216337211
SexualOrientation,Bisexual or Queer,DevType,Data or business analyst,3.6922995947155113,-39439.41534483643
SexualOrientation,Bisexual or Queer,DevType,DevOps specialist,3.6922995947155113,63562.94834120725
SexualOrientation,Bisexual or Queer,DevType,Educator or academic researcher,3.6922995947155113,15038.47137404487
SexualOrientation,Bisexual or Queer,DevType,Student,3.6922995947155113,-127831.11680286526
SexualOrientation,Bisexual or Queer,DevType,Game or graphics developer,3.6922995947155113,11654.737475337286
SexualOrientation,Bisexual or Queer,DevType,Product manager,3.6922995947155113,-10900.094241800281
SexualOrientation,Bisexual or Queer,DevType,Marketing or sales professional,3.6922995947155113,29772.893185038025
SexualOrientation,Bisexual or Queer,FormalEducation,"Bachelor’s degree (BA, BS, B.Eng., etc.)",3.6922995947155113,26008.455125928005
SexualOrientation,Bisexual or Queer,FormalEducation,Some college/university study without earning a degree,3.6922995947155113,27236.541625362675
SexualOrientation,Bisexual or Queer,FormalEducation,"Secondary school (e.g. American high school, German Realschule or Gymnasium, etc.)",3.6922995947155113,-40660.484526134656
SexualOrientation,Bisexual or Queer,FormalEducation,"Master’s degree (MA, MS, M.Eng., MBA, etc.)",3.6922995947155113,-24941.706694832632
SexualOrientation,Bisexual or Queer,FormalEducation,Associate degree,3.6922995947155113,-40766.275141890685
SexualOrientation,Bisexual or Queer,FormalEducation,"Professional degree (JD, MD, etc.)",3.6922995947155113,-21696.94630512648
SexualOrientation,Bisexual or Queer,FormalEducation,Primary/elementary school,3.6922995947155113,-90371.43893630565
SexualOrientation,Bisexual or Queer,FormalEducation,"Other doctoral degree (Ph.D, Ed.D., etc.)",3.6922995947155113,10493.870312784064
SexualOrientation,Bisexual or Queer,FormalEducation,I never completed any formal education,3.6922995947155113,176593.07767598983
SexualOrientation,Bisexual or Queer,UndergradMajor,"A natural science (ex. biology, chemistry, physics)",3.6922995947155113,-22964.277057838703
SexualOrientation,Bisexual or Queer,UndergradMajor,"Computer science, computer engineering, or software engineering",3.6922995947155113,-503.49317214506243
SexualOrientation,Bisexual or Queer,UndergradMajor,"Fine arts or performing arts (ex. graphic design, music, studio art)",3.6922995947155113,55158.32068897094
SexualOrientation,Bisexual or Queer,UndergradMajor,"A business discipline (ex. accounting, finance, marketing)",3.6922995947155113,-7323.514527744162
SexualOrientation,Bisexual or Queer,UndergradMajor,"Another engineering discipline (ex. civil, electrical, mechanical)",3.6922995947155113,-16754.80196187109
SexualOrientation,Bisexual or Queer,UndergradMajor,"Information systems, information technology, or system administration",3.6922995947155113,16238.64336331813
SexualOrientation,Bisexual or Queer,UndergradMajor,"A social science (ex. anthropology, psychology, political science)",3.6922995947155113,-19616.762828414245
SexualOrientation,Bisexual or Queer,UndergradMajor,Web development or web design,3.6922995947155113,-21176.79480001815
SexualOrientation,Bisexual or Queer,UndergradMajor,"A humanities discipline (ex. literature, history, philosophy)",3.6922995947155113,2727.9654127006647
SexualOrientation,Bisexual or Queer,UndergradMajor,Mathematics or statistics,3.6922995947155113,16324.122138889747
SexualOrientation,Bisexual or Queer,UndergradMajor,"A health science (ex. nursing, pharmacy, radiology)",3.6922995947155113,-49795.75132392334
SexualOrientation,Bisexual or Queer,UndergradMajor,I never declared a major,3.6922995947155113,-3027.7795971400888
SexualOrientation,Bisexual or Queer,Hobby,Yes,3.6922995947155113,-1.1890659085009975e+19
SexualOrientation,Bisexual or Queer,Hobby,No,3.6922995947155113,3.0867932511074288e+19
SexualOrientation,Gay or Lesbian,Exercise,Daily or almost every day,2.4343386494026,4534.291267797758
SexualOrientation,Gay or Lesbian,Exercise,1 - 2 times per week,2.4343386494026,-19418.59310465776
SexualOrientation,Gay or Lesbian,Exercise,I don't typically exercise,2.4343386494026,13231.95876473187
SexualOrientation,Gay or Lesbian,Exercise,3 - 4 times per week,2.4343386494026,26879.38635522941
SexualOrientation,Gay or Lesbian,HoursComputer,5 - 8 hours,2.4343386494026,30223.38210687446
SexualOrientation,Gay or Lesbian,HoursComputer,9 - 12 hours,2.4343386494026,5896.793698177687
SexualOrientation,Gay or Lesbian,HoursComputer,Over 12 hours,2.4343386494026,-9981.776251054478
SexualOrientation,Gay or Lesbian,HoursComputer,1 - 4 hours,2.4343386494026,-51680.70670101119
SexualOrientation,Gay or Lesbian,HoursComputer,Less than 1 hour,2.4343386494026,0.0
SexualOrientation,Gay or Lesbian,DevType,Database administrator,2.4343386494026,55875.19510849358
SexualOrientation,Gay or Lesbian,DevType,Back-end developer,2.4343386494026,1067.3736254081384
SexualOrientation,Gay or Lesbian,DevType,Mobile developer,2.4343386494026,-4982.758077274403
SexualOrientation,Gay or Lesbian,DevType,Front-end developer,2.4343386494026,-17663.361966447927
SexualOrientation,Gay or Lesbian,DevType,Full-stack developer,2.4343386494026,-4235.824129791689
SexualOrientation,Gay or Lesbian,DevType,Designer,2.4343386494026,-40963.91272901767
SexualOrientation,Gay or Lesbian,DevType,Embedded applications or devices developer,2.4343386494026,116205.85498501174
SexualOrientation,Gay or Lesbian,DevType,Engineering manager,2.4343386494026,-1957.712073446735
SexualOrientation,Gay or Lesbian,DevType,Data scientist or machine learning specialist,2.4343386494026,83833.75777752802
SexualOrientation,Gay or Lesbian,DevType,Desktop or enterprise applications developer,2.4343386494026,-14780.689535991463
SexualOrientation,Gay or Lesbian,DevType,"C-suite executive (CEO, CTO, etc.)",2.4343386494026,15608.221868572571
SexualOrientation,Gay or Lesbian,DevType,QA or test developer,2.4343386494026,-48031.45910619192
SexualOrientation,Gay or Lesbian,DevType,System administrator,2.4343386494026,-62732.74419205217
SexualOrientation,Gay or Lesbian,DevType,Data or business analyst,2.4343386494026,-36596.48208123228
SexualOrientation,Gay or Lesbian,DevType,DevOps specialist,2.4343386494026,27059.31108243878
SexualOrientation,Gay or Lesbian,DevType,Educator or academic researcher,2.4343386494026,6700.236527802368
SexualOrientation,Gay or Lesbian,DevType,Student,2.4343386494026,-46809.36091526019
SexualOrientation,Gay or Lesbian,DevType,Game or graphics developer,2.4343386494026,-114338.13951700789
SexualOrientation,Gay or Lesbian,DevType,Product manager,2.4343386494026,-117721.40715537798
SexualOrientation,Gay or Lesbian,DevType,Marketing or sales professional,2.4343386494026,-48641.749500169455
SexualOrientation,Gay or Lesbian,FormalEducation,"Bachelor’s degree (BA, BS, B.Eng., etc.)",2.4343386494026,-35579.088358361405
SexualOrientation,Gay or Lesbian,FormalEducation,Some college/university study without earning a degree,2.4343386494026,-8393.16305246484
SexualOrientation,Gay or Lesbian,FormalEducation,"Secondary school (e.g. American high school, German Realschule or Gymnasium, etc.)",2.4343386494026,-30112.031770853508
SexualOrientation,Gay or Lesbian,FormalEducation,"Master’s degree (MA, MS, M.Eng., MBA, etc.)",2.4343386494026,59544.40094859159
SexualOrientation,Gay or Lesbian,FormalEducation,Associate degree,2.4343386494026,-30485.5842456043
SexualOrientation,Gay or Lesbian,FormalEducation,"Professional degree (JD, MD, etc.)",2.4343386494026,-6140.8458160709515
SexualOrientation,Gay or Lesbian,FormalEducation,Primary/elementary school,2.4343386494026,5940.551773241934
SexualOrientation,Gay or Lesbian,FormalEducation,"Other doctoral degree (Ph.D, Ed.D., etc.)",2.4343386494026,-20670.323339266397
SexualOrientation,Gay or Lesbian,FormalEducation,I never completed any formal education,2.4343386494026,11996.557771387495
SexualOrientation,Gay or Lesbian,UndergradMajor,"A natural science (ex. biology, chemistry, physics)",2.4343386494026,1909.3998410082888
SexualOrientation,Gay or Lesbian,UndergradMajor,"Computer science, computer engineering, or software engineering",2.4343386494026,-19461.08226013614
SexualOrientation,Gay or Lesbian,UndergradMajor,"Fine arts or performing arts (ex. graphic design, music, studio art)",2.4343386494026,-20936.45302381833
SexualOrientation,Gay or Lesbian,UndergradMajor,"A business discipline (ex. accounting, finance, marketing)",2.4343386494026,94213.08663644691
SexualOrientation,Gay or Lesbian,UndergradMajor,"Another engineering discipline (ex. civil, electrical, mechanical)",2.4343386494026,4894.679913678366
SexualOrientation,Gay or Lesbian,UndergradMajor,"Information systems, information technology, or system administration",2.4343386494026,-25706.792885378913
SexualOrientation,Gay or Lesbian,UndergradMajor,"A social science (ex. anthropology, psychology, political science)",2.4343386494026,1755.6256736686664
SexualOrientation,Gay or Lesbian,UndergradMajor,Web development or web design,2.4343386494026,-7354.161930449529
SexualOrientation,Gay or Lesbian,UndergradMajor,"A humanities discipline (ex. literature, history, philosophy)",2.4343386494026,29836.578269957965
SexualOrientation,Gay or Lesbian,UndergradMajor,Mathematics or statistics,2.4343386494026,6073.644418055771
SexualOrientation,Gay or Lesbian,UndergradMajor,"A health science (ex. nursing, pharmacy, radiology)",2.4343386494026,-22163.312645978996
SexualOrientation,Gay or Lesbian,UndergradMajor,I never declared a major,2.4343386494026,-21934.920634090493
SexualOrientation,Gay or Lesbian,Hobby,Yes,2.4343386494026,3.5333500593058963e+17
SexualOrientation,Gay or Lesbian,Hobby,No,2.4343386494026,-3.6221011822096933e+19
SexualOrientation,Asexual,Exercise,Daily or almost every day,0.9842623295962946,-18327.61495843692
SexualOrientation,Asexual,Exercise,1 - 2 times per week,0.9842623295962946,-20319.138912713417
SexualOrientation,Asexual,Exercise,I don't typically exercise,0.9842623295962946,40301.4578416012
SexualOrientation,Asexual,Exercise,3 - 4 times per week,0.9842623295962946,52190.57549004235
SexualOrientation,Asexual,HoursComputer,5 - 8 hours,0.9842623295962946,35601.434839623485
SexualOrientation,Asexual,HoursComputer,9 - 12 hours,0.9842623295962946,-63383.44058376995
SexualOrientation,Asexual,HoursComputer,Over 12 hours,0.9842623295962946,-40961.80352936563
SexualOrientation,Asexual,HoursComputer,1 - 4 hours,0.9842623295962946,-16192.593086153956
SexualOrientation,Asexual,HoursComputer,Less than 1 hour,0.9842623295962946,0.0
SexualOrientation,Asexual,DevType,Database administrator,0.9842623295962946,6127.781534678812
SexualOrientation,Asexual,DevType,Back-end developer,0.9842623295962946,-47666.85830483558
SexualOrientation,Asexual,DevType,Mobile developer,0.9842623295962946,-19810.270942888914
SexualOrientation,Asexual,DevType,Front-end developer,0.9842623295962946,-15794.887846332862
SexualOrientation,Asexual,DevType,Full-stack developer,0.9842623295962946,31087.081946763315
SexualOrientation,Asexual,DevType,Designer,0.9842623295962946,75175.68893344443
SexualOrientation,Asexual,DevType,Embedded applications or devices developer,0.9842623295962946,-131658.1610117302
SexualOrientation,Asexual,DevType,Engineering manager,0.9842623295962946,-7027.762325146539
SexualOrientation,Asexual,DevType,Data scientist or machine learning specialist,0.9842623295962946,-32944.92979565516
SexualOrientation,Asexual,DevType,Desktop or enterprise applications developer,0.9842623295962946,-46352.165395083124
SexualOrientation,Asexual,DevType,"C-suite executive (CEO, CTO, etc.)",0.9842623295962946,19799.03124729791
SexualOrientation,Asexual,DevType,QA or test developer,0.9842623295962946,-59838.14570957881
SexualOrientation,Asexual,DevType,System administrator,0.9842623295962946,-21000.428373299
SexualOrientation,Asexual,DevType,Data or business analyst,0.9842623295962946,305771.6705175573
SexualOrientation,Asexual,DevType,DevOps specialist,0.9842623295962946,-808.2423574443155
SexualOrientation,Asexual,DevType,Educator or academic researcher,0.9842623295962946,29888.049473524206
SexualOrientation,Asexual,DevType,Student,0.9842623295962946,34542.40367795447
SexualOrientation,Asexual,DevType,Game or graphics developer,0.9842623295962946,-197521.867478539
SexualOrientation,Asexual,DevType,Product manager,0.9842623295962946,0.0
SexualOrientation,Asexual,DevType,Marketing or sales professional,0.9842623295962946,0.0
SexualOrientation,Asexual,FormalEducation,"Bachelor’s degree (BA, BS, B.Eng., etc.)",0.9842623295962946,-27700.34462876198
SexualOrientation,Asexual,FormalEducation,Some college/university study without earning a degree,0.9842623295962946,70320.54226521452
SexualOrientation,Asexual,FormalEducation,"Secondary school (e.g. American high school, German Realschule or Gymnasium, etc.)",0.9842623295962946,-42468.08237864367
SexualOrientation,Asexual,FormalEducation,"Master’s degree (MA, MS, M.Eng., MBA, etc.)",0.9842623295962946,56004.031459797516
SexualOrientation,Asexual,FormalEducation,Associate degree,0.9842623295962946,-62999.601716570265
SexualOrientation,Asexual,FormalEducation,"Professional degree (JD, MD, etc.)",0.9842623295962946,26325.84112077295
SexualOrientation,Asexual,FormalEducation,Primary/elementary school,0.9842623295962946,-41872.660079140835
SexualOrientation,Asexual,FormalEducation,"Other doctoral degree (Ph.D, Ed.D., etc.)",0.9842623295962946,178663.53619355624
SexualOrientation,Asexual,FormalEducation,I never completed any formal education,0.9842623295962946,-44321.14217487532
SexualOrientation,Asexual,UndergradMajor,"A natural science (ex. biology, chemistry, physics)",0.9842623295962946,127352.36225133226
SexualOrientation,Asexual,UndergradMajor,"Computer science, computer engineering, or software engineering",0.9842623295962946,-16242.685568843444
SexualOrientation,Asexual,UndergradMajor,"Fine arts or performing arts (ex. graphic design, music, studio art)",0.9842623295962946,-106812.62868939838
SexualOrientation,Asexual,UndergradMajor,"A business discipline (ex. accounting, finance, marketing)",0.9842623295962946,-61233.908018226415
SexualOrientation,Asexual,UndergradMajor,"Another engineering discipline (ex. civil, electrical, mechanical)",0.9842623295962946,60986.58814711521
SexualOrientation,Asexual,UndergradMajor,"Information systems, information technology, or system administration",0.9842623295962946,-12834.080364871155
SexualOrientation,Asexual,UndergradMajor,"A social science (ex. anthropology, psychology, political science)",0.9842623295962946,-109489.45446097373
SexualOrientation,Asexual,UndergradMajor,Web development or web design,0.9842623295962946,-43247.824091002476
SexualOrientation,Asexual,UndergradMajor,"A humanities discipline (ex. literature, history, philosophy)",0.9842623295962946,-17911.815019325404
SexualOrientation,Asexual,UndergradMajor,Mathematics or statistics,0.9842623295962946,8558.000148894753
SexualOrientation,Asexual,UndergradMajor,"A health science (ex. nursing, pharmacy, radiology)",0.9842623295962946,608.7685435344902
SexualOrientation,Asexual,UndergradMajor,I never declared a major,0.9842623295962946,-80892.38087310595
SexualOrientation,Asexual,Hobby,Yes,0.9842623295962946,-559169.4373305158
SexualOrientation,Asexual,Hobby,No,0.9842623295962946,-667404.4516846825
EducationParents,"Bachelor’s degree (BA, BS, B.Eng., etc.)",Exercise,Daily or almost every day,29.388388862571713,539.0629246178918
EducationParents,"Bachelor’s degree (BA, BS, B.Eng., etc.)",Exercise,1 - 2 times per week,29.388388862571713,17729.63726969556
EducationParents,"Bachelor’s degree (BA, BS, B.Eng., etc.)",Exercise,I don't typically exercise,29.388388862571713,-13706.959106120496
EducationParents,"Bachelor’s degree (BA, BS, B.Eng., etc.)",Exercise,3 - 4 times per week,29.388388862571713,10590.27094367959
EducationParents,"Bachelor’s degree (BA, BS, B.Eng., etc.)",HoursComputer,5 - 8 hours,29.388388862571713,3419.2524643036545
EducationParents,"Bachelor’s degree (BA, BS, B.Eng., etc.)",HoursComputer,9 - 12 hours,29.388388862571713,-3463.611003076549
EducationParents,"Bachelor’s degree (BA, BS, B.Eng., etc.)",HoursComputer,Over 12 hours,29.388388862571713,9221.476866982275
EducationParents,"Bachelor’s degree (BA, BS, B.Eng., etc.)",HoursComputer,1 - 4 hours,29.388388862571713,-11166.746605357703
EducationParents,"Bachelor’s degree (BA, BS, B.Eng., etc.)",HoursComputer,Less than 1 hour,29.388388862571713,-24491.84990970054
EducationParents,"Bachelor’s degree (BA, BS, B.Eng., etc.)",DevType,Database administrator,29.388388862571713,-8856.056362810974
EducationParents,"Bachelor’s degree (BA, BS, B.Eng., etc.)",DevType,Back-end developer,29.388388862571713,10230.815095210344
EducationParents,"Bachelor’s degree (BA, BS, B.Eng., etc.)",DevType,Mobile developer,29.388388862571713,-11623.91498901141
EducationParents,"Bachelor’s degree (BA, BS, B.Eng., etc.)",DevType,Front-end developer,29.388388862571713,1755.5726194285085
EducationParents,"Bachelor’s degree (BA, BS, B.Eng., etc.)",DevType,Full-stack developer,29.388388862571713,-2875.9273572326238
EducationParents,"Bachelor’s degree (BA, BS, B.Eng., etc.)",DevType,Designer,29.388388862571713,-18184.26851565174
EducationParents,"Bachelor’s degree (BA, BS, B.Eng., etc.)",DevType,Embedded applications or devices developer,29.388388862571713,-21004.517198944417
EducationParents,"Bachelor’s degree (BA, BS, B.Eng., etc.)",DevType,Engineering manager,29.388388862571713,48237.49590601455
EducationParents,"Bachelor’s degree (BA, BS, B.Eng., etc.)",DevType,Data scientist or machine learning specialist,29.388388862571713,14878.945283852729
EducationParents,"Bachelor’s degree (BA, BS, B.Eng., etc.)",DevType,Desktop or enterprise applications developer,29.388388862571713,-20130.44382607993
EducationParents,"Bachelor’s degree (BA, BS, B.Eng., etc.)",DevType,"C-suite executive (CEO, CTO, etc.)",29.388388862571713,15927.875638276313
EducationParents,"Bachelor’s degree (BA, BS, B.Eng., etc.)",DevType,QA or test developer,29.388388862571713,-25560.505828255245
EducationParents,"Bachelor’s degree (BA, BS, B.Eng., etc.)",DevType,System administrator,29.388388862571713,15728.730180526349
EducationParents,"Bachelor’s degree (BA, BS, B.Eng., etc.)",DevType,Data or business analyst,29.388388862571713,7945.850046362223
EducationParents,"Bachelor’s degree (BA, BS, B.Eng., etc.)",DevType,DevOps specialist,29.388388862571713,13046.363585968891
EducationParents,"Bachelor’s degree (BA, BS, B.Eng., etc.)",DevType,Educator or academic researcher,29.388388862571713,4930.47282989998
EducationParents,"Bachelor’s degree (BA, BS, B.Eng., etc.)",DevType,Student,29.388388862571713,-42302.79502825763
EducationParents,"Bachelor’s degree (BA, BS, B.Eng., etc.)",DevType,Game or graphics developer,29.388388862571713,-4943.247151444701
EducationParents,"Bachelor’s degree (BA, BS, B.Eng., etc.)",DevType,Product manager,29.388388862571713,-27447.07156433364
EducationParents,"Bachelor’s degree (BA, BS, B.Eng., etc.)",DevType,Marketing or sales professional,29.388388862571713,-36004.13027250189
EducationParents,"Bachelor’s degree (BA, BS, B.Eng., etc.)",FormalEducation,"Bachelor’s degree (BA, BS, B.Eng., etc.)",29.388388862571713,-9036.268286889275
EducationParents,"Bachelor’s degree (BA, BS, B.Eng., etc.)",FormalEducation,Some college/university study without earning a degree,29.388388862571713,-15681.251338977
EducationParents,"Bachelor’s degree (BA, BS, B.Eng., etc.)",FormalEducation,"Secondary school (e.g. American high school, German Realschule or Gymnasium, etc.)",29.388388862571713,-21067.020320156007
EducationParents,"Bachelor’s degree (BA, BS, B.Eng., etc.)",FormalEducation,"Master’s degree (MA, MS, M.Eng., MBA, etc.)",29.388388862571713,14661.730905871922
EducationParents,"Bachelor’s degree (BA, BS, B.Eng., etc.)",FormalEducation,Associate degree,29.388388862571713,172.96854230362936
EducationParents,"Bachelor’s degree (BA, BS, B.Eng., etc.)",FormalEducation,"Professional degree (JD, MD, etc.)",29.388388862571713,42959.5848082658
EducationParents,"Bachelor’s degree (BA, BS, B.Eng., etc.)",FormalEducation,Primary/elementary school,29.388388862571713,-11981.100705860334
EducationParents,"Bachelor’s degree (BA, BS, B.Eng., etc.)",FormalEducation,"Other doctoral degree (Ph.D, Ed.D., etc.)",29.388388862571713,30999.284344060456
EducationParents,"Bachelor’s degree (BA, BS, B.Eng., etc.)",FormalEducation,I never completed any formal education,29.388388862571713,18328.251057217924
EducationParents,"Bachelor’s degree (BA, BS, B.Eng., etc.)",UndergradMajor,"A natural science (ex. biology, chemistry, physics)",29.388388862571713,14411.64662931636
EducationParents,"Bachelor’s degree (BA, BS, B.Eng., etc.)",UndergradMajor,"Computer science, computer engineering, or software engineering",29.388388862571713,-7988.887759616208
EducationParents,"Bachelor’s degree (BA, BS, B.Eng., etc.)",UndergradMajor,"Fine arts or performing arts (ex. graphic design, music, studio art)",29.388388862571713,15751.42218822329
EducationParents,"Bachelor’s degree (BA, BS, B.Eng., etc.)",UndergradMajor,"A business discipline (ex. accounting, finance, marketing)",29.388388862571713,-3438.390823205508
EducationParents,"Bachelor’s degree (BA, BS, B.Eng., etc.)",UndergradMajor,"Another engineering discipline (ex. civil, electrical, mechanical)",29.388388862571713,3045.563657659757
EducationParents,"Bachelor’s degree (BA, BS, B.Eng., etc.)",UndergradMajor,"Information systems, information technology, or system administration",29.388388862571713,6971.608195558491
EducationParents,"Bachelor’s degree (BA, BS, B.Eng., etc.)",UndergradMajor,"A social science (ex. anthropology, psychology, political science)",29.388388862571713,7612.19087675484
EducationParents,"Bachelor’s degree (BA, BS, B.Eng., etc.)",UndergradMajor,Web development or web design,29.388388862571713,-9489.75251387053
EducationParents,"Bachelor’s degree (BA, BS, B.Eng., etc.)",UndergradMajor,"A humanities discipline (ex. literature, history, philosophy)",29.388388862571713,1433.2737826494727
EducationParents,"Bachelor’s degree (BA, BS, B.Eng., etc.)",UndergradMajor,Mathematics or statistics,29.388388862571713,12639.385876760956
EducationParents,"Bachelor’s degree (BA, BS, B.Eng., etc.)",UndergradMajor,"A health science (ex. nursing, pharmacy, radiology)",29.388388862571713,41365.52475789754
EducationParents,"Bachelor’s degree (BA, BS, B.Eng., etc.)",UndergradMajor,I never declared a major,29.388388862571713,-33878.92533441668
EducationParents,"Bachelor’s degree (BA, BS, B.Eng., etc.)",Hobby,Yes,29.388388862571713,1.43839649265414e+17
EducationParents,"Bachelor’s degree (BA, BS, B.Eng., etc.)",Hobby,No,29.388388862571713,0.0
EducationParents,"Secondary school (e.g. American high school, German Realschule or Gymnasium, etc.)",Exercise,Daily or almost every day,17.22195905047634,397.44287541674976
EducationParents,"Secondary school (e.g. American high school, German Realschule or Gymnasium, etc.)",Exercise,1 - 2 times per week,17.22195905047634,17400.711509267043
EducationParents,"Secondary school (e.g. American high school, German Realschule or Gymnasium, etc.)",Exercise,I don't typically exercise,17.22195905047634,-10919.1086484244
EducationParents,"Secondary school (e.g. American high school, German Realschule or Gymnasium, etc.)",Exercise,3 - 4 times per week,17.22195905047634,15546.620222256392
EducationParents,"Secondary school (e.g. American high school, German Realschule or Gymnasium, etc.)",HoursComputer,5 - 8 hours,17.22195905047634,780.1382462471447
EducationParents,"Secondary school (e.g. American high school, German Realschule or Gymnasium, etc.)",HoursComputer,9 - 12 hours,17.22195905047634,-4319.749966828792
EducationParents,"Secondary school (e.g. American high school, German Realschule or Gymnasium, etc.)",HoursComputer,Over 12 hours,17.22195905047634,7382.806226908637
EducationParents,"Secondary school (e.g. American high school, German Realschule or Gymnasium, etc.)",HoursComputer,1 - 4 hours,17.22195905047634,-26952.501781093033
EducationParents,"Secondary school (e.g. American high school, German Realschule or Gymnasium, etc.)",HoursComputer,Less than 1 hour,17.22195905047634,-24002.495062738293
EducationParents,"Secondary school (e.g. American high school, German Realschule or Gymnasium, etc.)",DevType,Database administrator,17.22195905047634,-2200.0485995863673
EducationParents,"Secondary school (e.g. American high school, German Realschule or Gymnasium, etc.)",DevType,Back-end developer,17.22195905047634,-8844.964145543992
EducationParents,"Secondary school (e.g. American high school, German Realschule or Gymnasium, etc.)",DevType,Mobile developer,17.22195905047634,11897.216105170566
EducationParents,"Secondary school (e.g. American high school, German Realschule or Gymnasium, etc.)",DevType,Front-end developer,17.22195905047634,7828.3435772591365
EducationParents,"Secondary school (e.g. American high school, German Realschule or Gymnasium, etc.)",DevType,Full-stack developer,17.22195905047634,682.5397267413302
EducationParents,"Secondary school (e.g. American high school, German Realschule or Gymnasium, etc.)",DevType,Designer,17.22195905047634,7908.525969565151
EducationParents,"Secondary school (e.g. American high school, German Realschule or Gymnasium, etc.)",DevType,Embedded applications or devices developer,17.22195905047634,28634.029072457273
EducationParents,"Secondary school (e.g. American high school, German Realschule or Gymnasium, etc.)",DevType,Engineering manager,17.22195905047634,19607.90448977297
EducationParents,"Secondary school (e.g. American high school, German Realschule or Gymnasium, etc.)",DevType,Data scientist or machine learning specialist,17.22195905047634,-10284.280842374535
EducationParents,"Secondary school (e.g. American high school, German Realschule or Gymnasium, etc.)",DevType,Desktop or enterprise applications developer,17.22195905047634,2648.080757899439
EducationParents,"Secondary school (e.g. American high school, German Realschule or Gymnasium, etc.)",DevType,"C-suite executive (CEO, CTO, etc.)",17.22195905047634,20896.5547426706
EducationParents,"Secondary school (e.g. American high school, German Realschule or Gymnasium, etc.)",DevType,QA or test developer,17.22195905047634,28194.88388852996
EducationParents,"Secondary school (e.g. American high school, German Realschule or Gymnasium, etc.)",DevType,System administrator,17.22195905047634,-39953.97722999421
EducationParents,"Secondary school (e.g. American high school, German Realschule or Gymnasium, etc.)",DevType,Data or business analyst,17.22195905047634,-12769.903034220799
EducationParents,"Secondary school (e.g. American high school, German Realschule or Gymnasium, etc.)",DevType,DevOps specialist,17.22195905047634,16816.405300089617
EducationParents,"Secondary school (e.g. American high school, German Realschule or Gymnasium, etc.)",DevType,Educator or academic researcher,17.22195905047634,-44418.311362841516
EducationParents,"Secondary school (e.g. American high school, German Realschule or Gymnasium, etc.)",DevType,Student,17.22195905047634,-59286.003504743785
EducationParents,"Secondary school (e.g. American high school, German Realschule or Gymnasium, etc.)",DevType,Game or graphics developer,17.22195905047634,16777.173705215566
EducationParents,"Secondary school (e.g. American high school, German Realschule or Gymnasium, etc.)",DevType,Product manager,17.22195905047634,12008.853044480524
EducationParents,"Secondary school (e.g. American high school, German Realschule or Gymnasium, etc.)",DevType,Marketing or sales professional,17.22195905047634,-54188.10250142013
EducationParents,"Secondary school (e.g. American high school, German Realschule or Gymnasium, etc.)",FormalEducation,"Bachelor’s degree (BA, BS, B.Eng., etc.)",17.22195905047634,-4219.57878341051
EducationParents,"Secondary school (e.g. American high school, German Realschule or Gymnasium, etc.)",FormalEducation,Some college/university study without earning a degree,17.22195905047634,-4508.161214912454
EducationParents,"Secondary school (e.g. American high school, German Realschule or Gymnasium, etc.)",FormalEducation,"Secondary school (e.g. American high school, German Realschule or Gymnasium, etc.)",17.22195905047634,-20789.411784251086
EducationParents,"Secondary school (e.g. American high school, German Realschule or Gymnasium, etc.)",FormalEducation,"Master’s degree (MA, MS, M.Eng., MBA, etc.)",17.22195905047634,12416.619724372833
EducationParents,"Secondary school (e.g. American high school, German Realschule or Gymnasium, etc.)",FormalEducation,Associate degree,17.22195905047634,-4752.610493156019
EducationParents,"Secondary school (e.g. American high school, German Realschule or Gymnasium, etc.)",FormalEducation,"Professional degree (JD, MD, etc.)",17.22195905047634,-9923.526874218976
EducationParents,"Secondary school (e.g. American high school, German Realschule or Gymnasium, etc.)",FormalEducation,Primary/elementary school,17.22195905047634,43034.06373812435
EducationParents,"Secondary school (e.g. American high school, German Realschule or Gymnasium, etc.)",FormalEducation,"Other doctoral degree (Ph.D, Ed.D., etc.)",17.22195905047634,-2747.266097499587
EducationParents,"Secondary school (e.g. American high school, German Realschule or Gymnasium, etc.)",FormalEducation,I never completed any formal education,17.22195905047634,255572.2021022969
EducationParents,"Secondary school (e.g. American high school, German Realschule or Gymnasium, etc.)",UndergradMajor,"A natural science (ex. biology, chemistry, physics)",17.22195905047634,18498.12051773355
EducationParents,"Secondary school (e.g. American high school, German Realschule or Gymnasium, etc.)",UndergradMajor,"Computer science, computer engineering, or software engineering",17.22195905047634,3128.503716611962
EducationParents,"Secondary school (e.g. American high school, German Realschule or Gymnasium, etc.)",UndergradMajor,"Fine arts or performing arts (ex. graphic design, music, studio art)",17.22195905047634,-36249.56567044155
EducationParents,"Secondary school (e.g. American high school, German Realschule or Gymnasium, etc.)",UndergradMajor,"A business discipline (ex. accounting, finance, marketing)",17.22195905047634,-3197.610010896945
EducationParents,"Secondary school (e.g. American high school, German Realschule or Gymnasium, etc.)",UndergradMajor,"Another engineering discipline (ex. civil, electrical, mechanical)",17.22195905047634,-17087.458881897597
EducationParents,"Secondary school (e.g. American high school, German Realschule or Gymnasium, etc.)",UndergradMajor,"Information systems, information technology, or system administration",17.22195905047634,10545.641525287321
EducationParents,"Secondary school (e.g. American high school, German Realschule or Gymnasium, etc.)",UndergradMajor,"A social science (ex. anthropology, psychology, political science)",17.22195905047634,-17090.713181310664
EducationParents,"Secondary school (e.g. American high school, German Realschule or Gymnasium, etc.)",UndergradMajor,Web development or web design,17.22195905047634,-11340.811216042048
EducationParents,"Secondary school (e.g. American high school, German Realschule or Gymnasium, etc.)",UndergradMajor,"A humanities discipline (ex. literature, history, philosophy)",17.22195905047634,29843.38142866744
EducationParents,"Secondary school (e.g. American high school, German Realschule or Gymnasium, etc.)",UndergradMajor,Mathematics or statistics,17.22195905047634,9362.71699693153
EducationParents,"Secondary school (e.g. American high school, German Realschule or Gymnasium, etc.)",UndergradMajor,"A health science (ex. nursing, pharmacy, radiology)",17.22195905047634,-36739.876662378214
EducationParents,"Secondary school (e.g. American high school, German Realschule or Gymnasium, etc.)",UndergradMajor,I never declared a major,17.22195905047634,-12177.578902427758
EducationParents,"Secondary school (e.g. American high school, German Realschule or Gymnasium, etc.)",Hobby,Yes,17.22195905047634,-752799.2307332617
EducationParents,"Secondary school (e.g. American high school, German Realschule or Gymnasium, etc.)",Hobby,No,17.22195905047634,-7.936301481161413e+19
EducationParents,"Master’s degree (MA, MS, M.Eng., MBA, etc.)",Exercise,Daily or almost every day,22.482762250644768,10958.336181904855
EducationParents,"Master’s degree (MA, MS, M.Eng., MBA, etc.)",Exercise,1 - 2 times per week,22.482762250644768,-7977.4103038829335
EducationParents,"Master’s degree (MA, MS, M.Eng., MBA, etc.)",Exercise,I don't typically exercise,22.482762250644768,-15956.997720825118
EducationParents,"Master’s degree (MA, MS, M.Eng., MBA, etc.)",Exercise,3 - 4 times per week,22.482762250644768,1372.6256923340095
EducationParents,"Master’s degree (MA, MS, M.Eng., MBA, etc.)",HoursComputer,5 - 8 hours,22.482762250644768,568.2930663734304
EducationParents,"Master’s degree (MA, MS, M.Eng., MBA, etc.)",HoursComputer,9 - 12 hours,22.482762250644768,2837.4807089926994
EducationParents,"Master’s degree (MA, MS, M.Eng., MBA, etc.)",HoursComputer,Over 12 hours,22.482762250644768,-2440.4473552072945
EducationParents,"Master’s degree (MA, MS, M.Eng., MBA, etc.)",HoursComputer,1 - 4 hours,22.482762250644768,-21501.50425067711
EducationParents,"Master’s degree (MA, MS, M.Eng., MBA, etc.)",HoursComputer,Less than 1 hour,22.482762250644768,67209.36959034808
EducationParents,"Master’s degree (MA, MS, M.Eng., MBA, etc.)",DevType,Database administrator,22.482762250644768,-27086.844120313184
EducationParents,"Master’s degree (MA, MS, M.Eng., MBA, etc.)",DevType,Back-end developer,22.482762250644768,12511.735922452457
EducationParents,"Master’s degree (MA, MS, M.Eng., MBA, etc.)",DevType,Mobile developer,22.482762250644768,-8240.642863863299
EducationParents,"Master’s degree (MA, MS, M.Eng., MBA, etc.)",DevType,Front-end developer,22.482762250644768,2171.3732515015076
EducationParents,"Master’s degree (MA, MS, M.Eng., MBA, etc.)",DevType,Full-stack developer,22.482762250644768,-8119.641485492977
EducationParents,"Master’s degree (MA, MS, M.Eng., MBA, etc.)",DevType,Designer,22.482762250644768,-31358.57881907522
EducationParents,"Master’s degree (MA, MS, M.Eng., MBA, etc.)",DevType,Embedded applications or devices developer,22.482762250644768,27058.329269505703
EducationParents,"Master’s degree (MA, MS, M.Eng., MBA, etc.)",DevType,Engineering manager,22.482762250644768,62671.42247414617
EducationParents,"Master’s degree (MA, MS, M.Eng., MBA, etc.)",DevType,Data scientist or machine learning specialist,22.482762250644768,-19289.684952872172
EducationParents,"Master’s degree (MA, MS, M.Eng., MBA, etc.)",DevType,Desktop or enterprise applications developer,22.482762250644768,-8299.85391943812
EducationParents,"Master’s degree (MA, MS, M.Eng., MBA, etc.)",DevType,"C-suite executive (CEO, CTO, etc.)",22.482762250644768,45535.75002972733
EducationParents,"Master’s degree (MA, MS, M.Eng., MBA, etc.)",DevType,QA or test developer,22.482762250644768,-7805.184842453955
EducationParents,"Master’s degree (MA, MS, M.Eng., MBA, etc.)",DevType,System administrator,22.482762250644768,34315.99559046712
EducationParents,"Master’s degree (MA, MS, M.Eng., MBA, etc.)",DevType,Data or business analyst,22.482762250644768,1083.9098900646966
EducationParents,"Master’s degree (MA, MS, M.Eng., MBA, etc.)",DevType,DevOps specialist,22.482762250644768,35510.46530886541
EducationParents,"Master’s degree (MA, MS, M.Eng., MBA, etc.)",DevType,Educator or academic researcher,22.482762250644768,-20641.723762804893
EducationParents,"Master’s degree (MA, MS, M.Eng., MBA, etc.)",DevType,Student,22.482762250644768,-47784.160082959665
EducationParents,"Master’s degree (MA, MS, M.Eng., MBA, etc.)",DevType,Game or graphics developer,22.482762250644768,-27114.866699736638
EducationParents,"Master’s degree (MA, MS, M.Eng., MBA, etc.)",DevType,Product manager,22.482762250644768,-22686.457193566923
EducationParents,"Master’s degree (MA, MS, M.Eng., MBA, etc.)",DevType,Marketing or sales professional,22.482762250644768,0.0
EducationParents,"Master’s degree (MA, MS, M.Eng., MBA, etc.)",FormalEducation,"Bachelor’s degree (BA, BS, B.Eng., etc.)",22.482762250644768,1445.2797668921544
EducationParents,"Master’s degree (MA, MS, M.Eng., MBA, etc.)",FormalEducation,Some college/university study without earning a degree,22.482762250644768,-13749.05272422465
EducationParents,"Master’s degree (MA, MS, M.Eng., MBA, etc.)",FormalEducation,"Secondary school (e.g. American high school, German Realschule or Gymnasium, etc.)",22.482762250644768,-15614.64907539189
EducationParents,"Master’s degree (MA, MS, M.Eng., MBA, etc.)",FormalEducation,"Master’s degree (MA, MS, M.Eng., MBA, etc.)",22.482762250644768,8389.045506899485
EducationParents,"Master’s degree (MA, MS, M.Eng., MBA, etc.)",FormalEducation,Associate degree,22.482762250644768,-26020.32004847058
EducationParents,"Master’s degree (MA, MS, M.Eng., MBA, etc.)",FormalEducation,"Professional degree (JD, MD, etc.)",22.482762250644768,32747.489087618007
EducationParents,"Master’s degree (MA, MS, M.Eng., MBA, etc.)",FormalEducation,Primary/elementary school,22.482762250644768,-40038.259048260414
EducationParents,"Master’s degree (MA, MS, M.Eng., MBA, etc.)",FormalEducation,"Other doctoral degree (Ph.D, Ed.D., etc.)",22.482762250644768,2635.8755579309814
EducationParents,"Master’s degree (MA, MS, M.Eng., MBA, etc.)",FormalEducation,I never completed any formal education,22.482762250644768,36094.46546948166
EducationParents,"Master’s degree (MA, MS, M.Eng., MBA, etc.)",UndergradMajor,"A natural science (ex. biology, chemistry, physics)",22.482762250644768,5166.015594551173
EducationParents,"Master’s degree (MA, MS, M.Eng., MBA, etc.)",UndergradMajor,"Computer science, computer engineering, or software engineering",22.482762250644768,2351.0971362974333
EducationParents,"Master’s degree (MA, MS, M.Eng., MBA, etc.)",UndergradMajor,"Fine arts or performing arts (ex. graphic design, music, studio art)",22.482762250644768,17547.694170721483
EducationParents,"Master’s degree (MA, MS, M.Eng., MBA, etc.)",UndergradMajor,"A business discipline (ex. accounting, finance, marketing)",22.482762250644768,-24270.62916187919
EducationParents,"Master’s degree (MA, MS, M.Eng., MBA, etc.)",UndergradMajor,"Another engineering discipline (ex. civil, electrical, mechanical)",22.482762250644768,-9986.334480679514
EducationParents,"Master’s degree (MA, MS, M.Eng., MBA, etc.)",UndergradMajor,"Information systems, information technology, or system administration",22.482762250644768,15987.93592054996
EducationParents,"Master’s degree (MA, MS, M.Eng., MBA, etc.)",UndergradMajor,"A social science (ex. anthropology, psychology, political science)",22.482762250644768,-4251.252622246858
EducationParents,"Master’s degree (MA, MS, M.Eng., MBA, etc.)",UndergradMajor,Web development or web design,22.482762250644768,-21186.291650697487
EducationParents,"Master’s degree (MA, MS, M.Eng., MBA, etc.)",UndergradMajor,"A humanities discipline (ex. literature, history, philosophy)",22.482762250644768,1468.8006819142463
EducationParents,"Master’s degree (MA, MS, M.Eng., MBA, etc.)",UndergradMajor,Mathematics or statistics,22.482762250644768,8179.205643488845
EducationParents,"Master’s degree (MA, MS, M.Eng., MBA, etc.)",UndergradMajor,"A health science (ex. nursing, pharmacy, radiology)",22.482762250644768,16807.076648251346
EducationParents,"Master’s degree (MA, MS, M.Eng., MBA, etc.)",UndergradMajor,I never declared a major,22.482762250644768,-41580.88895072485
EducationParents,"Master’s degree (MA, MS, M.Eng., MBA, etc.)",Hobby,Yes,22.482762250644768,0.0
EducationParents,"Master’s degree (MA, MS, M.Eng., MBA, etc.)",Hobby,No,22.482762250644768,-4.488412779162431e+19
EducationParents,Some college/university study without earning a degree,Exercise,Daily or almost every day,9.182062213800727,-20983.397290014367
EducationParents,Some college/university study without earning a degree,Exercise,1 - 2 times per week,9.182062213800727,-869.6156814820168
EducationParents,Some college/university study without earning a degree,Exercise,I don't typically exercise,9.182062213800727,-6057.33077288325
EducationParents,Some college/university study without earning a degree,Exercise,3 - 4 times per week,9.182062213800727,14424.141169921782
EducationParents,Some college/university study without earning a degree,HoursComputer,5 - 8 hours,9.182062213800727,12173.019037009608
EducationParents,Some college/university study without earning a degree,HoursComputer,9 - 12 hours,9.182062213800727,-20850.267948455934
EducationParents,Some college/university study without earning a degree,HoursComputer,Over 12 hours,9.182062213800727,-18028.73058294213
EducationParents,Some college/university study without earning a degree,HoursComputer,1 - 4 hours,9.182062213800727,982.0447167051645
EducationParents,Some college/university study without earning a degree,HoursComputer,Less than 1 hour,9.182062213800727,-59086.28014539501
EducationParents,Some college/university study without earning a degree,DevType,Database administrator,9.182062213800727,76980.214012983
EducationParents,Some college/university study without earning a degree,DevType,Back-end developer,9.182062213800727,8018.619662694046
EducationParents,Some college/university study without earning a degree,DevType,Mobile developer,9.182062213800727,13772.025640495915
EducationParents,Some college/university study without earning a degree,DevType,Front-end developer,9.182062213800727,-4140.854840888443
EducationParents,Some college/university study without earning a degree,DevType,Full-stack developer,9.182062213800727,-2879.5967277628197
EducationParents,Some college/university study without earning a degree,DevType,Designer,9.182062213800727,-29671.711333331692
EducationParents,Some college/university study without earning a degree,DevType,Embedded applications or devices developer,9.182062213800727,-22211.779346223208
EducationParents,Some college/university study without earning a degree,DevType,Engineering manager,9.182062213800727,-6156.1043859508
EducationParents,Some college/university study without earning a degree,DevType,Data scientist or machine learning specialist,9.182062213800727,-23741.560896259325
EducationParents,Some college/university study without earning a degree,DevType,Desktop or enterprise applications developer,9.182062213800727,13100.70499347559
EducationParents,Some college/university study without earning a degree,DevType,"C-suite executive (CEO, CTO, etc.)",9.182062213800727,29610.138227685922
EducationParents,Some college/university study without earning a degree,DevType,QA or test developer,9.182062213800727,-50126.934700003934
EducationParents,Some college/university study without earning a degree,DevType,System administrator,9.182062213800727,-55881.91375910967
EducationParents,Some college/university study without earning a degree,DevType,Data or business analyst,9.182062213800727,-21019.338638989204
EducationParents,Some college/university study without earning a degree,DevType,DevOps specialist,9.182062213800727,9270.594132472428
EducationParents,Some college/university study without earning a degree,DevType,Educator or academic researcher,9.182062213800727,15954.324177145307
EducationParents,Some college/university study without earning a degree,DevType,Student,9.182062213800727,-28943.051557086877
EducationParents,Some college/university study without earning a degree,DevType,Game or graphics developer,9.182062213800727,69410.92093056494
EducationParents,Some college/university study without earning a degree,DevType,Product manager,9.182062213800727,-67924.49205382822
EducationParents,Some college/university study without earning a degree,DevType,Marketing or sales professional,9.182062213800727,-113384.29053108949
EducationParents,Some college/university study without earning a degree,FormalEducation,"Bachelor’s degree (BA, BS, B.Eng., etc.)",9.182062213800727,-6204.703956607204
EducationParents,Some college/university study without earning a degree,FormalEducation,Some college/university study without earning a degree,9.182062213800727,16981.66288764227
EducationParents,Some college/university study without earning a degree,FormalEducation,"Secondary school (e.g. American high school, German Realschule or Gymnasium, etc.)",9.182062213800727,-20572.365902983267
EducationParents,Some college/university study without earning a degree,FormalEducation,"Master’s degree (MA, MS, M.Eng., MBA, etc.)",9.182062213800727,-1914.5616916086556
EducationParents,Some college/university study without earning a degree,FormalEducation,Associate degree,9.182062213800727,4274.565284250128
EducationParents,Some college/university study without earning a degree,FormalEducation,"Professional degree (JD, MD, etc.)",9.182062213800727,20378.084104761947
EducationParents,Some college/university study without earning a degree,FormalEducation,Primary/elementary school,9.182062213800727,-30781.117413319767
EducationParents,Some college/university study without earning a degree,FormalEducation,"Other doctoral degree (Ph.D, Ed.D., etc.)",9.182062213800727,47412.0341781402
EducationParents,Some college/university study without earning a degree,FormalEducation,I never completed any formal education,9.182062213800727,27428.341185194335
EducationParents,Some college/university study without earning a degree,UndergradMajor,"A natural science (ex. biology, chemistry, physics)",9.182062213800727,-19110.612360553154
EducationParents,Some college/university study without earning a degree,UndergradMajor,"Computer science, computer engineering, or software engineering",9.182062213800727,-2347.429679091405
EducationParents,Some college/university study without earning a degree,UndergradMajor,"Fine arts or performing arts (ex. graphic design, music, studio art)",9.182062213800727,596.2527966140464
EducationParents,Some college/university study without earning a degree,UndergradMajor,"A business discipline (ex. accounting, finance, marketing)",9.182062213800727,-23330.19899927625
EducationParents,Some college/university study without earning a degree,UndergradMajor,"Another engineering discipline (ex. civil, electrical, mechanical)",9.182062213800727,-11049.959745610371
EducationParents,Some college/university study without earning a degree,UndergradMajor,"Information systems, information technology, or system administration",9.182062213800727,-13226.974889148569
EducationParents,Some college/university study without earning a degree,UndergradMajor,"A social science (ex. anthropology, psychology, political science)",9.182062213800727,53606.219071547675
EducationParents,Some college/university study without earning a degree,UndergradMajor,Web development or web design,9.182062213800727,-38697.413887068724
EducationParents,Some college/university study without earning a degree,UndergradMajor,"A humanities discipline (ex. literature, history, philosophy)",9.182062213800727,-11865.126303411114
EducationParents,Some college/university study without earning a degree,UndergradMajor,Mathematics or statistics,9.182062213800727,17421.619099631574
EducationParents,Some college/university study without earning a degree,UndergradMajor,"A health science (ex. nursing, pharmacy, radiology)",9.182062213800727,57857.85306976885
EducationParents,Some college/university study without earning a degree,UndergradMajor,I never declared a major,9.182062213800727,153538.1279614464
EducationParents,Some college/university study without earning a degree,Hobby,Yes,9.182062213800727,-1.0771016973224313e+20
EducationParents,Some college/university study without earning a degree,Hobby,No,9.182062213800727,-3473398.818484691
EducationParents,Associate degree,Exercise,Daily or almost every day,4.908153060687405,-6437.171638420856
EducationParents,Associate degree,Exercise,1 - 2 times per week,4.908153060687405,934.0412218014907
EducationParents,Associate degree,Exercise,I don't typically exercise,4.908153060687405,2988.2775174401218
EducationParents,Associate degree,Exercise,3 - 4 times per week,4.908153060687405,-4411.629712423656
EducationParents,Associate degree,HoursComputer,5 - 8 hours,4.908153060687405,-17083.099541185496
EducationParents,Associate degree,HoursComputer,9 - 12 hours,4.908153060687405,27643.597988298076
EducationParents,Associate degree,HoursComputer,Over 12 hours,4.908153060687405,27551.261387445957
EducationParents,Associate degree,HoursComputer,1 - 4 hours,4.908153060687405,3224.2255747267136
EducationParents,Associate degree,HoursComputer,Less than 1 hour,4.908153060687405,-44439.23548780767
EducationParents,Associate degree,DevType,Database administrator,4.908153060687405,97050.47781944128
EducationParents,Associate degree,DevType,Back-end developer,4.908153060687405,4114.319097172424
EducationParents,Associate degree,DevType,Mobile developer,4.908153060687405,-17439.0995680596
EducationParents,Associate degree,DevType,Front-end developer,4.908153060687405,-19765.98909483257
EducationParents,Associate degree,DevType,Full-stack developer,4.908153060687405,-1682.9104881408696
EducationParents,Associate degree,DevType,Designer,4.908153060687405,-34335.101964548725
EducationParents,Associate degree,DevType,Embedded applications or devices developer,4.908153060687405,40915.313068733216
EducationParents,Associate degree,DevType,Engineering manager,4.908153060687405,-11730.96531431916
EducationParents,Associate degree,DevType,Data scientist or machine learning specialist,4.908153060687405,26016.573070381994
EducationParents,Associate degree,DevType,Desktop or enterprise applications developer,4.908153060687405,-11742.546229507194
EducationParents,Associate degree,DevType,"C-suite executive (CEO, CTO, etc.)",4.908153060687405,-24229.364948270006
EducationParents,Associate degree,DevType,QA or test developer,4.908153060687405,-19273.87021152941
EducationParents,Associate degree,DevType,System administrator,4.908153060687405,-32003.001169539162
EducationParents,Associate degree,DevType,Data or business analyst,4.908153060687405,6055.572537686076
EducationParents,Associate degree,DevType,DevOps specialist,4.908153060687405,26961.57966406336
EducationParents,Associate degree,DevType,Educator or academic researcher,4.908153060687405,-11500.011699018898
EducationParents,Associate degree,DevType,Student,4.908153060687405,-16138.945949408044
EducationParents,Associate degree,DevType,Game or graphics developer,4.908153060687405,-45752.73638587758
EducationParents,Associate degree,DevType,Product manager,4.908153060687405,0.0
EducationParents,Associate degree,DevType,Marketing or sales professional,4.908153060687405,22799.53576435988
EducationParents,Associate degree,FormalEducation,"Bachelor’s degree (BA, BS, B.Eng., etc.)",4.908153060687405,16150.399199151689
EducationParents,Associate degree,FormalEducation,Some college/university study without earning a degree,4.908153060687405,-17629.995911273218
EducationParents,Associate degree,FormalEducation,"Secondary school (e.g. American high school, German Realschule or Gymnasium, etc.)",4.908153060687405,-7736.179351120278
EducationParents,Associate degree,FormalEducation,"Master’s degree (MA, MS, M.Eng., MBA, etc.)",4.908153060687405,-5427.26721649747
EducationParents,Associate degree,FormalEducation,Associate degree,4.908153060687405,11940.190044427452
EducationParents,Associate degree,FormalEducation,"Professional degree (JD, MD, etc.)",4.908153060687405,-21131.362213283835
EducationParents,Associate degree,FormalEducation,Primary/elementary school,4.908153060687405,74663.17979722237
EducationParents,Associate degree,FormalEducation,"Other doctoral degree (Ph.D, Ed.D., etc.)",4.908153060687405,-32930.28519242976
EducationParents,Associate degree,FormalEducation,I never completed any formal education,4.908153060687405,-30469.297531236083
EducationParents,Associate degree,UndergradMajor,"A natural science (ex. biology, chemistry, physics)",4.908153060687405,-6367.029457262287
EducationParents,Associate degree,UndergradMajor,"Computer science, computer engineering, or software engineering",4.908153060687405,-4882.309190393287
EducationParents,Associate degree,UndergradMajor,"Fine arts or performing arts (ex. graphic design, music, studio art)",4.908153060687405,-17921.77091659316
EducationParents,Associate degree,UndergradMajor,"A business discipline (ex. accounting, finance, marketing)",4.908153060687405,84051.21133471189
EducationParents,Associate degree,UndergradMajor,"Another engineering discipline (ex. civil, electrical, mechanical)",4.908153060687405,48245.276529093535
EducationParents,Associate degree,UndergradMajor,"Information systems, information technology, or system administration",4.908153060687405,-18766.169103045348
EducationParents,Associate degree,UndergradMajor,"A social science (ex. anthropology, psychology, political science)",4.908153060687405,-20727.34548592088
EducationParents,Associate degree,UndergradMajor,Web development or web design,4.908153060687405,5237.8940759507295
EducationParents,Associate degree,UndergradMajor,"A humanities discipline (ex. literature, history, philosophy)",4.908153060687405,-11137.867542971533
EducationParents,Associate degree,UndergradMajor,Mathematics or statistics,4.908153060687405,-16473.953553314906
EducationParents,Associate degree,UndergradMajor,"A health science (ex. nursing, pharmacy, radiology)",4.908153060687405,-24562.551645473508
EducationParents,Associate degree,UndergradMajor,I never declared a major,4.908153060687405,-50305.34093417355
EducationParents,Associate degree,Hobby,Yes,4.908153060687405,219475.48978037375
EducationParents,Associate degree,Hobby,No,4.908153060687405,-295560.79657693475
EducationParents,They never completed any formal education,Exercise,Daily or almost every day,1.4711300594768146,-20362.275196479146
EducationParents,They never completed any formal education,Exercise,1 - 2 times per week,1.4711300594768146,5059.772968384239
EducationParents,They never completed any formal education,Exercise,I don't typically exercise,1.4711300594768146,-26743.082361225603
EducationParents,They never completed any formal education,Exercise,3 - 4 times per week,1.4711300594768146,26839.18884352767
EducationParents,They never completed any formal education,HoursComputer,5 - 8 hours,1.4711300594768146,52893.67136865647
EducationParents,They never completed any formal education,HoursComputer,9 - 12 hours,1.4711300594768146,42868.731753960805
EducationParents,They never completed any formal education,HoursComputer,Over 12 hours,1.4711300594768146,-44328.95277719781
EducationParents,They never completed any formal education,HoursComputer,1 - 4 hours,1.4711300594768146,-29270.39818241766
EducationParents,They never completed any formal education,HoursComputer,Less than 1 hour,1.4711300594768146,-40326.02596126688
EducationParents,They never completed any formal education,DevType,Database administrator,1.4711300594768146,172416.1322649738
EducationParents,They never completed any formal education,DevType,Back-end developer,1.4711300594768146,-52135.00284328733
EducationParents,They never completed any formal education,DevType,Mobile developer,1.4711300594768146,315.21366861631117
EducationParents,They never completed any formal education,DevType,Front-end developer,1.4711300594768146,44811.89652065027
EducationParents,They never completed any formal education,DevType,Full-stack developer,1.4711300594768146,28801.89791004114
EducationParents,They never completed any formal education,DevType,Designer,1.4711300594768146,-33768.55597422911
EducationParents,They never completed any formal education,DevType,Embedded applications or devices developer,1.4711300594768146,-28164.491947923627
EducationParents,They never completed any formal education,DevType,Engineering manager,1.4711300594768146,-68845.42940711003
EducationParents,They never completed any formal education,DevType,Data scientist or machine learning specialist,1.4711300594768146,15656.459215063416
EducationParents,They never completed any formal education,DevType,Desktop or enterprise applications developer,1.4711300594768146,60829.77613910152
EducationParents,They never completed any formal education,DevType,"C-suite executive (CEO, CTO, etc.)",1.4711300594768146,-57237.012406247275
EducationParents,They never completed any formal education,DevType,QA or test developer,1.4711300594768146,-56771.760393084485
EducationParents,They never completed any formal education,DevType,System administrator,1.4711300594768146,-24562.52120414568
EducationParents,They never completed any formal education,DevType,Data or business analyst,1.4711300594768146,-69810.6910787769
EducationParents,They never completed any formal education,DevType,DevOps specialist,1.4711300594768146,6785.015323086246
EducationParents,They never completed any formal education,DevType,Educator or academic researcher,1.4711300594768146,82348.67970729808
EducationParents,They never completed any formal education,DevType,Student,1.4711300594768146,-79723.38254951657
EducationParents,They never completed any formal education,DevType,Game or graphics developer,1.4711300594768146,-20258.74078806601
EducationParents,They never completed any formal education,DevType,Product manager,1.4711300594768146,-32550.389050999187
EducationParents,They never completed any formal education,DevType,Marketing or sales professional,1.4711300594768146,-28170.03261158028
EducationParents,They never completed any formal education,FormalEducation,"Bachelor’s degree (BA, BS, B.Eng., etc.)",1.4711300594768146,-14329.433406460357
EducationParents,They never completed any formal education,FormalEducation,Some college/university study without earning a degree,1.4711300594768146,43331.52136605538
EducationParents,They never completed any formal education,FormalEducation,"Secondary school (e.g. American high school, German Realschule or Gymnasium, etc.)",1.4711300594768146,-41498.590093720326
EducationParents,They never completed any formal education,FormalEducation,"Master’s degree (MA, MS, M.Eng., MBA, etc.)",1.4711300594768146,12757.176457746447
EducationParents,They never completed any formal education,FormalEducation,Associate degree,1.4711300594768146,53725.35702537154
EducationParents,They never completed any formal education,FormalEducation,"Professional degree (JD, MD, etc.)",1.4711300594768146,57248.59620004986
EducationParents,They never completed any formal education,FormalEducation,Primary/elementary school,1.4711300594768146,-113416.4071913388
EducationParents,They never completed any formal education,FormalEducation,"Other doctoral degree (Ph.D, Ed.D., etc.)",1.4711300594768146,151464.3628724053
EducationParents,They never completed any formal education,FormalEducation,I never completed any formal education,1.4711300594768146,-84882.56269010348
EducationParents,They never completed any formal education,UndergradMajor,"A natural science (ex. biology, chemistry, physics)",1.4711300594768146,153661.3031324034
EducationParents,They never completed any formal education,UndergradMajor,"Computer science, computer engineering, or software engineering",1.4711300594768146,-25412.989889676115
EducationParents,They never completed any formal education,UndergradMajor,"Fine arts or performing arts (ex. graphic design, music, studio art)",1.4711300594768146,-30044.652803994322
EducationParents,They never completed any formal education,UndergradMajor,"A business discipline (ex. accounting, finance, marketing)",1.4711300594768146,-58014.625154674555
EducationParents,They never completed any formal education,UndergradMajor,"Another engineering discipline (ex. civil, electrical, mechanical)",1.4711300594768146,34869.8651340663
EducationParents,They never completed any formal education,UndergradMajor,"Information systems, information technology, or system administration",1.4711300594768146,-22414.824873409118
EducationParents,They never completed any formal education,UndergradMajor,"A social science (ex. anthropology, psychology, political science)",1.4711300594768146,452935.6135222904
EducationParents,They never completed any formal education,UndergradMajor,Web development or web design,1.4711300594768146,-8384.576366440193
EducationParents,They never completed any formal education,UndergradMajor,"A humanities discipline (ex. literature, history, philosophy)",1.4711300594768146,-110977.89516440082
EducationParents,They never completed any formal education,UndergradMajor,Mathematics or statistics,1.4711300594768146,-50256.115294199946
EducationParents,They never completed any formal education,UndergradMajor,"A health science (ex. nursing, pharmacy, radiology)",1.4711300594768146,-45884.90354291995
EducationParents,They never completed any formal education,UndergradMajor,I never declared a major,1.4711300594768146,-54093.44664199044
EducationParents,They never completed any formal education,Hobby,Yes,1.4711300594768146,585612.1489366778
EducationParents,They never completed any formal education,Hobby,No,1.4711300594768146,-406000.8675424348
EducationParents,"Other doctoral degree (Ph.D, Ed.D., etc.)",Exercise,Daily or almost every day,6.295068161482183,-21985.776812840937
EducationParents,"Other doctoral degree (Ph.D, Ed.D., etc.)",Exercise,1 - 2 times per week,6.295068161482183,2962.4146806213853
EducationParents,"Other doctoral degree (Ph.D, Ed.D., etc.)",Exercise,I don't typically exercise,6.295068161482183,-34580.58387903948
EducationParents,"Other doctoral degree (Ph.D, Ed.D., etc.)",Exercise,3 - 4 times per week,6.295068161482183,19519.392779046873
EducationParents,"Other doctoral degree (Ph.D, Ed.D., etc.)",HoursComputer,5 - 8 hours,6.295068161482183,21184.51646852408
EducationParents,"Other doctoral degree (Ph.D, Ed.D., etc.)",HoursComputer,9 - 12 hours,6.295068161482183,-19589.550635990603
EducationParents,"Other doctoral degree (Ph.D, Ed.D., etc.)",HoursComputer,Over 12 hours,6.295068161482183,-60260.87474782662
EducationParents,"Other doctoral degree (Ph.D, Ed.D., etc.)",HoursComputer,1 - 4 hours,6.295068161482183,-30521.934464760598
EducationParents,"Other doctoral degree (Ph.D, Ed.D., etc.)",HoursComputer,Less than 1 hour,6.295068161482183,-59976.144134074006
EducationParents,"Other doctoral degree (Ph.D, Ed.D., etc.)",DevType,Database administrator,6.295068161482183,-24978.649653832097
EducationParents,"Other doctoral degree (Ph.D, Ed.D., etc.)",DevType,Back-end developer,6.295068161482183,9862.118503784292
EducationParents,"Other doctoral degree (Ph.D, Ed.D., etc.)",DevType,Mobile developer,6.295068161482183,26062.40204987298
EducationParents,"Other doctoral degree (Ph.D, Ed.D., etc.)",DevType,Front-end developer,6.295068161482183,12747.484790935516
EducationParents,"Other doctoral degree (Ph.D, Ed.D., etc.)",DevType,Full-stack developer,6.295068161482183,-17730.91378583849
EducationParents,"Other doctoral degree (Ph.D, Ed.D., etc.)",DevType,Designer,6.295068161482183,-1651.3737024992697
EducationParents,"Other doctoral degree (Ph.D, Ed.D., etc.)",DevType,Embedded applications or devices developer,6.295068161482183,-18936.73099753911
EducationParents,"Other doctoral degree (Ph.D, Ed.D., etc.)",DevType,Engineering manager,6.295068161482183,46193.79727610898
EducationParents,"Other doctoral degree (Ph.D, Ed.D., etc.)",DevType,Data scientist or machine learning specialist,6.295068161482183,18101.652593676383
EducationParents,"Other doctoral degree (Ph.D, Ed.D., etc.)",DevType,Desktop or enterprise applications developer,6.295068161482183,-23243.246228180215
EducationParents,"Other doctoral degree (Ph.D, Ed.D., etc.)",DevType,"C-suite executive (CEO, CTO, etc.)",6.295068161482183,113401.71886064952
EducationParents,"Other doctoral degree (Ph.D, Ed.D., etc.)",DevType,QA or test developer,6.295068161482183,-29095.622710137814
EducationParents,"Other doctoral degree (Ph.D, Ed.D., etc.)",DevType,System administrator,6.295068161482183,104901.64041107339
EducationParents,"Other doctoral degree (Ph.D, Ed.D., etc.)",DevType,Data or business analyst,6.295068161482183,-28876.645380298847
EducationParents,"Other doctoral degree (Ph.D, Ed.D., etc.)",DevType,DevOps specialist,6.295068161482183,-21637.56625993724
EducationParents,"Other doctoral degree (Ph.D, Ed.D., etc.)",DevType,Educator or academic researcher,6.295068161482183,-23875.723268449787
EducationParents,"Other doctoral degree (Ph.D, Ed.D., etc.)",DevType,Student,6.295068161482183,-77683.63079896432
EducationParents,"Other doctoral degree (Ph.D, Ed.D., etc.)",DevType,Game or graphics developer,6.295068161482183,-29767.52303157853
EducationParents,"Other doctoral degree (Ph.D, Ed.D., etc.)",DevType,Product manager,6.295068161482183,9428.198771011008
EducationParents,"Other doctoral degree (Ph.D, Ed.D., etc.)",DevType,Marketing or sales professional,6.295068161482183,-59500.0278295068
EducationParents,"Other doctoral degree (Ph.D, Ed.D., etc.)",FormalEducation,"Bachelor’s degree (BA, BS, B.Eng., etc.)",6.295068161482183,-10992.515473755213
EducationParents,"Other doctoral degree (Ph.D, Ed.D., etc.)",FormalEducation,Some college/university study without earning a degree,6.295068161482183,-5713.5331401000185
EducationParents,"Other doctoral degree (Ph.D, Ed.D., etc.)",FormalEducation,"Secondary school (e.g. American high school, German Realschule or Gymnasium, etc.)",6.295068161482183,-40398.018554366725
EducationParents,"Other doctoral degree (Ph.D, Ed.D., etc.)",FormalEducation,"Master’s degree (MA, MS, M.Eng., MBA, etc.)",6.295068161482183,6023.772909736908
EducationParents,"Other doctoral degree (Ph.D, Ed.D., etc.)",FormalEducation,Associate degree,6.295068161482183,-26448.43140604699
EducationParents,"Other doctoral degree (Ph.D, Ed.D., etc.)",FormalEducation,"Professional degree (JD, MD, etc.)",6.295068161482183,44029.955424682514
EducationParents,"Other doctoral degree (Ph.D, Ed.D., etc.)",FormalEducation,Primary/elementary school,6.295068161482183,-73834.49936137917
EducationParents,"Other doctoral degree (Ph.D, Ed.D., etc.)",FormalEducation,"Other doctoral degree (Ph.D, Ed.D., etc.)",6.295068161482183,52817.14615309637
EducationParents,"Other doctoral degree (Ph.D, Ed.D., etc.)",FormalEducation,I never completed any formal education,6.295068161482183,5476.662810721184
EducationParents,"Other doctoral degree (Ph.D, Ed.D., etc.)",UndergradMajor,"A natural science (ex. biology, chemistry, physics)",6.295068161482183,20650.90130468973
EducationParents,"Other doctoral degree (Ph.D, Ed.D., etc.)",UndergradMajor,"Computer science, computer engineering, or software engineering",6.295068161482183,-3518.183257440898
EducationParents,"Other doctoral degree (Ph.D, Ed.D., etc.)",UndergradMajor,"Fine arts or performing arts (ex. graphic design, music, studio art)",6.295068161482183,-22324.906923381714
EducationParents,"Other doctoral degree (Ph.D, Ed.D., etc.)",UndergradMajor,"A business discipline (ex. accounting, finance, marketing)",6.295068161482183,-17614.772868476495
EducationParents,"Other doctoral degree (Ph.D, Ed.D., etc.)",UndergradMajor,"Another engineering discipline (ex. civil, electrical, mechanical)",6.295068161482183,2624.5189698611416
EducationParents,"Other doctoral degree (Ph.D, Ed.D., etc.)",UndergradMajor,"Information systems, information technology, or system administration",6.295068161482183,2084.109452705711
EducationParents,"Other doctoral degree (Ph.D, Ed.D., etc.)",UndergradMajor,"A social science (ex. anthropology, psychology, political science)",6.295068161482183,-23446.20790342296
EducationParents,"Other doctoral degree (Ph.D, Ed.D., etc.)",UndergradMajor,Web development or web design,6.295068161482183,14052.908222621956
EducationParents,"Other doctoral degree (Ph.D, Ed.D., etc.)",UndergradMajor,"A humanities discipline (ex. literature, history, philosophy)",6.295068161482183,28696.99711882899
EducationParents,"Other doctoral degree (Ph.D, Ed.D., etc.)",UndergradMajor,Mathematics or statistics,6.295068161482183,-17406.15852977368
EducationParents,"Other doctoral degree (Ph.D, Ed.D., etc.)",UndergradMajor,"A health science (ex. nursing, pharmacy, radiology)",6.295068161482183,-54760.81894750061
EducationParents,"Other doctoral degree (Ph.D, Ed.D., etc.)",UndergradMajor,I never declared a major,6.295068161482183,22292.73919047039
EducationParents,"Other doctoral degree (Ph.D, Ed.D., etc.)",Hobby,Yes,6.295068161482183,-3.801825119948371e+19
EducationParents,"Other doctoral degree (Ph.D, Ed.D., etc.)",Hobby,No,6.295068161482183,4.372492683901421e+19
EducationParents,"Professional degree (JD, MD, etc.)",Exercise,Daily or almost every day,4.455497657771462,13787.999987770194
EducationParents,"Professional degree (JD, MD, etc.)",Exercise,1 - 2 times per week,4.455497657771462,-1574.446542403148
EducationParents,"Professional degree (JD, MD, etc.)",Exercise,I don't typically exercise,4.455497657771462,-6842.281887922404
EducationParents,"Professional degree (JD, MD, etc.)",Exercise,3 - 4 times per week,4.455497657771462,8480.18717197841
EducationParents,"Professional degree (JD, MD, etc.)",HoursComputer,5 - 8 hours,4.455497657771462,24023.102671123437
EducationParents,"Professional degree (JD, MD, etc.)",HoursComputer,9 - 12 hours,4.455497657771462,-41174.14156303529
EducationParents,"Professional degree (JD, MD, etc.)",HoursComputer,Over 12 hours,4.455497657771462,-40399.8355432516
EducationParents,"Professional degree (JD, MD, etc.)",HoursComputer,1 - 4 hours,4.455497657771462,2395.1953118310744
EducationParents,"Professional degree (JD, MD, etc.)",HoursComputer,Less than 1 hour,4.455497657771462,-93029.70965577061
EducationParents,"Professional degree (JD, MD, etc.)",DevType,Database administrator,4.455497657771462,15379.587727757222
EducationParents,"Professional degree (JD, MD, etc.)",DevType,Back-end developer,4.455497657771462,16084.028001026858
EducationParents,"Professional degree (JD, MD, etc.)",DevType,Mobile developer,4.455497657771462,-4058.5446406231804
EducationParents,"Professional degree (JD, MD, etc.)",DevType,Front-end developer,4.455497657771462,12964.047825994823
EducationParents,"Professional degree (JD, MD, etc.)",DevType,Full-stack developer,4.455497657771462,-4747.311613730252
EducationParents,"Professional degree (JD, MD, etc.)",DevType,Designer,4.455497657771462,65932.80724718407
EducationParents,"Professional degree (JD, MD, etc.)",DevType,Embedded applications or devices developer,4.455497657771462,-3146.445963661337
EducationParents,"Professional degree (JD, MD, etc.)",DevType,Engineering manager,4.455497657771462,72039.625447728
EducationParents,"Professional degree (JD, MD, etc.)",DevType,Data scientist or machine learning specialist,4.455497657771462,-48973.12249619373
EducationParents,"Professional degree (JD, MD, etc.)",DevType,Desktop or enterprise applications developer,4.455497657771462,-42863.40995708892
EducationParents,"Professional degree (JD, MD, etc.)",DevType,"C-suite executive (CEO, CTO, etc.)",4.455497657771462,243790.6346570544
EducationParents,"Professional degree (JD, MD, etc.)",DevType,QA or test developer,4.455497657771462,-115574.05112965163
EducationParents,"Professional degree (JD, MD, etc.)",DevType,System administrator,4.455497657771462,-24026.418837345853
EducationParents,"Professional degree (JD, MD, etc.)",DevType,Data or business analyst,4.455497657771462,1448.0125858272822
EducationParents,"Professional degree (JD, MD, etc.)",DevType,DevOps specialist,4.455497657771462,-47313.35067421121
EducationParents,"Professional degree (JD, MD, etc.)",DevType,Educator or academic researcher,4.455497657771462,-107450.44635082956
EducationParents,"Professional degree (JD, MD, etc.)",DevType,Student,4.455497657771462,-82888.09665007179
EducationParents,"Professional degree (JD, MD, etc.)",DevType,Game or graphics developer,4.455497657771462,-111132.9306125607
EducationParents,"Professional degree (JD, MD, etc.)",DevType,Product manager,4.455497657771462,0.0
EducationParents,"Professional degree (JD, MD, etc.)",DevType,Marketing or sales professional,4.455497657771462,0.0
EducationParents,"Professional degree (JD, MD, etc.)",FormalEducation,"Bachelor’s degree (BA, BS, B.Eng., etc.)",4.455497657771462,15743.361826938908
EducationParents,"Professional degree (JD, MD, etc.)",FormalEducation,Some college/university study without earning a degree,4.455497657771462,-8288.463881426038
EducationParents,"Professional degree (JD, MD, etc.)",FormalEducation,"Secondary school (e.g. American high school, German Realschule or Gymnasium, etc.)",4.455497657771462,-28717.384067168063
EducationParents,"Professional degree (JD, MD, etc.)",FormalEducation,"Master’s degree (MA, MS, M.Eng., MBA, etc.)",4.455497657771462,-15135.050489934858
EducationParents,"Professional degree (JD, MD, etc.)",FormalEducation,Associate degree,4.455497657771462,-20753.686697887282
EducationParents,"Professional degree (JD, MD, etc.)",FormalEducation,"Professional degree (JD, MD, etc.)",4.455497657771462,-1177.6944360323014
EducationParents,"Professional degree (JD, MD, etc.)",FormalEducation,Primary/elementary school,4.455497657771462,-20856.004035608436
EducationParents,"Professional degree (JD, MD, etc.)",FormalEducation,"Other doctoral degree (Ph.D, Ed.D., etc.)",4.455497657771462,30845.98840281189
EducationParents,"Professional degree (JD, MD, etc.)",FormalEducation,I never completed any formal education,4.455497657771462,-10196.933539949334
EducationParents,"Professional degree (JD, MD, etc.)",UndergradMajor,"A natural science (ex. biology, chemistry, physics)",4.455497657771462,-12733.238889773784
EducationParents,"Professional degree (JD, MD, etc.)",UndergradMajor,"Computer science, computer engineering, or software engineering",4.455497657771462,2929.1533329387844
EducationParents,"Professional degree (JD, MD, etc.)",UndergradMajor,"Fine arts or performing arts (ex. graphic design, music, studio art)",4.455497657771462,3013.4081258763836
EducationParents,"Professional degree (JD, MD, etc.)",UndergradMajor,"A business discipline (ex. accounting, finance, marketing)",4.455497657771462,31966.05123182017
EducationParents,"Professional degree (JD, MD, etc.)",UndergradMajor,"Another engineering discipline (ex. civil, electrical, mechanical)",4.455497657771462,-6429.808158188564
EducationParents,"Professional degree (JD, MD, etc.)",UndergradMajor,"Information systems, information technology, or system administration",4.455497657771462,3875.374899787754
EducationParents,"Professional degree (JD, MD, etc.)",UndergradMajor,"A social science (ex. anthropology, psychology, political science)",4.455497657771462,-6825.150116902934
EducationParents,"Professional degree (JD, MD, etc.)",UndergradMajor,Web development or web design,4.455497657771462,-28608.97963038132
EducationParents,"Professional degree (JD, MD, etc.)",UndergradMajor,"A humanities discipline (ex. literature, history, philosophy)",4.455497657771462,21940.200439787233
EducationParents,"Professional degree (JD, MD, etc.)",UndergradMajor,Mathematics or statistics,4.455497657771462,3780.4135383735356
EducationParents,"Professional degree (JD, MD, etc.)",UndergradMajor,"A health science (ex. nursing, pharmacy, radiology)",4.455497657771462,-64428.30131190524
EducationParents,"Professional degree (JD, MD, etc.)",UndergradMajor,I never declared a major,4.455497657771462,-4692.858054098729
EducationParents,"Professional degree (JD, MD, etc.)",Hobby,Yes,4.455497657771462,32783.72206977192
EducationParents,"Professional degree (JD, MD, etc.)",Hobby,No,4.455497657771462,2.2108944072007306e+20
EducationParents,Primary/elementary school,Exercise,Daily or almost every day,4.594978683088584,7595.2956018661625
EducationParents,Primary/elementary school,Exercise,1 - 2 times per week,4.594978683088584,-4804.945613836968
EducationParents,Primary/elementary school,Exercise,I don't typically exercise,4.594978683088584,4576.176054098651
EducationParents,Primary/elementary school,Exercise,3 - 4 times per week,4.594978683088584,-3298.886651504911
EducationParents,Primary/elementary school,HoursComputer,5 - 8 hours,4.594978683088584,18344.00551832012
EducationParents,Primary/elementary school,HoursComputer,9 - 12 hours,4.594978683088584,-6682.069640259138
EducationParents,Primary/elementary school,HoursComputer,Over 12 hours,4.594978683088584,-13068.553611477137
EducationParents,Primary/elementary school,HoursComputer,1 - 4 hours,4.594978683088584,86829.52182458105
EducationParents,Primary/elementary school,HoursComputer,Less than 1 hour,4.594978683088584,-28736.236044036646
EducationParents,Primary/elementary school,DevType,Database administrator,4.594978683088584,-12213.60453680573
EducationParents,Primary/elementary school,DevType,Back-end developer,4.594978683088584,-3259.1786824449905
EducationParents,Primary/elementary school,DevType,Mobile developer,4.594978683088584,-4372.234172725983
EducationParents,Primary/elementary school,DevType,Front-end developer,4.594978683088584,10822.8767161877
EducationParents,Primary/elementary school,DevType,Full-stack developer,4.594978683088584,-17135.04841069793
EducationParents,Primary/elementary school,DevType,Designer,4.594978683088584,20787.97300461393
EducationParents,Primary/elementary school,DevType,Embedded applications or devices developer,4.594978683088584,-40085.74174650126
EducationParents,Primary/elementary school,DevType,Engineering manager,4.594978683088584,122704.09763174313
EducationParents,Primary/elementary school,DevType,Data scientist or machine learning specialist,4.594978683088584,1138.840717903989
EducationParents,Primary/elementary school,DevType,Desktop or enterprise applications developer,4.594978683088584,13250.324242235354
EducationParents,Primary/elementary school,DevType,"C-suite executive (CEO, CTO, etc.)",4.594978683088584,32951.18216790342
EducationParents,Primary/elementary school,DevType,QA or test developer,4.594978683088584,-39617.53944355225
EducationParents,Primary/elementary school,DevType,System administrator,4.594978683088584,-20258.38035480904
EducationParents,Primary/elementary school,DevType,Data or business analyst,4.594978683088584,22955.077860739468
EducationParents,Primary/elementary school,DevType,DevOps specialist,4.594978683088584,-32569.759412171574
EducationParents,Primary/elementary school,DevType,Educator or academic researcher,4.594978683088584,69097.63232025408
EducationParents,Primary/elementary school,DevType,Student,4.594978683088584,2887.635506058174
EducationParents,Primary/elementary school,DevType,Game or graphics developer,4.594978683088584,-21732.191059205223
EducationParents,Primary/elementary school,DevType,Product manager,4.594978683088584,0.0
EducationParents,Primary/elementary school,DevType,Marketing or sales professional,4.594978683088584,79766.79586192747
EducationParents,Primary/elementary school,FormalEducation,"Bachelor’s degree (BA, BS, B.Eng., etc.)",4.594978683088584,21015.90653727347
EducationParents,Primary/elementary school,FormalEducation,Some college/university study without earning a degree,4.594978683088584,-3889.514976497503
EducationParents,Primary/elementary school,FormalEducation,"Secondary school (e.g. American high school, German Realschule or Gymnasium, etc.)",4.594978683088584,-31515.90595266236
EducationParents,Primary/elementary school,FormalEducation,"Master’s degree (MA, MS, M.Eng., MBA, etc.)",4.594978683088584,21651.59800265093
EducationParents,Primary/elementary school,FormalEducation,Associate degree,4.594978683088584,-26393.24279657816
EducationParents,Primary/elementary school,FormalEducation,"Professional degree (JD, MD, etc.)",4.594978683088584,-49543.82274674295
EducationParents,Primary/elementary school,FormalEducation,Primary/elementary school,4.594978683088584,-15659.30010575932
EducationParents,Primary/elementary school,FormalEducation,"Other doctoral degree (Ph.D, Ed.D., etc.)",4.594978683088584,-19708.789485585836
EducationParents,Primary/elementary school,FormalEducation,I never completed any formal education,4.594978683088584,106374.53833287253
EducationParents,Primary/elementary school,UndergradMajor,"A natural science (ex. biology, chemistry, physics)",4.594978683088584,-11066.773970590835
EducationParents,Primary/elementary school,UndergradMajor,"Computer science, computer engineering, or software engineering",4.594978683088584,31166.32280747875
EducationParents,Primary/elementary school,UndergradMajor,"Fine arts or performing arts (ex. graphic design, music, studio art)",4.594978683088584,-52376.88887363656
EducationParents,Primary/elementary school,UndergradMajor,"A business discipline (ex. accounting, finance, marketing)",4.594978683088584,-19117.676597199385
EducationParents,Primary/elementary school,UndergradMajor,"Another engineering discipline (ex. civil, electrical, mechanical)",4.594978683088584,6919.009115034056
EducationParents,Primary/elementary school,UndergradMajor,"Information systems, information technology, or system administration",4.594978683088584,-27177.5291869169
EducationParents,Primary/elementary school,UndergradMajor,"A social science (ex. anthropology, psychology, political science)",4.594978683088584,-42633.9600950785
EducationParents,Primary/elementary school,UndergradMajor,Web development or web design,4.594978683088584,4884.953110633247
EducationParents,Primary/elementary school,UndergradMajor,"A humanities discipline (ex. literature, history, philosophy)",4.594978683088584,45940.126273542715
EducationParents,Primary/elementary school,UndergradMajor,Mathematics or statistics,4.594978683088584,34529.75597409237
EducationParents,Primary/elementary school,UndergradMajor,"A health science (ex. nursing, pharmacy, radiology)",4.594978683088584,-24557.970268572488
EducationParents,Primary/elementary school,UndergradMajor,I never declared a major,4.594978683088584,-16725.582320215188
EducationParents,Primary/elementary school,Hobby,Yes,4.594978683088584,-6.502373516569047e+19
EducationParents,Primary/elementary school,Hobby,No,4.594978683088584,-528122.1596012325
RaceEthnicity,White or of European descent,Exercise,Daily or almost every day,77.62513816516659,13789.140682009169
RaceEthnicity,White or of European descent,Exercise,1 - 2 times per week,77.62513816516659,2123.09758360382
RaceEthnicity,White or of European descent,Exercise,I don't typically exercise,77.62513816516659,-15646.860684493135
RaceEthnicity,White or of European descent,Exercise,3 - 4 times per week,77.62513816516659,27113.431633439886
RaceEthnicity,White or of European descent,HoursComputer,5 - 8 hours,77.62513816516659,-1115.8287649475824
RaceEthnicity,White or of European descent,HoursComputer,9 - 12 hours,77.62513816516659,-157.39471849382073
RaceEthnicity,White or of European descent,HoursComputer,Over 12 hours,77.62513816516659,4676.380088147438
RaceEthnicity,White or of European descent,HoursComputer,1 - 4 hours,77.62513816516659,-16912.60886345031
RaceEthnicity,White or of European descent,HoursComputer,Less than 1 hour,77.62513816516659,-2061.977878026593
RaceEthnicity,White or of European descent,DevType,Database administrator,77.62513816516659,-3364.328770730048
RaceEthnicity,White or of European descent,DevType,Back-end developer,77.62513816516659,6140.219837062776
RaceEthnicity,White or of European descent,DevType,Mobile developer,77.62513816516659,-5455.8770395351885
RaceEthnicity,White or of European descent,DevType,Front-end developer,77.62513816516659,971.9375342815727
RaceEthnicity,White or of European descent,DevType,Full-stack developer,77.62513816516659,-5091.332254606634
RaceEthnicity,White or of European descent,DevType,Designer,77.62513816516659,-10511.35394477888
RaceEthnicity,White or of European descent,DevType,Embedded applications or devices developer,77.62513816516659,202.50150302258453
RaceEthnicity,White or of European descent,DevType,Engineering manager,77.62513816516659,57551.41862421467
RaceEthnicity,White or of European descent,DevType,Data scientist or machine learning specialist,77.62513816516659,-814.665840789256
RaceEthnicity,White or of European descent,DevType,Desktop or enterprise applications developer,77.62513816516659,-10286.638008889306
RaceEthnicity,White or of European descent,DevType,"C-suite executive (CEO, CTO, etc.)",77.62513816516659,46859.23744133949
RaceEthnicity,White or of European descent,DevType,QA or test developer,77.62513816516659,-18340.509623629794
RaceEthnicity,White or of European descent,DevType,System administrator,77.62513816516659,18826.967659641003
RaceEthnicity,White or of European descent,DevType,Data or business analyst,77.62513816516659,-528.841931252065
RaceEthnicity,White or of European descent,DevType,DevOps specialist,77.62513816516659,12182.123797325099
RaceEthnicity,White or of European descent,DevType,Educator or academic researcher,77.62513816516659,-15015.690079630112
RaceEthnicity,White or of European descent,DevType,Student,77.62513816516659,-54741.46198892075
RaceEthnicity,White or of European descent,DevType,Game or graphics developer,77.62513816516659,-5634.701796761284
RaceEthnicity,White or of European descent,DevType,Product manager,77.62513816516659,-33032.94796496776
RaceEthnicity,White or of European descent,DevType,Marketing or sales professional,77.62513816516659,-44975.36714738056
RaceEthnicity,White or of European descent,FormalEducation,"Bachelor’s degree (BA, BS, B.Eng., etc.)",77.62513816516659,9473.003195911297
RaceEthnicity,White or of European descent,FormalEducation,Some college/university study without earning a degree,77.62513816516659,-3826.0835298180327
RaceEthnicity,White or of European descent,FormalEducation,"Secondary school (e.g. American high school, German Realschule or Gymnasium, etc.)",77.62513816516659,-26933.088275237085
RaceEthnicity,White or of European descent,FormalEducation,"Master’s degree (MA, MS, M.Eng., MBA, etc.)",77.62513816516659,10567.432772951872
RaceEthnicity,White or of European descent,FormalEducation,Associate degree,77.62513816516659,-9219.64343349174
RaceEthnicity,White or of European descent,FormalEducation,"Professional degree (JD, MD, etc.)",77.62513816516659,-12092.793653034187
RaceEthnicity,White or of European descent,FormalEducation,Primary/elementary school,77.62513816516659,-24732.19365047872
RaceEthnicity,White or of European descent,FormalEducation,"Other doctoral degree (Ph.D, Ed.D., etc.)",77.62513816516659,10875.606506714399
RaceEthnicity,White or of European descent,FormalEducation,I never completed any formal education,77.62513816516659,30419.33457648249
RaceEthnicity,White or of European descent,UndergradMajor,"A natural science (ex. biology, chemistry, physics)",77.62513816516659,7078.58432722891
RaceEthnicity,White or of European descent,UndergradMajor,"Computer science, computer engineering, or software engineering",77.62513816516659,-2573.556815485752
RaceEthnicity,White or of European descent,UndergradMajor,"Fine arts or performing arts (ex. graphic design, music, studio art)",77.62513816516659,2578.43890940158
RaceEthnicity,White or of European descent,UndergradMajor,"A business discipline (ex. accounting, finance, marketing)",77.62513816516659,2688.6967871703464
RaceEthnicity,White or of European descent,UndergradMajor,"Another engineering discipline (ex. civil, electrical, mechanical)",77.62513816516659,-2495.476810194889
RaceEthnicity,White or of European descent,UndergradMajor,"Information systems, information technology, or system administration",77.62513816516659,777.7500282812466
RaceEthnicity,White or of European descent,UndergradMajor,"A social science (ex. anthropology, psychology, political science)",77.62513816516659,711.2969785929513
RaceEthnicity,White or of European descent,UndergradMajor,Web development or web design,77.62513816516659,-25085.458057276363
RaceEthnicity,White or of European descent,UndergradMajor,"A humanities discipline (ex. literature, history, philosophy)",77.62513816516659,16320.15858640023
RaceEthnicity,White or of European descent,UndergradMajor,Mathematics or statistics,77.62513816516659,4349.506862474702
RaceEthnicity,White or of European descent,UndergradMajor,"A health science (ex. nursing, pharmacy, radiology)",77.62513816516659,-9709.883216317934
RaceEthnicity,White or of European descent,UndergradMajor,I never declared a major,77.62513816516659,4414.9651540870445
RaceEthnicity,White or of European descent,Hobby,Yes,77.62513816516659,2.1720292694677946e+20
RaceEthnicity,White or of European descent,Hobby,No,77.62513816516659,-4.7932923949267046e+20
RaceEthnicity,Hispanic or Latino/Latina,Exercise,Daily or almost every day,4.866045581346387,-31443.305747957424
RaceEthnicity,Hispanic or Latino/Latina,Exercise,1 - 2 times per week,4.866045581346387,9557.947368130399
RaceEthnicity,Hispanic or Latino/Latina,Exercise,I don't typically exercise,4.866045581346387,-15612.312396403506
RaceEthnicity,Hispanic or Latino/Latina,Exercise,3 - 4 times per week,4.866045581346387,32583.660234870356
RaceEthnicity,Hispanic or Latino/Latina,HoursComputer,5 - 8 hours,4.866045581346387,-14021.602623475395
RaceEthnicity,Hispanic or Latino/Latina,HoursComputer,9 - 12 hours,4.866045581346387,8091.776681979879
RaceEthnicity,Hispanic or Latino/Latina,HoursComputer,Over 12 hours,4.866045581346387,-12279.614674496677
RaceEthnicity,Hispanic or Latino/Latina,HoursComputer,1 - 4 hours,4.866045581346387,-2847.043234632843
RaceEthnicity,Hispanic or Latino/Latina,HoursComputer,Less than 1 hour,4.866045581346387,-37505.6378895091
RaceEthnicity,Hispanic or Latino/Latina,DevType,Database administrator,4.866045581346387,145109.6350853205
RaceEthnicity,Hispanic or Latino/Latina,DevType,Back-end developer,4.866045581346387,-9515.998445319381
RaceEthnicity,Hispanic or Latino/Latina,DevType,Mobile developer,4.866045581346387,-6756.199965954067
RaceEthnicity,Hispanic or Latino/Latina,DevType,Front-end developer,4.866045581346387,7615.815465914798
RaceEthnicity,Hispanic or Latino/Latina,DevType,Full-stack developer,4.866045581346387,6806.06037592845
RaceEthnicity,Hispanic or Latino/Latina,DevType,Designer,4.866045581346387,-30127.128423538885
RaceEthnicity,Hispanic or Latino/Latina,DevType,Embedded applications or devices developer,4.866045581346387,10413.851185872769
RaceEthnicity,Hispanic or Latino/Latina,DevType,Engineering manager,4.866045581346387,79668.21748038921
RaceEthnicity,Hispanic or Latino/Latina,DevType,Data scientist or machine learning specialist,4.866045581346387,-13784.364709961794
RaceEthnicity,Hispanic or Latino/Latina,DevType,Desktop or enterprise applications developer,4.866045581346387,-49429.562235411155
RaceEthnicity,Hispanic or Latino/Latina,DevType,"C-suite executive (CEO, CTO, etc.)",4.866045581346387,83481.54666965011
RaceEthnicity,Hispanic or Latino/Latina,DevType,QA or test developer,4.866045581346387,-38564.032575355246
RaceEthnicity,Hispanic or Latino/Latina,DevType,System administrator,4.866045581346387,-59126.161127505475
RaceEthnicity,Hispanic or Latino/Latina,DevType,Data or business analyst,4.866045581346387,30513.317650902613
RaceEthnicity,Hispanic or Latino/Latina,DevType,DevOps specialist,4.866045581346387,-17515.208441405208
RaceEthnicity,Hispanic or Latino/Latina,DevType,Educator or academic researcher,4.866045581346387,-28460.03887651802
RaceEthnicity,Hispanic or Latino/Latina,DevType,Student,4.866045581346387,-59533.67659099463
RaceEthnicity,Hispanic or Latino/Latina,DevType,Game or graphics developer,4.866045581346387,-51152.19601459628
RaceEthnicity,Hispanic or Latino/Latina,DevType,Product manager,4.866045581346387,0.0
RaceEthnicity,Hispanic or Latino/Latina,DevType,Marketing or sales professional,4.866045581346387,23713.556374063897
RaceEthnicity,Hispanic or Latino/Latina,FormalEducation,"Bachelor’s degree (BA, BS, B.Eng., etc.)",4.866045581346387,7151.771687917331
RaceEthnicity,Hispanic or Latino/Latina,FormalEducation,Some college/university study without earning a degree,4.866045581346387,-15985.686336832428
RaceEthnicity,Hispanic or Latino/Latina,FormalEducation,"Secondary school (e.g. American high school, German Realschule or Gymnasium, etc.)",4.866045581346387,-18734.066515932765
RaceEthnicity,Hispanic or Latino/Latina,FormalEducation,"Master’s degree (MA, MS, M.Eng., MBA, etc.)",4.866045581346387,1545.8486326616332
RaceEthnicity,Hispanic or Latino/Latina,FormalEducation,Associate degree,4.866045581346387,10390.207333682474
RaceEthnicity,Hispanic or Latino/Latina,FormalEducation,"Professional degree (JD, MD, etc.)",4.866045581346387,51733.2431465848
RaceEthnicity,Hispanic or Latino/Latina,FormalEducation,Primary/elementary school,4.866045581346387,8724.005714471874
RaceEthnicity,Hispanic or Latino/Latina,FormalEducation,"Other doctoral degree (Ph.D, Ed.D., etc.)",4.866045581346387,6127.154990580807
RaceEthnicity,Hispanic or Latino/Latina,FormalEducation,I never completed any formal education,4.866045581346387,-69364.49350095002
RaceEthnicity,Hispanic or Latino/Latina,UndergradMajor,"A natural science (ex. biology, chemistry, physics)",4.866045581346387,27004.09184670728
RaceEthnicity,Hispanic or Latino/Latina,UndergradMajor,"Computer science, computer engineering, or software engineering",4.866045581346387,8990.985680458516
RaceEthnicity,Hispanic or Latino/Latina,UndergradMajor,"Fine arts or performing arts (ex. graphic design, music, studio art)",4.866045581346387,-10077.773454243346
RaceEthnicity,Hispanic or Latino/Latina,UndergradMajor,"A business discipline (ex. accounting, finance, marketing)",4.866045581346387,-57527.29242181996
RaceEthnicity,Hispanic or Latino/Latina,UndergradMajor,"Another engineering discipline (ex. civil, electrical, mechanical)",4.866045581346387,32835.23220137429
RaceEthnicity,Hispanic or Latino/Latina,UndergradMajor,"Information systems, information technology, or system administration",4.866045581346387,-12493.511890867652
RaceEthnicity,Hispanic or Latino/Latina,UndergradMajor,"A social science (ex. anthropology, psychology, political science)",4.866045581346387,24997.59021062857
RaceEthnicity,Hispanic or Latino/Latina,UndergradMajor,Web development or web design,4.866045581346387,-33585.14138673611
RaceEthnicity,Hispanic or Latino/Latina,UndergradMajor,"A humanities discipline (ex. literature, history, philosophy)",4.866045581346387,-36784.76148965474
RaceEthnicity,Hispanic or Latino/Latina,UndergradMajor,Mathematics or statistics,4.866045581346387,13761.457257909058
RaceEthnicity,Hispanic or Latino/Latina,UndergradMajor,"A health science (ex. nursing, pharmacy, radiology)",4.866045581346387,205072.32473184305
RaceEthnicity,Hispanic or Latino/Latina,UndergradMajor,I never declared a major,4.866045581346387,-73726.91633275773
RaceEthnicity,Hispanic or Latino/Latina,Hobby,Yes,4.866045581346387,-1987999.568587507
RaceEthnicity,Hispanic or Latino/Latina,Hobby,No,4.866045581346387,-1108949.995574272
RaceEthnicity,South Asian,Exercise,Daily or almost every day,9.10574240749513,-3341.9638028226263
RaceEthnicity,South Asian,Exercise,1 - 2 times per week,9.10574240749513,-384.6942993999146
RaceEthnicity,South Asian,Exercise,I don't typically exercise,9.10574240749513,5148.456961325277
RaceEthnicity,South Asian,Exercise,3 - 4 times per week,9.10574240749513,2719.2092112904566
RaceEthnicity,South Asian,HoursComputer,5 - 8 hours,9.10574240749513,-775.0647748643578
RaceEthnicity,South Asian,HoursComputer,9 - 12 hours,9.10574240749513,2056.66991950838
RaceEthnicity,South Asian,HoursComputer,Over 12 hours,9.10574240749513,-2256.158769002177
RaceEthnicity,South Asian,HoursComputer,1 - 4 hours,9.10574240749513,12910.698376453365
RaceEthnicity,South Asian,HoursComputer,Less than 1 hour,9.10574240749513,-33582.39647261284
RaceEthnicity,South Asian,DevType,Database administrator,9.10574240749513,-18992.204980907605
RaceEthnicity,South Asian,DevType,Back-end developer,9.10574240749513,-1131.5411580763448
RaceEthnicity,South Asian,DevType,Mobile developer,9.10574240749513,4126.596538369473
RaceEthnicity,South Asian,DevType,Front-end developer,9.10574240749513,5228.30305910575
RaceEthnicity,South Asian,DevType,Full-stack developer,9.10574240749513,13160.663385903106
RaceEthnicity,South Asian,DevType,Designer,9.10574240749513,-17147.161093892635
RaceEthnicity,South Asian,DevType,Embedded applications or devices developer,9.10574240749513,-22022.802150942945
RaceEthnicity,South Asian,DevType,Engineering manager,9.10574240749513,3913.6164441338424
RaceEthnicity,South Asian,DevType,Data scientist or machine learning specialist,9.10574240749513,21227.402711681185
RaceEthnicity,South Asian,DevType,Desktop or enterprise applications developer,9.10574240749513,-20218.38342773122
RaceEthnicity,South Asian,DevType,"C-suite executive (CEO, CTO, etc.)",9.10574240749513,19729.139717533664
RaceEthnicity,South Asian,DevType,QA or test developer,9.10574240749513,-10502.39104622745
RaceEthnicity,South Asian,DevType,System administrator,9.10574240749513,-13684.86650982007
RaceEthnicity,South Asian,DevType,Data or business analyst,9.10574240749513,-25483.671459781566
RaceEthnicity,South Asian,DevType,DevOps specialist,9.10574240749513,29875.60346683621
RaceEthnicity,South Asian,DevType,Educator or academic researcher,9.10574240749513,17760.069399368505
RaceEthnicity,South Asian,DevType,Student,9.10574240749513,-40453.504657002195
RaceEthnicity,South Asian,DevType,Game or graphics developer,9.10574240749513,-28136.673014110245
RaceEthnicity,South Asian,DevType,Product manager,9.10574240749513,-29191.722574091495
RaceEthnicity,South Asian,DevType,Marketing or sales professional,9.10574240749513,-44808.87777794659
RaceEthnicity,South Asian,FormalEducation,"Bachelor’s degree (BA, BS, B.Eng., etc.)",9.10574240749513,121.08640773058687
RaceEthnicity,South Asian,FormalEducation,Some college/university study without earning a degree,9.10574240749513,-17709.62057052806
RaceEthnicity,South Asian,FormalEducation,"Secondary school (e.g. American high school, German Realschule or Gymnasium, etc.)",9.10574240749513,-28492.33076609768
RaceEthnicity,South Asian,FormalEducation,"Master’s degree (MA, MS, M.Eng., MBA, etc.)",9.10574240749513,-239.39018899177336
RaceEthnicity,South Asian,FormalEducation,Associate degree,9.10574240749513,-16787.72916805427
RaceEthnicity,South Asian,FormalEducation,"Professional degree (JD, MD, etc.)",9.10574240749513,-46522.56731460657
RaceEthnicity,South Asian,FormalEducation,Primary/elementary school,9.10574240749513,-88761.59763897723
RaceEthnicity,South Asian,FormalEducation,"Other doctoral degree (Ph.D, Ed.D., etc.)",9.10574240749513,138549.39238749727
RaceEthnicity,South Asian,FormalEducation,I never completed any formal education,9.10574240749513,191242.05847337435
RaceEthnicity,South Asian,UndergradMajor,"A natural science (ex. biology, chemistry, physics)",9.10574240749513,20182.71334234788
RaceEthnicity,South Asian,UndergradMajor,"Computer science, computer engineering, or software engineering",9.10574240749513,8664.502929832739
RaceEthnicity,South Asian,UndergradMajor,"Fine arts or performing arts (ex. graphic design, music, studio art)",9.10574240749513,-8794.064325489351
RaceEthnicity,South Asian,UndergradMajor,"A business discipline (ex. accounting, finance, marketing)",9.10574240749513,-67372.32339041245
RaceEthnicity,South Asian,UndergradMajor,"Another engineering discipline (ex. civil, electrical, mechanical)",9.10574240749513,-3834.2741090411955
RaceEthnicity,South Asian,UndergradMajor,"Information systems, information technology, or system administration",9.10574240749513,-15165.330558927955
RaceEthnicity,South Asian,UndergradMajor,"A social science (ex. anthropology, psychology, political science)",9.10574240749513,-18322.2155423585
RaceEthnicity,South Asian,UndergradMajor,Web development or web design,9.10574240749513,-4778.268968873032
RaceEthnicity,South Asian,UndergradMajor,"A humanities discipline (ex. literature, history, philosophy)",9.10574240749513,-31155.862057643088
RaceEthnicity,South Asian,UndergradMajor,Mathematics or statistics,9.10574240749513,86144.52863906068
RaceEthnicity,South Asian,UndergradMajor,"A health science (ex. nursing, pharmacy, radiology)",9.10574240749513,-81517.37756016325
RaceEthnicity,South Asian,UndergradMajor,I never declared a major,9.10574240749513,-48306.88304751064
RaceEthnicity,South Asian,Hobby,Yes,9.10574240749513,0.0
RaceEthnicity,South Asian,Hobby,No,9.10574240749513,3.1955232315045945e+19
RaceEthnicity,East Asian,Exercise,Daily or almost every day,3.4291278488341495,-25728.701231899402
RaceEthnicity,East Asian,Exercise,1 - 2 times per week,3.4291278488341495,23679.750748210783
RaceEthnicity,East Asian,Exercise,I don't typically exercise,3.4291278488341495,-14310.572434708114
RaceEthnicity,East Asian,Exercise,3 - 4 times per week,3.4291278488341495,8753.38917471229
RaceEthnicity,East Asian,HoursComputer,5 - 8 hours,3.4291278488341495,32523.714948888515
RaceEthnicity,East Asian,HoursComputer,9 - 12 hours,3.4291278488341495,5889.995176638484
RaceEthnicity,East Asian,HoursComputer,Over 12 hours,3.4291278488341495,-10497.637274926223
RaceEthnicity,East Asian,HoursComputer,1 - 4 hours,3.4291278488341495,-52928.91124041531
RaceEthnicity,East Asian,HoursComputer,Less than 1 hour,3.4291278488341495,-95091.86276060605
RaceEthnicity,East Asian,DevType,Database administrator,3.4291278488341495,145079.9498340184
RaceEthnicity,East Asian,DevType,Back-end developer,3.4291278488341495,25167.829034901904
RaceEthnicity,East Asian,DevType,Mobile developer,3.4291278488341495,-38178.1725339918
RaceEthnicity,East Asian,DevType,Front-end developer,3.4291278488341495,-10398.627844360975
RaceEthnicity,East Asian,DevType,Full-stack developer,3.4291278488341495,-31077.562235295532
RaceEthnicity,East Asian,DevType,Designer,3.4291278488341495,-20188.594528915408
RaceEthnicity,East Asian,DevType,Embedded applications or devices developer,3.4291278488341495,134478.61842976563
RaceEthnicity,East Asian,DevType,Engineering manager,3.4291278488341495,60948.37468890098
RaceEthnicity,East Asian,DevType,Data scientist or machine learning specialist,3.4291278488341495,-25306.130853727977
RaceEthnicity,East Asian,DevType,Desktop or enterprise applications developer,3.4291278488341495,33514.20155876563
RaceEthnicity,East Asian,DevType,"C-suite executive (CEO, CTO, etc.)",3.4291278488341495,61540.43428963376
RaceEthnicity,East Asian,DevType,QA or test developer,3.4291278488341495,-55955.50160773381
RaceEthnicity,East Asian,DevType,System administrator,3.4291278488341495,-64317.47301585512
RaceEthnicity,East Asian,DevType,Data or business analyst,3.4291278488341495,-24208.13179466593
RaceEthnicity,East Asian,DevType,DevOps specialist,3.4291278488341495,124876.33460728121
RaceEthnicity,East Asian,DevType,Educator or academic researcher,3.4291278488341495,19999.08651541095
RaceEthnicity,East Asian,DevType,Student,3.4291278488341495,-95746.80041084776
RaceEthnicity,East Asian,DevType,Game or graphics developer,3.4291278488341495,-41061.1450533227
RaceEthnicity,East Asian,DevType,Product manager,3.4291278488341495,48264.69956697627
RaceEthnicity,East Asian,DevType,Marketing or sales professional,3.4291278488341495,-86548.52258482647
RaceEthnicity,East Asian,FormalEducation,"Bachelor’s degree (BA, BS, B.Eng., etc.)",3.4291278488341495,-13698.165071290916
RaceEthnicity,East Asian,FormalEducation,Some college/university study without earning a degree,3.4291278488341495,-27252.206807966395
RaceEthnicity,East Asian,FormalEducation,"Secondary school (e.g. American high school, German Realschule or Gymnasium, etc.)",3.4291278488341495,-19987.248544918228
RaceEthnicity,East Asian,FormalEducation,"Master’s degree (MA, MS, M.Eng., MBA, etc.)",3.4291278488341495,26839.341216237543
RaceEthnicity,East Asian,FormalEducation,Associate degree,3.4291278488341495,-35265.85565587862
RaceEthnicity,East Asian,FormalEducation,"Professional degree (JD, MD, etc.)",3.4291278488341495,-17051.429243690134
RaceEthnicity,East Asian,FormalEducation,Primary/elementary school,3.4291278488341495,-96244.31060247315
RaceEthnicity,East Asian,FormalEducation,"Other doctoral degree (Ph.D, Ed.D., etc.)",3.4291278488341495,32975.469599279146
RaceEthnicity,East Asian,FormalEducation,I never completed any formal education,3.4291278488341495,-32371.55453833891
RaceEthnicity,East Asian,UndergradMajor,"A natural science (ex. biology, chemistry, physics)",3.4291278488341495,6147.156849577045
RaceEthnicity,East Asian,UndergradMajor,"Computer science, computer engineering, or software engineering",3.4291278488341495,21262.38215655042
RaceEthnicity,East Asian,UndergradMajor,"Fine arts or performing arts (ex. graphic design, music, studio art)",3.4291278488341495,-22681.95491987897
RaceEthnicity,East Asian,UndergradMajor,"A business discipline (ex. accounting, finance, marketing)",3.4291278488341495,-16199.085262140721
RaceEthnicity,East Asian,UndergradMajor,"Another engineering discipline (ex. civil, electrical, mechanical)",3.4291278488341495,-33960.90814557784
RaceEthnicity,East Asian,UndergradMajor,"Information systems, information technology, or system administration",3.4291278488341495,25578.903280326827
RaceEthnicity,East Asian,UndergradMajor,"A social science (ex. anthropology, psychology, political science)",3.4291278488341495,-5436.071774258393
RaceEthnicity,East Asian,UndergradMajor,Web development or web design,3.4291278488341495,-19764.03060697105
RaceEthnicity,East Asian,UndergradMajor,"A humanities discipline (ex. literature, history, philosophy)",3.4291278488341495,-21748.55076486633
RaceEthnicity,East Asian,UndergradMajor,Mathematics or statistics,3.4291278488341495,-4362.221232278546
RaceEthnicity,East Asian,UndergradMajor,"A health science (ex. nursing, pharmacy, radiology)",3.4291278488341495,-79044.63351252973
RaceEthnicity,East Asian,UndergradMajor,I never declared a major,3.4291278488341495,304492.80066559935
RaceEthnicity,East Asian,Hobby,Yes,3.4291278488341495,-1.8632977413518324e+19
RaceEthnicity,East Asian,Hobby,No,3.4291278488341495,-49689.431109558456
RaceEthnicity,Middle Eastern,Exercise,Daily or almost every day,2.650139481025317,14230.525407328056
RaceEthnicity,Middle Eastern,Exercise,1 - 2 times per week,2.650139481025317,9611.489219809231
RaceEthnicity,Middle Eastern,Exercise,I don't typically exercise,2.650139481025317,-19893.86145825023
RaceEthnicity,Middle Eastern,Exercise,3 - 4 times per week,2.650139481025317,-31377.43337703087
RaceEthnicity,Middle Eastern,HoursComputer,5 - 8 hours,2.650139481025317,67962.5578181654
RaceEthnicity,Middle Eastern,HoursComputer,9 - 12 hours,2.650139481025317,30118.182709968085
RaceEthnicity,Middle Eastern,HoursComputer,Over 12 hours,2.650139481025317,-16494.5161193417
RaceEthnicity,Middle Eastern,HoursComputer,1 - 4 hours,2.650139481025317,-68069.36148004187
RaceEthnicity,Middle Eastern,HoursComputer,Less than 1 hour,2.650139481025317,-48796.66640520805
RaceEthnicity,Middle Eastern,DevType,Database administrator,2.650139481025317,21430.608338027894
RaceEthnicity,Middle Eastern,DevType,Back-end developer,2.650139481025317,-4120.009646350167
RaceEthnicity,Middle Eastern,DevType,Mobile developer,2.650139481025317,-7277.416283040336
RaceEthnicity,Middle Eastern,DevType,Front-end developer,2.650139481025317,-2762.8826292066683
RaceEthnicity,Middle Eastern,DevType,Full-stack developer,2.650139481025317,9235.328717794606
RaceEthnicity,Middle Eastern,DevType,Designer,2.650139481025317,35645.50831611581
RaceEthnicity,Middle Eastern,DevType,Embedded applications or devices developer,2.650139481025317,72670.54145203906
RaceEthnicity,Middle Eastern,DevType,Engineering manager,2.650139481025317,-13790.860191907357
RaceEthnicity,Middle Eastern,DevType,Data scientist or machine learning specialist,2.650139481025317,-34792.7611590691
RaceEthnicity,Middle Eastern,DevType,Desktop or enterprise applications developer,2.650139481025317,33937.24618106179
RaceEthnicity,Middle Eastern,DevType,"C-suite executive (CEO, CTO, etc.)",2.650139481025317,-11961.664754768693
RaceEthnicity,Middle Eastern,DevType,QA or test developer,2.650139481025317,-52786.23740588837
RaceEthnicity,Middle Eastern,DevType,System administrator,2.650139481025317,-38173.86313636808
RaceEthnicity,Middle Eastern,DevType,Data or business analyst,2.650139481025317,1662.452434673388
RaceEthnicity,Middle Eastern,DevType,DevOps specialist,2.650139481025317,9764.146649408463
RaceEthnicity,Middle Eastern,DevType,Educator or academic researcher,2.650139481025317,-53300.80860240509
RaceEthnicity,Middle Eastern,DevType,Student,2.650139481025317,-84607.81607750316
RaceEthnicity,Middle Eastern,DevType,Game or graphics developer,2.650139481025317,-7504.030560382971
RaceEthnicity,Middle Eastern,DevType,Product manager,2.650139481025317,0.0
RaceEthnicity,Middle Eastern,DevType,Marketing or sales professional,2.650139481025317,0.0
RaceEthnicity,Middle Eastern,FormalEducation,"Bachelor’s degree (BA, BS, B.Eng., etc.)",2.650139481025317,26085.60927531419
RaceEthnicity,Middle Eastern,FormalEducation,Some college/university study without earning a degree,2.650139481025317,-20837.0097739202
RaceEthnicity,Middle Eastern,FormalEducation,"Secondary school (e.g. American high school, German Realschule or Gymnasium, etc.)",2.650139481025317,7589.051063201882
RaceEthnicity,Middle Eastern,FormalEducation,"Master’s degree (MA, MS, M.Eng., MBA, etc.)",2.650139481025317,-381.5998640219228
RaceEthnicity,Middle Eastern,FormalEducation,Associate degree,2.650139481025317,-5501.682255425747
RaceEthnicity,Middle Eastern,FormalEducation,"Professional degree (JD, MD, etc.)",2.650139481025317,23317.799019154216
RaceEthnicity,Middle Eastern,FormalEducation,Primary/elementary school,2.650139481025317,16098.64827468975
RaceEthnicity,Middle Eastern,FormalEducation,"Other doctoral degree (Ph.D, Ed.D., etc.)",2.650139481025317,-13478.649483067478
RaceEthnicity,Middle Eastern,FormalEducation,I never completed any formal education,2.650139481025317,-11574.817023657417
RaceEthnicity,Middle Eastern,UndergradMajor,"A natural science (ex. biology, chemistry, physics)",2.650139481025317,-29779.327816692297
RaceEthnicity,Middle Eastern,UndergradMajor,"Computer science, computer engineering, or software engineering",2.650139481025317,3902.3305091223947
RaceEthnicity,Middle Eastern,UndergradMajor,"Fine arts or performing arts (ex. graphic design, music, studio art)",2.650139481025317,-33686.45887358742
RaceEthnicity,Middle Eastern,UndergradMajor,"A business discipline (ex. accounting, finance, marketing)",2.650139481025317,954.0489346689009
RaceEthnicity,Middle Eastern,UndergradMajor,"Another engineering discipline (ex. civil, electrical, mechanical)",2.650139481025317,5519.513480457022
RaceEthnicity,Middle Eastern,UndergradMajor,"Information systems, information technology, or system administration",2.650139481025317,46083.14520407961
RaceEthnicity,Middle Eastern,UndergradMajor,"A social science (ex. anthropology, psychology, political science)",2.650139481025317,-41723.84497630034
RaceEthnicity,Middle Eastern,UndergradMajor,Web development or web design,2.650139481025317,3374.0184379201096
RaceEthnicity,Middle Eastern,UndergradMajor,"A humanities discipline (ex. literature, history, philosophy)",2.650139481025317,-32167.140728314796
RaceEthnicity,Middle Eastern,UndergradMajor,Mathematics or statistics,2.650139481025317,-11414.716291652006
RaceEthnicity,Middle Eastern,UndergradMajor,"A health science (ex. nursing, pharmacy, radiology)",2.650139481025317,-43789.71139343627
RaceEthnicity,Middle Eastern,UndergradMajor,I never declared a major,2.650139481025317,0.0
RaceEthnicity,Middle Eastern,Hobby,Yes,2.650139481025317,0.0
RaceEthnicity,Middle Eastern,Hobby,No,2.650139481025317,-217705.10473797485
RaceEthnicity,Black or of African descent,Exercise,Daily or almost every day,1.768514132322754,44945.88142246057
RaceEthnicity,Black or of African descent,Exercise,1 - 2 times per week,1.768514132322754,-15328.761194162886
RaceEthnicity,Black or of African descent,Exercise,I don't typically exercise,1.768514132322754,34950.540386807384
RaceEthnicity,Black or of African descent,Exercise,3 - 4 times per week,1.768514132322754,-17105.33042027069
RaceEthnicity,Black or of African descent,HoursComputer,5 - 8 hours,1.768514132322754,43735.87206813161
RaceEthnicity,Black or of African descent,HoursComputer,9 - 12 hours,1.768514132322754,-31784.404006822126
RaceEthnicity,Black or of African descent,HoursComputer,Over 12 hours,1.768514132322754,69045.11479945474
RaceEthnicity,Black or of African descent,HoursComputer,1 - 4 hours,1.768514132322754,-33257.62682690597
RaceEthnicity,Black or of African descent,HoursComputer,Less than 1 hour,1.768514132322754,-98768.40859858147
RaceEthnicity,Black or of African descent,DevType,Database administrator,1.768514132322754,-32244.659885739555
RaceEthnicity,Black or of African descent,DevType,Back-end developer,1.768514132322754,-15333.345748404176
RaceEthnicity,Black or of African descent,DevType,Mobile developer,1.768514132322754,32347.24692755495
RaceEthnicity,Black or of African descent,DevType,Front-end developer,1.768514132322754,45650.99133395289
RaceEthnicity,Black or of African descent,DevType,Full-stack developer,1.768514132322754,-24419.20644794245
RaceEthnicity,Black or of African descent,DevType,Designer,1.768514132322754,-15598.996226937317
RaceEthnicity,Black or of African descent,DevType,Embedded applications or devices developer,1.768514132322754,-8665.21870778019
RaceEthnicity,Black or of African descent,DevType,Engineering manager,1.768514132322754,16947.160354770596
RaceEthnicity,Black or of African descent,DevType,Data scientist or machine learning specialist,1.768514132322754,-46994.26566484949
RaceEthnicity,Black or of African descent,DevType,Desktop or enterprise applications developer,1.768514132322754,120416.46209293566
RaceEthnicity,Black or of African descent,DevType,"C-suite executive (CEO, CTO, etc.)",1.768514132322754,-2325.235721899626
RaceEthnicity,Black or of African descent,DevType,QA or test developer,1.768514132322754,-40304.4444379213
RaceEthnicity,Black or of African descent,DevType,System administrator,1.768514132322754,5322.662704896677
RaceEthnicity,Black or of African descent,DevType,Data or business analyst,1.768514132322754,7583.561767429173
RaceEthnicity,Black or of African descent,DevType,DevOps specialist,1.768514132322754,29015.224012145703
RaceEthnicity,Black or of African descent,DevType,Educator or academic researcher,1.768514132322754,95006.21525875096
RaceEthnicity,Black or of African descent,DevType,Student,1.768514132322754,-56698.093411469585
RaceEthnicity,Black or of African descent,DevType,Game or graphics developer,1.768514132322754,-46811.66674342696
RaceEthnicity,Black or of African descent,DevType,Product manager,1.768514132322754,79401.78783378769
RaceEthnicity,Black or of African descent,DevType,Marketing or sales professional,1.768514132322754,0.0
RaceEthnicity,Black or of African descent,FormalEducation,"Bachelor’s degree (BA, BS, B.Eng., etc.)",1.768514132322754,-22398.82041005091
RaceEthnicity,Black or of African descent,FormalEducation,Some college/university study without earning a degree,1.768514132322754,-18302.420143999978
RaceEthnicity,Black or of African descent,FormalEducation,"Secondary school (e.g. American high school, German Realschule or Gymnasium, etc.)",1.768514132322754,25025.35873122818
RaceEthnicity,Black or of African descent,FormalEducation,"Master’s degree (MA, MS, M.Eng., MBA, etc.)",1.768514132322754,26071.401740036945
RaceEthnicity,Black or of African descent,FormalEducation,Associate degree,1.768514132322754,-58806.76612784584
RaceEthnicity,Black or of African descent,FormalEducation,"Professional degree (JD, MD, etc.)",1.768514132322754,198985.08268915137
RaceEthnicity,Black or of African descent,FormalEducation,Primary/elementary school,1.768514132322754,-156012.40908464926
RaceEthnicity,Black or of African descent,FormalEducation,"Other doctoral degree (Ph.D, Ed.D., etc.)",1.768514132322754,88030.90859122033
RaceEthnicity,Black or of African descent,FormalEducation,I never completed any formal education,1.768514132322754,-68234.74415053082
RaceEthnicity,Black or of African descent,UndergradMajor,"A natural science (ex. biology, chemistry, physics)",1.768514132322754,37416.603744616
RaceEthnicity,Black or of African descent,UndergradMajor,"Computer science, computer engineering, or software engineering",1.768514132322754,-44786.552297747156
RaceEthnicity,Black or of African descent,UndergradMajor,"Fine arts or performing arts (ex. graphic design, music, studio art)",1.768514132322754,-122456.05224922266
RaceEthnicity,Black or of African descent,UndergradMajor,"A business discipline (ex. accounting, finance, marketing)",1.768514132322754,-62586.268587982995
RaceEthnicity,Black or of African descent,UndergradMajor,"Another engineering discipline (ex. civil, electrical, mechanical)",1.768514132322754,21605.36900585018
RaceEthnicity,Black or of African descent,UndergradMajor,"Information systems, information technology, or system administration",1.768514132322754,9021.098298199457
RaceEthnicity,Black or of African descent,UndergradMajor,"A social science (ex. anthropology, psychology, political science)",1.768514132322754,211229.88412433787
RaceEthnicity,Black or of African descent,UndergradMajor,Web development or web design,1.768514132322754,130070.02767451735
RaceEthnicity,Black or of African descent,UndergradMajor,"A humanities discipline (ex. literature, history, philosophy)",1.768514132322754,-68547.80765955635
RaceEthnicity,Black or of African descent,UndergradMajor,Mathematics or statistics,1.768514132322754,-43860.68392833666
RaceEthnicity,Black or of African descent,UndergradMajor,"A health science (ex. nursing, pharmacy, radiology)",1.768514132322754,-121901.49945211943
RaceEthnicity,Black or of African descent,UndergradMajor,I never declared a major,1.768514132322754,68130.0988782631
RaceEthnicity,Black or of African descent,Hobby,Yes,1.768514132322754,1597609.0806178548
RaceEthnicity,Black or of African descent,Hobby,No,1.768514132322754,511058.01260571386
RaceEthnicity,"Native American, Pacific Islander, or Indigenous Australian",Exercise,Daily or almost every day,0.5552923838096742,30706.42084157052
RaceEthnicity,"Native American, Pacific Islander, or Indigenous Australian",Exercise,1 - 2 times per week,0.5552923838096742,-66258.81243846333
RaceEthnicity,"Native American, Pacific Islander, or Indigenous Australian",Exercise,I don't typically exercise,0.5552923838096742,19643.006168384618
RaceEthnicity,"Native American, Pacific Islander, or Indigenous Australian",Exercise,3 - 4 times per week,0.5552923838096742,-45784.9189584711
RaceEthnicity,"Native American, Pacific Islander, or Indigenous Australian",HoursComputer,5 - 8 hours,0.5552923838096742,-76233.29946966296
RaceEthnicity,"Native American, Pacific Islander, or Indigenous Australian",HoursComputer,9 - 12 hours,0.5552923838096742,32104.681704491253
RaceEthnicity,"Native American, Pacific Islander, or Indigenous Australian",HoursComputer,Over 12 hours,0.5552923838096742,-5012.047384781516
RaceEthnicity,"Native American, Pacific Islander, or Indigenous Australian",HoursComputer,1 - 4 hours,0.5552923838096742,-225857.27039837698
RaceEthnicity,"Native American, Pacific Islander, or Indigenous Australian",HoursComputer,Less than 1 hour,0.5552923838096742,0.0
RaceEthnicity,"Native American, Pacific Islander, or Indigenous Australian",DevType,Database administrator,0.5552923838096742,-115612.53759473485
RaceEthnicity,"Native American, Pacific Islander, or Indigenous Australian",DevType,Back-end developer,0.5552923838096742,76171.61188609364
RaceEthnicity,"Native American, Pacific Islander, or Indigenous Australian",DevType,Mobile developer,0.5552923838096742,-63262.15434616164
RaceEthnicity,"Native American, Pacific Islander, or Indigenous Australian",DevType,Front-end developer,0.5552923838096742,-236362.73714286165
RaceEthnicity,"Native American, Pacific Islander, or Indigenous Australian",DevType,Full-stack developer,0.5552923838096742,227512.5038165804
RaceEthnicity,"Native American, Pacific Islander, or Indigenous Australian",DevType,Designer,0.5552923838096742,69529.28864407729
RaceEthnicity,"Native American, Pacific Islander, or Indigenous Australian",DevType,Embedded applications or devices developer,0.5552923838096742,-201297.08502427526
RaceEthnicity,"Native American, Pacific Islander, or Indigenous Australian",DevType,Engineering manager,0.5552923838096742,15531.869309502486
RaceEthnicity,"Native American, Pacific Islander, or Indigenous Australian",DevType,Data scientist or machine learning specialist,0.5552923838096742,-84535.20234629161
RaceEthnicity,"Native American, Pacific Islander, or Indigenous Australian",DevType,Desktop or enterprise applications developer,0.5552923838096742,-39811.42429348528
RaceEthnicity,"Native American, Pacific Islander, or Indigenous Australian",DevType,"C-suite executive (CEO, CTO, etc.)",0.5552923838096742,-36839.650592293176
RaceEthnicity,"Native American, Pacific Islander, or Indigenous Australian",DevType,QA or test developer,0.5552923838096742,0.0
RaceEthnicity,"Native American, Pacific Islander, or Indigenous Australian",DevType,System administrator,0.5552923838096742,0.0
RaceEthnicity,"Native American, Pacific Islander, or Indigenous Australian",DevType,Data or business analyst,0.5552923838096742,202692.33452777195
RaceEthnicity,"Native American, Pacific Islander, or Indigenous Australian",DevType,DevOps specialist,0.5552923838096742,0.0
RaceEthnicity,"Native American, Pacific Islander, or Indigenous Australian",DevType,Educator or academic researcher,0.5552923838096742,0.0
RaceEthnicity,"Native American, Pacific Islander, or Indigenous Australian",DevType,Student,0.5552923838096742,-40762.1247812999
RaceEthnicity,"Native American, Pacific Islander, or Indigenous Australian",DevType,Game or graphics developer,0.5552923838096742,0.0
RaceEthnicity,"Native American, Pacific Islander, or Indigenous Australian",DevType,Product manager,0.5552923838096742,0.0
RaceEthnicity,"Native American, Pacific Islander, or Indigenous Australian",DevType,Marketing or sales professional,0.5552923838096742,0.0
RaceEthnicity,"Native American, Pacific Islander, or Indigenous Australian",FormalEducation,"Bachelor’s degree (BA, BS, B.Eng., etc.)",0.5552923838096742,-509.66260202431204
RaceEthnicity,"Native American, Pacific Islander, or Indigenous Australian",FormalEducation,Some college/university study without earning a degree,0.5552923838096742,59518.92832096833
RaceEthnicity,"Native American, Pacific Islander, or Indigenous Australian",FormalEducation,"Secondary school (e.g. American high school, German Realschule or Gymnasium, etc.)",0.5552923838096742,-123379.01594268851
RaceEthnicity,"Native American, Pacific Islander, or Indigenous Australian",FormalEducation,"Master’s degree (MA, MS, M.Eng., MBA, etc.)",0.5552923838096742,-37276.17108188287
RaceEthnicity,"Native American, Pacific Islander, or Indigenous Australian",FormalEducation,Associate degree,0.5552923838096742,200920.6730092638
RaceEthnicity,"Native American, Pacific Islander, or Indigenous Australian",FormalEducation,"Professional degree (JD, MD, etc.)",0.5552923838096742,-68233.22950714029
RaceEthnicity,"Native American, Pacific Islander, or Indigenous Australian",FormalEducation,Primary/elementary school,0.5552923838096742,-288488.35230975895
RaceEthnicity,"Native American, Pacific Islander, or Indigenous Australian",FormalEducation,"Other doctoral degree (Ph.D, Ed.D., etc.)",0.5552923838096742,-117346.29524205133
RaceEthnicity,"Native American, Pacific Islander, or Indigenous Australian",FormalEducation,I never completed any formal education,0.5552923838096742,0.0
RaceEthnicity,"Native American, Pacific Islander, or Indigenous Australian",UndergradMajor,"A natural science (ex. biology, chemistry, physics)",0.5552923838096742,-11218.407445727416
RaceEthnicity,"Native American, Pacific Islander, or Indigenous Australian",UndergradMajor,"Computer science, computer engineering, or software engineering",0.5552923838096742,3843.231252227066
RaceEthnicity,"Native American, Pacific Islander, or Indigenous Australian",UndergradMajor,"Fine arts or performing arts (ex. graphic design, music, studio art)",0.5552923838096742,265816.54229743785
RaceEthnicity,"Native American, Pacific Islander, or Indigenous Australian",UndergradMajor,"A business discipline (ex. accounting, finance, marketing)",0.5552923838096742,91804.72879560162
RaceEthnicity,"Native American, Pacific Islander, or Indigenous Australian",UndergradMajor,"Another engineering discipline (ex. civil, electrical, mechanical)",0.5552923838096742,-38079.927306893085
RaceEthnicity,"Native American, Pacific Islander, or Indigenous Australian",UndergradMajor,"Information systems, information technology, or system administration",0.5552923838096742,-31090.739877924152
RaceEthnicity,"Native American, Pacific Islander, or Indigenous Australian",UndergradMajor,"A social science (ex. anthropology, psychology, political science)",0.5552923838096742,-101133.80509703714
RaceEthnicity,"Native American, Pacific Islander, or Indigenous Australian",UndergradMajor,Web development or web design,0.5552923838096742,244329.7903470009
RaceEthnicity,"Native American, Pacific Islander, or Indigenous Australian",UndergradMajor,"A humanities discipline (ex. literature, history, philosophy)",0.5552923838096742,-118223.01578656936
RaceEthnicity,"Native American, Pacific Islander, or Indigenous Australian",UndergradMajor,Mathematics or statistics,0.5552923838096742,-156696.12649601063
RaceEthnicity,"Native American, Pacific Islander, or Indigenous Australian",UndergradMajor,"A health science (ex. nursing, pharmacy, radiology)",0.5552923838096742,-33487.92198474512
RaceEthnicity,"Native American, Pacific Islander, or Indigenous Australian",UndergradMajor,I never declared a major,0.5552923838096742,-95121.07424354578
RaceEthnicity,"Native American, Pacific Islander, or Indigenous Australian",Hobby,Yes,0.5552923838096742,2.3885301835239227e+19
RaceEthnicity,"Native American, Pacific Islander, or Indigenous Australian",Hobby,No,0.5552923838096742,-6.923151929019166e+19
Age,35 - 44 years old,Exercise,Daily or almost every day,19.695773461761146,14646.561135310072
Age,35 - 44 years old,Exercise,1 - 2 times per week,19.695773461761146,1930.1373578238956
Age,35 - 44 years old,Exercise,I don't typically exercise,19.695773461761146,-10973.065446020384
Age,35 - 44 years old,Exercise,3 - 4 times per week,19.695773461761146,4819.435084083863
Age,35 - 44 years old,HoursComputer,5 - 8 hours,19.695773461761146,8107.858560618593
Age,35 - 44 years old,HoursComputer,9 - 12 hours,19.695773461761146,-4968.0613291465215
Age,35 - 44 years old,HoursComputer,Over 12 hours,19.695773461761146,11318.634308920755
Age,35 - 44 years old,HoursComputer,1 - 4 hours,19.695773461761146,-9513.521733404003
Age,35 - 44 years old,HoursComputer,Less than 1 hour,19.695773461761146,103562.17264566745
Age,35 - 44 years old,DevType,Database administrator,19.695773461761146,-756.8323521214388
Age,35 - 44 years old,DevType,Back-end developer,19.695773461761146,-1847.7536292011519
Age,35 - 44 years old,DevType,Mobile developer,19.695773461761146,-13778.72344257076
Age,35 - 44 years old,DevType,Front-end developer,19.695773461761146,20339.573775137367
Age,35 - 44 years old,DevType,Full-stack developer,19.695773461761146,-14494.582562987953
Age,35 - 44 years old,DevType,Designer,19.695773461761146,14995.388130812731
Age,35 - 44 years old,DevType,Embedded applications or devices developer,19.695773461761146,32943.057911618234
Age,35 - 44 years old,DevType,Engineering manager,19.695773461761146,32769.12199162891
Age,35 - 44 years old,DevType,Data scientist or machine learning specialist,19.695773461761146,23703.02037916937
Age,35 - 44 years old,DevType,Desktop or enterprise applications developer,19.695773461761146,-13501.482578621624
Age,35 - 44 years old,DevType,"C-suite executive (CEO, CTO, etc.)",19.695773461761146,52359.83355019601
Age,35 - 44 years old,DevType,QA or test developer,19.695773461761146,-57522.71911550917
Age,35 - 44 years old,DevType,System administrator,19.695773461761146,-46369.96617847393
Age,35 - 44 years old,DevType,Data or business analyst,19.695773461761146,-34562.032671168265
Age,35 - 44 years old,DevType,DevOps specialist,19.695773461761146,19017.23270612681
Age,35 - 44 years old,DevType,Educator or academic researcher,19.695773461761146,19626.427617434743
Age,35 - 44 years old,DevType,Student,19.695773461761146,-93369.46773821554
Age,35 - 44 years old,DevType,Game or graphics developer,19.695773461761146,-49825.35312324643
Age,35 - 44 years old,DevType,Product manager,19.695773461761146,-36517.685267837835
Age,35 - 44 years old,DevType,Marketing or sales professional,19.695773461761146,-62713.15487901901
Age,35 - 44 years old,FormalEducation,"Bachelor’s degree (BA, BS, B.Eng., etc.)",19.695773461761146,-5269.372139913385
Age,35 - 44 years old,FormalEducation,Some college/university study without earning a degree,19.695773461761146,-2510.5673366300452
Age,35 - 44 years old,FormalEducation,"Secondary school (e.g. American high school, German Realschule or Gymnasium, etc.)",19.695773461761146,-10620.748912923216
Age,35 - 44 years old,FormalEducation,"Master’s degree (MA, MS, M.Eng., MBA, etc.)",19.695773461761146,9378.17499163682
Age,35 - 44 years old,FormalEducation,Associate degree,19.695773461761146,-16405.094425957537
Age,35 - 44 years old,FormalEducation,"Professional degree (JD, MD, etc.)",19.695773461761146,3952.9140991670683
Age,35 - 44 years old,FormalEducation,Primary/elementary school,19.695773461761146,42836.050625730466
Age,35 - 44 years old,FormalEducation,"Other doctoral degree (Ph.D, Ed.D., etc.)",19.695773461761146,-3104.296890664764
Age,35 - 44 years old,FormalEducation,I never completed any formal education,19.695773461761146,-32324.31391349678
Age,35 - 44 years old,UndergradMajor,"A natural science (ex. biology, chemistry, physics)",19.695773461761146,10591.989650089046
Age,35 - 44 years old,UndergradMajor,"Computer science, computer engineering, or software engineering",19.695773461761146,-5906.681282156176
Age,35 - 44 years old,UndergradMajor,"Fine arts or performing arts (ex. graphic design, music, studio art)",19.695773461761146,19556.789060598625
Age,35 - 44 years old,UndergradMajor,"A business discipline (ex. accounting, finance, marketing)",19.695773461761146,-16360.586431907272
Age,35 - 44 years old,UndergradMajor,"Another engineering discipline (ex. civil, electrical, mechanical)",19.695773461761146,8120.843215268085
Age,35 - 44 years old,UndergradMajor,"Information systems, information technology, or system administration",19.695773461761146,-13303.21984682271
Age,35 - 44 years old,UndergradMajor,"A social science (ex. anthropology, psychology, political science)",19.695773461761146,-343.6504534329106
Age,35 - 44 years old,UndergradMajor,Web development or web design,19.695773461761146,-17176.36093016862
Age,35 - 44 years old,UndergradMajor,"A humanities discipline (ex. literature, history, philosophy)",19.695773461761146,42930.276874777905
Age,35 - 44 years old,UndergradMajor,Mathematics or statistics,19.695773461761146,2404.075566549721
Age,35 - 44 years old,UndergradMajor,"A health science (ex. nursing, pharmacy, radiology)",19.695773461761146,3064.1774926970375
Age,35 - 44 years old,UndergradMajor,I never declared a major,19.695773461761146,9253.286633167252
Age,35 - 44 years old,Hobby,Yes,19.695773461761146,2.840309369213457e+19
Age,35 - 44 years old,Hobby,No,19.695773461761146,-7.639678782218722e+19
Age,18 - 24 years old,Exercise,Daily or almost every day,20.04052844886573,-11776.678290805077
Age,18 - 24 years old,Exercise,1 - 2 times per week,20.04052844886573,12684.744851229392
Age,18 - 24 years old,Exercise,I don't typically exercise,20.04052844886573,-5005.16198973579
Age,18 - 24 years old,Exercise,3 - 4 times per week,20.04052844886573,22962.929208148766
Age,18 - 24 years old,HoursComputer,5 - 8 hours,20.04052844886573,14075.91189092204
Age,18 - 24 years old,HoursComputer,9 - 12 hours,20.04052844886573,-10256.334408401568
Age,18 - 24 years old,HoursComputer,Over 12 hours,20.04052844886573,693.0133281576591
Age,18 - 24 years old,HoursComputer,1 - 4 hours,20.04052844886573,-31461.217384798776
Age,18 - 24 years old,HoursComputer,Less than 1 hour,20.04052844886573,-48084.81747956803
Age,18 - 24 years old,DevType,Database administrator,20.04052844886573,-20364.595685062784
Age,18 - 24 years old,DevType,Back-end developer,20.04052844886573,-6121.057597023415
Age,18 - 24 years old,DevType,Mobile developer,20.04052844886573,23247.498900125902
Age,18 - 24 years old,DevType,Front-end developer,20.04052844886573,1214.7453241304272
Age,18 - 24 years old,DevType,Full-stack developer,20.04052844886573,5616.020026589253
Age,18 - 24 years old,DevType,Designer,20.04052844886573,-31288.787162474884
Age,18 - 24 years old,DevType,Embedded applications or devices developer,20.04052844886573,23686.618123474764
Age,18 - 24 years old,DevType,Engineering manager,20.04052844886573,14073.281454371016
Age,18 - 24 years old,DevType,Data scientist or machine learning specialist,20.04052844886573,-14479.972856347886
Age,18 - 24 years old,DevType,Desktop or enterprise applications developer,20.04052844886573,13653.996337088925
Age,18 - 24 years old,DevType,"C-suite executive (CEO, CTO, etc.)",20.04052844886573,48510.633923353635
Age,18 - 24 years old,DevType,QA or test developer,20.04052844886573,9880.481904879038
Age,18 - 24 years old,DevType,System administrator,20.04052844886573,19418.017779159363
Age,18 - 24 years old,DevType,Data or business analyst,20.04052844886573,-5603.194803872969
Age,18 - 24 years old,DevType,DevOps specialist,20.04052844886573,30157.135959222516
Age,18 - 24 years old,DevType,Educator or academic researcher,20.04052844886573,-4658.124296739893
Age,18 - 24 years old,DevType,Student,20.04052844886573,-35660.06683919042
Age,18 - 24 years old,DevType,Game or graphics developer,20.04052844886573,27390.30752013705
Age,18 - 24 years old,DevType,Product manager,20.04052844886573,-2874.551257140286
Age,18 - 24 years old,DevType,Marketing or sales professional,20.04052844886573,0.0
Age,18 - 24 years old,FormalEducation,"Bachelor’s degree (BA, BS, B.Eng., etc.)",20.04052844886573,-446.27212969560225
Age,18 - 24 years old,FormalEducation,Some college/university study without earning a degree,20.04052844886573,7019.053867638318
Age,18 - 24 years old,FormalEducation,"Secondary school (e.g. American high school, German Realschule or Gymnasium, etc.)",20.04052844886573,-13437.551313075794
Age,18 - 24 years old,FormalEducation,"Master’s degree (MA, MS, M.Eng., MBA, etc.)",20.04052844886573,6499.055502820436
Age,18 - 24 years old,FormalEducation,Associate degree,20.04052844886573,14479.625490757408
Age,18 - 24 years old,FormalEducation,"Professional degree (JD, MD, etc.)",20.04052844886573,-16484.82768058423
Age,18 - 24 years old,FormalEducation,Primary/elementary school,20.04052844886573,-4112.282585103144
Age,18 - 24 years old,FormalEducation,"Other doctoral degree (Ph.D, Ed.D., etc.)",20.04052844886573,-25888.570395889572
Age,18 - 24 years old,FormalEducation,I never completed any formal education,20.04052844886573,37315.673442265586
Age,18 - 24 years old,UndergradMajor,"A natural science (ex. biology, chemistry, physics)",20.04052844886573,-1535.491516515593
Age,18 - 24 years old,UndergradMajor,"Computer science, computer engineering, or software engineering",20.04052844886573,9204.097380270974
Age,18 - 24 years old,UndergradMajor,"Fine arts or performing arts (ex. graphic design, music, studio art)",20.04052844886573,-32009.055551687343
Age,18 - 24 years old,UndergradMajor,"A business discipline (ex. accounting, finance, marketing)",20.04052844886573,-20407.475611999387
Age,18 - 24 years old,UndergradMajor,"Another engineering discipline (ex. civil, electrical, mechanical)",20.04052844886573,-16765.228475727046
Age,18 - 24 years old,UndergradMajor,"Information systems, information technology, or system administration",20.04052844886573,-1838.645921699313
Age,18 - 24 years old,UndergradMajor,"A social science (ex. anthropology, psychology, political science)",20.04052844886573,13643.192260443546
Age,18 - 24 years old,UndergradMajor,Web development or web design,20.04052844886573,4945.029046954334
Age,18 - 24 years old,UndergradMajor,"A humanities discipline (ex. literature, history, philosophy)",20.04052844886573,38258.811703958294
Age,18 - 24 years old,UndergradMajor,Mathematics or statistics,20.04052844886573,5786.049562334766
Age,18 - 24 years old,UndergradMajor,"A health science (ex. nursing, pharmacy, radiology)",20.04052844886573,56815.59890763843
Age,18 - 24 years old,UndergradMajor,I never declared a major,20.04052844886573,2752.407603437945
Age,18 - 24 years old,Hobby,Yes,20.04052844886573,3.183939846648889e+18
Age,18 - 24 years old,Hobby,No,20.04052844886573,-9.43013919496961e+19
Age,25 - 34 years old,Exercise,Daily or almost every day,52.14484972893311,6858.573058257126
Age,25 - 34 years old,Exercise,1 - 2 times per week,52.14484972893311,6178.566160745348
Age,25 - 34 years old,Exercise,I don't typically exercise,52.14484972893311,-15852.22859573345
Age,25 - 34 years old,Exercise,3 - 4 times per week,52.14484972893311,24596.916404720585
Age,25 - 34 years old,HoursComputer,5 - 8 hours,52.14484972893311,5234.453013752516
Age,25 - 34 years old,HoursComputer,9 - 12 hours,52.14484972893311,-2532.2086913587927
Age,25 - 34 years old,HoursComputer,Over 12 hours,52.14484972893311,2003.3298407713323
Age,25 - 34 years old,HoursComputer,1 - 4 hours,52.14484972893311,17838.93003094213
Age,25 - 34 years old,HoursComputer,Less than 1 hour,52.14484972893311,-26868.39065675961
Age,25 - 34 years old,DevType,Database administrator,52.14484972893311,26969.565586624798
Age,25 - 34 years old,DevType,Back-end developer,52.14484972893311,5897.804493394702
Age,25 - 34 years old,DevType,Mobile developer,52.14484972893311,-11012.759232401404
Age,25 - 34 years old,DevType,Front-end developer,52.14484972893311,-249.094189956253
Age,25 - 34 years old,DevType,Full-stack developer,52.14484972893311,-2396.43813719405
Age,25 - 34 years old,DevType,Designer,52.14484972893311,-9596.983924532711
Age,25 - 34 years old,DevType,Embedded applications or devices developer,52.14484972893311,-5975.078556681801
Age,25 - 34 years old,DevType,Engineering manager,52.14484972893311,43751.90199612033
Age,25 - 34 years old,DevType,Data scientist or machine learning specialist,52.14484972893311,-8387.806168462324
Age,25 - 34 years old,DevType,Desktop or enterprise applications developer,52.14484972893311,-16059.36512645748
Age,25 - 34 years old,DevType,"C-suite executive (CEO, CTO, etc.)",52.14484972893311,15303.510882680028
Age,25 - 34 years old,DevType,QA or test developer,52.14484972893311,-22832.38589620953
Age,25 - 34 years old,DevType,System administrator,52.14484972893311,3630.9662663686304
Age,25 - 34 years old,DevType,Data or business analyst,52.14484972893311,11574.863734498958
Age,25 - 34 years old,DevType,DevOps specialist,52.14484972893311,15569.185786217226
Age,25 - 34 years old,DevType,Educator or academic researcher,52.14484972893311,-18986.37792640814
Age,25 - 34 years old,DevType,Student,52.14484972893311,-22173.669050087534
Age,25 - 34 years old,DevType,Game or graphics developer,52.14484972893311,4876.825517353992
Age,25 - 34 years old,DevType,Product manager,52.14484972893311,-27130.77675220669
Age,25 - 34 years old,DevType,Marketing or sales professional,52.14484972893311,-48327.76807805202
Age,25 - 34 years old,FormalEducation,"Bachelor’s degree (BA, BS, B.Eng., etc.)",52.14484972893311,605.2577452751902
Age,25 - 34 years old,FormalEducation,Some college/university study without earning a degree,52.14484972893311,-10566.137771021844
Age,25 - 34 years old,FormalEducation,"Secondary school (e.g. American high school, German Realschule or Gymnasium, etc.)",52.14484972893311,-3179.832575495883
Age,25 - 34 years old,FormalEducation,"Master’s degree (MA, MS, M.Eng., MBA, etc.)",52.14484972893311,6119.552744395857
Age,25 - 34 years old,FormalEducation,Associate degree,52.14484972893311,-23973.391367548444
Age,25 - 34 years old,FormalEducation,"Professional degree (JD, MD, etc.)",52.14484972893311,-11246.39664179243
Age,25 - 34 years old,FormalEducation,Primary/elementary school,52.14484972893311,2247.5363180803806
Age,25 - 34 years old,FormalEducation,"Other doctoral degree (Ph.D, Ed.D., etc.)",52.14484972893311,21008.575631992455
Age,25 - 34 years old,FormalEducation,I never completed any formal education,52.14484972893311,77563.17256285323
Age,25 - 34 years old,UndergradMajor,"A natural science (ex. biology, chemistry, physics)",52.14484972893311,12112.015545350238
Age,25 - 34 years old,UndergradMajor,"Computer science, computer engineering, or software engineering",52.14484972893311,6900.118528017145
Age,25 - 34 years old,UndergradMajor,"Fine arts or performing arts (ex. graphic design, music, studio art)",52.14484972893311,1271.7108355343175
Age,25 - 34 years old,UndergradMajor,"A business discipline (ex. accounting, finance, marketing)",52.14484972893311,-1770.5758394799568
Age,25 - 34 years old,UndergradMajor,"Another engineering discipline (ex. civil, electrical, mechanical)",52.14484972893311,-6899.812135189584
Age,25 - 34 years old,UndergradMajor,"Information systems, information technology, or system administration",52.14484972893311,9755.204655572175
Age,25 - 34 years old,UndergradMajor,"A social science (ex. anthropology, psychology, political science)",52.14484972893311,-4121.028149612715
Age,25 - 34 years old,UndergradMajor,Web development or web design,52.14484972893311,-13232.425585422012
Age,25 - 34 years old,UndergradMajor,"A humanities discipline (ex. literature, history, philosophy)",52.14484972893311,-18490.09400504615
Age,25 - 34 years old,UndergradMajor,Mathematics or statistics,52.14484972893311,-1988.8430144021859
Age,25 - 34 years old,UndergradMajor,"A health science (ex. nursing, pharmacy, radiology)",52.14484972893311,-16812.16710668385
Age,25 - 34 years old,UndergradMajor,I never declared a major,52.14484972893311,-5004.891556611157
Age,25 - 34 years old,Hobby,Yes,52.14484972893311,-336027.0572135726
Age,25 - 34 years old,Hobby,No,52.14484972893311,367931.3573847764
Age,45 - 54 years old,Exercise,Daily or almost every day,5.523974946049792,32637.272837208548
Age,45 - 54 years old,Exercise,1 - 2 times per week,5.523974946049792,-9991.114892732465
Age,45 - 54 years old,Exercise,I don't typically exercise,5.523974946049792,-39739.28882946388
Age,45 - 54 years old,Exercise,3 - 4 times per week,5.523974946049792,-5779.935529839914
Age,45 - 54 years old,HoursComputer,5 - 8 hours,5.523974946049792,2323.3609508158042
Age,45 - 54 years old,HoursComputer,9 - 12 hours,5.523974946049792,6753.263362748012
Age,45 - 54 years old,HoursComputer,Over 12 hours,5.523974946049792,-63256.53648048779
Age,45 - 54 years old,HoursComputer,1 - 4 hours,5.523974946049792,211530.6764904166
Age,45 - 54 years old,HoursComputer,Less than 1 hour,5.523974946049792,-74012.83784128971
Age,45 - 54 years old,DevType,Database administrator,5.523974946049792,52436.96920714581
Age,45 - 54 years old,DevType,Back-end developer,5.523974946049792,9969.766968204738
Age,45 - 54 years old,DevType,Mobile developer,5.523974946049792,-37584.4656172683
Age,45 - 54 years old,DevType,Front-end developer,5.523974946049792,-32875.7292683795
Age,45 - 54 years old,DevType,Full-stack developer,5.523974946049792,-31332.044638974887
Age,45 - 54 years old,DevType,Designer,5.523974946049792,13965.559797476335
Age,45 - 54 years old,DevType,Embedded applications or devices developer,5.523974946049792,4716.593022507527
Age,45 - 54 years old,DevType,Engineering manager,5.523974946049792,40006.926332853836
Age,45 - 54 years old,DevType,Data scientist or machine learning specialist,5.523974946049792,-35702.63714349659
Age,45 - 54 years old,DevType,Desktop or enterprise applications developer,5.523974946049792,9229.350077682877
Age,45 - 54 years old,DevType,"C-suite executive (CEO, CTO, etc.)",5.523974946049792,79801.77114980215
Age,45 - 54 years old,DevType,QA or test developer,5.523974946049792,-5699.025775997933
Age,45 - 54 years old,DevType,System administrator,5.523974946049792,-51554.06258613595
Age,45 - 54 years old,DevType,Data or business analyst,5.523974946049792,12867.68869218635
Age,45 - 54 years old,DevType,DevOps specialist,5.523974946049792,-23687.460511171517
Age,45 - 54 years old,DevType,Educator or academic researcher,5.523974946049792,-68018.3597408651
Age,45 - 54 years old,DevType,Student,5.523974946049792,-132212.36492482913
Age,45 - 54 years old,DevType,Game or graphics developer,5.523974946049792,16148.520482165304
Age,45 - 54 years old,DevType,Product manager,5.523974946049792,5195.2360477308275
Age,45 - 54 years old,DevType,Marketing or sales professional,5.523974946049792,213080.67176095932
Age,45 - 54 years old,FormalEducation,"Bachelor’s degree (BA, BS, B.Eng., etc.)",5.523974946049792,-7264.1850190005025
Age,45 - 54 years old,FormalEducation,Some college/university study without earning a degree,5.523974946049792,7311.105496980819
Age,45 - 54 years old,FormalEducation,"Secondary school (e.g. American high school, German Realschule or Gymnasium, etc.)",5.523974946049792,-55123.22499711193
Age,45 - 54 years old,FormalEducation,"Master’s degree (MA, MS, M.Eng., MBA, etc.)",5.523974946049792,-5697.729119465669
Age,45 - 54 years old,FormalEducation,Associate degree,5.523974946049792,33271.926154659595
Age,45 - 54 years old,FormalEducation,"Professional degree (JD, MD, etc.)",5.523974946049792,31292.835113785095
Age,45 - 54 years old,FormalEducation,Primary/elementary school,5.523974946049792,-76721.53035914616
Age,45 - 54 years old,FormalEducation,"Other doctoral degree (Ph.D, Ed.D., etc.)",5.523974946049792,51108.59845575364
Age,45 - 54 years old,FormalEducation,I never completed any formal education,5.523974946049792,-70366.2620539006
Age,45 - 54 years old,UndergradMajor,"A natural science (ex. biology, chemistry, physics)",5.523974946049792,7264.620202561225
Age,45 - 54 years old,UndergradMajor,"Computer science, computer engineering, or software engineering",5.523974946049792,-3874.581270975675
Age,45 - 54 years old,UndergradMajor,"Fine arts or performing arts (ex. graphic design, music, studio art)",5.523974946049792,-16324.88461100757
Age,45 - 54 years old,UndergradMajor,"A business discipline (ex. accounting, finance, marketing)",5.523974946049792,-36267.94436182988
Age,45 - 54 years old,UndergradMajor,"Another engineering discipline (ex. civil, electrical, mechanical)",5.523974946049792,-7180.936132382663
Age,45 - 54 years old,UndergradMajor,"Information systems, information technology, or system administration",5.523974946049792,27670.23112784883
Age,45 - 54 years old,UndergradMajor,"A social science (ex. anthropology, psychology, political science)",5.523974946049792,13701.284054007392
Age,45 - 54 years old,UndergradMajor,Web development or web design,5.523974946049792,-51662.98996130223
Age,45 - 54 years old,UndergradMajor,"A humanities discipline (ex. literature, history, philosophy)",5.523974946049792,19396.99188231909
Age,45 - 54 years old,UndergradMajor,Mathematics or statistics,5.523974946049792,5965.525823995117
Age,45 - 54 years old,UndergradMajor,"A health science (ex. nursing, pharmacy, radiology)",5.523974946049792,-43826.62384287586
Age,45 - 54 years old,UndergradMajor,I never declared a major,5.523974946049792,38079.84703997957
Age,45 - 54 years old,Hobby,Yes,5.523974946049792,2165793.611873253
Age,45 - 54 years old,Hobby,No,5.523974946049792,388736.11982334376
Age,55 - 64 years old,Exercise,Daily or almost every day,1.5079741039002053,17880.87426900416
Age,55 - 64 years old,Exercise,1 - 2 times per week,1.5079741039002053,-28170.596943386696
Age,55 - 64 years old,Exercise,I don't typically exercise,1.5079741039002053,-14205.132206203421
Age,55 - 64 years old,Exercise,3 - 4 times per week,1.5079741039002053,1091.1307516081988
Age,55 - 64 years old,HoursComputer,5 - 8 hours,1.5079741039002053,-1925.5563891008735
Age,55 - 64 years old,HoursComputer,9 - 12 hours,1.5079741039002053,-14458.109763294013
Age,55 - 64 years old,HoursComputer,Over 12 hours,1.5079741039002053,68667.71717162075
Age,55 - 64 years old,HoursComputer,1 - 4 hours,1.5079741039002053,-109137.4815258355
Age,55 - 64 years old,HoursComputer,Less than 1 hour,1.5079741039002053,0.0
Age,55 - 64 years old,DevType,Database administrator,1.5079741039002053,-109824.78031677195
Age,55 - 64 years old,DevType,Back-end developer,1.5079741039002053,-16566.319555248483
Age,55 - 64 years old,DevType,Mobile developer,1.5079741039002053,-64722.47118983969
Age,55 - 64 years old,DevType,Front-end developer,1.5079741039002053,86808.8710635888
Age,55 - 64 years old,DevType,Full-stack developer,1.5079741039002053,68966.96076047559
Age,55 - 64 years old,DevType,Designer,1.5079741039002053,-63724.091686107044
Age,55 - 64 years old,DevType,Embedded applications or devices developer,1.5079741039002053,-50124.866754057075
Age,55 - 64 years old,DevType,Engineering manager,1.5079741039002053,18841.20748078234
Age,55 - 64 years old,DevType,Data scientist or machine learning specialist,1.5079741039002053,-42459.779356138046
Age,55 - 64 years old,DevType,Desktop or enterprise applications developer,1.5079741039002053,57997.65830771308
Age,55 - 64 years old,DevType,"C-suite executive (CEO, CTO, etc.)",1.5079741039002053,105320.86887904367
Age,55 - 64 years old,DevType,QA or test developer,1.5079741039002053,-94421.23805645863
Age,55 - 64 years old,DevType,System administrator,1.5079741039002053,180365.2250127608
Age,55 - 64 years old,DevType,Data or business analyst,1.5079741039002053,-13446.076038427522
Age,55 - 64 years old,DevType,DevOps specialist,1.5079741039002053,-60919.34601065251
Age,55 - 64 years old,DevType,Educator or academic researcher,1.5079741039002053,-120838.75471396367
Age,55 - 64 years old,DevType,Student,1.5079741039002053,-78730.02669105522
Age,55 - 64 years old,DevType,Game or graphics developer,1.5079741039002053,0.0
Age,55 - 64 years old,DevType,Product manager,1.5079741039002053,0.0
Age,55 - 64 years old,DevType,Marketing or sales professional,1.5079741039002053,0.0
Age,55 - 64 years old,FormalEducation,"Bachelor’s degree (BA, BS, B.Eng., etc.)",1.5079741039002053,23576.338793962914
Age,55 - 64 years old,FormalEducation,Some college/university study without earning a degree,1.5079741039002053,-73050.48515343826
Age,55 - 64 years old,FormalEducation,"Secondary school (e.g. American high school, German Realschule or Gymnasium, etc.)",1.5079741039002053,42513.274850828595
Age,55 - 64 years old,FormalEducation,"Master’s degree (MA, MS, M.Eng., MBA, etc.)",1.5079741039002053,7739.4061572624505
Age,55 - 64 years old,FormalEducation,Associate degree,1.5079741039002053,-52808.35402800391
Age,55 - 64 years old,FormalEducation,"Professional degree (JD, MD, etc.)",1.5079741039002053,67668.12278286024
Age,55 - 64 years old,FormalEducation,Primary/elementary school,1.5079741039002053,-237461.21996721483
Age,55 - 64 years old,FormalEducation,"Other doctoral degree (Ph.D, Ed.D., etc.)",1.5079741039002053,-23398.240088503244
Age,55 - 64 years old,FormalEducation,I never completed any formal education,1.5079741039002053,260461.32458816425
Age,55 - 64 years old,UndergradMajor,"A natural science (ex. biology, chemistry, physics)",1.5079741039002053,7476.967567762433
Age,55 - 64 years old,UndergradMajor,"Computer science, computer engineering, or software engineering",1.5079741039002053,7753.710669723596
Age,55 - 64 years old,UndergradMajor,"Fine arts or performing arts (ex. graphic design, music, studio art)",1.5079741039002053,-139207.46864323263
Age,55 - 64 years old,UndergradMajor,"A business discipline (ex. accounting, finance, marketing)",1.5079741039002053,57970.1083449898
Age,55 - 64 years old,UndergradMajor,"Another engineering discipline (ex. civil, electrical, mechanical)",1.5079741039002053,14599.656410095757
Age,55 - 64 years old,UndergradMajor,"Information systems, information technology, or system administration",1.5079741039002053,8993.400345213016
Age,55 - 64 years old,UndergradMajor,"A social science (ex. anthropology, psychology, political science)",1.5079741039002053,-20918.52698509645
Age,55 - 64 years old,UndergradMajor,Web development or web design,1.5079741039002053,-155653.61346362683
Age,55 - 64 years old,UndergradMajor,"A humanities discipline (ex. literature, history, philosophy)",1.5079741039002053,-82088.81506802423
Age,55 - 64 years old,UndergradMajor,Mathematics or statistics,1.5079741039002053,30281.18883733088
Age,55 - 64 years old,UndergradMajor,"A health science (ex. nursing, pharmacy, radiology)",1.5079741039002053,-81035.18141880028
Age,55 - 64 years old,UndergradMajor,I never declared a major,1.5079741039002053,-99702.86690410657
Age,55 - 64 years old,Hobby,Yes,1.5079741039002053,3.1172441792502504e+20
Age,55 - 64 years old,Hobby,No,1.5079741039002053,7394517.312557616
Age,Under 18 years old,Exercise,Daily or almost every day,0.9237328280435813,34912.21925093669
Age,Under 18 years old,Exercise,1 - 2 times per week,0.9237328280435813,-28364.972434524974
Age,Under 18 years old,Exercise,I don't typically exercise,0.9237328280435813,4796.999416673204
Age,Under 18 years old,Exercise,3 - 4 times per week,0.9237328280435813,16745.657280745854
Age,Under 18 years old,HoursComputer,5 - 8 hours,0.9237328280435813,2919.279423317072
Age,Under 18 years old,HoursComputer,9 - 12 hours,0.9237328280435813,29665.17402038751
Age,Under 18 years old,HoursComputer,Over 12 hours,0.9237328280435813,55061.13295346747
Age,Under 18 years old,HoursComputer,1 - 4 hours,0.9237328280435813,-35075.062502229455
Age,Under 18 years old,HoursComputer,Less than 1 hour,0.9237328280435813,-93964.90448288825
Age,Under 18 years old,DevType,Database administrator,0.9237328280435813,-29783.77603102566
Age,Under 18 years old,DevType,Back-end developer,0.9237328280435813,8625.907209093653
Age,Under 18 years old,DevType,Mobile developer,0.9237328280435813,-36238.02312493621
Age,Under 18 years old,DevType,Front-end developer,0.9237328280435813,-38825.17308522214
Age,Under 18 years old,DevType,Full-stack developer,0.9237328280435813,-17297.82433593599
Age,Under 18 years old,DevType,Designer,0.9237328280435813,96086.06050602817
Age,Under 18 years old,DevType,Embedded applications or devices developer,0.9237328280435813,-58795.06939394184
Age,Under 18 years old,DevType,Engineering manager,0.9237328280435813,0.0
Age,Under 18 years old,DevType,Data scientist or machine learning specialist,0.9237328280435813,86582.3678011594
Age,Under 18 years old,DevType,Desktop or enterprise applications developer,0.9237328280435813,-26947.943866486115
Age,Under 18 years old,DevType,"C-suite executive (CEO, CTO, etc.)",0.9237328280435813,-106447.83066481941
Age,Under 18 years old,DevType,QA or test developer,0.9237328280435813,0.0
Age,Under 18 years old,DevType,System administrator,0.9237328280435813,0.0
Age,Under 18 years old,DevType,Data or business analyst,0.9237328280435813,29817.938550034207
Age,Under 18 years old,DevType,DevOps specialist,0.9237328280435813,15828.373789647683
Age,Under 18 years old,DevType,Educator or academic researcher,0.9237328280435813,-82260.76523828256
Age,Under 18 years old,DevType,Student,0.9237328280435813,-7683.981715345794
Age,Under 18 years old,DevType,Game or graphics developer,0.9237328280435813,-7463.319635875637
Age,Under 18 years old,DevType,Product manager,0.9237328280435813,0.0
Age,Under 18 years old,DevType,Marketing or sales professional,0.9237328280435813,0.0
Age,Under 18 years old,FormalEducation,"Bachelor’s degree (BA, BS, B.Eng., etc.)",0.9237328280435813,-14755.926436457681
Age,Under 18 years old,FormalEducation,Some college/university study without earning a degree,0.9237328280435813,18303.484068129434
Age,Under 18 years old,FormalEducation,"Secondary school (e.g. American high school, German Realschule or Gymnasium, etc.)",0.9237328280435813,-50711.522882756115
Age,Under 18 years old,FormalEducation,"Master’s degree (MA, MS, M.Eng., MBA, etc.)",0.9237328280435813,241716.41057010685
Age,Under 18 years old,FormalEducation,Associate degree,0.9237328280435813,3135.364274321874
Age,Under 18 years old,FormalEducation,"Professional degree (JD, MD, etc.)",0.9237328280435813,147001.15063005756
Age,Under 18 years old,FormalEducation,Primary/elementary school,0.9237328280435813,-23429.260196204257
Age,Under 18 years old,FormalEducation,"Other doctoral degree (Ph.D, Ed.D., etc.)",0.9237328280435813,54702.425703794564
Age,Under 18 years old,FormalEducation,I never completed any formal education,0.9237328280435813,-46640.116669684234
Age,Under 18 years old,UndergradMajor,"A natural science (ex. biology, chemistry, physics)",0.9237328280435813,-9428.786470157951
Age,Under 18 years old,UndergradMajor,"Computer science, computer engineering, or software engineering",0.9237328280435813,19191.84466072626
Age,Under 18 years old,UndergradMajor,"Fine arts or performing arts (ex. graphic design, music, studio art)",0.9237328280435813,-38536.7029356678
Age,Under 18 years old,UndergradMajor,"A business discipline (ex. accounting, finance, marketing)",0.9237328280435813,-54259.49705361896
Age,Under 18 years old,UndergradMajor,"Another engineering discipline (ex. civil, electrical, mechanical)",0.9237328280435813,-33535.126715339225
Age,Under 18 years old,UndergradMajor,"Information systems, information technology, or system administration",0.9237328280435813,37986.76461404552
Age,Under 18 years old,UndergradMajor,"A social science (ex. anthropology, psychology, political science)",0.9237328280435813,-18258.279896011336
Age,Under 18 years old,UndergradMajor,Web development or web design,0.9237328280435813,-12530.813038027822
Age,Under 18 years old,UndergradMajor,"A humanities discipline (ex. literature, history, philosophy)",0.9237328280435813,-41019.20331454745
Age,Under 18 years old,UndergradMajor,Mathematics or statistics,0.9237328280435813,33054.85715210645
Age,Under 18 years old,UndergradMajor,"A health science (ex. nursing, pharmacy, radiology)",0.9237328280435813,77140.28100223256
Age,Under 18 years old,UndergradMajor,I never declared a major,0.9237328280435813,218.02788112092236
Age,Under 18 years old,Hobby,Yes,0.9237328280435813,493142.5768480947
Age,Under 18 years old,Hobby,No,0.9237328280435813,1620579.014803822
Age,65 years or older,Exercise,Daily or almost every day,0.16316648244644455,78533.64240338044
Age,65 years or older,Exercise,1 - 2 times per week,0.16316648244644455,-23183.4826429354
Age,65 years or older,Exercise,I don't typically exercise,0.16316648244644455,-55969.68384358718
Age,65 years or older,Exercise,3 - 4 times per week,0.16316648244644455,103433.0663229231
Age,65 years or older,HoursComputer,5 - 8 hours,0.16316648244644455,-53291.594466900926
Age,65 years or older,HoursComputer,9 - 12 hours,0.16316648244644455,48942.31921150253
Age,65 years or older,HoursComputer,Over 12 hours,0.16316648244644455,222103.96295651165
Age,65 years or older,HoursComputer,1 - 4 hours,0.16316648244644455,-270890.30325581995
Age,65 years or older,HoursComputer,Less than 1 hour,0.16316648244644455,241673.34705937514
Age,65 years or older,DevType,Database administrator,0.16316648244644455,-118872.76533958859
Age,65 years or older,DevType,Back-end developer,0.16316648244644455,-64442.78813890225
Age,65 years or older,DevType,Mobile developer,0.16316648244644455,284729.8331365901
Age,65 years or older,DevType,Front-end developer,0.16316648244644455,-110420.8681475136
Age,65 years or older,DevType,Full-stack developer,0.16316648244644455,267781.7061999592
Age,65 years or older,DevType,Designer,0.16316648244644455,-78729.5373757484
Age,65 years or older,DevType,Embedded applications or devices developer,0.16316648244644455,0.0
Age,65 years or older,DevType,Engineering manager,0.16316648244644455,0.0
Age,65 years or older,DevType,Data scientist or machine learning specialist,0.16316648244644455,-211864.7466823318
Age,65 years or older,DevType,Desktop or enterprise applications developer,0.16316648244644455,-10020.280462891184
Age,65 years or older,DevType,"C-suite executive (CEO, CTO, etc.)",0.16316648244644455,-101244.28991537874
Age,65 years or older,DevType,QA or test developer,0.16316648244644455,0.0
Age,65 years or older,DevType,System administrator,0.16316648244644455,-216074.19710549555
Age,65 years or older,DevType,Data or business analyst,0.16316648244644455,-141133.49987873927
Age,65 years or older,DevType,DevOps specialist,0.16316648244644455,0.0
Age,65 years or older,DevType,Educator or academic researcher,0.16316648244644455,134259.8296551671
Age,65 years or older,DevType,Student,0.16316648244644455,0.0
Age,65 years or older,DevType,Game or graphics developer,0.16316648244644455,3310.958844560013
Age,65 years or older,DevType,Product manager,0.16316648244644455,0.0
Age,65 years or older,DevType,Marketing or sales professional,0.16316648244644455,0.0
Age,65 years or older,FormalEducation,"Bachelor’s degree (BA, BS, B.Eng., etc.)",0.16316648244644455,139638.39398680514
Age,65 years or older,FormalEducation,Some college/university study without earning a degree,0.16316648244644455,47952.72102693275
Age,65 years or older,FormalEducation,"Secondary school (e.g. American high school, German Realschule or Gymnasium, etc.)",0.16316648244644455,0.0
Age,65 years or older,FormalEducation,"Master’s degree (MA, MS, M.Eng., MBA, etc.)",0.16316648244644455,-81698.78382658916
Age,65 years or older,FormalEducation,Associate degree,0.16316648244644455,160867.69448979796
Age,65 years or older,FormalEducation,"Professional degree (JD, MD, etc.)",0.16316648244644455,157604.02219138623
Age,65 years or older,FormalEducation,Primary/elementary school,0.16316648244644455,-291256.2989218566
Age,65 years or older,FormalEducation,"Other doctoral degree (Ph.D, Ed.D., etc.)",0.16316648244644455,-95410.2318933379
Age,65 years or older,FormalEducation,I never completed any formal education,0.16316648244644455,145628.14946087214
Age,65 years or older,UndergradMajor,"A natural science (ex. biology, chemistry, physics)",0.16316648244644455,-73693.10312221163
Age,65 years or older,UndergradMajor,"Computer science, computer engineering, or software engineering",0.16316648244644455,211949.45172072903
Age,65 years or older,UndergradMajor,"Fine arts or performing arts (ex. graphic design, music, studio art)",0.16316648244644455,0.0
Age,65 years or older,UndergradMajor,"A business discipline (ex. accounting, finance, marketing)",0.16316648244644455,-23005.080803042983
Age,65 years or older,UndergradMajor,"Another engineering discipline (ex. civil, electrical, mechanical)",0.16316648244644455,-136658.28529614766
Age,65 years or older,UndergradMajor,"Information systems, information technology, or system administration",0.16316648244644455,-91125.52343821562
Age,65 years or older,UndergradMajor,"A social science (ex. anthropology, psychology, political science)",0.16316648244644455,-169489.57973334205
Age,65 years or older,UndergradMajor,Web development or web design,0.16316648244644455,0.0
Age,65 years or older,UndergradMajor,"A humanities discipline (ex. literature, history, philosophy)",0.16316648244644455,-282753.51162477484
Age,65 years or older,UndergradMajor,Mathematics or statistics,0.16316648244644455,-45364.45184075633
Age,65 years or older,UndergradMajor,"A health science (ex. nursing, pharmacy, radiology)",0.16316648244644455,3310.958844560013
Age,65 years or older,UndergradMajor,I never declared a major,0.16316648244644455,0.0
Age,65 years or older,Hobby,Yes,0.16316648244644455,-5503922.513698689
Age,65 years or older,Hobby,No,0.16316648244644455,-8.701279571040805e+19
YearsCoding,30 or more years,Exercise,Daily or almost every day,4.729196273488078,15146.936496736917
YearsCoding,30 or more years,Exercise,1 - 2 times per week,4.729196273488078,5650.068036864371
YearsCoding,30 or more years,Exercise,I don't typically exercise,4.729196273488078,-10406.925362249678
YearsCoding,30 or more years,Exercise,3 - 4 times per week,4.729196273488078,2888.5664174651456
YearsCoding,30 or more years,HoursComputer,5 - 8 hours,4.729196273488078,9832.44395776358
YearsCoding,30 or more years,HoursComputer,9 - 12 hours,4.729196273488078,-2058.1663224116064
YearsCoding,30 or more years,HoursComputer,Over 12 hours,4.729196273488078,-13661.143095962034
YearsCoding,30 or more years,HoursComputer,1 - 4 hours,4.729196273488078,58031.22690246979
YearsCoding,30 or more years,HoursComputer,Less than 1 hour,4.729196273488078,-55909.035823595055
YearsCoding,30 or more years,DevType,Database administrator,4.729196273488078,1348.612415020627
YearsCoding,30 or more years,DevType,Back-end developer,4.729196273488078,-10079.020852891445
YearsCoding,30 or more years,DevType,Mobile developer,4.729196273488078,-38046.46945814717
YearsCoding,30 or more years,DevType,Front-end developer,4.729196273488078,-52056.83432874311
YearsCoding,30 or more years,DevType,Full-stack developer,4.729196273488078,1241.9004826933997
YearsCoding,30 or more years,DevType,Designer,4.729196273488078,-35034.88576000823
YearsCoding,30 or more years,DevType,Embedded applications or devices developer,4.729196273488078,35717.400241051946
YearsCoding,30 or more years,DevType,Engineering manager,4.729196273488078,-18606.722161715363
YearsCoding,30 or more years,DevType,Data scientist or machine learning specialist,4.729196273488078,-15008.941706999536
YearsCoding,30 or more years,DevType,Desktop or enterprise applications developer,4.729196273488078,31063.160969873737
YearsCoding,30 or more years,DevType,"C-suite executive (CEO, CTO, etc.)",4.729196273488078,59851.377939753234
YearsCoding,30 or more years,DevType,QA or test developer,4.729196273488078,-71419.6598795011
YearsCoding,30 or more years,DevType,System administrator,4.729196273488078,54697.62482764748
YearsCoding,30 or more years,DevType,Data or business analyst,4.729196273488078,-12361.760842949501
YearsCoding,30 or more years,DevType,DevOps specialist,4.729196273488078,8430.880746263407
YearsCoding,30 or more years,DevType,Educator or academic researcher,4.729196273488078,-73000.80079890159
YearsCoding,30 or more years,DevType,Student,4.729196273488078,-163144.78280086198
YearsCoding,30 or more years,DevType,Game or graphics developer,4.729196273488078,50341.223456861946
YearsCoding,30 or more years,DevType,Product manager,4.729196273488078,-61714.26250539414
YearsCoding,30 or more years,DevType,Marketing or sales professional,4.729196273488078,0.0
YearsCoding,30 or more years,FormalEducation,"Bachelor’s degree (BA, BS, B.Eng., etc.)",4.729196273488078,15331.735780348663
YearsCoding,30 or more years,FormalEducation,Some college/university study without earning a degree,4.729196273488078,-11562.531086244457
YearsCoding,30 or more years,FormalEducation,"Secondary school (e.g. American high school, German Realschule or Gymnasium, etc.)",4.729196273488078,-12175.577687990854
YearsCoding,30 or more years,FormalEducation,"Master’s degree (MA, MS, M.Eng., MBA, etc.)",4.729196273488078,4648.98490666698
YearsCoding,30 or more years,FormalEducation,Associate degree,4.729196273488078,-26926.99743717296
YearsCoding,30 or more years,FormalEducation,"Professional degree (JD, MD, etc.)",4.729196273488078,32222.15076857301
YearsCoding,30 or more years,FormalEducation,Primary/elementary school,4.729196273488078,-140019.89496302322
YearsCoding,30 or more years,FormalEducation,"Other doctoral degree (Ph.D, Ed.D., etc.)",4.729196273488078,19583.266914463293
YearsCoding,30 or more years,FormalEducation,I never completed any formal education,4.729196273488078,-92878.51754294438
YearsCoding,30 or more years,UndergradMajor,"A natural science (ex. biology, chemistry, physics)",4.729196273488078,16170.677855069725
YearsCoding,30 or more years,UndergradMajor,"Computer science, computer engineering, or software engineering",4.729196273488078,-133.731902567386
YearsCoding,30 or more years,UndergradMajor,"Fine arts or performing arts (ex. graphic design, music, studio art)",4.729196273488078,9190.452940118816
YearsCoding,30 or more years,UndergradMajor,"A business discipline (ex. accounting, finance, marketing)",4.729196273488078,-41513.08421173174
YearsCoding,30 or more years,UndergradMajor,"Another engineering discipline (ex. civil, electrical, mechanical)",4.729196273488078,-3132.2366937568077
YearsCoding,30 or more years,UndergradMajor,"Information systems, information technology, or system administration",4.729196273488078,7590.829342251691
YearsCoding,30 or more years,UndergradMajor,"A social science (ex. anthropology, psychology, political science)",4.729196273488078,60183.95473793531
YearsCoding,30 or more years,UndergradMajor,Web development or web design,4.729196273488078,-96807.99682020572
YearsCoding,30 or more years,UndergradMajor,"A humanities discipline (ex. literature, history, philosophy)",4.729196273488078,-30524.218988012723
YearsCoding,30 or more years,UndergradMajor,Mathematics or statistics,4.729196273488078,12603.036864910655
YearsCoding,30 or more years,UndergradMajor,"A health science (ex. nursing, pharmacy, radiology)",4.729196273488078,-88544.97304169845
YearsCoding,30 or more years,UndergradMajor,I never declared a major,4.729196273488078,-48158.3730737257
YearsCoding,30 or more years,Hobby,Yes,4.729196273488078,-154234.34915205382
YearsCoding,30 or more years,Hobby,No,4.729196273488078,-1192545.5754844185
YearsCoding,6-8 years,Exercise,Daily or almost every day,21.148481499026264,1396.6817431465215
YearsCoding,6-8 years,Exercise,1 - 2 times per week,21.148481499026264,-6298.525179560451
YearsCoding,6-8 years,Exercise,I don't typically exercise,21.148481499026264,-5387.30903353627
YearsCoding,6-8 years,Exercise,3 - 4 times per week,21.148481499026264,3800.2309697932446
YearsCoding,6-8 years,HoursComputer,5 - 8 hours,21.148481499026264,2466.396483234441
YearsCoding,6-8 years,HoursComputer,9 - 12 hours,21.148481499026264,-6657.543229169726
YearsCoding,6-8 years,HoursComputer,Over 12 hours,21.148481499026264,3205.082160400527
YearsCoding,6-8 years,HoursComputer,1 - 4 hours,21.148481499026264,-23587.657673386235
YearsCoding,6-8 years,HoursComputer,Less than 1 hour,21.148481499026264,-16150.514915563232
YearsCoding,6-8 years,DevType,Database administrator,21.148481499026264,14861.605782245193
YearsCoding,6-8 years,DevType,Back-end developer,21.148481499026264,794.4846269755399
YearsCoding,6-8 years,DevType,Mobile developer,21.148481499026264,-1472.0669736919308
YearsCoding,6-8 years,DevType,Front-end developer,21.148481499026264,2482.821450081144
YearsCoding,6-8 years,DevType,Full-stack developer,21.148481499026264,-2125.3169834318232
YearsCoding,6-8 years,DevType,Designer,21.148481499026264,-20646.385159081394
YearsCoding,6-8 years,DevType,Embedded applications or devices developer,21.148481499026264,3654.099919864102
YearsCoding,6-8 years,DevType,Engineering manager,21.148481499026264,59731.103632035345
YearsCoding,6-8 years,DevType,Data scientist or machine learning specialist,21.148481499026264,-16754.14128791646
YearsCoding,6-8 years,DevType,Desktop or enterprise applications developer,21.148481499026264,-5591.082051159123
YearsCoding,6-8 years,DevType,"C-suite executive (CEO, CTO, etc.)",21.148481499026264,57121.930529649064
YearsCoding,6-8 years,DevType,QA or test developer,21.148481499026264,10489.371154156692
YearsCoding,6-8 years,DevType,System administrator,21.148481499026264,-14074.079254828024
YearsCoding,6-8 years,DevType,Data or business analyst,21.148481499026264,-5171.852402355434
YearsCoding,6-8 years,DevType,DevOps specialist,21.148481499026264,39962.77255229063
YearsCoding,6-8 years,DevType,Educator or academic researcher,21.148481499026264,-40843.95615416937
YearsCoding,6-8 years,DevType,Student,21.148481499026264,-12665.398099279057
YearsCoding,6-8 years,DevType,Game or graphics developer,21.148481499026264,-26309.321132976627
YearsCoding,6-8 years,DevType,Product manager,21.148481499026264,-24870.873376918462
YearsCoding,6-8 years,DevType,Marketing or sales professional,21.148481499026264,0.0
YearsCoding,6-8 years,FormalEducation,"Bachelor’s degree (BA, BS, B.Eng., etc.)",21.148481499026264,-3758.478326901144
YearsCoding,6-8 years,FormalEducation,Some college/university study without earning a degree,21.148481499026264,14938.409741756379
YearsCoding,6-8 years,FormalEducation,"Secondary school (e.g. American high school, German Realschule or Gymnasium, etc.)",21.148481499026264,-20874.738539486265
YearsCoding,6-8 years,FormalEducation,"Master’s degree (MA, MS, M.Eng., MBA, etc.)",21.148481499026264,93.88574422817442
YearsCoding,6-8 years,FormalEducation,Associate degree,21.148481499026264,-15048.18365306624
YearsCoding,6-8 years,FormalEducation,"Professional degree (JD, MD, etc.)",21.148481499026264,-24988.12369091845
YearsCoding,6-8 years,FormalEducation,Primary/elementary school,21.148481499026264,-48678.154897646484
YearsCoding,6-8 years,FormalEducation,"Other doctoral degree (Ph.D, Ed.D., etc.)",21.148481499026264,42004.87017009841
YearsCoding,6-8 years,FormalEducation,I never completed any formal education,21.148481499026264,145756.63413172067
YearsCoding,6-8 years,UndergradMajor,"A natural science (ex. biology, chemistry, physics)",21.148481499026264,5827.598005839249
YearsCoding,6-8 years,UndergradMajor,"Computer science, computer engineering, or software engineering",21.148481499026264,5179.417805523387
YearsCoding,6-8 years,UndergradMajor,"Fine arts or performing arts (ex. graphic design, music, studio art)",21.148481499026264,-51349.41222542951
YearsCoding,6-8 years,UndergradMajor,"A business discipline (ex. accounting, finance, marketing)",21.148481499026264,13432.913186892507
YearsCoding,6-8 years,UndergradMajor,"Another engineering discipline (ex. civil, electrical, mechanical)",21.148481499026264,-8070.218573793201
YearsCoding,6-8 years,UndergradMajor,"Information systems, information technology, or system administration",21.148481499026264,2113.8489753812473
YearsCoding,6-8 years,UndergradMajor,"A social science (ex. anthropology, psychology, political science)",21.148481499026264,10844.652611201924
YearsCoding,6-8 years,UndergradMajor,Web development or web design,21.148481499026264,-19570.811845421944
YearsCoding,6-8 years,UndergradMajor,"A humanities discipline (ex. literature, history, philosophy)",21.148481499026264,31337.32702148162
YearsCoding,6-8 years,UndergradMajor,Mathematics or statistics,21.148481499026264,128.6194691212495
YearsCoding,6-8 years,UndergradMajor,"A health science (ex. nursing, pharmacy, radiology)",21.148481499026264,9906.941644964136
YearsCoding,6-8 years,UndergradMajor,I never declared a major,21.148481499026264,53258.65236549631
YearsCoding,6-8 years,Hobby,Yes,21.148481499026264,571824.0229072025
YearsCoding,6-8 years,Hobby,No,21.148481499026264,249721.88197362528
YearsCoding,9-11 years,Exercise,Daily or almost every day,14.56129269961577,19491.408415820693
YearsCoding,9-11 years,Exercise,1 - 2 times per week,14.56129269961577,6378.917013974913
YearsCoding,9-11 years,Exercise,I don't typically exercise,14.56129269961577,-32791.15935719214
YearsCoding,9-11 years,Exercise,3 - 4 times per week,14.56129269961577,-18399.053723137302
YearsCoding,9-11 years,HoursComputer,5 - 8 hours,14.56129269961577,11702.771428155898
YearsCoding,9-11 years,HoursComputer,9 - 12 hours,14.56129269961577,-22480.16404332921
YearsCoding,9-11 years,HoursComputer,Over 12 hours,14.56129269961577,-19884.0054495109
YearsCoding,9-11 years,HoursComputer,1 - 4 hours,14.56129269961577,47000.471766939976
YearsCoding,9-11 years,HoursComputer,Less than 1 hour,14.56129269961577,-51987.517513523606
YearsCoding,9-11 years,DevType,Database administrator,14.56129269961577,50661.00115062659
YearsCoding,9-11 years,DevType,Back-end developer,14.56129269961577,5506.299592815723
YearsCoding,9-11 years,DevType,Mobile developer,14.56129269961577,1206.5914873269571
YearsCoding,9-11 years,DevType,Front-end developer,14.56129269961577,27650.762607173543
YearsCoding,9-11 years,DevType,Full-stack developer,14.56129269961577,-14655.126114614668
YearsCoding,9-11 years,DevType,Designer,14.56129269961577,-15455.795849619051
YearsCoding,9-11 years,DevType,Embedded applications or devices developer,14.56129269961577,-28596.400736304357
YearsCoding,9-11 years,DevType,Engineering manager,14.56129269961577,6864.607248992506
YearsCoding,9-11 years,DevType,Data scientist or machine learning specialist,14.56129269961577,-23931.186646855695
YearsCoding,9-11 years,DevType,Desktop or enterprise applications developer,14.56129269961577,-31320.177444169934
YearsCoding,9-11 years,DevType,"C-suite executive (CEO, CTO, etc.)",14.56129269961577,96141.8957792305
YearsCoding,9-11 years,DevType,QA or test developer,14.56129269961577,-44519.37458960375
YearsCoding,9-11 years,DevType,System administrator,14.56129269961577,54906.093162851845
YearsCoding,9-11 years,DevType,Data or business analyst,14.56129269961577,14439.30891748317
YearsCoding,9-11 years,DevType,DevOps specialist,14.56129269961577,10373.377761041238
YearsCoding,9-11 years,DevType,Educator or academic researcher,14.56129269961577,-8114.4489217362225
YearsCoding,9-11 years,DevType,Student,14.56129269961577,-54012.45653588604
YearsCoding,9-11 years,DevType,Game or graphics developer,14.56129269961577,24771.253275340976
YearsCoding,9-11 years,DevType,Product manager,14.56129269961577,-18944.916346306258
YearsCoding,9-11 years,DevType,Marketing or sales professional,14.56129269961577,-54493.7198457341
YearsCoding,9-11 years,FormalEducation,"Bachelor’s degree (BA, BS, B.Eng., etc.)",14.56129269961577,9419.999311212048
YearsCoding,9-11 years,FormalEducation,Some college/university study without earning a degree,14.56129269961577,-19568.5484639998
YearsCoding,9-11 years,FormalEducation,"Secondary school (e.g. American high school, German Realschule or Gymnasium, etc.)",14.56129269961577,9463.616727064698
YearsCoding,9-11 years,FormalEducation,"Master’s degree (MA, MS, M.Eng., MBA, etc.)",14.56129269961577,5818.5116011300115
YearsCoding,9-11 years,FormalEducation,Associate degree,14.56129269961577,-30433.62920584493
YearsCoding,9-11 years,FormalEducation,"Professional degree (JD, MD, etc.)",14.56129269961577,20650.199114023748
YearsCoding,9-11 years,FormalEducation,Primary/elementary school,14.56129269961577,19053.931082062067
YearsCoding,9-11 years,FormalEducation,"Other doctoral degree (Ph.D, Ed.D., etc.)",14.56129269961577,-16482.300289115028
YearsCoding,9-11 years,FormalEducation,I never completed any formal education,14.56129269961577,1641.3496389494867
YearsCoding,9-11 years,UndergradMajor,"A natural science (ex. biology, chemistry, physics)",14.56129269961577,15991.917338132747
YearsCoding,9-11 years,UndergradMajor,"Computer science, computer engineering, or software engineering",14.56129269961577,2466.8056873873043
YearsCoding,9-11 years,UndergradMajor,"Fine arts or performing arts (ex. graphic design, music, studio art)",14.56129269961577,3811.029719652487
YearsCoding,9-11 years,UndergradMajor,"A business discipline (ex. accounting, finance, marketing)",14.56129269961577,-1926.307000583512
YearsCoding,9-11 years,UndergradMajor,"Another engineering discipline (ex. civil, electrical, mechanical)",14.56129269961577,-4692.007316717236
YearsCoding,9-11 years,UndergradMajor,"Information systems, information technology, or system administration",14.56129269961577,-2086.732220658595
YearsCoding,9-11 years,UndergradMajor,"A social science (ex. anthropology, psychology, political science)",14.56129269961577,-11173.371746028439
YearsCoding,9-11 years,UndergradMajor,Web development or web design,14.56129269961577,-9270.950133138045
YearsCoding,9-11 years,UndergradMajor,"A humanities discipline (ex. literature, history, philosophy)",14.56129269961577,-13405.77288747909
YearsCoding,9-11 years,UndergradMajor,Mathematics or statistics,14.56129269961577,10668.40159754251
YearsCoding,9-11 years,UndergradMajor,"A health science (ex. nursing, pharmacy, radiology)",14.56129269961577,-53238.42893796793
YearsCoding,9-11 years,UndergradMajor,I never declared a major,14.56129269961577,-2738.942681875642
YearsCoding,9-11 years,Hobby,Yes,14.56129269961577,-5.877400652861378e+19
YearsCoding,9-11 years,Hobby,No,14.56129269961577,4.5871391369517394e+20
YearsCoding,0-2 years,Exercise,Daily or almost every day,6.152955418706248,15285.385512863264
YearsCoding,0-2 years,Exercise,1 - 2 times per week,6.152955418706248,-12393.629571520003
YearsCoding,0-2 years,Exercise,I don't typically exercise,6.152955418706248,-2898.8413063051644
YearsCoding,0-2 years,Exercise,3 - 4 times per week,6.152955418706248,23955.237326216175
YearsCoding,0-2 years,HoursComputer,5 - 8 hours,6.152955418706248,-9188.92759297471
YearsCoding,0-2 years,HoursComputer,9 - 12 hours,6.152955418706248,18572.258879951205
YearsCoding,0-2 years,HoursComputer,Over 12 hours,6.152955418706248,-13461.039568515433
YearsCoding,0-2 years,HoursComputer,1 - 4 hours,6.152955418706248,38369.19915620425
YearsCoding,0-2 years,HoursComputer,Less than 1 hour,6.152955418706248,69562.96319877305
YearsCoding,0-2 years,DevType,Database administrator,6.152955418706248,-11362.881206402606
YearsCoding,0-2 years,DevType,Back-end developer,6.152955418706248,12205.720267853241
YearsCoding,0-2 years,DevType,Mobile developer,6.152955418706248,-7503.860545853416
YearsCoding,0-2 years,DevType,Front-end developer,6.152955418706248,-652.4410465971255
YearsCoding,0-2 years,DevType,Full-stack developer,6.152955418706248,11795.063384714776
YearsCoding,0-2 years,DevType,Designer,6.152955418706248,-29951.70653911745
YearsCoding,0-2 years,DevType,Embedded applications or devices developer,6.152955418706248,81078.24880255481
YearsCoding,0-2 years,DevType,Engineering manager,6.152955418706248,35305.98946035899
YearsCoding,0-2 years,DevType,Data scientist or machine learning specialist,6.152955418706248,-1601.2265803210119
YearsCoding,0-2 years,DevType,Desktop or enterprise applications developer,6.152955418706248,1560.749226283321
YearsCoding,0-2 years,DevType,"C-suite executive (CEO, CTO, etc.)",6.152955418706248,-44163.40113937721
YearsCoding,0-2 years,DevType,QA or test developer,6.152955418706248,-18869.654961863875
YearsCoding,0-2 years,DevType,System administrator,6.152955418706248,61974.32459373925
YearsCoding,0-2 years,DevType,Data or business analyst,6.152955418706248,-2285.9703233066416
YearsCoding,0-2 years,DevType,DevOps specialist,6.152955418706248,55276.8345616152
YearsCoding,0-2 years,DevType,Educator or academic researcher,6.152955418706248,34602.89325117613
YearsCoding,0-2 years,DevType,Student,6.152955418706248,-26912.110176923943
YearsCoding,0-2 years,DevType,Game or graphics developer,6.152955418706248,-1925.990516988451
YearsCoding,0-2 years,DevType,Product manager,6.152955418706248,-2283.8100376188045
YearsCoding,0-2 years,DevType,Marketing or sales professional,6.152955418706248,-12793.940689676068
YearsCoding,0-2 years,FormalEducation,"Bachelor’s degree (BA, BS, B.Eng., etc.)",6.152955418706248,4063.39358488734
YearsCoding,0-2 years,FormalEducation,Some college/university study without earning a degree,6.152955418706248,-7611.791804486433
YearsCoding,0-2 years,FormalEducation,"Secondary school (e.g. American high school, German Realschule or Gymnasium, etc.)",6.152955418706248,-7132.822581284915
YearsCoding,0-2 years,FormalEducation,"Master’s degree (MA, MS, M.Eng., MBA, etc.)",6.152955418706248,-489.51121679084036
YearsCoding,0-2 years,FormalEducation,Associate degree,6.152955418706248,25546.288595180406
YearsCoding,0-2 years,FormalEducation,"Professional degree (JD, MD, etc.)",6.152955418706248,37442.24205200609
YearsCoding,0-2 years,FormalEducation,Primary/elementary school,6.152955418706248,-33580.21765508267
YearsCoding,0-2 years,FormalEducation,"Other doctoral degree (Ph.D, Ed.D., etc.)",6.152955418706248,-7667.680748031038
YearsCoding,0-2 years,FormalEducation,I never completed any formal education,6.152955418706248,-36978.466331086944
YearsCoding,0-2 years,UndergradMajor,"A natural science (ex. biology, chemistry, physics)",6.152955418706248,3509.444088327083
YearsCoding,0-2 years,UndergradMajor,"Computer science, computer engineering, or software engineering",6.152955418706248,-8330.684988499997
YearsCoding,0-2 years,UndergradMajor,"Fine arts or performing arts (ex. graphic design, music, studio art)",6.152955418706248,-25556.595914078796
YearsCoding,0-2 years,UndergradMajor,"A business discipline (ex. accounting, finance, marketing)",6.152955418706248,-7326.422935466721
YearsCoding,0-2 years,UndergradMajor,"Another engineering discipline (ex. civil, electrical, mechanical)",6.152955418706248,9271.101390645294
YearsCoding,0-2 years,UndergradMajor,"Information systems, information technology, or system administration",6.152955418706248,17486.28227339706
YearsCoding,0-2 years,UndergradMajor,"A social science (ex. anthropology, psychology, political science)",6.152955418706248,34253.32261209624
YearsCoding,0-2 years,UndergradMajor,Web development or web design,6.152955418706248,-25245.34915734174
YearsCoding,0-2 years,UndergradMajor,"A humanities discipline (ex. literature, history, philosophy)",6.152955418706248,-7494.603752169756
YearsCoding,0-2 years,UndergradMajor,Mathematics or statistics,6.152955418706248,-8371.539609384563
YearsCoding,0-2 years,UndergradMajor,"A health science (ex. nursing, pharmacy, radiology)",6.152955418706248,17197.314526510534
YearsCoding,0-2 years,UndergradMajor,I never declared a major,6.152955418706248,-49760.653252408076
YearsCoding,0-2 years,Hobby,Yes,6.152955418706248,0.0
YearsCoding,0-2 years,Hobby,No,6.152955418706248,-1971330.4206709305
YearsCoding,15-17 years,Exercise,Daily or almost every day,8.3846518237802,6042.489746490844
YearsCoding,15-17 years,Exercise,1 - 2 times per week,8.3846518237802,-7917.144355638851
YearsCoding,15-17 years,Exercise,I don't typically exercise,8.3846518237802,10213.950801227384
YearsCoding,15-17 years,Exercise,3 - 4 times per week,8.3846518237802,3173.382442667331
YearsCoding,15-17 years,HoursComputer,5 - 8 hours,8.3846518237802,-14049.140005365134
YearsCoding,15-17 years,HoursComputer,9 - 12 hours,8.3846518237802,-48861.882196512975
YearsCoding,15-17 years,HoursComputer,Over 12 hours,8.3846518237802,24005.680483926903
YearsCoding,15-17 years,HoursComputer,1 - 4 hours,8.3846518237802,-49429.95068374042
YearsCoding,15-17 years,HoursComputer,Less than 1 hour,8.3846518237802,-8809.197226707773
YearsCoding,15-17 years,DevType,Database administrator,8.3846518237802,-55617.706151374434
YearsCoding,15-17 years,DevType,Back-end developer,8.3846518237802,23228.077143023398
YearsCoding,15-17 years,DevType,Mobile developer,8.3846518237802,-1472.2725381244054
YearsCoding,15-17 years,DevType,Front-end developer,8.3846518237802,-12682.60281895126
YearsCoding,15-17 years,DevType,Full-stack developer,8.3846518237802,-10710.672483571183
YearsCoding,15-17 years,DevType,Designer,8.3846518237802,16918.378181556298
YearsCoding,15-17 years,DevType,Embedded applications or devices developer,8.3846518237802,3353.136348164502
YearsCoding,15-17 years,DevType,Engineering manager,8.3846518237802,73429.41694606385
YearsCoding,15-17 years,DevType,Data scientist or machine learning specialist,8.3846518237802,12130.92229088008
YearsCoding,15-17 years,DevType,Desktop or enterprise applications developer,8.3846518237802,-50156.57536575227
YearsCoding,15-17 years,DevType,"C-suite executive (CEO, CTO, etc.)",8.3846518237802,2524.601487044103
YearsCoding,15-17 years,DevType,QA or test developer,8.3846518237802,-44680.14032799025
YearsCoding,15-17 years,DevType,System administrator,8.3846518237802,-36483.138632238115
YearsCoding,15-17 years,DevType,Data or business analyst,8.3846518237802,-13219.99514242019
YearsCoding,15-17 years,DevType,DevOps specialist,8.3846518237802,-3040.6145153999287
YearsCoding,15-17 years,DevType,Educator or academic researcher,8.3846518237802,39473.43068642104
YearsCoding,15-17 years,DevType,Student,8.3846518237802,103978.23130060876
YearsCoding,15-17 years,DevType,Game or graphics developer,8.3846518237802,-1103.3164288196376
YearsCoding,15-17 years,DevType,Product manager,8.3846518237802,-116732.94812877245
YearsCoding,15-17 years,DevType,Marketing or sales professional,8.3846518237802,0.0
YearsCoding,15-17 years,FormalEducation,"Bachelor’s degree (BA, BS, B.Eng., etc.)",8.3846518237802,16956.150730006895
YearsCoding,15-17 years,FormalEducation,Some college/university study without earning a degree,8.3846518237802,-7356.389263347057
YearsCoding,15-17 years,FormalEducation,"Secondary school (e.g. American high school, German Realschule or Gymnasium, etc.)",8.3846518237802,-7550.834971527853
YearsCoding,15-17 years,FormalEducation,"Master’s degree (MA, MS, M.Eng., MBA, etc.)",8.3846518237802,-9749.116036403437
YearsCoding,15-17 years,FormalEducation,Associate degree,8.3846518237802,-3467.569677861549
YearsCoding,15-17 years,FormalEducation,"Professional degree (JD, MD, etc.)",8.3846518237802,17715.340313781227
YearsCoding,15-17 years,FormalEducation,Primary/elementary school,8.3846518237802,-50640.33427169945
YearsCoding,15-17 years,FormalEducation,"Other doctoral degree (Ph.D, Ed.D., etc.)",8.3846518237802,14683.091214173388
YearsCoding,15-17 years,FormalEducation,I never completed any formal education,8.3846518237802,93704.55316834769
YearsCoding,15-17 years,UndergradMajor,"A natural science (ex. biology, chemistry, physics)",8.3846518237802,5253.712196858215
YearsCoding,15-17 years,UndergradMajor,"Computer science, computer engineering, or software engineering",8.3846518237802,2862.8596625013815
YearsCoding,15-17 years,UndergradMajor,"Fine arts or performing arts (ex. graphic design, music, studio art)",8.3846518237802,-8195.721001653164
YearsCoding,15-17 years,UndergradMajor,"A business discipline (ex. accounting, finance, marketing)",8.3846518237802,-41158.705388872055
YearsCoding,15-17 years,UndergradMajor,"Another engineering discipline (ex. civil, electrical, mechanical)",8.3846518237802,-8401.721290336947
YearsCoding,15-17 years,UndergradMajor,"Information systems, information technology, or system administration",8.3846518237802,7700.276623943894
YearsCoding,15-17 years,UndergradMajor,"A social science (ex. anthropology, psychology, political science)",8.3846518237802,-26352.12347492389
YearsCoding,15-17 years,UndergradMajor,Web development or web design,8.3846518237802,-15326.78701401694
YearsCoding,15-17 years,UndergradMajor,"A humanities discipline (ex. literature, history, philosophy)",8.3846518237802,48798.09241806515
YearsCoding,15-17 years,UndergradMajor,Mathematics or statistics,8.3846518237802,-2982.8021664434323
YearsCoding,15-17 years,UndergradMajor,"A health science (ex. nursing, pharmacy, radiology)",8.3846518237802,127923.32573213817
YearsCoding,15-17 years,UndergradMajor,I never declared a major,8.3846518237802,-44886.144795074644
YearsCoding,15-17 years,Hobby,Yes,8.3846518237802,700067.1618564365
YearsCoding,15-17 years,Hobby,No,8.3846518237802,665107.481001358
YearsCoding,18-20 years,Exercise,Daily or almost every day,7.018790462655929,-38220.77375700137
YearsCoding,18-20 years,Exercise,1 - 2 times per week,7.018790462655929,6826.175717531972
YearsCoding,18-20 years,Exercise,I don't typically exercise,7.018790462655929,-22553.991517692684
YearsCoding,18-20 years,Exercise,3 - 4 times per week,7.018790462655929,19320.97578215799
YearsCoding,18-20 years,HoursComputer,5 - 8 hours,7.018790462655929,119.63626465597974
YearsCoding,18-20 years,HoursComputer,9 - 12 hours,7.018790462655929,650.6171545051923
YearsCoding,18-20 years,HoursComputer,Over 12 hours,7.018790462655929,-5473.773824253286
YearsCoding,18-20 years,HoursComputer,1 - 4 hours,7.018790462655929,22493.29163354007
YearsCoding,18-20 years,HoursComputer,Less than 1 hour,7.018790462655929,-40994.14131178246
YearsCoding,18-20 years,DevType,Database administrator,7.018790462655929,-17134.28480475009
YearsCoding,18-20 years,DevType,Back-end developer,7.018790462655929,5119.672683961681
YearsCoding,18-20 years,DevType,Mobile developer,7.018790462655929,5059.106689873203
YearsCoding,18-20 years,DevType,Front-end developer,7.018790462655929,35981.4498308243
YearsCoding,18-20 years,DevType,Full-stack developer,7.018790462655929,-7688.685389312154
YearsCoding,18-20 years,DevType,Designer,7.018790462655929,39931.92717851726
YearsCoding,18-20 years,DevType,Embedded applications or devices developer,7.018790462655929,15966.881936525784
YearsCoding,18-20 years,DevType,Engineering manager,7.018790462655929,26002.214254811508
YearsCoding,18-20 years,DevType,Data scientist or machine learning specialist,7.018790462655929,33975.33460028002
YearsCoding,18-20 years,DevType,Desktop or enterprise applications developer,7.018790462655929,-26755.55549193968
YearsCoding,18-20 years,DevType,"C-suite executive (CEO, CTO, etc.)",7.018790462655929,-15144.832454240172
YearsCoding,18-20 years,DevType,QA or test developer,7.018790462655929,-61849.8743293127
YearsCoding,18-20 years,DevType,System administrator,7.018790462655929,-49547.76284223691
YearsCoding,18-20 years,DevType,Data or business analyst,7.018790462655929,-26303.813994054195
YearsCoding,18-20 years,DevType,DevOps specialist,7.018790462655929,-2741.817780086542
YearsCoding,18-20 years,DevType,Educator or academic researcher,7.018790462655929,-34385.5627021683
YearsCoding,18-20 years,DevType,Student,7.018790462655929,-92830.29346859727
YearsCoding,18-20 years,DevType,Game or graphics developer,7.018790462655929,-69624.65942671793
YearsCoding,18-20 years,DevType,Product manager,7.018790462655929,-53145.44609209856
YearsCoding,18-20 years,DevType,Marketing or sales professional,7.018790462655929,0.0
YearsCoding,18-20 years,FormalEducation,"Bachelor’s degree (BA, BS, B.Eng., etc.)",7.018790462655929,4743.489754944883
YearsCoding,18-20 years,FormalEducation,Some college/university study without earning a degree,7.018790462655929,-22664.286980580284
YearsCoding,18-20 years,FormalEducation,"Secondary school (e.g. American high school, German Realschule or Gymnasium, etc.)",7.018790462655929,-12594.82028869836
YearsCoding,18-20 years,FormalEducation,"Master’s degree (MA, MS, M.Eng., MBA, etc.)",7.018790462655929,15631.715928688036
YearsCoding,18-20 years,FormalEducation,Associate degree,7.018790462655929,-24783.51656408448
YearsCoding,18-20 years,FormalEducation,"Professional degree (JD, MD, etc.)",7.018790462655929,48494.96825626509
YearsCoding,18-20 years,FormalEducation,Primary/elementary school,7.018790462655929,208235.306702942
YearsCoding,18-20 years,FormalEducation,"Other doctoral degree (Ph.D, Ed.D., etc.)",7.018790462655929,-46459.048891396604
YearsCoding,18-20 years,FormalEducation,I never completed any formal education,7.018790462655929,-57100.27777651701
YearsCoding,18-20 years,UndergradMajor,"A natural science (ex. biology, chemistry, physics)",7.018790462655929,34405.10934375848
YearsCoding,18-20 years,UndergradMajor,"Computer science, computer engineering, or software engineering",7.018790462655929,6889.088375494207
YearsCoding,18-20 years,UndergradMajor,"Fine arts or performing arts (ex. graphic design, music, studio art)",7.018790462655929,-48372.66393141661
YearsCoding,18-20 years,UndergradMajor,"A business discipline (ex. accounting, finance, marketing)",7.018790462655929,23595.11455257657
YearsCoding,18-20 years,UndergradMajor,"Another engineering discipline (ex. civil, electrical, mechanical)",7.018790462655929,2396.493852866062
YearsCoding,18-20 years,UndergradMajor,"Information systems, information technology, or system administration",7.018790462655929,-32751.2931170948
YearsCoding,18-20 years,UndergradMajor,"A social science (ex. anthropology, psychology, political science)",7.018790462655929,-40442.854352370625
YearsCoding,18-20 years,UndergradMajor,Web development or web design,7.018790462655929,-38821.10103781867
YearsCoding,18-20 years,UndergradMajor,"A humanities discipline (ex. literature, history, philosophy)",7.018790462655929,52928.26099048001
YearsCoding,18-20 years,UndergradMajor,Mathematics or statistics,7.018790462655929,1025.3459487792798
YearsCoding,18-20 years,UndergradMajor,"A health science (ex. nursing, pharmacy, radiology)",7.018790462655929,-32692.730664757364
YearsCoding,18-20 years,UndergradMajor,I never declared a major,7.018790462655929,-31058.303606709767
YearsCoding,18-20 years,Hobby,Yes,7.018790462655929,-1510058.6493394913
YearsCoding,18-20 years,Hobby,No,7.018790462655929,1.888139193523728e+21
YearsCoding,3-5 years,Exercise,Daily or almost every day,19.729985788725724,-1196.790013642624
YearsCoding,3-5 years,Exercise,1 - 2 times per week,19.729985788725724,-14735.484638299751
YearsCoding,3-5 years,Exercise,I don't typically exercise,19.729985788725724,-4442.521335070269
YearsCoding,3-5 years,Exercise,3 - 4 times per week,19.729985788725724,11443.630522805968
YearsCoding,3-5 years,HoursComputer,5 - 8 hours,19.729985788725724,14142.479269792755
YearsCoding,3-5 years,HoursComputer,9 - 12 hours,19.729985788725724,-19036.494517652136
YearsCoding,3-5 years,HoursComputer,Over 12 hours,19.729985788725724,-13658.500332372358
YearsCoding,3-5 years,HoursComputer,1 - 4 hours,19.729985788725724,-34737.66392889989
YearsCoding,3-5 years,HoursComputer,Less than 1 hour,19.729985788725724,-36511.457333891674
YearsCoding,3-5 years,DevType,Database administrator,19.729985788725724,-18060.702269078938
YearsCoding,3-5 years,DevType,Back-end developer,19.729985788725724,-4348.107330416183
YearsCoding,3-5 years,DevType,Mobile developer,19.729985788725724,4736.741082749258
YearsCoding,3-5 years,DevType,Front-end developer,19.729985788725724,526.9819576245336
YearsCoding,3-5 years,DevType,Full-stack developer,19.729985788725724,370.95533168658653
YearsCoding,3-5 years,DevType,Designer,19.729985788725724,3951.224965010089
YearsCoding,3-5 years,DevType,Embedded applications or devices developer,19.729985788725724,14478.092723808553
YearsCoding,3-5 years,DevType,Engineering manager,19.729985788725724,38621.4339304866
YearsCoding,3-5 years,DevType,Data scientist or machine learning specialist,19.729985788725724,929.4370657611603
YearsCoding,3-5 years,DevType,Desktop or enterprise applications developer,19.729985788725724,7891.51063684847
YearsCoding,3-5 years,DevType,"C-suite executive (CEO, CTO, etc.)",19.729985788725724,44984.52919743811
YearsCoding,3-5 years,DevType,QA or test developer,19.729985788725724,14859.114492692977
YearsCoding,3-5 years,DevType,System administrator,19.729985788725724,23148.946484186294
YearsCoding,3-5 years,DevType,Data or business analyst,19.729985788725724,8767.813055797815
YearsCoding,3-5 years,DevType,DevOps specialist,19.729985788725724,2922.959410266354
YearsCoding,3-5 years,DevType,Educator or academic researcher,19.729985788725724,-5972.223821038497
YearsCoding,3-5 years,DevType,Student,19.729985788725724,-47894.07669671323
YearsCoding,3-5 years,DevType,Game or graphics developer,19.729985788725724,37566.02367314362
YearsCoding,3-5 years,DevType,Product manager,19.729985788725724,-8036.364302639982
YearsCoding,3-5 years,DevType,Marketing or sales professional,19.729985788725724,-68712.33683145058
YearsCoding,3-5 years,FormalEducation,"Bachelor’s degree (BA, BS, B.Eng., etc.)",19.729985788725724,3748.021769560836
YearsCoding,3-5 years,FormalEducation,Some college/university study without earning a degree,19.729985788725724,-1530.7063439658077
YearsCoding,3-5 years,FormalEducation,"Secondary school (e.g. American high school, German Realschule or Gymnasium, etc.)",19.729985788725724,-17960.199680159243
YearsCoding,3-5 years,FormalEducation,"Master’s degree (MA, MS, M.Eng., MBA, etc.)",19.729985788725724,360.5317721492311
YearsCoding,3-5 years,FormalEducation,Associate degree,19.729985788725724,16328.41691279746
YearsCoding,3-5 years,FormalEducation,"Professional degree (JD, MD, etc.)",19.729985788725724,-3751.5850624304694
YearsCoding,3-5 years,FormalEducation,Primary/elementary school,19.729985788725724,-6534.096464445232
YearsCoding,3-5 years,FormalEducation,"Other doctoral degree (Ph.D, Ed.D., etc.)",19.729985788725724,-5820.3898832235445
YearsCoding,3-5 years,FormalEducation,I never completed any formal education,19.729985788725724,101056.30503492698
YearsCoding,3-5 years,UndergradMajor,"A natural science (ex. biology, chemistry, physics)",19.729985788725724,-3558.279687248065
YearsCoding,3-5 years,UndergradMajor,"Computer science, computer engineering, or software engineering",19.729985788725724,1883.9929159045914
YearsCoding,3-5 years,UndergradMajor,"Fine arts or performing arts (ex. graphic design, music, studio art)",19.729985788725724,38024.018695881285
YearsCoding,3-5 years,UndergradMajor,"A business discipline (ex. accounting, finance, marketing)",19.729985788725724,-18468.270028798994
YearsCoding,3-5 years,UndergradMajor,"Another engineering discipline (ex. civil, electrical, mechanical)",19.729985788725724,-4245.83646863962
YearsCoding,3-5 years,UndergradMajor,"Information systems, information technology, or system administration",19.729985788725724,2929.114206405251
YearsCoding,3-5 years,UndergradMajor,"A social science (ex. anthropology, psychology, political science)",19.729985788725724,10415.30663361171
YearsCoding,3-5 years,UndergradMajor,Web development or web design,19.729985788725724,-15771.347858924102
YearsCoding,3-5 years,UndergradMajor,"A humanities discipline (ex. literature, history, philosophy)",19.729985788725724,-1348.524893709935
YearsCoding,3-5 years,UndergradMajor,Mathematics or statistics,19.729985788725724,-6194.638163432542
YearsCoding,3-5 years,UndergradMajor,"A health science (ex. nursing, pharmacy, radiology)",19.729985788725724,-32620.040856690484
YearsCoding,3-5 years,UndergradMajor,I never declared a major,19.729985788725724,49628.241634343125
YearsCoding,3-5 years,Hobby,Yes,19.729985788725724,-384575.51962865604
YearsCoding,3-5 years,Hobby,No,19.729985788725724,100450.74537291014
YearsCoding,12-14 years,Exercise,Daily or almost every day,10.61634822885415,12694.067533701662
YearsCoding,12-14 years,Exercise,1 - 2 times per week,10.61634822885415,-28935.438486287305
YearsCoding,12-14 years,Exercise,I don't typically exercise,10.61634822885415,-25386.205791464
YearsCoding,12-14 years,Exercise,3 - 4 times per week,10.61634822885415,13111.05143252498
YearsCoding,12-14 years,HoursComputer,5 - 8 hours,10.61634822885415,-2212.0807205643296
YearsCoding,12-14 years,HoursComputer,9 - 12 hours,10.61634822885415,1141.9451483785006
YearsCoding,12-14 years,HoursComputer,Over 12 hours,10.61634822885415,-2010.5400843337393
YearsCoding,12-14 years,HoursComputer,1 - 4 hours,10.61634822885415,965.8957729525719
YearsCoding,12-14 years,HoursComputer,Less than 1 hour,10.61634822885415,-32788.88805897381
YearsCoding,12-14 years,DevType,Database administrator,10.61634822885415,39991.02456261807
YearsCoding,12-14 years,DevType,Back-end developer,10.61634822885415,-28983.538355505836
YearsCoding,12-14 years,DevType,Mobile developer,10.61634822885415,-109.18526294227013
YearsCoding,12-14 years,DevType,Front-end developer,10.61634822885415,25076.63977627629
YearsCoding,12-14 years,DevType,Full-stack developer,10.61634822885415,13801.227853424058
YearsCoding,12-14 years,DevType,Designer,10.61634822885415,62138.55908232549
YearsCoding,12-14 years,DevType,Embedded applications or devices developer,10.61634822885415,-8225.073472210974
YearsCoding,12-14 years,DevType,Engineering manager,10.61634822885415,15733.281289511251
YearsCoding,12-14 years,DevType,Data scientist or machine learning specialist,10.61634822885415,766.0987559186669
YearsCoding,12-14 years,DevType,Desktop or enterprise applications developer,10.61634822885415,-7141.992775363005
YearsCoding,12-14 years,DevType,"C-suite executive (CEO, CTO, etc.)",10.61634822885415,22032.59599172492
YearsCoding,12-14 years,DevType,QA or test developer,10.61634822885415,-65150.093760639924
YearsCoding,12-14 years,DevType,System administrator,10.61634822885415,-75933.6677925089
YearsCoding,12-14 years,DevType,Data or business analyst,10.61634822885415,13361.268329157028
YearsCoding,12-14 years,DevType,DevOps specialist,10.61634822885415,7932.786642747658
YearsCoding,12-14 years,DevType,Educator or academic researcher,10.61634822885415,-65700.93600744814
YearsCoding,12-14 years,DevType,Student,10.61634822885415,-138734.4427596223
YearsCoding,12-14 years,DevType,Game or graphics developer,10.61634822885415,-9697.264829335698
YearsCoding,12-14 years,DevType,Product manager,10.61634822885415,0.0
YearsCoding,12-14 years,DevType,Marketing or sales professional,10.61634822885415,0.0
YearsCoding,12-14 years,FormalEducation,"Bachelor’s degree (BA, BS, B.Eng., etc.)",10.61634822885415,-4587.462078250503
YearsCoding,12-14 years,FormalEducation,Some college/university study without earning a degree,10.61634822885415,-9824.861478615465
YearsCoding,12-14 years,FormalEducation,"Secondary school (e.g. American high school, German Realschule or Gymnasium, etc.)",10.61634822885415,-6578.601141310501
YearsCoding,12-14 years,FormalEducation,"Master’s degree (MA, MS, M.Eng., MBA, etc.)",10.61634822885415,9183.000898924627
YearsCoding,12-14 years,FormalEducation,Associate degree,10.61634822885415,19670.956329912588
YearsCoding,12-14 years,FormalEducation,"Professional degree (JD, MD, etc.)",10.61634822885415,-17173.919655758007
YearsCoding,12-14 years,FormalEducation,Primary/elementary school,10.61634822885415,26670.223685906374
YearsCoding,12-14 years,FormalEducation,"Other doctoral degree (Ph.D, Ed.D., etc.)",10.61634822885415,22322.62941806359
YearsCoding,12-14 years,FormalEducation,I never completed any formal education,10.61634822885415,-18770.671039307756
YearsCoding,12-14 years,UndergradMajor,"A natural science (ex. biology, chemistry, physics)",10.61634822885415,9132.270507002653
YearsCoding,12-14 years,UndergradMajor,"Computer science, computer engineering, or software engineering",10.61634822885415,4102.703172507415
YearsCoding,12-14 years,UndergradMajor,"Fine arts or performing arts (ex. graphic design, music, studio art)",10.61634822885415,4993.804991341057
YearsCoding,12-14 years,UndergradMajor,"A business discipline (ex. accounting, finance, marketing)",10.61634822885415,13646.06769168799
YearsCoding,12-14 years,UndergradMajor,"Another engineering discipline (ex. civil, electrical, mechanical)",10.61634822885415,-11947.896626916881
YearsCoding,12-14 years,UndergradMajor,"Information systems, information technology, or system administration",10.61634822885415,-10574.441727120735
YearsCoding,12-14 years,UndergradMajor,"A social science (ex. anthropology, psychology, political science)",10.61634822885415,32035.48266418973
YearsCoding,12-14 years,UndergradMajor,Web development or web design,10.61634822885415,18198.33691386193
YearsCoding,12-14 years,UndergradMajor,"A humanities discipline (ex. literature, history, philosophy)",10.61634822885415,-20778.11110200637
YearsCoding,12-14 years,UndergradMajor,Mathematics or statistics,10.61634822885415,7744.103329982176
YearsCoding,12-14 years,UndergradMajor,"A health science (ex. nursing, pharmacy, radiology)",10.61634822885415,3087.8725424198965
YearsCoding,12-14 years,UndergradMajor,I never declared a major,10.61634822885415,-48209.138857521466
YearsCoding,12-14 years,Hobby,Yes,10.61634822885415,208738.6245146966
YearsCoding,12-14 years,Hobby,No,10.61634822885415,9.437334290206494e+19
YearsCoding,24-26 years,Exercise,Daily or almost every day,2.5764513921785355,31723.34126198442
YearsCoding,24-26 years,Exercise,1 - 2 times per week,2.5764513921785355,-9679.603379335951
YearsCoding,24-26 years,Exercise,I don't typically exercise,2.5764513921785355,24243.738706443502
YearsCoding,24-26 years,Exercise,3 - 4 times per week,2.5764513921785355,-14424.565327999111
YearsCoding,24-26 years,HoursComputer,5 - 8 hours,2.5764513921785355,27164.59527681983
YearsCoding,24-26 years,HoursComputer,9 - 12 hours,2.5764513921785355,-38228.74538179777
YearsCoding,24-26 years,HoursComputer,Over 12 hours,2.5764513921785355,-54691.17339327949
YearsCoding,24-26 years,HoursComputer,1 - 4 hours,2.5764513921785355,-29707.679662768947
YearsCoding,24-26 years,HoursComputer,Less than 1 hour,2.5764513921785355,0.0
YearsCoding,24-26 years,DevType,Database administrator,2.5764513921785355,109146.80300245975
YearsCoding,24-26 years,DevType,Back-end developer,2.5764513921785355,20039.460526119048
YearsCoding,24-26 years,DevType,Mobile developer,2.5764513921785355,-42426.26899730266
YearsCoding,24-26 years,DevType,Front-end developer,2.5764513921785355,-34858.99823545848
YearsCoding,24-26 years,DevType,Full-stack developer,2.5764513921785355,-48596.826895631355
YearsCoding,24-26 years,DevType,Designer,2.5764513921785355,-60100.96490167299
YearsCoding,24-26 years,DevType,Embedded applications or devices developer,2.5764513921785355,-4125.303092433839
YearsCoding,24-26 years,DevType,Engineering manager,2.5764513921785355,88496.73482235211
YearsCoding,24-26 years,DevType,Data scientist or machine learning specialist,2.5764513921785355,-42979.375328853035
YearsCoding,24-26 years,DevType,Desktop or enterprise applications developer,2.5764513921785355,5487.803757583154
YearsCoding,24-26 years,DevType,"C-suite executive (CEO, CTO, etc.)",2.5764513921785355,-11035.81186560317
YearsCoding,24-26 years,DevType,QA or test developer,2.5764513921785355,-117874.6451276083
YearsCoding,24-26 years,DevType,System administrator,2.5764513921785355,-18346.725186880354
YearsCoding,24-26 years,DevType,Data or business analyst,2.5764513921785355,15453.401753710074
YearsCoding,24-26 years,DevType,DevOps specialist,2.5764513921785355,4263.1951847041055
YearsCoding,24-26 years,DevType,Educator or academic researcher,2.5764513921785355,-64357.875648221125
YearsCoding,24-26 years,DevType,Student,2.5764513921785355,-145148.3373009038
YearsCoding,24-26 years,DevType,Game or graphics developer,2.5764513921785355,-54788.18444426904
YearsCoding,24-26 years,DevType,Product manager,2.5764513921785355,0.0
YearsCoding,24-26 years,DevType,Marketing or sales professional,2.5764513921785355,0.0
YearsCoding,24-26 years,FormalEducation,"Bachelor’s degree (BA, BS, B.Eng., etc.)",2.5764513921785355,-9076.364683611444
YearsCoding,24-26 years,FormalEducation,Some college/university study without earning a degree,2.5764513921785355,-16000.603227738506
YearsCoding,24-26 years,FormalEducation,"Secondary school (e.g. American high school, German Realschule or Gymnasium, etc.)",2.5764513921785355,-7866.5879071909585
YearsCoding,24-26 years,FormalEducation,"Master’s degree (MA, MS, M.Eng., MBA, etc.)",2.5764513921785355,17883.993543056265
YearsCoding,24-26 years,FormalEducation,Associate degree,2.5764513921785355,127395.27532655894
YearsCoding,24-26 years,FormalEducation,"Professional degree (JD, MD, etc.)",2.5764513921785355,-33484.521698735436
YearsCoding,24-26 years,FormalEducation,Primary/elementary school,2.5764513921785355,-83465.60155736661
YearsCoding,24-26 years,FormalEducation,"Other doctoral degree (Ph.D, Ed.D., etc.)",2.5764513921785355,-2783.1172875217826
YearsCoding,24-26 years,FormalEducation,I never completed any formal education,2.5764513921785355,-82612.76680170161
YearsCoding,24-26 years,UndergradMajor,"A natural science (ex. biology, chemistry, physics)",2.5764513921785355,-1276.3364780733139
YearsCoding,24-26 years,UndergradMajor,"Computer science, computer engineering, or software engineering",2.5764513921785355,1397.427088953938
YearsCoding,24-26 years,UndergradMajor,"Fine arts or performing arts (ex. graphic design, music, studio art)",2.5764513921785355,68333.9646075023
YearsCoding,24-26 years,UndergradMajor,"A business discipline (ex. accounting, finance, marketing)",2.5764513921785355,1515.2943288471374
YearsCoding,24-26 years,UndergradMajor,"Another engineering discipline (ex. civil, electrical, mechanical)",2.5764513921785355,-24508.77359248091
YearsCoding,24-26 years,UndergradMajor,"Information systems, information technology, or system administration",2.5764513921785355,19816.87229516181
YearsCoding,24-26 years,UndergradMajor,"A social science (ex. anthropology, psychology, political science)",2.5764513921785355,-39154.55403689974
YearsCoding,24-26 years,UndergradMajor,Web development or web design,2.5764513921785355,-59268.25943846605
YearsCoding,24-26 years,UndergradMajor,"A humanities discipline (ex. literature, history, philosophy)",2.5764513921785355,49190.022720131456
YearsCoding,24-26 years,UndergradMajor,Mathematics or statistics,2.5764513921785355,-18516.85816282355
YearsCoding,24-26 years,UndergradMajor,"A health science (ex. nursing, pharmacy, radiology)",2.5764513921785355,0.0
YearsCoding,24-26 years,UndergradMajor,I never declared a major,2.5764513921785355,-3941.213550286555
YearsCoding,24-26 years,Hobby,Yes,2.5764513921785355,-90068.14593509184
YearsCoding,24-26 years,Hobby,No,2.5764513921785355,-3.1570556867831316e+19
YearsCoding,21-23 years,Exercise,Daily or almost every day,3.6712458550450022,2236.969542456323
YearsCoding,21-23 years,Exercise,1 - 2 times per week,3.6712458550450022,8365.177506151716
YearsCoding,21-23 years,Exercise,I don't typically exercise,3.6712458550450022,-13965.017029885345
YearsCoding,21-23 years,Exercise,3 - 4 times per week,3.6712458550450022,-13133.432512999329
YearsCoding,21-23 years,HoursComputer,5 - 8 hours,3.6712458550450022,-4094.1874411985937
YearsCoding,21-23 years,HoursComputer,9 - 12 hours,3.6712458550450022,18105.020464303117
YearsCoding,21-23 years,HoursComputer,Over 12 hours,3.6712458550450022,-15379.506774895493
YearsCoding,21-23 years,HoursComputer,1 - 4 hours,3.6712458550450022,271092.8080095926
YearsCoding,21-23 years,HoursComputer,Less than 1 hour,3.6712458550450022,-21332.406308534584
YearsCoding,21-23 years,DevType,Database administrator,3.6712458550450022,32776.66081207198
YearsCoding,21-23 years,DevType,Back-end developer,3.6712458550450022,-7968.922131415762
YearsCoding,21-23 years,DevType,Mobile developer,3.6712458550450022,-2353.2526406972
YearsCoding,21-23 years,DevType,Front-end developer,3.6712458550450022,57010.84651992847
YearsCoding,21-23 years,DevType,Full-stack developer,3.6712458550450022,19724.408605099554
YearsCoding,21-23 years,DevType,Designer,3.6712458550450022,13389.843335052665
YearsCoding,21-23 years,DevType,Embedded applications or devices developer,3.6712458550450022,-32519.44369017967
YearsCoding,21-23 years,DevType,Engineering manager,3.6712458550450022,-11657.396294511225
YearsCoding,21-23 years,DevType,Data scientist or machine learning specialist,3.6712458550450022,-1634.347695158248
YearsCoding,21-23 years,DevType,Desktop or enterprise applications developer,3.6712458550450022,-23751.29660760079
YearsCoding,21-23 years,DevType,"C-suite executive (CEO, CTO, etc.)",3.6712458550450022,15968.824402561995
YearsCoding,21-23 years,DevType,QA or test developer,3.6712458550450022,78215.14168697642
YearsCoding,21-23 years,DevType,System administrator,3.6712458550450022,-75459.83871521546
YearsCoding,21-23 years,DevType,Data or business analyst,3.6712458550450022,-59524.860114136674
YearsCoding,21-23 years,DevType,DevOps specialist,3.6712458550450022,-10569.616796343036
YearsCoding,21-23 years,DevType,Educator or academic researcher,3.6712458550450022,-56409.988970152786
YearsCoding,21-23 years,DevType,Student,3.6712458550450022,-70349.61740697444
YearsCoding,21-23 years,DevType,Game or graphics developer,3.6712458550450022,-34698.963498610625
YearsCoding,21-23 years,DevType,Product manager,3.6712458550450022,0.0
YearsCoding,21-23 years,DevType,Marketing or sales professional,3.6712458550450022,0.0
YearsCoding,21-23 years,FormalEducation,"Bachelor’s degree (BA, BS, B.Eng., etc.)",3.6712458550450022,12654.44797486086
YearsCoding,21-23 years,FormalEducation,Some college/university study without earning a degree,3.6712458550450022,-19175.250201226387
YearsCoding,21-23 years,FormalEducation,"Secondary school (e.g. American high school, German Realschule or Gymnasium, etc.)",3.6712458550450022,-4267.87435900758
YearsCoding,21-23 years,FormalEducation,"Master’s degree (MA, MS, M.Eng., MBA, etc.)",3.6712458550450022,3714.348877116032
YearsCoding,21-23 years,FormalEducation,Associate degree,3.6712458550450022,-4418.727505376964
YearsCoding,21-23 years,FormalEducation,"Professional degree (JD, MD, etc.)",3.6712458550450022,-34897.29599547591
YearsCoding,21-23 years,FormalEducation,Primary/elementary school,3.6712458550450022,153891.06142684334
YearsCoding,21-23 years,FormalEducation,"Other doctoral degree (Ph.D, Ed.D., etc.)",3.6712458550450022,-33091.74003102653
YearsCoding,21-23 years,FormalEducation,I never completed any formal education,3.6712458550450022,-51298.96026001624
YearsCoding,21-23 years,UndergradMajor,"A natural science (ex. biology, chemistry, physics)",3.6712458550450022,-17715.079433965777
YearsCoding,21-23 years,UndergradMajor,"Computer science, computer engineering, or software engineering",3.6712458550450022,-2466.8642133104363
YearsCoding,21-23 years,UndergradMajor,"Fine arts or performing arts (ex. graphic design, music, studio art)",3.6712458550450022,69519.44236324148
YearsCoding,21-23 years,UndergradMajor,"A business discipline (ex. accounting, finance, marketing)",3.6712458550450022,30792.995821971057
YearsCoding,21-23 years,UndergradMajor,"Another engineering discipline (ex. civil, electrical, mechanical)",3.6712458550450022,15422.75924850202
YearsCoding,21-23 years,UndergradMajor,"Information systems, information technology, or system administration",3.6712458550450022,-4710.8506864209
YearsCoding,21-23 years,UndergradMajor,"A social science (ex. anthropology, psychology, political science)",3.6712458550450022,-73638.3538053102
YearsCoding,21-23 years,UndergradMajor,Web development or web design,3.6712458550450022,3394.4374733163636
YearsCoding,21-23 years,UndergradMajor,"A humanities discipline (ex. literature, history, philosophy)",3.6712458550450022,16151.207258013646
YearsCoding,21-23 years,UndergradMajor,Mathematics or statistics,3.6712458550450022,-18098.04934611135
YearsCoding,21-23 years,UndergradMajor,"A health science (ex. nursing, pharmacy, radiology)",3.6712458550450022,-59141.81803592837
YearsCoding,21-23 years,UndergradMajor,I never declared a major,3.6712458550450022,-68234.72690216191
YearsCoding,21-23 years,Hobby,Yes,3.6712458550450022,394781.18984118185
YearsCoding,21-23 years,Hobby,No,3.6712458550450022,2.963312859283996e+20
YearsCoding,27-29 years,Exercise,Daily or almost every day,1.4106005579241012,12618.834356680876
YearsCoding,27-29 years,Exercise,1 - 2 times per week,1.4106005579241012,-49647.42237026431
YearsCoding,27-29 years,Exercise,I don't typically exercise,1.4106005579241012,-57915.43929150685
YearsCoding,27-29 years,Exercise,3 - 4 times per week,1.4106005579241012,35868.45899442215
YearsCoding,27-29 years,HoursComputer,5 - 8 hours,1.4106005579241012,2906.41316784815
YearsCoding,27-29 years,HoursComputer,9 - 12 hours,1.4106005579241012,-5020.841990348836
YearsCoding,27-29 years,HoursComputer,Over 12 hours,1.4106005579241012,-5342.34427063632
YearsCoding,27-29 years,HoursComputer,1 - 4 hours,1.4106005579241012,889.3655374768714
YearsCoding,27-29 years,HoursComputer,Less than 1 hour,1.4106005579241012,0.0
YearsCoding,27-29 years,DevType,Database administrator,1.4106005579241012,16638.65880616702
YearsCoding,27-29 years,DevType,Back-end developer,1.4106005579241012,42423.046367130126
YearsCoding,27-29 years,DevType,Mobile developer,1.4106005579241012,-27569.73364561294
YearsCoding,27-29 years,DevType,Front-end developer,1.4106005579241012,-11174.279482692216
YearsCoding,27-29 years,DevType,Full-stack developer,1.4106005579241012,13504.964634878117
YearsCoding,27-29 years,DevType,Designer,1.4106005579241012,-86598.29584896573
YearsCoding,27-29 years,DevType,Embedded applications or devices developer,1.4106005579241012,-28528.785996732295
YearsCoding,27-29 years,DevType,Engineering manager,1.4106005579241012,238870.4628823325
YearsCoding,27-29 years,DevType,Data scientist or machine learning specialist,1.4106005579241012,-65636.14152540134
YearsCoding,27-29 years,DevType,Desktop or enterprise applications developer,1.4106005579241012,-54904.32945422965
YearsCoding,27-29 years,DevType,"C-suite executive (CEO, CTO, etc.)",1.4106005579241012,132151.89809072085
YearsCoding,27-29 years,DevType,QA or test developer,1.4106005579241012,-68679.47124985661
YearsCoding,27-29 years,DevType,System administrator,1.4106005579241012,-140564.6188884738
YearsCoding,27-29 years,DevType,Data or business analyst,1.4106005579241012,-55230.51640803617
YearsCoding,27-29 years,DevType,DevOps specialist,1.4106005579241012,-69762.90933066388
YearsCoding,27-29 years,DevType,Educator or academic researcher,1.4106005579241012,-102131.15701716662
YearsCoding,27-29 years,DevType,Student,1.4106005579241012,0.0
YearsCoding,27-29 years,DevType,Game or graphics developer,1.4106005579241012,0.0
YearsCoding,27-29 years,DevType,Product manager,1.4106005579241012,0.0
YearsCoding,27-29 years,DevType,Marketing or sales professional,1.4106005579241012,0.0
YearsCoding,27-29 years,FormalEducation,"Bachelor’s degree (BA, BS, B.Eng., etc.)",1.4106005579241012,-42286.26202803613
YearsCoding,27-29 years,FormalEducation,Some college/university study without earning a degree,1.4106005579241012,48979.4100197603
YearsCoding,27-29 years,FormalEducation,"Secondary school (e.g. American high school, German Realschule or Gymnasium, etc.)",1.4106005579241012,-20702.422531917753
YearsCoding,27-29 years,FormalEducation,"Master’s degree (MA, MS, M.Eng., MBA, etc.)",1.4106005579241012,37487.71608736795
YearsCoding,27-29 years,FormalEducation,Associate degree,1.4106005579241012,26602.115532352203
YearsCoding,27-29 years,FormalEducation,"Professional degree (JD, MD, etc.)",1.4106005579241012,-49247.29505005611
YearsCoding,27-29 years,FormalEducation,Primary/elementary school,1.4106005579241012,-99811.0298065917
YearsCoding,27-29 years,FormalEducation,"Other doctoral degree (Ph.D, Ed.D., etc.)",1.4106005579241012,-27631.07629208499
YearsCoding,27-29 years,FormalEducation,I never completed any formal education,1.4106005579241012,35583.80981598995
YearsCoding,27-29 years,UndergradMajor,"A natural science (ex. biology, chemistry, physics)",1.4106005579241012,-51981.42597991891
YearsCoding,27-29 years,UndergradMajor,"Computer science, computer engineering, or software engineering",1.4106005579241012,6225.433727107273
YearsCoding,27-29 years,UndergradMajor,"Fine arts or performing arts (ex. graphic design, music, studio art)",1.4106005579241012,-60297.43519574498
YearsCoding,27-29 years,UndergradMajor,"A business discipline (ex. accounting, finance, marketing)",1.4106005579241012,-41747.608172980326
YearsCoding,27-29 years,UndergradMajor,"Another engineering discipline (ex. civil, electrical, mechanical)",1.4106005579241012,14409.298874738204
YearsCoding,27-29 years,UndergradMajor,"Information systems, information technology, or system administration",1.4106005579241012,-41774.08874458713
YearsCoding,27-29 years,UndergradMajor,"A social science (ex. anthropology, psychology, political science)",1.4106005579241012,-136877.72459525778
YearsCoding,27-29 years,UndergradMajor,Web development or web design,1.4106005579241012,-137493.4664963493
YearsCoding,27-29 years,UndergradMajor,"A humanities discipline (ex. literature, history, philosophy)",1.4106005579241012,22013.511751929345
YearsCoding,27-29 years,UndergradMajor,Mathematics or statistics,1.4106005579241012,43805.45869149009
YearsCoding,27-29 years,UndergradMajor,"A health science (ex. nursing, pharmacy, radiology)",1.4106005579241012,-156055.9908425316
YearsCoding,27-29 years,UndergradMajor,I never declared a major,1.4106005579241012,306241.5657826305
YearsCoding,27-29 years,Hobby,Yes,1.4106005579241012,1083315.1463333308
YearsCoding,27-29 years,Hobby,No,1.4106005579241012,8.336918588136461e+19
Dependents,Yes,Exercise,Daily or almost every day,30.238433601768516,20590.415934985565
Dependents,Yes,Exercise,1 - 2 times per week,30.238433601768516,1584.0901971841456
Dependents,Yes,Exercise,I don't typically exercise,30.238433601768516,-15769.695312073976
Dependents,Yes,Exercise,3 - 4 times per week,30.238433601768516,8579.730308979662
Dependents,Yes,HoursComputer,5 - 8 hours,30.238433601768516,1809.7251544546664
Dependents,Yes,HoursComputer,9 - 12 hours,30.238433601768516,-1820.1862058028394
Dependents,Yes,HoursComputer,Over 12 hours,30.238433601768516,1339.237943898571
Dependents,Yes,HoursComputer,1 - 4 hours,30.238433601768516,23558.680556119263
Dependents,Yes,HoursComputer,Less than 1 hour,30.238433601768516,-42219.40939770002
Dependents,Yes,DevType,Database administrator,30.238433601768516,19200.430253326915
Dependents,Yes,DevType,Back-end developer,30.238433601768516,6732.497430947493
Dependents,Yes,DevType,Mobile developer,30.238433601768516,-7905.811836063906
Dependents,Yes,DevType,Front-end developer,30.238433601768516,-13023.466996859928
Dependents,Yes,DevType,Full-stack developer,30.238433601768516,-6947.1321882024995
Dependents,Yes,DevType,Designer,30.238433601768516,4135.202039987445
Dependents,Yes,DevType,Embedded applications or devices developer,30.238433601768516,-2973.989693113177
Dependents,Yes,DevType,Engineering manager,30.238433601768516,42411.38503512724
Dependents,Yes,DevType,Data scientist or machine learning specialist,30.238433601768516,4829.14446918415
Dependents,Yes,DevType,Desktop or enterprise applications developer,30.238433601768516,-5752.346951510453
Dependents,Yes,DevType,"C-suite executive (CEO, CTO, etc.)",30.238433601768516,32265.72904621118
Dependents,Yes,DevType,QA or test developer,30.238433601768516,-33107.779696357786
Dependents,Yes,DevType,System administrator,30.238433601768516,11294.618445649352
Dependents,Yes,DevType,Data or business analyst,30.238433601768516,-14995.519698402562
Dependents,Yes,DevType,DevOps specialist,30.238433601768516,12574.97263615922
Dependents,Yes,DevType,Educator or academic researcher,30.238433601768516,-17503.772688372712
Dependents,Yes,DevType,Student,30.238433601768516,-47889.945406408304
Dependents,Yes,DevType,Game or graphics developer,30.238433601768516,-54146.23756495981
Dependents,Yes,DevType,Product manager,30.238433601768516,-36770.921754838295
Dependents,Yes,DevType,Marketing or sales professional,30.238433601768516,80430.3124357743
Dependents,Yes,FormalEducation,"Bachelor’s degree (BA, BS, B.Eng., etc.)",30.238433601768516,-2052.703714821935
Dependents,Yes,FormalEducation,Some college/university study without earning a degree,30.238433601768516,-4445.916801400465
Dependents,Yes,FormalEducation,"Secondary school (e.g. American high school, German Realschule or Gymnasium, etc.)",30.238433601768516,6270.552198695727
Dependents,Yes,FormalEducation,"Master’s degree (MA, MS, M.Eng., MBA, etc.)",30.238433601768516,5147.405698662231
Dependents,Yes,FormalEducation,Associate degree,30.238433601768516,-27865.19470397035
Dependents,Yes,FormalEducation,"Professional degree (JD, MD, etc.)",30.238433601768516,-2902.262392983965
Dependents,Yes,FormalEducation,Primary/elementary school,30.238433601768516,-32216.56009757849
Dependents,Yes,FormalEducation,"Other doctoral degree (Ph.D, Ed.D., etc.)",30.238433601768516,4739.162486277327
Dependents,Yes,FormalEducation,I never completed any formal education,30.238433601768516,77454.66850814324
Dependents,Yes,UndergradMajor,"A natural science (ex. biology, chemistry, physics)",30.238433601768516,5683.60792730166
Dependents,Yes,UndergradMajor,"Computer science, computer engineering, or software engineering",30.238433601768516,3409.0920081039885
Dependents,Yes,UndergradMajor,"Fine arts or performing arts (ex. graphic design, music, studio art)",30.238433601768516,-10284.321144220607
Dependents,Yes,UndergradMajor,"A business discipline (ex. accounting, finance, marketing)",30.238433601768516,2825.4459464257975
Dependents,Yes,UndergradMajor,"Another engineering discipline (ex. civil, electrical, mechanical)",30.238433601768516,-1973.7363072094452
Dependents,Yes,UndergradMajor,"Information systems, information technology, or system administration",30.238433601768516,-14059.882488088928
Dependents,Yes,UndergradMajor,"A social science (ex. anthropology, psychology, political science)",30.238433601768516,-5854.951148777361
Dependents,Yes,UndergradMajor,Web development or web design,30.238433601768516,-35588.51768879859
Dependents,Yes,UndergradMajor,"A humanities discipline (ex. literature, history, philosophy)",30.238433601768516,30208.74441290411
Dependents,Yes,UndergradMajor,Mathematics or statistics,30.238433601768516,4987.905240467105
Dependents,Yes,UndergradMajor,"A health science (ex. nursing, pharmacy, radiology)",30.238433601768516,-15867.25186385777
Dependents,Yes,UndergradMajor,I never declared a major,30.238433601768516,21584.29065803746
Dependents,Yes,Hobby,Yes,30.238433601768516,-612688.5768346271
Dependents,Yes,Hobby,No,30.238433601768516,-384525.3047384219
Dependents,No,Exercise,Daily or almost every day,69.7615663982315,-3307.3289253820085
Dependents,No,Exercise,1 - 2 times per week,69.7615663982315,21657.1497395486
Dependents,No,Exercise,I don't typically exercise,69.7615663982315,-12750.476731831233
Dependents,No,Exercise,3 - 4 times per week,69.7615663982315,21161.23688197892
Dependents,No,HoursComputer,5 - 8 hours,69.7615663982315,16564.594001796966
Dependents,No,HoursComputer,9 - 12 hours,69.7615663982315,-6082.49371843509
Dependents,No,HoursComputer,Over 12 hours,69.7615663982315,-1368.6040559735839
Dependents,No,HoursComputer,1 - 4 hours,69.7615663982315,-40746.021648332884
Dependents,No,HoursComputer,Less than 1 hour,69.7615663982315,-17939.630448644304
Dependents,No,DevType,Database administrator,69.7615663982315,1016.6637101227855
Dependents,No,DevType,Back-end developer,69.7615663982315,-117.02310859485306
Dependents,No,DevType,Mobile developer,69.7615663982315,-7180.548265606496
Dependents,No,DevType,Front-end developer,69.7615663982315,7210.953092046308
Dependents,No,DevType,Full-stack developer,69.7615663982315,-490.07695472623664
Dependents,No,DevType,Designer,69.7615663982315,-16163.726199589433
Dependents,No,DevType,Embedded applications or devices developer,69.7615663982315,4521.18606809734
Dependents,No,DevType,Engineering manager,69.7615663982315,45115.70220795997
Dependents,No,DevType,Data scientist or machine learning specialist,69.7615663982315,-4512.131552907962
Dependents,No,DevType,Desktop or enterprise applications developer,69.7615663982315,-4154.014886301051
Dependents,No,DevType,"C-suite executive (CEO, CTO, etc.)",69.7615663982315,57240.56903158566
Dependents,No,DevType,QA or test developer,69.7615663982315,-13997.511048415985
Dependents,No,DevType,System administrator,69.7615663982315,4235.33456184766
Dependents,No,DevType,Data or business analyst,69.7615663982315,9007.071455616742
Dependents,No,DevType,DevOps specialist,69.7615663982315,22722.55141645687
Dependents,No,DevType,Educator or academic researcher,69.7615663982315,-11245.966087759354
Dependents,No,DevType,Student,69.7615663982315,-52353.6481363181
Dependents,No,DevType,Game or graphics developer,69.7615663982315,-1418.9849198986121
Dependents,No,DevType,Product manager,69.7615663982315,-22801.414125191957
Dependents,No,DevType,Marketing or sales professional,69.7615663982315,-43158.65422584361
Dependents,No,FormalEducation,"Bachelor’s degree (BA, BS, B.Eng., etc.)",69.7615663982315,9678.233179922545
Dependents,No,FormalEducation,Some college/university study without earning a degree,69.7615663982315,-3541.828860467452
Dependents,No,FormalEducation,"Secondary school (e.g. American high school, German Realschule or Gymnasium, etc.)",69.7615663982315,-27952.513277712365
Dependents,No,FormalEducation,"Master’s degree (MA, MS, M.Eng., MBA, etc.)",69.7615663982315,9782.889340249752
Dependents,No,FormalEducation,Associate degree,69.7615663982315,3032.371024659081
Dependents,No,FormalEducation,"Professional degree (JD, MD, etc.)",69.7615663982315,1741.743237568371
Dependents,No,FormalEducation,Primary/elementary school,69.7615663982315,-36053.217109851306
Dependents,No,FormalEducation,"Other doctoral degree (Ph.D, Ed.D., etc.)",69.7615663982315,18981.80686740848
Dependents,No,FormalEducation,I never completed any formal education,69.7615663982315,705.4905324371175
Dependents,No,UndergradMajor,"A natural science (ex. biology, chemistry, physics)",69.7615663982315,3603.672713756042
Dependents,No,UndergradMajor,"Computer science, computer engineering, or software engineering",69.7615663982315,3349.8055031418216
Dependents,No,UndergradMajor,"Fine arts or performing arts (ex. graphic design, music, studio art)",69.7615663982315,2549.6668647747892
Dependents,No,UndergradMajor,"A business discipline (ex. accounting, finance, marketing)",69.7615663982315,-10016.604508156097
Dependents,No,UndergradMajor,"Another engineering discipline (ex. civil, electrical, mechanical)",69.7615663982315,-6771.951058131203
Dependents,No,UndergradMajor,"Information systems, information technology, or system administration",69.7615663982315,7088.121445243379
Dependents,No,UndergradMajor,"A social science (ex. anthropology, psychology, political science)",69.7615663982315,13417.335412085242
Dependents,No,UndergradMajor,Web development or web design,69.7615663982315,-8962.029479001883
Dependents,No,UndergradMajor,"A humanities discipline (ex. literature, history, philosophy)",69.7615663982315,-2754.1602241132414
Dependents,No,UndergradMajor,Mathematics or statistics,69.7615663982315,1115.0791210950288
Dependents,No,UndergradMajor,"A health science (ex. nursing, pharmacy, radiology)",69.7615663982315,1230.3264130483917
Dependents,No,UndergradMajor,I never declared a major,69.7615663982315,-10909.608643612866
Dependents,No,Hobby,Yes,69.7615663982315,-765120.5305749974
Dependents,No,Hobby,No,69.7615663982315,-1032936.1874211822
Country,United Kingdom,Exercise,Daily or almost every day,9.966314016527186,5763.188356937779
Country,United Kingdom,Exercise,1 - 2 times per week,9.966314016527186,-5537.157974183383
Country,United Kingdom,Exercise,I don't typically exercise,9.966314016527186,-1798.4041790338376
Country,United Kingdom,Exercise,3 - 4 times per week,9.966314016527186,3878.313573724059
Country,United Kingdom,HoursComputer,5 - 8 hours,9.966314016527186,-8481.305571944646
Country,United Kingdom,HoursComputer,9 - 12 hours,9.966314016527186,5522.0286761194175
Country,United Kingdom,HoursComputer,Over 12 hours,9.966314016527186,-14591.276688706466
Country,United Kingdom,HoursComputer,1 - 4 hours,9.966314016527186,21385.93385346177
Country,United Kingdom,HoursComputer,Less than 1 hour,9.966314016527186,0.0
Country,United Kingdom,DevType,Database administrator,9.966314016527186,-17985.1983283144
Country,United Kingdom,DevType,Back-end developer,9.966314016527186,4983.3391259211785
Country,United Kingdom,DevType,Mobile developer,9.966314016527186,-15275.23809888041
Country,United Kingdom,DevType,Front-end developer,9.966314016527186,21753.21207129492
Country,United Kingdom,DevType,Full-stack developer,9.966314016527186,-6078.3765577634995
Country,United Kingdom,DevType,Designer,9.966314016527186,-22786.020909814062
Country,United Kingdom,DevType,Embedded applications or devices developer,9.966314016527186,-12399.686623106376
Country,United Kingdom,DevType,Engineering manager,9.966314016527186,84837.346136087
Country,United Kingdom,DevType,Data scientist or machine learning specialist,9.966314016527186,-1902.3801474254797
Country,United Kingdom,DevType,Desktop or enterprise applications developer,9.966314016527186,-13453.386608788587
Country,United Kingdom,DevType,"C-suite executive (CEO, CTO, etc.)",9.966314016527186,74788.73206969307
Country,United Kingdom,DevType,QA or test developer,9.966314016527186,-56199.70423406739
Country,United Kingdom,DevType,System administrator,9.966314016527186,-46102.59311685577
Country,United Kingdom,DevType,Data or business analyst,9.966314016527186,-14249.054489988588
Country,United Kingdom,DevType,DevOps specialist,9.966314016527186,4738.087744014717
Country,United Kingdom,DevType,Educator or academic researcher,9.966314016527186,8751.962094095748
Country,United Kingdom,DevType,Student,9.966314016527186,-18523.930095988755
Country,United Kingdom,DevType,Game or graphics developer,9.966314016527186,-18036.522105198994
Country,United Kingdom,DevType,Product manager,9.966314016527186,11995.051472128242
Country,United Kingdom,DevType,Marketing or sales professional,9.966314016527186,-64537.74722743834
Country,United Kingdom,FormalEducation,"Bachelor’s degree (BA, BS, B.Eng., etc.)",9.966314016527186,-11543.094343189252
Country,United Kingdom,FormalEducation,Some college/university study without earning a degree,9.966314016527186,1760.2348239294015
Country,United Kingdom,FormalEducation,"Secondary school (e.g. American high school, German Realschule or Gymnasium, etc.)",9.966314016527186,-18295.234437697804
Country,United Kingdom,FormalEducation,"Master’s degree (MA, MS, M.Eng., MBA, etc.)",9.966314016527186,12400.886662083834
Country,United Kingdom,FormalEducation,Associate degree,9.966314016527186,25951.95866678827
Country,United Kingdom,FormalEducation,"Professional degree (JD, MD, etc.)",9.966314016527186,118294.24195546433
Country,United Kingdom,FormalEducation,Primary/elementary school,9.966314016527186,-32689.116489100765
Country,United Kingdom,FormalEducation,"Other doctoral degree (Ph.D, Ed.D., etc.)",9.966314016527186,-16553.79196165963
Country,United Kingdom,FormalEducation,I never completed any formal education,9.966314016527186,-83338.6352628588
Country,United Kingdom,UndergradMajor,"A natural science (ex. biology, chemistry, physics)",9.966314016527186,31316.02316657698
Country,United Kingdom,UndergradMajor,"Computer science, computer engineering, or software engineering",9.966314016527186,-18403.979144077857
Country,United Kingdom,UndergradMajor,"Fine arts or performing arts (ex. graphic design, music, studio art)",9.966314016527186,2998.448727788282
Country,United Kingdom,UndergradMajor,"A business discipline (ex. accounting, finance, marketing)",9.966314016527186,-3336.0734489794663
Country,United Kingdom,UndergradMajor,"Another engineering discipline (ex. civil, electrical, mechanical)",9.966314016527186,-7734.757734297953
Country,United Kingdom,UndergradMajor,"Information systems, information technology, or system administration",9.966314016527186,26899.422715482357
Country,United Kingdom,UndergradMajor,"A social science (ex. anthropology, psychology, political science)",9.966314016527186,-6379.760955431511
Country,United Kingdom,UndergradMajor,Web development or web design,9.966314016527186,5303.728308506741
Country,United Kingdom,UndergradMajor,"A humanities discipline (ex. literature, history, philosophy)",9.966314016527186,14206.458977717984
Country,United Kingdom,UndergradMajor,Mathematics or statistics,9.966314016527186,-7356.161843182748
Country,United Kingdom,UndergradMajor,"A health science (ex. nursing, pharmacy, radiology)",9.966314016527186,-51687.13267564079
Country,United Kingdom,UndergradMajor,I never declared a major,9.966314016527186,-16511.759474114697
Country,United Kingdom,Hobby,Yes,9.966314016527186,0.0
Country,United Kingdom,Hobby,No,9.966314016527186,-1.873389068201996e+20
Country,United States,Exercise,Daily or almost every day,33.98863098057793,14265.409580693655
Country,United States,Exercise,1 - 2 times per week,33.98863098057793,-25149.832015068692
Country,United States,Exercise,I don't typically exercise,33.98863098057793,-30537.15640422963
Country,United States,Exercise,3 - 4 times per week,33.98863098057793,11613.837189446607
Country,United States,HoursComputer,5 - 8 hours,33.98863098057793,14465.860118341478
Country,United States,HoursComputer,9 - 12 hours,33.98863098057793,-1732.391147104465
Country,United States,HoursComputer,Over 12 hours,33.98863098057793,-3220.086208528772
Country,United States,HoursComputer,1 - 4 hours,33.98863098057793,-48244.609013640125
Country,United States,HoursComputer,Less than 1 hour,33.98863098057793,-86377.93311580873
Country,United States,DevType,Database administrator,33.98863098057793,33087.61770173002
Country,United States,DevType,Back-end developer,33.98863098057793,8404.12857801919
Country,United States,DevType,Mobile developer,33.98863098057793,11923.36243179759
Country,United States,DevType,Front-end developer,33.98863098057793,-5905.183631261461
Country,United States,DevType,Full-stack developer,33.98863098057793,-7989.617131805042
Country,United States,DevType,Designer,33.98863098057793,-13264.741550177032
Country,United States,DevType,Embedded applications or devices developer,33.98863098057793,23702.36350169557
Country,United States,DevType,Engineering manager,33.98863098057793,51653.37751773614
Country,United States,DevType,Data scientist or machine learning specialist,33.98863098057793,-14899.306457671702
Country,United States,DevType,Desktop or enterprise applications developer,33.98863098057793,4413.240711570894
Country,United States,DevType,"C-suite executive (CEO, CTO, etc.)",33.98863098057793,54340.26562776847
Country,United States,DevType,QA or test developer,33.98863098057793,-34041.4207649706
Country,United States,DevType,System administrator,33.98863098057793,-1097.1189384341687
Country,United States,DevType,Data or business analyst,33.98863098057793,-5794.831667130756
Country,United States,DevType,DevOps specialist,33.98863098057793,-2633.8369597150595
Country,United States,DevType,Educator or academic researcher,33.98863098057793,-36602.858506578144
Country,United States,DevType,Student,33.98863098057793,-92317.39088385033
Country,United States,DevType,Game or graphics developer,33.98863098057793,32240.489695104847
Country,United States,DevType,Product manager,33.98863098057793,-43005.47026447372
Country,United States,DevType,Marketing or sales professional,33.98863098057793,-82442.79932919219
Country,United States,FormalEducation,"Bachelor’s degree (BA, BS, B.Eng., etc.)",33.98863098057793,-1169.676028109323
Country,United States,FormalEducation,Some college/university study without earning a degree,33.98863098057793,-13554.442859192486
Country,United States,FormalEducation,"Secondary school (e.g. American high school, German Realschule or Gymnasium, etc.)",33.98863098057793,-41924.2348032581
Country,United States,FormalEducation,"Master’s degree (MA, MS, M.Eng., MBA, etc.)",33.98863098057793,18174.51927884785
Country,United States,FormalEducation,Associate degree,33.98863098057793,-20401.457848431233
Country,United States,FormalEducation,"Professional degree (JD, MD, etc.)",33.98863098057793,6177.289525989368
Country,United States,FormalEducation,Primary/elementary school,33.98863098057793,-85674.70437607392
Country,United States,FormalEducation,"Other doctoral degree (Ph.D, Ed.D., etc.)",33.98863098057793,39104.98820815948
Country,United States,FormalEducation,I never completed any formal education,33.98863098057793,120020.38938189935
Country,United States,UndergradMajor,"A natural science (ex. biology, chemistry, physics)",33.98863098057793,7071.932003653202
Country,United States,UndergradMajor,"Computer science, computer engineering, or software engineering",33.98863098057793,10967.48236566866
Country,United States,UndergradMajor,"Fine arts or performing arts (ex. graphic design, music, studio art)",33.98863098057793,-5551.788478619756
Country,United States,UndergradMajor,"A business discipline (ex. accounting, finance, marketing)",33.98863098057793,-10999.413187983271
Country,United States,UndergradMajor,"Another engineering discipline (ex. civil, electrical, mechanical)",33.98863098057793,4612.389330583862
Country,United States,UndergradMajor,"Information systems, information technology, or system administration",33.98863098057793,-5759.237042684575
Country,United States,UndergradMajor,"A social science (ex. anthropology, psychology, political science)",33.98863098057793,999.7080865691518
Country,United States,UndergradMajor,Web development or web design,33.98863098057793,-50334.899137427295
Country,United States,UndergradMajor,"A humanities discipline (ex. literature, history, philosophy)",33.98863098057793,1409.0236618134063
Country,United States,UndergradMajor,Mathematics or statistics,33.98863098057793,-1407.1425163389015
Country,United States,UndergradMajor,"A health science (ex. nursing, pharmacy, radiology)",33.98863098057793,4132.047747335102
Country,United States,UndergradMajor,I never declared a major,33.98863098057793,19219.54198207101
Country,United States,Hobby,Yes,33.98863098057793,18728.88051006074
Country,United States,Hobby,No,33.98863098057793,223229.236336864
Country,Netherlands,Exercise,Daily or almost every day,2.629085741354808,4053.891385210535
Country,Netherlands,Exercise,1 - 2 times per week,2.629085741354808,350.3339129958684
Country,Netherlands,Exercise,I don't typically exercise,2.629085741354808,-2938.4529782422856
Country,Netherlands,Exercise,3 - 4 times per week,2.629085741354808,1323.5468284962724
Country,Netherlands,HoursComputer,5 - 8 hours,2.629085741354808,-17325.823981233378
Country,Netherlands,HoursComputer,9 - 12 hours,2.629085741354808,-4453.298728093869
Country,Netherlands,HoursComputer,Over 12 hours,2.629085741354808,6018.805759989243
Country,Netherlands,HoursComputer,1 - 4 hours,2.629085741354808,38432.40761115846
Country,Netherlands,HoursComputer,Less than 1 hour,2.629085741354808,-53726.94495091768
Country,Netherlands,DevType,Database administrator,2.629085741354808,-47334.64181173183
Country,Netherlands,DevType,Back-end developer,2.629085741354808,520.3395450522178
Country,Netherlands,DevType,Mobile developer,2.629085741354808,7007.698677987247
Country,Netherlands,DevType,Front-end developer,2.629085741354808,-22135.09699251641
Country,Netherlands,DevType,Full-stack developer,2.629085741354808,22633.400029139495
Country,Netherlands,DevType,Designer,2.629085741354808,-17491.276859518865
Country,Netherlands,DevType,Embedded applications or devices developer,2.629085741354808,31086.412035904093
Country,Netherlands,DevType,Engineering manager,2.629085741354808,419716.11157442187
Country,Netherlands,DevType,Data scientist or machine learning specialist,2.629085741354808,-10012.413632469541
Country,Netherlands,DevType,Desktop or enterprise applications developer,2.629085741354808,4124.430639261051
Country,Netherlands,DevType,"C-suite executive (CEO, CTO, etc.)",2.629085741354808,22468.00701605254
Country,Netherlands,DevType,QA or test developer,2.629085741354808,-22533.323579237032
Country,Netherlands,DevType,System administrator,2.629085741354808,-33650.00286944811
Country,Netherlands,DevType,Data or business analyst,2.629085741354808,22208.073671494665
Country,Netherlands,DevType,DevOps specialist,2.629085741354808,-21788.711971813227
Country,Netherlands,DevType,Educator or academic researcher,2.629085741354808,-54159.63389409888
Country,Netherlands,DevType,Student,2.629085741354808,-41620.00326541761
Country,Netherlands,DevType,Game or graphics developer,2.629085741354808,-41256.453615426944
Country,Netherlands,DevType,Product manager,2.629085741354808,0.0
Country,Netherlands,DevType,Marketing or sales professional,2.629085741354808,0.0
Country,Netherlands,FormalEducation,"Bachelor’s degree (BA, BS, B.Eng., etc.)",2.629085741354808,-13500.572270384373
Country,Netherlands,FormalEducation,Some college/university study without earning a degree,2.629085741354808,-12412.636904817437
Country,Netherlands,FormalEducation,"Secondary school (e.g. American high school, German Realschule or Gymnasium, etc.)",2.629085741354808,-11254.045723841231
Country,Netherlands,FormalEducation,"Master’s degree (MA, MS, M.Eng., MBA, etc.)",2.629085741354808,28087.561922957317
Country,Netherlands,FormalEducation,Associate degree,2.629085741354808,-18308.565397788756
Country,Netherlands,FormalEducation,"Professional degree (JD, MD, etc.)",2.629085741354808,6932.862091791307
Country,Netherlands,FormalEducation,Primary/elementary school,2.629085741354808,-23789.351074629078
Country,Netherlands,FormalEducation,"Other doctoral degree (Ph.D, Ed.D., etc.)",2.629085741354808,-2384.248062437646
Country,Netherlands,FormalEducation,I never completed any formal education,2.629085741354808,-3320.3196659213454
Country,Netherlands,UndergradMajor,"A natural science (ex. biology, chemistry, physics)",2.629085741354808,35625.593755907306
Country,Netherlands,UndergradMajor,"Computer science, computer engineering, or software engineering",2.629085741354808,-26573.339197026868
Country,Netherlands,UndergradMajor,"Fine arts or performing arts (ex. graphic design, music, studio art)",2.629085741354808,-38077.67578190011
Country,Netherlands,UndergradMajor,"A business discipline (ex. accounting, finance, marketing)",2.629085741354808,-8111.673843662921
Country,Netherlands,UndergradMajor,"Another engineering discipline (ex. civil, electrical, mechanical)",2.629085741354808,43456.66303285487
Country,Netherlands,UndergradMajor,"Information systems, information technology, or system administration",2.629085741354808,-9057.230984904932
Country,Netherlands,UndergradMajor,"A social science (ex. anthropology, psychology, political science)",2.629085741354808,-7398.902495982479
Country,Netherlands,UndergradMajor,Web development or web design,2.629085741354808,-9321.508513373961
Country,Netherlands,UndergradMajor,"A humanities discipline (ex. literature, history, philosophy)",2.629085741354808,-36246.12952929623
Country,Netherlands,UndergradMajor,Mathematics or statistics,2.629085741354808,-29583.801988828578
Country,Netherlands,UndergradMajor,"A health science (ex. nursing, pharmacy, radiology)",2.629085741354808,80384.10285836605
Country,Netherlands,UndergradMajor,I never declared a major,2.629085741354808,-47259.00384099678
Country,Netherlands,Hobby,Yes,2.629085741354808,0.0
Country,Netherlands,Hobby,No,2.629085741354808,26887.832887630244
Country,Sweden,Exercise,Daily or almost every day,1.7790410021580085,10583.1662828066
Country,Sweden,Exercise,1 - 2 times per week,1.7790410021580085,-12205.03194151826
Country,Sweden,Exercise,I don't typically exercise,1.7790410021580085,3313.2440341850615
Country,Sweden,Exercise,3 - 4 times per week,1.7790410021580085,21535.919921946155
Country,Sweden,HoursComputer,5 - 8 hours,1.7790410021580085,11504.996428643179
Country,Sweden,HoursComputer,9 - 12 hours,1.7790410021580085,-21994.158587278536
Country,Sweden,HoursComputer,Over 12 hours,1.7790410021580085,-9595.81499458647
Country,Sweden,HoursComputer,1 - 4 hours,1.7790410021580085,-32106.64414394109
Country,Sweden,HoursComputer,Less than 1 hour,1.7790410021580085,-14797.579035110371
Country,Sweden,DevType,Database administrator,1.7790410021580085,-26164.825201290125
Country,Sweden,DevType,Back-end developer,1.7790410021580085,17008.04053870642
Country,Sweden,DevType,Mobile developer,1.7790410021580085,-14608.667719080067
Country,Sweden,DevType,Front-end developer,1.7790410021580085,-15571.132925391697
Country,Sweden,DevType,Full-stack developer,1.7790410021580085,-20067.65883045339
Country,Sweden,DevType,Designer,1.7790410021580085,-32416.073268227505
Country,Sweden,DevType,Embedded applications or devices developer,1.7790410021580085,-10896.962744150935
Country,Sweden,DevType,Engineering manager,1.7790410021580085,6556.160481614805
Country,Sweden,DevType,Data scientist or machine learning specialist,1.7790410021580085,35181.99224588607
Country,Sweden,DevType,Desktop or enterprise applications developer,1.7790410021580085,32434.943343933457
Country,Sweden,DevType,"C-suite executive (CEO, CTO, etc.)",1.7790410021580085,-8653.169992193607
Country,Sweden,DevType,QA or test developer,1.7790410021580085,219075.1253418427
Country,Sweden,DevType,System administrator,1.7790410021580085,-53785.050331352926
Country,Sweden,DevType,Data or business analyst,1.7790410021580085,-19100.868132644413
Country,Sweden,DevType,DevOps specialist,1.7790410021580085,10946.525348123574
Country,Sweden,DevType,Educator or academic researcher,1.7790410021580085,-24407.462438325372
Country,Sweden,DevType,Student,1.7790410021580085,-47190.31028326201
Country,Sweden,DevType,Game or graphics developer,1.7790410021580085,50445.46452385388
Country,Sweden,DevType,Product manager,1.7790410021580085,0.0
Country,Sweden,DevType,Marketing or sales professional,1.7790410021580085,0.0
Country,Sweden,FormalEducation,"Bachelor’s degree (BA, BS, B.Eng., etc.)",1.7790410021580085,4057.4119016483683
Country,Sweden,FormalEducation,Some college/university study without earning a degree,1.7790410021580085,13470.131138647568
Country,Sweden,FormalEducation,"Secondary school (e.g. American high school, German Realschule or Gymnasium, etc.)",1.7790410021580085,-19099.86226483963
Country,Sweden,FormalEducation,"Master’s degree (MA, MS, M.Eng., MBA, etc.)",1.7790410021580085,-2445.3738147867234
Country,Sweden,FormalEducation,Associate degree,1.7790410021580085,-17305.489831418516
Country,Sweden,FormalEducation,"Professional degree (JD, MD, etc.)",1.7790410021580085,-30534.64018689987
Country,Sweden,FormalEducation,Primary/elementary school,1.7790410021580085,-37840.484694937375
Country,Sweden,FormalEducation,"Other doctoral degree (Ph.D, Ed.D., etc.)",1.7790410021580085,-7311.649307072775
Country,Sweden,FormalEducation,I never completed any formal education,1.7790410021580085,67049.70879381448
Country,Sweden,UndergradMajor,"A natural science (ex. biology, chemistry, physics)",1.7790410021580085,-17403.026726899396
Country,Sweden,UndergradMajor,"Computer science, computer engineering, or software engineering",1.7790410021580085,7228.282722811991
Country,Sweden,UndergradMajor,"Fine arts or performing arts (ex. graphic design, music, studio art)",1.7790410021580085,-34287.58589098453
Country,Sweden,UndergradMajor,"A business discipline (ex. accounting, finance, marketing)",1.7790410021580085,-33170.6216922567
Country,Sweden,UndergradMajor,"Another engineering discipline (ex. civil, electrical, mechanical)",1.7790410021580085,16370.424305819359
Country,Sweden,UndergradMajor,"Information systems, information technology, or system administration",1.7790410021580085,-19476.654344579263
Country,Sweden,UndergradMajor,"A social science (ex. anthropology, psychology, political science)",1.7790410021580085,-11758.705067909425
Country,Sweden,UndergradMajor,Web development or web design,1.7790410021580085,7204.038457101924
Country,Sweden,UndergradMajor,"A humanities discipline (ex. literature, history, philosophy)",1.7790410021580085,-11484.628105640895
Country,Sweden,UndergradMajor,Mathematics or statistics,1.7790410021580085,29646.97787144379
Country,Sweden,UndergradMajor,"A health science (ex. nursing, pharmacy, radiology)",1.7790410021580085,-31560.018069118185
Country,Sweden,UndergradMajor,I never declared a major,1.7790410021580085,2279.355329525295
Country,Sweden,Hobby,Yes,1.7790410021580085,-101879.06218252362
Country,Sweden,Hobby,No,1.7790410021580085,4.218522957701376e+19
Country,Australia,Exercise,Daily or almost every day,3.1001631664824463,-7265.750234152077
Country,Australia,Exercise,1 - 2 times per week,3.1001631664824463,906.2227614576062
Country,Australia,Exercise,I don't typically exercise,3.1001631664824463,2978.9608196328027
Country,Australia,Exercise,3 - 4 times per week,3.1001631664824463,9728.410771881374
Country,Australia,HoursComputer,5 - 8 hours,3.1001631664824463,-3453.1389052852915
Country,Australia,HoursComputer,9 - 12 hours,3.1001631664824463,5540.6262008783815
Country,Australia,HoursComputer,Over 12 hours,3.1001631664824463,6997.058605460287
Country,Australia,HoursComputer,1 - 4 hours,3.1001631664824463,-3564.8429302208488
Country,Australia,HoursComputer,Less than 1 hour,3.1001631664824463,0.0
Country,Australia,DevType,Database administrator,3.1001631664824463,-76543.6448206701
Country,Australia,DevType,Back-end developer,3.1001631664824463,21093.274339034502
Country,Australia,DevType,Mobile developer,3.1001631664824463,10402.513710492962
Country,Australia,DevType,Front-end developer,3.1001631664824463,-3089.5081941802573
Country,Australia,DevType,Full-stack developer,3.1001631664824463,-21547.52489457015
Country,Australia,DevType,Designer,3.1001631664824463,62310.01581125511
Country,Australia,DevType,Embedded applications or devices developer,3.1001631664824463,-53171.280300531704
Country,Australia,DevType,Engineering manager,3.1001631664824463,70577.1048156451
Country,Australia,DevType,Data scientist or machine learning specialist,3.1001631664824463,-39050.53749455414
Country,Australia,DevType,Desktop or enterprise applications developer,3.1001631664824463,41176.34841204664
Country,Australia,DevType,"C-suite executive (CEO, CTO, etc.)",3.1001631664824463,111099.05746872703
Country,Australia,DevType,QA or test developer,3.1001631664824463,6916.59822313196
Country,Australia,DevType,System administrator,3.1001631664824463,-42263.028618254175
Country,Australia,DevType,Data or business analyst,3.1001631664824463,-14832.806844104314
Country,Australia,DevType,DevOps specialist,3.1001631664824463,27800.81455985748
Country,Australia,DevType,Educator or academic researcher,3.1001631664824463,-51287.27774559835
Country,Australia,DevType,Student,3.1001631664824463,-94309.53178872846
Country,Australia,DevType,Game or graphics developer,3.1001631664824463,-43672.87014947116
Country,Australia,DevType,Product manager,3.1001631664824463,0.0
Country,Australia,DevType,Marketing or sales professional,3.1001631664824463,-8185.287997022353
Country,Australia,FormalEducation,"Bachelor’s degree (BA, BS, B.Eng., etc.)",3.1001631664824463,4324.9124801334365
Country,Australia,FormalEducation,Some college/university study without earning a degree,3.1001631664824463,-20438.898525360746
Country,Australia,FormalEducation,"Secondary school (e.g. American high school, German Realschule or Gymnasium, etc.)",3.1001631664824463,36403.98998682173
Country,Australia,FormalEducation,"Master’s degree (MA, MS, M.Eng., MBA, etc.)",3.1001631664824463,3095.50155166689
Country,Australia,FormalEducation,Associate degree,3.1001631664824463,-1998.4808410884925
Country,Australia,FormalEducation,"Professional degree (JD, MD, etc.)",3.1001631664824463,-90136.95797373075
Country,Australia,FormalEducation,Primary/elementary school,3.1001631664824463,-102341.98769338249
Country,Australia,FormalEducation,"Other doctoral degree (Ph.D, Ed.D., etc.)",3.1001631664824463,-4885.243279579048
Country,Australia,FormalEducation,I never completed any formal education,3.1001631664824463,81314.14210336545
Country,Australia,UndergradMajor,"A natural science (ex. biology, chemistry, physics)",3.1001631664824463,23795.251567162173
Country,Australia,UndergradMajor,"Computer science, computer engineering, or software engineering",3.1001631664824463,-4736.096929447957
Country,Australia,UndergradMajor,"Fine arts or performing arts (ex. graphic design, music, studio art)",3.1001631664824463,-40388.22612997105
Country,Australia,UndergradMajor,"A business discipline (ex. accounting, finance, marketing)",3.1001631664824463,-44360.69233368074
Country,Australia,UndergradMajor,"Another engineering discipline (ex. civil, electrical, mechanical)",3.1001631664824463,-10747.22381389948
Country,Australia,UndergradMajor,"Information systems, information technology, or system administration",3.1001631664824463,29741.061021381865
Country,Australia,UndergradMajor,"A social science (ex. anthropology, psychology, political science)",3.1001631664824463,-96254.08612536089
Country,Australia,UndergradMajor,Web development or web design,3.1001631664824463,18178.582642394715
Country,Australia,UndergradMajor,"A humanities discipline (ex. literature, history, philosophy)",3.1001631664824463,10117.05327780011
Country,Australia,UndergradMajor,Mathematics or statistics,3.1001631664824463,676.5306491843465
Country,Australia,UndergradMajor,"A health science (ex. nursing, pharmacy, radiology)",3.1001631664824463,-87350.32969492754
Country,Australia,UndergradMajor,I never declared a major,3.1001631664824463,-34283.37452808887
Country,Australia,Hobby,Yes,3.1001631664824463,300819.59197835374
Country,Australia,Hobby,No,3.1001631664824463,-1.1183517005094316e+20
Country,India,Exercise,Daily or almost every day,10.713721774830255,4637.786590514446
Country,India,Exercise,1 - 2 times per week,10.713721774830255,-3720.553475670604
Country,India,Exercise,I don't typically exercise,10.713721774830255,-1343.295251603047
Country,India,Exercise,3 - 4 times per week,10.713721774830255,7926.764315610366
Country,India,HoursComputer,5 - 8 hours,10.713721774830255,4130.293865051754
Country,India,HoursComputer,9 - 12 hours,10.713721774830255,-2495.7540081648635
Country,India,HoursComputer,Over 12 hours,10.713721774830255,-9901.480209283676
Country,India,HoursComputer,1 - 4 hours,10.713721774830255,12038.360148659245
Country,India,HoursComputer,Less than 1 hour,10.713721774830255,-869.7996792206428
Country,India,DevType,Database administrator,10.713721774830255,-2003.187654969086
Country,India,DevType,Back-end developer,10.713721774830255,-345.2783741154816
Country,India,DevType,Mobile developer,10.713721774830255,-4900.40111093677
Country,India,DevType,Front-end developer,10.713721774830255,6810.553097087019
Country,India,DevType,Full-stack developer,10.713721774830255,-1113.070644956345
Country,India,DevType,Designer,10.713721774830255,-2928.592103733136
Country,India,DevType,Embedded applications or devices developer,10.713721774830255,-764.9912296498255
Country,India,DevType,Engineering manager,10.713721774830255,32783.906439178216
Country,India,DevType,Data scientist or machine learning specialist,10.713721774830255,14007.210935372745
Country,India,DevType,Desktop or enterprise applications developer,10.713721774830255,-2688.7436329797033
Country,India,DevType,"C-suite executive (CEO, CTO, etc.)",10.713721774830255,-3279.597722211339
Country,India,DevType,QA or test developer,10.713721774830255,-8028.480536035871
Country,India,DevType,System administrator,10.713721774830255,-11213.960446506042
Country,India,DevType,Data or business analyst,10.713721774830255,7687.388644139479
Country,India,DevType,DevOps specialist,10.713721774830255,-8050.487315485944
Country,India,DevType,Educator or academic researcher,10.713721774830255,-3664.591701944641
Country,India,DevType,Student,10.713721774830255,-16756.062754924133
Country,India,DevType,Game or graphics developer,10.713721774830255,-14214.83466602823
Country,India,DevType,Product manager,10.713721774830255,-3408.672099001256
Country,India,DevType,Marketing or sales professional,10.713721774830255,-18825.133113069587
Country,India,FormalEducation,"Bachelor’s degree (BA, BS, B.Eng., etc.)",10.713721774830255,5260.053871272799
Country,India,FormalEducation,Some college/university study without earning a degree,10.713721774830255,-4568.790364415859
Country,India,FormalEducation,"Secondary school (e.g. American high school, German Realschule or Gymnasium, etc.)",10.713721774830255,-3625.0604153345366
Country,India,FormalEducation,"Master’s degree (MA, MS, M.Eng., MBA, etc.)",10.713721774830255,-6005.772785443007
Country,India,FormalEducation,Associate degree,10.713721774830255,-18498.442975101265
Country,India,FormalEducation,"Professional degree (JD, MD, etc.)",10.713721774830255,-20051.075247877343
Country,India,FormalEducation,Primary/elementary school,10.713721774830255,8948.578885316774
Country,India,FormalEducation,"Other doctoral degree (Ph.D, Ed.D., etc.)",10.713721774830255,-20295.700141435525
Country,India,FormalEducation,I never completed any formal education,10.713721774830255,-19981.662538834687
Country,India,UndergradMajor,"A natural science (ex. biology, chemistry, physics)",10.713721774830255,8224.467052201771
Country,India,UndergradMajor,"Computer science, computer engineering, or software engineering",10.713721774830255,-4531.695599787186
Country,India,UndergradMajor,"Fine arts or performing arts (ex. graphic design, music, studio art)",10.713721774830255,-10227.316859368531
Country,India,UndergradMajor,"A business discipline (ex. accounting, finance, marketing)",10.713721774830255,-10110.587381629832
Country,India,UndergradMajor,"Another engineering discipline (ex. civil, electrical, mechanical)",10.713721774830255,-837.7003658282837
Country,India,UndergradMajor,"Information systems, information technology, or system administration",10.713721774830255,6920.797010019427
Country,India,UndergradMajor,"A social science (ex. anthropology, psychology, political science)",10.713721774830255,-1824.6590430206256
Country,India,UndergradMajor,Web development or web design,10.713721774830255,-18887.96756943606
Country,India,UndergradMajor,"A humanities discipline (ex. literature, history, philosophy)",10.713721774830255,5591.843519807247
Country,India,UndergradMajor,Mathematics or statistics,10.713721774830255,17266.232124593214
Country,India,UndergradMajor,"A health science (ex. nursing, pharmacy, radiology)",10.713721774830255,31858.22737839695
Country,India,UndergradMajor,I never declared a major,10.713721774830255,38318.34298655738
Country,India,Hobby,Yes,10.713721774830255,-53314.58042355531
Country,India,Hobby,No,10.713721774830255,0.0
Country,Poland,Exercise,Daily or almost every day,2.455392389073109,8419.480009061812
Country,Poland,Exercise,1 - 2 times per week,2.455392389073109,-10156.907137892358
Country,Poland,Exercise,I don't typically exercise,2.455392389073109,-8563.135749105908
Country,Poland,Exercise,3 - 4 times per week,2.455392389073109,9177.33574022755
Country,Poland,HoursComputer,5 - 8 hours,2.455392389073109,-18048.08193280866
Country,Poland,HoursComputer,9 - 12 hours,2.455392389073109,-29517.354790625137
Country,Poland,HoursComputer,Over 12 hours,2.455392389073109,15189.612372003992
Country,Poland,HoursComputer,1 - 4 hours,2.455392389073109,-21461.594897010313
Country,Poland,HoursComputer,Less than 1 hour,2.455392389073109,0.0
Country,Poland,DevType,Database administrator,2.455392389073109,-1428.4528307823603
Country,Poland,DevType,Back-end developer,2.455392389073109,-6510.319857429901
Country,Poland,DevType,Mobile developer,2.455392389073109,-1154.0093446921342
Country,Poland,DevType,Front-end developer,2.455392389073109,-8461.020985074469
Country,Poland,DevType,Full-stack developer,2.455392389073109,12275.945509112134
Country,Poland,DevType,Designer,2.455392389073109,-9742.260209079117
Country,Poland,DevType,Embedded applications or devices developer,2.455392389073109,-5931.794217066005
Country,Poland,DevType,Engineering manager,2.455392389073109,21020.38498199267
Country,Poland,DevType,Data scientist or machine learning specialist,2.455392389073109,-7840.658195847419
Country,Poland,DevType,Desktop or enterprise applications developer,2.455392389073109,-7272.422250666887
Country,Poland,DevType,"C-suite executive (CEO, CTO, etc.)",2.455392389073109,13162.103218447704
Country,Poland,DevType,QA or test developer,2.455392389073109,65820.38250531918
Country,Poland,DevType,System administrator,2.455392389073109,-854.7573227708399
Country,Poland,DevType,Data or business analyst,2.455392389073109,-4295.443235958556
Country,Poland,DevType,DevOps specialist,2.455392389073109,-1959.7730565998008
Country,Poland,DevType,Educator or academic researcher,2.455392389073109,-879.2378959795824
Country,Poland,DevType,Student,2.455392389073109,-17241.1583140379
Country,Poland,DevType,Game or graphics developer,2.455392389073109,8170.602793519691
Country,Poland,DevType,Product manager,2.455392389073109,0.0
Country,Poland,DevType,Marketing or sales professional,2.455392389073109,7172.579539400293
Country,Poland,FormalEducation,"Bachelor’s degree (BA, BS, B.Eng., etc.)",2.455392389073109,7048.942309958058
Country,Poland,FormalEducation,Some college/university study without earning a degree,2.455392389073109,-14563.67377213204
Country,Poland,FormalEducation,"Secondary school (e.g. American high school, German Realschule or Gymnasium, etc.)",2.455392389073109,-11383.75217012486
Country,Poland,FormalEducation,"Master’s degree (MA, MS, M.Eng., MBA, etc.)",2.455392389073109,3795.758894823005
Country,Poland,FormalEducation,Associate degree,2.455392389073109,-10300.582628823613
Country,Poland,FormalEducation,"Professional degree (JD, MD, etc.)",2.455392389073109,20326.62319656409
Country,Poland,FormalEducation,Primary/elementary school,2.455392389073109,-20556.002317349128
Country,Poland,FormalEducation,"Other doctoral degree (Ph.D, Ed.D., etc.)",2.455392389073109,15157.746124414283
Country,Poland,FormalEducation,I never completed any formal education,2.455392389073109,-8314.967892141198
Country,Poland,UndergradMajor,"A natural science (ex. biology, chemistry, physics)",2.455392389073109,-3273.000830556453
Country,Poland,UndergradMajor,"Computer science, computer engineering, or software engineering",2.455392389073109,10602.35541275272
Country,Poland,UndergradMajor,"Fine arts or performing arts (ex. graphic design, music, studio art)",2.455392389073109,-23686.83946269021
Country,Poland,UndergradMajor,"A business discipline (ex. accounting, finance, marketing)",2.455392389073109,41401.61398752792
Country,Poland,UndergradMajor,"Another engineering discipline (ex. civil, electrical, mechanical)",2.455392389073109,-7622.511144081333
Country,Poland,UndergradMajor,"Information systems, information technology, or system administration",2.455392389073109,-5729.887820761802
Country,Poland,UndergradMajor,"A social science (ex. anthropology, psychology, political science)",2.455392389073109,-12053.27549036586
Country,Poland,UndergradMajor,Web development or web design,2.455392389073109,-7825.064825108908
Country,Poland,UndergradMajor,"A humanities discipline (ex. literature, history, philosophy)",2.455392389073109,116.98736833530882
Country,Poland,UndergradMajor,Mathematics or statistics,2.455392389073109,-8420.96439342287
Country,Poland,UndergradMajor,"A health science (ex. nursing, pharmacy, radiology)",2.455392389073109,-5450.746245387889
Country,Poland,UndergradMajor,I never declared a major,2.455392389073109,-15764.074228945425
Country,Poland,Hobby,Yes,2.455392389073109,3.903155466956365e+20
Country,Poland,Hobby,No,2.455392389073109,35793.50682247443
Country,Russian Federation,Exercise,Daily or almost every day,3.1817464077056683,7244.673548888129
Country,Russian Federation,Exercise,1 - 2 times per week,3.1817464077056683,-51.27943204030897
Country,Russian Federation,Exercise,I don't typically exercise,3.1817464077056683,-9605.185416742994
Country,Russian Federation,Exercise,3 - 4 times per week,3.1817464077056683,-3174.6513325059113
Country,Russian Federation,HoursComputer,5 - 8 hours,3.1817464077056683,-12021.410550798315
Country,Russian Federation,HoursComputer,9 - 12 hours,3.1817464077056683,4840.570371497816
Country,Russian Federation,HoursComputer,Over 12 hours,3.1817464077056683,-5657.419191476973
Country,Russian Federation,HoursComputer,1 - 4 hours,3.1817464077056683,-6388.533422278663
Country,Russian Federation,HoursComputer,Less than 1 hour,3.1817464077056683,-8672.805721495613
Country,Russian Federation,DevType,Database administrator,3.1817464077056683,-14478.72025455611
Country,Russian Federation,DevType,Back-end developer,3.1817464077056683,1316.2631749568131
Country,Russian Federation,DevType,Mobile developer,3.1817464077056683,3171.871925400769
Country,Russian Federation,DevType,Front-end developer,3.1817464077056683,-4244.95111730683
Country,Russian Federation,DevType,Full-stack developer,3.1817464077056683,4628.589432188524
Country,Russian Federation,DevType,Designer,3.1817464077056683,-3869.6664759015
Country,Russian Federation,DevType,Embedded applications or devices developer,3.1817464077056683,-3474.763778925408
Country,Russian Federation,DevType,Engineering manager,3.1817464077056683,49310.17888462307
Country,Russian Federation,DevType,Data scientist or machine learning specialist,3.1817464077056683,-1702.470063485529
Country,Russian Federation,DevType,Desktop or enterprise applications developer,3.1817464077056683,-7290.513353773818
Country,Russian Federation,DevType,"C-suite executive (CEO, CTO, etc.)",3.1817464077056683,2055.2442963078342
Country,Russian Federation,DevType,QA or test developer,3.1817464077056683,-8089.409720576006
Country,Russian Federation,DevType,System administrator,3.1817464077056683,-3560.404361966649
Country,Russian Federation,DevType,Data or business analyst,3.1817464077056683,3684.854660036567
Country,Russian Federation,DevType,DevOps specialist,3.1817464077056683,1484.7510724958186
Country,Russian Federation,DevType,Educator or academic researcher,3.1817464077056683,-3177.649535894137
Country,Russian Federation,DevType,Student,3.1817464077056683,-6486.916520949003
Country,Russian Federation,DevType,Game or graphics developer,3.1817464077056683,5212.198458016887
Country,Russian Federation,DevType,Product manager,3.1817464077056683,0.0
Country,Russian Federation,DevType,Marketing or sales professional,3.1817464077056683,6784.292077346366
Country,Russian Federation,FormalEducation,"Bachelor’s degree (BA, BS, B.Eng., etc.)",3.1817464077056683,-643.4990713797026
Country,Russian Federation,FormalEducation,Some college/university study without earning a degree,3.1817464077056683,-9528.643972120226
Country,Russian Federation,FormalEducation,"Secondary school (e.g. American high school, German Realschule or Gymnasium, etc.)",3.1817464077056683,-7582.906708877544
Country,Russian Federation,FormalEducation,"Master’s degree (MA, MS, M.Eng., MBA, etc.)",3.1817464077056683,5202.692474824253
Country,Russian Federation,FormalEducation,Associate degree,3.1817464077056683,-10188.422549558192
Country,Russian Federation,FormalEducation,"Professional degree (JD, MD, etc.)",3.1817464077056683,11906.3198365
Country,Russian Federation,FormalEducation,Primary/elementary school,3.1817464077056683,-17629.563028972036
Country,Russian Federation,FormalEducation,"Other doctoral degree (Ph.D, Ed.D., etc.)",3.1817464077056683,-1633.0154985266552
Country,Russian Federation,FormalEducation,I never completed any formal education,3.1817464077056683,-15464.783576735512
Country,Russian Federation,UndergradMajor,"A natural science (ex. biology, chemistry, physics)",3.1817464077056683,12814.189162045865
Country,Russian Federation,UndergradMajor,"Computer science, computer engineering, or software engineering",3.1817464077056683,-5459.61027490876
Country,Russian Federation,UndergradMajor,"Fine arts or performing arts (ex. graphic design, music, studio art)",3.1817464077056683,27797.658475711538
Country,Russian Federation,UndergradMajor,"A business discipline (ex. accounting, finance, marketing)",3.1817464077056683,247.08794371520904
Country,Russian Federation,UndergradMajor,"Another engineering discipline (ex. civil, electrical, mechanical)",3.1817464077056683,-3571.66974114997
Country,Russian Federation,UndergradMajor,"Information systems, information technology, or system administration",3.1817464077056683,1253.621462771052
Country,Russian Federation,UndergradMajor,"A social science (ex. anthropology, psychology, political science)",3.1817464077056683,-12017.101875260545
Country,Russian Federation,UndergradMajor,Web development or web design,3.1817464077056683,-10130.349923094966
Country,Russian Federation,UndergradMajor,"A humanities discipline (ex. literature, history, philosophy)",3.1817464077056683,-3692.8126803048494
Country,Russian Federation,UndergradMajor,Mathematics or statistics,3.1817464077056683,280.31462902626254
Country,Russian Federation,UndergradMajor,"A health science (ex. nursing, pharmacy, radiology)",3.1817464077056683,19698.694271962853
Country,Russian Federation,UndergradMajor,I never declared a major,3.1817464077056683,-6390.438247817866
Country,Russian Federation,Hobby,Yes,3.1817464077056683,0.0
Country,Russian Federation,Hobby,No,3.1817464077056683,-2.048344667668358e+19
Country,Germany,Exercise,Daily or almost every day,8.82151692194326,-2128.358841228319
Country,Germany,Exercise,1 - 2 times per week,8.82151692194326,-516.2640118345939
Country,Germany,Exercise,I don't typically exercise,8.82151692194326,144.30174960919567
Country,Germany,Exercise,3 - 4 times per week,8.82151692194326,1903.853842532515
Country,Germany,HoursComputer,5 - 8 hours,8.82151692194326,-22755.218857558182
Country,Germany,HoursComputer,9 - 12 hours,8.82151692194326,11096.017964623526
Country,Germany,HoursComputer,Over 12 hours,8.82151692194326,-5392.355908880252
Country,Germany,HoursComputer,1 - 4 hours,8.82151692194326,-51415.51950935849
Country,Germany,HoursComputer,Less than 1 hour,8.82151692194326,-11670.433415699541
Country,Germany,DevType,Database administrator,8.82151692194326,-21768.675708998286
Country,Germany,DevType,Back-end developer,8.82151692194326,-1536.5786661887782
Country,Germany,DevType,Mobile developer,8.82151692194326,-20043.497842991812
Country,Germany,DevType,Front-end developer,8.82151692194326,-7200.880609505628
Country,Germany,DevType,Full-stack developer,8.82151692194326,4506.343120458038
Country,Germany,DevType,Designer,8.82151692194326,-11539.052062859324
Country,Germany,DevType,Embedded applications or devices developer,8.82151692194326,3317.536061490893
Country,Germany,DevType,Engineering manager,8.82151692194326,-13448.296177243506
Country,Germany,DevType,Data scientist or machine learning specialist,8.82151692194326,2406.7903164768095
Country,Germany,DevType,Desktop or enterprise applications developer,8.82151692194326,-13132.811548338977
Country,Germany,DevType,"C-suite executive (CEO, CTO, etc.)",8.82151692194326,3368.106318057824
Country,Germany,DevType,QA or test developer,8.82151692194326,-19400.309042571622
Country,Germany,DevType,System administrator,8.82151692194326,134588.17921742648
Country,Germany,DevType,Data or business analyst,8.82151692194326,12743.953739622437
Country,Germany,DevType,DevOps specialist,8.82151692194326,100944.19012988557
Country,Germany,DevType,Educator or academic researcher,8.82151692194326,15635.995048136512
Country,Germany,DevType,Student,8.82151692194326,-33344.822014237405
Country,Germany,DevType,Game or graphics developer,8.82151692194326,-33110.71714596829
Country,Germany,DevType,Product manager,8.82151692194326,-21082.681580234555
Country,Germany,DevType,Marketing or sales professional,8.82151692194326,0.0
Country,Germany,FormalEducation,"Bachelor’s degree (BA, BS, B.Eng., etc.)",8.82151692194326,24069.118350879264
Country,Germany,FormalEducation,Some college/university study without earning a degree,8.82151692194326,-15995.845214301331
Country,Germany,FormalEducation,"Secondary school (e.g. American high school, German Realschule or Gymnasium, etc.)",8.82151692194326,-23824.655488864988
Country,Germany,FormalEducation,"Master’s degree (MA, MS, M.Eng., MBA, etc.)",8.82151692194326,10637.035407158244
Country,Germany,FormalEducation,Associate degree,8.82151692194326,4379.145317118892
Country,Germany,FormalEducation,"Professional degree (JD, MD, etc.)",8.82151692194326,-39141.894325242436
Country,Germany,FormalEducation,Primary/elementary school,8.82151692194326,-59095.11935594032
Country,Germany,FormalEducation,"Other doctoral degree (Ph.D, Ed.D., etc.)",8.82151692194326,11790.689555708035
Country,Germany,FormalEducation,I never completed any formal education,8.82151692194326,-62665.98059756337
Country,Germany,UndergradMajor,"A natural science (ex. biology, chemistry, physics)",8.82151692194326,6901.294429015146
Country,Germany,UndergradMajor,"Computer science, computer engineering, or software engineering",8.82151692194326,-3929.63949063823
Country,Germany,UndergradMajor,"Fine arts or performing arts (ex. graphic design, music, studio art)",8.82151692194326,-41634.72905823483
Country,Germany,UndergradMajor,"A business discipline (ex. accounting, finance, marketing)",8.82151692194326,779.290141149897
Country,Germany,UndergradMajor,"Another engineering discipline (ex. civil, electrical, mechanical)",8.82151692194326,14073.900427482275
Country,Germany,UndergradMajor,"Information systems, information technology, or system administration",8.82151692194326,-10734.743252462471
Country,Germany,UndergradMajor,"A social science (ex. anthropology, psychology, political science)",8.82151692194326,-20856.02216949649
Country,Germany,UndergradMajor,Web development or web design,8.82151692194326,-19870.35128367218
Country,Germany,UndergradMajor,"A humanities discipline (ex. literature, history, philosophy)",8.82151692194326,56536.847197611205
Country,Germany,UndergradMajor,Mathematics or statistics,8.82151692194326,-2867.102034758369
Country,Germany,UndergradMajor,"A health science (ex. nursing, pharmacy, radiology)",8.82151692194326,-28736.616345804734
Country,Germany,UndergradMajor,I never declared a major,8.82151692194326,-9298.711806731328
Country,Germany,Hobby,Yes,8.82151692194326,221650.13621073973
Country,Germany,Hobby,No,8.82151692194326,573168.9572268729
Country,France,Exercise,Daily or almost every day,3.80020001052687,-3199.947553114107
Country,France,Exercise,1 - 2 times per week,3.80020001052687,3643.0630293223303
Country,France,Exercise,I don't typically exercise,3.80020001052687,-1120.715918721061
Country,France,Exercise,3 - 4 times per week,3.80020001052687,-4549.151681321979
Country,France,HoursComputer,5 - 8 hours,3.80020001052687,-10812.685287468948
Country,France,HoursComputer,9 - 12 hours,3.80020001052687,-296.1633415722222
Country,France,HoursComputer,Over 12 hours,3.80020001052687,4909.03055100145
Country,France,HoursComputer,1 - 4 hours,3.80020001052687,83760.15190531107
Country,France,HoursComputer,Less than 1 hour,3.80020001052687,-78541.4318229636
Country,France,DevType,Database administrator,3.80020001052687,19894.42059909145
Country,France,DevType,Back-end developer,3.80020001052687,12561.416670958142
Country,France,DevType,Mobile developer,3.80020001052687,53979.818062805934
Country,France,DevType,Front-end developer,3.80020001052687,-889.0281306638562
Country,France,DevType,Full-stack developer,3.80020001052687,-16579.459225833205
Country,France,DevType,Designer,3.80020001052687,2158.631880246465
Country,France,DevType,Embedded applications or devices developer,3.80020001052687,74769.21071437615
Country,France,DevType,Engineering manager,3.80020001052687,-15937.469921770135
Country,France,DevType,Data scientist or machine learning specialist,3.80020001052687,-36461.39639736031
Country,France,DevType,Desktop or enterprise applications developer,3.80020001052687,-25184.452942833414
Country,France,DevType,"C-suite executive (CEO, CTO, etc.)",3.80020001052687,104149.04212794192
Country,France,DevType,QA or test developer,3.80020001052687,-92084.17458145697
Country,France,DevType,System administrator,3.80020001052687,122732.2591709085
Country,France,DevType,Data or business analyst,3.80020001052687,-3805.7426569637137
Country,France,DevType,DevOps specialist,3.80020001052687,-2336.9652914939115
Country,France,DevType,Educator or academic researcher,3.80020001052687,-89701.33287854282
Country,France,DevType,Student,3.80020001052687,-46317.69978190883
Country,France,DevType,Game or graphics developer,3.80020001052687,-71322.19177080278
Country,France,DevType,Product manager,3.80020001052687,-93749.95786293839
Country,France,DevType,Marketing or sales professional,3.80020001052687,0.0
Country,France,FormalEducation,"Bachelor’s degree (BA, BS, B.Eng., etc.)",3.80020001052687,-26443.41802460033
Country,France,FormalEducation,Some college/university study without earning a degree,3.80020001052687,-32046.696799485373
Country,France,FormalEducation,"Secondary school (e.g. American high school, German Realschule or Gymnasium, etc.)",3.80020001052687,14367.63057734948
Country,France,FormalEducation,"Master’s degree (MA, MS, M.Eng., MBA, etc.)",3.80020001052687,19472.440399064024
Country,France,FormalEducation,Associate degree,3.80020001052687,-16307.71889351793
Country,France,FormalEducation,"Professional degree (JD, MD, etc.)",3.80020001052687,10904.003666960767
Country,France,FormalEducation,Primary/elementary school,3.80020001052687,-52050.77023812492
Country,France,FormalEducation,"Other doctoral degree (Ph.D, Ed.D., etc.)",3.80020001052687,12194.133982650023
Country,France,FormalEducation,I never completed any formal education,3.80020001052687,-22866.93828804794
Country,France,UndergradMajor,"A natural science (ex. biology, chemistry, physics)",3.80020001052687,-36485.78302836091
Country,France,UndergradMajor,"Computer science, computer engineering, or software engineering",3.80020001052687,10649.929342364394
Country,France,UndergradMajor,"Fine arts or performing arts (ex. graphic design, music, studio art)",3.80020001052687,-24202.853313731033
Country,France,UndergradMajor,"A business discipline (ex. accounting, finance, marketing)",3.80020001052687,-749.3994100703494
Country,France,UndergradMajor,"Another engineering discipline (ex. civil, electrical, mechanical)",3.80020001052687,3653.7540553120343
Country,France,UndergradMajor,"Information systems, information technology, or system administration",3.80020001052687,18952.900441380752
Country,France,UndergradMajor,"A social science (ex. anthropology, psychology, political science)",3.80020001052687,-28455.73285613042
Country,France,UndergradMajor,Web development or web design,3.80020001052687,-10106.207566997346
Country,France,UndergradMajor,"A humanities discipline (ex. literature, history, philosophy)",3.80020001052687,-32855.25100868989
Country,France,UndergradMajor,Mathematics or statistics,3.80020001052687,7239.729036377448
Country,France,UndergradMajor,"A health science (ex. nursing, pharmacy, radiology)",3.80020001052687,75800.70112789235
Country,France,UndergradMajor,I never declared a major,3.80020001052687,-8389.810433997962
Country,France,Hobby,Yes,3.80020001052687,-70824.49316920788
Country,France,Hobby,No,3.80020001052687,148605.73346986732
Country,Italy,Exercise,Daily or almost every day,1.9606295068161483,-11835.361033139943
Country,Italy,Exercise,1 - 2 times per week,1.9606295068161483,-4034.670189923565
Country,Italy,Exercise,I don't typically exercise,1.9606295068161483,-31020.948012762106
Country,Italy,Exercise,3 - 4 times per week,1.9606295068161483,19462.341267854757
Country,Italy,HoursComputer,5 - 8 hours,1.9606295068161483,772.6765340700445
Country,Italy,HoursComputer,9 - 12 hours,1.9606295068161483,-7351.863902758819
Country,Italy,HoursComputer,Over 12 hours,1.9606295068161483,17109.848416250734
Country,Italy,HoursComputer,1 - 4 hours,1.9606295068161483,-92456.56986259072
Country,Italy,HoursComputer,Less than 1 hour,1.9606295068161483,0.0
Country,Italy,DevType,Database administrator,1.9606295068161483,-39063.15187036374
Country,Italy,DevType,Back-end developer,1.9606295068161483,-2093.293271871994
Country,Italy,DevType,Mobile developer,1.9606295068161483,36265.436721819286
Country,Italy,DevType,Front-end developer,1.9606295068161483,26996.25708798659
Country,Italy,DevType,Full-stack developer,1.9606295068161483,-35478.07637854485
Country,Italy,DevType,Designer,1.9606295068161483,-29396.621221678048
Country,Italy,DevType,Embedded applications or devices developer,1.9606295068161483,-12309.630817906735
Country,Italy,DevType,Engineering manager,1.9606295068161483,73076.6566107122
Country,Italy,DevType,Data scientist or machine learning specialist,1.9606295068161483,6588.907327169514
Country,Italy,DevType,Desktop or enterprise applications developer,1.9606295068161483,16402.511864027103
Country,Italy,DevType,"C-suite executive (CEO, CTO, etc.)",1.9606295068161483,484.7567936129126
Country,Italy,DevType,QA or test developer,1.9606295068161483,-90595.85536093671
Country,Italy,DevType,System administrator,1.9606295068161483,603086.2199553647
Country,Italy,DevType,Data or business analyst,1.9606295068161483,62757.327595767034
Country,Italy,DevType,DevOps specialist,1.9606295068161483,17512.767534724982
Country,Italy,DevType,Educator or academic researcher,1.9606295068161483,-100992.30594450796
Country,Italy,DevType,Student,1.9606295068161483,-120422.6627151581
Country,Italy,DevType,Game or graphics developer,1.9606295068161483,-113213.96189334843
Country,Italy,DevType,Product manager,1.9606295068161483,0.0
Country,Italy,DevType,Marketing or sales professional,1.9606295068161483,0.0
Country,Italy,FormalEducation,"Bachelor’s degree (BA, BS, B.Eng., etc.)",1.9606295068161483,3279.4554839933317
Country,Italy,FormalEducation,Some college/university study without earning a degree,1.9606295068161483,-35046.3229588758
Country,Italy,FormalEducation,"Secondary school (e.g. American high school, German Realschule or Gymnasium, etc.)",1.9606295068161483,-25346.491135874843
Country,Italy,FormalEducation,"Master’s degree (MA, MS, M.Eng., MBA, etc.)",1.9606295068161483,25216.21364779932
Country,Italy,FormalEducation,Associate degree,1.9606295068161483,-14445.929549249006
Country,Italy,FormalEducation,"Professional degree (JD, MD, etc.)",1.9606295068161483,69406.87510298935
Country,Italy,FormalEducation,Primary/elementary school,1.9606295068161483,126373.65677098662
Country,Italy,FormalEducation,"Other doctoral degree (Ph.D, Ed.D., etc.)",1.9606295068161483,2722.4211847330052
Country,Italy,FormalEducation,I never completed any formal education,1.9606295068161483,-84596.85524398032
Country,Italy,UndergradMajor,"A natural science (ex. biology, chemistry, physics)",1.9606295068161483,15817.490832440853
Country,Italy,UndergradMajor,"Computer science, computer engineering, or software engineering",1.9606295068161483,5033.379598518679
Country,Italy,UndergradMajor,"Fine arts or performing arts (ex. graphic design, music, studio art)",1.9606295068161483,-76727.25068365564
Country,Italy,UndergradMajor,"A business discipline (ex. accounting, finance, marketing)",1.9606295068161483,-22090.819794124935
Country,Italy,UndergradMajor,"Another engineering discipline (ex. civil, electrical, mechanical)",1.9606295068161483,-134.31512203743114
Country,Italy,UndergradMajor,"Information systems, information technology, or system administration",1.9606295068161483,-33272.13990246652
Country,Italy,UndergradMajor,"A social science (ex. anthropology, psychology, political science)",1.9606295068161483,22762.526603508766
Country,Italy,UndergradMajor,Web development or web design,1.9606295068161483,-15587.363503297129
Country,Italy,UndergradMajor,"A humanities discipline (ex. literature, history, philosophy)",1.9606295068161483,10066.233485224933
Country,Italy,UndergradMajor,Mathematics or statistics,1.9606295068161483,36053.207554239554
Country,Italy,UndergradMajor,"A health science (ex. nursing, pharmacy, radiology)",1.9606295068161483,0.0
Country,Italy,UndergradMajor,I never declared a major,1.9606295068161483,-9822.688129271726
Country,Italy,Hobby,Yes,1.9606295068161483,-108441.04774724583
Country,Italy,Hobby,No,1.9606295068161483,25830.072238610468
Country,Turkey,Exercise,Daily or almost every day,0.9974209168903627,-54.61257173307325
Country,Turkey,Exercise,1 - 2 times per week,0.9974209168903627,17713.23385387075
Country,Turkey,Exercise,I don't typically exercise,0.9974209168903627,-24596.628764657624
Country,Turkey,Exercise,3 - 4 times per week,0.9974209168903627,-22707.429874324604
Country,Turkey,HoursComputer,5 - 8 hours,0.9974209168903627,22245.352550683787
Country,Turkey,HoursComputer,9 - 12 hours,0.9974209168903627,-3244.6925339387167
Country,Turkey,HoursComputer,Over 12 hours,0.9974209168903627,-4756.065636964429
Country,Turkey,HoursComputer,1 - 4 hours,0.9974209168903627,-47027.34276448481
Country,Turkey,HoursComputer,Less than 1 hour,0.9974209168903627,-17559.940192289352
Country,Turkey,DevType,Database administrator,0.9974209168903627,-46371.37993926083
Country,Turkey,DevType,Back-end developer,0.9974209168903627,-8358.727775443058
Country,Turkey,DevType,Mobile developer,0.9974209168903627,-5794.000282277219
Country,Turkey,DevType,Front-end developer,0.9974209168903627,128883.45334464197
Country,Turkey,DevType,Full-stack developer,0.9974209168903627,-15130.62752302665
Country,Turkey,DevType,Designer,0.9974209168903627,-33669.87032408172
Country,Turkey,DevType,Embedded applications or devices developer,0.9974209168903627,-36576.7797315645
Country,Turkey,DevType,Engineering manager,0.9974209168903627,-12118.840654074935
Country,Turkey,DevType,Data scientist or machine learning specialist,0.9974209168903627,-24282.90629503092
Country,Turkey,DevType,Desktop or enterprise applications developer,0.9974209168903627,39706.796763088285
Country,Turkey,DevType,"C-suite executive (CEO, CTO, etc.)",0.9974209168903627,24411.980303435972
Country,Turkey,DevType,QA or test developer,0.9974209168903627,-61909.616438538025
Country,Turkey,DevType,System administrator,0.9974209168903627,0.0
Country,Turkey,DevType,Data or business analyst,0.9974209168903627,-4648.020578501413
Country,Turkey,DevType,DevOps specialist,0.9974209168903627,0.0
Country,Turkey,DevType,Educator or academic researcher,0.9974209168903627,-47151.796186170475
Country,Turkey,DevType,Student,0.9974209168903627,-66282.60412513961
Country,Turkey,DevType,Game or graphics developer,0.9974209168903627,-7006.697776429255
Country,Turkey,DevType,Product manager,0.9974209168903627,0.0
Country,Turkey,DevType,Marketing or sales professional,0.9974209168903627,0.0
Country,Turkey,FormalEducation,"Bachelor’s degree (BA, BS, B.Eng., etc.)",0.9974209168903627,9995.652931623954
Country,Turkey,FormalEducation,Some college/university study without earning a degree,0.9974209168903627,-37534.20942695901
Country,Turkey,FormalEducation,"Secondary school (e.g. American high school, German Realschule or Gymnasium, etc.)",0.9974209168903627,-38967.73412961119
Country,Turkey,FormalEducation,"Master’s degree (MA, MS, M.Eng., MBA, etc.)",0.9974209168903627,6662.196994855075
Country,Turkey,FormalEducation,Associate degree,0.9974209168903627,-51542.66429957405
Country,Turkey,FormalEducation,"Professional degree (JD, MD, etc.)",0.9974209168903627,994429.6555389737
Country,Turkey,FormalEducation,Primary/elementary school,0.9974209168903627,-105449.60012051587
Country,Turkey,FormalEducation,"Other doctoral degree (Ph.D, Ed.D., etc.)",0.9974209168903627,-59683.791653966065
Country,Turkey,FormalEducation,I never completed any formal education,0.9974209168903627,-59336.30761869888
Country,Turkey,UndergradMajor,"A natural science (ex. biology, chemistry, physics)",0.9974209168903627,-69991.31362352287
Country,Turkey,UndergradMajor,"Computer science, computer engineering, or software engineering",0.9974209168903627,-6124.573904232342
Country,Turkey,UndergradMajor,"Fine arts or performing arts (ex. graphic design, music, studio art)",0.9974209168903627,-33302.06686292595
Country,Turkey,UndergradMajor,"A business discipline (ex. accounting, finance, marketing)",0.9974209168903627,-2773.1233195844707
Country,Turkey,UndergradMajor,"Another engineering discipline (ex. civil, electrical, mechanical)",0.9974209168903627,-15073.351775640404
Country,Turkey,UndergradMajor,"Information systems, information technology, or system administration",0.9974209168903627,-12848.008194399063
Country,Turkey,UndergradMajor,"A social science (ex. anthropology, psychology, political science)",0.9974209168903627,10849.25898967244
Country,Turkey,UndergradMajor,Web development or web design,0.9974209168903627,352438.9367928082
Country,Turkey,UndergradMajor,"A humanities discipline (ex. literature, history, philosophy)",0.9974209168903627,-74935.32761268897
Country,Turkey,UndergradMajor,Mathematics or statistics,0.9974209168903627,21681.915451556342
Country,Turkey,UndergradMajor,"A health science (ex. nursing, pharmacy, radiology)",0.9974209168903627,-25288.937400238534
Country,Turkey,UndergradMajor,I never declared a major,0.9974209168903627,-72846.09808852915
Country,Turkey,Hobby,Yes,0.9974209168903627,-6.174991788698107e+20
Country,Turkey,Hobby,No,0.9974209168903627,-789962.144216486
Country,Brazil,Exercise,Daily or almost every day,3.0238433601768517,-8334.236726452178
Country,Brazil,Exercise,1 - 2 times per week,3.0238433601768517,-7584.6382773573605
Country,Brazil,Exercise,I don't typically exercise,3.0238433601768517,6081.496200257798
Country,Brazil,Exercise,3 - 4 times per week,3.0238433601768517,10461.942939708984
Country,Brazil,HoursComputer,5 - 8 hours,3.0238433601768517,6311.094545881723
Country,Brazil,HoursComputer,9 - 12 hours,3.0238433601768517,-12667.277532911172
Country,Brazil,HoursComputer,Over 12 hours,3.0238433601768517,27703.799518832497
Country,Brazil,HoursComputer,1 - 4 hours,3.0238433601768517,47447.83426732224
Country,Brazil,HoursComputer,Less than 1 hour,3.0238433601768517,2384.787390545187
Country,Brazil,DevType,Database administrator,3.0238433601768517,126314.6539048032
Country,Brazil,DevType,Back-end developer,3.0238433601768517,6033.95397715526
Country,Brazil,DevType,Mobile developer,3.0238433601768517,-30174.437874364172
Country,Brazil,DevType,Front-end developer,3.0238433601768517,18713.595258477068
Country,Brazil,DevType,Full-stack developer,3.0238433601768517,-16337.958061653559
Country,Brazil,DevType,Designer,3.0238433601768517,4705.509971381571
Country,Brazil,DevType,Embedded applications or devices developer,3.0238433601768517,37264.319205231826
Country,Brazil,DevType,Engineering manager,3.0238433601768517,-26577.51628600654
Country,Brazil,DevType,Data scientist or machine learning specialist,3.0238433601768517,-9756.959113712504
Country,Brazil,DevType,Desktop or enterprise applications developer,3.0238433601768517,-8865.131529228112
Country,Brazil,DevType,"C-suite executive (CEO, CTO, etc.)",3.0238433601768517,31005.35152481377
Country,Brazil,DevType,QA or test developer,3.0238433601768517,-57296.64733454355
Country,Brazil,DevType,System administrator,3.0238433601768517,-61090.4855972702
Country,Brazil,DevType,Data or business analyst,3.0238433601768517,-8497.414904558598
Country,Brazil,DevType,DevOps specialist,3.0238433601768517,-21749.855585106914
Country,Brazil,DevType,Educator or academic researcher,3.0238433601768517,109458.03184905506
Country,Brazil,DevType,Student,3.0238433601768517,-54497.78510881733
Country,Brazil,DevType,Game or graphics developer,3.0238433601768517,-82437.59856874442
Country,Brazil,DevType,Product manager,3.0238433601768517,-75678.71851805315
Country,Brazil,DevType,Marketing or sales professional,3.0238433601768517,0.0
Country,Brazil,FormalEducation,"Bachelor’s degree (BA, BS, B.Eng., etc.)",3.0238433601768517,-2577.57970742258
Country,Brazil,FormalEducation,Some college/university study without earning a degree,3.0238433601768517,10035.337234388595
Country,Brazil,FormalEducation,"Secondary school (e.g. American high school, German Realschule or Gymnasium, etc.)",3.0238433601768517,-18293.30786533963
Country,Brazil,FormalEducation,"Master’s degree (MA, MS, M.Eng., MBA, etc.)",3.0238433601768517,9086.583860656112
Country,Brazil,FormalEducation,Associate degree,3.0238433601768517,2189.1516093715522
Country,Brazil,FormalEducation,"Professional degree (JD, MD, etc.)",3.0238433601768517,-21786.100442539606
Country,Brazil,FormalEducation,Primary/elementary school,3.0238433601768517,37874.00337906664
Country,Brazil,FormalEducation,"Other doctoral degree (Ph.D, Ed.D., etc.)",3.0238433601768517,-98007.56939447184
Country,Brazil,FormalEducation,I never completed any formal education,3.0238433601768517,190107.00201640022
Country,Brazil,UndergradMajor,"A natural science (ex. biology, chemistry, physics)",3.0238433601768517,-45555.89691591405
Country,Brazil,UndergradMajor,"Computer science, computer engineering, or software engineering",3.0238433601768517,4572.663647591857
Country,Brazil,UndergradMajor,"Fine arts or performing arts (ex. graphic design, music, studio art)",3.0238433601768517,65123.45633655519
Country,Brazil,UndergradMajor,"A business discipline (ex. accounting, finance, marketing)",3.0238433601768517,-2010.957290534807
Country,Brazil,UndergradMajor,"Another engineering discipline (ex. civil, electrical, mechanical)",3.0238433601768517,9161.588443866398
Country,Brazil,UndergradMajor,"Information systems, information technology, or system administration",3.0238433601768517,-13830.273089674978
Country,Brazil,UndergradMajor,"A social science (ex. anthropology, psychology, political science)",3.0238433601768517,-32439.443242707053
Country,Brazil,UndergradMajor,Web development or web design,3.0238433601768517,7820.571531502037
Country,Brazil,UndergradMajor,"A humanities discipline (ex. literature, history, philosophy)",3.0238433601768517,-43492.68393697266
Country,Brazil,UndergradMajor,Mathematics or statistics,3.0238433601768517,75854.88092552243
Country,Brazil,UndergradMajor,"A health science (ex. nursing, pharmacy, radiology)",3.0238433601768517,-71889.12869885977
Country,Brazil,UndergradMajor,I never declared a major,3.0238433601768517,74227.06968876682
Country,Brazil,Hobby,Yes,3.0238433601768517,6.134507291629133e+18
Country,Brazil,Hobby,No,3.0238433601768517,-9.017366775563921e+19
Country,Canada,Exercise,Daily or almost every day,5.2108005684509715,-14267.948402450274
Country,Canada,Exercise,1 - 2 times per week,5.2108005684509715,3231.600489952689
Country,Canada,Exercise,I don't typically exercise,5.2108005684509715,-18317.838485161577
Country,Canada,Exercise,3 - 4 times per week,5.2108005684509715,9558.378627988852
Country,Canada,HoursComputer,5 - 8 hours,5.2108005684509715,7509.223118062339
Country,Canada,HoursComputer,9 - 12 hours,5.2108005684509715,-13742.488830812754
Country,Canada,HoursComputer,Over 12 hours,5.2108005684509715,-1032.3584503610973
Country,Canada,HoursComputer,1 - 4 hours,5.2108005684509715,-62561.588482035106
Country,Canada,HoursComputer,Less than 1 hour,5.2108005684509715,106664.7167702279
Country,Canada,DevType,Database administrator,5.2108005684509715,-4598.639436894246
Country,Canada,DevType,Back-end developer,5.2108005684509715,11753.700741222518
Country,Canada,DevType,Mobile developer,5.2108005684509715,-4179.462724079636
Country,Canada,DevType,Front-end developer,5.2108005684509715,99.6478071385718
Country,Canada,DevType,Full-stack developer,5.2108005684509715,1728.3838105915293
Country,Canada,DevType,Designer,5.2108005684509715,-12514.090528291885
Country,Canada,DevType,Embedded applications or devices developer,5.2108005684509715,-11078.327812377536
Country,Canada,DevType,Engineering manager,5.2108005684509715,65570.97589590057
Country,Canada,DevType,Data scientist or machine learning specialist,5.2108005684509715,19463.550055096748
Country,Canada,DevType,Desktop or enterprise applications developer,5.2108005684509715,-23695.086771370727
Country,Canada,DevType,"C-suite executive (CEO, CTO, etc.)",5.2108005684509715,26259.680019076368
Country,Canada,DevType,QA or test developer,5.2108005684509715,-53583.783316525354
Country,Canada,DevType,System administrator,5.2108005684509715,-37281.283080340734
Country,Canada,DevType,Data or business analyst,5.2108005684509715,-35436.03855538564
Country,Canada,DevType,DevOps specialist,5.2108005684509715,43552.9873715548
Country,Canada,DevType,Educator or academic researcher,5.2108005684509715,11297.572388987079
Country,Canada,DevType,Student,5.2108005684509715,-12778.340561183235
Country,Canada,DevType,Game or graphics developer,5.2108005684509715,-54501.04306804846
Country,Canada,DevType,Product manager,5.2108005684509715,-12607.042800774918
Country,Canada,DevType,Marketing or sales professional,5.2108005684509715,-79781.96287660509
Country,Canada,FormalEducation,"Bachelor’s degree (BA, BS, B.Eng., etc.)",5.2108005684509715,1393.1515147521147
Country,Canada,FormalEducation,Some college/university study without earning a degree,5.2108005684509715,-4181.420396022425
Country,Canada,FormalEducation,"Secondary school (e.g. American high school, German Realschule or Gymnasium, etc.)",5.2108005684509715,-23391.378771520205
Country,Canada,FormalEducation,"Master’s degree (MA, MS, M.Eng., MBA, etc.)",5.2108005684509715,-8964.024046789196
Country,Canada,FormalEducation,Associate degree,5.2108005684509715,-910.8038279430984
Country,Canada,FormalEducation,"Professional degree (JD, MD, etc.)",5.2108005684509715,1696.2341987493128
Country,Canada,FormalEducation,Primary/elementary school,5.2108005684509715,90794.09231166382
Country,Canada,FormalEducation,"Other doctoral degree (Ph.D, Ed.D., etc.)",5.2108005684509715,47255.37733044395
Country,Canada,FormalEducation,I never completed any formal education,5.2108005684509715,14978.329736760126
Country,Canada,UndergradMajor,"A natural science (ex. biology, chemistry, physics)",5.2108005684509715,-20395.317064325885
Country,Canada,UndergradMajor,"Computer science, computer engineering, or software engineering",5.2108005684509715,17537.840193119147
Country,Canada,UndergradMajor,"Fine arts or performing arts (ex. graphic design, music, studio art)",5.2108005684509715,34457.721147094875
Country,Canada,UndergradMajor,"A business discipline (ex. accounting, finance, marketing)",5.2108005684509715,-5083.7493068975355
Country,Canada,UndergradMajor,"Another engineering discipline (ex. civil, electrical, mechanical)",5.2108005684509715,-17036.265547064002
Country,Canada,UndergradMajor,"Information systems, information technology, or system administration",5.2108005684509715,-15683.081466196112
Country,Canada,UndergradMajor,"A social science (ex. anthropology, psychology, political science)",5.2108005684509715,-6084.766946210912
Country,Canada,UndergradMajor,Web development or web design,5.2108005684509715,26136.461302518906
Country,Canada,UndergradMajor,"A humanities discipline (ex. literature, history, philosophy)",5.2108005684509715,-9562.748292153501
Country,Canada,UndergradMajor,Mathematics or statistics,5.2108005684509715,26293.5033836706
Country,Canada,UndergradMajor,"A health science (ex. nursing, pharmacy, radiology)",5.2108005684509715,-67301.3417644468
Country,Canada,UndergradMajor,I never declared a major,5.2108005684509715,-40071.29590343723
Country,Canada,Hobby,Yes,5.2108005684509715,189152.91636251975
Country,Canada,Hobby,No,5.2108005684509715,-54962.658555382935
Country,Spain,Exercise,Daily or almost every day,2.5764513921785355,-3855.484134906858
Country,Spain,Exercise,1 - 2 times per week,2.5764513921785355,1504.2344077900818
Country,Spain,Exercise,I don't typically exercise,2.5764513921785355,-1077.4061886848394
Country,Spain,Exercise,3 - 4 times per week,2.5764513921785355,2461.0023821336713
Country,Spain,HoursComputer,5 - 8 hours,2.5764513921785355,-17758.260524013007
Country,Spain,HoursComputer,9 - 12 hours,2.5764513921785355,36733.05499878275
Country,Spain,HoursComputer,Over 12 hours,2.5764513921785355,6920.75412514838
Country,Spain,HoursComputer,1 - 4 hours,2.5764513921785355,65362.59879985668
Country,Spain,HoursComputer,Less than 1 hour,2.5764513921785355,0.0
Country,Spain,DevType,Database administrator,2.5764513921785355,-48122.548064253446
Country,Spain,DevType,Back-end developer,2.5764513921785355,-2772.633119101841
Country,Spain,DevType,Mobile developer,2.5764513921785355,3371.586571313627
Country,Spain,DevType,Front-end developer,2.5764513921785355,9213.240064909478
Country,Spain,DevType,Full-stack developer,2.5764513921785355,3075.7485989271463
Country,Spain,DevType,Designer,2.5764513921785355,-31874.926832657693
Country,Spain,DevType,Embedded applications or devices developer,2.5764513921785355,9993.989909225276
Country,Spain,DevType,Engineering manager,2.5764513921785355,2265.5345590669513
Country,Spain,DevType,Data scientist or machine learning specialist,2.5764513921785355,34624.830056099214
Country,Spain,DevType,Desktop or enterprise applications developer,2.5764513921785355,-25867.84532798929
Country,Spain,DevType,"C-suite executive (CEO, CTO, etc.)",2.5764513921785355,-31483.02418386011
Country,Spain,DevType,QA or test developer,2.5764513921785355,26972.040356950372
Country,Spain,DevType,System administrator,2.5764513921785355,-31988.67990414637
Country,Spain,DevType,Data or business analyst,2.5764513921785355,-11685.231615832627
Country,Spain,DevType,DevOps specialist,2.5764513921785355,78913.02498306672
Country,Spain,DevType,Educator or academic researcher,2.5764513921785355,-29465.13188412183
Country,Spain,DevType,Student,2.5764513921785355,-59875.074699189405
Country,Spain,DevType,Game or graphics developer,2.5764513921785355,-38130.28247356467
Country,Spain,DevType,Product manager,2.5764513921785355,0.0
Country,Spain,DevType,Marketing or sales professional,2.5764513921785355,94297.99674756575
Country,Spain,FormalEducation,"Bachelor’s degree (BA, BS, B.Eng., etc.)",2.5764513921785355,22024.391266768427
Country,Spain,FormalEducation,Some college/university study without earning a degree,2.5764513921785355,-30212.238745947714
Country,Spain,FormalEducation,"Secondary school (e.g. American high school, German Realschule or Gymnasium, etc.)",2.5764513921785355,-36736.858350048875
Country,Spain,FormalEducation,"Master’s degree (MA, MS, M.Eng., MBA, etc.)",2.5764513921785355,5955.2342223663945
Country,Spain,FormalEducation,Associate degree,2.5764513921785355,-3725.0963818402897
Country,Spain,FormalEducation,"Professional degree (JD, MD, etc.)",2.5764513921785355,-14194.814083890175
Country,Spain,FormalEducation,Primary/elementary school,2.5764513921785355,26324.990229924108
Country,Spain,FormalEducation,"Other doctoral degree (Ph.D, Ed.D., etc.)",2.5764513921785355,10405.332042503409
Country,Spain,FormalEducation,I never completed any formal education,2.5764513921785355,-25279.8375012714
Country,Spain,UndergradMajor,"A natural science (ex. biology, chemistry, physics)",2.5764513921785355,-7968.28953396681
Country,Spain,UndergradMajor,"Computer science, computer engineering, or software engineering",2.5764513921785355,-962.0160122842116
Country,Spain,UndergradMajor,"Fine arts or performing arts (ex. graphic design, music, studio art)",2.5764513921785355,-17212.43723107491
Country,Spain,UndergradMajor,"A business discipline (ex. accounting, finance, marketing)",2.5764513921785355,13832.835747777699
Country,Spain,UndergradMajor,"Another engineering discipline (ex. civil, electrical, mechanical)",2.5764513921785355,4368.903777923715
Country,Spain,UndergradMajor,"Information systems, information technology, or system administration",2.5764513921785355,16221.551792943757
Country,Spain,UndergradMajor,"A social science (ex. anthropology, psychology, political science)",2.5764513921785355,78582.98057156861
Country,Spain,UndergradMajor,Web development or web design,2.5764513921785355,-7698.097307173491
Country,Spain,UndergradMajor,"A humanities discipline (ex. literature, history, philosophy)",2.5764513921785355,-72091.13170632867
Country,Spain,UndergradMajor,Mathematics or statistics,2.5764513921785355,-20917.212121642053
Country,Spain,UndergradMajor,"A health science (ex. nursing, pharmacy, radiology)",2.5764513921785355,0.0
Country,Spain,UndergradMajor,I never declared a major,2.5764513921785355,11880.92543405196
Country,Spain,Hobby,Yes,2.5764513921785355,233014.78278072478
Country,Spain,Hobby,No,2.5764513921785355,250936.68371168835
Country,Ukraine,Exercise,Daily or almost every day,1.1474288120427392,10389.928414148897
Country,Ukraine,Exercise,1 - 2 times per week,1.1474288120427392,-6126.311860427011
Country,Ukraine,Exercise,I don't typically exercise,1.1474288120427392,6505.803312027703
Country,Ukraine,Exercise,3 - 4 times per week,1.1474288120427392,-627.5941231531887
Country,Ukraine,HoursComputer,5 - 8 hours,1.1474288120427392,-2627.634452612582
Country,Ukraine,HoursComputer,9 - 12 hours,1.1474288120427392,7360.615811981368
Country,Ukraine,HoursComputer,Over 12 hours,1.1474288120427392,-4470.8174436282325
Country,Ukraine,HoursComputer,1 - 4 hours,1.1474288120427392,18059.13565293944
Country,Ukraine,HoursComputer,Less than 1 hour,1.1474288120427392,0.0
Country,Ukraine,DevType,Database administrator,1.1474288120427392,-7632.603227811863
Country,Ukraine,DevType,Back-end developer,1.1474288120427392,885.9455744666798
Country,Ukraine,DevType,Mobile developer,1.1474288120427392,-3097.890281275773
Country,Ukraine,DevType,Front-end developer,1.1474288120427392,9012.186303726716
Country,Ukraine,DevType,Full-stack developer,1.1474288120427392,-8432.713749725759
Country,Ukraine,DevType,Designer,1.1474288120427392,3775.8849312126895
Country,Ukraine,DevType,Embedded applications or devices developer,1.1474288120427392,7000.568684943951
Country,Ukraine,DevType,Engineering manager,1.1474288120427392,23221.100606852007
Country,Ukraine,DevType,Data scientist or machine learning specialist,1.1474288120427392,1453.5034405327388
Country,Ukraine,DevType,Desktop or enterprise applications developer,1.1474288120427392,-9260.02101791384
Country,Ukraine,DevType,"C-suite executive (CEO, CTO, etc.)",1.1474288120427392,79697.3962054659
Country,Ukraine,DevType,QA or test developer,1.1474288120427392,-1548.9157102242461
Country,Ukraine,DevType,System administrator,1.1474288120427392,-8067.738341345262
Country,Ukraine,DevType,Data or business analyst,1.1474288120427392,-3968.463864161441
Country,Ukraine,DevType,DevOps specialist,1.1474288120427392,-6004.943192459645
Country,Ukraine,DevType,Educator or academic researcher,1.1474288120427392,0.0
Country,Ukraine,DevType,Student,1.1474288120427392,-13868.736003823386
Country,Ukraine,DevType,Game or graphics developer,1.1474288120427392,-14884.350318178
Country,Ukraine,DevType,Product manager,1.1474288120427392,0.0
Country,Ukraine,DevType,Marketing or sales professional,1.1474288120427392,0.0
Country,Ukraine,FormalEducation,"Bachelor’s degree (BA, BS, B.Eng., etc.)",1.1474288120427392,3465.3575645885876
Country,Ukraine,FormalEducation,Some college/university study without earning a degree,1.1474288120427392,-4315.182776242532
Country,Ukraine,FormalEducation,"Secondary school (e.g. American high school, German Realschule or Gymnasium, etc.)",1.1474288120427392,-12833.89611575746
Country,Ukraine,FormalEducation,"Master’s degree (MA, MS, M.Eng., MBA, etc.)",1.1474288120427392,-1870.7978243443195
Country,Ukraine,FormalEducation,Associate degree,1.1474288120427392,12882.06204221049
Country,Ukraine,FormalEducation,"Professional degree (JD, MD, etc.)",1.1474288120427392,5267.232919808441
Country,Ukraine,FormalEducation,Primary/elementary school,1.1474288120427392,-5503.627347422416
Country,Ukraine,FormalEducation,"Other doctoral degree (Ph.D, Ed.D., etc.)",1.1474288120427392,13411.413076666693
Country,Ukraine,FormalEducation,I never completed any formal education,1.1474288120427392,-9732.695539523058
Country,Ukraine,UndergradMajor,"A natural science (ex. biology, chemistry, physics)",1.1474288120427392,921.6916783622851
Country,Ukraine,UndergradMajor,"Computer science, computer engineering, or software engineering",1.1474288120427392,5390.358377908982
Country,Ukraine,UndergradMajor,"Fine arts or performing arts (ex. graphic design, music, studio art)",1.1474288120427392,6138.544028524644
Country,Ukraine,UndergradMajor,"A business discipline (ex. accounting, finance, marketing)",1.1474288120427392,-7770.383654414291
Country,Ukraine,UndergradMajor,"Another engineering discipline (ex. civil, electrical, mechanical)",1.1474288120427392,-3445.0430903222423
Country,Ukraine,UndergradMajor,"Information systems, information technology, or system administration",1.1474288120427392,-1088.888095721059
Country,Ukraine,UndergradMajor,"A social science (ex. anthropology, psychology, political science)",1.1474288120427392,29251.432362456762
Country,Ukraine,UndergradMajor,Web development or web design,1.1474288120427392,4596.163365711172
Country,Ukraine,UndergradMajor,"A humanities discipline (ex. literature, history, philosophy)",1.1474288120427392,-11086.132310375533
Country,Ukraine,UndergradMajor,Mathematics or statistics,1.1474288120427392,-7931.777893087503
Country,Ukraine,UndergradMajor,"A health science (ex. nursing, pharmacy, radiology)",1.1474288120427392,-1425.5033538327498
Country,Ukraine,UndergradMajor,I never declared a major,1.1474288120427392,-12527.283511974147
Country,Ukraine,Hobby,Yes,1.1474288120427392,-1.8158169751339015e+20
Country,Ukraine,Hobby,No,1.1474288120427392,0.0
Country,Israel,Exercise,Daily or almost every day,1.1605873993368072,6691.40533581788
Country,Israel,Exercise,1 - 2 times per week,1.1605873993368072,-6525.88966574378
Country,Israel,Exercise,I don't typically exercise,1.1605873993368072,-7466.669832137739
Country,Israel,Exercise,3 - 4 times per week,1.1605873993368072,8291.880925156665
Country,Israel,HoursComputer,5 - 8 hours,1.1605873993368072,16672.375113663613
Country,Israel,HoursComputer,9 - 12 hours,1.1605873993368072,-38433.132195917344
Country,Israel,HoursComputer,Over 12 hours,1.1605873993368072,11039.51663101451
Country,Israel,HoursComputer,1 - 4 hours,1.1605873993368072,-97312.34126768411
Country,Israel,HoursComputer,Less than 1 hour,1.1605873993368072,-15352.792733028456
Country,Israel,DevType,Database administrator,1.1605873993368072,-65333.08038897648
Country,Israel,DevType,Back-end developer,1.1605873993368072,-10155.291855976628
Country,Israel,DevType,Mobile developer,1.1605873993368072,-21192.748941059275
Country,Israel,DevType,Front-end developer,1.1605873993368072,-1993.5118977434242
Country,Israel,DevType,Full-stack developer,1.1605873993368072,14452.770685938995
Country,Israel,DevType,Designer,1.1605873993368072,-43196.51292847272
Country,Israel,DevType,Embedded applications or devices developer,1.1605873993368072,41265.4277944647
Country,Israel,DevType,Engineering manager,1.1605873993368072,23191.70310582258
Country,Israel,DevType,Data scientist or machine learning specialist,1.1605873993368072,106565.63027122892
Country,Israel,DevType,Desktop or enterprise applications developer,1.1605873993368072,-25914.55922070184
Country,Israel,DevType,"C-suite executive (CEO, CTO, etc.)",1.1605873993368072,-41278.348135205066
Country,Israel,DevType,QA or test developer,1.1605873993368072,-98238.44847758969
Country,Israel,DevType,System administrator,1.1605873993368072,0.0
Country,Israel,DevType,Data or business analyst,1.1605873993368072,-48755.97452007879
Country,Israel,DevType,DevOps specialist,1.1605873993368072,-16406.011134795343
Country,Israel,DevType,Educator or academic researcher,1.1605873993368072,-49949.524533944794
Country,Israel,DevType,Student,1.1605873993368072,317372.0804678484
Country,Israel,DevType,Game or graphics developer,1.1605873993368072,-31587.076920291318
Country,Israel,DevType,Product manager,1.1605873993368072,0.0
Country,Israel,DevType,Marketing or sales professional,1.1605873993368072,0.0
Country,Israel,FormalEducation,"Bachelor’s degree (BA, BS, B.Eng., etc.)",1.1605873993368072,-7712.16461461114
Country,Israel,FormalEducation,Some college/university study without earning a degree,1.1605873993368072,1627.3945835865447
Country,Israel,FormalEducation,"Secondary school (e.g. American high school, German Realschule or Gymnasium, etc.)",1.1605873993368072,-5654.835466566067
Country,Israel,FormalEducation,"Master’s degree (MA, MS, M.Eng., MBA, etc.)",1.1605873993368072,23445.524391908173
Country,Israel,FormalEducation,Associate degree,1.1605873993368072,-19537.093888320996
Country,Israel,FormalEducation,"Professional degree (JD, MD, etc.)",1.1605873993368072,-118966.10805798575
Country,Israel,FormalEducation,Primary/elementary school,1.1605873993368072,6076.191921515743
Country,Israel,FormalEducation,"Other doctoral degree (Ph.D, Ed.D., etc.)",1.1605873993368072,-2570.5974313037736
Country,Israel,FormalEducation,I never completed any formal education,1.1605873993368072,-48839.26937301565
Country,Israel,UndergradMajor,"A natural science (ex. biology, chemistry, physics)",1.1605873993368072,11454.500677214175
Country,Israel,UndergradMajor,"Computer science, computer engineering, or software engineering",1.1605873993368072,14912.913266801219
Country,Israel,UndergradMajor,"Fine arts or performing arts (ex. graphic design, music, studio art)",1.1605873993368072,-56613.64713334009
Country,Israel,UndergradMajor,"A business discipline (ex. accounting, finance, marketing)",1.1605873993368072,779.6816244485556
Country,Israel,UndergradMajor,"Another engineering discipline (ex. civil, electrical, mechanical)",1.1605873993368072,-17422.243180130856
Country,Israel,UndergradMajor,"Information systems, information technology, or system administration",1.1605873993368072,-32461.23155594979
Country,Israel,UndergradMajor,"A social science (ex. anthropology, psychology, political science)",1.1605873993368072,67205.04598059457
Country,Israel,UndergradMajor,Web development or web design,1.1605873993368072,-26247.417036423554
Country,Israel,UndergradMajor,"A humanities discipline (ex. literature, history, philosophy)",1.1605873993368072,-48368.0402528645
Country,Israel,UndergradMajor,Mathematics or statistics,1.1605873993368072,66084.51209926
Country,Israel,UndergradMajor,"A health science (ex. nursing, pharmacy, radiology)",1.1605873993368072,14344.695259375563
Country,Israel,UndergradMajor,I never declared a major,1.1605873993368072,27857.25567206961
Country,Israel,Hobby,Yes,1.1605873993368072,1.0319869262526503e+19
Country,Israel,Hobby,No,1.1605873993368072,-70239.76271047699
Country,Belgium,Exercise,Daily or almost every day,1.007947786725617,-38070.97967013731
Country,Belgium,Exercise,1 - 2 times per week,1.007947786725617,26165.939974209774
Country,Belgium,Exercise,I don't typically exercise,1.007947786725617,-8039.76912331804
Country,Belgium,Exercise,3 - 4 times per week,1.007947786725617,-8252.346661058458
Country,Belgium,HoursComputer,5 - 8 hours,1.007947786725617,24988.46876415478
Country,Belgium,HoursComputer,9 - 12 hours,1.007947786725617,18534.58284390717
Country,Belgium,HoursComputer,Over 12 hours,1.007947786725617,-16064.799657482095
Country,Belgium,HoursComputer,1 - 4 hours,1.007947786725617,-26776.575375100678
Country,Belgium,HoursComputer,Less than 1 hour,1.007947786725617,0.0
Country,Belgium,DevType,Database administrator,1.007947786725617,-20674.32412733787
Country,Belgium,DevType,Back-end developer,1.007947786725617,20305.73518064627
Country,Belgium,DevType,Mobile developer,1.007947786725617,-1026.0724527049522
Country,Belgium,DevType,Front-end developer,1.007947786725617,-31606.25512683111
Country,Belgium,DevType,Full-stack developer,1.007947786725617,-16072.948627470872
Country,Belgium,DevType,Designer,1.007947786725617,-30996.904045547155
Country,Belgium,DevType,Embedded applications or devices developer,1.007947786725617,-13929.916249783026
Country,Belgium,DevType,Engineering manager,1.007947786725617,3734.727499085965
Country,Belgium,DevType,Data scientist or machine learning specialist,1.007947786725617,-26375.667040410826
Country,Belgium,DevType,Desktop or enterprise applications developer,1.007947786725617,53857.29835594525
Country,Belgium,DevType,"C-suite executive (CEO, CTO, etc.)",1.007947786725617,54233.877948102236
Country,Belgium,DevType,QA or test developer,1.007947786725617,-10976.524599731934
Country,Belgium,DevType,System administrator,1.007947786725617,32217.99550834048
Country,Belgium,DevType,Data or business analyst,1.007947786725617,43235.76294878931
Country,Belgium,DevType,DevOps specialist,1.007947786725617,25101.39113896611
Country,Belgium,DevType,Educator or academic researcher,1.007947786725617,0.0
Country,Belgium,DevType,Student,1.007947786725617,-3199.3604773070356
Country,Belgium,DevType,Game or graphics developer,1.007947786725617,-16197.231024768855
Country,Belgium,DevType,Product manager,1.007947786725617,0.0
Country,Belgium,DevType,Marketing or sales professional,1.007947786725617,0.0
Country,Belgium,FormalEducation,"Bachelor’s degree (BA, BS, B.Eng., etc.)",1.007947786725617,-2153.866304954802
Country,Belgium,FormalEducation,Some college/university study without earning a degree,1.007947786725617,-26736.578888344917
Country,Belgium,FormalEducation,"Secondary school (e.g. American high school, German Realschule or Gymnasium, etc.)",1.007947786725617,-52828.35175763004
Country,Belgium,FormalEducation,"Master’s degree (MA, MS, M.Eng., MBA, etc.)",1.007947786725617,5459.299318689533
Country,Belgium,FormalEducation,Associate degree,1.007947786725617,147317.81152144013
Country,Belgium,FormalEducation,"Professional degree (JD, MD, etc.)",1.007947786725617,-36965.97333060618
Country,Belgium,FormalEducation,Primary/elementary school,1.007947786725617,5968.505876372573
Country,Belgium,FormalEducation,"Other doctoral degree (Ph.D, Ed.D., etc.)",1.007947786725617,34449.991608329714
Country,Belgium,FormalEducation,I never completed any formal education,1.007947786725617,-26345.12051158789
Country,Belgium,UndergradMajor,"A natural science (ex. biology, chemistry, physics)",1.007947786725617,22675.075380344246
Country,Belgium,UndergradMajor,"Computer science, computer engineering, or software engineering",1.007947786725617,4613.00671093278
Country,Belgium,UndergradMajor,"Fine arts or performing arts (ex. graphic design, music, studio art)",1.007947786725617,-40539.25245732741
Country,Belgium,UndergradMajor,"A business discipline (ex. accounting, finance, marketing)",1.007947786725617,75070.3824134466
Country,Belgium,UndergradMajor,"Another engineering discipline (ex. civil, electrical, mechanical)",1.007947786725617,3449.7829150331568
Country,Belgium,UndergradMajor,"Information systems, information technology, or system administration",1.007947786725617,11691.145885450112
Country,Belgium,UndergradMajor,"A social science (ex. anthropology, psychology, political science)",1.007947786725617,-20286.653428206395
Country,Belgium,UndergradMajor,Web development or web design,1.007947786725617,-41951.856610747214
Country,Belgium,UndergradMajor,"A humanities discipline (ex. literature, history, philosophy)",1.007947786725617,-41170.56426531533
Country,Belgium,UndergradMajor,Mathematics or statistics,1.007947786725617,-4696.177392750285
Country,Belgium,UndergradMajor,"A health science (ex. nursing, pharmacy, radiology)",1.007947786725617,-31362.784618156493
Country,Belgium,UndergradMajor,I never declared a major,1.007947786725617,-52574.87004394687
Country,Belgium,Hobby,Yes,1.007947786725617,-47885.461472899784
Country,Belgium,Hobby,No,1.007947786725617,-2.4176314094620217e+20
Country,Switzerland,Exercise,Daily or almost every day,1.4448128848886783,59223.92308328645
Country,Switzerland,Exercise,1 - 2 times per week,1.4448128848886783,5085.0251743992585
Country,Switzerland,Exercise,I don't typically exercise,1.4448128848886783,5804.408737408515
Country,Switzerland,Exercise,3 - 4 times per week,1.4448128848886783,-40249.43352989605
Country,Switzerland,HoursComputer,5 - 8 hours,1.4448128848886783,-15222.697760754378
Country,Switzerland,HoursComputer,9 - 12 hours,1.4448128848886783,21192.99038973773
Country,Switzerland,HoursComputer,Over 12 hours,1.4448128848886783,38217.54574619262
Country,Switzerland,HoursComputer,1 - 4 hours,1.4448128848886783,-48947.45780281327
Country,Switzerland,HoursComputer,Less than 1 hour,1.4448128848886783,0.0
Country,Switzerland,DevType,Database administrator,1.4448128848886783,87119.3463436534
Country,Switzerland,DevType,Back-end developer,1.4448128848886783,57294.93352631034
Country,Switzerland,DevType,Mobile developer,1.4448128848886783,-32628.6273250307
Country,Switzerland,DevType,Front-end developer,1.4448128848886783,-5508.567667538622
Country,Switzerland,DevType,Full-stack developer,1.4448128848886783,-56859.88436512831
Country,Switzerland,DevType,Designer,1.4448128848886783,-20166.696421132416
Country,Switzerland,DevType,Embedded applications or devices developer,1.4448128848886783,-50560.16819061879
Country,Switzerland,DevType,Engineering manager,1.4448128848886783,123524.39475372783
Country,Switzerland,DevType,Data scientist or machine learning specialist,1.4448128848886783,-10114.658356846601
Country,Switzerland,DevType,Desktop or enterprise applications developer,1.4448128848886783,-34564.0977188536
Country,Switzerland,DevType,"C-suite executive (CEO, CTO, etc.)",1.4448128848886783,122983.7456561256
Country,Switzerland,DevType,QA or test developer,1.4448128848886783,-75710.61326737318
Country,Switzerland,DevType,System administrator,1.4448128848886783,-73091.2036913955
Country,Switzerland,DevType,Data or business analyst,1.4448128848886783,-44664.217446739036
Country,Switzerland,DevType,DevOps specialist,1.4448128848886783,-34345.511487303935
Country,Switzerland,DevType,Educator or academic researcher,1.4448128848886783,-31903.456991951985
Country,Switzerland,DevType,Student,1.4448128848886783,60022.81714834065
Country,Switzerland,DevType,Game or graphics developer,1.4448128848886783,7051.933225273089
Country,Switzerland,DevType,Product manager,1.4448128848886783,0.0
Country,Switzerland,DevType,Marketing or sales professional,1.4448128848886783,0.0
Country,Switzerland,FormalEducation,"Bachelor’s degree (BA, BS, B.Eng., etc.)",1.4448128848886783,16132.887948385342
Country,Switzerland,FormalEducation,Some college/university study without earning a degree,1.4448128848886783,-24420.510838289898
Country,Switzerland,FormalEducation,"Secondary school (e.g. American high school, German Realschule or Gymnasium, etc.)",1.4448128848886783,-68014.58058212564
Country,Switzerland,FormalEducation,"Master’s degree (MA, MS, M.Eng., MBA, etc.)",1.4448128848886783,-906.1741971323355
Country,Switzerland,FormalEducation,Associate degree,1.4448128848886783,28835.025516818336
Country,Switzerland,FormalEducation,"Professional degree (JD, MD, etc.)",1.4448128848886783,18936.334342038605
Country,Switzerland,FormalEducation,Primary/elementary school,1.4448128848886783,104718.75419148778
Country,Switzerland,FormalEducation,"Other doctoral degree (Ph.D, Ed.D., etc.)",1.4448128848886783,2246.430823423074
Country,Switzerland,FormalEducation,I never completed any formal education,1.4448128848886783,75847.98149777908
Country,Switzerland,UndergradMajor,"A natural science (ex. biology, chemistry, physics)",1.4448128848886783,-35596.21347965245
Country,Switzerland,UndergradMajor,"Computer science, computer engineering, or software engineering",1.4448128848886783,25166.312579542613
Country,Switzerland,UndergradMajor,"Fine arts or performing arts (ex. graphic design, music, studio art)",1.4448128848886783,-97942.05031000427
Country,Switzerland,UndergradMajor,"A business discipline (ex. accounting, finance, marketing)",1.4448128848886783,-43337.99669898189
Country,Switzerland,UndergradMajor,"Another engineering discipline (ex. civil, electrical, mechanical)",1.4448128848886783,-6905.393052129904
Country,Switzerland,UndergradMajor,"Information systems, information technology, or system administration",1.4448128848886783,18065.31995343247
Country,Switzerland,UndergradMajor,"A social science (ex. anthropology, psychology, political science)",1.4448128848886783,-47680.6905509034
Country,Switzerland,UndergradMajor,Web development or web design,1.4448128848886783,12573.040145195813
Country,Switzerland,UndergradMajor,"A humanities discipline (ex. literature, history, philosophy)",1.4448128848886783,64601.09243819278
Country,Switzerland,UndergradMajor,Mathematics or statistics,1.4448128848886783,70544.45375662
Country,Switzerland,UndergradMajor,"A health science (ex. nursing, pharmacy, radiology)",1.4448128848886783,0.0
Country,Switzerland,UndergradMajor,I never declared a major,1.4448128848886783,-42834.60238552002
Country,Switzerland,Hobby,Yes,1.4448128848886783,205776.46601616178
Country,Switzerland,Hobby,No,1.4448128848886783,-1.4491401127667668e+20
Country,Austria,Exercise,Daily or almost every day,1.0342649613137533,-33268.15047552304
Country,Austria,Exercise,1 - 2 times per week,1.0342649613137533,64972.105985805334
Country,Austria,Exercise,I don't typically exercise,1.0342649613137533,-18194.242333912578
Country,Austria,Exercise,3 - 4 times per week,1.0342649613137533,36789.70783550996
Country,Austria,HoursComputer,5 - 8 hours,1.0342649613137533,-46064.9294904534
Country,Austria,HoursComputer,9 - 12 hours,1.0342649613137533,63352.14609099546
Country,Austria,HoursComputer,Over 12 hours,1.0342649613137533,109420.15737520931
Country,Austria,HoursComputer,1 - 4 hours,1.0342649613137533,-53544.542462156576
Country,Austria,HoursComputer,Less than 1 hour,1.0342649613137533,-159479.67402640314
Country,Austria,DevType,Database administrator,1.0342649613137533,5866.828105947745
Country,Austria,DevType,Back-end developer,1.0342649613137533,17126.413017353785
Country,Austria,DevType,Mobile developer,1.0342649613137533,11825.76236178596
Country,Austria,DevType,Front-end developer,1.0342649613137533,-20407.340816498698
Country,Austria,DevType,Full-stack developer,1.0342649613137533,48603.79502559463
Country,Austria,DevType,Designer,1.0342649613137533,-17314.373140037602
Country,Austria,DevType,Embedded applications or devices developer,1.0342649613137533,-33522.08652154649
Country,Austria,DevType,Engineering manager,1.0342649613137533,53723.686948449926
Country,Austria,DevType,Data scientist or machine learning specialist,1.0342649613137533,-9942.234049197898
Country,Austria,DevType,Desktop or enterprise applications developer,1.0342649613137533,-22799.941405734004
Country,Austria,DevType,"C-suite executive (CEO, CTO, etc.)",1.0342649613137533,159584.39618130273
Country,Austria,DevType,QA or test developer,1.0342649613137533,-57227.190089989905
Country,Austria,DevType,System administrator,1.0342649613137533,0.0
Country,Austria,DevType,Data or business analyst,1.0342649613137533,-35814.66839667657
Country,Austria,DevType,DevOps specialist,1.0342649613137533,-24270.56641663319
Country,Austria,DevType,Educator or academic researcher,1.0342649613137533,-22379.39500393984
Country,Austria,DevType,Student,1.0342649613137533,-70435.66075322556
Country,Austria,DevType,Game or graphics developer,1.0342649613137533,-65947.07582837732
Country,Austria,DevType,Product manager,1.0342649613137533,4857.055394067752
Country,Austria,DevType,Marketing or sales professional,1.0342649613137533,0.0
Country,Austria,FormalEducation,"Bachelor’s degree (BA, BS, B.Eng., etc.)",1.0342649613137533,-14458.311441374384
Country,Austria,FormalEducation,Some college/university study without earning a degree,1.0342649613137533,-16718.900275861233
Country,Austria,FormalEducation,"Secondary school (e.g. American high school, German Realschule or Gymnasium, etc.)",1.0342649613137533,3199.054345161041
Country,Austria,FormalEducation,"Master’s degree (MA, MS, M.Eng., MBA, etc.)",1.0342649613137533,27912.39493215643
Country,Austria,FormalEducation,Associate degree,1.0342649613137533,107552.0619967704
Country,Austria,FormalEducation,"Professional degree (JD, MD, etc.)",1.0342649613137533,-1195.8216353285934
Country,Austria,FormalEducation,Primary/elementary school,1.0342649613137533,-14667.492111991369
Country,Austria,FormalEducation,"Other doctoral degree (Ph.D, Ed.D., etc.)",1.0342649613137533,9157.970047877792
Country,Austria,FormalEducation,I never completed any formal education,1.0342649613137533,-95264.72674153038
Country,Austria,UndergradMajor,"A natural science (ex. biology, chemistry, physics)",1.0342649613137533,-15787.892816659007
Country,Austria,UndergradMajor,"Computer science, computer engineering, or software engineering",1.0342649613137533,-8268.046881913415
Country,Austria,UndergradMajor,"Fine arts or performing arts (ex. graphic design, music, studio art)",1.0342649613137533,3676.227929591034
Country,Austria,UndergradMajor,"A business discipline (ex. accounting, finance, marketing)",1.0342649613137533,10524.297422223197
Country,Austria,UndergradMajor,"Another engineering discipline (ex. civil, electrical, mechanical)",1.0342649613137533,-14163.831205110848
Country,Austria,UndergradMajor,"Information systems, information technology, or system administration",1.0342649613137533,11359.412580935015
Country,Austria,UndergradMajor,"A social science (ex. anthropology, psychology, political science)",1.0342649613137533,-22856.858176810012
Country,Austria,UndergradMajor,Web development or web design,1.0342649613137533,-14546.781716813253
Country,Austria,UndergradMajor,"A humanities discipline (ex. literature, history, philosophy)",1.0342649613137533,176181.9073966206
Country,Austria,UndergradMajor,Mathematics or statistics,1.0342649613137533,-11190.494388356099
Country,Austria,UndergradMajor,"A health science (ex. nursing, pharmacy, radiology)",1.0342649613137533,-5194.345723459119
Country,Austria,UndergradMajor,I never declared a major,1.0342649613137533,-33393.988471338154
Country,Austria,Hobby,Yes,1.0342649613137533,3.596392614696661e+19
Country,Austria,Hobby,No,1.0342649613137533,1.3194242801508771e+20
GDP,Medium,Exercise,Daily or almost every day,44.49181535870309,-1768.9531112291118
GDP,Medium,Exercise,1 - 2 times per week,44.49181535870309,-2678.9220610987795
GDP,Medium,Exercise,I don't typically exercise,44.49181535870309,-10024.043551844487
GDP,Medium,Exercise,3 - 4 times per week,44.49181535870309,7321.733172020595
GDP,Medium,HoursComputer,5 - 8 hours,44.49181535870309,-2603.475551567825
GDP,Medium,HoursComputer,9 - 12 hours,44.49181535870309,1032.5195512084726
GDP,Medium,HoursComputer,Over 12 hours,44.49181535870309,1191.6778395883803
GDP,Medium,HoursComputer,1 - 4 hours,44.49181535870309,-15409.893431766677
GDP,Medium,HoursComputer,Less than 1 hour,44.49181535870309,27132.587682667847
GDP,Medium,DevType,Database administrator,44.49181535870309,-16554.427153048542
GDP,Medium,DevType,Back-end developer,44.49181535870309,4495.994168358291
GDP,Medium,DevType,Mobile developer,44.49181535870309,69.62560353222347
GDP,Medium,DevType,Front-end developer,44.49181535870309,3076.043274944608
GDP,Medium,DevType,Full-stack developer,44.49181535870309,-3979.8522192858604
GDP,Medium,DevType,Designer,44.49181535870309,-15647.48864670968
GDP,Medium,DevType,Embedded applications or devices developer,44.49181535870309,-776.7930255685807
GDP,Medium,DevType,Engineering manager,44.49181535870309,51393.780663954654
GDP,Medium,DevType,Data scientist or machine learning specialist,44.49181535870309,-3249.8728823201554
GDP,Medium,DevType,Desktop or enterprise applications developer,44.49181535870309,-13288.014614148091
GDP,Medium,DevType,"C-suite executive (CEO, CTO, etc.)",44.49181535870309,46695.94018626799
GDP,Medium,DevType,QA or test developer,44.49181535870309,-27367.45052488083
GDP,Medium,DevType,System administrator,44.49181535870309,15802.742039499122
GDP,Medium,DevType,Data or business analyst,44.49181535870309,214.5534837644031
GDP,Medium,DevType,DevOps specialist,44.49181535870309,37099.31111609422
GDP,Medium,DevType,Educator or academic researcher,44.49181535870309,-13968.56523618352
GDP,Medium,DevType,Student,44.49181535870309,-40906.81857989054
GDP,Medium,DevType,Game or graphics developer,44.49181535870309,-38760.0960662575
GDP,Medium,DevType,Product manager,44.49181535870309,-20726.766369119625
GDP,Medium,DevType,Marketing or sales professional,44.49181535870309,-13987.065186103186
GDP,Medium,FormalEducation,"Bachelor’s degree (BA, BS, B.Eng., etc.)",44.49181535870309,7132.830370352678
GDP,Medium,FormalEducation,Some college/university study without earning a degree,44.49181535870309,-8819.608643360001
GDP,Medium,FormalEducation,"Secondary school (e.g. American high school, German Realschule or Gymnasium, etc.)",44.49181535870309,-21409.43525069086
GDP,Medium,FormalEducation,"Master’s degree (MA, MS, M.Eng., MBA, etc.)",44.49181535870309,9836.531246319693
GDP,Medium,FormalEducation,Associate degree,44.49181535870309,-2203.3480476903474
GDP,Medium,FormalEducation,"Professional degree (JD, MD, etc.)",44.49181535870309,-8163.660626677741
GDP,Medium,FormalEducation,Primary/elementary school,44.49181535870309,-4536.590195531752
GDP,Medium,FormalEducation,"Other doctoral degree (Ph.D, Ed.D., etc.)",44.49181535870309,12502.97272244222
GDP,Medium,FormalEducation,I never completed any formal education,44.49181535870309,-7636.945525147021
GDP,Medium,UndergradMajor,"A natural science (ex. biology, chemistry, physics)",44.49181535870309,13976.849574005631
GDP,Medium,UndergradMajor,"Computer science, computer engineering, or software engineering",44.49181535870309,-10870.61945855033
GDP,Medium,UndergradMajor,"Fine arts or performing arts (ex. graphic design, music, studio art)",44.49181535870309,-8936.158980859725
GDP,Medium,UndergradMajor,"A business discipline (ex. accounting, finance, marketing)",44.49181535870309,-2704.4191876072896
GDP,Medium,UndergradMajor,"Another engineering discipline (ex. civil, electrical, mechanical)",44.49181535870309,1308.1514415051654
GDP,Medium,UndergradMajor,"Information systems, information technology, or system administration",44.49181535870309,5472.4146743659285
GDP,Medium,UndergradMajor,"A social science (ex. anthropology, psychology, political science)",44.49181535870309,-6536.005107021177
GDP,Medium,UndergradMajor,Web development or web design,44.49181535870309,-6193.941372350269
GDP,Medium,UndergradMajor,"A humanities discipline (ex. literature, history, philosophy)",44.49181535870309,13460.602130877884
GDP,Medium,UndergradMajor,Mathematics or statistics,44.49181535870309,11229.680516023493
GDP,Medium,UndergradMajor,"A health science (ex. nursing, pharmacy, radiology)",44.49181535870309,-6802.340369695691
GDP,Medium,UndergradMajor,I never declared a major,44.49181535870309,-15393.563634564163
GDP,Medium,Hobby,Yes,44.49181535870309,-375744.120860678
GDP,Medium,Hobby,No,44.49181535870309,659911.5945190031
GDP,High,Exercise,Daily or almost every day,33.98863098057793,14265.409580693655
GDP,High,Exercise,1 - 2 times per week,33.98863098057793,-25149.832015068692
GDP,High,Exercise,I don't typically exercise,33.98863098057793,-30537.15640422963
GDP,High,Exercise,3 - 4 times per week,33.98863098057793,11613.837189446607
GDP,High,HoursComputer,5 - 8 hours,33.98863098057793,14465.860118341478
GDP,High,HoursComputer,9 - 12 hours,33.98863098057793,-1732.391147104465
GDP,High,HoursComputer,Over 12 hours,33.98863098057793,-3220.086208528772
GDP,High,HoursComputer,1 - 4 hours,33.98863098057793,-48244.609013640125
GDP,High,HoursComputer,Less than 1 hour,33.98863098057793,-86377.93311580873
GDP,High,DevType,Database administrator,33.98863098057793,33087.61770173002
GDP,High,DevType,Back-end developer,33.98863098057793,8404.12857801919
GDP,High,DevType,Mobile developer,33.98863098057793,11923.36243179759
GDP,High,DevType,Front-end developer,33.98863098057793,-5905.183631261461
GDP,High,DevType,Full-stack developer,33.98863098057793,-7989.617131805042
GDP,High,DevType,Designer,33.98863098057793,-13264.741550177032
GDP,High,DevType,Embedded applications or devices developer,33.98863098057793,23702.36350169557
GDP,High,DevType,Engineering manager,33.98863098057793,51653.37751773614
GDP,High,DevType,Data scientist or machine learning specialist,33.98863098057793,-14899.306457671702
GDP,High,DevType,Desktop or enterprise applications developer,33.98863098057793,4413.240711570894
GDP,High,DevType,"C-suite executive (CEO, CTO, etc.)",33.98863098057793,54340.26562776847
GDP,High,DevType,QA or test developer,33.98863098057793,-34041.4207649706
GDP,High,DevType,System administrator,33.98863098057793,-1097.1189384341687
GDP,High,DevType,Data or business analyst,33.98863098057793,-5794.831667130756
GDP,High,DevType,DevOps specialist,33.98863098057793,-2633.8369597150595
GDP,High,DevType,Educator or academic researcher,33.98863098057793,-36602.858506578144
GDP,High,DevType,Student,33.98863098057793,-92317.39088385033
GDP,High,DevType,Game or graphics developer,33.98863098057793,32240.489695104847
GDP,High,DevType,Product manager,33.98863098057793,-43005.47026447372
GDP,High,DevType,Marketing or sales professional,33.98863098057793,-82442.79932919219
GDP,High,FormalEducation,"Bachelor’s degree (BA, BS, B.Eng., etc.)",33.98863098057793,-1169.676028109323
GDP,High,FormalEducation,Some college/university study without earning a degree,33.98863098057793,-13554.442859192486
GDP,High,FormalEducation,"Secondary school (e.g. American high school, German Realschule or Gymnasium, etc.)",33.98863098057793,-41924.2348032581
GDP,High,FormalEducation,"Master’s degree (MA, MS, M.Eng., MBA, etc.)",33.98863098057793,18174.51927884785
GDP,High,FormalEducation,Associate degree,33.98863098057793,-20401.457848431233
GDP,High,FormalEducation,"Professional degree (JD, MD, etc.)",33.98863098057793,6177.289525989368
GDP,High,FormalEducation,Primary/elementary school,33.98863098057793,-85674.70437607392
GDP,High,FormalEducation,"Other doctoral degree (Ph.D, Ed.D., etc.)",33.98863098057793,39104.98820815948
GDP,High,FormalEducation,I never completed any formal education,33.98863098057793,120020.38938189935
GDP,High,UndergradMajor,"A natural science (ex. biology, chemistry, physics)",33.98863098057793,7071.932003653202
GDP,High,UndergradMajor,"Computer science, computer engineering, or software engineering",33.98863098057793,10967.48236566866
GDP,High,UndergradMajor,"Fine arts or performing arts (ex. graphic design, music, studio art)",33.98863098057793,-5551.788478619756
GDP,High,UndergradMajor,"A business discipline (ex. accounting, finance, marketing)",33.98863098057793,-10999.413187983271
GDP,High,UndergradMajor,"Another engineering discipline (ex. civil, electrical, mechanical)",33.98863098057793,4612.389330583862
GDP,High,UndergradMajor,"Information systems, information technology, or system administration",33.98863098057793,-5759.237042684575
GDP,High,UndergradMajor,"A social science (ex. anthropology, psychology, political science)",33.98863098057793,999.7080865691518
GDP,High,UndergradMajor,Web development or web design,33.98863098057793,-50334.899137427295
GDP,High,UndergradMajor,"A humanities discipline (ex. literature, history, philosophy)",33.98863098057793,1409.0236618134063
GDP,High,UndergradMajor,Mathematics or statistics,33.98863098057793,-1407.1425163389015
GDP,High,UndergradMajor,"A health science (ex. nursing, pharmacy, radiology)",33.98863098057793,4132.047747335102
GDP,High,UndergradMajor,I never declared a major,33.98863098057793,19219.54198207101
GDP,High,Hobby,Yes,33.98863098057793,18728.88051006074
GDP,High,Hobby,No,33.98863098057793,223229.236336864
GDP,Low,Exercise,Daily or almost every day,21.519553660718984,2043.101503292422
GDP,Low,Exercise,1 - 2 times per week,21.519553660718984,-7185.991812655545
GDP,Low,Exercise,I don't typically exercise,21.519553660718984,-3716.813571770153
GDP,Low,Exercise,3 - 4 times per week,21.519553660718984,7368.503458246532
GDP,Low,HoursComputer,5 - 8 hours,21.519553660718984,825.3226330752541
GDP,Low,HoursComputer,9 - 12 hours,21.519553660718984,-2864.368496836558
GDP,Low,HoursComputer,Over 12 hours,21.519553660718984,-776.6141805528566
GDP,Low,HoursComputer,1 - 4 hours,21.519553660718984,6336.971435273519
GDP,Low,HoursComputer,Less than 1 hour,21.519553660718984,-11163.444472554678
GDP,Low,DevType,Database administrator,21.519553660718984,20388.993168761903
GDP,Low,DevType,Back-end developer,21.519553660718984,-1664.3158944531278
GDP,Low,DevType,Mobile developer,21.519553660718984,-2580.981372262055
GDP,Low,DevType,Front-end developer,21.519553660718984,7384.381667436046
GDP,Low,DevType,Full-stack developer,21.519553660718984,-1876.5174013741257
GDP,Low,DevType,Designer,21.519553660718984,2329.7167920060924
GDP,Low,DevType,Embedded applications or devices developer,21.519553660718984,6337.1109610640615
GDP,Low,DevType,Engineering manager,21.519553660718984,22292.59282263332
GDP,Low,DevType,Data scientist or machine learning specialist,21.519553660718984,6142.221205907837
GDP,Low,DevType,Desktop or enterprise applications developer,21.519553660718984,-7988.865031821471
GDP,Low,DevType,"C-suite executive (CEO, CTO, etc.)",21.519553660718984,11873.180580202295
GDP,Low,DevType,QA or test developer,21.519553660718984,3336.0824127067026
GDP,Low,DevType,System administrator,21.519553660718984,-21355.033446148318
GDP,Low,DevType,Data or business analyst,21.519553660718984,-1694.3779406518167
GDP,Low,DevType,DevOps specialist,21.519553660718984,-10315.651231105512
GDP,Low,DevType,Educator or academic researcher,21.519553660718984,22463.45722405834
GDP,Low,DevType,Student,21.519553660718984,-26134.116812793785
GDP,Low,DevType,Game or graphics developer,21.519553660718984,-18328.45624883179
GDP,Low,DevType,Product manager,21.519553660718984,-27836.17467706721
GDP,Low,DevType,Marketing or sales professional,21.519553660718984,-7317.865230717309
GDP,Low,FormalEducation,"Bachelor’s degree (BA, BS, B.Eng., etc.)",21.519553660718984,1306.1879385174702
GDP,Low,FormalEducation,Some college/university study without earning a degree,21.519553660718984,1662.6057013823538
GDP,Low,FormalEducation,"Secondary school (e.g. American high school, German Realschule or Gymnasium, etc.)",21.519553660718984,-14432.378749800399
GDP,Low,FormalEducation,"Master’s degree (MA, MS, M.Eng., MBA, etc.)",21.519553660718984,-394.6950526773626
GDP,Low,FormalEducation,Associate degree,21.519553660718984,2347.353862746171
GDP,Low,FormalEducation,"Professional degree (JD, MD, etc.)",21.519553660718984,21759.029561388026
GDP,Low,FormalEducation,Primary/elementary school,21.519553660718984,-4679.803870176388
GDP,Low,FormalEducation,"Other doctoral degree (Ph.D, Ed.D., etc.)",21.519553660718984,-14759.75841539912
GDP,Low,FormalEducation,I never completed any formal education,21.519553660718984,8455.397959824215
GDP,Low,UndergradMajor,"A natural science (ex. biology, chemistry, physics)",21.519553660718984,-436.3521513852852
GDP,Low,UndergradMajor,"Computer science, computer engineering, or software engineering",21.519553660718984,1224.1746384320686
GDP,Low,UndergradMajor,"Fine arts or performing arts (ex. graphic design, music, studio art)",21.519553660718984,25017.198248543296
GDP,Low,UndergradMajor,"A business discipline (ex. accounting, finance, marketing)",21.519553660718984,-421.207880919681
GDP,Low,UndergradMajor,"Another engineering discipline (ex. civil, electrical, mechanical)",21.519553660718984,-1507.8484391353422
GDP,Low,UndergradMajor,"Information systems, information technology, or system administration",21.519553660718984,-2813.076036990139
GDP,Low,UndergradMajor,"A social science (ex. anthropology, psychology, political science)",21.519553660718984,-3686.9156788744185
GDP,Low,UndergradMajor,Web development or web design,21.519553660718984,5669.487901702994
GDP,Low,UndergradMajor,"A humanities discipline (ex. literature, history, philosophy)",21.519553660718984,-13282.168025014098
GDP,Low,UndergradMajor,Mathematics or statistics,21.519553660718984,5214.473044370578
GDP,Low,UndergradMajor,"A health science (ex. nursing, pharmacy, radiology)",21.519553660718984,-9962.224660873397
GDP,Low,UndergradMajor,I never declared a major,21.519553660718984,20081.10040647006
GDP,Low,Hobby,Yes,21.519553660718984,-309650.53692413354
GDP,Low,Hobby,No,21.519553660718984,-1.2020152497367208e+19
Student,No,Exercise,Daily or almost every day,83.46491920627402,9401.032224173665
Student,No,Exercise,1 - 2 times per week,83.46491920627402,4024.724034601657
Student,No,Exercise,I don't typically exercise,83.46491920627402,-14704.877342451133
Student,No,Exercise,3 - 4 times per week,83.46491920627402,23905.40043670217
Student,No,HoursComputer,5 - 8 hours,83.46491920627402,529.4173287147528
Student,No,HoursComputer,9 - 12 hours,83.46491920627402,-420.4544014307033
Student,No,HoursComputer,Over 12 hours,83.46491920627402,1137.3463188415822
Student,No,HoursComputer,1 - 4 hours,83.46491920627402,269.0681072786973
Student,No,HoursComputer,Less than 1 hour,83.46491920627402,-13285.447400582772
Student,No,DevType,Database administrator,83.46491920627402,5430.940144871182
Student,No,DevType,Back-end developer,83.46491920627402,4909.855183786977
Student,No,DevType,Mobile developer,83.46491920627402,-10559.985116994536
Student,No,DevType,Front-end developer,83.46491920627402,-2730.003069753521
Student,No,DevType,Full-stack developer,83.46491920627402,-4796.675923053666
Student,No,DevType,Designer,83.46491920627402,-5121.6430332014015
Student,No,DevType,Embedded applications or devices developer,83.46491920627402,1206.1548895336434
Student,No,DevType,Engineering manager,83.46491920627402,43992.619856344776
Student,No,DevType,Data scientist or machine learning specialist,83.46491920627402,3560.3411117758137
Student,No,DevType,Desktop or enterprise applications developer,83.46491920627402,-9669.060746587398
Student,No,DevType,"C-suite executive (CEO, CTO, etc.)",83.46491920627402,42381.327800570514
Student,No,DevType,QA or test developer,83.46491920627402,-31609.19463689489
Student,No,DevType,System administrator,83.46491920627402,-1890.9276911094692
Student,No,DevType,Data or business analyst,83.46491920627402,370.81959704022876
Student,No,DevType,DevOps specialist,83.46491920627402,13962.231989689108
Student,No,DevType,Educator or academic researcher,83.46491920627402,-6896.922104645592
Student,No,DevType,Student,83.46491920627402,-67296.30154904461
Student,No,DevType,Game or graphics developer,83.46491920627402,-2644.2058600039863
Student,No,DevType,Product manager,83.46491920627402,-41461.646090291906
Student,No,DevType,Marketing or sales professional,83.46491920627402,-25994.849706838737
Student,No,FormalEducation,"Bachelor’s degree (BA, BS, B.Eng., etc.)",83.46491920627402,-1885.2646351728774
Student,No,FormalEducation,Some college/university study without earning a degree,83.46491920627402,-2448.7083338027674
Student,No,FormalEducation,"Secondary school (e.g. American high school, German Realschule or Gymnasium, etc.)",83.46491920627402,-21324.148214025554
Student,No,FormalEducation,"Master’s degree (MA, MS, M.Eng., MBA, etc.)",83.46491920627402,6853.508670843422
Student,No,FormalEducation,Associate degree,83.46491920627402,-6605.906762567557
Student,No,FormalEducation,"Professional degree (JD, MD, etc.)",83.46491920627402,-12794.002338124796
Student,No,FormalEducation,Primary/elementary school,83.46491920627402,-29192.14904447702
Student,No,FormalEducation,"Other doctoral degree (Ph.D, Ed.D., etc.)",83.46491920627402,26000.05897077376
Student,No,FormalEducation,I never completed any formal education,83.46491920627402,19036.856116211144
Student,No,UndergradMajor,"A natural science (ex. biology, chemistry, physics)",83.46491920627402,12242.52410531942
Student,No,UndergradMajor,"Computer science, computer engineering, or software engineering",83.46491920627402,-3861.1709463709963
Student,No,UndergradMajor,"Fine arts or performing arts (ex. graphic design, music, studio art)",83.46491920627402,635.8475557584919
Student,No,UndergradMajor,"A business discipline (ex. accounting, finance, marketing)",83.46491920627402,215.4569656633737
Student,No,UndergradMajor,"Another engineering discipline (ex. civil, electrical, mechanical)",83.46491920627402,-2783.160729518192
Student,No,UndergradMajor,"Information systems, information technology, or system administration",83.46491920627402,-672.9044506139938
Student,No,UndergradMajor,"A social science (ex. anthropology, psychology, political science)",83.46491920627402,7539.30482251277
Student,No,UndergradMajor,Web development or web design,83.46491920627402,-20197.045843623953
Student,No,UndergradMajor,"A humanities discipline (ex. literature, history, philosophy)",83.46491920627402,9902.648190621536
Student,No,UndergradMajor,Mathematics or statistics,83.46491920627402,5675.560406579746
Student,No,UndergradMajor,"A health science (ex. nursing, pharmacy, radiology)",83.46491920627402,7696.613083366085
Student,No,UndergradMajor,I never declared a major,83.46491920627402,911.3807339835666
Student,No,Hobby,Yes,83.46491920627402,1140443.56831703
Student,No,Hobby,No,83.46491920627402,-304182.4296993518
Student,"Yes, full-time",Exercise,Daily or almost every day,10.947944628664667,-19563.72880557493
Student,"Yes, full-time",Exercise,1 - 2 times per week,10.947944628664667,-1249.833400128478
Student,"Yes, full-time",Exercise,I don't typically exercise,10.947944628664667,-3838.8174376366287
Student,"Yes, full-time",Exercise,3 - 4 times per week,10.947944628664667,16321.673292220255
Student,"Yes, full-time",HoursComputer,5 - 8 hours,10.947944628664667,10798.582804105827
Student,"Yes, full-time",HoursComputer,9 - 12 hours,10.947944628664667,-15840.750905547551
Student,"Yes, full-time",HoursComputer,Over 12 hours,10.947944628664667,3716.709361657166
Student,"Yes, full-time",HoursComputer,1 - 4 hours,10.947944628664667,-27492.387847974624
Student,"Yes, full-time",HoursComputer,Less than 1 hour,10.947944628664667,-40102.88307518708
Student,"Yes, full-time",DevType,Database administrator,10.947944628664667,-6578.694173962489
Student,"Yes, full-time",DevType,Back-end developer,10.947944628664667,-5029.372155198482
Student,"Yes, full-time",DevType,Mobile developer,10.947944628664667,1139.6943761438977
Student,"Yes, full-time",DevType,Front-end developer,10.947944628664667,27678.8123975341
Student,"Yes, full-time",DevType,Full-stack developer,10.947944628664667,14620.191781609525
Student,"Yes, full-time",DevType,Designer,10.947944628664667,-23750.385625758376
Student,"Yes, full-time",DevType,Embedded applications or devices developer,10.947944628664667,18292.785976942254
Student,"Yes, full-time",DevType,Engineering manager,10.947944628664667,7458.651013426394
Student,"Yes, full-time",DevType,Data scientist or machine learning specialist,10.947944628664667,-17599.42428787048
Student,"Yes, full-time",DevType,Desktop or enterprise applications developer,10.947944628664667,18137.1311168075
Student,"Yes, full-time",DevType,"C-suite executive (CEO, CTO, etc.)",10.947944628664667,27155.06126518679
Student,"Yes, full-time",DevType,QA or test developer,10.947944628664667,22641.34334322608
Student,"Yes, full-time",DevType,System administrator,10.947944628664667,169307.10338723706
Student,"Yes, full-time",DevType,Data or business analyst,10.947944628664667,-10476.552164817364
Student,"Yes, full-time",DevType,DevOps specialist,10.947944628664667,27759.277940537635
Student,"Yes, full-time",DevType,Educator or academic researcher,10.947944628664667,-30877.717297459312
Student,"Yes, full-time",DevType,Student,10.947944628664667,-19613.348668203602
Student,"Yes, full-time",DevType,Game or graphics developer,10.947944628664667,-32151.25357041717
Student,"Yes, full-time",DevType,Product manager,10.947944628664667,18225.504526871453
Student,"Yes, full-time",DevType,Marketing or sales professional,10.947944628664667,8805.264789512943
Student,"Yes, full-time",FormalEducation,"Bachelor’s degree (BA, BS, B.Eng., etc.)",10.947944628664667,-15908.113930424992
Student,"Yes, full-time",FormalEducation,Some college/university study without earning a degree,10.947944628664667,8601.826871265917
Student,"Yes, full-time",FormalEducation,"Secondary school (e.g. American high school, German Realschule or Gymnasium, etc.)",10.947944628664667,-9690.753575399804
Student,"Yes, full-time",FormalEducation,"Master’s degree (MA, MS, M.Eng., MBA, etc.)",10.947944628664667,14596.978917660825
Student,"Yes, full-time",FormalEducation,Associate degree,10.947944628664667,-15246.950379967735
Student,"Yes, full-time",FormalEducation,"Professional degree (JD, MD, etc.)",10.947944628664667,97807.96701037628
Student,"Yes, full-time",FormalEducation,Primary/elementary school,10.947944628664667,-728.3828155550934
Student,"Yes, full-time",FormalEducation,"Other doctoral degree (Ph.D, Ed.D., etc.)",10.947944628664667,-38861.311359811276
Student,"Yes, full-time",FormalEducation,I never completed any formal education,10.947944628664667,103654.18179195431
Student,"Yes, full-time",UndergradMajor,"A natural science (ex. biology, chemistry, physics)",10.947944628664667,-8714.85404119862
Student,"Yes, full-time",UndergradMajor,"Computer science, computer engineering, or software engineering",10.947944628664667,3171.022868431502
Student,"Yes, full-time",UndergradMajor,"Fine arts or performing arts (ex. graphic design, music, studio art)",10.947944628664667,18661.89931206907
Student,"Yes, full-time",UndergradMajor,"A business discipline (ex. accounting, finance, marketing)",10.947944628664667,-44491.40036100867
Student,"Yes, full-time",UndergradMajor,"Another engineering discipline (ex. civil, electrical, mechanical)",10.947944628664667,-7135.175928929993
Student,"Yes, full-time",UndergradMajor,"Information systems, information technology, or system administration",10.947944628664667,4798.450179998657
Student,"Yes, full-time",UndergradMajor,"A social science (ex. anthropology, psychology, political science)",10.947944628664667,-5465.581894626381
Student,"Yes, full-time",UndergradMajor,Web development or web design,10.947944628664667,1326.5779831902032
Student,"Yes, full-time",UndergradMajor,"A humanities discipline (ex. literature, history, philosophy)",10.947944628664667,-2526.686451703198
Student,"Yes, full-time",UndergradMajor,Mathematics or statistics,10.947944628664667,20657.096074782436
Student,"Yes, full-time",UndergradMajor,"A health science (ex. nursing, pharmacy, radiology)",10.947944628664667,-54277.5740464117
Student,"Yes, full-time",UndergradMajor,I never declared a major,10.947944628664667,79850.06868336529
Student,"Yes, full-time",Hobby,Yes,10.947944628664667,-3.4296610483735994e+19
Student,"Yes, full-time",Hobby,No,10.947944628664667,-230382.62591354802
Student,"Yes, part-time",Exercise,Daily or almost every day,5.587136165061319,14902.901171137757
Student,"Yes, part-time",Exercise,1 - 2 times per week,5.587136165061319,2515.9715231544637
Student,"Yes, part-time",Exercise,I don't typically exercise,5.587136165061319,1913.3070670359848
Student,"Yes, part-time",Exercise,3 - 4 times per week,5.587136165061319,-11487.309006021398
Student,"Yes, part-time",HoursComputer,5 - 8 hours,5.587136165061319,-5163.971323669053
Student,"Yes, part-time",HoursComputer,9 - 12 hours,5.587136165061319,25382.331804056837
Student,"Yes, part-time",HoursComputer,Over 12 hours,5.587136165061319,-1452.6162906805173
Student,"Yes, part-time",HoursComputer,1 - 4 hours,5.587136165061319,-68860.79388259604
Student,"Yes, part-time",HoursComputer,Less than 1 hour,5.587136165061319,-38461.494279512764
Student,"Yes, part-time",DevType,Database administrator,5.587136165061319,-10881.789739082531
Student,"Yes, part-time",DevType,Back-end developer,5.587136165061319,-5302.211873684177
Student,"Yes, part-time",DevType,Mobile developer,5.587136165061319,17139.21436250158
Student,"Yes, part-time",DevType,Front-end developer,5.587136165061319,4005.130833581063
Student,"Yes, part-time",DevType,Full-stack developer,5.587136165061319,-8472.659663255887
Student,"Yes, part-time",DevType,Designer,5.587136165061319,-45235.46488523217
Student,"Yes, part-time",DevType,Embedded applications or devices developer,5.587136165061319,20647.8409537737
Student,"Yes, part-time",DevType,Engineering manager,5.587136165061319,-14176.397725965582
Student,"Yes, part-time",DevType,Data scientist or machine learning specialist,5.587136165061319,13914.254183325791
Student,"Yes, part-time",DevType,Desktop or enterprise applications developer,5.587136165061319,-17759.608557132702
Student,"Yes, part-time",DevType,"C-suite executive (CEO, CTO, etc.)",5.587136165061319,99473.8030069188
Student,"Yes, part-time",DevType,QA or test developer,5.587136165061319,7143.866007691879
Student,"Yes, part-time",DevType,System administrator,5.587136165061319,-36368.4155183944
Student,"Yes, part-time",DevType,Data or business analyst,5.587136165061319,6922.126565531407
Student,"Yes, part-time",DevType,DevOps specialist,5.587136165061319,65520.662523174076
Student,"Yes, part-time",DevType,Educator or academic researcher,5.587136165061319,11541.919674292876
Student,"Yes, part-time",DevType,Student,5.587136165061319,-20689.718435772076
Student,"Yes, part-time",DevType,Game or graphics developer,5.587136165061319,-35385.6947621366
Student,"Yes, part-time",DevType,Product manager,5.587136165061319,25468.851471041547
Student,"Yes, part-time",DevType,Marketing or sales professional,5.587136165061319,-112144.92074131539
Student,"Yes, part-time",FormalEducation,"Bachelor’s degree (BA, BS, B.Eng., etc.)",5.587136165061319,21154.945843487487
Student,"Yes, part-time",FormalEducation,Some college/university study without earning a degree,5.587136165061319,-10561.197969674397
Student,"Yes, part-time",FormalEducation,"Secondary school (e.g. American high school, German Realschule or Gymnasium, etc.)",5.587136165061319,-7734.601920434044
Student,"Yes, part-time",FormalEducation,"Master’s degree (MA, MS, M.Eng., MBA, etc.)",5.587136165061319,-8473.836920526683
Student,"Yes, part-time",FormalEducation,Associate degree,5.587136165061319,28826.188010966012
Student,"Yes, part-time",FormalEducation,"Professional degree (JD, MD, etc.)",5.587136165061319,69143.95715125304
Student,"Yes, part-time",FormalEducation,Primary/elementary school,5.587136165061319,-50068.30366964527
Student,"Yes, part-time",FormalEducation,"Other doctoral degree (Ph.D, Ed.D., etc.)",5.587136165061319,-42382.617397098795
Student,"Yes, part-time",FormalEducation,I never completed any formal education,5.587136165061319,-11966.541882100164
Student,"Yes, part-time",UndergradMajor,"A natural science (ex. biology, chemistry, physics)",5.587136165061319,-16670.22414780661
Student,"Yes, part-time",UndergradMajor,"Computer science, computer engineering, or software engineering",5.587136165061319,-8362.510893880242
Student,"Yes, part-time",UndergradMajor,"Fine arts or performing arts (ex. graphic design, music, studio art)",5.587136165061319,-85.33354658819428
Student,"Yes, part-time",UndergradMajor,"A business discipline (ex. accounting, finance, marketing)",5.587136165061319,-34948.901571186354
Student,"Yes, part-time",UndergradMajor,"Another engineering discipline (ex. civil, electrical, mechanical)",5.587136165061319,-6220.284081451778
Student,"Yes, part-time",UndergradMajor,"Information systems, information technology, or system administration",5.587136165061319,29907.221520428095
Student,"Yes, part-time",UndergradMajor,"A social science (ex. anthropology, psychology, political science)",5.587136165061319,-7920.683038104935
Student,"Yes, part-time",UndergradMajor,Web development or web design,5.587136165061319,-3657.9084997748337
Student,"Yes, part-time",UndergradMajor,"A humanities discipline (ex. literature, history, philosophy)",5.587136165061319,27414.548576064728
Student,"Yes, part-time",UndergradMajor,Mathematics or statistics,5.587136165061319,1095.5414007231902
Student,"Yes, part-time",UndergradMajor,"A health science (ex. nursing, pharmacy, radiology)",5.587136165061319,-68720.65624409005
Student,"Yes, part-time",UndergradMajor,I never declared a major,5.587136165061319,-18385.032496664193
Student,"Yes, part-time",Hobby,Yes,5.587136165061319,-423861.56781552895
Student,"Yes, part-time",Hobby,No,5.587136165061319,-137782.41832329158
