status,credit_history,purpose,savings,employment_duration,installment_rate,other_debtors,present_residence,property,other_installment_plans,number_credits,job,people_liable,foreign_worker,duration,age,amount,credit_risk,gender,personal_status,housing
... < 100 DM,critical account/other credits existing,domestic appliances,unknown/no savings account,... >= 7 years,4,none,4,real estate,none,2,skilled employee/official,1,yes,<1 year,50-70,0,1,male,single,1
0 <= ... < 200 DM,existing credits paid back duly till now,domestic appliances,... < 100 DM,1 <= ... < 4 years,2,none,2,real estate,none,1,skilled employee/official,1,yes,>4 years,19-30,1,0,female,divorced/separated/married,1
no checking account,critical account/other credits existing,retraining,... < 100 DM,4 <= ... < 7 years,2,none,3,real estate,none,1,unskilled - resident,2,yes,1-2 years,30-50,0,1,male,single,1
... < 100 DM,existing credits paid back duly till now,radio/television,... < 100 DM,4 <= ... < 7 years,2,guarantor,4,building society savings agreement/life insurance,none,1,skilled employee/official,2,yes,3-4 years,30-50,1,1,male,single,0
... < 100 DM,delay in paying off in the past,car (new),... < 100 DM,1 <= ... < 4 years,3,none,4,unknown/no property,none,2,skilled employee/official,2,yes,2-3 years,50-70,1,0,male,single,0
no checking account,existing credits paid back duly till now,retraining,unknown/no savings account,1 <= ... < 4 years,2,none,4,unknown/no property,none,1,unskilled - resident,2,yes,3-4 years,30-50,1,1,male,single,0
no checking account,existing credits paid back duly till now,radio/television,500 <= ... < 1000 DM,... >= 7 years,3,none,4,building society savings agreement/life insurance,none,1,skilled employee/official,1,yes,2-3 years,50-70,0,1,male,single,1
0 <= ... < 200 DM,existing credits paid back duly till now,car (used),... < 100 DM,1 <= ... < 4 years,2,none,2,car or other,none,1,management/self-employed/highly qualified employee/officer,1,yes,3-4 years,30-50,1,1,male,single,0
no checking account,existing credits paid back duly till now,domestic appliances,... >= 1000 DM,4 <= ... < 7 years,2,none,4,real estate,none,1,unskilled - resident,1,yes,1-2 years,50-70,0,1,male,divorced/separated,1
0 <= ... < 200 DM,critical account/other credits existing,car (new),... < 100 DM,unemployed,4,none,2,car or other,none,2,management/self-employed/highly qualified employee/officer,1,yes,2-3 years,19-30,1,0,male,married/widowed,1
0 <= ... < 200 DM,existing credits paid back duly till now,car (new),... < 100 DM,... < 1 year,3,none,1,car or other,none,1,skilled employee/official,1,yes,1-2 years,19-30,0,0,female,divorced/separated/married,0
... < 100 DM,existing credits paid back duly till now,others,... < 100 DM,... < 1 year,3,none,4,building society savings agreement/life insurance,none,1,skilled employee/official,1,yes,>4 years,19-30,1,0,female,divorced/separated/married,0
0 <= ... < 200 DM,existing credits paid back duly till now,domestic appliances,... < 100 DM,1 <= ... < 4 years,1,none,1,car or other,none,1,skilled employee/official,1,yes,1-2 years,19-30,0,1,female,divorced/separated/married,1
... < 100 DM,critical account/other credits existing,car (new),... < 100 DM,... >= 7 years,4,none,4,car or other,none,2,unskilled - resident,1,yes,2-3 years,50-70,0,0,male,single,1
... < 100 DM,existing credits paid back duly till now,car (new),... < 100 DM,1 <= ... < 4 years,2,none,4,car or other,none,1,skilled employee/official,1,yes,1-2 years,19-30,0,1,female,divorced/separated/married,0
... < 100 DM,existing credits paid back duly till now,domestic appliances,100 <= ... < 500 DM,1 <= ... < 4 years,4,none,2,car or other,none,1,unskilled - resident,1,yes,2-3 years,30-50,0,0,female,divorced/separated/married,1
no checking account,critical account/other credits existing,domestic appliances,unknown/no savings account,... >= 7 years,4,none,4,building society savings agreement/life insurance,none,2,skilled employee/official,1,yes,2-3 years,50-70,0,1,male,single,1
... < 100 DM,no credits taken/all credits paid back duly,others,unknown/no savings account,... < 1 year,2,none,3,car or other,bank,3,skilled employee/official,1,yes,2-3 years,19-30,1,1,male,single,1
0 <= ... < 200 DM,existing credits paid back duly till now,car (used),... < 100 DM,... >= 7 years,4,none,2,unknown/no property,none,1,management/self-employed/highly qualified employee/officer,1,yes,2-3 years,30-50,1,0,female,divorced/separated/married,0
no checking account,existing credits paid back duly till now,domestic appliances,500 <= ... < 1000 DM,... >= 7 years,3,none,2,car or other,none,1,skilled employee/official,2,yes,2-3 years,30-50,0,1,male,single,1
no checking account,critical account/other credits existing,car (new),... < 100 DM,1 <= ... < 4 years,4,none,4,car or other,none,3,skilled employee/official,1,yes,<1 year,30-50,0,1,male,single,1
... < 100 DM,existing credits paid back duly till now,domestic appliances,500 <= ... < 1000 DM,1 <= ... < 4 years,2,none,3,real estate,none,1,skilled employee/official,2,yes,<1 year,30-50,0,1,male,single,0
... < 100 DM,critical account/other credits existing,car (new),... < 100 DM,... < 1 year,1,none,3,real estate,none,2,unskilled - resident,2,no,<1 year,30-50,0,1,male,single,0
0 <= ... < 200 DM,critical account/other credits existing,car (used),100 <= ... < 500 DM,... < 1 year,3,none,4,building society savings agreement/life insurance,none,1,skilled employee/official,1,yes,1-2 years,30-50,0,1,male,single,1
no checking account,critical account/other credits existing,radio/television,unknown/no savings account,1 <= ... < 4 years,2,none,1,car or other,none,2,skilled employee/official,1,no,<1 year,19-30,0,1,male,married/widowed,1
... < 100 DM,existing credits paid back duly till now,radio/television,... < 100 DM,1 <= ... < 4 years,1,none,2,real estate,bank,1,unskilled - resident,1,yes,<1 year,30-50,0,1,male,single,1
no checking account,no credits taken/all credits paid back duly,domestic appliances,... < 100 DM,... >= 7 years,4,none,4,car or other,none,1,unskilled - resident,1,yes,<1 year,30-50,0,1,male,married/widowed,1
... >= 200 DM / salary for at least 1 year,all credits at this bank paid back duly,domestic appliances,... >= 1000 DM,1 <= ... < 4 years,3,none,3,real estate,none,2,skilled employee/official,1,yes,1-2 years,30-50,0,1,female,divorced/separated/married,0
0 <= ... < 200 DM,existing credits paid back duly till now,domestic appliances,... < 100 DM,1 <= ... < 4 years,3,guarantor,2,real estate,none,1,skilled employee/official,1,yes,<1 year,30-50,0,1,male,single,1
... < 100 DM,delay in paying off in the past,others,... < 100 DM,... >= 7 years,3,none,4,unknown/no property,none,2,skilled employee/official,1,yes,>4 years,50-70,1,0,male,single,1
0 <= ... < 200 DM,existing credits paid back duly till now,others,... >= 1000 DM,... < 1 year,3,none,3,real estate,bank,1,skilled employee/official,1,yes,1-2 years,30-50,0,1,male,married/widowed,1
... < 100 DM,existing credits paid back duly till now,radio/television,... < 100 DM,1 <= ... < 4 years,2,none,2,car or other,stores,1,skilled employee/official,1,yes,2-3 years,19-30,1,1,male,single,1
0 <= ... < 200 DM,existing credits paid back duly till now,car (new),100 <= ... < 500 DM,1 <= ... < 4 years,2,none,2,car or other,none,2,skilled employee/official,1,yes,1-2 years,30-50,1,1,male,single,1
no checking account,critical account/other credits existing,others,unknown/no savings account,... >= 7 years,4,none,4,unknown/no property,none,1,unskilled - resident,1,yes,1-2 years,50-70,0,1,male,single,0
... >= 200 DM / salary for at least 1 year,existing credits paid back duly till now,radio/television,... < 100 DM,... < 1 year,4,none,1,building society savings agreement/life insurance,bank,1,management/self-employed/highly qualified employee/officer,1,yes,1-2 years,30-50,0,1,female,divorced/separated/married,1
0 <= ... < 200 DM,critical account/other credits existing,domestic appliances,... < 100 DM,... < 1 year,4,none,2,building society savings agreement/life insurance,none,2,unskilled - resident,1,yes,3-4 years,19-30,1,0,male,single,1
no checking account,critical account/other credits existing,retraining,... < 100 DM,1 <= ... < 4 years,1,none,3,unknown/no property,bank,1,skilled employee/official,1,yes,>4 years,30-50,1,1,male,single,0
... >= 200 DM / salary for at least 1 year,existing credits paid back duly till now,domestic appliances,... < 100 DM,1 <= ... < 4 years,4,co-applicant,2,real estate,stores,1,skilled employee/official,1,yes,1-2 years,30-50,0,0,male,single,1
... >= 200 DM / salary for at least 1 year,existing credits paid back duly till now,repairs,... < 100 DM,1 <= ... < 4 years,2,none,2,car or other,none,1,skilled employee/official,1,yes,<1 year,30-50,0,1,male,single,1
0 <= ... < 200 DM,existing credits paid back duly till now,domestic appliances,... < 100 DM,1 <= ... < 4 years,4,none,3,real estate,none,1,skilled employee/official,1,yes,<1 year,19-30,0,1,male,single,1
no checking account,existing credits paid back duly till now,domestic appliances,500 <= ... < 1000 DM,... >= 7 years,4,none,2,car or other,bank,1,management/self-employed/highly qualified employee/officer,1,yes,2-3 years,30-50,0,1,male,single,1
0 <= ... < 200 DM,existing credits paid back duly till now,domestic appliances,500 <= ... < 1000 DM,1 <= ... < 4 years,3,none,1,car or other,none,1,skilled employee/official,1,yes,1-2 years,19-30,0,1,male,divorced/separated,1
0 <= ... < 200 DM,delay in paying off in the past,education,... < 100 DM,1 <= ... < 4 years,2,none,4,real estate,none,1,unskilled - resident,2,yes,1-2 years,30-50,1,1,male,single,1
... < 100 DM,critical account/other credits existing,car (used),100 <= ... < 500 DM,4 <= ... < 7 years,1,none,4,car or other,none,2,skilled employee/official,1,yes,2-3 years,19-30,1,1,male,married/widowed,0
... < 100 DM,critical account/other credits existing,car (used),... < 100 DM,... >= 7 years,4,none,4,unknown/no property,stores,2,unskilled - resident,1,yes,>4 years,50-70,1,0,female,divorced/separated/married,0
no checking account,critical account/other credits existing,car (new),... < 100 DM,... < 1 year,4,none,4,car or other,none,2,management/self-employed/highly qualified employee/officer,1,yes,<1 year,30-50,0,1,female,divorced/separated/married,1
no checking account,existing credits paid back duly till now,domestic appliances,500 <= ... < 1000 DM,... >= 7 years,4,none,4,car or other,none,1,skilled employee/official,1,yes,3-4 years,30-50,0,1,male,single,1
... < 100 DM,existing credits paid back duly till now,car (used),500 <= ... < 1000 DM,unemployed,1,none,2,building society savings agreement/life insurance,none,1,unemployed/unskilled - non-resident,1,yes,<1 year,19-30,0,1,female,divorced/separated/married,0
no checking account,critical account/other credits existing,car (new),... < 100 DM,1 <= ... < 4 years,1,none,4,building society savings agreement/life insurance,none,2,unskilled - resident,1,yes,<1 year,30-50,1,1,male,single,1
no checking account,existing credits paid back duly till now,domestic appliances,100 <= ... < 500 DM,1 <= ... < 4 years,4,co-applicant,2,real estate,none,1,skilled employee/official,1,yes,1-2 years,19-30,0,1,female,divorced/separated/married,1
0 <= ... < 200 DM,delay in paying off in the past,radio/television,unknown/no savings account,... < 1 year,4,none,2,building society savings agreement/life insurance,bank,1,unskilled - resident,1,yes,2-3 years,19-30,0,1,male,single,1
0 <= ... < 200 DM,delay in paying off in the past,car (used),... < 100 DM,... >= 7 years,1,none,2,car or other,none,2,management/self-employed/highly qualified employee/officer,1,yes,2-3 years,30-50,1,1,male,single,1
no checking account,existing credits paid back duly till now,domestic appliances,... < 100 DM,1 <= ... < 4 years,3,none,2,car or other,none,1,skilled employee/official,1,yes,1-2 years,19-30,0,1,male,single,1
no checking account,existing credits paid back duly till now,car (used),unknown/no savings account,1 <= ... < 4 years,2,none,1,building society savings agreement/life insurance,none,1,skilled employee/official,1,yes,1-2 years,30-50,0,1,male,single,1
0 <= ... < 200 DM,delay in paying off in the past,car (new),... < 100 DM,... >= 7 years,4,none,4,unknown/no property,bank,2,skilled employee/official,1,yes,3-4 years,50-70,0,0,male,single,0
no checking account,all credits at this bank paid back duly,car (new),unknown/no savings account,1 <= ... < 4 years,1,guarantor,2,real estate,stores,1,unskilled - resident,2,yes,<1 year,19-30,0,1,male,single,1
0 <= ... < 200 DM,existing credits paid back duly till now,domestic appliances,unknown/no savings account,unemployed,2,none,1,unknown/no property,none,1,management/self-employed/highly qualified employee/officer,1,yes,1-2 years,50-70,1,0,male,single,1
no checking account,critical account/other credits existing,domestic appliances,... < 100 DM,1 <= ... < 4 years,2,none,2,car or other,stores,2,skilled employee/official,1,yes,3-4 years,30-50,1,1,female,divorced/separated/married,1
... >= 200 DM / salary for at least 1 year,existing credits paid back duly till now,car (new),... < 100 DM,... >= 7 years,3,none,2,car or other,none,1,management/self-employed/highly qualified employee/officer,1,yes,1-2 years,19-30,0,1,female,divorced/separated/married,1
... < 100 DM,critical account/other credits existing,radio/television,... < 100 DM,... < 1 year,4,co-applicant,4,unknown/no property,none,2,unskilled - resident,1,yes,3-4 years,19-30,1,0,female,divorced/separated/married,0
0 <= ... < 200 DM,existing credits paid back duly till now,others,... < 100 DM,1 <= ... < 4 years,2,none,1,real estate,bank,1,skilled employee/official,1,yes,<1 year,19-30,0,1,male,married/widowed,1
0 <= ... < 200 DM,critical account/other credits existing,domestic appliances,unknown/no savings account,... >= 7 years,4,guarantor,4,real estate,none,2,skilled employee/official,1,yes,1-2 years,50-70,0,1,male,single,1
0 <= ... < 200 DM,no credits taken/all credits paid back duly,others,... < 100 DM,... >= 7 years,4,none,4,unknown/no property,none,1,management/self-employed/highly qualified employee/officer,1,yes,3-4 years,50-70,0,0,male,single,0
0 <= ... < 200 DM,no credits taken/all credits paid back duly,others,... < 100 DM,1 <= ... < 4 years,2,none,2,car or other,none,1,skilled employee/official,1,yes,>4 years,19-30,1,0,male,single,1
no checking account,existing credits paid back duly till now,domestic appliances,... < 100 DM,... < 1 year,4,none,4,building society savings agreement/life insurance,none,1,skilled employee/official,1,yes,2-3 years,19-30,0,1,female,divorced/separated/married,1
no checking account,existing credits paid back duly till now,education,unknown/no savings account,... >= 7 years,4,none,4,building society savings agreement/life insurance,none,4,skilled employee/official,2,yes,2-3 years,30-50,1,1,male,single,1
no checking account,existing credits paid back duly till now,domestic appliances,... < 100 DM,... < 1 year,2,none,2,car or other,bank,1,skilled employee/official,1,yes,1-2 years,19-30,0,1,female,divorced/separated/married,1
0 <= ... < 200 DM,existing credits paid back duly till now,car (new),... >= 1000 DM,1 <= ... < 4 years,4,none,1,real estate,none,1,skilled employee/official,1,yes,1-2 years,19-30,0,1,male,married/widowed,1
no checking account,existing credits paid back duly till now,retraining,... < 100 DM,1 <= ... < 4 years,4,none,4,unknown/no property,stores,1,skilled employee/official,1,yes,3-4 years,30-50,0,0,male,single,0
no checking account,existing credits paid back duly till now,domestic appliances,unknown/no savings account,1 <= ... < 4 years,4,none,4,car or other,none,1,skilled employee/official,1,yes,3-4 years,19-30,0,1,female,divorced/separated/married,1
no checking account,existing credits paid back duly till now,car (used),... < 100 DM,1 <= ... < 4 years,1,none,2,building society savings agreement/life insurance,bank,1,skilled employee/official,1,yes,3-4 years,30-50,1,1,female,divorced/separated/married,1
no checking account,critical account/other credits existing,domestic appliances,unknown/no savings account,... >= 7 years,4,none,2,building society savings agreement/life insurance,none,2,unskilled - resident,1,yes,<1 year,30-50,0,1,male,single,0
... < 100 DM,critical account/other credits existing,furniture/equipment,... < 100 DM,... >= 7 years,3,none,4,unknown/no property,bank,2,management/self-employed/highly qualified employee/officer,2,yes,<1 year,50-70,0,1,male,single,0
0 <= ... < 200 DM,critical account/other credits existing,others,... < 100 DM,4 <= ... < 7 years,2,none,1,real estate,bank,2,unskilled - resident,1,yes,3-4 years,30-50,1,1,female,divorced/separated/married,1
... < 100 DM,existing credits paid back duly till now,retraining,unknown/no savings account,... >= 7 years,4,none,4,unknown/no property,none,1,management/self-employed/highly qualified employee/officer,1,yes,3-4 years,30-50,0,0,male,single,1
... < 100 DM,critical account/other credits existing,car (used),... < 100 DM,... >= 7 years,4,none,4,unknown/no property,none,2,management/self-employed/highly qualified employee/officer,1,yes,1-2 years,50-70,0,1,male,single,0
... < 100 DM,existing credits paid back duly till now,domestic appliances,... < 100 DM,... < 1 year,4,none,3,car or other,none,1,skilled employee/official,1,yes,3-4 years,30-50,0,0,male,single,1
0 <= ... < 200 DM,delay in paying off in the past,domestic appliances,... < 100 DM,4 <= ... < 7 years,2,none,4,building society savings agreement/life insurance,none,1,skilled employee/official,1,yes,<1 year,50-70,1,1,male,single,1
no checking account,no credits taken/all credits paid back duly,car (used),unknown/no savings account,1 <= ... < 4 years,2,none,2,building society savings agreement/life insurance,none,1,unskilled - resident,2,yes,>4 years,30-50,1,1,male,single,1
0 <= ... < 200 DM,existing credits paid back duly till now,radio/television,... < 100 DM,... < 1 year,2,none,1,building society savings agreement/life insurance,none,1,skilled employee/official,1,yes,2-3 years,19-30,0,1,male,married/widowed,1
no checking account,existing credits paid back duly till now,domestic appliances,unknown/no savings account,... < 1 year,1,none,1,car or other,none,2,skilled employee/official,1,yes,2-3 years,30-50,1,0,female,divorced/separated/married,1
no checking account,existing credits paid back duly till now,domestic appliances,500 <= ... < 1000 DM,... >= 7 years,4,none,3,building society savings agreement/life insurance,stores,1,skilled employee/official,1,yes,1-2 years,30-50,0,1,male,single,1
no checking account,existing credits paid back duly till now,others,100 <= ... < 500 DM,1 <= ... < 4 years,3,none,4,building society savings agreement/life insurance,none,1,unskilled - resident,1,yes,1-2 years,19-30,0,1,female,divorced/separated/married,0
... < 100 DM,existing credits paid back duly till now,furniture/equipment,... < 100 DM,... >= 7 years,4,guarantor,4,real estate,none,1,unskilled - resident,1,yes,2-3 years,50-70,0,1,female,divorced/separated/married,1
... < 100 DM,existing credits paid back duly till now,domestic appliances,... < 100 DM,... >= 7 years,3,none,4,real estate,none,1,unskilled - resident,1,yes,<1 year,50-70,0,1,male,single,1
no checking account,critical account/other credits existing,others,... < 100 DM,1 <= ... < 4 years,4,guarantor,2,real estate,none,2,management/self-employed/highly qualified employee/officer,1,yes,1-2 years,19-30,0,1,female,divorced/separated/married,1
0 <= ... < 200 DM,critical account/other credits existing,radio/television,... < 100 DM,... < 1 year,4,none,1,building society savings agreement/life insurance,none,2,skilled employee/official,1,yes,1-2 years,19-30,0,1,female,divorced/separated/married,1
0 <= ... < 200 DM,existing credits paid back duly till now,retraining,100 <= ... < 500 DM,1 <= ... < 4 years,1,none,4,unknown/no property,none,1,skilled employee/official,2,yes,3-4 years,30-50,1,0,male,single,0
... < 100 DM,existing credits paid back duly till now,car (new),100 <= ... < 500 DM,4 <= ... < 7 years,4,none,3,car or other,none,1,management/self-employed/highly qualified employee/officer,2,yes,1-2 years,30-50,0,1,male,single,1
... < 100 DM,no credits taken/all credits paid back duly,education,... < 100 DM,4 <= ... < 7 years,4,none,3,real estate,none,2,skilled employee/official,1,yes,1-2 years,19-30,0,0,male,single,1
no checking account,critical account/other credits existing,domestic appliances,... < 100 DM,... >= 7 years,4,none,4,real estate,none,1,skilled employee/official,1,yes,1-2 years,50-70,0,1,male,single,1
... < 100 DM,critical account/other credits existing,car (used),... < 100 DM,... >= 7 years,4,none,3,real estate,none,1,skilled employee/official,1,yes,1-2 years,50-70,0,1,male,single,1
no checking account,critical account/other credits existing,domestic appliances,unknown/no savings account,... >= 7 years,4,none,3,building society savings agreement/life insurance,bank,1,unskilled - resident,2,yes,1-2 years,30-50,0,0,female,divorced/separated/married,1
... >= 200 DM / salary for at least 1 year,critical account/other credits existing,radio/television,unknown/no savings account,... >= 7 years,4,co-applicant,4,unknown/no property,none,2,skilled employee/official,1,yes,2-3 years,19-30,0,1,male,single,0
0 <= ... < 200 DM,existing credits paid back duly till now,car (new),... >= 1000 DM,... >= 7 years,4,none,4,real estate,none,1,skilled employee/official,1,yes,1-2 years,50-70,0,1,male,single,1
0 <= ... < 200 DM,no credits taken/all credits paid back duly,others,... < 100 DM,... < 1 year,3,none,4,unknown/no property,none,1,skilled employee/official,1,yes,>4 years,50-70,1,0,male,single,0
no checking account,critical account/other credits existing,retraining,unknown/no savings account,4 <= ... < 7 years,4,none,2,car or other,none,1,skilled employee/official,1,yes,1-2 years,50-70,0,1,female,divorced/separated/married,1
0 <= ... < 200 DM,existing credits paid back duly till now,others,100 <= ... < 500 DM,1 <= ... < 4 years,4,none,4,car or other,none,1,skilled employee/official,1,yes,1-2 years,30-50,0,1,male,single,1
0 <= ... < 200 DM,critical account/other credits existing,domestic appliances,... < 100 DM,... >= 7 years,4,none,4,real estate,none,1,skilled employee/official,1,yes,3-4 years,30-50,0,1,male,single,1
0 <= ... < 200 DM,delay in paying off in the past,car (used),unknown/no savings account,4 <= ... < 7 years,3,none,4,building society savings agreement/life insurance,bank,2,management/self-employed/highly qualified employee/officer,2,yes,1-2 years,30-50,1,1,male,single,0
no checking account,existing credits paid back duly till now,car (new),100 <= ... < 500 DM,... >= 7 years,4,none,4,real estate,none,1,unskilled - resident,1,yes,2-3 years,30-50,0,1,male,married/widowed,0
0 <= ... < 200 DM,existing credits paid back duly till now,domestic appliances,... < 100 DM,4 <= ... < 7 years,4,none,4,car or other,none,1,skilled employee/official,1,yes,3-4 years,19-30,0,1,male,single,0
no checking account,delay in paying off in the past,domestic appliances,... < 100 DM,1 <= ... < 4 years,3,none,2,real estate,none,1,skilled employee/official,1,yes,<1 year,19-30,0,1,female,divorced/separated/married,1
0 <= ... < 200 DM,critical account/other credits existing,radio/television,... < 100 DM,4 <= ... < 7 years,4,none,3,car or other,none,1,skilled employee/official,1,yes,<1 year,30-50,0,1,male,single,0
no checking account,existing credits paid back duly till now,car (used),unknown/no savings account,... < 1 year,2,none,4,car or other,none,1,skilled employee/official,1,yes,1-2 years,19-30,0,1,male,married/widowed,0
0 <= ... < 200 DM,critical account/other credits existing,furniture/equipment,... < 100 DM,1 <= ... < 4 years,2,co-applicant,3,car or other,none,2,management/self-employed/highly qualified employee/officer,2,yes,2-3 years,30-50,1,0,male,single,1
no checking account,all credits at this bank paid back duly,car (new),... < 100 DM,... >= 7 years,2,none,4,unknown/no property,bank,2,management/self-employed/highly qualified employee/officer,2,yes,1-2 years,30-50,1,0,male,single,1
0 <= ... < 200 DM,existing credits paid back duly till now,car (new),... < 100 DM,4 <= ... < 7 years,2,none,2,car or other,none,1,skilled employee/official,1,yes,1-2 years,30-50,1,1,male,single,1
... < 100 DM,existing credits paid back duly till now,radio/television,unknown/no savings account,... < 1 year,1,none,2,building society savings agreement/life insurance,none,1,skilled employee/official,1,no,2-3 years,30-50,1,1,female,divorced/separated/married,1
0 <= ... < 200 DM,existing credits paid back duly till now,others,500 <= ... < 1000 DM,... >= 7 years,1,none,2,real estate,none,1,skilled employee/official,1,yes,1-2 years,30-50,0,1,male,married/widowed,1
0 <= ... < 200 DM,delay in paying off in the past,others,100 <= ... < 500 DM,... >= 7 years,1,none,2,car or other,bank,2,skilled employee/official,2,yes,<1 year,30-50,0,1,male,divorced/separated,1
... >= 200 DM / salary for at least 1 year,existing credits paid back duly till now,retraining,... < 100 DM,... < 1 year,4,none,4,building society savings agreement/life insurance,none,1,skilled employee/official,1,yes,1-2 years,19-30,0,1,female,divorced/separated/married,0
0 <= ... < 200 DM,existing credits paid back duly till now,car (new),... < 100 DM,4 <= ... < 7 years,3,none,3,real estate,none,1,unskilled - resident,1,yes,1-2 years,19-30,1,1,male,single,0
no checking account,critical account/other credits existing,car (new),... < 100 DM,1 <= ... < 4 years,4,none,2,real estate,stores,2,skilled employee/official,1,yes,3-4 years,19-30,1,0,female,divorced/separated/married,1
... < 100 DM,existing credits paid back duly till now,domestic appliances,500 <= ... < 1000 DM,... >= 7 years,3,none,1,real estate,none,1,skilled employee/official,1,yes,1-2 years,30-50,0,1,male,married/widowed,1
no checking account,critical account/other credits existing,domestic appliances,unknown/no savings account,... >= 7 years,4,none,1,real estate,none,1,skilled employee/official,1,yes,>4 years,30-50,0,1,male,single,1
... < 100 DM,existing credits paid back duly till now,domestic appliances,unknown/no savings account,4 <= ... < 7 years,4,none,3,car or other,none,1,management/self-employed/highly qualified employee/officer,1,yes,3-4 years,30-50,1,0,female,divorced/separated/married,1
... < 100 DM,critical account/other credits existing,radio/television,unknown/no savings account,... < 1 year,2,co-applicant,3,real estate,none,2,skilled employee/official,1,no,<1 year,19-30,0,1,female,divorced/separated/married,0
... < 100 DM,critical account/other credits existing,radio/television,500 <= ... < 1000 DM,1 <= ... < 4 years,1,none,4,car or other,none,2,skilled employee/official,1,yes,2-3 years,19-30,1,0,female,divorced/separated/married,1
0 <= ... < 200 DM,critical account/other credits existing,car (new),500 <= ... < 1000 DM,4 <= ... < 7 years,3,none,3,car or other,none,1,management/self-employed/highly qualified employee/officer,1,yes,1-2 years,30-50,0,1,male,divorced/separated,1
... < 100 DM,existing credits paid back duly till now,domestic appliances,... < 100 DM,1 <= ... < 4 years,3,none,2,real estate,none,2,skilled employee/official,1,yes,1-2 years,19-30,0,0,female,divorced/separated/married,1
no checking account,critical account/other credits existing,car (used),... < 100 DM,... >= 7 years,4,none,2,car or other,none,2,management/self-employed/highly qualified employee/officer,1,yes,2-3 years,30-50,0,1,female,divorced/separated/married,0
no checking account,existing credits paid back duly till now,radio/television,... < 100 DM,1 <= ... < 4 years,3,none,2,real estate,none,1,unskilled - resident,1,yes,1-2 years,19-30,0,1,male,single,0
... >= 200 DM / salary for at least 1 year,critical account/other credits existing,car (new),... < 100 DM,... >= 7 years,4,none,4,unknown/no property,none,2,skilled employee/official,1,yes,<1 year,50-70,0,1,male,single,0
0 <= ... < 200 DM,existing credits paid back duly till now,radio/television,unknown/no savings account,... < 1 year,4,none,3,real estate,none,1,skilled employee/official,1,yes,1-2 years,19-30,0,0,female,divorced/separated/married,0
... < 100 DM,critical account/other credits existing,car (new),... < 100 DM,1 <= ... < 4 years,4,none,2,building society savings agreement/life insurance,none,2,skilled employee/official,1,yes,1-2 years,30-50,0,1,male,single,1
... < 100 DM,existing credits paid back duly till now,domestic appliances,... < 100 DM,1 <= ... < 4 years,4,none,2,real estate,none,1,unskilled - resident,1,yes,1-2 years,30-50,0,1,male,married/widowed,1
0 <= ... < 200 DM,existing credits paid back duly till now,education,... < 100 DM,1 <= ... < 4 years,4,none,2,car or other,none,1,skilled employee/official,1,yes,1-2 years,30-50,0,0,male,single,1
0 <= ... < 200 DM,critical account/other credits existing,car (used),... < 100 DM,unemployed,4,none,2,car or other,none,2,management/self-employed/highly qualified employee/officer,1,yes,1-2 years,30-50,0,1,male,single,1
... < 100 DM,critical account/other credits existing,car (new),... < 100 DM,1 <= ... < 4 years,3,co-applicant,2,real estate,none,2,skilled employee/official,1,yes,1-2 years,19-30,0,0,female,divorced/separated/married,1
0 <= ... < 200 DM,existing credits paid back duly till now,car (new),unknown/no savings account,4 <= ... < 7 years,1,none,2,car or other,none,1,skilled employee/official,1,yes,>4 years,19-30,1,1,female,divorced/separated/married,1
... < 100 DM,delay in paying off in the past,retraining,... < 100 DM,1 <= ... < 4 years,4,none,3,building society savings agreement/life insurance,stores,1,skilled employee/official,1,yes,3-4 years,19-30,1,0,male,single,1
no checking account,existing credits paid back duly till now,radio/television,... < 100 DM,... < 1 year,2,none,3,building society savings agreement/life insurance,bank,2,unskilled - resident,1,yes,1-2 years,19-30,0,1,male,single,1
no checking account,existing credits paid back duly till now,radio/television,... < 100 DM,1 <= ... < 4 years,4,none,4,unknown/no property,bank,2,skilled employee/official,1,yes,1-2 years,30-50,0,1,male,single,0
no checking account,existing credits paid back duly till now,domestic appliances,100 <= ... < 500 DM,4 <= ... < 7 years,2,none,4,real estate,none,1,skilled employee/official,1,yes,>4 years,19-30,1,1,female,divorced/separated/married,1
no checking account,critical account/other credits existing,domestic appliances,unknown/no savings account,... >= 7 years,4,none,2,real estate,none,2,skilled employee/official,1,yes,1-2 years,30-50,0,1,female,divorced/separated/married,1
no checking account,delay in paying off in the past,car (used),... >= 1000 DM,1 <= ... < 4 years,2,none,2,car or other,none,2,skilled employee/official,1,yes,2-3 years,19-30,1,1,male,single,1
0 <= ... < 200 DM,existing credits paid back duly till now,domestic appliances,500 <= ... < 1000 DM,1 <= ... < 4 years,4,none,3,real estate,none,1,unskilled - resident,1,yes,1-2 years,50-70,0,0,male,single,1
0 <= ... < 200 DM,critical account/other credits existing,domestic appliances,unknown/no savings account,4 <= ... < 7 years,4,guarantor,2,real estate,bank,3,skilled employee/official,1,yes,1-2 years,30-50,0,1,male,single,1
... >= 200 DM / salary for at least 1 year,existing credits paid back duly till now,domestic appliances,... < 100 DM,1 <= ... < 4 years,2,none,2,car or other,none,1,unskilled - resident,1,yes,1-2 years,30-50,0,1,female,divorced/separated/married,0
... >= 200 DM / salary for at least 1 year,existing credits paid back duly till now,car (new),... >= 1000 DM,... < 1 year,2,none,2,real estate,none,1,unemployed/unskilled - non-resident,1,no,<1 year,19-30,0,1,male,married/widowed,1
0 <= ... < 200 DM,existing credits paid back duly till now,domestic appliances,... < 100 DM,... < 1 year,4,none,1,unknown/no property,none,1,management/self-employed/highly qualified employee/officer,1,yes,3-4 years,30-50,1,1,female,divorced/separated/married,1
... < 100 DM,existing credits paid back duly till now,domestic appliances,... < 100 DM,1 <= ... < 4 years,3,none,2,car or other,none,1,management/self-employed/highly qualified employee/officer,1,yes,2-3 years,19-30,0,1,male,single,1
... < 100 DM,existing credits paid back duly till now,radio/television,... < 100 DM,1 <= ... < 4 years,2,none,2,car or other,none,1,skilled employee/official,1,yes,1-2 years,19-30,0,0,male,single,1
no checking account,critical account/other credits existing,radio/television,... < 100 DM,... < 1 year,4,none,4,building society savings agreement/life insurance,none,1,skilled employee/official,1,yes,1-2 years,19-30,0,1,female,divorced/separated/married,1
0 <= ... < 200 DM,all credits at this bank paid back duly,others,100 <= ... < 500 DM,4 <= ... < 7 years,4,none,2,car or other,none,1,skilled employee/official,1,yes,>4 years,30-50,0,1,male,single,1
... < 100 DM,critical account/other credits existing,car (new),... < 100 DM,... >= 7 years,1,none,4,unknown/no property,none,2,skilled employee/official,1,yes,<1 year,30-50,0,1,female,divorced/separated/married,1
no checking account,critical account/other credits existing,car (new),100 <= ... < 500 DM,4 <= ... < 7 years,4,none,3,car or other,none,2,skilled employee/official,1,yes,1-2 years,50-70,0,1,female,divorced/separated/married,1
... < 100 DM,critical account/other credits existing,radio/television,... < 100 DM,1 <= ... < 4 years,3,guarantor,2,building society savings agreement/life insurance,none,2,skilled employee/official,1,yes,3-4 years,19-30,1,1,male,single,1
no checking account,critical account/other credits existing,domestic appliances,... >= 1000 DM,... >= 7 years,4,none,4,car or other,none,2,skilled employee/official,1,yes,1-2 years,30-50,0,1,male,single,1
no checking account,existing credits paid back duly till now,domestic appliances,100 <= ... < 500 DM,... >= 7 years,2,none,4,unknown/no property,bank,1,skilled employee/official,2,yes,<1 year,30-50,0,1,male,single,0
no checking account,existing credits paid back duly till now,domestic appliances,... < 100 DM,1 <= ... < 4 years,1,none,4,building society savings agreement/life insurance,none,1,skilled employee/official,1,no,<1 year,30-50,0,1,male,single,1
... >= 200 DM / salary for at least 1 year,existing credits paid back duly till now,domestic appliances,... < 100 DM,1 <= ... < 4 years,4,none,1,car or other,none,1,skilled employee/official,1,yes,3-4 years,19-30,1,1,male,single,1
0 <= ... < 200 DM,critical account/other credits existing,car (used),... >= 1000 DM,... >= 7 years,2,none,4,unknown/no property,none,1,skilled employee/official,1,yes,2-3 years,19-30,1,1,female,divorced/separated/married,0
0 <= ... < 200 DM,delay in paying off in the past,others,100 <= ... < 500 DM,4 <= ... < 7 years,4,none,4,car or other,none,1,management/self-employed/highly qualified employee/officer,1,yes,2-3 years,30-50,1,1,male,single,0
... < 100 DM,existing credits paid back duly till now,radio/television,... < 100 DM,1 <= ... < 4 years,2,none,4,car or other,none,1,skilled employee/official,1,yes,1-2 years,19-30,0,0,female,divorced/separated/married,0
... < 100 DM,critical account/other credits existing,education,100 <= ... < 500 DM,... >= 7 years,3,guarantor,4,real estate,none,2,skilled employee/official,2,no,<1 year,30-50,0,1,male,single,1
... < 100 DM,all credits at this bank paid back duly,business,... < 100 DM,... >= 7 years,4,none,1,car or other,bank,1,unskilled - resident,1,yes,1-2 years,30-50,0,1,male,married/widowed,1
0 <= ... < 200 DM,existing credits paid back duly till now,car (new),100 <= ... < 500 DM,4 <= ... < 7 years,2,none,3,car or other,bank,2,skilled employee/official,1,yes,2-3 years,30-50,0,1,male,single,1
no checking account,critical account/other credits existing,domestic appliances,unknown/no savings account,1 <= ... < 4 years,1,none,2,real estate,none,2,unskilled - resident,2,yes,<1 year,30-50,0,1,male,single,1
no checking account,critical account/other credits existing,domestic appliances,100 <= ... < 500 DM,... >= 7 years,3,none,4,real estate,none,1,skilled employee/official,2,yes,2-3 years,30-50,0,1,male,single,1
no checking account,critical account/other credits existing,car (new),... < 100 DM,... < 1 year,4,none,1,building society savings agreement/life insurance,none,2,skilled employee/official,1,yes,1-2 years,30-50,0,1,female,divorced/separated/married,1
no checking account,existing credits paid back duly till now,repairs,500 <= ... < 1000 DM,4 <= ... < 7 years,4,none,3,building society savings agreement/life insurance,none,2,skilled employee/official,1,yes,1-2 years,30-50,0,1,male,single,1
0 <= ... < 200 DM,existing credits paid back duly till now,car (new),... < 100 DM,unemployed,2,none,4,unknown/no property,bank,1,management/self-employed/highly qualified employee/officer,1,yes,<1 year,70-75,1,1,male,single,0
no checking account,existing credits paid back duly till now,car (new),500 <= ... < 1000 DM,... >= 7 years,4,none,4,building society savings agreement/life insurance,none,1,skilled employee/official,1,yes,3-4 years,30-50,0,1,male,single,1
no checking account,existing credits paid back duly till now,radio/television,500 <= ... < 1000 DM,1 <= ... < 4 years,1,none,2,car or other,none,1,skilled employee/official,1,yes,<1 year,30-50,0,1,male,single,1
... < 100 DM,existing credits paid back duly till now,radio/television,... < 100 DM,unemployed,4,none,2,car or other,none,1,skilled employee/official,1,yes,1-2 years,30-50,0,0,female,divorced/separated/married,1
0 <= ... < 200 DM,existing credits paid back duly till now,radio/television,... >= 1000 DM,... < 1 year,4,none,1,real estate,none,1,skilled employee/official,1,yes,<1 year,19-30,0,1,female,divorced/separated/married,1
no checking account,existing credits paid back duly till now,radio/television,... < 100 DM,4 <= ... < 7 years,2,none,4,building society savings agreement/life insurance,none,1,skilled employee/official,1,yes,2-3 years,19-30,0,1,female,divorced/separated/married,0
0 <= ... < 200 DM,critical account/other credits existing,others,... < 100 DM,... >= 7 years,4,none,4,real estate,none,2,skilled employee/official,1,yes,2-3 years,30-50,0,0,male,divorced/separated,1
... < 100 DM,no credits taken/all credits paid back duly,car (new),... < 100 DM,... >= 7 years,4,none,3,car or other,none,2,skilled employee/official,2,yes,1-2 years,30-50,0,0,male,single,0
no checking account,existing credits paid back duly till now,radio/television,... < 100 DM,1 <= ... < 4 years,4,none,1,real estate,none,1,skilled employee/official,1,yes,1-2 years,19-30,0,1,female,divorced/separated/married,1
0 <= ... < 200 DM,delay in paying off in the past,radio/television,... < 100 DM,unemployed,3,none,2,building society savings agreement/life insurance,none,1,management/self-employed/highly qualified employee/officer,1,yes,2-3 years,30-50,0,0,female,divorced/separated/married,1
0 <= ... < 200 DM,existing credits paid back duly till now,domestic appliances,... < 100 DM,1 <= ... < 4 years,4,guarantor,2,real estate,none,1,skilled employee/official,1,no,<1 year,30-50,0,1,male,single,1
... < 100 DM,delay in paying off in the past,retraining,... < 100 DM,... < 1 year,2,none,1,building society savings agreement/life insurance,none,2,skilled employee/official,1,yes,1-2 years,19-30,0,0,male,single,1
no checking account,all credits at this bank paid back duly,car (used),unknown/no savings account,unemployed,4,none,1,real estate,bank,1,management/self-employed/highly qualified employee/officer,1,yes,2-3 years,50-70,1,0,female,divorced/separated/married,1
... < 100 DM,existing credits paid back duly till now,radio/television,... < 100 DM,1 <= ... < 4 years,2,none,1,car or other,none,1,skilled employee/official,1,yes,1-2 years,30-50,0,1,male,divorced/separated,1
... < 100 DM,critical account/other credits existing,domestic appliances,500 <= ... < 1000 DM,... >= 7 years,4,none,4,car or other,none,2,skilled employee/official,1,yes,<1 year,50-70,0,1,male,single,1
no checking account,existing credits paid back duly till now,domestic appliances,... < 100 DM,4 <= ... < 7 years,4,none,2,car or other,none,2,management/self-employed/highly qualified employee/officer,2,yes,1-2 years,30-50,0,1,male,single,0
... < 100 DM,critical account/other credits existing,car (new),... < 100 DM,... >= 7 years,4,none,4,real estate,none,2,skilled employee/official,1,yes,1-2 years,50-70,0,1,male,single,1
no checking account,delay in paying off in the past,others,... < 100 DM,... < 1 year,1,none,1,car or other,none,2,skilled employee/official,1,yes,3-4 years,19-30,1,0,male,divorced/separated,1
0 <= ... < 200 DM,delay in paying off in the past,others,... < 100 DM,1 <= ... < 4 years,2,none,2,real estate,stores,2,management/self-employed/highly qualified employee/officer,1,yes,3-4 years,30-50,1,0,male,divorced/separated,1
... < 100 DM,all credits at this bank paid back duly,car (new),unknown/no savings account,1 <= ... < 4 years,4,none,2,building society savings agreement/life insurance,none,2,unskilled - resident,2,yes,1-2 years,30-50,0,0,male,single,1
no checking account,critical account/other credits existing,radio/television,... >= 1000 DM,1 <= ... < 4 years,4,none,4,real estate,none,1,skilled employee/official,1,yes,2-3 years,50-70,0,1,male,single,1
0 <= ... < 200 DM,critical account/other credits existing,car (new),... < 100 DM,... >= 7 years,4,none,4,car or other,bank,1,skilled employee/official,2,yes,1-2 years,30-50,0,0,male,single,1
no checking account,critical account/other credits existing,domestic appliances,... < 100 DM,1 <= ... < 4 years,4,none,2,building society savings agreement/life insurance,none,2,skilled employee/official,1,yes,1-2 years,30-50,0,1,male,single,1
0 <= ... < 200 DM,all credits at this bank paid back duly,car (used),... < 100 DM,... >= 7 years,2,none,4,unknown/no property,bank,1,management/self-employed/highly qualified employee/officer,2,yes,<1 year,70-75,1,0,female,divorced/separated/married,0
0 <= ... < 200 DM,critical account/other credits existing,car (new),... < 100 DM,unemployed,2,none,3,car or other,none,3,unemployed/unskilled - non-resident,1,yes,1-2 years,50-70,0,1,male,single,0
... < 100 DM,existing credits paid back duly till now,domestic appliances,100 <= ... < 500 DM,4 <= ... < 7 years,4,none,1,building society savings agreement/life insurance,none,1,skilled employee/official,1,yes,1-2 years,19-30,0,0,male,married/widowed,1
0 <= ... < 200 DM,no credits taken/all credits paid back duly,radio/television,... < 100 DM,1 <= ... < 4 years,1,none,4,car or other,bank,2,skilled employee/official,1,yes,1-2 years,30-50,0,1,female,divorced/separated/married,1
no checking account,existing credits paid back duly till now,others,... >= 1000 DM,1 <= ... < 4 years,2,none,3,building society savings agreement/life insurance,none,3,management/self-employed/highly qualified employee/officer,1,yes,2-3 years,50-70,1,0,male,single,1
0 <= ... < 200 DM,no credits taken/all credits paid back duly,others,100 <= ... < 500 DM,4 <= ... < 7 years,4,none,4,unknown/no property,none,1,unskilled - resident,2,yes,>4 years,30-50,0,0,male,single,0
0 <= ... < 200 DM,existing credits paid back duly till now,others,... < 100 DM,1 <= ... < 4 years,4,none,2,car or other,none,1,skilled employee/official,2,yes,2-3 years,30-50,0,0,male,single,1
no checking account,existing credits paid back duly till now,domestic appliances,... < 100 DM,4 <= ... < 7 years,2,none,2,real estate,none,1,skilled employee/official,1,yes,<1 year,19-30,0,1,male,married/widowed,0
0 <= ... < 200 DM,existing credits paid back duly till now,domestic appliances,100 <= ... < 500 DM,1 <= ... < 4 years,4,guarantor,4,building society savings agreement/life insurance,none,1,skilled employee/official,1,yes,3-4 years,19-30,0,0,male,single,0
0 <= ... < 200 DM,critical account/other credits existing,retraining,... < 100 DM,... >= 7 years,2,none,3,car or other,none,2,management/self-employed/highly qualified employee/officer,1,yes,<1 year,30-50,0,0,female,divorced/separated/married,1
no checking account,critical account/other credits existing,domestic appliances,... < 100 DM,1 <= ... < 4 years,1,none,1,car or other,none,2,skilled employee/official,1,yes,<1 year,19-30,0,1,female,divorced/separated/married,1
0 <= ... < 200 DM,existing credits paid back duly till now,radio/television,100 <= ... < 500 DM,... < 1 year,4,none,4,car or other,bank,4,skilled employee/official,1,yes,1-2 years,19-30,0,0,female,divorced/separated/married,0
0 <= ... < 200 DM,existing credits paid back duly till now,car (used),unknown/no savings account,... >= 7 years,4,none,4,unknown/no property,bank,1,skilled employee/official,1,yes,2-3 years,30-50,0,1,male,single,0
0 <= ... < 200 DM,delay in paying off in the past,radio/television,... < 100 DM,... >= 7 years,4,none,3,unknown/no property,none,1,management/self-employed/highly qualified employee/officer,1,yes,1-2 years,30-50,1,0,male,divorced/separated,1
no checking account,critical account/other credits existing,retraining,500 <= ... < 1000 DM,... >= 7 years,4,none,2,car or other,none,2,skilled employee/official,1,yes,<1 year,50-70,0,1,male,single,1
... < 100 DM,existing credits paid back duly till now,car (new),... < 100 DM,1 <= ... < 4 years,4,none,3,real estate,none,1,unskilled - resident,1,yes,1-2 years,19-30,0,1,male,married/widowed,1
no checking account,delay in paying off in the past,others,... < 100 DM,4 <= ... < 7 years,3,none,4,car or other,none,2,skilled employee/official,1,yes,2-3 years,19-30,1,1,male,single,1
... < 100 DM,existing credits paid back duly till now,business,... < 100 DM,4 <= ... < 7 years,4,none,4,building society savings agreement/life insurance,none,1,skilled employee/official,1,yes,1-2 years,19-30,0,0,male,married/widowed,0
no checking account,critical account/other credits existing,car (new),... < 100 DM,... >= 7 years,4,none,1,real estate,none,2,unskilled - resident,2,yes,1-2 years,30-50,0,1,male,single,1
... < 100 DM,critical account/other credits existing,car (used),... < 100 DM,... >= 7 years,3,none,4,unknown/no property,none,3,management/self-employed/highly qualified employee/officer,2,yes,2-3 years,30-50,1,1,male,single,0
no checking account,critical account/other credits existing,radio/television,... < 100 DM,... >= 7 years,4,none,4,real estate,none,3,skilled employee/official,1,yes,1-2 years,30-50,0,1,male,single,1
0 <= ... < 200 DM,critical account/other credits existing,repairs,... < 100 DM,4 <= ... < 7 years,4,none,3,building society savings agreement/life insurance,none,1,skilled employee/official,1,yes,1-2 years,19-30,0,1,male,single,1
... < 100 DM,existing credits paid back duly till now,others,... < 100 DM,1 <= ... < 4 years,2,none,2,car or other,stores,1,unskilled - resident,1,yes,2-3 years,19-30,1,1,male,married/widowed,1
no checking account,existing credits paid back duly till now,car (used),... >= 1000 DM,4 <= ... < 7 years,3,none,2,building society savings agreement/life insurance,none,1,skilled employee/official,1,no,1-2 years,50-70,0,1,male,single,1
no checking account,critical account/other credits existing,domestic appliances,unknown/no savings account,1 <= ... < 4 years,1,none,2,real estate,none,2,skilled employee/official,2,yes,<1 year,30-50,0,1,male,single,1
no checking account,existing credits paid back duly till now,domestic appliances,unknown/no savings account,... >= 7 years,2,none,4,real estate,none,1,unskilled - resident,1,yes,3-4 years,30-50,0,1,female,divorced/separated/married,1
... < 100 DM,no credits taken/all credits paid back duly,others,... < 100 DM,unemployed,2,none,4,building society savings agreement/life insurance,stores,2,skilled employee/official,1,yes,2-3 years,50-70,1,0,male,single,1
... >= 200 DM / salary for at least 1 year,delay in paying off in the past,others,... < 100 DM,... >= 7 years,4,none,4,real estate,none,1,management/self-employed/highly qualified employee/officer,1,yes,2-3 years,50-70,0,0,male,single,1
no checking account,critical account/other credits existing,domestic appliances,unknown/no savings account,... >= 7 years,4,none,2,car or other,none,1,skilled employee/official,1,yes,3-4 years,50-70,0,1,male,single,1
0 <= ... < 200 DM,critical account/other credits existing,business,unknown/no savings account,4 <= ... < 7 years,1,none,3,building society savings agreement/life insurance,none,2,unskilled - resident,1,yes,<1 year,30-50,0,1,female,divorced/separated/married,1
... < 100 DM,no credits taken/all credits paid back duly,others,... < 100 DM,4 <= ... < 7 years,3,none,1,building society savings agreement/life insurance,bank,1,skilled employee/official,1,yes,1-2 years,30-50,0,1,male,single,1
... >= 200 DM / salary for at least 1 year,existing credits paid back duly till now,domestic appliances,... < 100 DM,1 <= ... < 4 years,2,none,2,real estate,none,1,skilled employee/official,1,yes,3-4 years,19-30,0,1,male,single,1
... < 100 DM,existing credits paid back duly till now,radio/television,... < 100 DM,1 <= ... < 4 years,2,none,2,real estate,none,1,unskilled - resident,1,yes,2-3 years,19-30,0,1,male,divorced/separated,0
no checking account,existing credits paid back duly till now,car (new),... < 100 DM,1 <= ... < 4 years,2,none,4,car or other,none,1,skilled employee/official,1,yes,<1 year,50-70,0,1,female,divorced/separated/married,1
0 <= ... < 200 DM,existing credits paid back duly till now,domestic appliances,... < 100 DM,... < 1 year,4,guarantor,1,real estate,bank,1,unskilled - resident,1,yes,1-2 years,19-30,0,1,male,married/widowed,1
... < 100 DM,existing credits paid back duly till now,retraining,unknown/no savings account,1 <= ... < 4 years,4,none,4,building society savings agreement/life insurance,bank,1,skilled employee/official,1,yes,1-2 years,19-30,0,1,female,divorced/separated/married,0
no checking account,existing credits paid back duly till now,domestic appliances,... < 100 DM,1 <= ... < 4 years,4,none,2,real estate,bank,2,skilled employee/official,1,yes,1-2 years,30-50,0,1,male,single,1
no checking account,delay in paying off in the past,others,unknown/no savings account,1 <= ... < 4 years,4,none,4,real estate,none,2,skilled employee/official,2,yes,2-3 years,30-50,0,1,male,single,1
no checking account,existing credits paid back duly till now,car (used),... < 100 DM,1 <= ... < 4 years,3,none,2,car or other,none,1,skilled employee/official,1,yes,1-2 years,30-50,1,1,male,single,1
no checking account,no credits taken/all credits paid back duly,education,... < 100 DM,1 <= ... < 4 years,4,none,2,car or other,none,2,skilled employee/official,1,yes,3-4 years,19-30,0,1,male,single,1
0 <= ... < 200 DM,existing credits paid back duly till now,domestic appliances,... >= 1000 DM,4 <= ... < 7 years,1,co-applicant,2,unknown/no property,bank,2,skilled employee/official,1,yes,>4 years,19-30,1,0,male,single,1
... < 100 DM,existing credits paid back duly till now,radio/television,... < 100 DM,... >= 7 years,4,none,4,unknown/no property,none,1,management/self-employed/highly qualified employee/officer,1,yes,1-2 years,50-70,1,0,male,single,0
no checking account,existing credits paid back duly till now,domestic appliances,... < 100 DM,4 <= ... < 7 years,4,none,2,car or other,none,1,skilled employee/official,1,yes,<1 year,19-30,0,0,male,single,1
... < 100 DM,existing credits paid back duly till now,radio/television,... < 100 DM,... < 1 year,4,none,1,unknown/no property,bank,1,skilled employee/official,1,yes,2-3 years,19-30,0,1,male,single,0
... >= 200 DM / salary for at least 1 year,existing credits paid back duly till now,domestic appliances,... < 100 DM,1 <= ... < 4 years,4,none,2,car or other,none,1,skilled employee/official,1,yes,3-4 years,19-30,1,0,male,single,1
no checking account,existing credits paid back duly till now,car (new),500 <= ... < 1000 DM,... >= 7 years,2,none,4,unknown/no property,none,1,unskilled - resident,1,yes,<1 year,50-70,0,1,male,single,0
no checking account,existing credits paid back duly till now,domestic appliances,100 <= ... < 500 DM,4 <= ... < 7 years,3,none,1,unknown/no property,none,1,skilled employee/official,1,yes,1-2 years,30-50,0,1,male,single,1
0 <= ... < 200 DM,existing credits paid back duly till now,domestic appliances,... < 100 DM,1 <= ... < 4 years,4,guarantor,2,real estate,none,1,unskilled - resident,1,yes,1-2 years,19-30,0,1,male,married/widowed,1
no checking account,critical account/other credits existing,domestic appliances,... < 100 DM,4 <= ... < 7 years,2,none,1,real estate,none,3,unskilled - resident,2,yes,<1 year,30-50,0,1,male,single,1
... < 100 DM,existing credits paid back duly till now,domestic appliances,... < 100 DM,unemployed,4,none,2,car or other,stores,1,management/self-employed/highly qualified employee/officer,2,yes,2-3 years,30-50,0,0,male,single,1
0 <= ... < 200 DM,existing credits paid back duly till now,car (new),unknown/no savings account,unemployed,1,none,2,building society savings agreement/life insurance,none,1,unemployed/unskilled - non-resident,1,yes,<1 year,19-30,1,0,male,single,1
0 <= ... < 200 DM,existing credits paid back duly till now,others,100 <= ... < 500 DM,... >= 7 years,4,none,2,car or other,bank,2,unskilled - resident,1,yes,1-2 years,50-70,0,0,male,divorced/separated,0
no checking account,critical account/other credits existing,domestic appliances,... < 100 DM,1 <= ... < 4 years,4,none,2,building society savings agreement/life insurance,none,2,skilled employee/official,1,yes,1-2 years,30-50,0,1,female,divorced/separated/married,1
... < 100 DM,existing credits paid back duly till now,domestic appliances,... < 100 DM,... >= 7 years,1,guarantor,3,building society savings agreement/life insurance,none,1,skilled employee/official,2,yes,2-3 years,30-50,0,1,male,single,1
... < 100 DM,existing credits paid back duly till now,car (new),unknown/no savings account,... >= 7 years,4,none,2,car or other,bank,1,skilled employee/official,1,yes,2-3 years,19-30,0,0,female,divorced/separated/married,1
no checking account,existing credits paid back duly till now,domestic appliances,... < 100 DM,4 <= ... < 7 years,3,none,2,building society savings agreement/life insurance,none,1,skilled employee/official,2,yes,<1 year,50-70,0,1,male,single,1
... < 100 DM,no credits taken/all credits paid back duly,car (used),... < 100 DM,... >= 7 years,3,none,4,unknown/no property,none,2,skilled employee/official,2,yes,>4 years,19-30,1,0,male,single,0
no checking account,critical account/other credits existing,others,... < 100 DM,1 <= ... < 4 years,3,none,2,real estate,none,2,skilled employee/official,1,yes,1-2 years,19-30,0,1,female,divorced/separated/married,1
no checking account,all credits at this bank paid back duly,business,500 <= ... < 1000 DM,1 <= ... < 4 years,4,none,3,real estate,none,1,unskilled - resident,2,yes,1-2 years,30-50,0,1,female,divorced/separated/married,1
no checking account,existing credits paid back duly till now,others,... < 100 DM,4 <= ... < 7 years,4,none,1,real estate,none,1,skilled employee/official,1,yes,2-3 years,19-30,0,1,male,single,1
no checking account,critical account/other credits existing,domestic appliances,... < 100 DM,... >= 7 years,4,none,4,real estate,none,3,skilled employee/official,1,yes,1-2 years,50-70,0,1,male,single,1
no checking account,no credits taken/all credits paid back duly,car (new),100 <= ... < 500 DM,1 <= ... < 4 years,4,none,1,unknown/no property,bank,1,skilled employee/official,1,no,<1 year,30-50,0,1,male,single,0
... >= 200 DM / salary for at least 1 year,existing credits paid back duly till now,radio/television,... < 100 DM,1 <= ... < 4 years,2,none,2,real estate,none,1,skilled employee/official,1,yes,2-3 years,19-30,0,1,male,single,1
no checking account,existing credits paid back duly till now,domestic appliances,... < 100 DM,unemployed,3,co-applicant,4,real estate,none,1,skilled employee/official,1,yes,1-2 years,19-30,0,0,female,divorced/separated/married,0
... < 100 DM,critical account/other credits existing,car (new),... >= 1000 DM,4 <= ... < 7 years,3,none,4,real estate,none,2,unskilled - resident,1,yes,<1 year,30-50,0,1,female,divorced/separated/married,1
... >= 200 DM / salary for at least 1 year,existing credits paid back duly till now,radio/television,... < 100 DM,1 <= ... < 4 years,1,none,2,car or other,none,1,unskilled - resident,1,yes,1-2 years,30-50,0,1,female,divorced/separated/married,1
0 <= ... < 200 DM,existing credits paid back duly till now,car (new),... < 100 DM,1 <= ... < 4 years,4,guarantor,2,unknown/no property,bank,1,skilled employee/official,1,yes,2-3 years,19-30,0,0,female,divorced/separated/married,1
no checking account,delay in paying off in the past,radio/television,100 <= ... < 500 DM,1 <= ... < 4 years,2,none,3,building society savings agreement/life insurance,none,2,skilled employee/official,1,yes,2-3 years,30-50,1,1,male,single,1
0 <= ... < 200 DM,existing credits paid back duly till now,radio/television,unknown/no savings account,4 <= ... < 7 years,2,none,1,car or other,none,1,skilled employee/official,1,yes,<1 year,19-30,0,1,male,single,1
0 <= ... < 200 DM,delay in paying off in the past,domestic appliances,unknown/no savings account,1 <= ... < 4 years,1,none,1,real estate,none,1,unskilled - resident,1,yes,>4 years,19-30,1,1,male,single,1
no checking account,critical account/other credits existing,domestic appliances,... < 100 DM,1 <= ... < 4 years,4,none,2,real estate,none,2,unskilled - resident,1,yes,2-3 years,30-50,0,1,male,single,1
... < 100 DM,all credits at this bank paid back duly,domestic appliances,... < 100 DM,1 <= ... < 4 years,4,none,1,unknown/no property,none,1,skilled employee/official,1,yes,1-2 years,19-30,0,0,male,divorced/separated,0
no checking account,existing credits paid back duly till now,car (used),100 <= ... < 500 DM,... < 1 year,1,none,4,car or other,none,1,skilled employee/official,1,yes,1-2 years,19-30,0,1,female,divorced/separated/married,1
no checking account,critical account/other credits existing,domestic appliances,100 <= ... < 500 DM,unemployed,4,none,4,real estate,none,3,unskilled - resident,1,yes,<1 year,50-70,0,1,female,divorced/separated/married,1
... < 100 DM,existing credits paid back duly till now,radio/television,... < 100 DM,1 <= ... < 4 years,2,none,2,real estate,none,1,skilled employee/official,1,yes,1-2 years,19-30,0,1,male,single,1
... < 100 DM,existing credits paid back duly till now,domestic appliances,... < 100 DM,... >= 7 years,4,none,4,car or other,none,1,skilled employee/official,1,yes,2-3 years,50-70,0,1,female,divorced/separated/married,1
... < 100 DM,critical account/other credits existing,car (new),... < 100 DM,... >= 7 years,2,none,4,unknown/no property,none,3,management/self-employed/highly qualified employee/officer,1,yes,1-2 years,30-50,1,1,male,single,0
no checking account,critical account/other credits existing,retraining,... < 100 DM,... >= 7 years,2,none,4,unknown/no property,bank,3,unskilled - resident,1,yes,1-2 years,50-70,0,1,female,divorced/separated/married,0
no checking account,critical account/other credits existing,car (new),... < 100 DM,... >= 7 years,3,none,4,real estate,none,2,unskilled - resident,2,no,<1 year,30-50,0,1,male,single,1
0 <= ... < 200 DM,existing credits paid back duly till now,domestic appliances,... < 100 DM,... >= 7 years,4,none,3,car or other,none,1,skilled employee/official,2,yes,1-2 years,30-50,0,0,male,single,1
no checking account,critical account/other credits existing,others,unknown/no savings account,... >= 7 years,4,none,4,real estate,none,2,skilled employee/official,1,yes,3-4 years,30-50,1,1,male,single,1
no checking account,existing credits paid back duly till now,domestic appliances,... < 100 DM,... < 1 year,4,none,3,car or other,stores,1,skilled employee/official,1,yes,2-3 years,30-50,0,1,female,divorced/separated/married,1
... < 100 DM,existing credits paid back duly till now,car (new),... < 100 DM,... >= 7 years,1,none,4,building society savings agreement/life insurance,none,1,management/self-employed/highly qualified employee/officer,1,no,1-2 years,30-50,1,0,male,divorced/separated,1
no checking account,existing credits paid back duly till now,domestic appliances,unknown/no savings account,... >= 7 years,4,none,2,car or other,none,2,skilled employee/official,1,yes,2-3 years,19-30,0,1,male,single,1
no checking account,existing credits paid back duly till now,car (new),unknown/no savings account,4 <= ... < 7 years,4,none,3,building society savings agreement/life insurance,none,1,skilled employee/official,1,no,1-2 years,30-50,0,1,male,single,1
no checking account,critical account/other credits existing,radio/television,500 <= ... < 1000 DM,4 <= ... < 7 years,3,none,4,car or other,none,1,skilled employee/official,1,yes,1-2 years,30-50,0,1,female,divorced/separated/married,0
0 <= ... < 200 DM,all credits at this bank paid back duly,car (new),unknown/no savings account,unemployed,4,co-applicant,4,unknown/no property,none,1,management/self-employed/highly qualified employee/officer,1,yes,>4 years,30-50,1,1,male,single,0
0 <= ... < 200 DM,existing credits paid back duly till now,domestic appliances,... < 100 DM,4 <= ... < 7 years,4,none,4,real estate,none,2,skilled employee/official,1,yes,>4 years,19-30,0,0,male,single,1
... < 100 DM,existing credits paid back duly till now,education,... < 100 DM,... < 1 year,1,none,1,unknown/no property,none,1,unskilled - resident,1,yes,2-3 years,30-50,1,0,male,divorced/separated,1
no checking account,existing credits paid back duly till now,domestic appliances,... < 100 DM,1 <= ... < 4 years,1,none,2,real estate,none,1,skilled employee/official,2,yes,<1 year,30-50,0,1,male,single,1
no checking account,critical account/other credits existing,domestic appliances,... < 100 DM,1 <= ... < 4 years,2,none,2,car or other,none,2,skilled employee/official,1,yes,1-2 years,19-30,0,1,female,divorced/separated/married,1
... < 100 DM,existing credits paid back duly till now,radio/television,unknown/no savings account,... >= 7 years,2,none,4,building society savings agreement/life insurance,none,1,unskilled - resident,1,yes,1-2 years,30-50,0,1,male,divorced/separated,1
no checking account,existing credits paid back duly till now,radio/television,... < 100 DM,... < 1 year,1,none,4,building society savings agreement/life insurance,none,1,skilled employee/official,1,yes,<1 year,30-50,1,0,female,divorced/separated/married,1
no checking account,existing credits paid back duly till now,domestic appliances,100 <= ... < 500 DM,1 <= ... < 4 years,4,none,4,car or other,none,1,management/self-employed/highly qualified employee/officer,1,yes,2-3 years,19-30,0,1,male,single,0
no checking account,critical account/other credits existing,car (used),... >= 1000 DM,... >= 7 years,3,none,4,unknown/no property,none,2,skilled employee/official,1,yes,1-2 years,19-30,0,1,male,single,0
no checking account,existing credits paid back duly till now,radio/television,... < 100 DM,1 <= ... < 4 years,4,none,2,real estate,none,1,skilled employee/official,1,yes,1-2 years,50-70,0,1,male,single,1
... >= 200 DM / salary for at least 1 year,all credits at this bank paid back duly,domestic appliances,unknown/no savings account,4 <= ... < 7 years,4,none,4,car or other,bank,1,unskilled - resident,1,yes,1-2 years,30-50,0,1,male,single,1
no checking account,critical account/other credits existing,radio/television,unknown/no savings account,... >= 7 years,4,none,4,building society savings agreement/life insurance,none,1,skilled employee/official,1,yes,1-2 years,50-70,0,1,male,single,1
0 <= ... < 200 DM,critical account/other credits existing,car (new),100 <= ... < 500 DM,... < 1 year,4,none,2,car or other,none,1,skilled employee/official,1,yes,2-3 years,30-50,0,1,male,divorced/separated,1
... < 100 DM,existing credits paid back duly till now,car (new),... < 100 DM,... < 1 year,1,none,1,real estate,none,1,unskilled - resident,1,yes,3-4 years,30-50,1,1,female,divorced/separated/married,1
... < 100 DM,existing credits paid back duly till now,car (used),... < 100 DM,4 <= ... < 7 years,4,none,3,building society savings agreement/life insurance,none,1,skilled employee/official,2,yes,>4 years,19-30,1,1,male,single,1
0 <= ... < 200 DM,delay in paying off in the past,furniture/equipment,100 <= ... < 500 DM,unemployed,2,none,4,unknown/no property,none,1,management/self-employed/highly qualified employee/officer,1,yes,>4 years,30-50,1,1,male,single,0
0 <= ... < 200 DM,existing credits paid back duly till now,domestic appliances,... < 100 DM,1 <= ... < 4 years,4,guarantor,4,real estate,none,2,skilled employee/official,1,yes,1-2 years,30-50,0,1,female,divorced/separated/married,1
... < 100 DM,delay in paying off in the past,domestic appliances,... < 100 DM,... < 1 year,4,none,4,real estate,stores,1,skilled employee/official,1,yes,2-3 years,30-50,0,0,male,married/widowed,1
no checking account,existing credits paid back duly till now,others,... < 100 DM,1 <= ... < 4 years,2,none,2,real estate,none,1,skilled employee/official,1,no,1-2 years,19-30,0,1,male,married/widowed,1
0 <= ... < 200 DM,existing credits paid back duly till now,car (used),... < 100 DM,... < 1 year,1,none,4,car or other,none,1,management/self-employed/highly qualified employee/officer,1,yes,3-4 years,19-30,1,0,male,married/widowed,0
... < 100 DM,critical account/other credits existing,car (used),... < 100 DM,... >= 7 years,2,none,4,unknown/no property,none,2,management/self-employed/highly qualified employee/officer,2,yes,2-3 years,30-50,1,1,female,divorced/separated/married,0
... >= 200 DM / salary for at least 1 year,critical account/other credits existing,car (used),... < 100 DM,... >= 7 years,4,none,4,unknown/no property,none,1,skilled employee/official,1,yes,3-4 years,50-70,1,1,male,single,0
no checking account,critical account/other credits existing,others,unknown/no savings account,... >= 7 years,4,none,2,car or other,bank,2,management/self-employed/highly qualified employee/officer,2,yes,>4 years,30-50,1,1,male,divorced/separated,1
0 <= ... < 200 DM,existing credits paid back duly till now,radio/television,... < 100 DM,... < 1 year,1,none,2,car or other,none,1,skilled employee/official,1,yes,>4 years,19-30,1,0,female,divorced/separated/married,1
no checking account,existing credits paid back duly till now,car (used),unknown/no savings account,... < 1 year,1,none,4,car or other,none,1,skilled employee/official,1,yes,1-2 years,19-30,1,1,female,divorced/separated/married,0
no checking account,existing credits paid back duly till now,car (new),unknown/no savings account,... >= 7 years,4,co-applicant,2,building society savings agreement/life insurance,none,1,unskilled - resident,1,no,<1 year,30-50,0,1,male,single,1
no checking account,existing credits paid back duly till now,radio/television,... < 100 DM,1 <= ... < 4 years,3,none,4,real estate,none,1,skilled employee/official,1,yes,1-2 years,30-50,0,1,male,single,1
0 <= ... < 200 DM,critical account/other credits existing,radio/television,... >= 1000 DM,4 <= ... < 7 years,3,none,2,car or other,none,2,skilled employee/official,1,yes,1-2 years,30-50,0,1,male,single,1
no checking account,existing credits paid back duly till now,car (new),... < 100 DM,unemployed,1,none,4,real estate,none,1,unemployed/unskilled - non-resident,1,yes,<1 year,50-70,0,1,female,divorced/separated/married,1
0 <= ... < 200 DM,no credits taken/all credits paid back duly,domestic appliances,... < 100 DM,1 <= ... < 4 years,4,none,1,car or other,none,1,skilled employee/official,1,yes,3-4 years,30-50,0,0,female,divorced/separated/married,1
... >= 200 DM / salary for at least 1 year,critical account/other credits existing,car (new),unknown/no savings account,4 <= ... < 7 years,4,none,2,real estate,bank,2,unskilled - resident,2,yes,2-3 years,30-50,0,0,male,single,1
... < 100 DM,critical account/other credits existing,car (new),... < 100 DM,4 <= ... < 7 years,4,co-applicant,3,building society savings agreement/life insurance,none,2,skilled employee/official,1,yes,<1 year,30-50,0,1,male,single,1
no checking account,critical account/other credits existing,car (new),500 <= ... < 1000 DM,1 <= ... < 4 years,2,none,2,unknown/no property,bank,1,skilled employee/official,1,yes,>4 years,30-50,1,0,male,single,0
no checking account,existing credits paid back duly till now,radio/television,... >= 1000 DM,1 <= ... < 4 years,4,none,2,real estate,none,1,skilled employee/official,1,yes,<1 year,30-50,0,1,male,divorced/separated,1
no checking account,existing credits paid back duly till now,car (used),unknown/no savings account,4 <= ... < 7 years,2,none,4,building society savings agreement/life insurance,stores,1,unskilled - resident,1,yes,2-3 years,19-30,1,1,female,divorced/separated/married,0
... < 100 DM,existing credits paid back duly till now,domestic appliances,100 <= ... < 500 DM,... < 1 year,4,none,3,unknown/no property,none,1,unskilled - resident,1,yes,1-2 years,30-50,0,0,male,married/widowed,1
0 <= ... < 200 DM,existing credits paid back duly till now,radio/television,... < 100 DM,1 <= ... < 4 years,3,none,4,real estate,none,1,skilled employee/official,1,yes,<1 year,19-30,0,0,female,divorced/separated/married,1
0 <= ... < 200 DM,existing credits paid back duly till now,car (new),... < 100 DM,1 <= ... < 4 years,4,none,4,real estate,none,1,unskilled - resident,1,yes,<1 year,19-30,0,1,male,married/widowed,0
0 <= ... < 200 DM,existing credits paid back duly till now,furniture/equipment,unknown/no savings account,unemployed,3,none,4,unknown/no property,bank,1,unemployed/unskilled - non-resident,1,yes,>4 years,30-50,1,1,male,single,0
no checking account,existing credits paid back duly till now,radio/television,100 <= ... < 500 DM,1 <= ... < 4 years,4,none,1,car or other,stores,1,skilled employee/official,1,yes,2-3 years,19-30,1,1,male,single,1
... >= 200 DM / salary for at least 1 year,existing credits paid back duly till now,radio/television,... < 100 DM,... < 1 year,2,none,4,car or other,none,1,skilled employee/official,1,yes,2-3 years,19-30,0,1,female,divorced/separated/married,1
0 <= ... < 200 DM,existing credits paid back duly till now,car (new),... < 100 DM,4 <= ... < 7 years,2,none,3,car or other,bank,1,unskilled - resident,1,yes,1-2 years,19-30,0,0,male,married/widowed,1
... >= 200 DM / salary for at least 1 year,existing credits paid back duly till now,car (new),unknown/no savings account,... < 1 year,1,none,2,real estate,none,1,unskilled - resident,2,no,<1 year,19-30,0,1,male,single,1
... < 100 DM,all credits at this bank paid back duly,radio/television,... < 100 DM,... >= 7 years,4,none,4,car or other,bank,1,skilled employee/official,1,yes,3-4 years,30-50,0,0,male,single,1
... < 100 DM,existing credits paid back duly till now,radio/television,... < 100 DM,1 <= ... < 4 years,2,guarantor,3,building society savings agreement/life insurance,none,1,unskilled - resident,2,yes,1-2 years,30-50,0,1,male,single,1
0 <= ... < 200 DM,existing credits paid back duly till now,radio/television,unknown/no savings account,1 <= ... < 4 years,1,none,4,building society savings agreement/life insurance,none,1,unskilled - resident,1,yes,2-3 years,30-50,1,1,female,divorced/separated/married,1
no checking account,critical account/other credits existing,retraining,... < 100 DM,1 <= ... < 4 years,4,none,2,car or other,none,2,skilled employee/official,1,yes,1-2 years,30-50,0,1,male,single,1
... < 100 DM,delay in paying off in the past,radio/television,... < 100 DM,... >= 7 years,1,none,4,building society savings agreement/life insurance,none,2,unskilled - resident,1,yes,1-2 years,19-30,0,1,female,divorced/separated/married,1
0 <= ... < 200 DM,critical account/other credits existing,car (new),... < 100 DM,unemployed,4,none,2,car or other,none,2,management/self-employed/highly qualified employee/officer,1,yes,2-3 years,19-30,1,0,male,married/widowed,1
... < 100 DM,existing credits paid back duly till now,domestic appliances,... < 100 DM,... < 1 year,4,none,3,building society savings agreement/life insurance,none,1,skilled employee/official,1,yes,2-3 years,30-50,0,0,male,divorced/separated,1
... < 100 DM,existing credits paid back duly till now,car (used),... < 100 DM,4 <= ... < 7 years,2,none,1,unknown/no property,none,1,management/self-employed/highly qualified employee/officer,1,yes,2-3 years,30-50,0,1,male,single,0
... < 100 DM,existing credits paid back duly till now,radio/television,... >= 1000 DM,1 <= ... < 4 years,4,none,2,car or other,none,1,skilled employee/official,1,yes,1-2 years,19-30,0,1,male,single,1
no checking account,critical account/other credits existing,car (new),... < 100 DM,1 <= ... < 4 years,4,none,3,real estate,none,2,skilled employee/official,1,yes,1-2 years,30-50,0,1,female,divorced/separated/married,1
... < 100 DM,critical account/other credits existing,car (new),... < 100 DM,4 <= ... < 7 years,1,none,4,real estate,none,2,unskilled - resident,1,no,<1 year,30-50,0,1,male,single,1
no checking account,critical account/other credits existing,radio/television,unknown/no savings account,... >= 7 years,2,none,4,building society savings agreement/life insurance,none,1,skilled employee/official,1,yes,1-2 years,30-50,1,1,male,single,0
no checking account,existing credits paid back duly till now,car (new),... >= 1000 DM,4 <= ... < 7 years,4,none,3,car or other,none,1,skilled employee/official,2,yes,2-3 years,30-50,0,1,female,divorced/separated/married,1
... >= 200 DM / salary for at least 1 year,existing credits paid back duly till now,domestic appliances,... < 100 DM,... >= 7 years,4,none,2,car or other,none,1,skilled employee/official,1,yes,3-4 years,30-50,1,1,male,single,1
0 <= ... < 200 DM,existing credits paid back duly till now,domestic appliances,... < 100 DM,... >= 7 years,4,none,4,car or other,none,1,skilled employee/official,2,yes,<1 year,19-30,0,1,male,single,1
... < 100 DM,critical account/other credits existing,car (used),... < 100 DM,unemployed,2,none,4,unknown/no property,none,2,management/self-employed/highly qualified employee/officer,1,yes,2-3 years,,1,1,male,single,0
no checking account,critical account/other credits existing,retraining,100 <= ... < 500 DM,1 <= ... < 4 years,4,none,2,real estate,none,2,skilled employee/official,1,yes,1-2 years,30-50,0,0,female,divorced/separated/married,1
0 <= ... < 200 DM,existing credits paid back duly till now,car (new),100 <= ... < 500 DM,... < 1 year,4,none,2,building society savings agreement/life insurance,none,1,management/self-employed/highly qualified employee/officer,1,yes,>4 years,19-30,1,0,female,divorced/separated/married,1
no checking account,critical account/other credits existing,car (used),100 <= ... < 500 DM,1 <= ... < 4 years,2,none,4,car or other,bank,2,unskilled - resident,1,yes,>4 years,19-30,1,0,female,divorced/separated/married,0
... < 100 DM,no credits taken/all credits paid back duly,radio/television,... < 100 DM,... >= 7 years,3,none,4,unknown/no property,bank,2,skilled employee/official,2,yes,2-3 years,19-30,1,0,male,single,0
... < 100 DM,critical account/other credits existing,radio/television,... < 100 DM,1 <= ... < 4 years,1,none,4,real estate,none,1,management/self-employed/highly qualified employee/officer,1,yes,<1 year,30-50,0,0,male,divorced/separated,0
0 <= ... < 200 DM,existing credits paid back duly till now,domestic appliances,... < 100 DM,... < 1 year,2,guarantor,4,building society savings agreement/life insurance,none,1,unskilled - resident,1,yes,1-2 years,19-30,0,1,female,divorced/separated/married,1
... < 100 DM,existing credits paid back duly till now,repairs,unknown/no savings account,1 <= ... < 4 years,4,none,2,car or other,none,1,skilled employee/official,1,yes,1-2 years,19-30,0,0,female,divorced/separated/married,0
... < 100 DM,existing credits paid back duly till now,radio/television,... < 100 DM,1 <= ... < 4 years,4,none,4,building society savings agreement/life insurance,none,1,skilled employee/official,1,yes,2-3 years,19-30,1,1,male,single,1
0 <= ... < 200 DM,existing credits paid back duly till now,radio/television,... < 100 DM,1 <= ... < 4 years,4,none,2,car or other,none,1,unskilled - resident,1,yes,<1 year,30-50,0,1,male,divorced/separated,1
0 <= ... < 200 DM,critical account/other credits existing,retraining,... < 100 DM,... < 1 year,2,none,4,unknown/no property,none,2,skilled employee/official,1,yes,2-3 years,19-30,1,1,female,divorced/separated/married,0
... < 100 DM,existing credits paid back duly till now,radio/television,... < 100 DM,4 <= ... < 7 years,1,none,4,car or other,none,1,unskilled - resident,1,yes,1-2 years,19-30,0,1,female,divorced/separated/married,0
0 <= ... < 200 DM,existing credits paid back duly till now,domestic appliances,500 <= ... < 1000 DM,... < 1 year,1,none,3,real estate,none,1,skilled employee/official,1,yes,1-2 years,19-30,0,1,male,married/widowed,0
0 <= ... < 200 DM,existing credits paid back duly till now,others,... < 100 DM,... >= 7 years,1,co-applicant,1,real estate,bank,1,management/self-employed/highly qualified employee/officer,1,yes,1-2 years,30-50,1,1,male,single,1
... >= 200 DM / salary for at least 1 year,existing credits paid back duly till now,car (new),... < 100 DM,... < 1 year,1,guarantor,1,building society savings agreement/life insurance,none,1,unskilled - resident,2,yes,<1 year,30-50,0,1,male,single,1
no checking account,critical account/other credits existing,domestic appliances,... < 100 DM,1 <= ... < 4 years,4,none,2,car or other,none,1,unskilled - resident,1,yes,1-2 years,30-50,0,1,female,divorced/separated/married,1
0 <= ... < 200 DM,critical account/other credits existing,domestic appliances,... < 100 DM,... < 1 year,4,guarantor,4,real estate,none,2,skilled employee/official,1,yes,1-2 years,19-30,0,1,male,single,1
0 <= ... < 200 DM,existing credits paid back duly till now,domestic appliances,500 <= ... < 1000 DM,unemployed,1,none,4,unknown/no property,none,1,unemployed/unskilled - non-resident,1,yes,2-3 years,19-30,0,1,female,divorced/separated/married,0
no checking account,delay in paying off in the past,others,100 <= ... < 500 DM,1 <= ... < 4 years,1,none,2,real estate,none,2,unskilled - resident,1,yes,<1 year,30-50,0,1,male,single,1
0 <= ... < 200 DM,critical account/other credits existing,retraining,... >= 1000 DM,... >= 7 years,4,none,3,unknown/no property,none,2,skilled employee/official,2,yes,<1 year,30-50,0,0,male,single,0
no checking account,existing credits paid back duly till now,repairs,... < 100 DM,... < 1 year,1,none,4,real estate,none,1,skilled employee/official,1,yes,<1 year,19-30,0,1,female,divorced/separated/married,0
0 <= ... < 200 DM,existing credits paid back duly till now,radio/television,... < 100 DM,1 <= ... < 4 years,1,none,2,car or other,none,1,skilled employee/official,1,no,<1 year,19-30,0,0,female,divorced/separated/married,1
no checking account,critical account/other credits existing,car (used),unknown/no savings account,unemployed,2,none,4,unknown/no property,none,1,management/self-employed/highly qualified employee/officer,1,yes,1-2 years,30-50,0,1,male,single,1
... < 100 DM,no credits taken/all credits paid back duly,domestic appliances,... < 100 DM,1 <= ... < 4 years,4,none,2,building society savings agreement/life insurance,none,2,skilled employee/official,1,yes,1-2 years,19-30,1,0,male,single,0
no checking account,existing credits paid back duly till now,retraining,500 <= ... < 1000 DM,... >= 7 years,4,none,4,unknown/no property,none,1,skilled employee/official,1,yes,<1 year,30-50,0,1,male,single,0
0 <= ... < 200 DM,existing credits paid back duly till now,car (new),... < 100 DM,... < 1 year,4,none,2,real estate,stores,1,unskilled - resident,1,yes,2-3 years,19-30,0,0,male,single,1
no checking account,critical account/other credits existing,domestic appliances,unknown/no savings account,... >= 7 years,1,co-applicant,4,real estate,none,1,skilled employee/official,1,yes,1-2 years,30-50,0,1,male,single,1
no checking account,delay in paying off in the past,domestic appliances,... < 100 DM,1 <= ... < 4 years,4,none,2,car or other,none,2,management/self-employed/highly qualified employee/officer,1,yes,3-4 years,19-30,1,0,male,single,1
no checking account,existing credits paid back duly till now,domestic appliances,... < 100 DM,1 <= ... < 4 years,4,none,2,real estate,none,1,skilled employee/official,1,yes,1-2 years,19-30,0,1,male,married/widowed,1
... < 100 DM,existing credits paid back duly till now,radio/television,... < 100 DM,4 <= ... < 7 years,4,none,4,real estate,none,1,skilled employee/official,1,yes,2-3 years,19-30,0,0,female,divorced/separated/married,0
0 <= ... < 200 DM,existing credits paid back duly till now,retraining,unknown/no savings account,1 <= ... < 4 years,4,none,4,unknown/no property,none,1,skilled employee/official,1,yes,1-2 years,50-70,0,1,male,single,0
... >= 200 DM / salary for at least 1 year,existing credits paid back duly till now,domestic appliances,unknown/no savings account,... >= 7 years,2,none,3,car or other,none,1,management/self-employed/highly qualified employee/officer,1,yes,1-2 years,30-50,0,1,male,single,1
... >= 200 DM / salary for at least 1 year,delay in paying off in the past,car (new),... < 100 DM,1 <= ... < 4 years,2,none,2,car or other,stores,2,skilled employee/official,1,yes,1-2 years,30-50,0,1,female,divorced/separated/married,1
no checking account,existing credits paid back duly till now,radio/television,... < 100 DM,1 <= ... < 4 years,1,none,2,building society savings agreement/life insurance,none,1,skilled employee/official,1,yes,<1 year,19-30,0,1,male,married/widowed,0
... < 100 DM,existing credits paid back duly till now,radio/television,... < 100 DM,unemployed,4,none,1,car or other,none,1,unemployed/unskilled - non-resident,1,yes,1-2 years,19-30,0,0,male,single,1
no checking account,existing credits paid back duly till now,others,... < 100 DM,4 <= ... < 7 years,2,none,4,car or other,none,1,skilled employee/official,1,yes,1-2 years,30-50,0,1,male,single,1
no checking account,critical account/other credits existing,car (used),... < 100 DM,4 <= ... < 7 years,3,none,1,car or other,none,2,skilled employee/official,1,yes,1-2 years,19-30,0,1,male,single,1
... < 100 DM,existing credits paid back duly till now,radio/television,... < 100 DM,... < 1 year,1,none,4,car or other,none,1,skilled employee/official,1,yes,1-2 years,19-30,0,1,female,divorced/separated/married,0
... < 100 DM,existing credits paid back duly till now,radio/television,... < 100 DM,... >= 7 years,4,none,2,car or other,none,1,skilled employee/official,2,yes,3-4 years,30-50,0,0,male,single,1
0 <= ... < 200 DM,existing credits paid back duly till now,radio/television,... < 100 DM,4 <= ... < 7 years,2,none,4,real estate,none,1,skilled employee/official,1,yes,1-2 years,30-50,0,1,female,divorced/separated/married,0
no checking account,existing credits paid back duly till now,car (new),unknown/no savings account,1 <= ... < 4 years,4,none,4,real estate,none,1,skilled employee/official,1,yes,3-4 years,30-50,0,1,male,single,1
no checking account,critical account/other credits existing,domestic appliances,... < 100 DM,... >= 7 years,3,none,4,car or other,none,2,skilled employee/official,1,yes,1-2 years,30-50,1,1,male,single,1
no checking account,critical account/other credits existing,radio/television,... < 100 DM,... < 1 year,1,none,3,real estate,none,2,skilled employee/official,1,yes,<1 year,19-30,0,1,female,divorced/separated/married,0
no checking account,critical account/other credits existing,car (new),unknown/no savings account,... >= 7 years,2,none,4,unknown/no property,bank,1,management/self-employed/highly qualified employee/officer,1,yes,>4 years,50-70,1,1,male,single,0
0 <= ... < 200 DM,all credits at this bank paid back duly,furniture/equipment,100 <= ... < 500 DM,... >= 7 years,3,none,4,unknown/no property,bank,2,management/self-employed/highly qualified employee/officer,1,yes,>4 years,50-70,1,0,female,divorced/separated/married,0
... < 100 DM,all credits at this bank paid back duly,others,... < 100 DM,4 <= ... < 7 years,2,guarantor,4,car or other,none,1,skilled employee/official,1,yes,>4 years,30-50,1,0,female,divorced/separated/married,0
no checking account,delay in paying off in the past,domestic appliances,... < 100 DM,unemployed,2,none,3,real estate,none,2,skilled employee/official,1,yes,1-2 years,30-50,0,1,male,married/widowed,1
no checking account,delay in paying off in the past,domestic appliances,unknown/no savings account,... >= 7 years,3,none,4,unknown/no property,none,1,skilled employee/official,1,yes,<1 year,30-50,0,1,male,single,0
0 <= ... < 200 DM,existing credits paid back duly till now,car (new),... < 100 DM,... >= 7 years,4,none,2,unknown/no property,none,1,management/self-employed/highly qualified employee/officer,1,yes,3-4 years,50-70,1,0,male,single,0
no checking account,critical account/other credits existing,car (new),100 <= ... < 500 DM,1 <= ... < 4 years,4,none,4,car or other,none,2,unskilled - resident,1,yes,<1 year,50-70,0,1,female,divorced/separated/married,1
... < 100 DM,existing credits paid back duly till now,radio/television,unknown/no savings account,4 <= ... < 7 years,4,none,4,car or other,none,1,skilled employee/official,1,yes,1-2 years,30-50,0,1,male,single,1
0 <= ... < 200 DM,existing credits paid back duly till now,car (used),... < 100 DM,unemployed,3,none,4,unknown/no property,none,1,management/self-employed/highly qualified employee/officer,1,yes,1-2 years,30-50,1,0,female,divorced/separated/married,0
no checking account,existing credits paid back duly till now,car (new),unknown/no savings account,4 <= ... < 7 years,4,none,4,building society savings agreement/life insurance,none,1,skilled employee/official,1,yes,1-2 years,19-30,0,1,female,divorced/separated/married,0
... >= 200 DM / salary for at least 1 year,existing credits paid back duly till now,car (new),... < 100 DM,... < 1 year,4,none,1,real estate,none,1,skilled employee/official,1,yes,1-2 years,19-30,0,1,male,single,1
no checking account,delay in paying off in the past,others,100 <= ... < 500 DM,1 <= ... < 4 years,2,none,2,building society savings agreement/life insurance,none,2,unskilled - resident,1,yes,2-3 years,19-30,1,1,male,single,1
no checking account,critical account/other credits existing,domestic appliances,... < 100 DM,1 <= ... < 4 years,2,none,1,car or other,none,2,skilled employee/official,1,yes,1-2 years,19-30,0,1,female,divorced/separated/married,1
no checking account,existing credits paid back duly till now,domestic appliances,unknown/no savings account,... < 1 year,4,none,2,real estate,none,1,skilled employee/official,1,yes,1-2 years,19-30,0,1,female,divorced/separated/married,0
0 <= ... < 200 DM,critical account/other credits existing,radio/television,... < 100 DM,unemployed,4,none,4,building society savings agreement/life insurance,stores,2,management/self-employed/highly qualified employee/officer,1,yes,1-2 years,30-50,1,1,male,single,1
0 <= ... < 200 DM,critical account/other credits existing,others,500 <= ... < 1000 DM,1 <= ... < 4 years,2,none,4,car or other,bank,1,skilled employee/official,1,yes,1-2 years,19-30,0,1,male,single,1
no checking account,existing credits paid back duly till now,others,... < 100 DM,4 <= ... < 7 years,3,none,2,car or other,none,2,skilled employee/official,1,yes,<1 year,19-30,0,1,female,divorced/separated/married,1
no checking account,existing credits paid back duly till now,car (new),... < 100 DM,1 <= ... < 4 years,2,none,2,building society savings agreement/life insurance,none,1,management/self-employed/highly qualified employee/officer,1,yes,1-2 years,30-50,0,1,male,married/widowed,1
0 <= ... < 200 DM,existing credits paid back duly till now,radio/television,... >= 1000 DM,... < 1 year,1,none,4,real estate,none,1,unskilled - resident,1,yes,1-2 years,19-30,0,1,female,divorced/separated/married,0
... < 100 DM,existing credits paid back duly till now,car (new),... < 100 DM,4 <= ... < 7 years,2,none,4,unknown/no property,bank,1,management/self-employed/highly qualified employee/officer,2,yes,3-4 years,30-50,0,1,male,single,0
... < 100 DM,critical account/other credits existing,domestic appliances,... < 100 DM,4 <= ... < 7 years,1,none,4,car or other,none,1,skilled employee/official,1,yes,<1 year,30-50,0,1,female,divorced/separated/married,1
no checking account,critical account/other credits existing,radio/television,... < 100 DM,unemployed,2,none,3,car or other,none,1,management/self-employed/highly qualified employee/officer,1,yes,<1 year,30-50,0,1,male,single,1
0 <= ... < 200 DM,delay in paying off in the past,retraining,100 <= ... < 500 DM,4 <= ... < 7 years,2,none,3,unknown/no property,none,1,skilled employee/official,1,yes,3-4 years,30-50,1,1,male,single,0
... < 100 DM,existing credits paid back duly till now,radio/television,... < 100 DM,unemployed,3,none,4,unknown/no property,none,1,management/self-employed/highly qualified employee/officer,1,yes,1-2 years,50-70,0,1,female,divorced/separated/married,0
... < 100 DM,critical account/other credits existing,radio/television,... < 100 DM,1 <= ... < 4 years,3,none,2,building society savings agreement/life insurance,none,2,skilled employee/official,1,yes,3-4 years,30-50,0,1,male,married/widowed,1
0 <= ... < 200 DM,existing credits paid back duly till now,car (new),... < 100 DM,... >= 7 years,1,none,1,real estate,none,2,skilled employee/official,1,yes,1-2 years,30-50,0,0,male,divorced/separated,0
no checking account,critical account/other credits existing,domestic appliances,... >= 1000 DM,1 <= ... < 4 years,4,none,1,real estate,none,2,unskilled - resident,1,yes,2-3 years,30-50,0,1,female,divorced/separated/married,1
no checking account,existing credits paid back duly till now,domestic appliances,... < 100 DM,... < 1 year,3,none,4,real estate,none,1,skilled employee/official,1,yes,1-2 years,30-50,0,1,male,married/widowed,1
0 <= ... < 200 DM,critical account/other credits existing,others,unknown/no savings account,1 <= ... < 4 years,4,none,4,real estate,bank,2,skilled employee/official,1,yes,1-2 years,19-30,0,1,male,married/widowed,1
no checking account,delay in paying off in the past,others,... < 100 DM,... < 1 year,2,none,2,car or other,bank,2,skilled employee/official,1,yes,2-3 years,19-30,1,0,male,single,1
no checking account,delay in paying off in the past,car (new),... < 100 DM,1 <= ... < 4 years,4,none,2,car or other,none,2,unskilled - resident,1,yes,1-2 years,19-30,0,1,male,single,1
0 <= ... < 200 DM,delay in paying off in the past,car (new),unknown/no savings account,... >= 7 years,4,none,4,car or other,none,1,skilled employee/official,2,yes,1-2 years,30-50,0,1,male,single,1
0 <= ... < 200 DM,existing credits paid back duly till now,domestic appliances,... < 100 DM,... < 1 year,1,none,1,building society savings agreement/life insurance,none,1,skilled employee/official,1,yes,2-3 years,19-30,0,0,male,married/widowed,1
no checking account,critical account/other credits existing,car (used),unknown/no savings account,4 <= ... < 7 years,4,none,4,car or other,none,2,skilled employee/official,2,yes,2-3 years,30-50,0,1,male,single,1
... < 100 DM,existing credits paid back duly till now,domestic appliances,... < 100 DM,... < 1 year,4,none,2,real estate,none,1,skilled employee/official,1,no,1-2 years,19-30,0,1,male,married/widowed,1
no checking account,existing credits paid back duly till now,domestic appliances,500 <= ... < 1000 DM,... >= 7 years,3,none,2,car or other,none,1,management/self-employed/highly qualified employee/officer,1,yes,2-3 years,19-30,0,1,male,divorced/separated,1
... >= 200 DM / salary for at least 1 year,critical account/other credits existing,car (new),500 <= ... < 1000 DM,4 <= ... < 7 years,4,none,2,real estate,none,3,skilled employee/official,1,yes,1-2 years,19-30,0,0,male,married/widowed,1
0 <= ... < 200 DM,existing credits paid back duly till now,domestic appliances,... < 100 DM,... >= 7 years,4,none,4,car or other,none,1,skilled employee/official,1,yes,2-3 years,19-30,0,1,female,divorced/separated/married,1
no checking account,critical account/other credits existing,car (used),... < 100 DM,4 <= ... < 7 years,3,none,2,car or other,none,2,management/self-employed/highly qualified employee/officer,1,yes,2-3 years,30-50,1,1,male,single,1
no checking account,critical account/other credits existing,others,... < 100 DM,unemployed,4,none,2,car or other,stores,2,management/self-employed/highly qualified employee/officer,1,yes,1-2 years,30-50,0,0,male,single,1
no checking account,existing credits paid back duly till now,car (new),500 <= ... < 1000 DM,1 <= ... < 4 years,3,none,2,unknown/no property,none,1,unskilled - resident,2,no,<1 year,30-50,0,1,male,single,0
... < 100 DM,existing credits paid back duly till now,car (new),unknown/no savings account,1 <= ... < 4 years,4,none,2,building society savings agreement/life insurance,none,1,skilled employee/official,1,yes,2-3 years,30-50,0,0,female,divorced/separated/married,1
no checking account,critical account/other credits existing,car (used),... < 100 DM,... >= 7 years,2,none,2,building society savings agreement/life insurance,none,2,skilled employee/official,2,yes,3-4 years,30-50,1,1,male,single,1
... < 100 DM,existing credits paid back duly till now,car (new),... < 100 DM,... < 1 year,4,none,1,real estate,none,1,unskilled - resident,2,yes,1-2 years,30-50,0,0,male,single,1
... < 100 DM,delay in paying off in the past,retraining,unknown/no savings account,1 <= ... < 4 years,1,none,2,car or other,none,2,skilled employee/official,1,yes,1-2 years,19-30,1,1,female,divorced/separated/married,0
no checking account,existing credits paid back duly till now,car (new),500 <= ... < 1000 DM,4 <= ... < 7 years,1,none,2,car or other,bank,1,management/self-employed/highly qualified employee/officer,1,yes,1-2 years,30-50,0,1,female,divorced/separated/married,1
0 <= ... < 200 DM,existing credits paid back duly till now,car (new),unknown/no savings account,1 <= ... < 4 years,4,none,2,building society savings agreement/life insurance,none,1,skilled employee/official,1,yes,1-2 years,30-50,0,0,female,divorced/separated/married,1
no checking account,existing credits paid back duly till now,car (new),... >= 1000 DM,4 <= ... < 7 years,2,none,3,car or other,none,1,skilled employee/official,1,yes,1-2 years,19-30,0,1,female,divorced/separated/married,0
0 <= ... < 200 DM,existing credits paid back duly till now,car (used),unknown/no savings account,1 <= ... < 4 years,4,none,2,car or other,none,1,skilled employee/official,1,yes,1-2 years,30-50,0,1,male,single,1
0 <= ... < 200 DM,critical account/other credits existing,car (new),... < 100 DM,4 <= ... < 7 years,2,none,3,real estate,none,2,unskilled - resident,2,yes,1-2 years,30-50,0,1,male,single,1
no checking account,delay in paying off in the past,radio/television,100 <= ... < 500 DM,4 <= ... < 7 years,4,none,3,real estate,none,2,management/self-employed/highly qualified employee/officer,1,yes,1-2 years,30-50,0,1,male,single,1
0 <= ... < 200 DM,existing credits paid back duly till now,radio/television,unknown/no savings account,... >= 7 years,1,none,2,building society savings agreement/life insurance,bank,1,skilled employee/official,1,yes,1-2 years,19-30,0,0,female,divorced/separated/married,1
0 <= ... < 200 DM,existing credits paid back duly till now,car (used),... < 100 DM,1 <= ... < 4 years,1,none,3,car or other,none,1,skilled employee/official,1,yes,1-2 years,19-30,0,1,male,married/widowed,0
no checking account,critical account/other credits existing,domestic appliances,... < 100 DM,... >= 7 years,4,none,2,car or other,none,2,skilled employee/official,1,yes,2-3 years,19-30,0,1,male,single,1
no checking account,critical account/other credits existing,domestic appliances,... >= 1000 DM,1 <= ... < 4 years,4,none,3,real estate,none,2,skilled employee/official,1,yes,1-2 years,30-50,0,1,male,single,1
no checking account,existing credits paid back duly till now,radio/television,... < 100 DM,... >= 7 years,1,none,4,car or other,none,1,skilled employee/official,1,yes,<1 year,19-30,0,1,male,single,1
... < 100 DM,critical account/other credits existing,education,... < 100 DM,unemployed,2,none,4,unknown/no property,none,3,unemployed/unskilled - non-resident,2,yes,1-2 years,50-70,0,0,female,divorced/separated/married,0
no checking account,existing credits paid back duly till now,others,... < 100 DM,4 <= ... < 7 years,1,none,4,real estate,none,1,unskilled - resident,1,yes,<1 year,70-75,0,1,male,single,1
0 <= ... < 200 DM,existing credits paid back duly till now,furniture/equipment,... < 100 DM,1 <= ... < 4 years,2,co-applicant,3,car or other,bank,2,management/self-employed/highly qualified employee/officer,1,yes,2-3 years,19-30,1,0,male,single,1
... < 100 DM,critical account/other credits existing,radio/television,... < 100 DM,unemployed,4,none,4,unknown/no property,none,3,management/self-employed/highly qualified employee/officer,1,yes,<1 year,30-50,0,1,male,single,0
no checking account,critical account/other credits existing,education,... < 100 DM,1 <= ... < 4 years,4,none,2,real estate,none,2,skilled employee/official,1,yes,2-3 years,30-50,0,1,male,divorced/separated,1
... < 100 DM,existing credits paid back duly till now,radio/television,... < 100 DM,1 <= ... < 4 years,3,none,2,real estate,none,1,skilled employee/official,1,yes,<1 year,19-30,0,1,male,single,1
0 <= ... < 200 DM,existing credits paid back duly till now,domestic appliances,unknown/no savings account,1 <= ... < 4 years,2,none,1,real estate,none,1,skilled employee/official,1,yes,1-2 years,19-30,0,0,male,married/widowed,1
no checking account,existing credits paid back duly till now,education,500 <= ... < 1000 DM,4 <= ... < 7 years,2,none,4,real estate,none,1,unskilled - resident,1,yes,<1 year,19-30,0,1,male,married/widowed,0
no checking account,critical account/other credits existing,car (new),... >= 1000 DM,... >= 7 years,4,none,4,real estate,none,2,skilled employee/official,1,yes,2-3 years,30-50,0,1,female,divorced/separated/married,1
... < 100 DM,critical account/other credits existing,education,... < 100 DM,unemployed,4,co-applicant,4,car or other,none,2,unemployed/unskilled - non-resident,1,yes,3-4 years,50-70,0,1,male,single,1
... >= 200 DM / salary for at least 1 year,all credits at this bank paid back duly,others,... < 100 DM,... < 1 year,4,none,1,real estate,none,1,unemployed/unskilled - non-resident,1,yes,1-2 years,19-30,0,0,female,divorced/separated/married,1
no checking account,existing credits paid back duly till now,car (new),... < 100 DM,... >= 7 years,4,none,4,car or other,none,1,management/self-employed/highly qualified employee/officer,1,yes,1-2 years,30-50,0,1,male,single,1
... < 100 DM,existing credits paid back duly till now,radio/television,... < 100 DM,1 <= ... < 4 years,2,co-applicant,3,building society savings agreement/life insurance,none,1,skilled employee/official,1,yes,1-2 years,30-50,0,1,female,divorced/separated/married,1
0 <= ... < 200 DM,delay in paying off in the past,furniture/equipment,... < 100 DM,1 <= ... < 4 years,2,none,3,car or other,bank,2,skilled employee/official,1,yes,1-2 years,19-30,0,1,male,single,1
no checking account,existing credits paid back duly till now,retraining,... < 100 DM,... >= 7 years,4,none,4,car or other,bank,1,unskilled - resident,2,yes,1-2 years,30-50,0,0,male,single,1
0 <= ... < 200 DM,critical account/other credits existing,radio/television,... < 100 DM,1 <= ... < 4 years,2,none,3,car or other,none,1,management/self-employed/highly qualified employee/officer,1,yes,>4 years,30-50,1,0,female,divorced/separated/married,1
no checking account,critical account/other credits existing,retraining,unknown/no savings account,... >= 7 years,4,none,4,building society savings agreement/life insurance,none,2,unskilled - resident,1,yes,<1 year,30-50,0,1,female,divorced/separated/married,0
... < 100 DM,existing credits paid back duly till now,car (new),... < 100 DM,... < 1 year,4,none,4,car or other,none,1,skilled employee/official,1,yes,3-4 years,30-50,0,0,female,divorced/separated/married,1
0 <= ... < 200 DM,existing credits paid back duly till now,domestic appliances,... < 100 DM,1 <= ... < 4 years,2,guarantor,2,real estate,none,1,skilled employee/official,1,yes,<1 year,30-50,0,1,male,single,1
... >= 200 DM / salary for at least 1 year,existing credits paid back duly till now,radio/television,unknown/no savings account,... >= 7 years,3,none,4,real estate,none,1,management/self-employed/highly qualified employee/officer,1,yes,1-2 years,50-70,0,1,female,divorced/separated/married,1
0 <= ... < 200 DM,delay in paying off in the past,education,... >= 1000 DM,1 <= ... < 4 years,3,none,3,building society savings agreement/life insurance,stores,2,skilled employee/official,1,yes,1-2 years,50-70,0,0,male,married/widowed,1
no checking account,critical account/other credits existing,car (used),unknown/no savings account,1 <= ... < 4 years,4,none,2,car or other,none,1,management/self-employed/highly qualified employee/officer,1,yes,3-4 years,30-50,1,1,male,single,1
no checking account,existing credits paid back duly till now,domestic appliances,... < 100 DM,1 <= ... < 4 years,3,none,1,real estate,none,1,skilled employee/official,1,yes,<1 year,19-30,0,1,female,divorced/separated/married,1
no checking account,no credits taken/all credits paid back duly,radio/television,... < 100 DM,... >= 7 years,2,none,4,building society savings agreement/life insurance,none,2,skilled employee/official,1,yes,1-2 years,30-50,0,1,male,single,1
no checking account,existing credits paid back duly till now,car (used),... < 100 DM,... >= 7 years,4,none,4,car or other,none,1,management/self-employed/highly qualified employee/officer,1,yes,2-3 years,30-50,0,1,male,single,1
... < 100 DM,existing credits paid back duly till now,car (new),... < 100 DM,4 <= ... < 7 years,2,co-applicant,3,building society savings agreement/life insurance,none,1,skilled employee/official,1,yes,2-3 years,30-50,1,0,male,single,1
no checking account,existing credits paid back duly till now,car (used),... < 100 DM,... < 1 year,4,none,1,unknown/no property,none,1,management/self-employed/highly qualified employee/officer,1,yes,2-3 years,19-30,0,1,female,divorced/separated/married,1
... < 100 DM,critical account/other credits existing,car (new),... < 100 DM,1 <= ... < 4 years,2,none,2,real estate,none,2,skilled employee/official,2,yes,<1 year,30-50,0,1,male,single,0
... < 100 DM,existing credits paid back duly till now,car (used),... < 100 DM,... >= 7 years,3,none,4,unknown/no property,none,1,skilled employee/official,1,yes,1-2 years,30-50,0,0,male,single,0
... < 100 DM,existing credits paid back duly till now,repairs,... < 100 DM,... < 1 year,4,none,1,real estate,none,1,skilled employee/official,1,yes,<1 year,19-30,0,1,female,divorced/separated/married,1
no checking account,existing credits paid back duly till now,domestic appliances,... < 100 DM,... < 1 year,3,none,2,car or other,none,1,skilled employee/official,1,yes,1-2 years,30-50,1,1,male,single,1
... < 100 DM,existing credits paid back duly till now,radio/television,... < 100 DM,1 <= ... < 4 years,1,guarantor,2,building society savings agreement/life insurance,none,1,skilled employee/official,2,yes,3-4 years,30-50,0,1,male,single,1
... < 100 DM,existing credits paid back duly till now,car (new),... < 100 DM,... < 1 year,2,none,3,real estate,none,1,skilled employee/official,1,yes,1-2 years,30-50,0,1,male,single,1
0 <= ... < 200 DM,existing credits paid back duly till now,radio/television,... < 100 DM,... < 1 year,3,none,1,real estate,none,1,management/self-employed/highly qualified employee/officer,1,yes,1-2 years,30-50,0,1,female,divorced/separated/married,0
0 <= ... < 200 DM,existing credits paid back duly till now,business,unknown/no savings account,... >= 7 years,4,none,4,building society savings agreement/life insurance,none,2,skilled employee/official,1,yes,1-2 years,30-50,0,1,male,single,1
no checking account,existing credits paid back duly till now,others,... < 100 DM,4 <= ... < 7 years,4,none,1,car or other,stores,2,skilled employee/official,1,yes,1-2 years,30-50,0,1,male,single,1
... < 100 DM,existing credits paid back duly till now,car (used),... < 100 DM,1 <= ... < 4 years,3,guarantor,4,unknown/no property,bank,1,skilled employee/official,2,yes,2-3 years,50-70,0,1,male,single,1
... < 100 DM,delay in paying off in the past,domestic appliances,... < 100 DM,... < 1 year,4,none,2,car or other,none,1,unskilled - resident,1,yes,2-3 years,19-30,0,0,female,divorced/separated/married,0
no checking account,delay in paying off in the past,domestic appliances,unknown/no savings account,... >= 7 years,3,none,3,car or other,bank,2,skilled employee/official,2,yes,>4 years,30-50,1,1,male,single,1
no checking account,delay in paying off in the past,others,... < 100 DM,1 <= ... < 4 years,2,none,2,car or other,none,2,skilled employee/official,1,yes,2-3 years,19-30,0,1,female,divorced/separated/married,1
no checking account,delay in paying off in the past,car (used),... < 100 DM,4 <= ... < 7 years,3,none,3,car or other,none,2,unskilled - resident,1,yes,2-3 years,30-50,1,1,male,single,1
0 <= ... < 200 DM,existing credits paid back duly till now,domestic appliances,100 <= ... < 500 DM,... < 1 year,3,none,2,car or other,none,1,skilled employee/official,1,yes,2-3 years,19-30,0,0,male,married/widowed,0
... < 100 DM,existing credits paid back duly till now,retraining,... < 100 DM,... < 1 year,4,none,4,building society savings agreement/life insurance,none,1,skilled employee/official,1,yes,<1 year,19-30,0,0,female,divorced/separated/married,1
... < 100 DM,existing credits paid back duly till now,car (new),... < 100 DM,1 <= ... < 4 years,4,none,3,car or other,none,1,unskilled - resident,1,yes,<1 year,19-30,0,0,male,single,1
no checking account,existing credits paid back duly till now,business,unknown/no savings account,unemployed,4,none,4,building society savings agreement/life insurance,none,1,management/self-employed/highly qualified employee/officer,2,yes,<1 year,30-50,0,1,male,single,1
0 <= ... < 200 DM,critical account/other credits existing,domestic appliances,... < 100 DM,1 <= ... < 4 years,4,none,2,car or other,none,1,skilled employee/official,1,yes,1-2 years,30-50,0,0,male,married/widowed,1
... < 100 DM,no credits taken/all credits paid back duly,radio/television,... < 100 DM,... < 1 year,1,none,4,building society savings agreement/life insurance,none,1,skilled employee/official,1,yes,1-2 years,19-30,0,0,female,divorced/separated/married,0
no checking account,existing credits paid back duly till now,car (used),500 <= ... < 1000 DM,1 <= ... < 4 years,4,none,4,car or other,none,1,skilled employee/official,1,yes,3-4 years,19-30,0,1,male,single,1
... >= 200 DM / salary for at least 1 year,existing credits paid back duly till now,domestic appliances,... < 100 DM,4 <= ... < 7 years,4,none,2,car or other,bank,1,skilled employee/official,1,yes,2-3 years,19-30,1,1,male,single,1
0 <= ... < 200 DM,existing credits paid back duly till now,others,100 <= ... < 500 DM,4 <= ... < 7 years,3,none,4,real estate,none,1,unskilled - resident,1,yes,1-2 years,30-50,0,1,male,single,1
... < 100 DM,critical account/other credits existing,radio/television,... < 100 DM,... >= 7 years,4,none,4,car or other,none,2,skilled employee/official,2,yes,1-2 years,30-50,0,1,male,single,1
0 <= ... < 200 DM,critical account/other credits existing,domestic appliances,... < 100 DM,1 <= ... < 4 years,1,none,1,real estate,none,1,unskilled - resident,1,yes,1-2 years,19-30,0,1,female,divorced/separated/married,1
0 <= ... < 200 DM,existing credits paid back duly till now,car (new),... < 100 DM,... < 1 year,4,none,1,building society savings agreement/life insurance,none,1,skilled employee/official,1,yes,2-3 years,19-30,0,1,male,single,1
... < 100 DM,existing credits paid back duly till now,radio/television,... >= 1000 DM,... >= 7 years,4,none,4,building society savings agreement/life insurance,none,2,skilled employee/official,1,yes,2-3 years,50-70,0,1,female,divorced/separated/married,0
no checking account,delay in paying off in the past,radio/television,... >= 1000 DM,4 <= ... < 7 years,3,none,2,building society savings agreement/life insurance,none,2,skilled employee/official,1,yes,1-2 years,30-50,0,1,female,divorced/separated/married,1
no checking account,critical account/other credits existing,car (new),500 <= ... < 1000 DM,1 <= ... < 4 years,4,none,4,real estate,none,1,skilled employee/official,1,yes,1-2 years,30-50,0,1,male,single,1
0 <= ... < 200 DM,delay in paying off in the past,car (new),... < 100 DM,unemployed,4,none,4,building society savings agreement/life insurance,none,1,management/self-employed/highly qualified employee/officer,1,yes,<1 year,30-50,0,0,male,single,1
no checking account,existing credits paid back duly till now,domestic appliances,... < 100 DM,1 <= ... < 4 years,2,none,4,car or other,none,1,skilled employee/official,1,yes,1-2 years,50-70,0,1,male,single,1
no checking account,existing credits paid back duly till now,car (new),... < 100 DM,... >= 7 years,4,co-applicant,4,unknown/no property,none,1,skilled employee/official,1,yes,2-3 years,50-70,0,1,female,divorced/separated/married,0
no checking account,existing credits paid back duly till now,car (new),100 <= ... < 500 DM,1 <= ... < 4 years,3,none,2,real estate,none,1,unskilled - resident,1,no,<1 year,30-50,0,1,male,single,0
no checking account,existing credits paid back duly till now,car (new),... < 100 DM,1 <= ... < 4 years,2,guarantor,3,building society savings agreement/life insurance,none,1,skilled employee/official,1,yes,<1 year,19-30,0,1,male,single,0
no checking account,critical account/other credits existing,domestic appliances,... < 100 DM,... >= 7 years,2,none,2,unknown/no property,none,2,skilled employee/official,1,yes,1-2 years,19-30,0,1,male,single,1
0 <= ... < 200 DM,no credits taken/all credits paid back duly,others,... < 100 DM,... >= 7 years,2,none,4,unknown/no property,none,2,management/self-employed/highly qualified employee/officer,1,yes,2-3 years,30-50,1,0,female,divorced/separated/married,0
no checking account,critical account/other credits existing,domestic appliances,100 <= ... < 500 DM,1 <= ... < 4 years,1,none,1,building society savings agreement/life insurance,none,2,skilled employee/official,1,yes,<1 year,19-30,0,1,female,divorced/separated/married,1
0 <= ... < 200 DM,existing credits paid back duly till now,domestic appliances,unknown/no savings account,... >= 7 years,4,none,4,building society savings agreement/life insurance,none,1,skilled employee/official,1,yes,<1 year,30-50,0,1,male,single,1
... < 100 DM,critical account/other credits existing,car (new),... < 100 DM,1 <= ... < 4 years,3,none,2,real estate,none,2,unskilled - resident,2,no,1-2 years,30-50,0,1,male,single,0
... < 100 DM,existing credits paid back duly till now,radio/television,unknown/no savings account,1 <= ... < 4 years,2,none,4,car or other,none,1,skilled employee/official,1,yes,2-3 years,19-30,0,0,male,married/widowed,1
0 <= ... < 200 DM,existing credits paid back duly till now,radio/television,100 <= ... < 500 DM,... < 1 year,4,co-applicant,1,unknown/no property,none,1,management/self-employed/highly qualified employee/officer,1,yes,3-4 years,19-30,1,0,male,single,0
no checking account,critical account/other credits existing,radio/television,... < 100 DM,4 <= ... < 7 years,4,none,3,building society savings agreement/life insurance,none,2,skilled employee/official,1,yes,2-3 years,30-50,0,1,male,single,1
0 <= ... < 200 DM,existing credits paid back duly till now,domestic appliances,... < 100 DM,... >= 7 years,4,guarantor,2,real estate,none,1,unskilled - resident,1,yes,1-2 years,30-50,0,1,male,married/widowed,1
... >= 200 DM / salary for at least 1 year,critical account/other credits existing,car (new),100 <= ... < 500 DM,... >= 7 years,2,none,4,car or other,none,2,skilled employee/official,2,yes,<1 year,19-30,0,1,male,divorced/separated,1
... < 100 DM,existing credits paid back duly till now,car (new),... < 100 DM,... < 1 year,4,none,1,building society savings agreement/life insurance,none,1,skilled employee/official,1,yes,2-3 years,19-30,0,0,female,divorced/separated/married,1
... < 100 DM,existing credits paid back duly till now,car (used),... < 100 DM,... >= 7 years,2,none,4,unknown/no property,none,1,skilled employee/official,2,yes,3-4 years,30-50,1,1,male,single,0
... >= 200 DM / salary for at least 1 year,existing credits paid back duly till now,domestic appliances,100 <= ... < 500 DM,... >= 7 years,2,none,4,real estate,none,1,skilled employee/official,1,yes,<1 year,30-50,0,1,male,divorced/separated,1
0 <= ... < 200 DM,critical account/other credits existing,domestic appliances,100 <= ... < 500 DM,... < 1 year,4,none,4,unknown/no property,bank,2,skilled employee/official,2,yes,2-3 years,30-50,0,0,male,single,1
... < 100 DM,existing credits paid back duly till now,car (new),... < 100 DM,... < 1 year,4,none,4,building society savings agreement/life insurance,none,1,skilled employee/official,1,yes,2-3 years,19-30,0,0,female,divorced/separated/married,0
no checking account,existing credits paid back duly till now,car (new),unknown/no savings account,1 <= ... < 4 years,4,guarantor,4,building society savings agreement/life insurance,none,1,unskilled - resident,1,yes,<1 year,19-30,0,0,male,single,1
... >= 200 DM / salary for at least 1 year,critical account/other credits existing,car (used),500 <= ... < 1000 DM,1 <= ... < 4 years,2,none,2,car or other,none,1,skilled employee/official,1,yes,1-2 years,30-50,0,1,male,single,1
0 <= ... < 200 DM,all credits at this bank paid back duly,car (new),100 <= ... < 500 DM,unemployed,1,none,2,building society savings agreement/life insurance,none,1,management/self-employed/highly qualified employee/officer,2,yes,1-2 years,30-50,1,0,male,single,1
no checking account,existing credits paid back duly till now,domestic appliances,... < 100 DM,1 <= ... < 4 years,4,none,2,building society savings agreement/life insurance,none,1,skilled employee/official,1,yes,2-3 years,19-30,0,1,male,married/widowed,1
no checking account,existing credits paid back duly till now,car (used),100 <= ... < 500 DM,... >= 7 years,4,none,2,car or other,none,1,management/self-employed/highly qualified employee/officer,1,yes,3-4 years,30-50,1,1,male,single,1
... < 100 DM,existing credits paid back duly till now,car (new),... < 100 DM,4 <= ... < 7 years,4,none,2,real estate,none,1,skilled employee/official,1,yes,1-2 years,19-30,0,0,male,single,1
no checking account,existing credits paid back duly till now,car (used),... < 100 DM,1 <= ... < 4 years,2,none,2,unknown/no property,none,1,management/self-employed/highly qualified employee/officer,1,yes,3-4 years,30-50,1,1,male,single,0
... >= 200 DM / salary for at least 1 year,existing credits paid back duly till now,others,... < 100 DM,4 <= ... < 7 years,2,none,4,building society savings agreement/life insurance,none,1,skilled employee/official,1,yes,1-2 years,19-30,0,1,male,single,0
0 <= ... < 200 DM,delay in paying off in the past,domestic appliances,... < 100 DM,1 <= ... < 4 years,4,co-applicant,4,real estate,none,2,skilled employee/official,1,yes,1-2 years,19-30,0,1,male,married/widowed,0
no checking account,existing credits paid back duly till now,car (new),unknown/no savings account,... < 1 year,4,none,1,building society savings agreement/life insurance,none,1,skilled employee/official,1,yes,2-3 years,50-70,0,1,male,single,1
... < 100 DM,critical account/other credits existing,car (new),... < 100 DM,4 <= ... < 7 years,4,none,3,building society savings agreement/life insurance,none,2,skilled employee/official,1,no,<1 year,30-50,0,1,female,divorced/separated/married,1
... < 100 DM,critical account/other credits existing,car (new),... < 100 DM,... < 1 year,2,none,4,real estate,none,1,unskilled - resident,2,no,<1 year,30-50,0,1,male,single,1
no checking account,critical account/other credits existing,radio/television,... < 100 DM,... < 1 year,2,none,4,building society savings agreement/life insurance,none,2,skilled employee/official,1,yes,3-4 years,19-30,1,0,female,divorced/separated/married,0
... < 100 DM,existing credits paid back duly till now,car (new),100 <= ... < 500 DM,... >= 7 years,3,none,2,building society savings agreement/life insurance,none,1,skilled employee/official,1,yes,<1 year,30-50,0,1,male,single,1
no checking account,critical account/other credits existing,domestic appliances,unknown/no savings account,... >= 7 years,4,none,4,unknown/no property,none,2,skilled employee/official,1,yes,<1 year,30-50,0,1,male,single,0
no checking account,critical account/other credits existing,education,... < 100 DM,... >= 7 years,3,none,4,unknown/no property,none,2,skilled employee/official,1,yes,2-3 years,30-50,1,1,male,single,0
... < 100 DM,existing credits paid back duly till now,domestic appliances,... < 100 DM,1 <= ... < 4 years,2,none,2,real estate,none,1,skilled employee/official,1,yes,1-2 years,19-30,0,0,female,divorced/separated/married,1
... < 100 DM,no credits taken/all credits paid back duly,radio/television,... < 100 DM,1 <= ... < 4 years,3,none,4,unknown/no property,none,2,skilled employee/official,2,yes,>4 years,50-70,1,0,male,single,0
no checking account,existing credits paid back duly till now,car (used),100 <= ... < 500 DM,4 <= ... < 7 years,3,none,4,car or other,none,1,skilled employee/official,1,yes,2-3 years,19-30,0,1,female,divorced/separated/married,1
0 <= ... < 200 DM,existing credits paid back duly till now,domestic appliances,... < 100 DM,1 <= ... < 4 years,4,guarantor,4,real estate,none,1,unskilled - resident,2,yes,1-2 years,19-30,0,1,female,divorced/separated/married,1
0 <= ... < 200 DM,existing credits paid back duly till now,car (used),... < 100 DM,... < 1 year,2,none,3,car or other,none,2,skilled employee/official,1,yes,2-3 years,30-50,1,1,male,single,1
no checking account,critical account/other credits existing,retraining,100 <= ... < 500 DM,1 <= ... < 4 years,4,none,3,car or other,none,1,skilled employee/official,1,yes,1-2 years,30-50,0,1,female,divorced/separated/married,1
no checking account,critical account/other credits existing,domestic appliances,... < 100 DM,4 <= ... < 7 years,2,none,1,real estate,none,2,unskilled - resident,2,yes,<1 year,30-50,0,1,male,single,1
... < 100 DM,existing credits paid back duly till now,domestic appliances,... < 100 DM,1 <= ... < 4 years,4,none,4,car or other,none,1,skilled employee/official,1,yes,3-4 years,30-50,0,0,male,divorced/separated,0
... < 100 DM,existing credits paid back duly till now,car (new),... < 100 DM,... < 1 year,3,none,4,real estate,none,1,unskilled - resident,2,yes,<1 year,30-50,0,1,male,single,1
0 <= ... < 200 DM,existing credits paid back duly till now,retraining,... < 100 DM,4 <= ... < 7 years,3,none,1,car or other,none,2,skilled employee/official,2,yes,3-4 years,30-50,0,1,male,single,1
0 <= ... < 200 DM,existing credits paid back duly till now,car (new),100 <= ... < 500 DM,1 <= ... < 4 years,2,none,4,car or other,none,2,skilled employee/official,1,yes,1-2 years,19-30,0,0,female,divorced/separated/married,0
no checking account,delay in paying off in the past,car (used),... < 100 DM,1 <= ... < 4 years,4,none,4,real estate,none,1,skilled employee/official,1,yes,1-2 years,30-50,0,1,male,married/widowed,0
no checking account,existing credits paid back duly till now,domestic appliances,100 <= ... < 500 DM,4 <= ... < 7 years,4,none,3,building society savings agreement/life insurance,none,1,skilled employee/official,1,yes,2-3 years,19-30,0,1,male,married/widowed,1
no checking account,existing credits paid back duly till now,domestic appliances,unknown/no savings account,... < 1 year,4,none,2,car or other,none,2,skilled employee/official,1,yes,2-3 years,19-30,0,1,male,single,1
... >= 200 DM / salary for at least 1 year,critical account/other credits existing,retraining,... < 100 DM,... < 1 year,2,none,1,car or other,none,1,skilled employee/official,1,yes,1-2 years,30-50,0,0,male,divorced/separated,0
... < 100 DM,existing credits paid back duly till now,car (new),unknown/no savings account,unemployed,4,none,3,building society savings agreement/life insurance,none,1,management/self-employed/highly qualified employee/officer,1,yes,<1 year,,0,1,female,divorced/separated/married,1
0 <= ... < 200 DM,critical account/other credits existing,radio/television,... < 100 DM,... >= 7 years,3,none,4,building society savings agreement/life insurance,none,1,skilled employee/official,1,yes,1-2 years,30-50,0,1,female,divorced/separated/married,1
... < 100 DM,existing credits paid back duly till now,car (new),... < 100 DM,... >= 7 years,4,none,4,unknown/no property,bank,1,management/self-employed/highly qualified employee/officer,1,yes,>4 years,30-50,1,0,male,single,0
... >= 200 DM / salary for at least 1 year,existing credits paid back duly till now,radio/television,... < 100 DM,... < 1 year,1,none,1,building society savings agreement/life insurance,stores,1,unskilled - resident,1,yes,1-2 years,30-50,0,1,female,divorced/separated/married,1
0 <= ... < 200 DM,existing credits paid back duly till now,domestic appliances,... < 100 DM,... < 1 year,1,none,1,real estate,none,1,skilled employee/official,1,yes,1-2 years,19-30,0,0,male,married/widowed,0
no checking account,delay in paying off in the past,car (new),... < 100 DM,... >= 7 years,4,none,4,unknown/no property,none,2,skilled employee/official,1,yes,2-3 years,50-70,0,1,male,single,0
... < 100 DM,existing credits paid back duly till now,radio/television,unknown/no savings account,... >= 7 years,4,none,4,building society savings agreement/life insurance,none,1,skilled employee/official,1,yes,2-3 years,30-50,1,0,male,single,1
... >= 200 DM / salary for at least 1 year,existing credits paid back duly till now,radio/television,... < 100 DM,1 <= ... < 4 years,2,none,1,real estate,none,1,unskilled - resident,2,yes,1-2 years,30-50,0,0,male,single,1
no checking account,critical account/other credits existing,car (new),... < 100 DM,... >= 7 years,4,none,4,real estate,none,2,unskilled - resident,1,yes,1-2 years,50-70,0,1,male,single,1
... < 100 DM,delay in paying off in the past,car (new),... < 100 DM,unemployed,4,none,2,real estate,none,2,skilled employee/official,2,yes,2-3 years,30-50,0,0,male,single,0
no checking account,critical account/other credits existing,car (new),... < 100 DM,1 <= ... < 4 years,4,none,4,car or other,none,1,skilled employee/official,1,yes,2-3 years,30-50,0,1,female,divorced/separated/married,1
no checking account,existing credits paid back duly till now,domestic appliances,... < 100 DM,4 <= ... < 7 years,3,none,1,car or other,bank,1,skilled employee/official,2,yes,2-3 years,30-50,0,1,male,single,1
... < 100 DM,all credits at this bank paid back duly,domestic appliances,... < 100 DM,1 <= ... < 4 years,4,none,4,real estate,bank,1,unskilled - resident,1,yes,1-2 years,19-30,0,0,female,divorced/separated/married,1
no checking account,critical account/other credits existing,car (used),unknown/no savings account,4 <= ... < 7 years,2,none,1,unknown/no property,none,2,skilled employee/official,1,yes,>4 years,30-50,1,1,male,single,0
no checking account,critical account/other credits existing,education,unknown/no savings account,4 <= ... < 7 years,4,none,4,real estate,none,2,skilled employee/official,1,yes,1-2 years,19-30,0,1,female,divorced/separated/married,1
no checking account,all credits at this bank paid back duly,domestic appliances,500 <= ... < 1000 DM,... >= 7 years,2,none,4,building society savings agreement/life insurance,bank,1,unskilled - resident,2,yes,<1 year,30-50,0,1,male,single,1
... < 100 DM,existing credits paid back duly till now,domestic appliances,... < 100 DM,4 <= ... < 7 years,1,guarantor,1,real estate,none,2,skilled employee/official,1,yes,>4 years,30-50,1,0,male,married/widowed,1
0 <= ... < 200 DM,critical account/other credits existing,car (new),100 <= ... < 500 DM,... < 1 year,4,none,1,car or other,none,1,skilled employee/official,1,yes,1-2 years,19-30,0,1,male,single,1
0 <= ... < 200 DM,existing credits paid back duly till now,retraining,... < 100 DM,4 <= ... < 7 years,4,none,4,building society savings agreement/life insurance,none,2,management/self-employed/highly qualified employee/officer,1,yes,<1 year,50-70,0,1,female,divorced/separated/married,1
0 <= ... < 200 DM,existing credits paid back duly till now,domestic appliances,... < 100 DM,... < 1 year,2,none,1,car or other,stores,1,skilled employee/official,1,yes,1-2 years,19-30,0,0,male,single,1
0 <= ... < 200 DM,no credits taken/all credits paid back duly,car (new),100 <= ... < 500 DM,... < 1 year,3,none,3,car or other,none,2,skilled employee/official,1,yes,1-2 years,19-30,0,0,female,divorced/separated/married,1
no checking account,no credits taken/all credits paid back duly,car (new),unknown/no savings account,1 <= ... < 4 years,1,none,4,building society savings agreement/life insurance,bank,2,skilled employee/official,1,yes,1-2 years,19-30,1,0,female,divorced/separated/married,1
... < 100 DM,all credits at this bank paid back duly,radio/television,... < 100 DM,4 <= ... < 7 years,3,none,4,car or other,bank,1,skilled employee/official,1,yes,2-3 years,19-30,0,0,male,single,1
0 <= ... < 200 DM,critical account/other credits existing,radio/television,... < 100 DM,... < 1 year,2,none,2,real estate,none,2,unskilled - resident,1,yes,1-2 years,30-50,0,0,male,single,1
... < 100 DM,existing credits paid back duly till now,car (used),unknown/no savings account,... >= 7 years,4,none,4,unknown/no property,bank,1,skilled employee/official,2,yes,2-3 years,30-50,0,1,male,single,0
... < 100 DM,all credits at this bank paid back duly,domestic appliances,... < 100 DM,4 <= ... < 7 years,4,guarantor,4,car or other,bank,1,unskilled - resident,1,yes,2-3 years,19-30,0,0,male,single,0
... >= 200 DM / salary for at least 1 year,delay in paying off in the past,domestic appliances,... < 100 DM,... < 1 year,2,none,1,building society savings agreement/life insurance,bank,1,skilled employee/official,1,yes,<1 year,19-30,0,1,female,divorced/separated/married,1
0 <= ... < 200 DM,existing credits paid back duly till now,car (new),unknown/no savings account,1 <= ... < 4 years,1,none,4,unknown/no property,none,1,skilled employee/official,1,yes,3-4 years,30-50,1,0,male,single,0
0 <= ... < 200 DM,delay in paying off in the past,others,unknown/no savings account,1 <= ... < 4 years,4,none,2,building society savings agreement/life insurance,bank,2,management/self-employed/highly qualified employee/officer,1,yes,2-3 years,30-50,1,1,male,single,1
0 <= ... < 200 DM,delay in paying off in the past,domestic appliances,100 <= ... < 500 DM,4 <= ... < 7 years,3,none,2,building society savings agreement/life insurance,none,2,skilled employee/official,1,yes,2-3 years,19-30,0,1,female,divorced/separated/married,0
... < 100 DM,existing credits paid back duly till now,car (new),... < 100 DM,4 <= ... < 7 years,2,none,3,car or other,none,1,skilled employee/official,1,yes,1-2 years,30-50,0,0,male,divorced/separated,1
no checking account,critical account/other credits existing,domestic appliances,... >= 1000 DM,... >= 7 years,2,none,2,car or other,none,1,skilled employee/official,1,yes,2-3 years,30-50,0,1,male,single,1
0 <= ... < 200 DM,existing credits paid back duly till now,domestic appliances,unknown/no savings account,4 <= ... < 7 years,4,none,1,car or other,none,2,skilled employee/official,2,yes,>4 years,30-50,0,1,male,single,1
... < 100 DM,existing credits paid back duly till now,domestic appliances,... < 100 DM,1 <= ... < 4 years,3,none,2,car or other,none,1,skilled employee/official,1,yes,>4 years,30-50,1,0,female,divorced/separated/married,1
... < 100 DM,existing credits paid back duly till now,radio/television,... < 100 DM,... < 1 year,4,none,4,real estate,none,1,unskilled - resident,1,yes,2-3 years,19-30,0,0,female,divorced/separated/married,0
no checking account,critical account/other credits existing,domestic appliances,... < 100 DM,4 <= ... < 7 years,3,co-applicant,2,car or other,none,1,skilled employee/official,1,yes,2-3 years,30-50,1,1,male,single,1
no checking account,existing credits paid back duly till now,car (used),unknown/no savings account,unemployed,2,none,4,building society savings agreement/life insurance,none,1,management/self-employed/highly qualified employee/officer,1,yes,2-3 years,19-30,1,1,female,divorced/separated/married,0
... < 100 DM,existing credits paid back duly till now,others,... < 100 DM,1 <= ... < 4 years,4,none,4,building society savings agreement/life insurance,none,1,unskilled - resident,1,yes,1-2 years,19-30,0,1,female,divorced/separated/married,1
0 <= ... < 200 DM,existing credits paid back duly till now,domestic appliances,... < 100 DM,... >= 7 years,4,none,4,car or other,none,2,unskilled - resident,1,yes,<1 year,19-30,0,1,male,single,1
no checking account,critical account/other credits existing,radio/television,... < 100 DM,4 <= ... < 7 years,2,co-applicant,3,car or other,bank,2,skilled employee/official,1,yes,1-2 years,19-30,0,1,female,divorced/separated/married,1
0 <= ... < 200 DM,existing credits paid back duly till now,domestic appliances,... < 100 DM,4 <= ... < 7 years,2,none,1,real estate,none,1,skilled employee/official,1,yes,1-2 years,19-30,0,1,female,divorced/separated/married,1
no checking account,critical account/other credits existing,retraining,unknown/no savings account,1 <= ... < 4 years,3,none,2,car or other,none,2,skilled employee/official,1,yes,2-3 years,30-50,0,1,female,divorced/separated/married,1
0 <= ... < 200 DM,critical account/other credits existing,car (new),... < 100 DM,... < 1 year,4,none,4,car or other,none,2,skilled employee/official,1,yes,3-4 years,19-30,0,0,male,divorced/separated,1
no checking account,existing credits paid back duly till now,business,... < 100 DM,... < 1 year,4,none,3,car or other,none,2,unskilled - resident,1,yes,2-3 years,19-30,0,1,male,married/widowed,1
0 <= ... < 200 DM,critical account/other credits existing,car (new),... < 100 DM,... >= 7 years,3,guarantor,3,real estate,bank,2,skilled employee/official,1,yes,1-2 years,30-50,0,0,male,single,1
0 <= ... < 200 DM,critical account/other credits existing,car (new),... < 100 DM,... < 1 year,1,none,3,real estate,bank,2,unskilled - resident,2,yes,1-2 years,30-50,0,1,male,single,1
no checking account,existing credits paid back duly till now,radio/television,... < 100 DM,1 <= ... < 4 years,4,none,2,real estate,none,1,skilled employee/official,1,yes,<1 year,19-30,0,1,female,divorced/separated/married,0
0 <= ... < 200 DM,existing credits paid back duly till now,education,... < 100 DM,... < 1 year,4,none,1,unknown/no property,none,1,unskilled - resident,1,yes,3-4 years,30-50,0,0,male,single,0
no checking account,existing credits paid back duly till now,car (new),unknown/no savings account,... >= 7 years,4,none,4,unknown/no property,none,1,management/self-employed/highly qualified employee/officer,1,yes,1-2 years,50-70,0,1,female,divorced/separated/married,0
... < 100 DM,existing credits paid back duly till now,radio/television,... < 100 DM,1 <= ... < 4 years,1,none,4,real estate,bank,1,skilled employee/official,1,yes,1-2 years,19-30,0,0,female,divorced/separated/married,0
... < 100 DM,critical account/other credits existing,car (new),... < 100 DM,1 <= ... < 4 years,2,none,2,real estate,none,2,skilled employee/official,2,yes,<1 year,30-50,0,1,male,single,0
... < 100 DM,existing credits paid back duly till now,radio/television,... < 100 DM,1 <= ... < 4 years,4,guarantor,1,building society savings agreement/life insurance,none,1,unskilled - resident,1,yes,1-2 years,19-30,0,1,male,single,1
... < 100 DM,existing credits paid back duly till now,repairs,... < 100 DM,1 <= ... < 4 years,4,none,3,real estate,none,1,unskilled - resident,1,yes,1-2 years,30-50,0,0,male,married/widowed,1
... < 100 DM,critical account/other credits existing,radio/television,... < 100 DM,... >= 7 years,3,none,3,building society savings agreement/life insurance,none,2,skilled employee/official,1,yes,1-2 years,50-70,0,0,male,single,1
... < 100 DM,critical account/other credits existing,domestic appliances,... < 100 DM,4 <= ... < 7 years,4,none,3,real estate,none,4,unskilled - resident,1,yes,1-2 years,50-70,0,1,female,divorced/separated/married,1
0 <= ... < 200 DM,delay in paying off in the past,car (new),unknown/no savings account,1 <= ... < 4 years,4,none,4,car or other,none,2,skilled employee/official,1,yes,2-3 years,30-50,0,1,female,divorced/separated/married,0
no checking account,existing credits paid back duly till now,others,... >= 1000 DM,... >= 7 years,4,none,4,real estate,bank,1,unskilled - resident,1,yes,1-2 years,30-50,0,1,female,divorced/separated/married,1
0 <= ... < 200 DM,existing credits paid back duly till now,car (new),... < 100 DM,1 <= ... < 4 years,3,none,4,building society savings agreement/life insurance,none,1,unskilled - resident,1,yes,2-3 years,19-30,0,0,female,divorced/separated/married,0
... < 100 DM,all credits at this bank paid back duly,furniture/equipment,unknown/no savings account,... >= 7 years,4,none,3,car or other,stores,1,management/self-employed/highly qualified employee/officer,1,yes,2-3 years,30-50,0,0,male,single,1
0 <= ... < 200 DM,all credits at this bank paid back duly,car (new),100 <= ... < 500 DM,... < 1 year,1,none,1,building society savings agreement/life insurance,stores,1,unskilled - resident,1,yes,<1 year,30-50,0,0,female,divorced/separated/married,1
... < 100 DM,existing credits paid back duly till now,car (new),... < 100 DM,4 <= ... < 7 years,4,none,4,car or other,none,2,skilled employee/official,1,yes,2-3 years,19-30,0,0,female,divorced/separated/married,0
0 <= ... < 200 DM,no credits taken/all credits paid back duly,others,... < 100 DM,1 <= ... < 4 years,1,none,4,real estate,none,3,unskilled - resident,1,yes,2-3 years,30-50,1,0,male,single,1
no checking account,critical account/other credits existing,car (new),... < 100 DM,4 <= ... < 7 years,2,none,2,building society savings agreement/life insurance,bank,2,skilled employee/official,1,yes,1-2 years,30-50,0,0,male,single,1
no checking account,delay in paying off in the past,others,... < 100 DM,1 <= ... < 4 years,1,none,2,unknown/no property,none,1,skilled employee/official,1,yes,2-3 years,30-50,0,1,male,single,0
0 <= ... < 200 DM,existing credits paid back duly till now,domestic appliances,... < 100 DM,... < 1 year,1,guarantor,1,real estate,none,1,skilled employee/official,1,yes,<1 year,30-50,0,1,female,divorced/separated/married,1
0 <= ... < 200 DM,existing credits paid back duly till now,radio/television,... < 100 DM,1 <= ... < 4 years,4,none,1,building society savings agreement/life insurance,none,1,skilled employee/official,1,yes,<1 year,30-50,0,0,female,divorced/separated/married,1
0 <= ... < 200 DM,all credits at this bank paid back duly,retraining,... < 100 DM,4 <= ... < 7 years,4,none,4,unknown/no property,bank,1,unskilled - resident,1,yes,2-3 years,30-50,0,0,female,divorced/separated/married,0
no checking account,existing credits paid back duly till now,radio/television,... < 100 DM,1 <= ... < 4 years,4,none,2,car or other,none,1,management/self-employed/highly qualified employee/officer,1,yes,3-4 years,19-30,0,0,female,divorced/separated/married,1
... >= 200 DM / salary for at least 1 year,existing credits paid back duly till now,radio/television,... < 100 DM,... < 1 year,4,none,2,building society savings agreement/life insurance,none,1,skilled employee/official,1,yes,<1 year,19-30,0,1,female,divorced/separated/married,1
... < 100 DM,all credits at this bank paid back duly,radio/television,500 <= ... < 1000 DM,1 <= ... < 4 years,4,none,4,real estate,stores,1,skilled employee/official,1,yes,2-3 years,19-30,0,1,male,single,1
no checking account,critical account/other credits existing,others,... < 100 DM,1 <= ... < 4 years,3,none,2,real estate,none,1,management/self-employed/highly qualified employee/officer,1,yes,2-3 years,70-75,1,1,male,single,1
0 <= ... < 200 DM,existing credits paid back duly till now,domestic appliances,100 <= ... < 500 DM,1 <= ... < 4 years,4,co-applicant,4,unknown/no property,none,1,skilled employee/official,1,yes,3-4 years,50-70,0,0,female,divorced/separated/married,0
no checking account,existing credits paid back duly till now,domestic appliances,... < 100 DM,... < 1 year,4,none,1,real estate,none,1,skilled employee/official,1,yes,1-2 years,30-50,0,1,male,single,1
no checking account,existing credits paid back duly till now,car (used),unknown/no savings account,... >= 7 years,4,none,4,unknown/no property,bank,1,skilled employee/official,2,yes,1-2 years,30-50,0,1,male,single,0
... < 100 DM,existing credits paid back duly till now,repairs,100 <= ... < 500 DM,unemployed,4,none,3,building society savings agreement/life insurance,none,1,skilled employee/official,1,yes,1-2 years,19-30,0,0,female,divorced/separated/married,1
... >= 200 DM / salary for at least 1 year,existing credits paid back duly till now,car (new),100 <= ... < 500 DM,... >= 7 years,1,none,4,unknown/no property,none,1,unskilled - resident,2,yes,<1 year,30-50,0,0,female,divorced/separated/married,0
... < 100 DM,existing credits paid back duly till now,domestic appliances,... >= 1000 DM,... < 1 year,4,none,2,car or other,bank,1,skilled employee/official,1,yes,1-2 years,19-30,0,1,female,divorced/separated/married,1
... < 100 DM,all credits at this bank paid back duly,car (used),... < 100 DM,1 <= ... < 4 years,1,guarantor,4,car or other,bank,1,skilled employee/official,1,no,2-3 years,19-30,0,1,female,divorced/separated/married,0
no checking account,delay in paying off in the past,radio/television,... < 100 DM,4 <= ... < 7 years,4,none,1,real estate,none,1,skilled employee/official,1,yes,1-2 years,19-30,0,0,female,divorced/separated/married,1
0 <= ... < 200 DM,no credits taken/all credits paid back duly,others,unknown/no savings account,1 <= ... < 4 years,2,none,2,car or other,bank,1,management/self-employed/highly qualified employee/officer,1,yes,>4 years,30-50,1,1,male,single,1
0 <= ... < 200 DM,delay in paying off in the past,domestic appliances,unknown/no savings account,1 <= ... < 4 years,2,none,2,unknown/no property,none,1,management/self-employed/highly qualified employee/officer,1,yes,>4 years,19-30,1,1,male,single,0
... < 100 DM,critical account/other credits existing,car (new),... < 100 DM,1 <= ... < 4 years,1,none,3,real estate,none,3,skilled employee/official,2,yes,<1 year,30-50,0,1,male,single,0
0 <= ... < 200 DM,existing credits paid back duly till now,radio/television,100 <= ... < 500 DM,1 <= ... < 4 years,2,co-applicant,4,car or other,none,1,skilled employee/official,1,yes,2-3 years,19-30,0,0,female,divorced/separated/married,0
no checking account,existing credits paid back duly till now,car (new),... < 100 DM,1 <= ... < 4 years,4,none,2,real estate,none,1,unskilled - resident,1,yes,1-2 years,30-50,0,1,male,divorced/separated,1
0 <= ... < 200 DM,critical account/other credits existing,others,... < 100 DM,4 <= ... < 7 years,2,none,3,building society savings agreement/life insurance,none,2,skilled employee/official,1,yes,1-2 years,19-30,0,1,male,single,1
no checking account,critical account/other credits existing,car (new),... < 100 DM,1 <= ... < 4 years,3,none,2,building society savings agreement/life insurance,bank,2,skilled employee/official,1,yes,1-2 years,30-50,0,0,male,single,1
no checking account,existing credits paid back duly till now,others,unknown/no savings account,1 <= ... < 4 years,4,none,2,real estate,bank,1,skilled employee/official,1,yes,>4 years,30-50,0,0,male,divorced/separated,1
... < 100 DM,existing credits paid back duly till now,radio/television,... < 100 DM,... < 1 year,4,none,1,car or other,none,1,skilled employee/official,1,yes,1-2 years,19-30,0,1,female,divorced/separated/married,0
... < 100 DM,existing credits paid back duly till now,domestic appliances,... < 100 DM,1 <= ... < 4 years,4,none,4,unknown/no property,none,2,skilled employee/official,1,yes,1-2 years,50-70,0,0,male,single,0
no checking account,existing credits paid back duly till now,domestic appliances,unknown/no savings account,... >= 7 years,4,none,2,car or other,none,1,skilled employee/official,1,yes,1-2 years,30-50,0,1,male,single,1
... >= 200 DM / salary for at least 1 year,existing credits paid back duly till now,radio/television,... < 100 DM,1 <= ... < 4 years,2,none,2,real estate,none,1,skilled employee/official,1,yes,<1 year,30-50,0,1,male,single,1
0 <= ... < 200 DM,all credits at this bank paid back duly,car (new),100 <= ... < 500 DM,4 <= ... < 7 years,2,none,3,unknown/no property,none,1,skilled employee/official,1,yes,<1 year,19-30,0,0,male,single,1
no checking account,critical account/other credits existing,radio/television,500 <= ... < 1000 DM,1 <= ... < 4 years,4,none,4,real estate,none,2,skilled employee/official,1,yes,3-4 years,30-50,1,1,male,single,1
no checking account,existing credits paid back duly till now,retraining,unknown/no savings account,... >= 7 years,1,none,4,real estate,none,1,unskilled - resident,1,yes,<1 year,50-70,0,1,male,single,1
... < 100 DM,existing credits paid back duly till now,domestic appliances,... < 100 DM,1 <= ... < 4 years,2,none,4,car or other,none,1,skilled employee/official,1,yes,2-3 years,19-30,0,1,female,divorced/separated/married,1
... < 100 DM,all credits at this bank paid back duly,radio/television,... < 100 DM,1 <= ... < 4 years,4,none,3,car or other,bank,1,skilled employee/official,1,yes,1-2 years,30-50,0,0,male,single,1
0 <= ... < 200 DM,existing credits paid back duly till now,domestic appliances,unknown/no savings account,... < 1 year,4,none,1,building society savings agreement/life insurance,none,1,skilled employee/official,1,yes,1-2 years,19-30,0,1,male,single,1
no checking account,existing credits paid back duly till now,radio/television,... < 100 DM,... < 1 year,2,co-applicant,2,car or other,none,2,skilled employee/official,1,yes,<1 year,19-30,0,0,female,divorced/separated/married,0
0 <= ... < 200 DM,existing credits paid back duly till now,car (new),... < 100 DM,... < 1 year,3,none,4,car or other,none,1,unskilled - resident,1,yes,2-3 years,19-30,0,0,female,divorced/separated/married,1
no checking account,existing credits paid back duly till now,retraining,... < 100 DM,... >= 7 years,4,none,4,building society savings agreement/life insurance,bank,3,skilled employee/official,2,yes,1-2 years,30-50,0,1,male,single,1
no checking account,existing credits paid back duly till now,domestic appliances,500 <= ... < 1000 DM,4 <= ... < 7 years,4,none,1,car or other,none,1,skilled employee/official,1,yes,2-3 years,19-30,0,1,female,divorced/separated/married,1
no checking account,delay in paying off in the past,domestic appliances,... < 100 DM,4 <= ... < 7 years,2,none,4,car or other,none,2,skilled employee/official,1,yes,>4 years,19-30,1,1,male,single,1
no checking account,existing credits paid back duly till now,domestic appliances,... < 100 DM,... < 1 year,4,none,3,car or other,none,1,skilled employee/official,2,yes,1-2 years,30-50,0,1,female,divorced/separated/married,1
... < 100 DM,delay in paying off in the past,domestic appliances,... < 100 DM,4 <= ... < 7 years,3,none,2,building society savings agreement/life insurance,bank,2,skilled employee/official,2,yes,3-4 years,19-30,1,0,male,single,1
... < 100 DM,existing credits paid back duly till now,retraining,... < 100 DM,unemployed,4,none,1,real estate,none,1,unemployed/unskilled - non-resident,1,yes,1-2 years,19-30,0,0,female,divorced/separated/married,1
0 <= ... < 200 DM,existing credits paid back duly till now,education,... < 100 DM,... >= 7 years,4,none,4,car or other,none,2,unskilled - resident,1,yes,1-2 years,30-50,0,1,male,single,1
no checking account,existing credits paid back duly till now,retraining,100 <= ... < 500 DM,1 <= ... < 4 years,3,none,2,building society savings agreement/life insurance,none,1,management/self-employed/highly qualified employee/officer,1,yes,1-2 years,30-50,1,0,male,single,1
no checking account,critical account/other credits existing,domestic appliances,... < 100 DM,4 <= ... < 7 years,4,guarantor,2,car or other,none,2,skilled employee/official,1,yes,2-3 years,30-50,0,1,male,married/widowed,1
... < 100 DM,critical account/other credits existing,domestic appliances,... < 100 DM,4 <= ... < 7 years,4,none,1,building society savings agreement/life insurance,none,2,management/self-employed/highly qualified employee/officer,1,yes,1-2 years,30-50,0,1,male,married/widowed,1
no checking account,delay in paying off in the past,others,unknown/no savings account,... < 1 year,4,none,4,car or other,none,2,skilled employee/official,1,yes,3-4 years,19-30,1,0,male,single,0
... < 100 DM,no credits taken/all credits paid back duly,radio/television,... < 100 DM,1 <= ... < 4 years,2,guarantor,2,real estate,none,2,skilled employee/official,1,yes,2-3 years,30-50,1,1,male,divorced/separated,1
no checking account,existing credits paid back duly till now,car (new),500 <= ... < 1000 DM,1 <= ... < 4 years,2,none,2,building society savings agreement/life insurance,none,1,skilled employee/official,1,yes,1-2 years,19-30,0,0,female,divorced/separated/married,1
... >= 200 DM / salary for at least 1 year,existing credits paid back duly till now,car (new),... < 100 DM,4 <= ... < 7 years,4,none,3,unknown/no property,bank,1,skilled employee/official,2,yes,2-3 years,30-50,0,0,male,single,0
... < 100 DM,existing credits paid back duly till now,retraining,... < 100 DM,1 <= ... < 4 years,4,none,4,car or other,none,1,unskilled - resident,2,yes,1-2 years,30-50,0,0,male,single,0
... < 100 DM,existing credits paid back duly till now,retraining,... < 100 DM,4 <= ... < 7 years,4,none,1,unknown/no property,none,1,management/self-employed/highly qualified employee/officer,1,yes,>4 years,50-70,1,1,male,single,0
0 <= ... < 200 DM,existing credits paid back duly till now,radio/television,... < 100 DM,1 <= ... < 4 years,4,none,2,building society savings agreement/life insurance,none,1,unskilled - resident,1,yes,1-2 years,30-50,0,0,male,single,1
... < 100 DM,existing credits paid back duly till now,car (new),... < 100 DM,... >= 7 years,4,co-applicant,1,real estate,none,1,skilled employee/official,1,yes,2-3 years,30-50,0,0,male,single,1
0 <= ... < 200 DM,delay in paying off in the past,car (new),100 <= ... < 500 DM,... >= 7 years,2,none,4,car or other,none,4,management/self-employed/highly qualified employee/officer,1,yes,3-4 years,30-50,1,0,male,single,1
no checking account,critical account/other credits existing,car (used),... < 100 DM,4 <= ... < 7 years,4,none,3,car or other,none,2,skilled employee/official,1,yes,2-3 years,30-50,0,1,male,single,1
... < 100 DM,existing credits paid back duly till now,car (new),... < 100 DM,unemployed,1,none,4,unknown/no property,none,1,skilled employee/official,1,yes,1-2 years,19-30,0,1,male,single,0
0 <= ... < 200 DM,existing credits paid back duly till now,car (new),... < 100 DM,... >= 7 years,4,none,4,car or other,bank,1,unskilled - resident,2,yes,1-2 years,30-50,0,0,male,single,1
no checking account,existing credits paid back duly till now,domestic appliances,unknown/no savings account,4 <= ... < 7 years,4,none,3,car or other,stores,1,skilled employee/official,1,yes,>4 years,30-50,1,1,male,single,1
0 <= ... < 200 DM,no credits taken/all credits paid back duly,others,... < 100 DM,1 <= ... < 4 years,2,none,1,car or other,none,2,skilled employee/official,1,yes,2-3 years,19-30,1,1,female,divorced/separated/married,1
0 <= ... < 200 DM,critical account/other credits existing,radio/television,... < 100 DM,... >= 7 years,2,none,1,unknown/no property,none,1,skilled employee/official,1,yes,1-2 years,30-50,1,1,male,single,1
... >= 200 DM / salary for at least 1 year,existing credits paid back duly till now,domestic appliances,... < 100 DM,1 <= ... < 4 years,3,none,4,real estate,none,1,skilled employee/official,1,yes,1-2 years,19-30,0,1,male,married/widowed,0
... < 100 DM,existing credits paid back duly till now,car (new),unknown/no savings account,1 <= ... < 4 years,4,none,2,car or other,none,1,skilled employee/official,1,yes,1-2 years,19-30,0,0,male,married/widowed,1
no checking account,existing credits paid back duly till now,radio/television,... < 100 DM,... >= 7 years,4,none,2,real estate,none,2,skilled employee/official,1,yes,1-2 years,50-70,0,1,male,single,1
0 <= ... < 200 DM,delay in paying off in the past,radio/television,... < 100 DM,unemployed,4,none,1,building society savings agreement/life insurance,stores,2,management/self-employed/highly qualified employee/officer,1,yes,<1 year,30-50,0,1,male,single,1
... >= 200 DM / salary for at least 1 year,critical account/other credits existing,retraining,... < 100 DM,1 <= ... < 4 years,2,none,4,building society savings agreement/life insurance,none,1,unskilled - resident,1,yes,<1 year,50-70,0,1,female,divorced/separated/married,1
no checking account,critical account/other credits existing,furniture/equipment,... < 100 DM,unemployed,4,co-applicant,2,unknown/no property,bank,2,management/self-employed/highly qualified employee/officer,1,yes,2-3 years,19-30,1,1,male,single,1
0 <= ... < 200 DM,all credits at this bank paid back duly,radio/television,... >= 1000 DM,1 <= ... < 4 years,4,none,2,car or other,stores,1,skilled employee/official,2,yes,2-3 years,30-50,0,1,male,single,1
no checking account,all credits at this bank paid back duly,others,... < 100 DM,1 <= ... < 4 years,1,none,1,real estate,stores,1,skilled employee/official,1,yes,>4 years,19-30,0,1,female,divorced/separated/married,1
... < 100 DM,critical account/other credits existing,car (new),... < 100 DM,... >= 7 years,3,co-applicant,4,building society savings agreement/life insurance,none,2,skilled employee/official,1,yes,1-2 years,30-50,1,0,male,single,0
... >= 200 DM / salary for at least 1 year,critical account/other credits existing,domestic appliances,... < 100 DM,... >= 7 years,4,none,4,building society savings agreement/life insurance,none,1,skilled employee/official,1,yes,2-3 years,30-50,0,1,male,single,1
no checking account,critical account/other credits existing,others,100 <= ... < 500 DM,1 <= ... < 4 years,3,none,3,building society savings agreement/life insurance,none,2,unskilled - resident,1,yes,2-3 years,19-30,1,1,male,single,1
no checking account,existing credits paid back duly till now,others,100 <= ... < 500 DM,4 <= ... < 7 years,2,none,2,car or other,none,2,skilled employee/official,1,yes,3-4 years,30-50,1,1,male,single,1
no checking account,existing credits paid back duly till now,car (new),... < 100 DM,... >= 7 years,2,none,4,building society savings agreement/life insurance,none,1,management/self-employed/highly qualified employee/officer,1,yes,>4 years,30-50,1,1,male,single,1
no checking account,critical account/other credits existing,car (new),500 <= ... < 1000 DM,1 <= ... < 4 years,1,none,2,car or other,none,1,skilled employee/official,1,yes,<1 year,19-30,0,1,male,married/widowed,1
no checking account,delay in paying off in the past,others,500 <= ... < 1000 DM,... < 1 year,4,none,2,real estate,bank,1,unskilled - resident,2,yes,1-2 years,30-50,0,0,male,single,1
no checking account,critical account/other credits existing,domestic appliances,... < 100 DM,4 <= ... < 7 years,4,none,4,car or other,none,1,management/self-employed/highly qualified employee/officer,1,yes,2-3 years,19-30,1,1,female,divorced/separated/married,0
no checking account,critical account/other credits existing,radio/television,... < 100 DM,... >= 7 years,4,none,4,car or other,none,1,skilled employee/official,1,yes,2-3 years,30-50,1,1,male,single,1
0 <= ... < 200 DM,existing credits paid back duly till now,domestic appliances,100 <= ... < 500 DM,1 <= ... < 4 years,2,none,2,car or other,none,1,skilled employee/official,1,yes,>4 years,19-30,1,0,male,married/widowed,1
... < 100 DM,existing credits paid back duly till now,domestic appliances,... < 100 DM,... >= 7 years,4,none,4,real estate,bank,1,unskilled - resident,1,yes,2-3 years,50-70,0,1,male,single,0
no checking account,existing credits paid back duly till now,domestic appliances,... < 100 DM,... < 1 year,3,none,1,real estate,none,1,skilled employee/official,1,yes,1-2 years,19-30,0,1,female,divorced/separated/married,1
no checking account,existing credits paid back duly till now,retraining,... < 100 DM,... < 1 year,1,none,2,unknown/no property,none,1,skilled employee/official,1,yes,<1 year,50-70,0,1,female,divorced/separated/married,1
no checking account,existing credits paid back duly till now,domestic appliances,unknown/no savings account,1 <= ... < 4 years,4,none,4,unknown/no property,none,1,skilled employee/official,1,yes,1-2 years,30-50,0,1,male,single,0
no checking account,delay in paying off in the past,domestic appliances,... < 100 DM,1 <= ... < 4 years,4,none,3,real estate,bank,2,skilled employee/official,1,yes,1-2 years,30-50,0,1,male,married/widowed,1
no checking account,critical account/other credits existing,domestic appliances,... < 100 DM,... < 1 year,3,none,3,unknown/no property,none,3,skilled employee/official,1,yes,2-3 years,30-50,1,1,male,married/widowed,0
0 <= ... < 200 DM,delay in paying off in the past,others,100 <= ... < 500 DM,4 <= ... < 7 years,1,none,3,building society savings agreement/life insurance,none,2,unskilled - resident,2,yes,3-4 years,30-50,1,1,male,single,1
no checking account,existing credits paid back duly till now,car (new),unknown/no savings account,1 <= ... < 4 years,4,none,4,unknown/no property,none,1,skilled employee/official,2,yes,>4 years,30-50,1,1,male,single,0
... >= 200 DM / salary for at least 1 year,critical account/other credits existing,domestic appliances,unknown/no savings account,4 <= ... < 7 years,4,none,2,building society savings agreement/life insurance,none,2,skilled employee/official,1,yes,<1 year,19-30,0,1,male,single,1
0 <= ... < 200 DM,delay in paying off in the past,car (new),100 <= ... < 500 DM,... >= 7 years,4,none,3,unknown/no property,none,1,skilled employee/official,1,yes,3-4 years,30-50,0,1,male,single,0
no checking account,existing credits paid back duly till now,domestic appliances,100 <= ... < 500 DM,... >= 7 years,3,co-applicant,4,car or other,none,1,skilled employee/official,1,yes,<1 year,30-50,0,1,male,single,1
... < 100 DM,existing credits paid back duly till now,car (new),... >= 1000 DM,1 <= ... < 4 years,1,none,3,building society savings agreement/life insurance,none,1,skilled employee/official,2,yes,1-2 years,30-50,0,1,male,single,1
... < 100 DM,critical account/other credits existing,radio/television,... < 100 DM,1 <= ... < 4 years,2,none,3,building society savings agreement/life insurance,none,2,skilled employee/official,1,yes,1-2 years,19-30,0,1,male,divorced/separated,1
0 <= ... < 200 DM,existing credits paid back duly till now,education,100 <= ... < 500 DM,1 <= ... < 4 years,3,none,2,real estate,none,1,unskilled - resident,1,yes,1-2 years,19-30,0,1,female,divorced/separated/married,1
0 <= ... < 200 DM,existing credits paid back duly till now,domestic appliances,100 <= ... < 500 DM,... < 1 year,2,none,1,car or other,none,1,skilled employee/official,1,yes,2-3 years,19-30,0,1,male,single,1
... < 100 DM,critical account/other credits existing,car (new),unknown/no savings account,... < 1 year,1,none,3,real estate,none,2,unskilled - resident,2,yes,<1 year,30-50,1,1,male,single,1
no checking account,existing credits paid back duly till now,domestic appliances,... < 100 DM,4 <= ... < 7 years,4,none,2,car or other,none,1,skilled employee/official,1,yes,2-3 years,19-30,0,1,male,single,1
no checking account,existing credits paid back duly till now,car (used),500 <= ... < 1000 DM,1 <= ... < 4 years,2,none,4,building society savings agreement/life insurance,none,1,skilled employee/official,1,yes,<1 year,50-70,0,1,male,single,0
0 <= ... < 200 DM,existing credits paid back duly till now,domestic appliances,... < 100 DM,4 <= ... < 7 years,4,guarantor,3,real estate,none,2,skilled employee/official,1,no,1-2 years,19-30,0,1,male,single,1
no checking account,critical account/other credits existing,car (new),... < 100 DM,unemployed,1,none,2,building society savings agreement/life insurance,none,1,unemployed/unskilled - non-resident,1,yes,1-2 years,30-50,0,1,female,divorced/separated/married,1
no checking account,critical account/other credits existing,domestic appliances,... < 100 DM,1 <= ... < 4 years,4,none,2,car or other,none,2,skilled employee/official,1,yes,1-2 years,19-30,0,1,male,single,1
... >= 200 DM / salary for at least 1 year,existing credits paid back duly till now,retraining,... < 100 DM,... >= 7 years,4,none,4,car or other,none,1,management/self-employed/highly qualified employee/officer,1,yes,1-2 years,30-50,0,1,male,single,0
no checking account,existing credits paid back duly till now,radio/television,500 <= ... < 1000 DM,1 <= ... < 4 years,4,none,4,car or other,none,1,unskilled - resident,1,yes,1-2 years,19-30,0,0,female,divorced/separated/married,0
... < 100 DM,critical account/other credits existing,car (used),... < 100 DM,... >= 7 years,4,none,4,unknown/no property,none,2,skilled employee/official,1,yes,>4 years,30-50,1,0,male,single,0
... >= 200 DM / salary for at least 1 year,existing credits paid back duly till now,domestic appliances,100 <= ... < 500 DM,... >= 7 years,4,none,2,unknown/no property,none,1,skilled employee/official,1,yes,2-3 years,30-50,0,1,female,divorced/separated/married,0
0 <= ... < 200 DM,delay in paying off in the past,others,100 <= ... < 500 DM,... >= 7 years,4,none,2,building society savings agreement/life insurance,stores,2,skilled employee/official,1,yes,2-3 years,30-50,0,1,male,single,1
0 <= ... < 200 DM,existing credits paid back duly till now,others,... < 100 DM,... < 1 year,4,none,1,building society savings agreement/life insurance,none,1,skilled employee/official,2,yes,2-3 years,30-50,0,1,female,divorced/separated/married,1
no checking account,existing credits paid back duly till now,car (new),500 <= ... < 1000 DM,... >= 7 years,1,none,4,unknown/no property,none,1,skilled employee/official,1,yes,1-2 years,30-50,1,1,female,divorced/separated/married,0
0 <= ... < 200 DM,existing credits paid back duly till now,car (new),100 <= ... < 500 DM,4 <= ... < 7 years,3,none,2,building society savings agreement/life insurance,none,1,skilled employee/official,1,yes,>4 years,19-30,1,0,male,single,1
0 <= ... < 200 DM,no credits taken/all credits paid back duly,radio/television,... < 100 DM,... < 1 year,4,none,3,building society savings agreement/life insurance,none,2,skilled employee/official,1,yes,1-2 years,19-30,0,0,female,divorced/separated/married,0
0 <= ... < 200 DM,existing credits paid back duly till now,domestic appliances,... < 100 DM,... >= 7 years,4,none,4,real estate,none,1,skilled employee/official,1,yes,<1 year,19-30,0,1,female,divorced/separated/married,1
0 <= ... < 200 DM,existing credits paid back duly till now,domestic appliances,... < 100 DM,1 <= ... < 4 years,2,none,2,real estate,none,1,unskilled - resident,2,yes,<1 year,30-50,0,1,male,single,1
no checking account,critical account/other credits existing,domestic appliances,500 <= ... < 1000 DM,... >= 7 years,4,none,3,building society savings agreement/life insurance,bank,2,management/self-employed/highly qualified employee/officer,1,yes,1-2 years,30-50,0,1,male,single,1
... < 100 DM,all credits at this bank paid back duly,retraining,... < 100 DM,... >= 7 years,4,none,4,unknown/no property,none,1,skilled employee/official,1,yes,<1 year,30-50,0,0,female,divorced/separated/married,0
no checking account,existing credits paid back duly till now,car (used),unknown/no savings account,... >= 7 years,4,none,4,real estate,none,1,management/self-employed/highly qualified employee/officer,1,yes,1-2 years,30-50,0,1,male,single,1
... < 100 DM,critical account/other credits existing,domestic appliances,... < 100 DM,1 <= ... < 4 years,4,none,4,real estate,none,2,unskilled - resident,1,yes,<1 year,19-30,0,1,male,single,1
0 <= ... < 200 DM,existing credits paid back duly till now,car (new),... < 100 DM,4 <= ... < 7 years,4,none,2,unknown/no property,none,1,management/self-employed/highly qualified employee/officer,1,yes,>4 years,19-30,1,0,male,single,1
no checking account,critical account/other credits existing,car (used),unknown/no savings account,... >= 7 years,1,none,4,car or other,none,2,skilled employee/official,1,yes,2-3 years,50-70,1,1,male,single,1
no checking account,critical account/other credits existing,domestic appliances,unknown/no savings account,... >= 7 years,3,none,2,car or other,none,2,skilled employee/official,2,yes,2-3 years,30-50,0,1,male,single,1
no checking account,existing credits paid back duly till now,domestic appliances,... < 100 DM,1 <= ... < 4 years,4,none,2,unknown/no property,none,1,management/self-employed/highly qualified employee/officer,1,yes,1-2 years,30-50,0,1,male,single,0
... >= 200 DM / salary for at least 1 year,critical account/other credits existing,domestic appliances,unknown/no savings account,1 <= ... < 4 years,3,none,2,car or other,none,2,skilled employee/official,1,yes,2-3 years,30-50,0,1,male,single,1
0 <= ... < 200 DM,no credits taken/all credits paid back duly,car (used),100 <= ... < 500 DM,... >= 7 years,3,none,4,car or other,bank,2,skilled employee/official,1,yes,1-2 years,30-50,1,1,male,married/widowed,1
... >= 200 DM / salary for at least 1 year,no credits taken/all credits paid back duly,domestic appliances,... < 100 DM,... < 1 year,4,none,2,car or other,none,2,management/self-employed/highly qualified employee/officer,1,yes,<1 year,30-50,0,0,male,single,1
0 <= ... < 200 DM,all credits at this bank paid back duly,retraining,... >= 1000 DM,... < 1 year,4,none,2,building society savings agreement/life insurance,bank,1,skilled employee/official,2,yes,<1 year,19-30,0,0,female,divorced/separated/married,0
... < 100 DM,existing credits paid back duly till now,car (new),... < 100 DM,1 <= ... < 4 years,4,none,2,real estate,none,1,unskilled - resident,1,yes,1-2 years,19-30,0,0,female,divorced/separated/married,1
0 <= ... < 200 DM,existing credits paid back duly till now,domestic appliances,500 <= ... < 1000 DM,1 <= ... < 4 years,4,none,3,real estate,none,1,unskilled - resident,1,yes,<1 year,50-70,0,1,female,divorced/separated/married,1
no checking account,existing credits paid back duly till now,car (new),... < 100 DM,1 <= ... < 4 years,3,none,3,real estate,none,1,skilled employee/official,1,yes,2-3 years,19-30,0,0,female,divorced/separated/married,0
no checking account,critical account/other credits existing,car (new),... >= 1000 DM,1 <= ... < 4 years,2,none,2,real estate,bank,2,unskilled - resident,1,yes,<1 year,30-50,0,1,female,divorced/separated/married,1
no checking account,critical account/other credits existing,domestic appliances,500 <= ... < 1000 DM,1 <= ... < 4 years,2,none,2,building society savings agreement/life insurance,none,2,unskilled - resident,1,yes,1-2 years,30-50,0,1,male,married/widowed,1
... < 100 DM,existing credits paid back duly till now,domestic appliances,... < 100 DM,1 <= ... < 4 years,4,none,4,car or other,bank,2,skilled employee/official,1,yes,1-2 years,19-30,0,0,female,divorced/separated/married,0
0 <= ... < 200 DM,all credits at this bank paid back duly,others,... < 100 DM,... >= 7 years,4,none,3,unknown/no property,none,1,skilled employee/official,1,yes,>4 years,50-70,1,0,female,divorced/separated/married,0
... >= 200 DM / salary for at least 1 year,critical account/other credits existing,others,... >= 1000 DM,1 <= ... < 4 years,2,none,4,real estate,none,2,skilled employee/official,1,yes,2-3 years,30-50,0,1,male,divorced/separated,1
0 <= ... < 200 DM,delay in paying off in the past,domestic appliances,... < 100 DM,... < 1 year,1,none,2,car or other,none,1,skilled employee/official,1,yes,2-3 years,30-50,1,1,male,single,1
... < 100 DM,existing credits paid back duly till now,domestic appliances,... < 100 DM,1 <= ... < 4 years,2,none,4,real estate,none,1,unskilled - resident,2,yes,2-3 years,19-30,0,0,male,single,0
0 <= ... < 200 DM,existing credits paid back duly till now,domestic appliances,... < 100 DM,4 <= ... < 7 years,4,guarantor,2,real estate,none,1,unskilled - resident,1,yes,<1 year,30-50,0,1,female,divorced/separated/married,1
no checking account,existing credits paid back duly till now,car (used),... >= 1000 DM,1 <= ... < 4 years,2,none,4,car or other,none,1,skilled employee/official,1,yes,2-3 years,19-30,0,1,female,divorced/separated/married,0
no checking account,critical account/other credits existing,car (new),... < 100 DM,4 <= ... < 7 years,1,none,1,real estate,none,1,skilled employee/official,2,yes,<1 year,30-50,0,1,female,divorced/separated/married,1
0 <= ... < 200 DM,all credits at this bank paid back duly,repairs,unknown/no savings account,... < 1 year,3,none,2,unknown/no property,bank,1,unemployed/unskilled - non-resident,1,yes,3-4 years,19-30,0,1,female,divorced/separated/married,1
0 <= ... < 200 DM,existing credits paid back duly till now,car (used),... < 100 DM,1 <= ... < 4 years,1,none,4,car or other,none,2,management/self-employed/highly qualified employee/officer,1,yes,2-3 years,19-30,1,0,female,divorced/separated/married,0
... < 100 DM,existing credits paid back duly till now,car (new),100 <= ... < 500 DM,1 <= ... < 4 years,3,none,4,car or other,none,1,unskilled - resident,2,yes,1-2 years,30-50,1,1,male,single,1
no checking account,critical account/other credits existing,car (new),... < 100 DM,4 <= ... < 7 years,1,none,3,unknown/no property,none,2,management/self-employed/highly qualified employee/officer,2,yes,<1 year,30-50,1,1,male,single,1
0 <= ... < 200 DM,no credits taken/all credits paid back duly,others,100 <= ... < 500 DM,1 <= ... < 4 years,4,none,4,car or other,none,2,unskilled - resident,1,yes,2-3 years,19-30,1,0,female,divorced/separated/married,0
... < 100 DM,all credits at this bank paid back duly,car (new),100 <= ... < 500 DM,4 <= ... < 7 years,2,none,3,car or other,bank,1,skilled employee/official,1,yes,2-3 years,30-50,0,1,male,single,1
0 <= ... < 200 DM,all credits at this bank paid back duly,domestic appliances,... < 100 DM,1 <= ... < 4 years,4,none,4,real estate,stores,1,unskilled - resident,1,yes,<1 year,19-30,0,1,male,single,1
no checking account,existing credits paid back duly till now,domestic appliances,unknown/no savings account,... >= 7 years,4,none,3,building society savings agreement/life insurance,none,1,skilled employee/official,1,yes,1-2 years,30-50,0,1,male,single,1
... < 100 DM,all credits at this bank paid back duly,radio/television,500 <= ... < 1000 DM,1 <= ... < 4 years,4,none,4,real estate,stores,1,skilled employee/official,1,yes,2-3 years,19-30,0,1,male,single,1
... < 100 DM,critical account/other credits existing,radio/television,unknown/no savings account,4 <= ... < 7 years,4,none,4,building society savings agreement/life insurance,none,2,management/self-employed/highly qualified employee/officer,1,yes,3-4 years,30-50,1,1,male,single,1
... < 100 DM,critical account/other credits existing,others,... < 100 DM,... < 1 year,3,none,1,building society savings agreement/life insurance,bank,2,unskilled - resident,1,yes,1-2 years,19-30,0,1,male,single,1
... < 100 DM,existing credits paid back duly till now,car (new),... < 100 DM,unemployed,1,none,4,car or other,none,1,skilled employee/official,1,yes,1-2 years,19-30,0,1,female,divorced/separated/married,0
... < 100 DM,existing credits paid back duly till now,car (new),... < 100 DM,... < 1 year,3,none,1,real estate,none,1,unskilled - resident,1,yes,1-2 years,30-50,0,0,female,divorced/separated/married,1
no checking account,existing credits paid back duly till now,car (used),unknown/no savings account,1 <= ... < 4 years,1,none,3,car or other,none,1,skilled employee/official,1,yes,1-2 years,19-30,1,1,male,single,1
no checking account,existing credits paid back duly till now,car (used),... < 100 DM,4 <= ... < 7 years,2,none,2,car or other,none,1,skilled employee/official,1,yes,1-2 years,30-50,0,1,male,single,1
... < 100 DM,existing credits paid back duly till now,radio/television,... < 100 DM,... >= 7 years,2,none,1,building society savings agreement/life insurance,bank,1,skilled employee/official,1,yes,<1 year,30-50,0,1,female,divorced/separated/married,1
... < 100 DM,existing credits paid back duly till now,car (new),... < 100 DM,... < 1 year,1,none,2,car or other,none,1,unskilled - resident,1,yes,1-2 years,19-30,0,0,female,divorced/separated/married,1
0 <= ... < 200 DM,existing credits paid back duly till now,others,100 <= ... < 500 DM,4 <= ... < 7 years,2,none,4,real estate,none,1,unskilled - resident,1,yes,1-2 years,19-30,0,1,female,divorced/separated/married,0
no checking account,critical account/other credits existing,domestic appliances,... < 100 DM,4 <= ... < 7 years,4,none,2,car or other,none,2,skilled employee/official,1,yes,2-3 years,19-30,1,1,female,divorced/separated/married,1
no checking account,delay in paying off in the past,education,... >= 1000 DM,... >= 7 years,4,none,4,unknown/no property,none,2,skilled employee/official,2,yes,1-2 years,50-70,0,0,male,single,0
... < 100 DM,existing credits paid back duly till now,car (new),unknown/no savings account,4 <= ... < 7 years,4,none,4,unknown/no property,none,1,skilled employee/official,1,yes,2-3 years,30-50,0,0,female,divorced/separated/married,0
... >= 200 DM / salary for at least 1 year,critical account/other credits existing,car (new),... < 100 DM,1 <= ... < 4 years,1,none,1,real estate,none,3,unemployed/unskilled - non-resident,2,no,<1 year,70-75,0,1,male,single,1
... >= 200 DM / salary for at least 1 year,critical account/other credits existing,domestic appliances,unknown/no savings account,1 <= ... < 4 years,3,none,4,unknown/no property,none,2,skilled employee/official,1,yes,1-2 years,30-50,0,0,male,single,0
no checking account,existing credits paid back duly till now,car (new),... < 100 DM,1 <= ... < 4 years,2,guarantor,2,real estate,none,1,skilled employee/official,1,yes,2-3 years,30-50,0,1,male,single,1
... < 100 DM,critical account/other credits existing,car (new),... < 100 DM,... >= 7 years,4,none,3,building society savings agreement/life insurance,none,2,skilled employee/official,1,yes,1-2 years,30-50,0,0,male,single,1
no checking account,critical account/other credits existing,car (new),unknown/no savings account,... >= 7 years,1,none,4,car or other,none,1,skilled employee/official,1,yes,1-2 years,50-70,1,1,female,divorced/separated/married,1
... < 100 DM,critical account/other credits existing,radio/television,... < 100 DM,1 <= ... < 4 years,4,none,4,real estate,none,2,skilled employee/official,1,yes,1-2 years,19-30,0,0,female,divorced/separated/married,0
... < 100 DM,existing credits paid back duly till now,domestic appliances,... < 100 DM,1 <= ... < 4 years,4,none,3,building society savings agreement/life insurance,none,1,unskilled - resident,1,yes,1-2 years,19-30,0,1,male,single,1
no checking account,critical account/other credits existing,car (new),unknown/no savings account,... >= 7 years,4,none,4,unknown/no property,none,1,management/self-employed/highly qualified employee/officer,1,yes,1-2 years,30-50,1,0,male,single,0
no checking account,critical account/other credits existing,car (new),100 <= ... < 500 DM,4 <= ... < 7 years,4,none,3,building society savings agreement/life insurance,none,2,skilled employee/official,1,yes,2-3 years,19-30,0,1,male,married/widowed,1
0 <= ... < 200 DM,existing credits paid back duly till now,domestic appliances,... < 100 DM,... >= 7 years,3,guarantor,3,real estate,bank,2,unskilled - resident,1,yes,1-2 years,30-50,0,1,male,married/widowed,1
... < 100 DM,existing credits paid back duly till now,radio/television,... < 100 DM,... < 1 year,2,none,4,building society savings agreement/life insurance,none,1,unskilled - resident,1,yes,2-3 years,30-50,0,0,male,divorced/separated,1
no checking account,existing credits paid back duly till now,car (used),unknown/no savings account,... < 1 year,1,none,4,real estate,none,1,skilled employee/official,1,yes,<1 year,30-50,0,1,female,divorced/separated/married,0
0 <= ... < 200 DM,critical account/other credits existing,radio/television,... < 100 DM,... >= 7 years,1,none,4,car or other,none,3,skilled employee/official,1,yes,1-2 years,19-30,0,1,male,single,0
no checking account,critical account/other credits existing,domestic appliances,... < 100 DM,... >= 7 years,2,none,4,real estate,none,2,unskilled - resident,1,yes,1-2 years,50-70,0,1,male,single,1
... < 100 DM,existing credits paid back duly till now,car (used),unknown/no savings account,... >= 7 years,2,none,4,real estate,none,1,skilled employee/official,1,yes,2-3 years,19-30,0,1,female,divorced/separated/married,0
... < 100 DM,critical account/other credits existing,retraining,... < 100 DM,1 <= ... < 4 years,3,none,2,unknown/no property,none,2,management/self-employed/highly qualified employee/officer,1,yes,3-4 years,19-30,1,0,female,divorced/separated/married,1
no checking account,critical account/other credits existing,car (used),... < 100 DM,... >= 7 years,1,none,4,car or other,none,1,management/self-employed/highly qualified employee/officer,1,yes,1-2 years,30-50,0,1,male,single,1
no checking account,critical account/other credits existing,domestic appliances,100 <= ... < 500 DM,... >= 7 years,4,none,4,building society savings agreement/life insurance,bank,2,skilled employee/official,1,yes,2-3 years,50-70,0,1,male,single,1
... >= 200 DM / salary for at least 1 year,critical account/other credits existing,car (new),500 <= ... < 1000 DM,unemployed,2,none,4,unknown/no property,bank,3,unemployed/unskilled - non-resident,1,yes,1-2 years,50-70,0,1,male,single,0
... < 100 DM,existing credits paid back duly till now,car (new),unknown/no savings account,1 <= ... < 4 years,4,none,4,real estate,none,1,skilled employee/official,1,yes,2-3 years,19-30,0,0,female,divorced/separated/married,0
no checking account,critical account/other credits existing,car (new),... < 100 DM,4 <= ... < 7 years,4,none,4,car or other,none,2,skilled employee/official,1,yes,3-4 years,30-50,0,1,male,single,1
... < 100 DM,existing credits paid back duly till now,domestic appliances,... < 100 DM,4 <= ... < 7 years,4,guarantor,1,real estate,none,1,skilled employee/official,1,yes,1-2 years,19-30,0,1,female,divorced/separated/married,1
no checking account,critical account/other credits existing,car (used),... >= 1000 DM,... >= 7 years,4,none,2,car or other,none,2,management/self-employed/highly qualified employee/officer,1,yes,3-4 years,30-50,1,1,male,single,1
0 <= ... < 200 DM,existing credits paid back duly till now,education,... < 100 DM,unemployed,2,none,4,car or other,none,1,skilled employee/official,1,yes,1-2 years,50-70,0,1,female,divorced/separated/married,1
0 <= ... < 200 DM,critical account/other credits existing,domestic appliances,... < 100 DM,4 <= ... < 7 years,2,guarantor,2,real estate,none,2,skilled employee/official,1,yes,3-4 years,19-30,1,0,male,single,1
no checking account,critical account/other credits existing,car (new),... >= 1000 DM,... >= 7 years,4,none,4,real estate,none,1,skilled employee/official,1,yes,2-3 years,50-70,0,1,male,single,1
0 <= ... < 200 DM,no credits taken/all credits paid back duly,business,... < 100 DM,1 <= ... < 4 years,2,none,2,real estate,none,1,unskilled - resident,1,yes,1-2 years,30-50,0,1,male,single,1
0 <= ... < 200 DM,existing credits paid back duly till now,car (new),100 <= ... < 500 DM,... < 1 year,4,none,2,building society savings agreement/life insurance,bank,1,unskilled - resident,1,yes,1-2 years,19-30,0,0,female,divorced/separated/married,1
0 <= ... < 200 DM,existing credits paid back duly till now,car (used),unknown/no savings account,unemployed,1,none,4,real estate,none,1,management/self-employed/highly qualified employee/officer,1,yes,1-2 years,50-70,1,1,male,divorced/separated,1
0 <= ... < 200 DM,existing credits paid back duly till now,others,... >= 1000 DM,1 <= ... < 4 years,4,none,2,building society savings agreement/life insurance,none,1,unskilled - resident,1,yes,1-2 years,30-50,0,1,male,single,1
no checking account,existing credits paid back duly till now,domestic appliances,500 <= ... < 1000 DM,... >= 7 years,3,none,4,car or other,none,1,skilled employee/official,1,yes,1-2 years,30-50,0,1,male,single,1
no checking account,critical account/other credits existing,car (used),unknown/no savings account,... >= 7 years,4,none,3,car or other,none,2,skilled employee/official,2,yes,>4 years,30-50,0,1,male,single,1
0 <= ... < 200 DM,delay in paying off in the past,retraining,... < 100 DM,... >= 7 years,4,none,4,unknown/no property,none,1,skilled employee/official,1,yes,>4 years,50-70,1,0,male,single,0
... < 100 DM,critical account/other credits existing,retraining,... < 100 DM,1 <= ... < 4 years,4,none,3,unknown/no property,bank,1,skilled employee/official,1,yes,3-4 years,19-30,1,0,male,single,1
0 <= ... < 200 DM,existing credits paid back duly till now,others,... < 100 DM,... >= 7 years,2,none,4,building society savings agreement/life insurance,none,1,skilled employee/official,2,yes,1-2 years,30-50,0,0,female,divorced/separated/married,1
no checking account,existing credits paid back duly till now,car (used),unknown/no savings account,... >= 7 years,3,none,4,car or other,none,1,management/self-employed/highly qualified employee/officer,2,yes,2-3 years,30-50,1,1,male,single,1
no checking account,critical account/other credits existing,radio/television,unknown/no savings account,1 <= ... < 4 years,1,none,2,building society savings agreement/life insurance,none,2,skilled employee/official,1,yes,<1 year,19-30,0,1,male,married/widowed,1
... >= 200 DM / salary for at least 1 year,existing credits paid back duly till now,radio/television,... < 100 DM,... >= 7 years,3,none,4,unknown/no property,none,1,skilled employee/official,1,yes,2-3 years,50-70,0,1,male,divorced/separated,0
no checking account,existing credits paid back duly till now,radio/television,500 <= ... < 1000 DM,... >= 7 years,4,none,3,unknown/no property,none,1,skilled employee/official,1,yes,2-3 years,30-50,0,1,male,single,0
no checking account,existing credits paid back duly till now,radio/television,100 <= ... < 500 DM,... < 1 year,2,none,4,building society savings agreement/life insurance,none,1,skilled employee/official,1,yes,<1 year,19-30,0,1,female,divorced/separated/married,0
... < 100 DM,existing credits paid back duly till now,car (used),unknown/no savings account,... >= 7 years,1,none,4,building society savings agreement/life insurance,none,1,skilled employee/official,2,yes,1-2 years,50-70,1,0,male,single,0
no checking account,critical account/other credits existing,radio/television,... < 100 DM,... < 1 year,2,none,4,building society savings agreement/life insurance,none,2,unskilled - resident,1,yes,1-2 years,19-30,0,1,female,divorced/separated/married,0
no checking account,delay in paying off in the past,car (new),unknown/no savings account,... >= 7 years,4,none,4,car or other,none,2,skilled employee/official,1,yes,2-3 years,50-70,0,1,male,married/widowed,1
0 <= ... < 200 DM,existing credits paid back duly till now,car (new),unknown/no savings account,... < 1 year,4,none,2,real estate,none,1,unemployed/unskilled - non-resident,1,yes,<1 year,30-50,0,1,male,single,1
no checking account,critical account/other credits existing,retraining,... < 100 DM,... >= 7 years,4,none,4,unknown/no property,none,2,skilled employee/official,2,yes,2-3 years,50-70,0,1,male,single,0
0 <= ... < 200 DM,critical account/other credits existing,domestic appliances,... < 100 DM,... >= 7 years,3,guarantor,4,real estate,bank,2,unskilled - resident,1,yes,1-2 years,30-50,0,1,female,divorced/separated/married,0
... < 100 DM,critical account/other credits existing,radio/television,... < 100 DM,... >= 7 years,1,none,4,building society savings agreement/life insurance,none,2,skilled employee/official,1,yes,1-2 years,19-30,1,1,female,divorced/separated/married,1
no checking account,critical account/other credits existing,domestic appliances,unknown/no savings account,... >= 7 years,4,none,4,car or other,none,2,skilled employee/official,1,yes,1-2 years,30-50,0,1,male,single,1
0 <= ... < 200 DM,existing credits paid back duly till now,car (new),unknown/no savings account,unemployed,1,none,2,real estate,none,1,unemployed/unskilled - non-resident,1,yes,1-2 years,19-30,1,1,female,divorced/separated/married,0
... < 100 DM,existing credits paid back duly till now,car (new),... < 100 DM,4 <= ... < 7 years,2,none,1,car or other,none,1,skilled employee/official,1,yes,3-4 years,19-30,1,0,male,single,1
0 <= ... < 200 DM,existing credits paid back duly till now,domestic appliances,... < 100 DM,... < 1 year,3,none,3,real estate,none,1,unskilled - resident,1,no,<1 year,19-30,0,1,male,married/widowed,1
no checking account,critical account/other credits existing,domestic appliances,unknown/no savings account,... >= 7 years,4,none,4,real estate,none,4,skilled employee/official,1,yes,1-2 years,50-70,0,1,male,single,1
0 <= ... < 200 DM,all credits at this bank paid back duly,car (used),... < 100 DM,unemployed,1,none,2,unknown/no property,bank,1,management/self-employed/highly qualified employee/officer,1,yes,3-4 years,50-70,1,1,male,single,0
0 <= ... < 200 DM,no credits taken/all credits paid back duly,car (new),... < 100 DM,... < 1 year,2,none,1,real estate,none,2,unemployed/unskilled - non-resident,1,yes,1-2 years,19-30,0,0,female,divorced/separated/married,0
0 <= ... < 200 DM,existing credits paid back duly till now,others,... < 100 DM,... < 1 year,3,none,2,real estate,none,1,skilled employee/official,1,yes,<1 year,19-30,0,1,male,married/widowed,1
0 <= ... < 200 DM,existing credits paid back duly till now,domestic appliances,... < 100 DM,4 <= ... < 7 years,3,guarantor,3,real estate,bank,1,unskilled - resident,1,yes,<1 year,19-30,0,1,male,married/widowed,1
... < 100 DM,critical account/other credits existing,car (used),... < 100 DM,4 <= ... < 7 years,4,none,4,car or other,none,2,skilled employee/official,1,yes,3-4 years,19-30,1,0,male,single,1
... < 100 DM,existing credits paid back duly till now,repairs,... < 100 DM,1 <= ... < 4 years,3,none,4,car or other,none,1,skilled employee/official,1,yes,>4 years,50-70,0,0,male,single,1
... < 100 DM,existing credits paid back duly till now,car (new),... < 100 DM,4 <= ... < 7 years,4,none,4,unknown/no property,none,1,skilled employee/official,2,yes,>4 years,30-50,0,0,male,single,0
0 <= ... < 200 DM,delay in paying off in the past,car (new),... < 100 DM,1 <= ... < 4 years,2,none,2,building society savings agreement/life insurance,none,1,skilled employee/official,1,yes,3-4 years,50-70,1,1,female,divorced/separated/married,0
no checking account,existing credits paid back duly till now,repairs,500 <= ... < 1000 DM,1 <= ... < 4 years,1,none,4,real estate,none,1,skilled employee/official,1,yes,<1 year,50-70,0,1,male,divorced/separated,1
no checking account,critical account/other credits existing,domestic appliances,... < 100 DM,4 <= ... < 7 years,1,none,2,car or other,none,2,skilled employee/official,1,yes,<1 year,19-30,0,1,female,divorced/separated/married,0
... < 100 DM,existing credits paid back duly till now,furniture/equipment,... < 100 DM,unemployed,2,co-applicant,3,car or other,none,1,management/self-employed/highly qualified employee/officer,1,yes,3-4 years,30-50,1,1,male,divorced/separated,1
... < 100 DM,existing credits paid back duly till now,domestic appliances,... < 100 DM,1 <= ... < 4 years,4,none,3,real estate,bank,1,skilled employee/official,1,yes,1-2 years,19-30,0,0,male,married/widowed,1
no checking account,existing credits paid back duly till now,car (new),... < 100 DM,1 <= ... < 4 years,3,none,2,real estate,none,2,skilled employee/official,1,yes,1-2 years,19-30,0,1,male,married/widowed,1
... >= 200 DM / salary for at least 1 year,existing credits paid back duly till now,domestic appliances,... < 100 DM,1 <= ... < 4 years,3,none,1,car or other,none,1,skilled employee/official,1,yes,1-2 years,19-30,0,1,male,married/widowed,1
... < 100 DM,existing credits paid back duly till now,radio/television,... < 100 DM,... >= 7 years,2,none,2,building society savings agreement/life insurance,bank,1,skilled employee/official,2,yes,3-4 years,30-50,0,0,male,single,1
... < 100 DM,critical account/other credits existing,car (new),... < 100 DM,... >= 7 years,4,none,4,real estate,none,2,unskilled - resident,1,yes,<1 year,30-50,0,1,male,single,1
no checking account,critical account/other credits existing,radio/television,... < 100 DM,... < 1 year,3,none,2,car or other,none,2,management/self-employed/highly qualified employee/officer,1,yes,1-2 years,30-50,0,1,male,divorced/separated,1
... < 100 DM,critical account/other credits existing,car (new),... < 100 DM,... >= 7 years,4,none,3,car or other,none,2,skilled employee/official,1,yes,1-2 years,30-50,0,1,male,married/widowed,1
... < 100 DM,critical account/other credits existing,car (new),... < 100 DM,... >= 7 years,1,none,4,real estate,bank,3,skilled employee/official,1,yes,1-2 years,30-50,0,0,female,divorced/separated/married,0
no checking account,no credits taken/all credits paid back duly,others,... < 100 DM,1 <= ... < 4 years,2,none,2,car or other,stores,2,skilled employee/official,2,yes,1-2 years,30-50,1,0,male,single,1
... < 100 DM,existing credits paid back duly till now,car (used),unknown/no savings account,... >= 7 years,3,none,4,unknown/no property,none,1,skilled employee/official,1,yes,3-4 years,30-50,1,0,male,single,0
0 <= ... < 200 DM,delay in paying off in the past,others,unknown/no savings account,1 <= ... < 4 years,4,none,4,unknown/no property,none,1,skilled employee/official,2,yes,>4 years,30-50,1,1,male,single,0
no checking account,delay in paying off in the past,others,500 <= ... < 1000 DM,1 <= ... < 4 years,4,none,2,car or other,none,2,skilled employee/official,2,yes,2-3 years,30-50,0,1,male,single,1
... < 100 DM,existing credits paid back duly till now,car (new),... < 100 DM,... < 1 year,4,none,3,car or other,none,1,skilled employee/official,1,yes,1-2 years,19-30,0,0,female,divorced/separated/married,0
... < 100 DM,no credits taken/all credits paid back duly,others,... < 100 DM,... >= 7 years,2,none,4,car or other,none,2,skilled employee/official,1,yes,3-4 years,19-30,1,0,male,single,0
0 <= ... < 200 DM,existing credits paid back duly till now,domestic appliances,unknown/no savings account,... >= 7 years,2,none,4,car or other,none,1,skilled employee/official,1,yes,2-3 years,30-50,1,1,female,divorced/separated/married,1
... >= 200 DM / salary for at least 1 year,existing credits paid back duly till now,domestic appliances,... < 100 DM,... < 1 year,2,none,3,real estate,none,1,unskilled - resident,1,yes,1-2 years,19-30,0,0,female,divorced/separated/married,1
... < 100 DM,no credits taken/all credits paid back duly,car (new),... < 100 DM,1 <= ... < 4 years,4,none,4,car or other,bank,2,skilled employee/official,1,yes,1-2 years,30-50,0,0,male,single,1
no checking account,existing credits paid back duly till now,domestic appliances,unknown/no savings account,1 <= ... < 4 years,4,none,2,car or other,none,1,skilled employee/official,1,yes,1-2 years,19-30,0,1,female,divorced/separated/married,1
no checking account,existing credits paid back duly till now,radio/television,... < 100 DM,... < 1 year,1,none,3,real estate,none,1,unskilled - resident,2,yes,<1 year,19-30,0,1,female,divorced/separated/married,0
... < 100 DM,critical account/other credits existing,car (used),... < 100 DM,... >= 7 years,4,none,4,building society savings agreement/life insurance,none,2,skilled employee/official,1,yes,2-3 years,50-70,0,1,male,single,1
no checking account,critical account/other credits existing,domestic appliances,... < 100 DM,... >= 7 years,4,co-applicant,3,real estate,none,2,skilled employee/official,1,yes,2-3 years,30-50,0,1,male,married/widowed,1
... < 100 DM,existing credits paid back duly till now,radio/television,... < 100 DM,4 <= ... < 7 years,4,none,2,building society savings agreement/life insurance,none,1,skilled employee/official,1,yes,3-4 years,19-30,1,0,male,single,1
no checking account,delay in paying off in the past,car (used),... < 100 DM,1 <= ... < 4 years,3,none,2,real estate,stores,2,unskilled - resident,1,yes,1-2 years,19-30,0,1,male,single,1
no checking account,existing credits paid back duly till now,education,... < 100 DM,... < 1 year,4,none,4,real estate,none,1,skilled employee/official,1,yes,1-2 years,19-30,0,0,female,divorced/separated/married,1
no checking account,all credits at this bank paid back duly,others,... < 100 DM,4 <= ... < 7 years,4,none,4,car or other,bank,1,skilled employee/official,1,yes,2-3 years,50-70,0,1,male,single,1
no checking account,existing credits paid back duly till now,radio/television,... < 100 DM,... >= 7 years,4,none,4,building society savings agreement/life insurance,bank,3,skilled employee/official,2,yes,1-2 years,30-50,0,1,male,single,1
0 <= ... < 200 DM,existing credits paid back duly till now,radio/television,unknown/no savings account,4 <= ... < 7 years,2,none,3,car or other,none,1,skilled employee/official,1,yes,1-2 years,30-50,0,1,male,single,1
no checking account,existing credits paid back duly till now,car (new),unknown/no savings account,1 <= ... < 4 years,2,none,4,car or other,none,2,skilled employee/official,1,yes,1-2 years,50-70,1,0,male,single,0
no checking account,existing credits paid back duly till now,car (new),... < 100 DM,... < 1 year,4,none,2,real estate,none,1,skilled employee/official,1,yes,2-3 years,19-30,0,1,male,married/widowed,1
... < 100 DM,existing credits paid back duly till now,domestic appliances,... < 100 DM,4 <= ... < 7 years,3,none,4,real estate,none,1,skilled employee/official,1,yes,<1 year,50-70,0,1,male,single,1
... < 100 DM,existing credits paid back duly till now,domestic appliances,... < 100 DM,... >= 7 years,4,none,4,real estate,stores,1,unskilled - resident,1,yes,1-2 years,50-70,0,0,male,single,1
... < 100 DM,critical account/other credits existing,car (new),... < 100 DM,1 <= ... < 4 years,4,guarantor,2,building society savings agreement/life insurance,bank,2,skilled employee/official,1,no,1-2 years,30-50,0,0,male,married/widowed,0
no checking account,critical account/other credits existing,car (used),unknown/no savings account,4 <= ... < 7 years,3,none,4,building society savings agreement/life insurance,none,2,skilled employee/official,1,yes,2-3 years,30-50,1,1,male,single,1
no checking account,critical account/other credits existing,domestic appliances,... < 100 DM,1 <= ... < 4 years,4,none,4,unknown/no property,none,2,skilled employee/official,1,yes,1-2 years,30-50,0,1,male,single,0
... < 100 DM,all credits at this bank paid back duly,car (new),... < 100 DM,4 <= ... < 7 years,4,none,4,unknown/no property,none,2,unskilled - resident,2,yes,1-2 years,30-50,0,0,male,single,0
no checking account,delay in paying off in the past,car (new),... < 100 DM,... >= 7 years,2,none,2,car or other,none,2,skilled employee/official,2,yes,3-4 years,30-50,1,1,male,single,1
no checking account,existing credits paid back duly till now,car (new),100 <= ... < 500 DM,... < 1 year,4,none,3,real estate,none,1,skilled employee/official,1,yes,2-3 years,30-50,0,1,male,married/widowed,1
no checking account,existing credits paid back duly till now,business,unknown/no savings account,4 <= ... < 7 years,4,none,3,building society savings agreement/life insurance,none,1,skilled employee/official,1,yes,<1 year,30-50,0,1,female,divorced/separated/married,1
no checking account,critical account/other credits existing,radio/television,... < 100 DM,1 <= ... < 4 years,4,none,2,unknown/no property,none,1,skilled employee/official,1,yes,1-2 years,19-30,0,1,male,single,0
... < 100 DM,existing credits paid back duly till now,car (new),... < 100 DM,1 <= ... < 4 years,3,none,2,building society savings agreement/life insurance,none,1,skilled employee/official,1,yes,1-2 years,19-30,0,0,female,divorced/separated/married,1
no checking account,existing credits paid back duly till now,car (new),100 <= ... < 500 DM,1 <= ... < 4 years,1,guarantor,2,real estate,none,1,skilled employee/official,2,no,<1 year,19-30,0,1,male,single,0
no checking account,critical account/other credits existing,car (used),... >= 1000 DM,1 <= ... < 4 years,4,none,2,real estate,none,2,skilled employee/official,1,yes,2-3 years,19-30,1,1,male,single,1
no checking account,delay in paying off in the past,others,... < 100 DM,1 <= ... < 4 years,4,none,2,car or other,none,1,skilled employee/official,1,yes,1-2 years,19-30,0,0,male,married/widowed,1
... < 100 DM,existing credits paid back duly till now,domestic appliances,... < 100 DM,... < 1 year,4,none,4,real estate,none,1,skilled employee/official,1,yes,2-3 years,30-50,0,0,female,divorced/separated/married,1
no checking account,critical account/other credits existing,radio/television,... >= 1000 DM,... < 1 year,4,none,2,real estate,stores,2,unskilled - resident,2,yes,2-3 years,30-50,1,1,male,single,1
no checking account,existing credits paid back duly till now,radio/television,... < 100 DM,1 <= ... < 4 years,2,none,2,real estate,bank,1,unskilled - resident,1,yes,<1 year,19-30,0,0,male,single,0
no checking account,existing credits paid back duly till now,radio/television,500 <= ... < 1000 DM,1 <= ... < 4 years,2,none,4,car or other,none,1,skilled employee/official,1,yes,1-2 years,19-30,0,1,female,divorced/separated/married,0
... < 100 DM,existing credits paid back duly till now,domestic appliances,... < 100 DM,... < 1 year,4,none,1,car or other,stores,1,skilled employee/official,1,yes,1-2 years,19-30,0,1,female,divorced/separated/married,1
no checking account,critical account/other credits existing,radio/television,... < 100 DM,... >= 7 years,2,none,4,building society savings agreement/life insurance,stores,1,skilled employee/official,1,yes,1-2 years,30-50,0,1,male,single,1
no checking account,existing credits paid back duly till now,others,unknown/no savings account,... >= 7 years,3,none,2,building society savings agreement/life insurance,none,2,skilled employee/official,1,yes,3-4 years,30-50,1,1,male,single,1
... < 100 DM,existing credits paid back duly till now,radio/television,... < 100 DM,... >= 7 years,4,none,4,building society savings agreement/life insurance,none,1,skilled employee/official,1,yes,1-2 years,19-30,0,1,female,divorced/separated/married,0
no checking account,delay in paying off in the past,radio/television,500 <= ... < 1000 DM,4 <= ... < 7 years,2,none,4,car or other,none,2,skilled employee/official,1,yes,3-4 years,30-50,1,1,female,divorced/separated/married,1
... >= 200 DM / salary for at least 1 year,critical account/other credits existing,car (new),... < 100 DM,... >= 7 years,1,none,4,real estate,none,2,skilled employee/official,2,no,<1 year,30-50,0,1,male,single,1
... < 100 DM,critical account/other credits existing,others,100 <= ... < 500 DM,4 <= ... < 7 years,4,none,1,real estate,none,2,skilled employee/official,1,yes,2-3 years,19-30,0,1,male,single,1
no checking account,existing credits paid back duly till now,repairs,unknown/no savings account,... < 1 year,4,none,1,real estate,none,1,skilled employee/official,1,yes,1-2 years,19-30,0,1,female,divorced/separated/married,1
... < 100 DM,existing credits paid back duly till now,radio/television,... < 100 DM,1 <= ... < 4 years,2,co-applicant,2,building society savings agreement/life insurance,none,1,unskilled - resident,2,yes,1-2 years,19-30,0,1,male,single,1
0 <= ... < 200 DM,critical account/other credits existing,car (new),... >= 1000 DM,1 <= ... < 4 years,4,none,4,car or other,none,2,skilled employee/official,1,yes,<1 year,30-50,0,1,female,divorced/separated/married,1
... < 100 DM,all credits at this bank paid back duly,domestic appliances,... < 100 DM,... < 1 year,3,co-applicant,4,unknown/no property,bank,1,management/self-employed/highly qualified employee/officer,1,yes,1-2 years,30-50,0,1,male,single,0
no checking account,existing credits paid back duly till now,domestic appliances,... < 100 DM,... >= 7 years,4,none,2,car or other,none,1,skilled employee/official,1,yes,3-4 years,19-30,0,1,male,single,1
... < 100 DM,existing credits paid back duly till now,car (new),... < 100 DM,... < 1 year,3,none,2,unknown/no property,none,1,management/self-employed/highly qualified employee/officer,1,yes,<1 year,19-30,0,0,male,single,0
no checking account,critical account/other credits existing,domestic appliances,unknown/no savings account,4 <= ... < 7 years,2,none,3,building society savings agreement/life insurance,none,2,skilled employee/official,1,yes,2-3 years,30-50,1,1,male,single,1
no checking account,existing credits paid back duly till now,car (used),... < 100 DM,4 <= ... < 7 years,3,none,3,car or other,none,1,management/self-employed/highly qualified employee/officer,1,yes,2-3 years,30-50,1,1,male,single,1
no checking account,existing credits paid back duly till now,car (used),unknown/no savings account,1 <= ... < 4 years,2,none,4,unknown/no property,none,1,skilled employee/official,1,yes,2-3 years,30-50,1,1,male,divorced/separated,0
0 <= ... < 200 DM,critical account/other credits existing,car (new),unknown/no savings account,... >= 7 years,4,none,4,real estate,none,2,skilled employee/official,1,yes,2-3 years,30-50,0,1,male,single,1
no checking account,critical account/other credits existing,domestic appliances,... < 100 DM,unemployed,4,none,4,car or other,none,2,unemployed/unskilled - non-resident,1,yes,1-2 years,50-70,0,1,female,divorced/separated/married,1
0 <= ... < 200 DM,existing credits paid back duly till now,radio/television,... < 100 DM,4 <= ... < 7 years,3,none,3,car or other,none,1,skilled employee/official,1,yes,2-3 years,30-50,1,0,male,divorced/separated,1
... < 100 DM,existing credits paid back duly till now,retraining,... < 100 DM,... < 1 year,4,none,4,building society savings agreement/life insurance,none,1,skilled employee/official,1,yes,1-2 years,50-70,0,0,female,divorced/separated/married,1
0 <= ... < 200 DM,critical account/other credits existing,others,unknown/no savings account,4 <= ... < 7 years,4,none,3,unknown/no property,none,2,skilled employee/official,2,yes,2-3 years,30-50,0,1,male,single,1
0 <= ... < 200 DM,existing credits paid back duly till now,others,... < 100 DM,1 <= ... < 4 years,2,none,2,car or other,none,1,skilled employee/official,1,yes,>4 years,19-30,1,0,male,single,1
no checking account,critical account/other credits existing,car (new),... < 100 DM,... >= 7 years,4,none,4,car or other,none,2,management/self-employed/highly qualified employee/officer,1,yes,3-4 years,30-50,1,1,male,single,1
no checking account,all credits at this bank paid back duly,car (used),unknown/no savings account,... < 1 year,3,guarantor,4,real estate,bank,2,skilled employee/official,2,yes,2-3 years,30-50,1,1,male,single,0
... < 100 DM,critical account/other credits existing,others,... < 100 DM,... >= 7 years,4,none,4,car or other,stores,4,management/self-employed/highly qualified employee/officer,2,yes,2-3 years,30-50,0,1,male,single,1
no checking account,critical account/other credits existing,domestic appliances,... < 100 DM,... >= 7 years,4,none,4,car or other,none,2,skilled employee/official,1,yes,1-2 years,30-50,0,1,male,single,1
... < 100 DM,critical account/other credits existing,car (new),... < 100 DM,1 <= ... < 4 years,4,none,4,building society savings agreement/life insurance,bank,2,unskilled - resident,1,no,1-2 years,30-50,0,1,male,single,1
0 <= ... < 200 DM,critical account/other credits existing,car (used),... < 100 DM,1 <= ... < 4 years,3,none,4,car or other,none,2,skilled employee/official,1,yes,3-4 years,30-50,1,1,male,single,1
no checking account,critical account/other credits existing,domestic appliances,unknown/no savings account,1 <= ... < 4 years,4,none,3,building society savings agreement/life insurance,none,2,skilled employee/official,1,yes,1-2 years,19-30,0,1,male,single,1
no checking account,delay in paying off in the past,car (used),unknown/no savings account,4 <= ... < 7 years,3,none,2,car or other,stores,1,management/self-employed/highly qualified employee/officer,2,yes,3-4 years,30-50,1,1,male,single,1
... < 100 DM,existing credits paid back duly till now,domestic appliances,... < 100 DM,... < 1 year,4,none,4,building society savings agreement/life insurance,none,1,management/self-employed/highly qualified employee/officer,1,yes,1-2 years,19-30,0,1,female,divorced/separated/married,0
no checking account,critical account/other credits existing,radio/television,... >= 1000 DM,4 <= ... < 7 years,3,none,2,building society savings agreement/life insurance,none,1,skilled employee/official,1,no,1-2 years,30-50,0,1,female,divorced/separated/married,1
no checking account,existing credits paid back duly till now,radio/television,unknown/no savings account,4 <= ... < 7 years,1,none,4,real estate,bank,1,unskilled - resident,1,yes,1-2 years,30-50,0,1,female,divorced/separated/married,0
... < 100 DM,existing credits paid back duly till now,radio/television,... < 100 DM,1 <= ... < 4 years,2,co-applicant,3,car or other,none,1,skilled employee/official,1,yes,1-2 years,30-50,1,0,male,single,1
... < 100 DM,critical account/other credits existing,car (new),... < 100 DM,... >= 7 years,2,guarantor,4,building society savings agreement/life insurance,bank,1,skilled employee/official,1,yes,1-2 years,30-50,0,0,male,single,0
no checking account,critical account/other credits existing,car (new),unknown/no savings account,... < 1 year,2,none,4,real estate,none,2,skilled employee/official,1,yes,1-2 years,30-50,0,1,male,divorced/separated,1
no checking account,critical account/other credits existing,car (used),unknown/no savings account,... >= 7 years,2,none,4,unknown/no property,none,2,skilled employee/official,1,yes,3-4 years,30-50,1,1,male,single,0
no checking account,existing credits paid back duly till now,domestic appliances,unknown/no savings account,1 <= ... < 4 years,4,none,2,real estate,none,1,skilled employee/official,1,yes,1-2 years,30-50,0,1,male,married/widowed,0
no checking account,existing credits paid back duly till now,domestic appliances,... < 100 DM,... >= 7 years,4,none,1,real estate,none,1,management/self-employed/highly qualified employee/officer,1,yes,2-3 years,30-50,0,1,male,single,1
... < 100 DM,existing credits paid back duly till now,domestic appliances,... < 100 DM,1 <= ... < 4 years,2,none,2,real estate,none,1,management/self-employed/highly qualified employee/officer,2,yes,1-2 years,19-30,0,1,male,single,0
... < 100 DM,existing credits paid back duly till now,car (new),unknown/no savings account,4 <= ... < 7 years,2,co-applicant,2,real estate,none,1,unskilled - resident,1,no,1-2 years,19-30,0,1,male,single,1
0 <= ... < 200 DM,existing credits paid back duly till now,retraining,unknown/no savings account,1 <= ... < 4 years,2,none,2,car or other,none,1,skilled employee/official,1,yes,3-4 years,19-30,0,1,male,married/widowed,1
no checking account,delay in paying off in the past,car (used),... < 100 DM,... < 1 year,1,none,2,building society savings agreement/life insurance,none,2,unskilled - resident,1,yes,1-2 years,30-50,0,1,female,divorced/separated/married,1
0 <= ... < 200 DM,existing credits paid back duly till now,car (new),unknown/no savings account,1 <= ... < 4 years,1,none,2,real estate,none,1,unskilled - resident,1,yes,<1 year,30-50,0,1,female,divorced/separated/married,1
no checking account,delay in paying off in the past,domestic appliances,... < 100 DM,1 <= ... < 4 years,4,none,4,real estate,none,2,skilled employee/official,1,yes,3-4 years,30-50,1,1,female,divorced/separated/married,1
0 <= ... < 200 DM,critical account/other credits existing,radio/television,... < 100 DM,... < 1 year,2,none,4,car or other,bank,1,unskilled - resident,1,yes,2-3 years,19-30,1,0,female,divorced/separated/married,1
0 <= ... < 200 DM,existing credits paid back duly till now,domestic appliances,unknown/no savings account,... >= 7 years,2,none,4,car or other,none,1,skilled employee/official,1,yes,2-3 years,19-30,0,1,female,divorced/separated/married,1
no checking account,existing credits paid back duly till now,others,... >= 1000 DM,... >= 7 years,1,none,2,real estate,none,1,skilled employee/official,1,yes,<1 year,19-30,0,1,male,divorced/separated,1
... < 100 DM,all credits at this bank paid back duly,others,... < 100 DM,1 <= ... < 4 years,4,none,2,building society savings agreement/life insurance,none,1,skilled employee/official,1,yes,2-3 years,30-50,0,0,male,single,0
0 <= ... < 200 DM,no credits taken/all credits paid back duly,furniture/equipment,... < 100 DM,1 <= ... < 4 years,1,none,2,building society savings agreement/life insurance,bank,1,management/self-employed/highly qualified employee/officer,1,no,>4 years,30-50,1,0,female,divorced/separated/married,1
no checking account,existing credits paid back duly till now,car (used),100 <= ... < 500 DM,1 <= ... < 4 years,1,co-applicant,2,real estate,none,1,skilled employee/official,2,yes,<1 year,30-50,0,1,male,single,1
... < 100 DM,existing credits paid back duly till now,car (new),... < 100 DM,... >= 7 years,1,none,4,unknown/no property,bank,1,management/self-employed/highly qualified employee/officer,1,yes,<1 year,50-70,1,0,male,single,1
... < 100 DM,existing credits paid back duly till now,radio/television,100 <= ... < 500 DM,unemployed,1,none,1,building society savings agreement/life insurance,none,1,skilled employee/official,1,yes,2-3 years,30-50,0,0,male,divorced/separated,1
... < 100 DM,existing credits paid back duly till now,radio/television,... < 100 DM,... >= 7 years,4,none,2,building society savings agreement/life insurance,none,1,management/self-employed/highly qualified employee/officer,1,yes,2-3 years,30-50,0,0,male,single,0
no checking account,critical account/other credits existing,radio/television,... < 100 DM,1 <= ... < 4 years,4,none,2,unknown/no property,none,2,skilled employee/official,1,yes,1-2 years,19-30,0,1,female,divorced/separated/married,1
no checking account,delay in paying off in the past,domestic appliances,500 <= ... < 1000 DM,4 <= ... < 7 years,4,none,1,car or other,none,1,management/self-employed/highly qualified employee/officer,1,yes,>4 years,30-50,1,1,male,single,1
... < 100 DM,existing credits paid back duly till now,domestic appliances,... < 100 DM,... < 1 year,3,none,4,building society savings agreement/life insurance,none,1,skilled employee/official,1,yes,<1 year,19-30,0,0,female,divorced/separated/married,0
0 <= ... < 200 DM,existing credits paid back duly till now,car (new),... < 100 DM,4 <= ... < 7 years,3,none,4,building society savings agreement/life insurance,none,1,skilled employee/official,2,yes,1-2 years,30-50,0,1,male,single,0
... < 100 DM,all credits at this bank paid back duly,radio/television,... < 100 DM,... < 1 year,2,none,1,building society savings agreement/life insurance,bank,1,skilled employee/official,1,yes,2-3 years,50-70,1,0,male,divorced/separated,1
... < 100 DM,all credits at this bank paid back duly,car (new),... < 100 DM,... < 1 year,4,none,2,car or other,bank,2,skilled employee/official,1,yes,1-2 years,30-50,0,0,male,single,1
... < 100 DM,critical account/other credits existing,radio/television,... < 100 DM,... < 1 year,4,none,4,building society savings agreement/life insurance,none,1,skilled employee/official,1,yes,1-2 years,19-30,0,1,female,divorced/separated/married,0
... < 100 DM,existing credits paid back duly till now,car (used),... < 100 DM,4 <= ... < 7 years,4,none,4,unknown/no property,stores,3,skilled employee/official,2,yes,>4 years,30-50,1,0,male,single,0
no checking account,existing credits paid back duly till now,domestic appliances,unknown/no savings account,... >= 7 years,4,none,4,car or other,none,1,skilled employee/official,1,yes,2-3 years,50-70,0,1,male,single,1
... < 100 DM,delay in paying off in the past,car (new),... < 100 DM,1 <= ... < 4 years,4,none,2,real estate,none,2,unskilled - resident,2,yes,1-2 years,30-50,0,1,male,single,1
... < 100 DM,existing credits paid back duly till now,radio/television,... < 100 DM,... < 1 year,4,co-applicant,1,building society savings agreement/life insurance,none,1,unskilled - resident,1,no,2-3 years,19-30,0,1,male,single,1
0 <= ... < 200 DM,existing credits paid back duly till now,domestic appliances,... < 100 DM,... < 1 year,4,none,2,car or other,none,1,skilled employee/official,1,yes,<1 year,19-30,0,0,female,divorced/separated/married,1
no checking account,critical account/other credits existing,car (new),... < 100 DM,1 <= ... < 4 years,3,none,1,real estate,none,2,skilled employee/official,1,yes,<1 year,30-50,0,1,male,single,1
no checking account,critical account/other credits existing,domestic appliances,500 <= ... < 1000 DM,... >= 7 years,4,none,4,building society savings agreement/life insurance,none,2,skilled employee/official,2,yes,1-2 years,30-50,0,1,male,single,1
... < 100 DM,existing credits paid back duly till now,domestic appliances,... < 100 DM,1 <= ... < 4 years,4,none,1,car or other,bank,1,skilled employee/official,1,yes,1-2 years,19-30,0,1,female,divorced/separated/married,1
0 <= ... < 200 DM,delay in paying off in the past,domestic appliances,100 <= ... < 500 DM,... < 1 year,4,none,3,unknown/no property,stores,2,management/self-employed/highly qualified employee/officer,1,yes,2-3 years,30-50,0,0,male,single,1
... >= 200 DM / salary for at least 1 year,existing credits paid back duly till now,domestic appliances,... < 100 DM,1 <= ... < 4 years,3,none,2,real estate,none,1,unskilled - resident,1,yes,<1 year,19-30,0,0,female,divorced/separated/married,1
0 <= ... < 200 DM,existing credits paid back duly till now,domestic appliances,... < 100 DM,... < 1 year,4,none,3,car or other,none,1,management/self-employed/highly qualified employee/officer,1,yes,<1 year,30-50,0,1,male,married/widowed,0
0 <= ... < 200 DM,existing credits paid back duly till now,retraining,... < 100 DM,1 <= ... < 4 years,4,none,4,unknown/no property,none,1,skilled employee/official,1,yes,>4 years,30-50,1,0,male,single,0
no checking account,critical account/other credits existing,car (used),unknown/no savings account,1 <= ... < 4 years,2,none,4,building society savings agreement/life insurance,none,2,management/self-employed/highly qualified employee/officer,2,yes,2-3 years,30-50,1,1,male,single,1
no checking account,existing credits paid back duly till now,car (new),unknown/no savings account,... < 1 year,2,none,3,building society savings agreement/life insurance,none,1,management/self-employed/highly qualified employee/officer,2,yes,1-2 years,30-50,0,1,male,single,1
no checking account,existing credits paid back duly till now,car (new),... < 100 DM,1 <= ... < 4 years,3,none,2,real estate,none,1,unskilled - resident,2,no,<1 year,30-50,0,1,male,single,1
no checking account,existing credits paid back duly till now,radio/television,unknown/no savings account,4 <= ... < 7 years,4,none,2,car or other,stores,1,skilled employee/official,1,yes,2-3 years,30-50,0,1,male,single,1
no checking account,critical account/other credits existing,car (new),... < 100 DM,4 <= ... < 7 years,2,none,1,real estate,none,3,unskilled - resident,2,yes,<1 year,30-50,0,1,male,single,1
... < 100 DM,existing credits paid back duly till now,radio/television,... < 100 DM,... < 1 year,4,guarantor,1,building society savings agreement/life insurance,none,1,skilled employee/official,1,yes,1-2 years,30-50,0,1,female,divorced/separated/married,0
0 <= ... < 200 DM,no credits taken/all credits paid back duly,car (new),500 <= ... < 1000 DM,... < 1 year,1,none,1,car or other,none,2,skilled employee/official,1,yes,>4 years,30-50,1,1,female,divorced/separated/married,1
... < 100 DM,all credits at this bank paid back duly,radio/television,500 <= ... < 1000 DM,... < 1 year,4,none,4,unknown/no property,none,1,skilled employee/official,2,yes,2-3 years,30-50,0,0,male,single,0
no checking account,existing credits paid back duly till now,car (new),unknown/no savings account,unemployed,4,none,4,unknown/no property,none,1,management/self-employed/highly qualified employee/officer,1,yes,1-2 years,30-50,0,1,male,single,1
no checking account,existing credits paid back duly till now,radio/television,... < 100 DM,... < 1 year,4,co-applicant,1,building society savings agreement/life insurance,none,1,unskilled - resident,2,yes,1-2 years,30-50,0,0,male,married/widowed,1
no checking account,existing credits paid back duly till now,domestic appliances,100 <= ... < 500 DM,... >= 7 years,2,none,4,car or other,none,2,skilled employee/official,1,yes,2-3 years,30-50,0,0,male,single,1
0 <= ... < 200 DM,critical account/other credits existing,others,... < 100 DM,unemployed,3,none,3,car or other,none,3,unemployed/unskilled - non-resident,2,yes,1-2 years,30-50,0,1,male,married/widowed,1
... < 100 DM,delay in paying off in the past,others,... < 100 DM,4 <= ... < 7 years,2,none,1,car or other,none,2,skilled employee/official,1,yes,3-4 years,19-30,0,0,male,single,1
0 <= ... < 200 DM,existing credits paid back duly till now,car (used),500 <= ... < 1000 DM,... < 1 year,3,none,4,car or other,none,1,skilled employee/official,1,yes,2-3 years,19-30,1,0,female,divorced/separated/married,0
no checking account,existing credits paid back duly till now,radio/television,... < 100 DM,unemployed,4,none,2,car or other,none,2,management/self-employed/highly qualified employee/officer,1,yes,3-4 years,19-30,1,0,female,divorced/separated/married,1
... < 100 DM,existing credits paid back duly till now,car (new),... < 100 DM,1 <= ... < 4 years,4,guarantor,4,building society savings agreement/life insurance,none,1,skilled employee/official,1,yes,1-2 years,19-30,0,1,female,divorced/separated/married,1
... < 100 DM,critical account/other credits existing,domestic appliances,... >= 1000 DM,... >= 7 years,4,none,4,building society savings agreement/life insurance,none,2,management/self-employed/highly qualified employee/officer,1,yes,2-3 years,50-70,0,1,female,divorced/separated/married,0
... >= 200 DM / salary for at least 1 year,critical account/other credits existing,domestic appliances,unknown/no savings account,... >= 7 years,4,none,4,building society savings agreement/life insurance,stores,2,unskilled - resident,1,yes,2-3 years,30-50,0,1,male,single,1
0 <= ... < 200 DM,critical account/other credits existing,domestic appliances,... < 100 DM,... >= 7 years,2,none,4,real estate,none,3,unskilled - resident,1,yes,<1 year,30-50,0,1,male,single,1
... < 100 DM,existing credits paid back duly till now,car (new),... < 100 DM,1 <= ... < 4 years,3,none,2,car or other,none,1,unskilled - resident,1,yes,2-3 years,30-50,1,0,male,single,1
0 <= ... < 200 DM,existing credits paid back duly till now,radio/television,100 <= ... < 500 DM,... >= 7 years,4,none,4,unknown/no property,none,1,skilled employee/official,1,yes,2-3 years,30-50,0,1,male,single,0
no checking account,critical account/other credits existing,domestic appliances,... < 100 DM,... >= 7 years,2,none,2,real estate,none,2,skilled employee/official,1,yes,<1 year,30-50,0,1,male,married/widowed,0
0 <= ... < 200 DM,delay in paying off in the past,car (new),... < 100 DM,1 <= ... < 4 years,1,none,4,building society savings agreement/life insurance,none,2,skilled employee/official,1,yes,1-2 years,30-50,0,1,male,divorced/separated,1
no checking account,existing credits paid back duly till now,car (new),unknown/no savings account,1 <= ... < 4 years,3,none,2,unknown/no property,none,1,skilled employee/official,1,yes,1-2 years,19-30,0,1,male,single,1
no checking account,existing credits paid back duly till now,domestic appliances,500 <= ... < 1000 DM,... >= 7 years,3,none,2,car or other,bank,2,skilled employee/official,1,yes,2-3 years,30-50,0,0,male,single,1
0 <= ... < 200 DM,existing credits paid back duly till now,education,... < 100 DM,... < 1 year,3,none,1,building society savings agreement/life insurance,none,1,unskilled - resident,1,yes,<1 year,19-30,0,1,male,married/widowed,1
0 <= ... < 200 DM,existing credits paid back duly till now,domestic appliances,unknown/no savings account,1 <= ... < 4 years,4,none,1,car or other,none,1,skilled employee/official,1,yes,2-3 years,19-30,0,1,female,divorced/separated/married,1
0 <= ... < 200 DM,critical account/other credits existing,domestic appliances,500 <= ... < 1000 DM,1 <= ... < 4 years,4,none,2,building society savings agreement/life insurance,none,2,unskilled - resident,1,yes,2-3 years,19-30,0,0,male,single,1
no checking account,existing credits paid back duly till now,domestic appliances,... < 100 DM,... >= 7 years,4,none,2,car or other,bank,1,management/self-employed/highly qualified employee/officer,1,yes,1-2 years,50-70,0,1,female,divorced/separated/married,0
no checking account,existing credits paid back duly till now,domestic appliances,unknown/no savings account,4 <= ... < 7 years,2,none,4,building society savings agreement/life insurance,none,1,skilled employee/official,1,yes,3-4 years,19-30,1,1,male,married/widowed,0
... < 100 DM,critical account/other credits existing,car (new),... < 100 DM,1 <= ... < 4 years,1,none,2,real estate,none,2,unskilled - resident,2,yes,<1 year,30-50,0,1,male,single,1
0 <= ... < 200 DM,existing credits paid back duly till now,education,100 <= ... < 500 DM,1 <= ... < 4 years,4,guarantor,2,real estate,none,1,skilled employee/official,1,yes,1-2 years,19-30,0,1,male,single,1
no checking account,existing credits paid back duly till now,car (new),... < 100 DM,1 <= ... < 4 years,1,none,4,building society savings agreement/life insurance,none,1,unskilled - resident,2,yes,2-3 years,30-50,1,1,male,single,1
... < 100 DM,all credits at this bank paid back duly,car (new),... < 100 DM,unemployed,1,co-applicant,4,unknown/no property,none,2,unemployed/unskilled - non-resident,1,yes,2-3 years,19-30,0,0,female,divorced/separated/married,0
... < 100 DM,existing credits paid back duly till now,others,... < 100 DM,... >= 7 years,4,co-applicant,4,unknown/no property,none,1,skilled employee/official,1,yes,>4 years,30-50,1,0,male,single,0
no checking account,critical account/other credits existing,domestic appliances,... < 100 DM,1 <= ... < 4 years,4,none,2,car or other,none,1,skilled employee/official,1,yes,2-3 years,30-50,0,1,female,divorced/separated/married,1
... >= 200 DM / salary for at least 1 year,existing credits paid back duly till now,domestic appliances,500 <= ... < 1000 DM,1 <= ... < 4 years,3,none,3,car or other,none,1,unskilled - resident,1,yes,2-3 years,50-70,0,1,female,divorced/separated/married,1
0 <= ... < 200 DM,existing credits paid back duly till now,domestic appliances,... < 100 DM,1 <= ... < 4 years,2,guarantor,3,real estate,none,1,skilled employee/official,1,yes,<1 year,50-70,0,1,female,divorced/separated/married,1
0 <= ... < 200 DM,delay in paying off in the past,others,unknown/no savings account,... >= 7 years,4,none,2,building society savings agreement/life insurance,none,2,skilled employee/official,1,yes,1-2 years,30-50,0,1,male,single,1
no checking account,delay in paying off in the past,car (new),... < 100 DM,... >= 7 years,4,none,4,car or other,none,2,unskilled - resident,2,yes,2-3 years,30-50,0,0,male,single,1
0 <= ... < 200 DM,all credits at this bank paid back duly,car (new),100 <= ... < 500 DM,1 <= ... < 4 years,2,none,2,building society savings agreement/life insurance,none,1,skilled employee/official,1,yes,1-2 years,19-30,0,0,male,married/widowed,0
0 <= ... < 200 DM,critical account/other credits existing,radio/television,... < 100 DM,4 <= ... < 7 years,2,none,2,building society savings agreement/life insurance,none,1,skilled employee/official,1,yes,2-3 years,30-50,1,0,male,single,1
no checking account,existing credits paid back duly till now,others,... < 100 DM,unemployed,3,none,2,car or other,bank,1,management/self-employed/highly qualified employee/officer,1,yes,>4 years,30-50,1,0,male,single,0
... >= 200 DM / salary for at least 1 year,existing credits paid back duly till now,car (new),100 <= ... < 500 DM,1 <= ... < 4 years,1,none,1,car or other,bank,1,management/self-employed/highly qualified employee/officer,1,yes,1-2 years,19-30,0,1,female,divorced/separated/married,1
... < 100 DM,existing credits paid back duly till now,car (used),... < 100 DM,1 <= ... < 4 years,2,none,2,building society savings agreement/life insurance,none,1,skilled employee/official,2,yes,3-4 years,19-30,1,0,male,single,1
no checking account,critical account/other credits existing,radio/television,... < 100 DM,4 <= ... < 7 years,2,none,2,building society savings agreement/life insurance,none,2,unskilled - resident,1,yes,2-3 years,30-50,0,1,male,single,1
... < 100 DM,critical account/other credits existing,radio/television,... < 100 DM,1 <= ... < 4 years,4,none,3,building society savings agreement/life insurance,none,2,skilled employee/official,1,yes,1-2 years,19-30,0,1,female,divorced/separated/married,0
... >= 200 DM / salary for at least 1 year,no credits taken/all credits paid back duly,others,... < 100 DM,... < 1 year,2,none,1,building society savings agreement/life insurance,none,2,skilled employee/official,1,yes,3-4 years,30-50,1,1,male,divorced/separated,1
no checking account,existing credits paid back duly till now,domestic appliances,100 <= ... < 500 DM,unemployed,2,none,4,real estate,none,1,skilled employee/official,1,yes,1-2 years,50-70,0,1,female,divorced/separated/married,1
... < 100 DM,existing credits paid back duly till now,car (used),... < 100 DM,unemployed,4,none,2,unknown/no property,none,1,management/self-employed/highly qualified employee/officer,1,yes,2-3 years,19-30,1,1,male,single,0
0 <= ... < 200 DM,critical account/other credits existing,domestic appliances,... < 100 DM,... >= 7 years,4,none,2,building society savings agreement/life insurance,none,2,unskilled - resident,1,yes,2-3 years,30-50,0,1,male,single,1
no checking account,critical account/other credits existing,retraining,unknown/no savings account,... < 1 year,2,none,1,building society savings agreement/life insurance,none,2,unskilled - resident,2,yes,1-2 years,30-50,0,1,male,single,1
no checking account,all credits at this bank paid back duly,domestic appliances,100 <= ... < 500 DM,... >= 7 years,4,none,4,car or other,bank,1,unskilled - resident,2,yes,1-2 years,30-50,0,1,male,single,1
... < 100 DM,existing credits paid back duly till now,domestic appliances,unknown/no savings account,4 <= ... < 7 years,2,none,4,car or other,none,2,unskilled - resident,1,yes,1-2 years,19-30,0,1,male,married/widowed,0
... < 100 DM,existing credits paid back duly till now,radio/television,... < 100 DM,unemployed,4,none,3,building society savings agreement/life insurance,none,1,management/self-employed/highly qualified employee/officer,1,yes,3-4 years,30-50,0,1,male,single,1
no checking account,existing credits paid back duly till now,car (new),unknown/no savings account,... >= 7 years,4,none,3,car or other,none,1,skilled employee/official,1,yes,1-2 years,50-70,0,1,male,single,1
no checking account,existing credits paid back duly till now,radio/television,... < 100 DM,4 <= ... < 7 years,3,none,4,real estate,none,1,unskilled - resident,1,yes,1-2 years,30-50,0,1,female,divorced/separated/married,1
... < 100 DM,existing credits paid back duly till now,car (used),... < 100 DM,1 <= ... < 4 years,4,none,4,building society savings agreement/life insurance,none,1,management/self-employed/highly qualified employee/officer,1,yes,2-3 years,30-50,0,1,male,divorced/separated,1
no checking account,existing credits paid back duly till now,domestic appliances,... < 100 DM,... >= 7 years,4,none,4,car or other,none,1,skilled employee/official,1,yes,1-2 years,30-50,0,1,male,single,1
... < 100 DM,existing credits paid back duly till now,domestic appliances,... < 100 DM,1 <= ... < 4 years,4,none,4,unknown/no property,none,1,skilled employee/official,1,yes,3-4 years,19-30,0,0,male,single,0
0 <= ... < 200 DM,critical account/other credits existing,car (used),100 <= ... < 500 DM,unemployed,3,none,4,car or other,none,1,skilled employee/official,1,yes,3-4 years,19-30,1,1,male,single,1
